timestamp,I_nA,V_uV,R_uOhm,chip_temp_C,note,elapsed_s,current_adc_status,voltage_adc_status,control_mode,control_enabled,control_fault,control_status,target_current_mA,measured_current_mA,measured_voltage_mV,measured_resistance_ohm,target_temp_C,measured_temp_C,temperature_error_C,temperature_integral_mA,drive_mV,power_uW
2026-08-06 16:27:55.940,275578,41352,150054656,1180.485301,,0.369,0x00,0x00,OFF,0,0,OK,,0.0,0.0,0.0,,0.0,,,0.0,0.0
2026-08-06 16:27:56.884,275572,41351,150054656,1180.485301,,1.313,0x00,0x00,OFF,0,0,OK,,0.0,0.0,0.0,,0.0,,,0.0,0.0
2026-08-06 16:27:57.385,275565,41350,150054512,1180.483780,,1.814,0x00,0x00,OFF,0,0,OK,,0.0,0.0,0.0,,0.0,,,0.0,0.0
2026-08-06 16:27:57.940,275560,41349,150054816,1180.486990,,2.369,0x00,0x00,OFF,0,0,OK,,0.0,0.0,0.0,,0.0,,,0.0,0.0
2026-08-06 16:27:58.885,275558,41349,150054128,1180.479725,,3.314,0x00,0x00,OFF,0,0,OK,,0.0,0.0,0.0,,0.0,,,0.0,0.0
2026-08-06 16:27:59.386,275544,41347,150054416,1180.482766,,3.815,0x00,0x00,OFF,0,0,OK,,0.0,0.0,0.0,,0.0,,,0.0,0.0
2026-08-06 16:27:59.940,275533,41345,150055056,1180.489524,,4.369,0x00,0x00,OFF,0,0,OK,,0.0,0.0,0.0,,0.0,,,0.0,0.0
2026-08-06 16:28:00.885,275527,41344,150054656,1180.485301,,5.315,0x00,0x00,OFF,0,0,OK,,0.0,0.0,0.0,,0.0,,,0.0,0.0
2026-08-06 16:28:01.384,275523,41343,150054416,1180.482766,,5.814,0x00,0x00,CURRENT,0,0,OK,0.3,0.0,0.0,0.0,,0.0,,,0.0,0.0
2026-08-06 16:28:02.226,278725,41830,150076544,1180.716431,,6.655,0x00,0x00,CURRENT,1,0,OK,0.3,0.275,41.0,150.072,,1180.671,,,0.0,11.0
2026-08-06 16:28:03.041,279059,41880,150077488,1180.726399,,7.470,0x00,0x00,CURRENT,1,0,OK,0.3,0.275,41.0,150.072,,1180.671,,,0.0,11.0
2026-08-06 16:28:03.940,279543,41953,150078560,1180.737719,,8.369,0x00,0x00,CURRENT,1,0,OK,0.3,0.276,41.0,150.074,,1180.688,,,0.0,11.0
2026-08-06 16:28:05.255,280344,42074,150080048,1180.753432,,9.684,0x00,0x00,CURRENT,1,0,OK,0.3,0.276,41.0,150.074,,1180.688,,,0.0,11.0
2026-08-06 16:28:06.089,281280,42215,150080480,1180.757993,,10.518,0x00,0x00,CURRENT,1,0,OK,0.3,0.278,42.0,150.077,,1180.717,,,1.0,12.0
2026-08-06 16:28:06.904,282337,42374,150081504,1180.768807,,11.333,0x00,0x00,CURRENT,1,0,OK,0.3,0.278,42.0,150.077,,1180.717,,,1.0,12.0
2026-08-06 16:28:07.719,283512,42550,150082128,1180.775396,,12.148,0x00,0x00,CURRENT,1,0,OK,0.3,0.278,42.0,150.077,,1180.717,,,1.0,12.0
2026-08-06 16:28:08.553,284795,42743,150082656,1180.780971,,12.982,0x00,0x00,CURRENT,1,0,OK,0.3,0.282,42.0,150.08,,1180.754,,,1.0,12.0
2026-08-06 16:28:09.385,286181,42951,150083280,1180.787561,,13.815,0x00,0x00,CURRENT,1,0,OK,0.3,0.282,42.0,150.08,,1180.754,,,1.0,12.0
2026-08-06 16:28:10.220,287663,43174,150084336,1180.798712,,14.649,0x00,0x00,CURRENT,1,0,OK,0.3,0.285,43.0,150.082,,1180.77,,,1.0,12.0
2026-08-06 16:28:11.035,289251,43412,150084736,1180.802935,,15.464,0x00,0x00,CURRENT,1,0,OK,0.3,0.285,43.0,150.082,,1180.77,,,1.0,12.0
2026-08-06 16:28:11.941,290755,43638,150085184,1180.807666,,16.371,0x00,0x00,CURRENT,1,0,OK,0.3,0.288,43.0,150.083,,1180.781,,,1.0,12.0
2026-08-06 16:28:13.256,292342,43876,150085152,1180.807328,,17.686,0x00,0x00,CURRENT,1,0,OK,0.3,0.288,43.0,150.083,,1180.781,,,1.0,12.0
2026-08-06 16:28:14.090,294027,44129,150085872,1180.814931,,18.520,0x00,0x00,CURRENT,1,0,OK,0.3,0.293,44.0,150.084,,1180.796,,,1.0,13.0
2026-08-06 16:28:14.906,295627,44369,150086336,1180.819831,,19.336,0x00,0x00,CURRENT,1,0,OK,0.3,0.293,44.0,150.084,,1180.796,,,1.0,13.0
2026-08-06 16:28:15.720,297146,44598,150086992,1180.826758,,20.150,0x00,0x00,CURRENT,1,0,OK,0.3,0.293,44.0,150.084,,1180.796,,,1.0,13.0
2026-08-06 16:28:16.554,298592,44815,150087536,1180.832503,,20.984,0x00,0x00,CURRENT,1,0,OK,0.3,0.297,45.0,150.085,,1180.811,,,1.0,13.0
2026-08-06 16:28:17.386,300129,45046,150088112,1180.838585,,21.816,0x00,0x00,CURRENT,1,0,OK,0.3,0.297,45.0,150.085,,1180.811,,,1.0,13.0
2026-08-06 16:28:18.221,301594,45266,150088416,1180.841795,,22.650,0x00,0x00,CURRENT,1,0,OK,0.3,0.3,45.0,150.086,,1180.815,,,1.0,14.0
2026-08-06 16:28:19.035,302817,45449,150089104,1180.849060,,23.465,0x00,0x00,CURRENT,1,0,OK,0.3,0.3,45.0,150.086,,1180.815,,,1.0,14.0
2026-08-06 16:28:19.940,303987,45625,150089312,1180.851256,,24.370,0x00,0x00,CURRENT,1,0,OK,0.3,0.303,45.0,150.087,,1180.826,,,1.0,14.0
2026-08-06 16:28:21.255,305094,45791,150089360,1180.851763,,25.685,0x00,0x00,CURRENT,1,0,OK,0.3,0.303,45.0,150.087,,1180.826,,,1.0,14.0
2026-08-06 16:28:22.089,305972,45923,150089776,1180.856156,,26.519,0x00,0x00,CURRENT,1,0,OK,0.3,0.306,46.0,150.087,,1180.826,,,1.0,14.0
2026-08-06 16:28:22.904,306812,46049,150089696,1180.855311,,27.334,0x00,0x00,CURRENT,1,0,OK,0.3,0.306,46.0,150.087,,1180.826,,,1.0,14.0
2026-08-06 16:28:23.719,307609,46169,150090096,1180.859535,,28.149,0x00,0x00,CURRENT,1,0,OK,0.3,0.306,46.0,150.087,,1180.826,,,1.0,14.0
2026-08-06 16:28:24.553,308204,46258,150089888,1180.857339,,28.983,0x00,0x00,CURRENT,1,0,OK,0.3,0.309,46.0,150.088,,1180.836,,,1.0,14.0
2026-08-06 16:28:25.386,308763,46342,150090240,1180.861056,,29.816,0x00,0x00,CURRENT,1,0,OK,0.3,0.309,46.0,150.088,,1180.836,,,1.0,14.0
2026-08-06 16:28:26.220,309126,46397,150090896,1180.867983,,30.650,0x00,0x00,CURRENT,1,0,OK,0.3,0.31,46.0,150.089,,1180.849,,,1.0,14.0
2026-08-06 16:28:27.035,309478,46450,150090912,1180.868152,,31.465,0x00,0x00,CURRENT,1,0,OK,0.3,0.31,46.0,150.089,,1180.849,,,1.0,14.0
2026-08-06 16:28:27.941,309640,46474,150091072,1180.869842,,32.371,0x00,0x00,CURRENT,1,0,OK,0.3,0.31,47.0,150.09,,1180.859,,,1.0,14.0
2026-08-06 16:28:29.256,309632,46473,150090992,1180.868997,,33.686,0x00,0x00,CURRENT,1,0,OK,0.3,0.31,47.0,150.09,,1180.859,,,1.0,14.0
2026-08-06 16:28:30.090,309441,46444,150091200,1180.871193,,34.520,0x00,0x00,CURRENT,1,0,OK,0.3,0.311,47.0,150.09,,1180.857,,,1.0,14.0
2026-08-06 16:28:30.905,309258,46417,150091520,1180.874572,,35.335,0x00,0x00,CURRENT,1,0,OK,0.3,0.311,47.0,150.09,,1180.857,,,1.0,14.0
2026-08-06 16:28:31.720,308915,46366,150092720,1180.887244,,36.150,0x00,0x00,CURRENT,1,0,OK,0.3,0.311,47.0,150.09,,1180.857,,,1.0,14.0
2026-08-06 16:28:32.554,308589,46317,150093440,1180.894847,,36.984,0x00,0x00,CURRENT,1,0,OK,0.3,0.31,46.0,150.091,,1180.867,,,1.0,14.0
2026-08-06 16:28:33.385,308108,46245,150094080,1180.901605,,37.815,0x00,0x00,CURRENT,1,0,OK,0.3,0.31,46.0,150.091,,1180.867,,,1.0,14.0
2026-08-06 16:28:34.219,307658,46178,150094592,1180.907012,,38.649,0x00,0x00,CURRENT,1,0,OK,0.3,0.309,46.0,150.092,,1180.881,,,1.0,14.0
2026-08-06 16:28:35.034,307061,46088,150095120,1180.912587,,39.464,0x00,0x00,CURRENT,1,0,OK,0.3,0.309,46.0,150.092,,1180.881,,,1.0,14.0
2026-08-06 16:28:35.941,306489,46003,150095344,1180.914952,,40.371,0x00,0x00,CURRENT,1,0,OK,0.3,0.308,46.0,150.092,,1180.881,,,0.0,14.0
2026-08-06 16:28:37.256,305788,45897,150095024,1180.911573,,41.686,0x00,0x00,CURRENT,1,0,OK,0.3,0.308,46.0,150.092,,1180.881,,,0.0,14.0
2026-08-06 16:28:38.090,305132,45799,150094704,1180.908194,,42.520,0x00,0x00,CURRENT,1,0,OK,0.3,0.306,46.0,150.093,,1180.889,,,0.0,14.0
2026-08-06 16:28:38.905,304497,45704,150095488,1180.916473,,43.335,0x00,0x00,CURRENT,1,0,OK,0.3,0.306,46.0,150.093,,1180.889,,,0.0,14.0
2026-08-06 16:28:39.720,303894,45613,150096208,1180.924076,,44.150,0x00,0x00,CURRENT,1,0,OK,0.3,0.306,46.0,150.093,,1180.889,,,0.0,14.0
2026-08-06 16:28:40.554,303148,45502,150097216,1180.934720,,44.984,0x00,0x00,CURRENT,1,0,OK,0.3,0.304,46.0,150.094,,1180.906,,,0.0,14.0
2026-08-06 16:28:41.385,302441,45396,150097680,1180.939620,,45.815,0x00,0x00,CURRENT,1,0,OK,0.3,0.304,46.0,150.094,,1180.906,,,0.0,14.0
2026-08-06 16:28:42.219,301767,45295,150098240,1180.945533,,46.649,0x00,0x00,CURRENT,1,0,OK,0.3,0.302,45.0,150.096,,1180.921,,,0.0,14.0
2026-08-06 16:28:43.034,301122,45198,150098976,1180.953305,,47.464,0x00,0x00,CURRENT,1,0,OK,0.3,0.302,45.0,150.096,,1180.921,,,0.0,14.0
2026-08-06 16:28:43.940,300518,45107,150098768,1180.951109,,48.370,0x00,0x00,CURRENT,1,0,OK,0.3,0.301,45.0,150.098,,1180.939,,,0.0,14.0
2026-08-06 16:28:45.255,299943,45021,150098640,1180.949757,,49.685,0x00,0x00,CURRENT,1,0,OK,0.3,0.301,45.0,150.098,,1180.939,,,0.0,14.0
2026-08-06 16:28:46.089,299400,44939,150098688,1180.950264,,50.519,0x00,0x00,CURRENT,1,0,OK,0.3,0.299,45.0,150.098,,1180.94,,,0.0,13.0
2026-08-06 16:28:46.904,298879,44861,150098624,1180.949588,,51.334,0x00,0x00,CURRENT,1,0,OK,0.3,0.299,45.0,150.098,,1180.94,,,0.0,13.0
2026-08-06 16:28:47.719,298383,44787,150099600,1180.959894,,52.149,0x00,0x00,CURRENT,1,0,OK,0.3,0.299,45.0,150.098,,1180.94,,,0.0,13.0
2026-08-06 16:28:48.553,297918,44717,150099776,1180.961753,,52.983,0x00,0x00,CURRENT,1,0,OK,0.3,0.298,45.0,150.099,,1180.953,,,0.0,13.0
2026-08-06 16:28:49.385,297476,44651,150100112,1180.965301,,53.815,0x00,0x00,CURRENT,1,0,OK,0.3,0.298,45.0,150.099,,1180.953,,,0.0,13.0
2026-08-06 16:28:50.219,297051,44588,150100576,1180.970201,,54.648,0x00,0x00,CURRENT,1,0,OK,0.3,0.297,45.0,150.099,,1180.956,,,0.0,13.0
2026-08-06 16:28:51.034,296824,44554,150100960,1180.974256,,55.464,0x00,0x00,CURRENT,1,0,OK,0.3,0.297,45.0,150.099,,1180.956,,,0.0,13.0
2026-08-06 16:28:51.941,296611,44522,150101200,1180.976790,,56.371,0x00,0x00,CURRENT,1,0,OK,0.3,0.296,44.0,150.1,,1180.962,,,0.0,13.0
2026-08-06 16:28:53.256,296413,44492,150101344,1180.978310,,57.686,0x00,0x00,CURRENT,1,0,OK,0.3,0.296,44.0,150.1,,1180.962,,,0.0,13.0
2026-08-06 16:28:54.090,296218,44463,150101248,1180.977297,,58.520,0x00,0x00,CURRENT,1,0,OK,0.3,0.296,44.0,150.101,,1180.97,,,0.0,13.0
2026-08-06 16:28:54.905,296195,44459,150101648,1180.981521,,59.335,0x00,0x00,CURRENT,1,0,OK,0.3,0.296,44.0,150.101,,1180.97,,,0.0,13.0
2026-08-06 16:28:55.720,296176,44457,150102000,1180.985238,,60.150,0x00,0x00,CURRENT,1,0,OK,0.3,0.296,44.0,150.101,,1180.97,,,0.0,13.0
2026-08-06 16:28:56.554,296153,44453,150102176,1180.987096,,60.983,0x00,0x00,CURRENT,1,0,OK,0.3,0.296,44.0,150.102,,1180.988,,,0.0,13.0
2026-08-06 16:28:57.386,296142,44452,150102800,1180.993685,,61.816,0x00,0x00,CURRENT,1,0,OK,0.3,0.296,44.0,150.102,,1180.988,,,0.0,13.0
2026-08-06 16:28:58.220,296306,44476,150103216,1180.998078,,62.650,0x00,0x00,CURRENT,1,0,OK,0.3,0.296,44.0,150.102,,1180.985,,,0.0,13.0
2026-08-06 16:28:59.035,296455,44499,150102640,1180.991996,,63.465,0x00,0x00,CURRENT,1,0,OK,0.3,0.296,44.0,150.102,,1180.985,,,0.0,13.0
2026-08-06 16:28:59.941,296599,44520,150102080,1180.986082,,64.371,0x00,0x00,CURRENT,1,0,OK,0.3,0.296,44.0,150.103,,1180.992,,,1.0,13.0
2026-08-06 16:29:01.256,296732,44540,150102432,1180.989799,,65.685,0x00,0x00,CURRENT,1,0,OK,0.3,0.296,44.0,150.103,,1180.992,,,1.0,13.0
2026-08-06 16:29:02.090,296856,44559,150102464,1180.990137,,66.519,0x00,0x00,CURRENT,1,0,OK,0.3,0.297,45.0,150.102,,1180.986,,,1.0,13.0
2026-08-06 16:29:02.905,297143,44602,150102208,1180.987434,,67.334,0x00,0x00,CURRENT,1,0,OK,0.3,0.297,45.0,150.102,,1180.986,,,1.0,13.0
2026-08-06 16:29:03.720,297409,44642,150102464,1180.990137,,68.149,0x00,0x00,CURRENT,1,0,OK,0.3,0.297,45.0,150.102,,1180.986,,,1.0,13.0
2026-08-06 16:29:04.554,297664,44680,150102240,1180.987772,,68.983,0x00,0x00,CURRENT,1,0,OK,0.3,0.297,45.0,150.102,,1180.989,,,1.0,13.0
2026-08-06 16:29:05.385,297909,44717,150102000,1180.985238,,69.814,0x00,0x00,CURRENT,1,0,OK,0.3,0.297,45.0,150.102,,1180.989,,,1.0,13.0
2026-08-06 16:29:06.219,298139,44751,150101920,1180.984393,,70.648,0x00,0x00,CURRENT,1,0,OK,0.3,0.298,45.0,150.102,,1180.99,,,1.0,13.0
2026-08-06 16:29:07.034,298359,44784,150102368,1180.989124,,71.463,0x00,0x00,CURRENT,1,0,OK,0.3,0.298,45.0,150.102,,1180.99,,,1.0,13.0
2026-08-06 16:29:07.940,298562,44815,150102464,1180.990137,,72.369,0x00,0x00,CURRENT,1,0,OK,0.3,0.298,45.0,150.102,,1180.987,,,1.0,13.0
2026-08-06 16:29:09.255,298925,44869,150102128,1180.986589,,73.684,0x00,0x00,CURRENT,1,0,OK,0.3,0.298,45.0,150.102,,1180.987,,,1.0,13.0
2026-08-06 16:29:10.089,299270,44921,150101856,1180.983717,,74.518,0x00,0x00,CURRENT,1,0,OK,0.3,0.299,45.0,150.101,,1180.975,,,1.0,13.0
2026-08-06 16:29:10.904,299597,44970,150101600,1180.981014,,75.333,0x00,0x00,CURRENT,1,0,OK,0.3,0.299,45.0,150.101,,1180.975,,,1.0,13.0
2026-08-06 16:29:11.719,299905,45016,150101872,1180.983886,,76.148,0x00,0x00,CURRENT,1,0,OK,0.3,0.299,45.0,150.101,,1180.975,,,1.0,13.0
2026-08-06 16:29:12.553,300195,45060,150101632,1180.981352,,76.982,0x00,0x00,CURRENT,1,0,OK,0.3,0.3,45.0,150.102,,1180.981,,,1.0,14.0
2026-08-06 16:29:13.386,300475,45102,150102176,1180.987096,,77.815,0x00,0x00,CURRENT,1,0,OK,0.3,0.3,45.0,150.102,,1180.981,,,1.0,14.0
2026-08-06 16:29:14.219,300736,45141,150102272,1180.988110,,78.649,0x00,0x00,CURRENT,1,0,OK,0.3,0.301,45.0,150.102,,1180.987,,,1.0,14.0
2026-08-06 16:29:15.034,300986,45179,150102336,1180.988786,,79.464,0x00,0x00,CURRENT,1,0,OK,0.3,0.301,45.0,150.102,,1180.987,,,1.0,14.0
2026-08-06 16:29:15.941,301233,45216,150102496,1180.990475,,80.370,0x00,0x00,CURRENT,1,0,OK,0.3,0.301,45.0,150.102,,1180.984,,,1.0,14.0
2026-08-06 16:29:17.255,301301,45226,150102048,1180.985744,,81.685,0x00,0x00,CURRENT,1,0,OK,0.3,0.301,45.0,150.102,,1180.984,,,1.0,14.0
2026-08-06 16:29:18.089,301355,45234,150102064,1180.985913,,82.519,0x00,0x00,CURRENT,1,0,OK,0.3,0.301,45.0,150.101,,1180.976,,,1.0,14.0
2026-08-06 16:29:18.904,301404,45241,150102032,1180.985575,,83.334,0x00,0x00,CURRENT,1,0,OK,0.3,0.301,45.0,150.101,,1180.976,,,1.0,14.0
2026-08-06 16:29:19.719,301463,45250,150101440,1180.979324,,84.149,0x00,0x00,CURRENT,1,0,OK,0.3,0.301,45.0,150.101,,1180.976,,,1.0,14.0
2026-08-06 16:29:20.553,301512,45257,150101600,1180.981014,,84.983,0x00,0x00,CURRENT,1,0,OK,0.3,0.302,45.0,150.102,,1180.986,,,1.0,14.0
2026-08-06 16:29:21.386,301554,45264,150101520,1180.980169,,85.816,0x00,0x00,CURRENT,1,0,OK,0.3,0.302,45.0,150.102,,1180.986,,,1.0,14.0
2026-08-06 16:29:22.220,301589,45269,150101408,1180.978986,,86.650,0x00,0x00,CURRENT,1,0,OK,0.3,0.302,45.0,150.102,,1180.984,,,1.0,14.0
2026-08-06 16:29:23.035,301627,45275,150101664,1180.981690,,87.465,0x00,0x00,CURRENT,1,0,OK,0.3,0.302,45.0,150.102,,1180.984,,,1.0,14.0
2026-08-06 16:29:23.941,301670,45281,150101584,1180.980845,,88.371,0x00,0x00,CURRENT,1,0,OK,0.3,0.302,45.0,150.102,,1180.988,,,1.0,14.0
2026-08-06 16:29:25.256,301707,45287,150101312,1180.977973,,89.686,0x00,0x00,CURRENT,1,0,OK,0.3,0.302,45.0,150.102,,1180.988,,,1.0,14.0
2026-08-06 16:29:26.090,301566,45265,150100928,1180.973918,,90.520,0x00,0x00,CURRENT,1,0,OK,0.3,0.302,45.0,150.102,,1180.98,,,1.0,14.0
2026-08-06 16:29:26.905,301437,45246,150101280,1180.977635,,91.335,0x00,0x00,CURRENT,1,0,OK,0.3,0.302,45.0,150.102,,1180.98,,,1.0,14.0
2026-08-06 16:29:27.720,301319,45228,150101328,1180.978141,,92.150,0x00,0x00,CURRENT,1,0,OK,0.3,0.302,45.0,150.102,,1180.98,,,1.0,14.0
2026-08-06 16:29:28.554,301203,45211,150101248,1180.977297,,92.984,0x00,0x00,CURRENT,1,0,OK,0.3,0.301,45.0,150.102,,1180.982,,,1.0,14.0
2026-08-06 16:29:29.384,301093,45194,150101552,1180.980507,,93.814,0x00,0x00,CURRENT,1,0,OK,0.3,0.301,45.0,150.102,,1180.982,,,1.0,14.0
2026-08-06 16:29:30.218,300981,45178,150101920,1180.984393,,94.648,0x00,0x00,CURRENT,1,0,OK,0.3,0.301,45.0,150.102,,1180.985,,,1.0,14.0
2026-08-06 16:29:31.033,300875,45162,150102304,1180.988448,,95.463,0x00,0x00,CURRENT,1,0,OK,0.3,0.301,45.0,150.102,,1180.985,,,1.0,14.0
2026-08-06 16:29:31.941,300782,45148,150102304,1180.988448,,96.371,0x00,0x00,CURRENT,1,0,OK,0.3,0.301,45.0,150.102,,1180.982,,,1.0,14.0
2026-08-06 16:29:33.256,300692,45135,150102208,1180.987434,,97.686,0x00,0x00,CURRENT,1,0,OK,0.3,0.301,45.0,150.102,,1180.982,,,1.0,14.0
2026-08-06 16:29:34.090,300604,45121,150102304,1180.988448,,98.520,0x00,0x00,CURRENT,1,0,OK,0.3,0.301,45.0,150.102,,1180.981,,,1.0,14.0
2026-08-06 16:29:34.905,300529,45110,150102096,1180.986251,,99.335,0x00,0x00,CURRENT,1,0,OK,0.3,0.301,45.0,150.102,,1180.981,,,1.0,14.0
2026-08-06 16:29:35.720,300452,45098,150102240,1180.987772,,100.150,0x00,0x00,CURRENT,1,0,OK,0.3,0.301,45.0,150.102,,1180.981,,,1.0,14.0
2026-08-06 16:29:36.554,300383,45088,150101824,1180.983379,,100.984,0x00,0x00,CURRENT,1,0,OK,0.3,0.3,45.0,150.103,,1180.991,,,1.0,14.0
2026-08-06 16:29:37.385,300314,45078,150102032,1180.985575,,101.815,0x00,0x00,CURRENT,1,0,OK,0.3,0.3,45.0,150.103,,1180.991,,,1.0,14.0
2026-08-06 16:29:38.219,300249,45068,150102352,1180.988955,,102.649,0x00,0x00,CURRENT,1,0,OK,0.3,0.3,45.0,150.103,,1180.995,,,1.0,14.0
2026-08-06 16:29:39.034,300191,45059,150102320,1180.988617,,103.464,0x00,0x00,CURRENT,1,0,OK,0.3,0.3,45.0,150.103,,1180.995,,,1.0,14.0
2026-08-06 16:29:39.940,300131,45050,150102624,1180.991827,,104.370,0x00,0x00,CURRENT,1,0,OK,0.3,0.3,45.0,150.103,,1180.994,,,1.0,14.0
2026-08-06 16:29:41.255,300076,45042,150102304,1180.988448,,105.685,0x00,0x00,CURRENT,1,0,OK,0.3,0.3,45.0,150.103,,1180.994,,,1.0,14.0
2026-08-06 16:29:42.089,300028,45035,150102016,1180.985407,,106.519,0x00,0x00,CURRENT,1,0,OK,0.3,0.3,45.0,150.102,,1180.984,,,1.0,14.0
2026-08-06 16:29:42.904,299983,45028,150101984,1180.985069,,107.334,0x00,0x00,CURRENT,1,0,OK,0.3,0.3,45.0,150.102,,1180.984,,,1.0,14.0
2026-08-06 16:29:43.719,299943,45022,150101744,1180.982534,,108.149,0x00,0x00,CURRENT,1,0,OK,0.3,0.3,45.0,150.102,,1180.984,,,1.0,14.0
2026-08-06 16:29:44.553,299906,45016,150101584,1180.980845,,108.983,0x00,0x00,CURRENT,1,0,OK,0.3,0.3,45.0,150.101,,1180.979,,,1.0,13.0
2026-08-06 16:29:45.385,299864,45010,150101216,1180.976959,,109.815,0x00,0x00,CURRENT,1,0,OK,0.3,0.3,45.0,150.101,,1180.979,,,1.0,13.0
2026-08-06 16:29:46.219,299824,45004,150101280,1180.977635,,110.649,0x00,0x00,CURRENT,1,0,OK,0.3,0.3,45.0,150.102,,1180.983,,,1.0,13.0
2026-08-06 16:29:47.034,299787,44998,150101584,1180.980845,,111.464,0x00,0x00,CURRENT,1,0,OK,0.3,0.3,45.0,150.102,,1180.983,,,1.0,13.0
2026-08-06 16:29:47.940,299748,44993,150101616,1180.981183,,112.370,0x00,0x00,CURRENT,1,0,OK,0.3,0.3,45.0,150.102,,1180.987,,,1.0,13.0
2026-08-06 16:29:49.255,299704,44986,150101472,1180.979662,,113.685,0x00,0x00,CURRENT,1,0,OK,0.3,0.3,45.0,150.102,,1180.987,,,1.0,13.0
2026-08-06 16:29:50.089,299664,44980,150101344,1180.978310,,114.519,0x00,0x00,CURRENT,1,0,OK,0.3,0.3,45.0,150.101,,1180.973,,,1.0,13.0
2026-08-06 16:29:50.904,299636,44976,150101264,1180.977466,,115.334,0x00,0x00,CURRENT,1,0,OK,0.3,0.3,45.0,150.101,,1180.973,,,1.0,13.0
2026-08-06 16:29:51.719,299607,44971,150101056,1180.975269,,116.149,0x00,0x00,CURRENT,1,0,OK,0.3,0.3,45.0,150.101,,1180.973,,,1.0,13.0
2026-08-06 16:29:52.553,299580,44967,150100976,1180.974424,,116.983,0x00,0x00,CURRENT,1,0,OK,0.3,0.3,45.0,150.1,,1180.967,,,1.0,13.0
2026-08-06 16:29:53.385,299553,44963,150100496,1180.969356,,117.815,0x00,0x00,CURRENT,1,0,OK,0.3,0.3,45.0,150.1,,1180.967,,,1.0,13.0
2026-08-06 16:29:54.219,299524,44959,150100800,1180.972566,,118.649,0x00,0x00,CURRENT,1,0,OK,0.3,0.299,45.0,150.1,,1180.968,,,1.0,13.0
2026-08-06 16:29:55.034,299503,44956,150100688,1180.971383,,119.464,0x00,0x00,CURRENT,1,0,OK,0.3,0.299,45.0,150.1,,1180.968,,,1.0,13.0
2026-08-06 16:29:55.941,299481,44952,150100960,1180.974256,,120.371,0x00,0x00,CURRENT,1,0,OK,0.3,0.299,45.0,150.101,,1180.975,,,1.0,13.0
2026-08-06 16:29:57.256,299478,44952,150100448,1180.968849,,121.686,0x00,0x00,CURRENT,1,0,OK,0.3,0.299,45.0,150.101,,1180.975,,,1.0,13.0
2026-08-06 16:29:58.090,299462,44949,150100192,1180.966146,,122.520,0x00,0x00,CURRENT,1,0,OK,0.3,0.299,45.0,150.101,,1180.973,,,1.0,13.0
2026-08-06 16:29:58.905,299438,44946,150100800,1180.972566,,123.335,0x00,0x00,CURRENT,1,0,OK,0.3,0.299,45.0,150.101,,1180.973,,,1.0,13.0
2026-08-06 16:29:59.720,299414,44942,150101280,1180.977635,,124.150,0x00,0x00,CURRENT,1,0,OK,0.3,0.299,45.0,150.101,,1180.973,,,1.0,13.0
2026-08-06 16:30:00.554,299397,44940,150101616,1180.981183,,124.983,0x00,0x00,CURRENT,1,0,OK,0.3,0.299,45.0,150.101,,1180.979,,,1.0,13.0
2026-08-06 16:30:01.385,299378,44937,150101840,1180.983548,,125.814,0x00,0x00,CURRENT,1,0,OK,0.3,0.299,45.0,150.101,,1180.979,,,1.0,13.0
2026-08-06 16:30:02.219,299357,44934,150101872,1180.983886,,126.648,0x00,0x00,CURRENT,1,0,OK,0.3,0.299,45.0,150.102,,1180.984,,,1.0,13.0
2026-08-06 16:30:03.034,299338,44931,150101936,1180.984562,,127.464,0x00,0x00,CURRENT,1,0,OK,0.3,0.299,45.0,150.102,,1180.984,,,1.0,13.0
2026-08-06 16:30:03.941,299325,44929,150101040,1180.975100,,128.370,0x00,0x00,CURRENT,1,0,OK,0.3,0.299,45.0,150.102,,1180.989,,,1.0,13.0
2026-08-06 16:30:05.256,299307,44926,150101168,1180.976452,,129.686,0x00,0x00,CURRENT,1,0,OK,0.3,0.299,45.0,150.102,,1180.989,,,1.0,13.0
2026-08-06 16:30:06.090,299455,44949,150101056,1180.975269,,130.520,0x00,0x00,CURRENT,1,0,OK,0.3,0.299,45.0,150.102,,1180.984,,,1.0,13.0
2026-08-06 16:30:06.905,299611,44972,150101040,1180.975100,,131.335,0x00,0x00,CURRENT,1,0,OK,0.3,0.299,45.0,150.102,,1180.984,,,1.0,13.0
2026-08-06 16:30:07.720,299750,44993,150100928,1180.973918,,132.150,0x00,0x00,CURRENT,1,0,OK,0.3,0.299,45.0,150.102,,1180.984,,,1.0,13.0
2026-08-06 16:30:08.554,299888,45013,150100368,1180.968004,,132.984,0x00,0x00,CURRENT,1,0,OK,0.3,0.3,45.0,150.102,,1180.981,,,1.0,13.0
2026-08-06 16:30:09.385,300018,45033,150100528,1180.969694,,133.814,0x00,0x00,CURRENT,1,0,OK,0.3,0.3,45.0,150.102,,1180.981,,,1.0,13.0
2026-08-06 16:30:10.219,300137,45051,150100768,1180.972228,,134.649,0x00,0x00,CURRENT,1,0,OK,0.3,0.3,45.0,150.102,,1180.981,,,1.0,14.0
2026-08-06 16:30:11.034,300261,45069,150100944,1180.974087,,135.464,0x00,0x00,CURRENT,1,0,OK,0.3,0.3,45.0,150.102,,1180.981,,,1.0,14.0
2026-08-06 16:30:11.941,300378,45087,150100624,1180.970707,,136.371,0x00,0x00,CURRENT,1,0,OK,0.3,0.3,45.0,150.102,,1180.983,,,1.0,14.0
2026-08-06 16:30:13.256,300490,45104,150100752,1180.972059,,137.685,0x00,0x00,CURRENT,1,0,OK,0.3,0.3,45.0,150.102,,1180.983,,,1.0,14.0
2026-08-06 16:30:14.090,300592,45119,150100960,1180.974256,,138.519,0x00,0x00,CURRENT,1,0,OK,0.3,0.301,45.0,150.102,,1180.983,,,1.0,14.0
2026-08-06 16:30:14.905,300517,45108,150100800,1180.972566,,139.334,0x00,0x00,CURRENT,1,0,OK,0.3,0.301,45.0,150.102,,1180.983,,,1.0,14.0
2026-08-06 16:30:15.720,300443,45097,150100736,1180.971890,,140.149,0x00,0x00,CURRENT,1,0,OK,0.3,0.301,45.0,150.102,,1180.983,,,1.0,14.0
2026-08-06 16:30:16.554,300370,45086,150100624,1180.970707,,140.983,0x00,0x00,CURRENT,1,0,OK,0.3,0.3,45.0,150.102,,1180.982,,,1.0,14.0
2026-08-06 16:30:17.385,300308,45076,150100624,1180.970707,,141.814,0x00,0x00,CURRENT,1,0,OK,0.3,0.3,45.0,150.102,,1180.982,,,1.0,14.0
2026-08-06 16:30:18.219,300250,45068,150100864,1180.973242,,142.648,0x00,0x00,CURRENT,1,0,OK,0.3,0.3,45.0,150.102,,1180.983,,,1.0,14.0
2026-08-06 16:30:19.034,300185,45058,150101056,1180.975269,,143.463,0x00,0x00,CURRENT,1,0,OK,0.3,0.3,45.0,150.102,,1180.983,,,1.0,14.0
2026-08-06 16:30:19.940,300129,45050,150100960,1180.974256,,144.369,0x00,0x00,CURRENT,1,0,OK,0.3,0.3,45.0,150.103,,1180.997,,,1.0,14.0
2026-08-06 16:30:21.255,300069,45041,150101008,1180.974762,,145.684,0x00,0x00,CURRENT,1,0,OK,0.3,0.3,45.0,150.103,,1180.997,,,1.0,14.0
2026-08-06 16:30:22.089,300024,45034,150100816,1180.972735,,146.518,0x00,0x00,CURRENT,1,0,OK,0.3,0.3,45.0,150.103,,1180.995,,,1.0,14.0
2026-08-06 16:30:22.904,299974,45026,150101120,1180.975945,,147.333,0x00,0x00,CURRENT,1,0,OK,0.3,0.3,45.0,150.103,,1180.995,,,1.0,14.0
2026-08-06 16:30:23.719,299930,45020,150101248,1180.977297,,148.148,0x00,0x00,CURRENT,1,0,OK,0.3,0.3,45.0,150.103,,1180.995,,,1.0,14.0
2026-08-06 16:30:24.553,299887,45013,150101280,1180.977635,,148.982,0x00,0x00,CURRENT,1,0,OK,0.3,0.3,45.0,150.103,,1180.998,,,1.0,13.0
2026-08-06 16:30:25.386,299842,45007,150102080,1180.986082,,149.815,0x00,0x00,CURRENT,1,0,OK,0.3,0.3,45.0,150.103,,1180.998,,,1.0,13.0
2026-08-06 16:30:26.220,299803,45001,150102192,1180.987265,,150.649,0x00,0x00,CURRENT,1,0,OK,0.3,0.3,45.0,150.103,,1181.0,,,1.0,13.0
2026-08-06 16:30:27.035,299765,44996,150102736,1180.993009,,151.464,0x00,0x00,CURRENT,1,0,OK,0.3,0.3,45.0,150.103,,1181.0,,,1.0,13.0
2026-08-06 16:30:27.941,299729,44990,150102640,1180.991996,,152.370,0x00,0x00,CURRENT,1,0,OK,0.3,0.3,45.0,150.103,,1181.0,,,1.0,13.0
2026-08-06 16:30:29.256,299688,44984,150102064,1180.985913,,153.685,0x00,0x00,CURRENT,1,0,OK,0.3,0.3,45.0,150.103,,1181.0,,,1.0,13.0
2026-08-06 16:30:30.090,299646,44977,150102064,1180.985913,,154.519,0x00,0x00,CURRENT,1,0,OK,0.3,0.3,45.0,150.103,,1181.0,,,1.0,13.0
2026-08-06 16:30:30.905,299617,44973,150101616,1180.981183,,155.334,0x00,0x00,CURRENT,1,0,OK,0.3,0.3,45.0,150.103,,1181.0,,,1.0,13.0
2026-08-06 16:30:31.720,299586,44969,150102464,1180.990137,,156.149,0x00,0x00,CURRENT,1,0,OK,0.3,0.3,45.0,150.103,,1181.0,,,1.0,13.0
2026-08-06 16:30:32.554,299727,44990,150102304,1180.988448,,156.983,0x00,0x00,CURRENT,1,0,OK,0.3,0.3,45.0,150.104,,1181.007,,,1.0,13.0
2026-08-06 16:30:33.386,299864,45010,150102000,1180.985238,,157.815,0x00,0x00,CURRENT,1,0,OK,0.3,0.3,45.0,150.104,,1181.007,,,1.0,13.0
2026-08-06 16:30:34.220,299990,45029,150102048,1180.985744,,158.649,0x00,0x00,CURRENT,1,0,OK,0.3,0.3,45.0,150.104,,1181.011,,,1.0,13.0
2026-08-06 16:30:35.034,300110,45047,150101952,1180.984731,,159.464,0x00,0x00,CURRENT,1,0,OK,0.3,0.3,45.0,150.104,,1181.011,,,1.0,13.0
2026-08-06 16:30:35.941,300220,45063,150101584,1180.980845,,160.370,0x00,0x00,CURRENT,1,0,OK,0.3,0.3,45.0,150.104,,1181.01,,,1.0,14.0
2026-08-06 16:30:37.255,300328,45080,150101824,1180.983379,,161.685,0x00,0x00,CURRENT,1,0,OK,0.3,0.3,45.0,150.104,,1181.01,,,1.0,14.0
2026-08-06 16:30:38.089,300437,45096,150101936,1180.984562,,162.519,0x00,0x00,CURRENT,1,0,OK,0.3,0.3,45.0,150.104,,1181.003,,,1.0,14.0
2026-08-06 16:30:38.904,300361,45085,150102368,1180.989124,,163.334,0x00,0x00,CURRENT,1,0,OK,0.3,0.3,45.0,150.104,,1181.003,,,1.0,14.0
2026-08-06 16:30:39.720,300292,45075,150102416,1180.989630,,164.149,0x00,0x00,CURRENT,1,0,OK,0.3,0.3,45.0,150.104,,1181.003,,,1.0,14.0
2026-08-06 16:30:40.553,300224,45064,150102288,1180.988279,,164.983,0x00,0x00,CURRENT,1,0,OK,0.3,0.3,45.0,150.103,,1180.995,,,1.0,14.0
2026-08-06 16:30:41.385,300155,45054,150102544,1180.990982,,165.815,0x00,0x00,CURRENT,1,0,OK,0.3,0.3,45.0,150.103,,1180.995,,,1.0,14.0
2026-08-06 16:30:42.219,300093,45045,150102464,1180.990137,,166.649,0x00,0x00,CURRENT,1,0,OK,0.3,0.3,45.0,150.103,,1181.001,,,1.0,14.0
2026-08-06 16:30:43.034,300034,45036,150102656,1180.992165,,167.464,0x00,0x00,CURRENT,1,0,OK,0.3,0.3,45.0,150.103,,1181.001,,,1.0,14.0
2026-08-06 16:30:43.941,299983,45028,150101888,1180.984055,,168.371,0x00,0x00,CURRENT,1,0,OK,0.3,0.3,45.0,150.104,,1181.008,,,1.0,14.0
2026-08-06 16:30:45.256,299934,45021,150101344,1180.978310,,169.686,0x00,0x00,CURRENT,1,0,OK,0.3,0.3,45.0,150.104,,1181.008,,,1.0,14.0
2026-08-06 16:30:46.090,299888,45013,150101120,1180.975945,,170.520,0x00,0x00,CURRENT,1,0,OK,0.3,0.3,45.0,150.104,,1181.003,,,1.0,14.0
2026-08-06 16:30:46.905,299842,45007,150100912,1180.973749,,171.335,0x00,0x00,CURRENT,1,0,OK,0.3,0.3,45.0,150.104,,1181.003,,,1.0,14.0
2026-08-06 16:30:47.720,299801,45001,150101440,1180.979324,,172.150,0x00,0x00,CURRENT,1,0,OK,0.3,0.3,45.0,150.104,,1181.003,,,1.0,14.0
2026-08-06 16:30:48.554,299766,44995,150101552,1180.980507,,172.984,0x00,0x00,CURRENT,1,0,OK,0.3,0.3,45.0,150.104,,1181.004,,,1.0,13.0
2026-08-06 16:30:49.386,299724,44989,150101664,1180.981690,,173.816,0x00,0x00,CURRENT,1,0,OK,0.3,0.3,45.0,150.104,,1181.004,,,1.0,13.0
2026-08-06 16:30:50.220,299687,44984,150102112,1180.986420,,174.650,0x00,0x00,CURRENT,1,0,OK,0.3,0.3,45.0,150.104,,1181.008,,,1.0,13.0
2026-08-06 16:30:51.035,299651,44978,150102208,1180.987434,,175.465,0x00,0x00,CURRENT,1,0,OK,0.3,0.3,45.0,150.104,,1181.008,,,1.0,13.0
2026-08-06 16:30:51.941,299616,44973,150102432,1180.989799,,176.371,0x00,0x00,CURRENT,1,0,OK,0.3,0.3,45.0,150.104,,1181.008,,,1.0,13.0
2026-08-06 16:30:53.256,299756,44994,150102192,1180.987265,,177.686,0x00,0x00,CURRENT,1,0,OK,0.3,0.3,45.0,150.104,,1181.008,,,1.0,13.0
2026-08-06 16:30:54.090,299883,45013,150101856,1180.983717,,178.520,0x00,0x00,CURRENT,1,0,OK,0.3,0.3,45.0,150.104,,1181.002,,,1.0,13.0
2026-08-06 16:30:54.905,300000,45031,150101808,1180.983210,,179.335,0x00,0x00,CURRENT,1,0,OK,0.3,0.3,45.0,150.104,,1181.002,,,1.0,13.0
2026-08-06 16:30:55.720,300118,45048,150101344,1180.978310,,180.150,0x00,0x00,CURRENT,1,0,OK,0.3,0.3,45.0,150.104,,1181.002,,,1.0,13.0
2026-08-06 16:30:56.554,300233,45065,150101264,1180.977466,,180.984,0x00,0x00,CURRENT,1,0,OK,0.3,0.3,45.0,150.103,,1180.999,,,1.0,14.0
2026-08-06 16:30:57.385,300179,45057,150101280,1180.977635,,181.815,0x00,0x00,CURRENT,1,0,OK,0.3,0.3,45.0,150.103,,1180.999,,,1.0,14.0
2026-08-06 16:30:58.219,300125,45049,150101200,1180.976790,,182.649,0x00,0x00,CURRENT,1,0,OK,0.3,0.3,45.0,150.104,,1181.007,,,1.0,14.0
2026-08-06 16:30:59.034,300075,45042,150101616,1180.981183,,183.464,0x00,0x00,CURRENT,1,0,OK,0.3,0.3,45.0,150.104,,1181.007,,,1.0,14.0
2026-08-06 16:30:59.940,300030,45035,150100928,1180.973918,,184.370,0x00,0x00,CURRENT,1,0,OK,0.3,0.3,45.0,150.104,,1181.008,,,1.0,14.0
2026-08-06 16:31:01.255,299984,45028,150100880,1180.973411,,185.685,0x00,0x00,CURRENT,1,0,OK,0.3,0.3,45.0,150.104,,1181.008,,,1.0,14.0
2026-08-06 16:31:02.089,299935,45020,150101008,1180.974762,,186.519,0x00,0x00,CURRENT,1,0,OK,0.5,0.3,45.0,150.103,,1180.997,,,1.0,14.0
2026-08-06 16:31:03.312,336219,50466,150098432,1180.947561,,187.742,0x00,0x00,CURRENT,1,0,OK,0.5,0.3,45.0,150.103,,1180.997,,,1.0,14.0
2026-08-06 16:31:04.146,337903,50718,150097664,1180.939451,,188.576,0x00,0x00,CURRENT,1,0,OK,0.5,0.301,45.0,150.101,,1180.975,,,2.0,14.0
2026-08-06 16:31:04.961,341353,51236,150096224,1180.924245,,189.391,0x00,0x00,CURRENT,1,0,OK,0.5,0.301,45.0,150.101,,1180.975,,,2.0,14.0
2026-08-06 16:31:06.294,347834,52208,150094080,1180.901605,,190.724,0x00,0x00,CURRENT,1,0,OK,0.5,0.316,47.0,150.097,,1180.932,,,4.0,15.0
2026-08-06 16:31:07.109,355676,53384,150091408,1180.873390,,191.539,0x00,0x00,CURRENT,1,0,OK,0.5,0.316,47.0,150.097,,1180.932,,,4.0,15.0
2026-08-06 16:31:07.943,364462,54702,150089168,1180.849736,,192.373,0x00,0x00,CURRENT,1,0,OK,0.5,0.333,50.0,150.092,,1180.882,,,6.0,17.0
2026-08-06 16:31:09.258,375510,56359,150085744,1180.813580,,193.688,0x00,0x00,CURRENT,1,0,OK,0.5,0.333,50.0,150.092,,1180.882,,,6.0,17.0
2026-08-06 16:31:10.092,387193,58111,150082976,1180.784350,,194.522,0x00,0x00,CURRENT,1,0,OK,0.5,0.365,55.0,150.084,,1180.794,,,8.0,20.0
2026-08-06 16:31:10.907,399478,59954,150080000,1180.752925,,195.337,0x00,0x00,CURRENT,1,0,OK,0.5,0.365,55.0,150.084,,1180.794,,,8.0,20.0
2026-08-06 16:31:11.722,412149,61854,150077232,1180.723696,,196.152,0x00,0x00,CURRENT,1,0,OK,0.5,0.365,55.0,150.084,,1180.794,,,8.0,20.0
2026-08-06 16:31:12.556,425032,63786,150074384,1180.693622,,196.986,0x00,0x00,CURRENT,1,0,OK,0.5,0.403,61.0,150.076,,1180.709,,,9.0,24.0
2026-08-06 16:31:13.385,437945,65723,150072192,1180.670475,,197.815,0x00,0x00,CURRENT,1,0,OK,0.5,0.403,61.0,150.076,,1180.709,,,9.0,24.0
2026-08-06 16:31:14.219,450881,67664,150070000,1180.647328,,198.649,0x00,0x00,CURRENT,1,0,OK,0.5,0.43,65.0,150.072,,1180.665,,,10.0,28.0
2026-08-06 16:31:15.034,463685,69584,150068000,1180.626209,,199.464,0x00,0x00,CURRENT,1,0,OK,0.5,0.43,65.0,150.072,,1180.665,,,10.0,28.0
2026-08-06 16:31:15.940,476187,71460,150066208,1180.607286,,200.370,0x00,0x00,CURRENT,1,0,OK,0.5,0.456,69.0,150.068,,1180.624,,,10.0,31.0
2026-08-06 16:31:17.255,488396,73291,150064256,1180.586673,,201.685,0x00,0x00,CURRENT,1,0,OK,0.5,0.456,69.0,150.068,,1180.624,,,10.0,31.0
2026-08-06 16:31:18.089,500165,75056,150062512,1180.568257,,202.519,0x00,0x00,CURRENT,1,0,OK,0.5,0.494,74.0,150.062,,1180.56,,,10.0,37.0
2026-08-06 16:31:18.904,511341,76732,150061104,1180.553389,,203.334,0x00,0x00,CURRENT,1,0,OK,0.5,0.494,74.0,150.062,,1180.56,,,10.0,37.0
2026-08-06 16:31:19.719,521793,78300,150060032,1180.542069,,204.149,0x00,0x00,CURRENT,1,0,OK,0.5,0.494,74.0,150.062,,1180.56,,,10.0,37.0
2026-08-06 16:31:20.553,531383,79739,150058880,1180.529905,,204.983,0x00,0x00,CURRENT,1,0,OK,0.5,0.526,79.0,150.058,,1180.522,,,10.0,42.0
2026-08-06 16:31:21.386,540155,81054,150057872,1180.519260,,205.816,0x00,0x00,CURRENT,1,0,OK,0.5,0.526,79.0,150.058,,1180.522,,,10.0,42.0
2026-08-06 16:31:22.220,548153,82254,150057008,1180.510137,,206.650,0x00,0x00,CURRENT,1,0,OK,0.5,0.544,82.0,150.056,,1180.503,,,10.0,44.0
2026-08-06 16:31:23.035,555245,83318,150056240,1180.502027,,207.465,0x00,0x00,CURRENT,1,0,OK,0.5,0.544,82.0,150.056,,1180.503,,,10.0,44.0
2026-08-06 16:31:23.940,561476,84252,150055024,1180.489187,,208.369,0x00,0x00,CURRENT,1,0,OK,0.5,0.559,84.0,150.055,,1180.489,,,9.0,47.0
2026-08-06 16:31:25.255,566220,84964,150054592,1180.484625,,209.684,0x00,0x00,CURRENT,1,0,OK,0.5,0.559,84.0,150.055,,1180.489,,,9.0,47.0
2026-08-06 16:31:26.089,570048,85538,150054128,1180.479725,,210.519,0x00,0x00,CURRENT,1,0,OK,0.5,0.575,86.0,150.053,,1180.469,,,8.0,50.0
2026-08-06 16:31:26.904,573007,85982,150053552,1180.473643,,211.334,0x00,0x00,CURRENT,1,0,OK,0.5,0.575,86.0,150.053,,1180.469,,,8.0,50.0
2026-08-06 16:31:27.719,575146,86303,150053520,1180.473305,,212.149,0x00,0x00,CURRENT,1,0,OK,0.5,0.575,86.0,150.053,,1180.469,,,8.0,50.0
2026-08-06 16:31:28.553,576504,86506,150053264,1180.470601,,212.982,0x00,0x00,CURRENT,1,0,OK,0.5,0.582,87.0,150.053,,1180.464,,,7.0,51.0
2026-08-06 16:31:29.386,576959,86574,150053152,1180.469419,,213.815,0x00,0x00,CURRENT,1,0,OK,0.5,0.582,87.0,150.053,,1180.464,,,7.0,51.0
2026-08-06 16:31:30.220,576713,86537,150053056,1180.468405,,214.649,0x00,0x00,CURRENT,1,0,OK,0.5,0.583,88.0,150.053,,1180.464,,,7.0,51.0
2026-08-06 16:31:31.035,575801,86401,150052960,1180.467391,,215.465,0x00,0x00,CURRENT,1,0,OK,0.5,0.583,88.0,150.053,,1180.464,,,7.0,51.0
2026-08-06 16:31:31.940,574091,86144,150053376,1180.471784,,216.369,0x00,0x00,CURRENT,1,0,OK,0.5,0.582,87.0,150.053,,1180.465,,,6.0,51.0
2026-08-06 16:31:33.255,571116,85698,150053504,1180.473136,,217.684,0x00,0x00,CURRENT,1,0,OK,0.5,0.582,87.0,150.053,,1180.465,,,6.0,51.0
2026-08-06 16:31:34.089,567621,85174,150053648,1180.474656,,218.519,0x00,0x00,CURRENT,1,0,OK,0.5,0.574,86.0,150.053,,1180.471,,,5.0,49.0
2026-08-06 16:31:34.904,563792,84599,150053936,1180.477698,,219.333,0x00,0x00,CURRENT,1,0,OK,0.5,0.574,86.0,150.053,,1180.471,,,5.0,49.0
2026-08-06 16:31:35.719,559479,83952,150054768,1180.486483,,220.148,0x00,0x00,CURRENT,1,0,OK,0.5,0.574,86.0,150.053,,1180.471,,,5.0,49.0
2026-08-06 16:31:36.553,554875,83262,150055072,1180.489693,,220.983,0x00,0x00,CURRENT,1,0,OK,0.5,0.562,84.0,150.054,,1180.481,,,4.0,47.0
2026-08-06 16:31:37.385,550001,82531,150055680,1180.496114,,221.814,0x00,0x00,CURRENT,1,0,OK,0.5,0.562,84.0,150.054,,1180.481,,,4.0,47.0
2026-08-06 16:31:38.219,544859,81760,150056384,1180.503548,,222.648,0x00,0x00,CURRENT,1,0,OK,0.5,0.552,83.0,150.055,,1180.491,,,4.0,46.0
2026-08-06 16:31:39.034,539629,80975,150056640,1180.506251,,223.464,0x00,0x00,CURRENT,1,0,OK,0.5,0.552,83.0,150.055,,1180.491,,,4.0,46.0
2026-08-06 16:31:39.941,534167,80156,150057088,1180.510982,,224.370,0x00,0x00,CURRENT,1,0,OK,0.5,0.542,81.0,150.056,,1180.505,,,4.0,44.0
2026-08-06 16:31:41.256,528472,79301,150057760,1180.518078,,225.685,0x00,0x00,CURRENT,1,0,OK,0.5,0.542,81.0,150.056,,1180.505,,,4.0,44.0
2026-08-06 16:31:42.089,522888,78464,150058176,1180.522471,,226.519,0x00,0x00,CURRENT,1,0,OK,0.5,0.525,79.0,150.058,,1180.52,,,3.0,41.0
2026-08-06 16:31:42.905,517421,77644,150058976,1180.530918,,227.334,0x00,0x00,CURRENT,1,0,OK,0.5,0.525,79.0,150.058,,1180.52,,,3.0,41.0
2026-08-06 16:31:43.720,512056,76839,150059504,1180.536494,,228.149,0x00,0x00,CURRENT,1,0,OK,0.5,0.525,79.0,150.058,,1180.52,,,3.0,41.0
2026-08-06 16:31:44.554,506791,76049,150060464,1180.546631,,228.983,0x00,0x00,CURRENT,1,0,OK,0.5,0.509,76.0,150.06,,1180.542,,,3.0,39.0
2026-08-06 16:31:45.386,501793,75300,150060960,1180.551869,,229.815,0x00,0x00,CURRENT,1,0,OK,0.5,0.509,76.0,150.06,,1180.542,,,3.0,39.0
2026-08-06 16:31:46.220,497043,74587,150061792,1180.560654,,230.649,0x00,0x00,CURRENT,1,0,OK,0.5,0.499,75.0,150.062,,1180.56,,,3.0,37.0
2026-08-06 16:31:47.035,492698,73935,150062032,1180.563189,,231.464,0x00,0x00,CURRENT,1,0,OK,0.5,0.499,75.0,150.062,,1180.56,,,3.0,37.0
2026-08-06 16:31:47.940,488565,73315,150062016,1180.563020,,232.370,0x00,0x00,CURRENT,1,0,OK,0.5,0.49,74.0,150.063,,1180.574,,,3.0,36.0
2026-08-06 16:31:49.256,484975,72776,150062432,1180.567413,,233.685,0x00,0x00,CURRENT,1,0,OK,0.5,0.49,74.0,150.063,,1180.574,,,3.0,36.0
2026-08-06 16:31:50.090,481735,72291,150063120,1180.574678,,234.519,0x00,0x00,CURRENT,1,0,OK,0.5,0.479,72.0,150.064,,1180.585,,,3.0,34.0
2026-08-06 16:31:50.905,478835,71856,150063632,1180.580084,,235.334,0x00,0x00,CURRENT,1,0,OK,0.5,0.479,72.0,150.064,,1180.585,,,3.0,34.0
2026-08-06 16:31:51.719,476246,71467,150064160,1180.585660,,236.149,0x00,0x00,CURRENT,1,0,OK,0.5,0.479,72.0,150.064,,1180.585,,,3.0,34.0
2026-08-06 16:31:52.553,474122,71149,150064352,1180.587687,,236.983,0x00,0x00,CURRENT,1,0,OK,0.5,0.471,71.0,150.065,,1180.596,,,4.0,33.0
2026-08-06 16:31:53.385,472272,70871,150064640,1180.590728,,237.815,0x00,0x00,CURRENT,1,0,OK,0.5,0.471,71.0,150.065,,1180.596,,,4.0,33.0
2026-08-06 16:31:54.220,470854,70659,150064864,1180.593094,,238.649,0x00,0x00,CURRENT,1,0,OK,0.5,0.468,70.0,150.066,,1180.603,,,4.0,33.0
2026-08-06 16:31:55.035,469834,70506,150065136,1180.595966,,239.464,0x00,0x00,CURRENT,1,0,OK,0.5,0.468,70.0,150.066,,1180.603,,,4.0,33.0
2026-08-06 16:31:55.941,469202,70411,150065152,1180.596135,,240.370,0x00,0x00,CURRENT,1,0,OK,0.5,0.466,70.0,150.066,,1180.606,,,4.0,33.0
2026-08-06 16:31:57.255,469110,70397,150065392,1180.598669,,241.685,0x00,0x00,CURRENT,1,0,OK,0.5,0.466,70.0,150.066,,1180.606,,,4.0,33.0
2026-08-06 16:31:58.090,469358,70434,150065600,1180.600866,,242.519,0x00,0x00,CURRENT,1,0,OK,0.5,0.465,70.0,150.066,,1180.605,,,5.0,32.0
2026-08-06 16:31:58.904,469935,70521,150065440,1180.599176,,243.334,0x00,0x00,CURRENT,1,0,OK,0.5,0.465,70.0,150.066,,1180.605,,,5.0,32.0
2026-08-06 16:31:59.719,470823,70654,150065664,1180.601541,,244.149,0x00,0x00,CURRENT,1,0,OK,0.5,0.465,70.0,150.066,,1180.605,,,5.0,32.0
2026-08-06 16:32:00.553,471831,70805,150065392,1180.598669,,244.983,0x00,0x00,CURRENT,1,0,OK,0.5,0.468,70.0,150.066,,1180.602,,,5.0,33.0
2026-08-06 16:32:01.385,473113,70998,150065088,1180.595459,,245.815,0x00,0x00,CURRENT,1,0,OK,0.5,0.468,70.0,150.066,,1180.602,,,5.0,33.0
2026-08-06 16:32:02.220,474672,71232,150064896,1180.593432,,246.649,0x00,0x00,CURRENT,1,0,OK,0.5,0.47,71.0,150.065,,1180.595,,,5.0,33.0
2026-08-06 16:32:03.034,476323,71479,150064736,1180.591742,,247.464,0x00,0x00,CURRENT,1,0,OK,0.5,0.47,71.0,150.065,,1180.595,,,5.0,33.0
2026-08-06 16:32:03.941,478058,71740,150064720,1180.591573,,248.371,0x00,0x00,CURRENT,1,0,OK,0.5,0.474,71.0,150.065,,1180.593,,,5.0,34.0
2026-08-06 16:32:05.256,480214,72063,150064048,1180.584477,,249.686,0x00,0x00,CURRENT,1,0,OK,0.5,0.474,71.0,150.065,,1180.593,,,5.0,34.0
2026-08-06 16:32:06.090,482432,72396,150063760,1180.581436,,250.520,0x00,0x00,CURRENT,1,0,OK,0.5,0.48,72.0,150.064,,1180.581,,,6.0,35.0
2026-08-06 16:32:06.905,484709,72737,150063392,1180.577550,,251.335,0x00,0x00,CURRENT,1,0,OK,0.5,0.48,72.0,150.064,,1180.581,,,6.0,35.0
2026-08-06 16:32:07.720,487040,73087,150063232,1180.575860,,252.150,0x00,0x00,CURRENT,1,0,OK,0.5,0.48,72.0,150.064,,1180.581,,,6.0,35.0
2026-08-06 16:32:08.554,489248,73418,150062816,1180.571467,,252.984,0x00,0x00,CURRENT,1,0,OK,0.5,0.487,73.0,150.062,,1180.567,,,6.0,36.0
2026-08-06 16:32:09.385,491524,73759,150062624,1180.569440,,253.815,0x00,0x00,CURRENT,1,0,OK,0.5,0.487,73.0,150.062,,1180.567,,,6.0,36.0
2026-08-06 16:32:10.219,493684,74083,150062096,1180.563864,,254.649,0x00,0x00,CURRENT,1,0,OK,0.5,0.491,74.0,150.062,,1180.562,,,6.0,36.0
2026-08-06 16:32:11.034,495909,74417,150061984,1180.562682,,255.464,0x00,0x00,CURRENT,1,0,OK,0.5,0.491,74.0,150.062,,1180.562,,,6.0,36.0
2026-08-06 16:32:11.940,498028,74735,150061488,1180.557444,,256.370,0x00,0x00,CURRENT,1,0,OK,0.5,0.496,74.0,150.062,,1180.558,,,6.0,37.0
2026-08-06 16:32:13.255,500036,75036,150061200,1180.554403,,257.685,0x00,0x00,CURRENT,1,0,OK,0.5,0.496,74.0,150.062,,1180.558,,,6.0,37.0
2026-08-06 16:32:14.089,501945,75322,150060976,1180.552038,,258.519,0x00,0x00,CURRENT,1,0,OK,0.5,0.502,75.0,150.06,,1180.544,,,6.0,38.0
2026-08-06 16:32:14.904,503758,75594,150060512,1180.547138,,259.334,0x00,0x00,CURRENT,1,0,OK,0.5,0.502,75.0,150.06,,1180.544,,,6.0,38.0
2026-08-06 16:32:15.719,505491,75854,150060480,1180.546800,,260.149,0x00,0x00,CURRENT,1,0,OK,0.5,0.502,75.0,150.06,,1180.544,,,6.0,38.0
2026-08-06 16:32:16.553,506962,76075,150060016,1180.541900,,260.983,0x00,0x00,CURRENT,1,0,OK,0.5,0.507,76.0,150.06,,1180.539,,,6.0,39.0
2026-08-06 16:32:17.385,508354,76284,150059920,1180.540887,,261.815,0x00,0x00,CURRENT,1,0,OK,0.5,0.507,76.0,150.06,,1180.539,,,6.0,39.0
2026-08-06 16:32:18.219,509514,76458,150059952,1180.541225,,262.649,0x00,0x00,CURRENT,1,0,OK,0.5,0.51,76.0,150.059,,1180.534,,,6.0,39.0
2026-08-06 16:32:19.034,510617,76623,150060128,1180.543083,,263.464,0x00,0x00,CURRENT,1,0,OK,0.5,0.51,76.0,150.059,,1180.534,,,6.0,39.0
2026-08-06 16:32:19.940,511498,76755,150060224,1180.544097,,264.370,0x00,0x00,CURRENT,1,0,OK,0.5,0.512,77.0,150.059,,1180.534,,,6.0,39.0
2026-08-06 16:32:21.255,512159,76855,150059776,1180.539366,,265.685,0x00,0x00,CURRENT,1,0,OK,0.5,0.512,77.0,150.059,,1180.534,,,6.0,39.0
2026-08-06 16:32:22.089,512619,76923,150059696,1180.538521,,266.519,0x00,0x00,CURRENT,1,0,OK,0.5,0.514,77.0,150.059,,1180.527,,,6.0,40.0
2026-08-06 16:32:22.904,512883,76963,150059456,1180.535987,,267.334,0x00,0x00,CURRENT,1,0,OK,0.5,0.514,77.0,150.059,,1180.527,,,6.0,40.0
2026-08-06 16:32:23.719,512973,76976,150059360,1180.534973,,268.149,0x00,0x00,CURRENT,1,0,OK,0.5,0.514,77.0,150.059,,1180.527,,,6.0,40.0
2026-08-06 16:32:24.553,513060,76990,150059680,1180.538352,,268.983,0x00,0x00,CURRENT,1,0,OK,0.5,0.514,77.0,150.058,,1180.522,,,5.0,40.0
2026-08-06 16:32:25.385,512971,76976,150059872,1180.540380,,269.815,0x00,0x00,CURRENT,1,0,OK,0.5,0.514,77.0,150.058,,1180.522,,,5.0,40.0
2026-08-06 16:32:26.219,512722,76939,150059728,1180.538859,,270.649,0x00,0x00,CURRENT,1,0,OK,0.5,0.514,77.0,150.058,,1180.526,,,5.0,40.0
2026-08-06 16:32:27.034,512474,76902,150059824,1180.539873,,271.464,0x00,0x00,CURRENT,1,0,OK,0.5,0.514,77.0,150.058,,1180.526,,,5.0,40.0
2026-08-06 16:32:27.945,512078,76842,150059696,1180.538521,,272.375,0x00,0x00,CURRENT,1,0,OK,0.5,0.514,77.0,150.059,,1180.531,,,5.0,40.0
2026-08-06 16:32:29.260,511361,76735,150059472,1180.536156,,273.690,0x00,0x00,CURRENT,1,0,OK,0.5,0.514,77.0,150.059,,1180.531,,,5.0,40.0
2026-08-06 16:32:30.094,510680,76632,150059152,1180.532777,,274.524,0x00,0x00,CURRENT,1,0,OK,0.5,0.512,77.0,150.058,,1180.524,,,5.0,39.0
2026-08-06 16:32:30.909,509865,76510,150059088,1180.532101,,275.339,0x00,0x00,CURRENT,1,0,OK,0.5,0.512,77.0,150.058,,1180.524,,,5.0,39.0
2026-08-06 16:32:31.724,509100,76395,150058960,1180.530749,,276.154,0x00,0x00,CURRENT,1,0,OK,0.5,0.512,77.0,150.058,,1180.524,,,5.0,39.0
2026-08-06 16:32:32.558,508205,76261,150059280,1180.534128,,276.988,0x00,0x00,CURRENT,1,0,OK,0.5,0.51,76.0,150.059,,1180.529,,,5.0,39.0
2026-08-06 16:32:33.385,507350,76133,150059712,1180.538690,,277.815,0x00,0x00,CURRENT,1,0,OK,0.5,0.51,76.0,150.059,,1180.529,,,5.0,39.0
2026-08-06 16:32:34.219,506367,75985,150060000,1180.541731,,278.649,0x00,0x00,CURRENT,1,0,OK,0.5,0.508,76.0,150.059,,1180.531,,,5.0,39.0
2026-08-06 16:32:35.034,505438,75846,150059968,1180.541394,,279.464,0x00,0x00,CURRENT,1,0,OK,0.5,0.508,76.0,150.059,,1180.531,,,5.0,39.0
2026-08-06 16:32:35.945,504560,75714,150060000,1180.541731,,280.375,0x00,0x00,CURRENT,1,0,OK,0.5,0.506,76.0,150.059,,1180.533,,,5.0,38.0
2026-08-06 16:32:37.260,503549,75562,150059616,1180.537677,,281.690,0x00,0x00,CURRENT,1,0,OK,0.5,0.506,76.0,150.059,,1180.533,,,5.0,38.0
2026-08-06 16:32:38.094,502595,75419,150059536,1180.536832,,282.524,0x00,0x00,CURRENT,1,0,OK,0.5,0.503,75.0,150.059,,1180.535,,,5.0,38.0
2026-08-06 16:32:38.909,501688,75283,150059808,1180.539704,,283.339,0x00,0x00,CURRENT,1,0,OK,0.5,0.503,75.0,150.059,,1180.535,,,5.0,38.0
2026-08-06 16:32:39.724,500818,75153,150060000,1180.541731,,284.154,0x00,0x00,CURRENT,1,0,OK,0.5,0.503,75.0,150.059,,1180.535,,,5.0,38.0
2026-08-06 16:32:40.558,499994,75029,150059904,1180.540718,,284.988,0x00,0x00,CURRENT,1,0,OK,0.5,0.5,75.0,150.059,,1180.534,,,5.0,38.0
2026-08-06 16:32:41.386,499214,74912,150060160,1180.543421,,285.816,0x00,0x00,CURRENT,1,0,OK,0.5,0.5,75.0,150.059,,1180.534,,,5.0,38.0
2026-08-06 16:32:42.220,498466,74800,150060368,1180.545617,,286.650,0x00,0x00,CURRENT,1,0,OK,0.5,0.499,75.0,150.06,,1180.54,,,5.0,37.0
2026-08-06 16:32:43.036,497756,74694,150060688,1180.548996,,287.466,0x00,0x00,CURRENT,1,0,OK,0.5,0.499,75.0,150.06,,1180.54,,,5.0,37.0
2026-08-06 16:32:43.946,497084,74593,150060512,1180.547138,,288.376,0x00,0x00,CURRENT,1,0,OK,0.5,0.497,75.0,150.06,,1180.539,,,5.0,37.0
2026-08-06 16:32:45.261,496615,74522,150060432,1180.546293,,289.691,0x00,0x00,CURRENT,1,0,OK,0.5,0.497,75.0,150.06,,1180.539,,,5.0,37.0
2026-08-06 16:32:46.095,496167,74455,150060512,1180.547138,,290.525,0x00,0x00,CURRENT,1,0,OK,0.5,0.496,74.0,150.06,,1180.544,,,5.0,37.0
2026-08-06 16:32:46.910,495748,74392,150060736,1180.549503,,291.340,0x00,0x00,CURRENT,1,0,OK,0.5,0.496,74.0,150.06,,1180.544,,,5.0,37.0
2026-08-06 16:32:47.725,495343,74332,150060816,1180.550348,,292.155,0x00,0x00,CURRENT,1,0,OK,0.5,0.496,74.0,150.06,,1180.544,,,5.0,37.0
2026-08-06 16:32:48.559,495131,74300,150060864,1180.550855,,292.989,0x00,0x00,CURRENT,1,0,OK,0.5,0.494,74.0,150.061,,1180.548,,,5.0,37.0
2026-08-06 16:32:49.386,494924,74269,150060736,1180.549503,,293.816,0x00,0x00,CURRENT,1,0,OK,0.5,0.494,74.0,150.061,,1180.548,,,5.0,37.0
2026-08-06 16:32:50.220,494727,74239,150060736,1180.549503,,294.650,0x00,0x00,CURRENT,1,0,OK,0.5,0.494,74.0,150.061,,1180.553,,,5.0,37.0
2026-08-06 16:32:51.035,494703,74236,150060912,1180.551362,,295.465,0x00,0x00,CURRENT,1,0,OK,0.5,0.494,74.0,150.061,,1180.553,,,5.0,37.0
2026-08-06 16:32:51.945,494682,74232,150060672,1180.548828,,296.375,0x00,0x00,CURRENT,1,0,OK,0.5,0.494,74.0,150.061,,1180.552,,,5.0,37.0
2026-08-06 16:32:53.260,494831,74254,150060256,1180.544435,,297.690,0x00,0x00,CURRENT,1,0,OK,0.5,0.494,74.0,150.061,,1180.552,,,5.0,37.0
2026-08-06 16:32:54.094,494967,74275,150060256,1180.544435,,298.524,0x00,0x00,CURRENT,1,0,OK,0.5,0.494,74.0,150.061,,1180.55,,,5.0,37.0
2026-08-06 16:32:54.909,495105,74296,150060432,1180.546293,,299.339,0x00,0x00,CURRENT,1,0,OK,0.5,0.494,74.0,150.061,,1180.55,,,5.0,37.0
2026-08-06 16:32:55.724,495239,74316,150060192,1180.543759,,300.153,0x00,0x00,CURRENT,1,0,OK,0.5,0.494,74.0,150.061,,1180.55,,,5.0,37.0
2026-08-06 16:32:56.558,495532,74360,150060080,1180.542576,,300.988,0x00,0x00,CURRENT,1,0,OK,0.5,0.495,74.0,150.06,,1180.547,,,5.0,37.0
2026-08-06 16:32:57.385,495812,74402,150060192,1180.543759,,301.815,0x00,0x00,CURRENT,1,0,OK,0.5,0.495,74.0,150.06,,1180.547,,,5.0,37.0
2026-08-06 16:32:58.219,496077,74441,150059984,1180.541562,,302.649,0x00,0x00,CURRENT,1,0,OK,0.5,0.495,74.0,150.06,,1180.545,,,5.0,37.0
2026-08-06 16:32:59.034,496331,74480,150060096,1180.542745,,303.464,0x00,0x00,CURRENT,1,0,OK,0.5,0.495,74.0,150.06,,1180.545,,,5.0,37.0
2026-08-06 16:33:00.348,496741,74541,150060288,1180.544773,,304.777,0x00,0x00,CURRENT,1,0,OK,0.5,0.496,74.0,150.06,,1180.542,,,5.0,37.0
2026-08-06 16:33:01.163,497129,74599,150060304,1180.544942,,305.593,0x00,0x00,CURRENT,1,0,OK,0.5,0.496,74.0,150.06,,1180.542,,,5.0,37.0
2026-08-06 16:33:01.997,497499,74655,150060480,1180.546800,,306.427,0x00,0x00,CURRENT,1,0,OK,0.5,0.497,75.0,150.06,,1180.542,,,5.0,37.0
2026-08-06 16:33:02.886,497851,74708,150060160,1180.543421,,307.316,0x00,0x00,CURRENT,1,0,OK,0.5,0.497,75.0,150.06,,1180.542,,,5.0,37.0
2026-08-06 16:33:03.701,498192,74759,150060208,1180.543928,,308.131,0x00,0x00,CURRENT,1,0,OK,0.5,0.497,75.0,150.06,,1180.542,,,5.0,37.0
2026-08-06 16:33:04.535,498680,74832,150059792,1180.539535,,308.965,0x00,0x00,CURRENT,1,0,OK,0.5,0.498,75.0,150.06,,1180.546,,,5.0,37.0
2026-08-06 16:33:05.386,499139,74901,150059600,1180.537508,,309.816,0x00,0x00,CURRENT,1,0,OK,0.5,0.498,75.0,150.06,,1180.546,,,5.0,37.0
2026-08-06 16:33:06.220,499569,74965,150059728,1180.538859,,310.650,0x00,0x00,CURRENT,1,0,OK,0.5,0.499,75.0,150.06,,1180.542,,,5.0,37.0
2026-08-06 16:33:07.035,499984,75027,150059600,1180.537508,,311.465,0x00,0x00,CURRENT,1,0,OK,0.5,0.499,75.0,150.06,,1180.542,,,5.0,37.0
2026-08-06 16:33:07.947,500383,75087,150059472,1180.536156,,312.376,0x00,0x00,CURRENT,1,0,OK,0.5,0.5,75.0,150.06,,1180.541,,,5.0,38.0
2026-08-06 16:33:09.262,500765,75145,150059632,1180.537845,,313.692,0x00,0x00,CURRENT,1,0,OK,0.5,0.5,75.0,150.06,,1180.541,,,5.0,38.0
2026-08-06 16:33:10.096,501128,75199,150059584,1180.537339,,314.525,0x00,0x00,CURRENT,1,0,OK,0.5,0.501,75.0,150.06,,1180.537,,,5.0,38.0
2026-08-06 16:33:10.911,501306,75226,150059632,1180.537845,,315.340,0x00,0x00,CURRENT,1,0,OK,0.5,0.501,75.0,150.06,,1180.537,,,5.0,38.0
2026-08-06 16:33:11.726,501482,75252,150059552,1180.537001,,316.155,0x00,0x00,CURRENT,1,0,OK,0.5,0.501,75.0,150.06,,1180.537,,,5.0,38.0
2026-08-06 16:33:12.560,501643,75276,150059680,1180.538352,,316.990,0x00,0x00,CURRENT,1,0,OK,0.5,0.502,75.0,150.06,,1180.547,,,5.0,38.0
2026-08-06 16:33:13.385,501791,75299,150059760,1180.539197,,317.815,0x00,0x00,CURRENT,1,0,OK,0.5,0.502,75.0,150.06,,1180.547,,,5.0,38.0
2026-08-06 16:33:14.219,501935,75320,150059632,1180.537845,,318.648,0x00,0x00,CURRENT,1,0,OK,0.5,0.502,75.0,150.06,,1180.544,,,5.0,38.0
2026-08-06 16:33:15.034,502062,75339,150059984,1180.541562,,319.463,0x00,0x00,CURRENT,1,0,OK,0.5,0.502,75.0,150.06,,1180.544,,,5.0,38.0
2026-08-06 16:33:16.348,502193,75359,150059952,1180.541225,,320.777,0x00,0x00,CURRENT,1,0,OK,0.5,0.502,75.0,150.06,,1180.547,,,5.0,38.0
2026-08-06 16:33:17.163,502317,75378,150059872,1180.540380,,321.592,0x00,0x00,CURRENT,1,0,OK,0.5,0.502,75.0,150.06,,1180.547,,,5.0,38.0
2026-08-06 16:33:17.997,502264,75369,150059728,1180.538859,,322.426,0x00,0x00,CURRENT,1,0,OK,0.5,0.503,75.0,150.061,,1180.548,,,5.0,38.0
2026-08-06 16:33:18.886,502212,75362,150059472,1180.536156,,323.315,0x00,0x00,CURRENT,1,0,OK,0.5,0.503,75.0,150.061,,1180.548,,,5.0,38.0
2026-08-06 16:33:19.701,502163,75354,150059776,1180.539366,,324.131,0x00,0x00,CURRENT,1,0,OK,0.5,0.503,75.0,150.061,,1180.548,,,5.0,38.0
2026-08-06 16:33:20.535,502117,75348,150060112,1180.542914,,324.964,0x00,0x00,CURRENT,1,0,OK,0.5,0.502,75.0,150.061,,1180.55,,,5.0,38.0
2026-08-06 16:33:21.386,502079,75342,150060096,1180.542745,,325.815,0x00,0x00,CURRENT,1,0,OK,0.5,0.502,75.0,150.061,,1180.55,,,5.0,38.0
2026-08-06 16:33:22.220,502036,75335,150060144,1180.543252,,326.649,0x00,0x00,CURRENT,1,0,OK,0.5,0.502,75.0,150.061,,1180.555,,,5.0,38.0
2026-08-06 16:33:23.035,501996,75330,150060416,1180.546124,,327.464,0x00,0x00,CURRENT,1,0,OK,0.5,0.502,75.0,150.061,,1180.555,,,5.0,38.0
2026-08-06 16:33:23.947,501961,75324,150060048,1180.542238,,328.377,0x00,0x00,CURRENT,1,0,OK,0.5,0.502,75.0,150.061,,1180.557,,,5.0,38.0
2026-08-06 16:33:25.262,501755,75293,150059600,1180.537508,,329.691,0x00,0x00,CURRENT,1,0,OK,0.5,0.502,75.0,150.061,,1180.557,,,5.0,38.0
2026-08-06 16:33:26.096,501563,75264,150059760,1180.539197,,330.525,0x00,0x00,CURRENT,1,0,OK,0.5,0.502,75.0,150.061,,1180.556,,,5.0,38.0
2026-08-06 16:33:26.911,501375,75236,150059744,1180.539028,,331.340,0x00,0x00,CURRENT,1,0,OK,0.5,0.502,75.0,150.061,,1180.556,,,5.0,38.0
2026-08-06 16:33:27.726,501196,75209,150059664,1180.538183,,332.155,0x00,0x00,CURRENT,1,0,OK,0.5,0.502,75.0,150.061,,1180.556,,,5.0,38.0
2026-08-06 16:33:28.560,501024,75184,150059856,1180.540211,,332.989,0x00,0x00,CURRENT,1,0,OK,0.5,0.501,75.0,150.062,,1180.558,,,5.0,38.0
2026-08-06 16:33:29.385,500851,75158,150060176,1180.543590,,333.814,0x00,0x00,CURRENT,1,0,OK,0.5,0.501,75.0,150.062,,1180.558,,,5.0,38.0
2026-08-06 16:33:30.219,500695,75134,150060208,1180.543928,,334.648,0x00,0x00,CURRENT,1,0,OK,0.5,0.501,75.0,150.062,,1180.558,,,5.0,38.0
2026-08-06 16:33:31.033,500550,75113,150060432,1180.546293,,335.463,0x00,0x00,CURRENT,1,0,OK,0.5,0.501,75.0,150.062,,1180.558,,,5.0,38.0
2026-08-06 16:33:32.348,500420,75093,150060416,1180.546124,,336.777,0x00,0x00,CURRENT,1,0,OK,0.5,0.501,75.0,150.062,,1180.561,,,5.0,38.0
2026-08-06 16:33:33.163,500295,75074,150060352,1180.545448,,337.592,0x00,0x00,CURRENT,1,0,OK,0.5,0.501,75.0,150.062,,1180.561,,,5.0,38.0
2026-08-06 16:33:33.997,500181,75057,150060352,1180.545448,,338.426,0x00,0x00,CURRENT,1,0,OK,0.5,0.5,75.0,150.061,,1180.554,,,5.0,38.0
2026-08-06 16:33:34.885,500067,75040,150060656,1180.548659,,339.315,0x00,0x00,CURRENT,1,0,OK,0.5,0.5,75.0,150.061,,1180.554,,,5.0,38.0
2026-08-06 16:33:35.700,499959,75024,150060880,1180.551024,,340.130,0x00,0x00,CURRENT,1,0,OK,0.5,0.5,75.0,150.061,,1180.554,,,5.0,38.0
2026-08-06 16:33:36.534,499856,75009,150061264,1180.555079,,340.964,0x00,0x00,CURRENT,1,0,OK,0.5,0.5,75.0,150.062,,1180.562,,,5.0,37.0
2026-08-06 16:33:37.385,499757,74994,150061344,1180.555924,,341.814,0x00,0x00,CURRENT,1,0,OK,0.5,0.5,75.0,150.062,,1180.562,,,5.0,37.0
2026-08-06 16:33:38.219,499672,74981,150061344,1180.555924,,342.648,0x00,0x00,CURRENT,1,0,OK,0.5,0.5,75.0,150.062,,1180.564,,,5.0,37.0
2026-08-06 16:33:39.033,499592,74970,150061424,1180.556768,,343.463,0x00,0x00,CURRENT,1,0,OK,0.5,0.5,75.0,150.062,,1180.564,,,5.0,37.0
2026-08-06 16:33:39.945,499509,74957,150061664,1180.559303,,344.375,0x00,0x00,CURRENT,1,0,OK,0.5,0.499,75.0,150.063,,1180.569,,,5.0,37.0
2026-08-06 16:33:41.260,499423,74944,150061616,1180.558796,,345.690,0x00,0x00,CURRENT,1,0,OK,0.5,0.499,75.0,150.063,,1180.569,,,5.0,37.0
2026-08-06 16:33:42.095,499351,74933,150061648,1180.559134,,346.524,0x00,0x00,CURRENT,1,0,OK,0.5,0.499,75.0,150.062,,1180.565,,,5.0,37.0
2026-08-06 16:33:42.909,499282,74923,150061472,1180.557275,,347.339,0x00,0x00,CURRENT,1,0,OK,0.5,0.499,75.0,150.062,,1180.565,,,5.0,37.0
2026-08-06 16:33:43.724,499213,74913,150061232,1180.554741,,348.154,0x00,0x00,CURRENT,1,0,OK,0.5,0.499,75.0,150.062,,1180.565,,,5.0,37.0
2026-08-06 16:33:44.558,499149,74903,150061440,1180.556937,,348.988,0x00,0x00,CURRENT,1,0,OK,0.5,0.499,75.0,150.063,,1180.569,,,5.0,37.0
2026-08-06 16:33:45.385,499089,74894,150061456,1180.557106,,349.815,0x00,0x00,CURRENT,1,0,OK,0.5,0.499,75.0,150.063,,1180.569,,,5.0,37.0
2026-08-06 16:33:46.219,499031,74885,150061424,1180.556768,,350.649,0x00,0x00,CURRENT,1,0,OK,0.5,0.499,75.0,150.063,,1180.57,,,5.0,37.0
2026-08-06 16:33:47.034,498975,74877,150061488,1180.557444,,351.464,0x00,0x00,CURRENT,1,0,OK,0.5,0.499,75.0,150.063,,1180.57,,,5.0,37.0
2026-08-06 16:33:47.946,498922,74869,150061456,1180.557106,,352.376,0x00,0x00,CURRENT,1,0,OK,0.5,0.499,75.0,150.062,,1180.567,,,5.0,37.0
2026-08-06 16:33:49.261,499035,74886,150061200,1180.554403,,353.691,0x00,0x00,CURRENT,1,0,OK,0.5,0.499,75.0,150.062,,1180.567,,,5.0,37.0
2026-08-06 16:33:50.095,499141,74902,150061024,1180.552545,,354.525,0x00,0x00,CURRENT,1,0,OK,0.5,0.499,75.0,150.062,,1180.565,,,5.0,37.0
2026-08-06 16:33:50.910,499251,74918,150061168,1180.554065,,355.340,0x00,0x00,CURRENT,1,0,OK,0.5,0.499,75.0,150.062,,1180.565,,,5.0,37.0
2026-08-06 16:33:51.725,499357,74934,150061456,1180.557106,,356.155,0x00,0x00,CURRENT,1,0,OK,0.5,0.499,75.0,150.062,,1180.565,,,5.0,37.0
2026-08-06 16:33:52.559,499449,74948,150061456,1180.557106,,356.989,0x00,0x00,CURRENT,1,0,OK,0.5,0.499,75.0,150.062,,1180.562,,,5.0,37.0
2026-08-06 16:33:53.385,499539,74962,150061488,1180.557444,,357.815,0x00,0x00,CURRENT,1,0,OK,0.5,0.499,75.0,150.062,,1180.562,,,5.0,37.0
2026-08-06 16:33:54.219,499633,74976,150061296,1180.555417,,358.649,0x00,0x00,CURRENT,1,0,OK,0.5,0.499,75.0,150.062,,1180.564,,,5.0,37.0
2026-08-06 16:33:55.034,499719,74988,150061200,1180.554403,,359.464,0x00,0x00,CURRENT,1,0,OK,0.5,0.499,75.0,150.062,,1180.564,,,5.0,37.0
2026-08-06 16:33:56.348,499800,75000,150060768,1180.549841,,360.778,0x00,0x00,CURRENT,1,0,OK,0.5,0.5,75.0,150.063,,1180.57,,,5.0,37.0
2026-08-06 16:33:57.163,499874,75011,150060528,1180.547307,,361.593,0x00,0x00,CURRENT,1,0,OK,0.5,0.5,75.0,150.063,,1180.57,,,5.0,37.0
2026-08-06 16:33:57.997,499946,75022,150060912,1180.551362,,362.427,0x00,0x00,CURRENT,1,0,OK,0.5,0.5,75.0,150.063,,1180.575,,,5.0,37.0
2026-08-06 16:33:58.885,500007,75032,150060848,1180.550686,,363.315,0x00,0x00,CURRENT,1,0,OK,0.5,0.5,75.0,150.063,,1180.575,,,5.0,37.0
2026-08-06 16:33:59.700,500070,75041,150060848,1180.550686,,364.130,0x00,0x00,CURRENT,1,0,OK,0.5,0.5,75.0,150.063,,1180.575,,,5.0,37.0
2026-08-06 16:34:00.534,500132,75050,150060832,1180.550517,,364.964,0x00,0x00,CURRENT,1,0,OK,0.5,0.5,75.0,150.063,,1180.573,,,5.0,38.0
2026-08-06 16:34:01.386,500190,75059,150060928,1180.551531,,365.816,0x00,0x00,CURRENT,1,0,OK,0.5,0.5,75.0,150.063,,1180.573,,,5.0,38.0
2026-08-06 16:34:02.220,500249,75068,150061040,1180.552713,,366.650,0x00,0x00,CURRENT,1,0,OK,0.5,0.5,75.0,150.063,,1180.572,,,5.0,38.0
2026-08-06 16:34:03.035,500299,75075,150061120,1180.553558,,367.465,0x00,0x00,CURRENT,1,0,OK,0.5,0.5,75.0,150.063,,1180.572,,,5.0,38.0
2026-08-06 16:34:04.349,500351,75083,150061008,1180.552376,,368.779,0x00,0x00,CURRENT,1,0,OK,0.5,0.5,75.0,150.063,,1180.571,,,5.0,38.0
2026-08-06 16:34:05.164,500392,75089,150060928,1180.551531,,369.594,0x00,0x00,CURRENT,1,0,OK,0.5,0.5,75.0,150.063,,1180.571,,,5.0,38.0
2026-08-06 16:34:05.998,500435,75096,150060832,1180.550517,,370.428,0x00,0x00,CURRENT,1,0,OK,0.5,0.5,75.0,150.062,,1180.565,,,5.0,38.0
2026-08-06 16:34:06.886,500472,75101,150061024,1180.552545,,371.316,0x00,0x00,CURRENT,1,0,OK,0.5,0.5,75.0,150.062,,1180.565,,,5.0,38.0
2026-08-06 16:34:07.701,500519,75108,150060960,1180.551869,,372.131,0x00,0x00,CURRENT,1,0,OK,0.5,0.5,75.0,150.062,,1180.565,,,5.0,38.0
2026-08-06 16:34:08.535,500563,75115,150060832,1180.550517,,372.965,0x00,0x00,CURRENT,1,0,OK,0.5,0.501,75.0,150.062,,1180.566,,,5.0,38.0
2026-08-06 16:34:09.758,534980,80280,150062096,1180.563864,,374.188,0x00,0x00,CURRENT,1,0,OK,0.7,0.501,75.0,150.062,,1180.566,,,5.0,38.0
2026-08-06 16:34:10.592,536671,80534,150061664,1180.559303,,375.022,0x00,0x00,CURRENT,1,0,OK,0.7,0.503,75.0,150.065,,1180.59,,,7.0,38.0
2026-08-06 16:34:11.407,540129,81052,150060816,1180.550348,,375.837,0x00,0x00,CURRENT,1,0,OK,0.7,0.503,75.0,150.065,,1180.59,,,7.0,38.0
2026-08-06 16:34:12.241,544931,81772,150059952,1180.541225,,376.671,0x00,0x00,CURRENT,1,0,OK,0.7,0.511,77.0,150.063,,1180.573,,,8.0,39.0
2026-08-06 16:34:13.056,551179,82709,150058800,1180.529060,,377.486,0x00,0x00,CURRENT,1,0,OK,0.7,0.511,77.0,150.063,,1180.573,,,8.0,39.0
2026-08-06 16:34:13.950,558633,83827,150057472,1180.515037,,378.380,0x00,0x00,CURRENT,1,0,OK,0.7,0.525,79.0,150.062,,1180.558,,,10.0,41.0
2026-08-06 16:34:15.264,568573,85318,150056064,1180.500169,,379.694,0x00,0x00,CURRENT,1,0,OK,0.7,0.525,79.0,150.062,,1180.558,,,10.0,41.0
2026-08-06 16:34:16.098,579367,86937,150055056,1180.489524,,380.528,0x00,0x00,CURRENT,1,0,OK,0.7,0.554,83.0,150.057,,1180.515,,,12.0,46.0
2026-08-06 16:34:16.913,590805,88653,150053968,1180.478035,,381.343,0x00,0x00,CURRENT,1,0,OK,0.7,0.554,83.0,150.057,,1180.515,,,12.0,46.0
2026-08-06 16:34:17.728,602680,90434,150052736,1180.465026,,382.157,0x00,0x00,CURRENT,1,0,OK,0.7,0.554,83.0,150.057,,1180.515,,,12.0,46.0
2026-08-06 16:34:18.562,614974,92278,150051664,1180.453706,,382.992,0x00,0x00,CURRENT,1,0,OK,0.7,0.59,89.0,150.053,,1180.469,,,13.0,52.0
2026-08-06 16:34:19.385,627495,94156,150050464,1180.441034,,383.815,0x00,0x00,CURRENT,1,0,OK,0.7,0.59,89.0,150.053,,1180.469,,,13.0,52.0
2026-08-06 16:34:20.219,640058,96040,150049216,1180.427856,,384.649,0x00,0x00,CURRENT,1,0,OK,0.7,0.616,92.0,150.051,,1180.442,,,14.0,57.0
2026-08-06 16:34:21.034,652669,97932,150048224,1180.417381,,385.464,0x00,0x00,CURRENT,1,0,OK,0.7,0.616,92.0,150.051,,1180.442,,,14.0,57.0
2026-08-06 16:34:22.348,665494,99855,150047120,1180.405723,,386.777,0x00,0x00,CURRENT,1,0,OK,0.7,0.643,96.0,150.048,,1180.418,,,14.0,62.0
2026-08-06 16:34:23.163,678016,101734,150046064,1180.394572,,387.593,0x00,0x00,CURRENT,1,0,OK,0.7,0.643,96.0,150.048,,1180.418,,,14.0,62.0
2026-08-06 16:34:23.997,690081,103543,150044944,1180.382745,,388.427,0x00,0x00,CURRENT,1,0,OK,0.7,0.681,102.0,150.045,,1180.385,,,15.0,70.0
2026-08-06 16:34:24.885,701536,105261,150043952,1180.372270,,389.315,0x00,0x00,CURRENT,1,0,OK,0.7,0.681,102.0,150.045,,1180.385,,,15.0,70.0
2026-08-06 16:34:25.700,712428,106895,150043056,1180.362808,,390.129,0x00,0x00,CURRENT,1,0,OK,0.7,0.681,102.0,150.045,,1180.385,,,15.0,70.0
2026-08-06 16:34:26.534,722600,108421,150042272,1180.354530,,390.964,0x00,0x00,CURRENT,1,0,OK,0.7,0.715,107.0,150.042,,1180.355,,,15.0,77.0
2026-08-06 16:34:27.386,732101,109846,150041680,1180.348278,,391.815,0x00,0x00,CURRENT,1,0,OK,0.7,0.715,107.0,150.042,,1180.355,,,15.0,77.0
2026-08-06 16:34:28.220,740791,111149,150041040,1180.341520,,392.650,0x00,0x00,CURRENT,1,0,OK,0.7,0.734,110.0,150.041,,1180.342,,,14.0,81.0
2026-08-06 16:34:29.035,748709,112337,150040640,1180.337296,,393.465,0x00,0x00,CURRENT,1,0,OK,0.7,0.734,110.0,150.041,,1180.342,,,14.0,81.0
2026-08-06 16:34:30.349,755219,113313,150040032,1180.330876,,394.779,0x00,0x00,CURRENT,1,0,OK,0.7,0.751,113.0,150.04,,1180.333,,,14.0,85.0
2026-08-06 16:34:31.164,760892,114164,150039744,1180.327835,,395.594,0x00,0x00,CURRENT,1,0,OK,0.7,0.751,113.0,150.04,,1180.333,,,14.0,85.0
2026-08-06 16:34:31.998,765775,114896,150039360,1180.323780,,396.427,0x00,0x00,CURRENT,1,0,OK,0.7,0.769,115.0,150.039,,1180.32,,,13.0,89.0
2026-08-06 16:34:32.886,769744,115492,150039040,1180.320401,,397.315,0x00,0x00,CURRENT,1,0,OK,0.7,0.769,115.0,150.039,,1180.32,,,13.0,89.0
2026-08-06 16:34:33.701,772834,115955,150038864,1180.318542,,398.130,0x00,0x00,CURRENT,1,0,OK,0.7,0.769,115.0,150.039,,1180.32,,,13.0,89.0
2026-08-06 16:34:34.535,774933,116270,150038672,1180.316515,,398.964,0x00,0x00,CURRENT,1,0,OK,0.7,0.78,117.0,150.038,,1180.314,,,12.0,91.0
2026-08-06 16:34:35.386,776247,116467,150038672,1180.316515,,399.816,0x00,0x00,CURRENT,1,0,OK,0.7,0.78,117.0,150.038,,1180.314,,,12.0,91.0
2026-08-06 16:34:36.220,776824,116554,150038752,1180.317360,,400.649,0x00,0x00,CURRENT,1,0,OK,0.7,0.782,117.0,150.038,,1180.31,,,12.0,92.0
2026-08-06 16:34:37.035,776691,116534,150038720,1180.317022,,401.465,0x00,0x00,CURRENT,1,0,OK,0.7,0.782,117.0,150.038,,1180.31,,,12.0,92.0
2026-08-06 16:34:38.349,775056,116288,150038704,1180.316853,,402.778,0x00,0x00,CURRENT,1,0,OK,0.7,0.782,117.0,150.038,,1180.309,,,11.0,92.0
2026-08-06 16:34:39.164,772824,115953,150038704,1180.316853,,403.593,0x00,0x00,CURRENT,1,0,OK,0.7,0.782,117.0,150.038,,1180.309,,,11.0,92.0
2026-08-06 16:34:39.998,770029,115534,150038896,1180.318880,,404.427,0x00,0x00,CURRENT,1,0,OK,0.7,0.777,117.0,150.038,,1180.312,,,10.0,91.0
2026-08-06 16:34:40.885,766695,115034,150038784,1180.317697,,405.314,0x00,0x00,CURRENT,1,0,OK,0.7,0.777,117.0,150.038,,1180.312,,,10.0,91.0
2026-08-06 16:34:41.700,762856,114458,150039088,1180.320908,,406.129,0x00,0x00,CURRENT,1,0,OK,0.7,0.777,117.0,150.038,,1180.312,,,10.0,91.0
2026-08-06 16:34:42.534,758708,113836,150039264,1180.322766,,406.963,0x00,0x00,CURRENT,1,0,OK,0.7,0.766,115.0,150.038,,1180.314,,,9.0,88.0
2026-08-06 16:34:43.385,754261,113169,150039408,1180.324287,,407.814,0x00,0x00,CURRENT,1,0,OK,0.7,0.766,115.0,150.038,,1180.314,,,9.0,88.0
2026-08-06 16:34:44.219,749526,112459,150039792,1180.328342,,408.648,0x00,0x00,CURRENT,1,0,OK,0.7,0.757,114.0,150.039,,1180.321,,,9.0,86.0
2026-08-06 16:34:45.034,744529,111709,150040176,1180.332397,,409.463,0x00,0x00,CURRENT,1,0,OK,0.7,0.757,114.0,150.039,,1180.321,,,9.0,86.0
2026-08-06 16:34:46.348,738936,110870,150040560,1180.336451,,410.777,0x00,0x00,CURRENT,1,0,OK,0.7,0.747,112.0,150.039,,1180.325,,,8.0,84.0
2026-08-06 16:34:47.163,733281,110022,150040864,1180.339662,,411.592,0x00,0x00,CURRENT,1,0,OK,0.7,0.747,112.0,150.039,,1180.325,,,8.0,84.0
2026-08-06 16:34:47.997,727751,109193,150041136,1180.342534,,412.426,0x00,0x00,CURRENT,1,0,OK,0.7,0.731,110.0,150.04,,1180.336,,,8.0,80.0
2026-08-06 16:34:48.885,722150,108352,150041216,1180.343379,,413.315,0x00,0x00,CURRENT,1,0,OK,0.7,0.731,110.0,150.04,,1180.336,,,8.0,80.0
2026-08-06 16:34:49.701,716662,107529,150041664,1180.348109,,414.130,0x00,0x00,CURRENT,1,0,OK,0.7,0.731,110.0,150.04,,1180.336,,,8.0,80.0
2026-08-06 16:34:50.534,711284,106722,150041792,1180.349461,,414.964,0x00,0x00,CURRENT,1,0,OK,0.7,0.715,107.0,150.041,,1180.345,,,8.0,77.0
2026-08-06 16:34:51.386,706178,105956,150041968,1180.351319,,415.815,0x00,0x00,CURRENT,1,0,OK,0.7,0.715,107.0,150.041,,1180.345,,,8.0,77.0
2026-08-06 16:34:52.220,701326,105228,150042160,1180.353347,,416.649,0x00,0x00,CURRENT,1,0,OK,0.7,0.704,106.0,150.042,,1180.355,,,8.0,74.0
2026-08-06 16:34:53.034,696715,104537,150042256,1180.354361,,417.464,0x00,0x00,CURRENT,1,0,OK,0.7,0.704,106.0,150.042,,1180.355,,,8.0,74.0
2026-08-06 16:34:54.348,692505,103905,150042304,1180.354867,,418.778,0x00,0x00,CURRENT,1,0,OK,0.7,0.695,104.0,150.042,,1180.355,,,8.0,72.0
2026-08-06 16:34:55.163,688500,103304,150042544,1180.357402,,419.593,0x00,0x00,CURRENT,1,0,OK,0.7,0.695,104.0,150.042,,1180.355,,,8.0,72.0
2026-08-06 16:34:55.997,684859,102758,150042624,1180.358247,,420.427,0x00,0x00,CURRENT,1,0,OK,0.7,0.683,102.0,150.043,,1180.363,,,8.0,70.0
2026-08-06 16:34:56.885,681571,102265,150042880,1180.360950,,421.315,0x00,0x00,CURRENT,1,0,OK,0.7,0.683,102.0,150.043,,1180.363,,,8.0,70.0
2026-08-06 16:34:57.700,678624,101823,150042816,1180.360274,,422.130,0x00,0x00,CURRENT,1,0,OK,0.7,0.683,102.0,150.043,,1180.363,,,8.0,70.0
2026-08-06 16:34:58.534,676159,101453,150042992,1180.362133,,422.964,0x00,0x00,CURRENT,1,0,OK,0.7,0.674,101.0,150.044,,1180.369,,,8.0,68.0
2026-08-06 16:34:59.385,673984,101127,150043120,1180.363484,,423.815,0x00,0x00,CURRENT,1,0,OK,0.7,0.674,101.0,150.044,,1180.369,,,8.0,68.0
2026-08-06 16:35:00.219,672257,100868,150043072,1180.362977,,424.649,0x00,0x00,CURRENT,1,0,OK,0.7,0.67,101.0,150.044,,1180.371,,,8.0,67.0
2026-08-06 16:35:01.035,670780,100646,150043520,1180.367708,,425.464,0x00,0x00,CURRENT,1,0,OK,0.7,0.67,101.0,150.044,,1180.371,,,8.0,67.0
2026-08-06 16:35:02.348,670051,100537,150043568,1180.368215,,426.778,0x00,0x00,CURRENT,1,0,OK,0.7,0.667,100.0,150.044,,1180.372,,,8.0,67.0
2026-08-06 16:35:03.163,669700,100484,150043728,1180.369904,,427.593,0x00,0x00,CURRENT,1,0,OK,0.7,0.667,100.0,150.044,,1180.372,,,8.0,67.0
2026-08-06 16:35:03.997,669703,100485,150043584,1180.368384,,428.427,0x00,0x00,CURRENT,1,0,OK,0.7,0.666,100.0,150.044,,1180.377,,,9.0,66.0
2026-08-06 16:35:04.886,669883,100512,150043760,1180.370242,,429.316,0x00,0x00,CURRENT,1,0,OK,0.7,0.666,100.0,150.044,,1180.377,,,9.0,66.0
2026-08-06 16:35:05.701,670393,100588,150043808,1180.370749,,430.131,0x00,0x00,CURRENT,1,0,OK,0.7,0.666,100.0,150.044,,1180.377,,,9.0,66.0
2026-08-06 16:35:06.535,671215,100712,150043696,1180.369567,,430.965,0x00,0x00,CURRENT,1,0,OK,0.7,0.667,100.0,150.044,,1180.377,,,9.0,67.0
2026-08-06 16:35:07.385,672331,100879,150043408,1180.366525,,431.815,0x00,0x00,CURRENT,1,0,OK,0.7,0.667,100.0,150.044,,1180.377,,,9.0,67.0
2026-08-06 16:35:08.219,673552,101062,150043520,1180.367708,,432.649,0x00,0x00,CURRENT,1,0,OK,0.7,0.669,100.0,150.044,,1180.375,,,10.0,67.0
2026-08-06 16:35:09.034,675049,101287,150043520,1180.367708,,433.464,0x00,0x00,CURRENT,1,0,OK,0.7,0.669,100.0,150.044,,1180.375,,,10.0,67.0
2026-08-06 16:35:10.348,676980,101577,150043632,1180.368891,,434.778,0x00,0x00,CURRENT,1,0,OK,0.7,0.672,101.0,150.044,,1180.376,,,10.0,68.0
2026-08-06 16:35:11.163,678978,101876,150043264,1180.365005,,435.593,0x00,0x00,CURRENT,1,0,OK,0.7,0.672,101.0,150.044,,1180.376,,,10.0,68.0
2026-08-06 16:35:11.997,681041,102186,150043248,1180.364836,,436.427,0x00,0x00,CURRENT,1,0,OK,0.7,0.678,102.0,150.044,,1180.368,,,10.0,69.0
2026-08-06 16:35:12.885,683177,102506,150043040,1180.362639,,437.315,0x00,0x00,CURRENT,1,0,OK,0.7,0.678,102.0,150.044,,1180.368,,,10.0,69.0
2026-08-06 16:35:13.700,685373,102835,150042768,1180.359767,,438.130,0x00,0x00,CURRENT,1,0,OK,0.7,0.678,102.0,150.044,,1180.368,,,10.0,69.0
2026-08-06 16:35:14.534,687622,103173,150042848,1180.360612,,438.964,0x00,0x00,CURRENT,1,0,OK,0.7,0.684,103.0,150.043,,1180.364,,,10.0,70.0
2026-08-06 16:35:15.386,689756,103493,150042896,1180.361119,,439.816,0x00,0x00,CURRENT,1,0,OK,0.7,0.684,103.0,150.043,,1180.364,,,10.0,70.0
2026-08-06 16:35:16.220,691959,103823,150042448,1180.356388,,440.650,0x00,0x00,CURRENT,1,0,OK,0.7,0.689,103.0,150.043,,1180.362,,,10.0,71.0
2026-08-06 16:35:17.035,694215,104162,150042560,1180.357571,,441.465,0x00,0x00,CURRENT,1,0,OK,0.7,0.689,103.0,150.043,,1180.362,,,10.0,71.0
2026-08-06 16:35:18.349,696358,104483,150042352,1180.355374,,442.779,0x00,0x00,CURRENT,1,0,OK,0.7,0.693,104.0,150.043,,1180.36,,,10.0,72.0
2026-08-06 16:35:19.164,698398,104789,150042256,1180.354361,,443.594,0x00,0x00,CURRENT,1,0,OK,0.7,0.693,104.0,150.043,,1180.36,,,10.0,72.0
2026-08-06 16:35:19.998,700333,105079,150042080,1180.352502,,444.428,0x00,0x00,CURRENT,1,0,OK,0.7,0.7,105.0,150.042,,1180.353,,,10.0,73.0
2026-08-06 16:35:20.886,702177,105356,150041888,1180.350475,,445.316,0x00,0x00,CURRENT,1,0,OK,0.7,0.7,105.0,150.042,,1180.353,,,10.0,73.0
2026-08-06 16:35:21.701,703931,105619,150041632,1180.347771,,446.131,0x00,0x00,CURRENT,1,0,OK,0.7,0.7,105.0,150.042,,1180.353,,,10.0,73.0
2026-08-06 16:35:22.535,705595,105868,150041504,1180.346420,,446.965,0x00,0x00,CURRENT,1,0,OK,0.7,0.705,106.0,150.041,,1180.344,,,10.0,75.0
2026-08-06 16:35:23.385,707001,106080,150041616,1180.347602,,447.815,0x00,0x00,CURRENT,1,0,OK,0.7,0.705,106.0,150.041,,1180.344,,,10.0,75.0
2026-08-06 16:35:24.219,708338,106280,150041504,1180.346420,,448.649,0x00,0x00,CURRENT,1,0,OK,0.7,0.708,106.0,150.041,,1180.34,,,10.0,75.0
2026-08-06 16:35:25.034,709450,106447,150041536,1180.346758,,449.463,0x00,0x00,CURRENT,1,0,OK,0.7,0.708,106.0,150.041,,1180.34,,,10.0,75.0
2026-08-06 16:35:26.348,710332,106579,150041744,1180.348954,,450.778,0x00,0x00,CURRENT,1,0,OK,0.7,0.71,107.0,150.041,,1180.34,,,10.0,76.0
2026-08-06 16:35:27.163,711163,106704,150041632,1180.347771,,451.593,0x00,0x00,CURRENT,1,0,OK,0.7,0.71,107.0,150.041,,1180.34,,,10.0,76.0
2026-08-06 16:35:27.997,711794,106799,150041872,1180.350306,,452.427,0x00,0x00,CURRENT,1,0,OK,0.7,0.713,107.0,150.041,,1180.341,,,10.0,76.0
2026-08-06 16:35:28.886,712226,106863,150041504,1180.346420,,453.315,0x00,0x00,CURRENT,1,0,OK,0.7,0.713,107.0,150.041,,1180.341,,,10.0,76.0
2026-08-06 16:35:29.701,712642,106926,150041392,1180.345237,,454.130,0x00,0x00,CURRENT,1,0,OK,0.7,0.713,107.0,150.041,,1180.341,,,10.0,76.0
2026-08-06 16:35:30.535,712856,106958,150041696,1180.348447,,454.964,0x00,0x00,CURRENT,1,0,OK,0.7,0.714,107.0,150.041,,1180.344,,,10.0,77.0
2026-08-06 16:35:31.386,712893,106964,150041648,1180.347940,,455.815,0x00,0x00,CURRENT,1,0,OK,0.7,0.714,107.0,150.041,,1180.344,,,10.0,77.0
2026-08-06 16:35:32.220,712757,106943,150041536,1180.346758,,456.649,0x00,0x00,CURRENT,1,0,OK,0.7,0.714,107.0,150.042,,1180.347,,,10.0,77.0
2026-08-06 16:35:33.035,712623,106923,150041600,1180.347433,,457.464,0x00,0x00,CURRENT,1,0,OK,0.7,0.714,107.0,150.042,,1180.347,,,10.0,77.0
2026-08-06 16:35:34.349,712167,106855,150041952,1180.351150,,458.778,0x00,0x00,CURRENT,1,0,OK,0.7,0.714,107.0,150.042,,1180.351,,,10.0,76.0
2026-08-06 16:35:35.164,711568,106765,150042176,1180.353516,,459.593,0x00,0x00,CURRENT,1,0,OK,0.7,0.714,107.0,150.042,,1180.351,,,10.0,76.0
2026-08-06 16:35:35.998,710989,106678,150042336,1180.355205,,460.428,0x00,0x00,CURRENT,1,0,OK,0.7,0.712,107.0,150.042,,1180.352,,,10.0,76.0
2026-08-06 16:35:36.886,710280,106572,150042336,1180.355205,,461.315,0x00,0x00,CURRENT,1,0,OK,0.7,0.712,107.0,150.042,,1180.352,,,10.0,76.0
2026-08-06 16:35:37.701,709603,106470,150042432,1180.356219,,462.131,0x00,0x00,CURRENT,1,0,OK,0.7,0.712,107.0,150.042,,1180.352,,,10.0,76.0
2026-08-06 16:35:38.535,708791,106349,150042608,1180.358078,,462.964,0x00,0x00,CURRENT,1,0,OK,0.7,0.71,107.0,150.042,,1180.356,,,9.0,76.0
2026-08-06 16:35:39.384,708018,106233,150042528,1180.357233,,463.814,0x00,0x00,CURRENT,1,0,OK,0.7,0.71,107.0,150.042,,1180.356,,,9.0,76.0
2026-08-06 16:35:40.218,707121,106098,150042608,1180.358078,,464.648,0x00,0x00,CURRENT,1,0,OK,0.7,0.709,106.0,150.042,,1180.357,,,9.0,75.0
2026-08-06 16:35:41.034,706260,105969,150042896,1180.361119,,465.463,0x00,0x00,CURRENT,1,0,OK,0.7,0.709,106.0,150.042,,1180.357,,,9.0,75.0
2026-08-06 16:35:42.347,705280,105822,150042848,1180.360612,,466.777,0x00,0x00,CURRENT,1,0,OK,0.7,0.707,106.0,150.043,,1180.359,,,9.0,75.0
2026-08-06 16:35:43.162,704355,105683,150042848,1180.360612,,467.592,0x00,0x00,CURRENT,1,0,OK,0.7,0.707,106.0,150.043,,1180.359,,,9.0,75.0
2026-08-06 16:35:43.996,703472,105551,150043120,1180.363484,,468.426,0x00,0x00,CURRENT,1,0,OK,0.7,0.704,106.0,150.043,,1180.361,,,9.0,74.0
2026-08-06 16:35:44.886,702461,105399,150042992,1180.362133,,469.315,0x00,0x00,CURRENT,1,0,OK,0.7,0.704,106.0,150.043,,1180.361,,,9.0,74.0
2026-08-06 16:35:45.701,701508,105256,150042896,1180.361119,,470.130,0x00,0x00,CURRENT,1,0,OK,0.7,0.704,106.0,150.043,,1180.361,,,9.0,74.0
2026-08-06 16:35:46.534,700604,105121,150042832,1180.360443,,470.964,0x00,0x00,CURRENT,1,0,OK,0.7,0.701,105.0,150.043,,1180.362,,,9.0,74.0
2026-08-06 16:35:47.385,699743,104992,150043072,1180.362977,,471.815,0x00,0x00,CURRENT,1,0,OK,0.7,0.701,105.0,150.043,,1180.362,,,9.0,74.0
2026-08-06 16:35:48.220,698930,104870,150043328,1180.365681,,472.649,0x00,0x00,CURRENT,1,0,OK,0.7,0.699,105.0,150.043,,1180.364,,,9.0,73.0
2026-08-06 16:35:49.034,698160,104754,150043312,1180.365512,,473.464,0x00,0x00,CURRENT,1,0,OK,0.7,0.699,105.0,150.043,,1180.364,,,9.0,73.0
2026-08-06 16:35:50.348,697595,104670,150043648,1180.369060,,474.778,0x00,0x00,CURRENT,1,0,OK,0.7,0.698,105.0,150.043,,1180.366,,,9.0,73.0
2026-08-06 16:35:51.163,697057,104589,150043536,1180.367877,,475.593,0x00,0x00,CURRENT,1,0,OK,0.7,0.698,105.0,150.043,,1180.366,,,9.0,73.0
2026-08-06 16:35:51.997,696547,104512,150043600,1180.368553,,476.427,0x00,0x00,CURRENT,1,0,OK,0.7,0.696,104.0,150.043,,1180.367,,,9.0,73.0
2026-08-06 16:35:52.885,696059,104439,150043216,1180.364498,,477.315,0x00,0x00,CURRENT,1,0,OK,0.7,0.696,104.0,150.043,,1180.367,,,9.0,73.0
2026-08-06 16:35:53.700,695598,104370,150043184,1180.364160,,478.130,0x00,0x00,CURRENT,1,0,OK,0.7,0.696,104.0,150.043,,1180.367,,,9.0,73.0
2026-08-06 16:35:54.534,695323,104329,150043424,1180.366694,,478.964,0x00,0x00,CURRENT,1,0,OK,0.7,0.695,104.0,150.044,,1180.369,,,9.0,72.0
2026-08-06 16:35:55.384,695064,104290,150043680,1180.369398,,479.814,0x00,0x00,CURRENT,1,0,OK,0.7,0.695,104.0,150.044,,1180.369,,,9.0,72.0
2026-08-06 16:35:56.218,694815,104253,150043840,1180.371087,,480.648,0x00,0x00,CURRENT,1,0,OK,0.7,0.694,104.0,150.044,,1180.369,,,9.0,72.0
2026-08-06 16:35:57.033,694752,104243,150044032,1180.373115,,481.463,0x00,0x00,CURRENT,1,0,OK,0.7,0.694,104.0,150.044,,1180.369,,,9.0,72.0
2026-08-06 16:35:58.347,694681,104233,150043872,1180.371425,,482.777,0x00,0x00,CURRENT,1,0,OK,0.7,0.694,104.0,150.044,,1180.369,,,9.0,72.0
2026-08-06 16:35:59.162,694785,104248,150043824,1180.370918,,483.592,0x00,0x00,CURRENT,1,0,OK,0.7,0.694,104.0,150.044,,1180.369,,,9.0,72.0
2026-08-06 16:35:59.996,694879,104262,150043888,1180.371594,,484.426,0x00,0x00,CURRENT,1,0,OK,0.7,0.694,104.0,150.043,,1180.367,,,10.0,72.0
2026-08-06 16:36:00.885,694972,104276,150043920,1180.371932,,485.315,0x00,0x00,CURRENT,1,0,OK,0.7,0.694,104.0,150.043,,1180.367,,,10.0,72.0
2026-08-06 16:36:01.700,695071,104291,150044048,1180.373284,,486.130,0x00,0x00,CURRENT,1,0,OK,0.7,0.694,104.0,150.043,,1180.367,,,10.0,72.0
2026-08-06 16:36:02.534,695325,104329,150043968,1180.372439,,486.964,0x00,0x00,CURRENT,1,0,OK,0.7,0.695,104.0,150.044,,1180.369,,,10.0,72.0
2026-08-06 16:36:03.385,695569,104366,150043840,1180.371087,,487.815,0x00,0x00,CURRENT,1,0,OK,0.7,0.695,104.0,150.044,,1180.369,,,10.0,72.0
2026-08-06 16:36:04.219,695792,104399,150044032,1180.373115,,488.649,0x00,0x00,CURRENT,1,0,OK,0.7,0.695,104.0,150.044,,1180.368,,,10.0,72.0
2026-08-06 16:36:05.034,696181,104458,150044208,1180.374973,,489.464,0x00,0x00,CURRENT,1,0,OK,0.7,0.695,104.0,150.044,,1180.368,,,10.0,72.0
2026-08-06 16:36:06.348,696549,104513,150043968,1180.372439,,490.778,0x00,0x00,CURRENT,1,0,OK,0.7,0.696,104.0,150.044,,1180.369,,,10.0,73.0
2026-08-06 16:36:07.163,696904,104566,150043648,1180.369060,,491.593,0x00,0x00,CURRENT,1,0,OK,0.7,0.696,104.0,150.044,,1180.369,,,10.0,73.0
2026-08-06 16:36:07.997,697233,104615,150043696,1180.369567,,492.427,0x00,0x00,CURRENT,1,0,OK,0.7,0.697,105.0,150.044,,1180.368,,,10.0,73.0
2026-08-06 16:36:08.886,697550,104663,150043360,1180.366019,,493.316,0x00,0x00,CURRENT,1,0,OK,0.7,0.697,105.0,150.044,,1180.368,,,10.0,73.0
2026-08-06 16:36:09.701,698011,104732,150043296,1180.365343,,494.131,0x00,0x00,CURRENT,1,0,OK,0.7,0.697,105.0,150.044,,1180.368,,,10.0,73.0
2026-08-06 16:36:10.535,698450,104798,150043280,1180.365174,,494.965,0x00,0x00,CURRENT,1,0,OK,0.7,0.698,105.0,150.043,,1180.366,,,10.0,73.0
2026-08-06 16:36:11.386,698870,104861,150043136,1180.363653,,495.816,0x00,0x00,CURRENT,1,0,OK,0.7,0.698,105.0,150.043,,1180.366,,,10.0,73.0
2026-08-06 16:36:12.220,699259,104919,150043072,1180.362977,,496.650,0x00,0x00,CURRENT,1,0,OK,0.7,0.699,105.0,150.043,,1180.367,,,10.0,73.0
2026-08-06 16:36:13.035,699641,104976,150043280,1180.365174,,497.465,0x00,0x00,CURRENT,1,0,OK,0.7,0.699,105.0,150.043,,1180.367,,,10.0,73.0
2026-08-06 16:36:14.349,700003,105031,150043136,1180.363653,,498.779,0x00,0x00,CURRENT,1,0,OK,0.7,0.7,105.0,150.043,,1180.367,,,10.0,73.0
2026-08-06 16:36:15.164,700347,105082,150042976,1180.361964,,499.594,0x00,0x00,CURRENT,1,0,OK,0.7,0.7,105.0,150.043,,1180.367,,,10.0,73.0
2026-08-06 16:36:15.998,700674,105131,150042752,1180.359598,,500.428,0x00,0x00,CURRENT,1,0,OK,0.7,0.701,105.0,150.043,,1180.367,,,10.0,74.0
2026-08-06 16:36:16.886,700981,105177,150042480,1180.356726,,501.316,0x00,0x00,CURRENT,1,0,OK,0.7,0.701,105.0,150.043,,1180.367,,,10.0,74.0
2026-08-06 16:36:17.701,701288,105223,150042032,1180.351995,,502.131,0x00,0x00,CURRENT,1,0,OK,0.7,0.701,105.0,150.043,,1180.367,,,10.0,74.0
2026-08-06 16:36:18.535,701571,105265,150042000,1180.351657,,502.965,0x00,0x00,CURRENT,1,0,OK,0.7,0.702,105.0,150.043,,1180.364,,,10.0,74.0
2026-08-06 16:36:19.386,701838,105305,150041840,1180.349968,,503.816,0x00,0x00,CURRENT,1,0,OK,0.7,0.702,105.0,150.043,,1180.364,,,10.0,74.0
2026-08-06 16:36:20.220,701925,105318,150041696,1180.348447,,504.650,0x00,0x00,CURRENT,1,0,OK,0.7,0.702,105.0,150.043,,1180.36,,,10.0,74.0
2026-08-06 16:36:21.035,702009,105331,150041664,1180.348109,,505.464,0x00,0x00,CURRENT,1,0,OK,0.7,0.702,105.0,150.043,,1180.36,,,10.0,74.0
2026-08-06 16:36:22.349,702091,105343,150041584,1180.347265,,506.778,0x00,0x00,CURRENT,1,0,OK,0.7,0.702,105.0,150.043,,1180.359,,,10.0,74.0
2026-08-06 16:36:23.164,702173,105355,150041536,1180.346758,,507.593,0x00,0x00,CURRENT,1,0,OK,0.7,0.702,105.0,150.043,,1180.359,,,10.0,74.0
2026-08-06 16:36:23.998,702245,105366,150041440,1180.345744,,508.428,0x00,0x00,CURRENT,1,0,OK,0.7,0.702,105.0,150.042,,1180.357,,,10.0,74.0
2026-08-06 16:36:24.886,702315,105376,150041328,1180.344561,,509.315,0x00,0x00,CURRENT,1,0,OK,0.7,0.702,105.0,150.042,,1180.357,,,10.0,74.0
2026-08-06 16:36:25.701,702380,105386,150041200,1180.343210,,510.130,0x00,0x00,CURRENT,1,0,OK,0.7,0.702,105.0,150.042,,1180.357,,,10.0,74.0
2026-08-06 16:36:26.535,702275,105370,150041184,1180.343041,,510.964,0x00,0x00,CURRENT,1,0,OK,0.7,0.703,105.0,150.042,,1180.352,,,10.0,74.0
2026-08-06 16:36:27.385,702173,105355,150041152,1180.342703,,511.814,0x00,0x00,CURRENT,1,0,OK,0.7,0.703,105.0,150.042,,1180.352,,,10.0,74.0
2026-08-06 16:36:28.219,702079,105341,150041456,1180.345913,,512.648,0x00,0x00,CURRENT,1,0,OK,0.7,0.702,105.0,150.042,,1180.355,,,10.0,74.0
2026-08-06 16:36:29.034,701991,105328,150041568,1180.347096,,513.463,0x00,0x00,CURRENT,1,0,OK,0.7,0.702,105.0,150.042,,1180.355,,,10.0,74.0
2026-08-06 16:36:30.348,701902,105315,150041600,1180.347433,,514.777,0x00,0x00,CURRENT,1,0,OK,0.7,0.702,105.0,150.042,,1180.357,,,10.0,74.0
2026-08-06 16:36:31.163,701814,105301,150041648,1180.347940,,515.592,0x00,0x00,CURRENT,1,0,OK,0.7,0.702,105.0,150.042,,1180.357,,,10.0,74.0
2026-08-06 16:36:31.997,701738,105290,150041792,1180.349461,,516.426,0x00,0x00,CURRENT,1,0,OK,0.7,0.702,105.0,150.042,,1180.357,,,10.0,74.0
2026-08-06 16:36:32.885,701666,105279,150041984,1180.351488,,517.314,0x00,0x00,CURRENT,1,0,OK,0.7,0.702,105.0,150.042,,1180.357,,,10.0,74.0
2026-08-06 16:36:33.700,701425,105243,150041808,1180.349630,,518.129,0x00,0x00,CURRENT,1,0,OK,0.7,0.702,105.0,150.042,,1180.357,,,10.0,74.0
2026-08-06 16:36:34.534,701195,105208,150041616,1180.347602,,518.963,0x00,0x00,CURRENT,1,0,OK,0.7,0.701,105.0,150.042,,1180.354,,,10.0,74.0
2026-08-06 16:36:35.385,700977,105176,150041712,1180.348616,,519.814,0x00,0x00,CURRENT,1,0,OK,0.7,0.701,105.0,150.042,,1180.354,,,10.0,74.0
2026-08-06 16:36:36.219,700770,105145,150041824,1180.349799,,520.649,0x00,0x00,CURRENT,1,0,OK,0.7,0.701,105.0,150.043,,1180.357,,,10.0,74.0
2026-08-06 16:36:37.034,700576,105116,150041840,1180.349968,,521.463,0x00,0x00,CURRENT,1,0,OK,0.7,0.701,105.0,150.043,,1180.357,,,10.0,74.0
2026-08-06 16:36:38.348,700386,105087,150041536,1180.346758,,522.777,0x00,0x00,CURRENT,1,0,OK,0.7,0.701,105.0,150.043,,1180.358,,,10.0,74.0
2026-08-06 16:36:39.163,700208,105060,150041424,1180.345575,,523.592,0x00,0x00,CURRENT,1,0,OK,0.7,0.701,105.0,150.043,,1180.358,,,10.0,74.0
2026-08-06 16:36:39.997,700042,105035,150041376,1180.345068,,524.426,0x00,0x00,CURRENT,1,0,OK,0.7,0.7,105.0,150.042,,1180.354,,,10.0,74.0
2026-08-06 16:36:40.885,699884,105012,150041344,1180.344730,,525.315,0x00,0x00,CURRENT,1,0,OK,0.7,0.7,105.0,150.042,,1180.354,,,10.0,74.0
2026-08-06 16:36:41.700,699733,104989,150041376,1180.345068,,526.130,0x00,0x00,CURRENT,1,0,OK,0.7,0.7,105.0,150.042,,1180.354,,,10.0,74.0
2026-08-06 16:36:42.535,699590,104968,150041760,1180.349123,,526.964,0x00,0x00,CURRENT,1,0,OK,0.7,0.7,105.0,150.042,,1180.355,,,10.0,73.0
2026-08-06 16:36:43.386,699452,104947,150041696,1180.348447,,527.815,0x00,0x00,CURRENT,1,0,OK,0.7,0.7,105.0,150.042,,1180.355,,,10.0,73.0
2026-08-06 16:36:44.220,699324,104928,150041776,1180.349292,,528.649,0x00,0x00,CURRENT,1,0,OK,0.7,0.699,105.0,150.043,,1180.358,,,10.0,73.0
2026-08-06 16:36:45.035,699190,104908,150042048,1180.352164,,529.464,0x00,0x00,CURRENT,1,0,OK,0.7,0.699,105.0,150.043,,1180.358,,,10.0,73.0
2026-08-06 16:36:46.348,699064,104889,150042128,1180.353009,,530.778,0x00,0x00,CURRENT,1,0,OK,0.7,0.699,105.0,150.043,,1180.362,,,10.0,73.0
2026-08-06 16:36:47.163,698948,104872,150042208,1180.353854,,531.593,0x00,0x00,CURRENT,1,0,OK,0.7,0.699,105.0,150.043,,1180.362,,,10.0,73.0
2026-08-06 16:36:47.997,699006,104880,150042176,1180.353516,,532.427,0x00,0x00,CURRENT,1,0,OK,0.7,0.699,105.0,150.043,,1180.359,,,10.0,73.0
2026-08-06 16:36:48.885,699066,104889,150042272,1180.354530,,533.315,0x00,0x00,CURRENT,1,0,OK,0.7,0.699,105.0,150.043,,1180.359,,,10.0,73.0
2026-08-06 16:36:49.700,699124,104898,150042144,1180.353178,,534.130,0x00,0x00,CURRENT,1,0,OK,0.7,0.699,105.0,150.043,,1180.359,,,10.0,73.0
2026-08-06 16:36:50.534,699187,104908,150042224,1180.354023,,534.964,0x00,0x00,CURRENT,1,0,OK,0.7,0.699,105.0,150.043,,1180.361,,,10.0,73.0
2026-08-06 16:36:51.386,699242,104916,150042544,1180.357402,,535.815,0x00,0x00,CURRENT,1,0,OK,1.0,0.699,105.0,150.043,,1180.361,,,10.0,73.0
2026-08-06 16:36:52.627,754418,113188,150033408,1180.260929,,537.057,0x00,0x00,CURRENT,1,0,OK,1.0,0.7,105.0,150.043,,1180.362,,,11.0,74.0
2026-08-06 16:36:53.442,756946,113567,150033664,1180.263632,,537.872,0x00,0x00,CURRENT,1,0,OK,1.0,0.7,105.0,150.043,,1180.362,,,11.0,74.0
2026-08-06 16:36:54.757,764398,114685,150033408,1180.260929,,539.187,0x00,0x00,CURRENT,1,0,OK,1.0,0.708,106.0,150.042,,1180.356,,,13.0,75.0
2026-08-06 16:36:55.572,774003,116126,150033104,1180.257719,,540.002,0x00,0x00,CURRENT,1,0,OK,1.0,0.708,106.0,150.042,,1180.356,,,13.0,75.0
2026-08-06 16:36:56.406,785489,117849,150032928,1180.255860,,540.836,0x00,0x00,CURRENT,1,0,OK,1.0,0.737,111.0,150.04,,1180.336,,,16.0,81.0
2026-08-06 16:36:57.221,798597,119816,150032672,1180.253157,,541.651,0x00,0x00,CURRENT,1,0,OK,1.0,0.737,111.0,150.04,,1180.336,,,16.0,81.0
2026-08-06 16:36:58.055,813071,121987,150032432,1180.250622,,542.485,0x00,0x00,CURRENT,1,0,OK,1.0,0.765,115.0,150.039,,1180.317,,,18.0,88.0
2026-08-06 16:36:58.885,828664,124326,150031904,1180.245047,,543.315,0x00,0x00,CURRENT,1,0,OK,1.0,0.765,115.0,150.039,,1180.317,,,18.0,88.0
2026-08-06 16:36:59.700,845336,126827,150031248,1180.238120,,544.130,0x00,0x00,CURRENT,1,0,OK,1.0,0.765,115.0,150.039,,1180.317,,,18.0,88.0
2026-08-06 16:37:00.534,862849,129454,150030768,1180.233051,,544.964,0x00,0x00,CURRENT,1,0,OK,1.0,0.816,122.0,150.036,,1180.289,,,21.0,100.0
2026-08-06 16:37:01.386,880831,132151,150030240,1180.227476,,545.816,0x00,0x00,CURRENT,1,0,OK,1.0,0.816,122.0,150.036,,1180.289,,,21.0,100.0
2026-08-06 16:37:02.220,899258,134915,150029680,1180.221562,,546.650,0x00,0x00,CURRENT,1,0,OK,1.0,0.855,128.0,150.035,,1180.274,,,22.0,110.0
2026-08-06 16:37:03.035,917766,137692,150029152,1180.215987,,547.465,0x00,0x00,CURRENT,1,0,OK,1.0,0.855,128.0,150.035,,1180.274,,,22.0,110.0
2026-08-06 16:37:04.349,937202,140607,150028592,1180.210073,,548.779,0x00,0x00,CURRENT,1,0,OK,1.0,0.894,134.0,150.033,,1180.256,,,23.0,120.0
2026-08-06 16:37:05.164,956169,143452,150027984,1180.203653,,549.594,0x00,0x00,CURRENT,1,0,OK,1.0,0.894,134.0,150.033,,1180.256,,,23.0,120.0
2026-08-06 16:37:05.998,974526,146206,150027344,1180.196895,,550.428,0x00,0x00,CURRENT,1,0,OK,1.0,0.953,143.0,150.031,,1180.232,,,24.0,136.0
2026-08-06 16:37:06.885,992306,148872,150026816,1180.191319,,551.315,0x00,0x00,CURRENT,1,0,OK,1.0,0.953,143.0,150.031,,1180.232,,,24.0,136.0
2026-08-06 16:37:07.700,1009355,151430,150026336,1180.186251,,552.130,0x00,0x00,CURRENT,1,0,OK,1.0,0.953,143.0,150.031,,1180.232,,,24.0,136.0
2026-08-06 16:37:08.534,1025390,153835,150025824,1180.180844,,552.964,0x00,0x00,CURRENT,1,0,OK,1.0,1.006,151.0,150.029,,1180.212,,,24.0,152.0
2026-08-06 16:37:09.386,1040445,156093,150025568,1180.178141,,553.816,0x00,0x00,CURRENT,1,0,OK,1.0,1.006,151.0,150.029,,1180.212,,,24.0,152.0
2026-08-06 16:37:10.220,1054415,158189,150025408,1180.176451,,554.650,0x00,0x00,CURRENT,1,0,OK,1.0,1.038,156.0,150.028,,1180.202,,,24.0,162.0
2026-08-06 16:37:11.035,1067185,160105,150025120,1180.173410,,555.465,0x00,0x00,CURRENT,1,0,OK,1.0,1.038,156.0,150.028,,1180.202,,,24.0,162.0
2026-08-06 16:37:12.349,1078146,161749,150024816,1180.170200,,556.779,0x00,0x00,CURRENT,1,0,OK,1.0,1.065,160.0,150.027,,1180.194,,,23.0,170.0
2026-08-06 16:37:13.164,1087717,163184,150024544,1180.167328,,557.594,0x00,0x00,CURRENT,1,0,OK,1.0,1.065,160.0,150.027,,1180.194,,,23.0,170.0
2026-08-06 16:37:13.998,1095971,164422,150024544,1180.167328,,558.428,0x00,0x00,CURRENT,1,0,OK,1.0,1.096,164.0,150.026,,1180.184,,,22.0,180.0
2026-08-06 16:37:14.885,1102966,165472,150024336,1180.165131,,559.315,0x00,0x00,CURRENT,1,0,OK,1.0,1.096,164.0,150.026,,1180.184,,,22.0,180.0
2026-08-06 16:37:15.700,1108602,166317,150024240,1180.164118,,560.130,0x00,0x00,CURRENT,1,0,OK,1.0,1.096,164.0,150.026,,1180.184,,,22.0,180.0
2026-08-06 16:37:16.534,1112954,166970,150024144,1180.163104,,560.964,0x00,0x00,CURRENT,1,0,OK,1.0,1.116,167.0,150.025,,1180.176,,,21.0,187.0
2026-08-06 16:37:17.385,1116082,167439,150024096,1180.162597,,561.815,0x00,0x00,CURRENT,1,0,OK,1.0,1.116,167.0,150.025,,1180.176,,,21.0,187.0
2026-08-06 16:37:18.219,1117868,167707,150024080,1180.162428,,562.649,0x00,0x00,CURRENT,1,0,OK,1.0,1.123,168.0,150.025,,1180.174,,,20.0,189.0
2026-08-06 16:37:19.034,1118550,167810,150024112,1180.162766,,563.464,0x00,0x00,CURRENT,1,0,OK,1.0,1.123,168.0,150.025,,1180.174,,,20.0,189.0
2026-08-06 16:37:20.348,1117017,167580,150024256,1180.164287,,564.778,0x00,0x00,CURRENT,1,0,OK,1.0,1.124,169.0,150.025,,1180.172,,,19.0,190.0
2026-08-06 16:37:21.163,1114379,167184,150024128,1180.162935,,565.593,0x00,0x00,CURRENT,1,0,OK,1.0,1.124,169.0,150.025,,1180.172,,,19.0,190.0
2026-08-06 16:37:21.997,1110867,166657,150024304,1180.164793,,566.427,0x00,0x00,CURRENT,1,0,OK,1.0,1.119,168.0,150.025,,1180.17,,,17.0,188.0
2026-08-06 16:37:22.886,1106520,166005,150024432,1180.166145,,567.316,0x00,0x00,CURRENT,1,0,OK,1.0,1.119,168.0,150.025,,1180.17,,,17.0,188.0
2026-08-06 16:37:23.701,1101381,165234,150024496,1180.166821,,568.131,0x00,0x00,CURRENT,1,0,OK,1.0,1.119,168.0,150.025,,1180.17,,,17.0,188.0
2026-08-06 16:37:24.535,1095653,164375,150024576,1180.167666,,568.965,0x00,0x00,CURRENT,1,0,OK,1.0,1.105,166.0,150.025,,1180.172,,,16.0,183.0
2026-08-06 16:37:25.386,1089373,163433,150024816,1180.170200,,569.816,0x00,0x00,CURRENT,1,0,OK,1.0,1.105,166.0,150.025,,1180.172,,,16.0,183.0
2026-08-06 16:37:26.220,1082566,162412,150024864,1180.170707,,570.650,0x00,0x00,CURRENT,1,0,OK,1.0,1.093,164.0,150.025,,1180.174,,,15.0,179.0
2026-08-06 16:37:27.035,1075248,161314,150024992,1180.172058,,571.465,0x00,0x00,CURRENT,1,0,OK,1.0,1.093,164.0,150.025,,1180.174,,,15.0,179.0
2026-08-06 16:37:28.349,1066945,160069,150025168,1180.173917,,572.779,0x00,0x00,CURRENT,1,0,OK,1.0,1.078,162.0,150.025,,1180.177,,,15.0,174.0
2026-08-06 16:37:29.164,1058556,158810,150025376,1180.176113,,573.593,0x00,0x00,CURRENT,1,0,OK,1.0,1.078,162.0,150.025,,1180.177,,,15.0,174.0
2026-08-06 16:37:29.998,1050082,157539,150025504,1180.177465,,574.428,0x00,0x00,CURRENT,1,0,OK,1.0,1.054,158.0,150.026,,1180.182,,,14.0,167.0
2026-08-06 16:37:30.886,1041693,156281,150025744,1180.179999,,575.316,0x00,0x00,CURRENT,1,0,OK,1.0,1.054,158.0,150.026,,1180.182,,,14.0,167.0
2026-08-06 16:37:31.701,1033385,155034,150025856,1180.181182,,576.131,0x00,0x00,CURRENT,1,0,OK,1.0,1.054,158.0,150.026,,1180.182,,,14.0,167.0
2026-08-06 16:37:32.535,1025153,153800,150026336,1180.186251,,576.964,0x00,0x00,CURRENT,1,0,OK,1.0,1.03,155.0,150.026,,1180.188,,,13.0,159.0
2026-08-06 16:37:33.386,1017165,152602,150026448,1180.187433,,577.815,0x00,0x00,CURRENT,1,0,OK,1.0,1.03,155.0,150.026,,1180.188,,,13.0,159.0
2026-08-06 16:37:34.220,1009410,151438,150026688,1180.189968,,578.650,0x00,0x00,CURRENT,1,0,OK,1.0,1.014,152.0,150.027,,1180.192,,,13.0,154.0
2026-08-06 16:37:35.035,1002037,150333,150026976,1180.193009,,579.464,0x00,0x00,CURRENT,1,0,OK,1.0,1.014,152.0,150.027,,1180.192,,,13.0,154.0
2026-08-06 16:37:36.349,995032,149282,150027184,1180.195205,,580.778,0x00,0x00,CURRENT,1,0,OK,1.0,0.999,150.0,150.027,,1180.198,,,13.0,150.0
2026-08-06 16:37:37.164,988553,148310,150027344,1180.196895,,581.593,0x00,0x00,CURRENT,1,0,OK,1.0,0.999,150.0,150.027,,1180.198,,,13.0,150.0
2026-08-06 16:37:37.998,982565,147412,150027504,1180.198584,,582.427,0x00,0x00,CURRENT,1,0,OK,1.0,0.98,147.0,150.028,,1180.2,,,13.0,144.0
2026-08-06 16:37:38.886,977213,146609,150027568,1180.199260,,583.315,0x00,0x00,CURRENT,1,0,OK,1.0,0.98,147.0,150.028,,1180.2,,,13.0,144.0
2026-08-06 16:37:39.701,972291,145871,150027712,1180.200781,,584.130,0x00,0x00,CURRENT,1,0,OK,1.0,0.98,147.0,150.028,,1180.2,,,13.0,144.0
2026-08-06 16:37:40.535,967954,145220,150027872,1180.202470,,584.964,0x00,0x00,CURRENT,1,0,OK,1.0,0.965,145.0,150.028,,1180.204,,,14.0,140.0
2026-08-06 16:37:41.386,964170,144652,150027904,1180.202808,,585.815,0x00,0x00,CURRENT,1,0,OK,1.0,0.965,145.0,150.028,,1180.204,,,14.0,140.0
2026-08-06 16:37:42.220,960918,144165,150028144,1180.205343,,586.649,0x00,0x00,CURRENT,1,0,OK,1.0,0.957,144.0,150.028,,1180.207,,,14.0,138.0
2026-08-06 16:37:43.035,958331,143777,150028224,1180.206187,,587.464,0x00,0x00,CURRENT,1,0,OK,1.0,0.957,144.0,150.028,,1180.207,,,14.0,138.0
2026-08-06 16:37:44.349,956711,143534,150028304,1180.207032,,588.778,0x00,0x00,CURRENT,1,0,OK,1.0,0.952,143.0,150.029,,1180.212,,,15.0,136.0
2026-08-06 16:37:45.164,955688,143380,150028384,1180.207877,,589.593,0x00,0x00,CURRENT,1,0,OK,1.0,0.952,143.0,150.029,,1180.212,,,15.0,136.0
2026-08-06 16:37:45.997,955048,143284,150028336,1180.207370,,590.427,0x00,0x00,CURRENT,1,0,OK,1.0,0.948,142.0,150.029,,1180.213,,,15.0,135.0
2026-08-06 16:37:46.886,954947,143269,150028320,1180.207201,,591.316,0x00,0x00,CURRENT,1,0,OK,1.0,0.948,142.0,150.029,,1180.213,,,15.0,135.0
2026-08-06 16:37:47.702,955361,143331,150028432,1180.208384,,592.131,0x00,0x00,CURRENT,1,0,OK,1.0,0.948,142.0,150.029,,1180.213,,,15.0,135.0
2026-08-06 16:37:48.536,956087,143440,150028576,1180.209904,,592.965,0x00,0x00,CURRENT,1,0,OK,1.0,0.949,142.0,150.029,,1180.212,,,16.0,135.0
2026-08-06 16:37:49.385,957282,143619,150028384,1180.207877,,593.815,0x00,0x00,CURRENT,1,0,OK,1.0,0.949,142.0,150.029,,1180.212,,,16.0,135.0
2026-08-06 16:37:50.220,958755,143840,150028208,1180.206018,,594.649,0x00,0x00,CURRENT,1,0,OK,1.0,0.952,143.0,150.029,,1180.212,,,16.0,136.0
2026-08-06 16:37:51.034,960664,144127,150028160,1180.205512,,595.464,0x00,0x00,CURRENT,1,0,OK,1.0,0.952,143.0,150.029,,1180.212,,,16.0,136.0
2026-08-06 16:37:52.349,963150,144500,150028064,1180.204498,,596.778,0x00,0x00,CURRENT,1,0,OK,1.0,0.956,143.0,150.029,,1180.212,,,16.0,137.0
2026-08-06 16:37:53.164,965845,144904,150028048,1180.204329,,597.593,0x00,0x00,CURRENT,1,0,OK,1.0,0.956,143.0,150.029,,1180.212,,,16.0,137.0
2026-08-06 16:37:53.998,968743,145339,150027952,1180.203315,,598.427,0x00,0x00,CURRENT,1,0,OK,1.0,0.963,145.0,150.028,,1180.207,,,17.0,139.0
2026-08-06 16:37:54.885,971830,145802,150027824,1180.201963,,599.315,0x00,0x00,CURRENT,1,0,OK,1.0,0.963,145.0,150.028,,1180.207,,,17.0,139.0
2026-08-06 16:37:55.700,975105,146293,150027696,1180.200612,,600.130,0x00,0x00,CURRENT,1,0,OK,1.0,0.963,145.0,150.028,,1180.207,,,17.0,139.0
2026-08-06 16:37:56.535,978382,146784,150027744,1180.201119,,600.964,0x00,0x00,CURRENT,1,0,OK,1.0,0.973,146.0,150.028,,1180.208,,,17.0,142.0
2026-08-06 16:37:57.385,981659,147276,150027680,1180.200443,,601.815,0x00,0x00,CURRENT,1,0,OK,1.0,0.973,146.0,150.028,,1180.208,,,17.0,142.0
2026-08-06 16:37:58.219,984945,147769,150027664,1180.200274,,602.649,0x00,0x00,CURRENT,1,0,OK,1.0,0.98,147.0,150.028,,1180.206,,,18.0,144.0
2026-08-06 16:37:59.034,988237,148263,150027504,1180.198584,,603.464,0x00,0x00,CURRENT,1,0,OK,1.0,0.98,147.0,150.028,,1180.206,,,18.0,144.0
2026-08-06 16:38:00.349,991699,148782,150027424,1180.197740,,604.778,0x00,0x00,CURRENT,1,0,OK,1.0,0.987,148.0,150.028,,1180.207,,,18.0,146.0
2026-08-06 16:38:01.163,994994,149276,150027360,1180.197064,,605.593,0x00,0x00,CURRENT,1,0,OK,1.0,0.987,148.0,150.028,,1180.207,,,18.0,146.0
2026-08-06 16:38:01.997,998121,149745,150027280,1180.196219,,606.427,0x00,0x00,CURRENT,1,0,OK,1.0,0.997,150.0,150.028,,1180.205,,,18.0,149.0
2026-08-06 16:38:02.885,1001085,150190,150027280,1180.196219,,607.315,0x00,0x00,CURRENT,1,0,OK,1.0,0.997,150.0,150.028,,1180.205,,,18.0,149.0
2026-08-06 16:38:03.700,1003907,150613,150027136,1180.194698,,608.130,0x00,0x00,CURRENT,1,0,OK,1.0,0.997,150.0,150.028,,1180.205,,,18.0,149.0
2026-08-06 16:38:04.534,1006591,151016,150027056,1180.193854,,608.964,0x00,0x00,CURRENT,1,0,OK,1.0,1.005,151.0,150.028,,1180.203,,,18.0,152.0
2026-08-06 16:38:05.386,1008968,151372,150026800,1180.191150,,609.816,0x00,0x00,CURRENT,1,0,OK,1.0,1.005,151.0,150.028,,1180.203,,,18.0,152.0
2026-08-06 16:38:06.220,1011228,151711,150026832,1180.191488,,610.650,0x00,0x00,CURRENT,1,0,OK,1.0,1.01,152.0,150.028,,1180.201,,,18.0,153.0
2026-08-06 16:38:07.035,1013203,152008,150026944,1180.192671,,611.465,0x00,0x00,CURRENT,1,0,OK,1.0,1.01,152.0,150.028,,1180.201,,,18.0,153.0
2026-08-06 16:38:08.349,1014908,152264,150026912,1180.192333,,612.779,0x00,0x00,CURRENT,1,0,OK,1.0,1.014,152.0,150.028,,1180.203,,,18.0,154.0
2026-08-06 16:38:09.164,1016360,152482,150027104,1180.194361,,613.594,0x00,0x00,CURRENT,1,0,OK,1.0,1.014,152.0,150.028,,1180.203,,,18.0,154.0
2026-08-06 16:38:09.998,1017571,152663,150027184,1180.195205,,614.428,0x00,0x00,CURRENT,1,0,OK,1.0,1.019,153.0,150.028,,1180.2,,,17.0,156.0
2026-08-06 16:38:10.885,1018549,152810,150027072,1180.194023,,615.315,0x00,0x00,CURRENT,1,0,OK,1.0,1.019,153.0,150.028,,1180.2,,,17.0,156.0
2026-08-06 16:38:11.700,1019317,152925,150027104,1180.194361,,616.130,0x00,0x00,CURRENT,1,0,OK,1.0,1.019,153.0,150.028,,1180.2,,,17.0,156.0
2026-08-06 16:38:12.534,1019706,152984,150027264,1180.196050,,616.964,0x00,0x00,CURRENT,1,0,OK,1.0,1.021,153.0,150.027,,1180.197,,,17.0,157.0
2026-08-06 16:38:13.386,1019915,153015,150027312,1180.196557,,617.816,0x00,0x00,CURRENT,1,0,OK,1.0,1.021,153.0,150.027,,1180.197,,,17.0,157.0
2026-08-06 16:38:14.220,1019931,153017,150027216,1180.195543,,618.650,0x00,0x00,CURRENT,1,0,OK,1.0,1.022,153.0,150.027,,1180.196,,,17.0,157.0
2026-08-06 16:38:15.035,1019782,152995,150027184,1180.195205,,619.465,0x00,0x00,CURRENT,1,0,OK,1.0,1.022,153.0,150.027,,1180.196,,,17.0,157.0
2026-08-06 16:38:16.349,1019302,152923,150027136,1180.194698,,620.779,0x00,0x00,CURRENT,1,0,OK,1.0,1.021,153.0,150.027,,1180.196,,,17.0,157.0
2026-08-06 16:38:17.164,1018681,152830,150027136,1180.194698,,621.594,0x00,0x00,CURRENT,1,0,OK,1.0,1.021,153.0,150.027,,1180.196,,,17.0,157.0
2026-08-06 16:38:17.998,1017916,152715,150027360,1180.197064,,622.428,0x00,0x00,CURRENT,1,0,OK,1.0,1.02,153.0,150.027,,1180.198,,,16.0,156.0
2026-08-06 16:38:18.886,1017024,152581,150027312,1180.196557,,623.316,0x00,0x00,CURRENT,1,0,OK,1.0,1.02,153.0,150.027,,1180.198,,,16.0,156.0
2026-08-06 16:38:19.701,1016010,152429,150027504,1180.198584,,624.131,0x00,0x00,CURRENT,1,0,OK,1.0,1.02,153.0,150.027,,1180.198,,,16.0,156.0
2026-08-06 16:38:20.535,1014881,152260,150027632,1180.199936,,624.965,0x00,0x00,CURRENT,1,0,OK,1.0,1.017,153.0,150.028,,1180.2,,,16.0,155.0
2026-08-06 16:38:21.386,1013642,152074,150027648,1180.200105,,625.816,0x00,0x00,CURRENT,1,0,OK,1.0,1.017,153.0,150.028,,1180.2,,,16.0,155.0
2026-08-06 16:38:22.220,1012292,151872,150027712,1180.200781,,626.650,0x00,0x00,CURRENT,1,0,OK,1.0,1.015,152.0,150.028,,1180.2,,,16.0,154.0
2026-08-06 16:38:23.035,1010833,151653,150027760,1180.201288,,627.465,0x00,0x00,CURRENT,1,0,OK,1.0,1.015,152.0,150.028,,1180.2,,,16.0,154.0
2026-08-06 16:38:24.349,1009288,151421,150027760,1180.201288,,628.779,0x00,0x00,CURRENT,1,0,OK,1.0,1.012,152.0,150.028,,1180.202,,,16.0,154.0
2026-08-06 16:38:25.164,1007815,151200,150027872,1180.202470,,629.594,0x00,0x00,CURRENT,1,0,OK,1.0,1.012,152.0,150.028,,1180.202,,,16.0,154.0
2026-08-06 16:38:25.998,1006417,150991,150027968,1180.203484,,630.428,0x00,0x00,CURRENT,1,0,OK,1.0,1.007,151.0,150.028,,1180.205,,,16.0,152.0
2026-08-06 16:38:26.886,1004925,150767,150027920,1180.202977,,631.316,0x00,0x00,CURRENT,1,0,OK,1.0,1.007,151.0,150.028,,1180.205,,,16.0,152.0
2026-08-06 16:38:27.701,1003513,150555,150028032,1180.204160,,632.131,0x00,0x00,CURRENT,1,0,OK,1.0,1.007,151.0,150.028,,1180.205,,,16.0,152.0
2026-08-06 16:38:28.535,1002169,150354,150028128,1180.205174,,632.965,0x00,0x00,CURRENT,1,0,OK,1.0,1.003,150.0,150.028,,1180.207,,,16.0,151.0
2026-08-06 16:38:29.386,1000887,150161,150028256,1180.206525,,633.816,0x00,0x00,CURRENT,1,0,OK,1.0,1.003,150.0,150.028,,1180.207,,,16.0,151.0
2026-08-06 16:38:30.220,999670,149979,150028352,1180.207539,,634.650,0x00,0x00,CURRENT,1,0,OK,1.0,1.0,150.0,150.028,,1180.209,,,16.0,150.0
2026-08-06 16:38:31.035,998520,149806,150028336,1180.207370,,635.465,0x00,0x00,CURRENT,1,0,OK,1.0,1.0,150.0,150.028,,1180.209,,,16.0,150.0
2026-08-06 16:38:32.349,997425,149642,150028288,1180.206863,,636.779,0x00,0x00,CURRENT,1,0,OK,1.0,0.998,150.0,150.028,,1180.208,,,16.0,149.0
2026-08-06 16:38:33.164,996383,149486,150028304,1180.207032,,637.594,0x00,0x00,CURRENT,1,0,OK,1.0,0.998,150.0,150.028,,1180.208,,,16.0,149.0
2026-08-06 16:38:33.998,995399,149338,150028480,1180.208891,,638.428,0x00,0x00,CURRENT,1,0,OK,1.0,0.995,149.0,150.029,,1180.21,,,16.0,149.0
2026-08-06 16:38:34.886,994632,149223,150028480,1180.208891,,639.315,0x00,0x00,CURRENT,1,0,OK,1.0,0.995,149.0,150.029,,1180.21,,,16.0,149.0
2026-08-06 16:38:35.701,993896,149113,150028416,1180.208215,,640.131,0x00,0x00,CURRENT,1,0,OK,1.0,0.995,149.0,150.029,,1180.21,,,16.0,149.0
2026-08-06 16:38:36.535,993198,149008,150028464,1180.208722,,640.965,0x00,0x00,CURRENT,1,0,OK,1.0,0.993,149.0,150.029,,1180.209,,,16.0,148.0
2026-08-06 16:38:37.386,992708,148934,150028432,1180.208384,,641.815,0x00,0x00,CURRENT,1,0,OK,1.0,0.993,149.0,150.029,,1180.209,,,16.0,148.0
2026-08-06 16:38:38.220,992240,148864,150028432,1180.208384,,642.649,0x00,0x00,CURRENT,1,0,OK,1.0,0.992,149.0,150.029,,1180.213,,,16.0,148.0
2026-08-06 16:38:39.035,991965,148823,150028576,1180.209904,,643.464,0x00,0x00,CURRENT,1,0,OK,1.0,0.992,149.0,150.029,,1180.213,,,16.0,148.0
2026-08-06 16:38:40.349,991876,148810,150028464,1180.208722,,644.778,0x00,0x00,CURRENT,1,0,OK,1.0,0.991,149.0,150.029,,1180.213,,,16.0,147.0
2026-08-06 16:38:41.164,991796,148798,150028528,1180.209397,,645.594,0x00,0x00,CURRENT,1,0,OK,1.0,0.991,149.0,150.029,,1180.213,,,16.0,147.0
2026-08-06 16:38:41.998,991890,148812,150028352,1180.207539,,646.427,0x00,0x00,CURRENT,1,0,OK,1.0,0.991,149.0,150.029,,1180.212,,,16.0,147.0
2026-08-06 16:38:42.886,991981,148825,150028240,1180.206356,,647.315,0x00,0x00,CURRENT,1,0,OK,1.0,0.991,149.0,150.029,,1180.212,,,16.0,147.0
2026-08-06 16:38:43.701,992226,148862,150028256,1180.206525,,648.130,0x00,0x00,CURRENT,1,0,OK,1.0,0.991,149.0,150.029,,1180.212,,,16.0,147.0
2026-08-06 16:38:44.535,992460,148897,150028160,1180.205512,,648.964,0x00,0x00,CURRENT,1,0,OK,1.0,0.991,149.0,150.028,,1180.208,,,16.0,147.0
2026-08-06 16:38:45.386,992855,148956,150028176,1180.205680,,649.815,0x00,0x00,CURRENT,1,0,OK,1.0,0.991,149.0,150.028,,1180.208,,,16.0,147.0
2026-08-06 16:38:46.220,993226,149012,150027984,1180.203653,,650.649,0x00,0x00,CURRENT,1,0,OK,1.0,0.992,149.0,150.028,,1180.209,,,16.0,148.0
2026-08-06 16:38:47.035,993579,149065,150028064,1180.204498,,651.464,0x00,0x00,CURRENT,1,0,OK,1.0,0.992,149.0,150.028,,1180.209,,,16.0,148.0
2026-08-06 16:38:48.349,994076,149139,150027984,1180.203653,,652.778,0x00,0x00,CURRENT,1,0,OK,1.0,0.993,149.0,150.028,,1180.208,,,16.0,148.0
2026-08-06 16:38:49.163,994556,149211,150027856,1180.202301,,653.593,0x00,0x00,CURRENT,1,0,OK,1.0,0.993,149.0,150.028,,1180.208,,,16.0,148.0
2026-08-06 16:38:49.998,995175,149304,150027920,1180.202977,,654.427,0x00,0x00,CURRENT,1,0,OK,1.0,0.994,149.0,150.029,,1180.209,,,17.0,148.0
2026-08-06 16:38:50.885,995764,149392,150027872,1180.202470,,655.314,0x00,0x00,CURRENT,1,0,OK,1.0,0.994,149.0,150.029,,1180.209,,,17.0,148.0
2026-08-06 16:38:51.700,996326,149477,150027824,1180.201963,,656.129,0x00,0x00,CURRENT,1,0,OK,1.0,0.994,149.0,150.029,,1180.209,,,17.0,148.0
2026-08-06 16:38:52.534,996856,149556,150027744,1180.201119,,656.963,0x00,0x00,CURRENT,1,0,OK,1.0,0.996,149.0,150.028,,1180.206,,,17.0,149.0
2026-08-06 16:38:53.385,997526,149657,150027872,1180.202470,,657.815,0x00,0x00,CURRENT,1,0,OK,1.0,0.996,149.0,150.028,,1180.206,,,17.0,149.0
2026-08-06 16:38:54.219,998168,149753,150027936,1180.203146,,658.649,0x00,0x00,CURRENT,1,0,OK,1.0,0.997,150.0,150.028,,1180.205,,,17.0,149.0
2026-08-06 16:38:55.034,998779,149845,150028144,1180.205343,,659.464,0x00,0x00,CURRENT,1,0,OK,1.0,0.997,150.0,150.028,,1180.205,,,17.0,149.0
2026-08-06 16:38:56.348,999357,149932,150027952,1180.203315,,660.778,0x00,0x00,CURRENT,1,0,OK,1.0,0.999,150.0,150.028,,1180.204,,,17.0,150.0
2026-08-06 16:38:57.164,999901,150013,150028032,1180.204160,,661.593,0x00,0x00,CURRENT,1,0,OK,1.0,0.999,150.0,150.028,,1180.204,,,17.0,150.0
2026-08-06 16:38:57.998,1000430,150093,150028112,1180.205005,,662.427,0x00,0x00,CURRENT,1,0,OK,1.0,1.0,150.0,150.028,,1180.201,,,17.0,150.0
2026-08-06 16:38:58.886,1000931,150168,150028000,1180.203822,,663.315,0x00,0x00,CURRENT,1,0,OK,1.0,1.0,150.0,150.028,,1180.201,,,17.0,150.0
2026-08-06 16:38:59.701,1001407,150239,150027904,1180.202808,,664.130,0x00,0x00,CURRENT,1,0,OK,1.0,1.0,150.0,150.028,,1180.201,,,17.0,150.0
2026-08-06 16:39:00.535,1001859,150307,150027936,1180.203146,,664.964,0x00,0x00,CURRENT,1,0,OK,1.0,1.002,150.0,150.028,,1180.199,,,17.0,151.0
2026-08-06 16:39:01.385,1002290,150372,150027968,1180.203484,,665.815,0x00,0x00,CURRENT,1,0,OK,1.0,1.002,150.0,150.028,,1180.199,,,17.0,151.0
2026-08-06 16:39:02.219,1002529,150407,150028080,1180.204667,,666.649,0x00,0x00,CURRENT,1,0,OK,1.0,1.003,150.0,150.028,,1180.202,,,17.0,151.0
2026-08-06 16:39:03.035,1002753,150441,150028080,1180.204667,,667.464,0x00,0x00,CURRENT,1,0,OK,1.0,1.003,150.0,150.028,,1180.202,,,17.0,151.0
2026-08-06 16:39:04.348,1002967,150473,150028144,1180.205343,,668.778,0x00,0x00,CURRENT,1,0,OK,1.0,1.003,150.0,150.028,,1180.202,,,17.0,151.0
2026-08-06 16:39:05.164,1003171,150504,150028144,1180.205343,,669.593,0x00,0x00,CURRENT,1,0,OK,1.0,1.003,150.0,150.028,,1180.202,,,17.0,151.0
2026-08-06 16:39:05.998,1003367,150533,150028160,1180.205512,,670.427,0x00,0x00,CURRENT,1,0,OK,1.0,1.004,151.0,150.028,,1180.202,,,17.0,151.0
2026-08-06 16:39:06.885,1003379,150535,150028144,1180.205343,,671.315,0x00,0x00,CURRENT,1,0,OK,1.0,1.004,151.0,150.028,,1180.202,,,17.0,151.0
2026-08-06 16:39:07.701,1003394,150537,150028080,1180.204667,,672.130,0x00,0x00,CURRENT,1,0,OK,1.0,1.004,151.0,150.028,,1180.202,,,17.0,151.0
2026-08-06 16:39:08.534,1003405,150539,150028000,1180.203822,,672.964,0x00,0x00,CURRENT,1,0,OK,1.0,1.004,151.0,150.028,,1180.201,,,16.0,151.0
2026-08-06 16:39:09.387,1003417,150541,150028048,1180.204329,,673.816,0x00,0x00,CURRENT,1,0,OK,1.0,1.004,151.0,150.028,,1180.201,,,16.0,151.0
2026-08-06 16:39:10.220,1003424,150542,150027968,1180.203484,,674.650,0x00,0x00,CURRENT,1,0,OK,1.0,1.004,151.0,150.028,,1180.199,,,16.0,151.0
2026-08-06 16:39:11.035,1003273,150519,150027952,1180.203315,,675.465,0x00,0x00,CURRENT,1,0,OK,1.0,1.004,151.0,150.028,,1180.199,,,16.0,151.0
2026-08-06 16:39:12.349,1003124,150497,150028064,1180.204498,,676.779,0x00,0x00,CURRENT,1,0,OK,1.0,1.004,151.0,150.028,,1180.199,,,16.0,151.0
2026-08-06 16:39:13.164,1002977,150475,150028080,1180.204667,,677.594,0x00,0x00,CURRENT,1,0,OK,1.0,1.004,151.0,150.028,,1180.199,,,16.0,151.0
2026-08-06 16:39:13.998,1002842,150455,150028224,1180.206187,,678.428,0x00,0x00,CURRENT,1,0,OK,1.0,1.003,150.0,150.027,,1180.199,,,16.0,151.0
2026-08-06 16:39:14.885,1002708,150434,150028016,1180.203991,,679.315,0x00,0x00,CURRENT,1,0,OK,1.0,1.003,150.0,150.027,,1180.199,,,16.0,151.0
2026-08-06 16:39:15.700,1002421,150391,150028048,1180.204329,,680.130,0x00,0x00,CURRENT,1,0,OK,1.0,1.003,150.0,150.027,,1180.199,,,16.0,151.0
2026-08-06 16:39:16.534,1002145,150350,150027984,1180.203653,,680.964,0x00,0x00,CURRENT,1,0,OK,1.0,1.003,150.0,150.028,,1180.201,,,16.0,151.0
2026-08-06 16:39:17.386,1001881,150310,150028032,1180.204160,,681.816,0x00,0x00,CURRENT,1,0,OK,1.0,1.003,150.0,150.028,,1180.201,,,16.0,151.0
2026-08-06 16:39:18.220,1001636,150274,150028096,1180.204836,,682.650,0x00,0x00,CURRENT,1,0,OK,1.0,1.002,150.0,150.028,,1180.202,,,16.0,151.0
2026-08-06 16:39:19.035,1001393,150237,150028320,1180.207201,,683.465,0x00,0x00,CURRENT,1,0,OK,1.0,1.002,150.0,150.028,,1180.202,,,16.0,151.0
2026-08-06 16:39:20.349,1001166,150203,150028400,1180.208046,,684.779,0x00,0x00,CURRENT,1,0,OK,1.0,1.001,150.0,150.028,,1180.2,,,16.0,150.0
2026-08-06 16:39:21.164,1000940,150169,150028336,1180.207370,,685.594,0x00,0x00,CURRENT,1,0,OK,1.0,1.001,150.0,150.028,,1180.2,,,16.0,150.0
2026-08-06 16:39:21.998,1000733,150138,150028496,1180.209060,,686.428,0x00,0x00,CURRENT,1,0,OK,1.0,1.001,150.0,150.028,,1180.2,,,16.0,150.0
2026-08-06 16:39:22.885,1000534,150109,150028368,1180.207708,,687.315,0x00,0x00,CURRENT,1,0,OK,1.0,1.001,150.0,150.028,,1180.2,,,16.0,150.0
2026-08-06 16:39:23.700,1000344,150080,150028416,1180.208215,,688.130,0x00,0x00,CURRENT,1,0,OK,1.0,1.001,150.0,150.028,,1180.2,,,16.0,150.0
2026-08-06 16:39:24.534,1000169,150054,150028400,1180.208046,,688.964,0x00,0x00,CURRENT,1,0,OK,1.0,1.0,150.0,150.028,,1180.204,,,16.0,150.0
2026-08-06 16:39:25.385,1000002,150029,150028288,1180.206863,,689.815,0x00,0x00,CURRENT,1,0,OK,1.0,1.0,150.0,150.028,,1180.204,,,16.0,150.0
2026-08-06 16:39:26.219,999835,150003,150028256,1180.206525,,690.649,0x00,0x00,CURRENT,1,0,OK,1.0,1.0,150.0,150.028,,1180.205,,,16.0,150.0
2026-08-06 16:39:27.034,999679,149980,150028304,1180.207032,,691.464,0x00,0x00,CURRENT,1,0,OK,1.0,1.0,150.0,150.028,,1180.205,,,16.0,150.0
2026-08-06 16:39:28.348,999533,149958,150028336,1180.207370,,692.778,0x00,0x00,CURRENT,1,0,OK,1.0,1.0,150.0,150.028,,1180.206,,,16.0,150.0
2026-08-06 16:39:29.163,999403,149939,150028352,1180.207539,,693.592,0x00,0x00,CURRENT,1,0,OK,1.0,1.0,150.0,150.028,,1180.206,,,16.0,150.0
2026-08-06 16:39:29.997,999279,149920,150028208,1180.206018,,694.427,0x00,0x00,CURRENT,1,0,OK,1.0,0.999,150.0,150.028,,1180.203,,,16.0,150.0
2026-08-06 16:39:30.886,999159,149902,150028256,1180.206525,,695.316,0x00,0x00,CURRENT,1,0,OK,1.0,0.999,150.0,150.028,,1180.203,,,16.0,150.0
2026-08-06 16:39:31.701,999040,149884,150028416,1180.208215,,696.131,0x00,0x00,CURRENT,1,0,OK,1.0,0.999,150.0,150.028,,1180.203,,,16.0,150.0
2026-08-06 16:39:32.535,998929,149868,150028448,1180.208553,,696.965,0x00,0x00,CURRENT,1,0,OK,1.0,0.999,150.0,150.028,,1180.204,,,16.0,150.0
2026-08-06 16:39:33.385,998826,149852,150028336,1180.207370,,697.815,0x00,0x00,CURRENT,1,0,OK,1.0,0.999,150.0,150.028,,1180.204,,,16.0,150.0
2026-08-06 16:39:34.219,998731,149838,150028352,1180.207539,,698.649,0x00,0x00,CURRENT,1,0,OK,1.0,0.999,150.0,150.028,,1180.205,,,16.0,150.0
2026-08-06 16:39:35.034,998635,149824,150028512,1180.209229,,699.463,0x00,0x00,CURRENT,1,0,OK,1.0,0.999,150.0,150.028,,1180.205,,,16.0,150.0
2026-08-06 16:39:36.348,998547,149810,150028432,1180.208384,,700.778,0x00,0x00,CURRENT,1,0,OK,1.0,0.999,150.0,150.028,,1180.206,,,16.0,150.0
2026-08-06 16:39:37.163,998461,149797,150028320,1180.207201,,701.593,0x00,0x00,CURRENT,1,0,OK,1.0,0.999,150.0,150.028,,1180.206,,,16.0,150.0
2026-08-06 16:39:37.997,998380,149785,150028352,1180.207539,,702.427,0x00,0x00,CURRENT,1,0,OK,1.0,0.998,150.0,150.028,,1180.205,,,16.0,150.0
2026-08-06 16:39:38.886,998480,149800,150028144,1180.205343,,703.316,0x00,0x00,CURRENT,1,0,OK,1.0,0.998,150.0,150.028,,1180.205,,,16.0,150.0
2026-08-06 16:39:39.701,998572,149814,150028016,1180.203991,,704.131,0x00,0x00,CURRENT,1,0,OK,1.0,0.998,150.0,150.028,,1180.205,,,16.0,150.0
2026-08-06 16:39:40.535,998659,149827,150028032,1180.204160,,704.965,0x00,0x00,CURRENT,1,0,OK,1.0,0.998,150.0,150.028,,1180.207,,,16.0,150.0
2026-08-06 16:39:41.385,998744,149840,150028032,1180.204160,,705.814,0x00,0x00,CURRENT,1,0,OK,1.0,0.998,150.0,150.028,,1180.207,,,16.0,150.0
2026-08-06 16:39:42.219,998819,149851,150028112,1180.205005,,706.648,0x00,0x00,CURRENT,1,0,OK,1.0,0.999,150.0,150.029,,1180.21,,,16.0,150.0
2026-08-06 16:39:43.034,998889,149861,150028160,1180.205512,,707.463,0x00,0x00,CURRENT,1,0,OK,1.0,0.999,150.0,150.029,,1180.21,,,16.0,150.0
2026-08-06 16:39:44.348,998960,149872,150028208,1180.206018,,708.777,0x00,0x00,CURRENT,1,0,OK,1.0,0.999,150.0,150.028,,1180.208,,,16.0,150.0
2026-08-06 16:39:45.163,999025,149882,150028416,1180.208215,,709.593,0x00,0x00,CURRENT,1,0,OK,1.0,0.999,150.0,150.028,,1180.208,,,16.0,150.0
2026-08-06 16:39:45.997,999086,149891,150028384,1180.207877,,710.427,0x00,0x00,CURRENT,1,0,OK,1.0,0.999,150.0,150.028,,1180.203,,,16.0,150.0
2026-08-06 16:39:46.885,999142,149900,150028256,1180.206525,,711.315,0x00,0x00,CURRENT,1,0,OK,1.0,0.999,150.0,150.028,,1180.203,,,16.0,150.0
2026-08-06 16:39:47.700,999198,149908,150028320,1180.207201,,712.130,0x00,0x00,CURRENT,1,0,OK,1.0,0.999,150.0,150.028,,1180.203,,,16.0,150.0
2026-08-06 16:39:48.534,999253,149916,150028160,1180.205512,,712.964,0x00,0x00,CURRENT,1,0,OK,1.0,0.999,150.0,150.028,,1180.202,,,16.0,150.0
2026-08-06 16:39:49.386,999304,149924,150028272,1180.206694,,713.815,0x00,0x00,CURRENT,1,0,OK,1.0,0.999,150.0,150.028,,1180.202,,,16.0,150.0
2026-08-06 16:39:50.220,999358,149932,150028368,1180.207708,,714.649,0x00,0x00,CURRENT,1,0,OK,1.0,0.999,150.0,150.028,,1180.203,,,16.0,150.0
2026-08-06 16:39:51.035,999407,149939,150028368,1180.207708,,715.465,0x00,0x00,CURRENT,1,0,OK,1.0,0.999,150.0,150.028,,1180.203,,,16.0,150.0
2026-08-06 16:39:52.349,999621,149971,150028160,1180.205512,,716.778,0x00,0x00,CURRENT,1,0,OK,1.0,0.999,150.0,150.028,,1180.205,,,16.0,150.0
2026-08-06 16:39:53.164,999824,150002,150028080,1180.204667,,717.593,0x00,0x00,CURRENT,1,0,OK,1.0,0.999,150.0,150.028,,1180.205,,,16.0,150.0
2026-08-06 16:39:53.998,1000019,150031,150028256,1180.206525,,718.427,0x00,0x00,CURRENT,1,0,OK,1.0,1.0,150.0,150.028,,1180.202,,,16.0,150.0
2026-08-06 16:39:54.885,1000202,150058,150028032,1180.204160,,719.314,0x00,0x00,CURRENT,1,0,OK,1.0,1.0,150.0,150.028,,1180.202,,,16.0,150.0
2026-08-06 16:39:55.700,1000376,150084,150027904,1180.202808,,720.129,0x00,0x00,CURRENT,1,0,OK,2.0,1.0,150.0,150.028,,1180.202,,,16.0,150.0
2026-08-06 16:39:56.942,1178806,176847,150022096,1180.141478,,721.371,0x00,0x00,CURRENT,1,0,OK,2.0,1.004,151.0,150.028,,1180.207,,,20.0,151.0
2026-08-06 16:39:58.276,1195946,179418,150021616,1180.136409,,722.705,0x00,0x00,CURRENT,1,0,OK,2.0,1.03,154.0,150.028,,1180.2,,,28.0,159.0
2026-08-06 16:39:59.091,1220629,183120,150021248,1180.132523,,723.520,0x00,0x00,CURRENT,1,0,OK,2.0,1.03,154.0,150.028,,1180.2,,,28.0,159.0
2026-08-06 16:39:59.951,1252145,187848,150020624,1180.125934,,724.380,0x00,0x00,CURRENT,1,0,OK,2.0,1.086,163.0,150.026,,1180.183,,,36.0,177.0
2026-08-06 16:40:01.265,1296991,194574,150019712,1180.116303,,725.694,0x00,0x00,CURRENT,1,0,OK,2.0,1.086,163.0,150.026,,1180.183,,,36.0,177.0
2026-08-06 16:40:02.099,1346472,201996,150018832,1180.107011,,726.528,0x00,0x00,CURRENT,1,0,OK,2.0,1.217,183.0,150.023,,1180.149,,,46.0,222.0
2026-08-06 16:40:02.914,1400024,210029,150017968,1180.097887,,727.343,0x00,0x00,CURRENT,1,0,OK,2.0,1.217,183.0,150.023,,1180.149,,,46.0,222.0
2026-08-06 16:40:03.729,1456773,218541,150017360,1180.091467,,728.158,0x00,0x00,CURRENT,1,0,OK,2.0,1.217,183.0,150.023,,1180.149,,,46.0,222.0
2026-08-06 16:40:04.563,1516055,227433,150016576,1180.083188,,728.992,0x00,0x00,CURRENT,1,0,OK,2.0,1.388,208.0,150.02,,1180.115,,,54.0,289.0
2026-08-06 16:40:05.386,1577237,236611,150015904,1180.076092,,729.815,0x00,0x00,CURRENT,1,0,OK,2.0,1.388,208.0,150.02,,1180.115,,,54.0,289.0
2026-08-06 16:40:06.220,1639558,245959,150015200,1180.068658,,730.649,0x00,0x00,CURRENT,1,0,OK,2.0,1.516,227.0,150.018,,1180.096,,,58.0,345.0
2026-08-06 16:40:07.035,1702455,255393,150014592,1180.062238,,731.464,0x00,0x00,CURRENT,1,0,OK,2.0,1.516,227.0,150.018,,1180.096,,,58.0,345.0
2026-08-06 16:40:08.349,1767920,265213,150014000,1180.055987,,732.778,0x00,0x00,CURRENT,1,0,OK,2.0,1.647,247.0,150.016,,1180.079,,,61.0,407.0
2026-08-06 16:40:09.164,1831965,274819,150013424,1180.049904,,733.593,0x00,0x00,CURRENT,1,0,OK,2.0,1.647,247.0,150.016,,1180.079,,,61.0,407.0
2026-08-06 16:40:09.998,1894326,284173,150012928,1180.044667,,734.427,0x00,0x00,CURRENT,1,0,OK,2.0,1.841,276.0,150.014,,1180.057,,,64.0,508.0
2026-08-06 16:40:10.886,1954404,293185,150012464,1180.039767,,735.316,0x00,0x00,CURRENT,1,0,OK,2.0,1.841,276.0,150.014,,1180.057,,,64.0,508.0
2026-08-06 16:40:11.702,2011821,301797,150012016,1180.035036,,736.131,0x00,0x00,CURRENT,1,0,OK,2.0,1.841,276.0,150.014,,1180.057,,,64.0,508.0
2026-08-06 16:40:12.535,2066200,309954,150011632,1180.030981,,736.965,0x00,0x00,CURRENT,1,0,OK,2.0,2.02,303.0,150.013,,1180.04,,,64.0,612.0
2026-08-06 16:40:13.385,2117184,317601,150011280,1180.027264,,737.815,0x00,0x00,CURRENT,1,0,OK,2.0,2.02,303.0,150.013,,1180.04,,,64.0,612.0
2026-08-06 16:40:14.219,2164440,324690,150010992,1180.024223,,738.649,0x00,0x00,CURRENT,1,0,OK,2.0,2.124,319.0,150.012,,1180.032,,,63.0,677.0
2026-08-06 16:40:15.034,2207820,331197,150010752,1180.021689,,739.464,0x00,0x00,CURRENT,1,0,OK,2.0,2.124,319.0,150.012,,1180.032,,,63.0,677.0
2026-08-06 16:40:16.349,2244998,336773,150010416,1180.018141,,740.778,0x00,0x00,CURRENT,1,0,OK,2.0,2.214,332.0,150.011,,1180.025,,,62.0,735.0
2026-08-06 16:40:17.163,2277791,341692,150010256,1180.016451,,741.593,0x00,0x00,CURRENT,1,0,OK,2.0,2.214,332.0,150.011,,1180.025,,,62.0,735.0
2026-08-06 16:40:17.997,2306078,345935,150010112,1180.014931,,742.427,0x00,0x00,CURRENT,1,0,OK,2.0,2.319,348.0,150.01,,1180.018,,,58.0,807.0
2026-08-06 16:40:18.886,2329930,349513,150009952,1180.013241,,743.315,0x00,0x00,CURRENT,1,0,OK,2.0,2.319,348.0,150.01,,1180.018,,,58.0,807.0
2026-08-06 16:40:19.700,2349399,352433,150009744,1180.011045,,744.130,0x00,0x00,CURRENT,1,0,OK,2.0,2.319,348.0,150.01,,1180.018,,,58.0,807.0
2026-08-06 16:40:20.534,2364544,354705,150009712,1180.010707,,744.964,0x00,0x00,CURRENT,1,0,OK,2.0,2.385,358.0,150.01,,1180.013,,,54.0,853.0
2026-08-06 16:40:21.385,2375412,356335,150009712,1180.010707,,745.815,0x00,0x00,CURRENT,1,0,OK,2.0,2.385,358.0,150.01,,1180.013,,,54.0,853.0
2026-08-06 16:40:22.219,2382049,357330,150009680,1180.010369,,746.649,0x00,0x00,CURRENT,1,0,OK,2.0,2.407,361.0,150.01,,1180.012,,,51.0,869.0
2026-08-06 16:40:23.034,2384835,357748,150009664,1180.010200,,747.464,0x00,0x00,CURRENT,1,0,OK,2.0,2.407,361.0,150.01,,1180.012,,,51.0,869.0
2026-08-06 16:40:24.348,2380264,357063,150009680,1180.010369,,748.778,0x00,0x00,CURRENT,1,0,OK,2.0,2.413,362.0,150.01,,1180.012,,,47.0,874.0
2026-08-06 16:40:25.163,2372235,355858,150009664,1180.010200,,749.593,0x00,0x00,CURRENT,1,0,OK,2.0,2.413,362.0,150.01,,1180.012,,,47.0,874.0
2026-08-06 16:40:25.997,2361250,354210,150009712,1180.010707,,750.427,0x00,0x00,CURRENT,1,0,OK,2.0,2.396,359.0,150.01,,1180.012,,,43.0,861.0
2026-08-06 16:40:26.885,2347280,352115,150009712,1180.010707,,751.315,0x00,0x00,CURRENT,1,0,OK,2.0,2.396,359.0,150.01,,1180.012,,,43.0,861.0
2026-08-06 16:40:27.700,2330818,349646,150009824,1180.011889,,752.130,0x00,0x00,CURRENT,1,0,OK,2.0,2.396,359.0,150.01,,1180.012,,,43.0,861.0
2026-08-06 16:40:28.534,2312203,346853,150009952,1180.013241,,752.964,0x00,0x00,CURRENT,1,0,OK,2.0,2.351,353.0,150.01,,1180.014,,,38.0,829.0
2026-08-06 16:40:29.385,2291504,343749,150010048,1180.014255,,753.815,0x00,0x00,CURRENT,1,0,OK,2.0,2.351,353.0,150.01,,1180.014,,,38.0,829.0
2026-08-06 16:40:30.219,2269138,340394,150010112,1180.014931,,754.649,0x00,0x00,CURRENT,1,0,OK,2.0,2.31,346.0,150.01,,1180.017,,,36.0,800.0
2026-08-06 16:40:31.034,2245372,336829,150010368,1180.017634,,755.464,0x00,0x00,CURRENT,1,0,OK,2.0,2.31,346.0,150.01,,1180.017,,,36.0,800.0
2026-08-06 16:40:32.348,2218419,332786,150010528,1180.019323,,756.778,0x00,0x00,CURRENT,1,0,OK,2.0,2.262,339.0,150.011,,1180.02,,,33.0,767.0
2026-08-06 16:40:33.163,2190976,328670,150010704,1180.021182,,757.593,0x00,0x00,CURRENT,1,0,OK,2.0,2.262,339.0,150.011,,1180.02,,,33.0,767.0
2026-08-06 16:40:33.997,2163219,324506,150010832,1180.022534,,758.427,0x00,0x00,CURRENT,1,0,OK,2.0,2.183,327.0,150.011,,1180.025,,,31.0,715.0
2026-08-06 16:40:34.885,2135514,320350,150010944,1180.023716,,759.315,0x00,0x00,CURRENT,1,0,OK,2.0,2.183,327.0,150.011,,1180.025,,,31.0,715.0
2026-08-06 16:40:35.700,2108184,316251,150011168,1180.026082,,760.130,0x00,0x00,CURRENT,1,0,OK,2.0,2.183,327.0,150.011,,1180.025,,,31.0,715.0
2026-08-06 16:40:36.534,2081204,312204,150011408,1180.028616,,760.964,0x00,0x00,CURRENT,1,0,OK,2.0,2.101,315.0,150.012,,1180.03,,,29.0,662.0
2026-08-06 16:40:37.386,2054910,308261,150011712,1180.031826,,761.816,0x00,0x00,CURRENT,1,0,OK,2.0,2.101,315.0,150.012,,1180.03,,,29.0,662.0
2026-08-06 16:40:38.220,2029589,304463,150011904,1180.033854,,762.650,0x00,0x00,CURRENT,1,0,OK,2.0,2.048,307.0,150.012,,1180.035,,,29.0,629.0
2026-08-06 16:40:39.035,2005368,300830,150012176,1180.036726,,763.465,0x00,0x00,CURRENT,1,0,OK,2.0,2.048,307.0,150.012,,1180.035,,,29.0,629.0
2026-08-06 16:40:40.349,1982527,297404,150012336,1180.038415,,764.779,0x00,0x00,CURRENT,1,0,OK,2.0,2.0,300.0,150.012,,1180.038,,,29.0,600.0
2026-08-06 16:40:41.164,1961164,294199,150012512,1180.040274,,765.594,0x00,0x00,CURRENT,1,0,OK,2.0,2.0,300.0,150.012,,1180.038,,,29.0,600.0
2026-08-06 16:40:41.998,1941541,291256,150012736,1180.042639,,766.428,0x00,0x00,CURRENT,1,0,OK,2.0,1.935,290.0,150.013,,1180.043,,,29.0,562.0
2026-08-06 16:40:42.885,1923573,288561,150012864,1180.043991,,767.315,0x00,0x00,CURRENT,1,0,OK,2.0,1.935,290.0,150.013,,1180.043,,,29.0,562.0
2026-08-06 16:40:43.700,1907342,286126,150013008,1180.045511,,768.129,0x00,0x00,CURRENT,1,0,OK,2.0,1.935,290.0,150.013,,1180.043,,,29.0,562.0
2026-08-06 16:40:44.534,1892927,283964,150013104,1180.046525,,768.964,0x00,0x00,CURRENT,1,0,OK,2.0,1.885,283.0,150.013,,1180.05,,,30.0,533.0
2026-08-06 16:40:45.386,1880410,282086,150013200,1180.047539,,769.816,0x00,0x00,CURRENT,1,0,OK,2.0,1.885,283.0,150.013,,1180.05,,,30.0,533.0
2026-08-06 16:40:46.220,1869688,280478,150013360,1180.049228,,770.650,0x00,0x00,CURRENT,1,0,OK,2.0,1.86,279.0,150.014,,1180.052,,,32.0,519.0
2026-08-06 16:40:47.035,1860855,279153,150013408,1180.049735,,771.465,0x00,0x00,CURRENT,1,0,OK,2.0,1.86,279.0,150.014,,1180.052,,,32.0,519.0
2026-08-06 16:40:48.349,1855329,278324,150013440,1180.050073,,772.778,0x00,0x00,CURRENT,1,0,OK,2.0,1.843,276.0,150.014,,1180.054,,,33.0,509.0
2026-08-06 16:40:49.164,1851585,277763,150013456,1180.050242,,773.594,0x00,0x00,CURRENT,1,0,OK,2.0,1.843,276.0,150.014,,1180.054,,,33.0,509.0
2026-08-06 16:40:49.998,1849540,277456,150013488,1180.050580,,774.428,0x00,0x00,CURRENT,1,0,OK,2.0,1.83,274.0,150.014,,1180.054,,,35.0,502.0
2026-08-06 16:40:50.886,1849111,277392,150013600,1180.051763,,775.316,0x00,0x00,CURRENT,1,0,OK,2.0,1.83,274.0,150.014,,1180.054,,,35.0,502.0
2026-08-06 16:40:51.701,1850046,277532,150013568,1180.051425,,776.131,0x00,0x00,CURRENT,1,0,OK,2.0,1.83,274.0,150.014,,1180.054,,,35.0,502.0
2026-08-06 16:40:52.535,1852442,277891,150013600,1180.051763,,776.965,0x00,0x00,CURRENT,1,0,OK,2.0,1.831,275.0,150.014,,1180.056,,,37.0,503.0
2026-08-06 16:40:53.386,1856240,278461,150013568,1180.051425,,777.816,0x00,0x00,CURRENT,1,0,OK,2.0,1.831,275.0,150.014,,1180.056,,,37.0,503.0
2026-08-06 16:40:54.220,1861191,279204,150013424,1180.049904,,778.650,0x00,0x00,CURRENT,1,0,OK,2.0,1.839,276.0,150.014,,1180.056,,,38.0,508.0
2026-08-06 16:40:55.035,1867405,280136,150013440,1180.050073,,779.465,0x00,0x00,CURRENT,1,0,OK,2.0,1.839,276.0,150.014,,1180.056,,,38.0,508.0
2026-08-06 16:40:56.349,1875785,281393,150013392,1180.049566,,780.779,0x00,0x00,CURRENT,1,0,OK,2.0,1.852,278.0,150.014,,1180.055,,,39.0,515.0
2026-08-06 16:40:57.164,1884753,282738,150013376,1180.049397,,781.594,0x00,0x00,CURRENT,1,0,OK,2.0,1.852,278.0,150.014,,1180.055,,,39.0,515.0
2026-08-06 16:40:57.998,1894447,284192,150013376,1180.049397,,782.428,0x00,0x00,CURRENT,1,0,OK,2.0,1.878,282.0,150.014,,1180.052,,,41.0,529.0
2026-08-06 16:40:58.886,1904668,285726,150013328,1180.048890,,783.315,0x00,0x00,CURRENT,1,0,OK,2.0,1.878,282.0,150.014,,1180.052,,,41.0,529.0
2026-08-06 16:40:59.701,1915205,287306,150013200,1180.047539,,784.130,0x00,0x00,CURRENT,1,0,OK,2.0,1.878,282.0,150.014,,1180.052,,,41.0,529.0
2026-08-06 16:41:00.535,1926060,288934,150013168,1180.047201,,784.964,0x00,0x00,CURRENT,1,0,OK,2.0,1.909,286.0,150.013,,1180.049,,,42.0,547.0
2026-08-06 16:41:01.386,1937043,290582,150013024,1180.045680,,785.815,0x00,0x00,CURRENT,1,0,OK,2.0,1.909,286.0,150.013,,1180.049,,,42.0,547.0
2026-08-06 16:41:02.220,1948147,292247,150012928,1180.044667,,786.649,0x00,0x00,CURRENT,1,0,OK,2.0,1.932,290.0,150.013,,1180.047,,,43.0,560.0
2026-08-06 16:41:03.035,1959193,293904,150012864,1180.043991,,787.464,0x00,0x00,CURRENT,1,0,OK,2.0,1.932,290.0,150.013,,1180.047,,,43.0,560.0
2026-08-06 16:41:04.349,1970350,295578,150012720,1180.042470,,788.779,0x00,0x00,CURRENT,1,0,OK,2.0,1.955,293.0,150.013,,1180.046,,,43.0,573.0
2026-08-06 16:41:05.164,1981125,297194,150012656,1180.041794,,789.593,0x00,0x00,CURRENT,1,0,OK,2.0,1.955,293.0,150.013,,1180.046,,,43.0,573.0
2026-08-06 16:41:05.998,1991534,298755,150012512,1180.040274,,790.427,0x00,0x00,CURRENT,1,0,OK,2.0,1.987,298.0,150.013,,1180.041,,,43.0,592.0
2026-08-06 16:41:06.886,2001416,300237,150012464,1180.039767,,791.315,0x00,0x00,CURRENT,1,0,OK,2.0,1.987,298.0,150.013,,1180.041,,,43.0,592.0
2026-08-06 16:41:07.701,2010638,301621,150012464,1180.039767,,792.130,0x00,0x00,CURRENT,1,0,OK,2.0,1.987,298.0,150.013,,1180.041,,,43.0,592.0
2026-08-06 16:41:08.535,2019395,302934,150012384,1180.038922,,792.964,0x00,0x00,CURRENT,1,0,OK,2.0,2.016,302.0,150.012,,1180.039,,,43.0,609.0
2026-08-06 16:41:09.384,2027379,304132,150012336,1180.038415,,793.814,0x00,0x00,CURRENT,1,0,OK,2.0,2.016,302.0,150.012,,1180.039,,,43.0,609.0
2026-08-06 16:41:10.219,2034800,305245,150012400,1180.039091,,794.648,0x00,0x00,CURRENT,1,0,OK,2.0,2.032,305.0,150.012,,1180.037,,,43.0,619.0
2026-08-06 16:41:11.034,2041516,306253,150012384,1180.038922,,795.463,0x00,0x00,CURRENT,1,0,OK,2.0,2.032,305.0,150.012,,1180.037,,,43.0,619.0
2026-08-06 16:41:12.348,2047052,307083,150012352,1180.038584,,796.777,0x00,0x00,CURRENT,1,0,OK,2.0,2.046,307.0,150.012,,1180.036,,,43.0,628.0
2026-08-06 16:41:13.163,2051809,307797,150012320,1180.038246,,797.592,0x00,0x00,CURRENT,1,0,OK,2.0,2.046,307.0,150.012,,1180.036,,,43.0,628.0
2026-08-06 16:41:13.997,2055657,308374,150012256,1180.037571,,798.426,0x00,0x00,CURRENT,1,0,OK,2.0,2.061,309.0,150.012,,1180.034,,,42.0,637.0
2026-08-06 16:41:14.886,2058817,308848,150012160,1180.036557,,799.315,0x00,0x00,CURRENT,1,0,OK,2.0,2.061,309.0,150.012,,1180.034,,,42.0,637.0
2026-08-06 16:41:15.701,2061310,309221,150012144,1180.036388,,800.130,0x00,0x00,CURRENT,1,0,OK,2.0,2.061,309.0,150.012,,1180.034,,,42.0,637.0
2026-08-06 16:41:16.535,2063006,309476,150012160,1180.036557,,800.964,0x00,0x00,CURRENT,1,0,OK,2.0,2.069,310.0,150.012,,1180.034,,,41.0,642.0
2026-08-06 16:41:17.385,2063954,309618,150012096,1180.035881,,801.814,0x00,0x00,CURRENT,1,0,OK,2.0,2.069,310.0,150.012,,1180.034,,,41.0,642.0
2026-08-06 16:41:18.219,2064343,309676,150012112,1180.036050,,802.648,0x00,0x00,CURRENT,1,0,OK,2.0,2.071,311.0,150.012,,1180.034,,,41.0,643.0
2026-08-06 16:41:19.034,2064045,309632,150012144,1180.036388,,803.463,0x00,0x00,CURRENT,1,0,OK,2.0,2.071,311.0,150.012,,1180.034,,,41.0,643.0
2026-08-06 16:41:20.347,2062593,309414,150012144,1180.036388,,804.777,0x00,0x00,CURRENT,1,0,OK,2.0,2.07,311.0,150.012,,1180.035,,,40.0,643.0
2026-08-06 16:41:21.162,2060538,309106,150012144,1180.036388,,805.592,0x00,0x00,CURRENT,1,0,OK,2.0,2.07,311.0,150.012,,1180.035,,,40.0,643.0
2026-08-06 16:41:21.996,2058076,308737,150012176,1180.036726,,806.426,0x00,0x00,CURRENT,1,0,OK,2.0,2.065,310.0,150.012,,1180.037,,,39.0,640.0
2026-08-06 16:41:22.886,2055078,308287,150012176,1180.036726,,807.315,0x00,0x00,CURRENT,1,0,OK,2.0,2.065,310.0,150.012,,1180.037,,,39.0,640.0
2026-08-06 16:41:23.700,2051770,307790,150012192,1180.036895,,808.130,0x00,0x00,CURRENT,1,0,OK,2.0,2.065,310.0,150.012,,1180.037,,,39.0,640.0
2026-08-06 16:41:24.534,2048113,307242,150012240,1180.037402,,808.964,0x00,0x00,CURRENT,1,0,OK,2.0,2.056,308.0,150.012,,1180.036,,,39.0,634.0
2026-08-06 16:41:25.385,2044310,306672,150012288,1180.037908,,809.815,0x00,0x00,CURRENT,1,0,OK,2.0,2.056,308.0,150.012,,1180.036,,,39.0,634.0
2026-08-06 16:41:26.219,2040187,306053,150012320,1180.038246,,810.649,0x00,0x00,CURRENT,1,0,OK,2.0,2.048,307.0,150.012,,1180.038,,,38.0,629.0
2026-08-06 16:41:27.035,2035932,305415,150012416,1180.039260,,811.464,0x00,0x00,CURRENT,1,0,OK,2.0,2.048,307.0,150.012,,1180.038,,,38.0,629.0
2026-08-06 16:41:28.348,2031216,304708,150012464,1180.039767,,812.778,0x00,0x00,CURRENT,1,0,OK,2.0,2.039,306.0,150.012,,1180.039,,,38.0,624.0
2026-08-06 16:41:29.163,2026396,303985,150012464,1180.039767,,813.593,0x00,0x00,CURRENT,1,0,OK,2.0,2.039,306.0,150.012,,1180.039,,,38.0,624.0
2026-08-06 16:41:29.997,2021653,303273,150012464,1180.039767,,814.427,0x00,0x00,CURRENT,1,0,OK,2.0,2.025,304.0,150.013,,1180.041,,,38.0,615.0
2026-08-06 16:41:30.885,2016988,302573,150012496,1180.040105,,815.315,0x00,0x00,CURRENT,1,0,OK,2.0,2.025,304.0,150.013,,1180.041,,,38.0,615.0
2026-08-06 16:41:31.701,2012380,301882,150012400,1180.039091,,816.130,0x00,0x00,CURRENT,1,0,OK,2.0,2.025,304.0,150.013,,1180.041,,,38.0,615.0
2026-08-06 16:41:32.535,2008007,301226,150012496,1180.040105,,816.964,0x00,0x00,CURRENT,1,0,OK,2.0,2.011,302.0,150.013,,1180.042,,,37.0,607.0
2026-08-06 16:41:33.386,2003680,300577,150012544,1180.040612,,817.816,0x00,0x00,CURRENT,1,0,OK,2.0,2.011,302.0,150.013,,1180.042,,,37.0,607.0
2026-08-06 16:41:34.220,1999573,299961,150012672,1180.041963,,818.650,0x00,0x00,CURRENT,1,0,OK,2.0,2.003,300.0,150.013,,1180.043,,,37.0,602.0
2026-08-06 16:41:35.035,1995677,299377,150012672,1180.041963,,819.465,0x00,0x00,CURRENT,1,0,OK,2.0,2.003,300.0,150.013,,1180.043,,,37.0,602.0
2026-08-06 16:41:36.349,1992144,298847,150012672,1180.041963,,820.779,0x00,0x00,CURRENT,1,0,OK,2.0,1.995,299.0,150.013,,1180.044,,,37.0,597.0
2026-08-06 16:41:37.164,1988952,298368,150012592,1180.041119,,821.594,0x00,0x00,CURRENT,1,0,OK,2.0,1.995,299.0,150.013,,1180.044,,,37.0,597.0
2026-08-06 16:41:37.998,1985917,297913,150012688,1180.042132,,822.428,0x00,0x00,CURRENT,1,0,OK,2.0,1.985,298.0,150.013,,1180.045,,,37.0,591.0
2026-08-06 16:41:38.886,1983203,297506,150012768,1180.042977,,823.316,0x00,0x00,CURRENT,1,0,OK,2.0,1.985,298.0,150.013,,1180.045,,,37.0,591.0
2026-08-06 16:41:39.702,1980786,297143,150012704,1180.042301,,824.131,0x00,0x00,CURRENT,1,0,OK,2.0,1.985,298.0,150.013,,1180.045,,,37.0,591.0
2026-08-06 16:41:40.535,1978834,296850,150012672,1180.041963,,824.965,0x00,0x00,CURRENT,1,0,OK,2.0,1.977,297.0,150.013,,1180.046,,,38.0,587.0
2026-08-06 16:41:41.385,1977144,296597,150012672,1180.041963,,825.815,0x00,0x00,CURRENT,1,0,OK,2.0,1.977,297.0,150.013,,1180.046,,,38.0,587.0
2026-08-06 16:41:42.219,1975708,296381,150012736,1180.042639,,826.649,0x00,0x00,CURRENT,1,0,OK,2.0,1.974,296.0,150.013,,1180.047,,,38.0,585.0
2026-08-06 16:41:43.035,1974680,296227,150012736,1180.042639,,827.464,0x00,0x00,CURRENT,1,0,OK,2.0,1.974,296.0,150.013,,1180.047,,,38.0,585.0
2026-08-06 16:41:44.348,1974202,296155,150012752,1180.042808,,828.778,0x00,0x00,CURRENT,1,0,OK,2.0,1.972,296.0,150.013,,1180.049,,,38.0,583.0
2026-08-06 16:41:45.163,1973916,296113,150012800,1180.043315,,829.593,0x00,0x00,CURRENT,1,0,OK,2.0,1.972,296.0,150.013,,1180.049,,,38.0,583.0
2026-08-06 16:41:45.998,1973979,296122,150012880,1180.044160,,830.427,0x00,0x00,CURRENT,1,0,OK,2.0,1.971,296.0,150.013,,1180.05,,,39.0,583.0
2026-08-06 16:41:46.885,1974217,296158,150012816,1180.043484,,831.315,0x00,0x00,CURRENT,1,0,OK,2.0,1.971,296.0,150.013,,1180.05,,,39.0,583.0
2026-08-06 16:41:47.700,1974783,296243,150012784,1180.043146,,832.130,0x00,0x00,CURRENT,1,0,OK,2.0,1.971,296.0,150.013,,1180.05,,,39.0,583.0
2026-08-06 16:41:48.534,1975481,296347,150012800,1180.043315,,832.964,0x00,0x00,CURRENT,1,0,OK,2.0,1.972,296.0,150.013,,1180.049,,,39.0,583.0
2026-08-06 16:41:49.386,1976480,296497,150012816,1180.043484,,833.816,0x00,0x00,CURRENT,1,0,OK,2.0,1.972,296.0,150.013,,1180.049,,,39.0,583.0
2026-08-06 16:41:50.220,1977554,296658,150012848,1180.043822,,834.650,0x00,0x00,CURRENT,1,0,OK,2.0,1.974,296.0,150.013,,1180.049,,,39.0,585.0
2026-08-06 16:41:51.035,1978735,296836,150012976,1180.045173,,835.465,0x00,0x00,CURRENT,1,0,OK,2.0,1.974,296.0,150.013,,1180.049,,,39.0,585.0
2026-08-06 16:41:52.349,1980370,297081,150013008,1180.045511,,836.779,0x00,0x00,CURRENT,1,0,OK,2.0,1.977,297.0,150.013,,1180.048,,,39.0,586.0
2026-08-06 16:41:53.164,1982090,297339,150012928,1180.044667,,837.594,0x00,0x00,CURRENT,1,0,OK,2.0,1.977,297.0,150.013,,1180.048,,,39.0,586.0
2026-08-06 16:41:53.998,1983895,297610,150012848,1180.043822,,838.428,0x00,0x00,CURRENT,1,0,OK,2.0,1.981,297.0,150.013,,1180.046,,,39.0,589.0
2026-08-06 16:41:54.886,1985775,297892,150012800,1180.043315,,839.316,0x00,0x00,CURRENT,1,0,OK,2.0,1.981,297.0,150.013,,1180.046,,,39.0,589.0
2026-08-06 16:41:55.701,1987562,298160,150012848,1180.043822,,840.131,0x00,0x00,CURRENT,1,0,OK,2.0,1.981,297.0,150.013,,1180.046,,,39.0,589.0
2026-08-06 16:41:56.535,1989439,298441,150012832,1180.043653,,840.965,0x00,0x00,CURRENT,1,0,OK,2.0,1.987,298.0,150.013,,1180.046,,,40.0,592.0
2026-08-06 16:41:57.386,1991389,298734,150012752,1180.042808,,841.816,0x00,0x00,CURRENT,1,0,OK,2.0,1.987,298.0,150.013,,1180.046,,,40.0,592.0
2026-08-06 16:41:58.220,1993236,299011,150012832,1180.043653,,842.650,0x00,0x00,CURRENT,1,0,OK,2.0,1.991,299.0,150.013,,1180.047,,,40.0,595.0
2026-08-06 16:41:59.035,1994987,299274,150012752,1180.042808,,843.464,0x00,0x00,CURRENT,1,0,OK,2.0,1.991,299.0,150.013,,1180.047,,,40.0,595.0
2026-08-06 16:42:00.349,1996819,299548,150012752,1180.042808,,844.779,0x00,0x00,CURRENT,1,0,OK,2.0,1.995,299.0,150.013,,1180.046,,,40.0,597.0
2026-08-06 16:42:01.164,1998561,299809,150012656,1180.041794,,845.594,0x00,0x00,CURRENT,1,0,OK,2.0,1.995,299.0,150.013,,1180.046,,,40.0,597.0
2026-08-06 16:42:01.998,2000213,300057,150012624,1180.041456,,846.428,0x00,0x00,CURRENT,1,0,OK,2.0,2.0,300.0,150.013,,1180.045,,,40.0,600.0
2026-08-06 16:42:02.885,2001780,300292,150012544,1180.040612,,847.315,0x00,0x00,CURRENT,1,0,OK,2.0,2.0,300.0,150.013,,1180.045,,,40.0,600.0
2026-08-06 16:42:03.700,2003263,300514,150012416,1180.039260,,848.130,0x00,0x00,CURRENT,1,0,OK,2.0,2.0,300.0,150.013,,1180.045,,,40.0,600.0
2026-08-06 16:42:04.534,2004671,300726,150012352,1180.038584,,848.964,0x00,0x00,CURRENT,1,0,OK,2.0,2.004,301.0,150.013,,1180.046,,,40.0,603.0
2026-08-06 16:42:05.386,2005842,300901,150012400,1180.039091,,849.816,0x00,0x00,CURRENT,1,0,OK,2.0,2.004,301.0,150.013,,1180.046,,,40.0,603.0
2026-08-06 16:42:06.220,2006951,301068,150012464,1180.039767,,850.650,0x00,0x00,CURRENT,1,0,OK,2.0,2.007,301.0,150.013,,1180.045,,,40.0,604.0
2026-08-06 16:42:07.035,2008010,301227,150012512,1180.040274,,851.465,0x00,0x00,CURRENT,1,0,OK,2.0,2.007,301.0,150.013,,1180.045,,,40.0,604.0
2026-08-06 16:42:08.349,2008855,301353,150012400,1180.039091,,852.779,0x00,0x00,CURRENT,1,0,OK,2.0,2.009,301.0,150.013,,1180.044,,,40.0,605.0
2026-08-06 16:42:09.164,2009491,301449,150012448,1180.039598,,853.594,0x00,0x00,CURRENT,1,0,OK,2.0,2.009,301.0,150.013,,1180.044,,,40.0,605.0
2026-08-06 16:42:09.998,2009926,301514,150012416,1180.039260,,854.427,0x00,0x00,CURRENT,1,0,OK,2.0,2.011,302.0,150.013,,1180.043,,,40.0,607.0
2026-08-06 16:42:10.886,2010336,301575,150012384,1180.038922,,855.316,0x00,0x00,CURRENT,1,0,OK,2.0,2.011,302.0,150.013,,1180.043,,,40.0,607.0
2026-08-06 16:42:11.701,2010564,301610,150012384,1180.038922,,856.131,0x00,0x00,CURRENT,1,0,OK,2.0,2.011,302.0,150.013,,1180.043,,,40.0,607.0
2026-08-06 16:42:12.535,2010775,301641,150012448,1180.039598,,856.965,0x00,0x00,CURRENT,1,0,OK,2.0,2.012,302.0,150.013,,1180.042,,,39.0,607.0
2026-08-06 16:42:13.385,2010798,301645,150012496,1180.040105,,857.815,0x00,0x00,CURRENT,1,0,OK,2.0,2.012,302.0,150.013,,1180.042,,,39.0,607.0
2026-08-06 16:42:14.219,2010656,301624,150012576,1180.040950,,858.649,0x00,0x00,CURRENT,1,0,OK,2.0,2.012,302.0,150.013,,1180.042,,,39.0,607.0
2026-08-06 16:42:15.034,2010525,301604,150012720,1180.042470,,859.464,0x00,0x00,CURRENT,1,0,OK,2.0,2.012,302.0,150.013,,1180.042,,,39.0,607.0
2026-08-06 16:42:16.348,2010241,301562,150012720,1180.042470,,860.778,0x00,0x00,CURRENT,1,0,OK,2.0,2.012,302.0,150.013,,1180.043,,,39.0,607.0
2026-08-06 16:42:17.163,2009796,301495,150012752,1180.042808,,861.593,0x00,0x00,CURRENT,1,0,OK,2.0,2.012,302.0,150.013,,1180.043,,,39.0,607.0
2026-08-06 16:42:17.997,2009209,301407,150012704,1180.042301,,862.427,0x00,0x00,CURRENT,1,0,OK,2.0,2.01,302.0,150.013,,1180.042,,,39.0,606.0
2026-08-06 16:42:18.886,2008644,301322,150012688,1180.042132,,863.316,0x00,0x00,CURRENT,1,0,OK,2.0,2.01,302.0,150.013,,1180.042,,,39.0,606.0
2026-08-06 16:42:19.701,2007983,301223,150012672,1180.041963,,864.131,0x00,0x00,CURRENT,1,0,OK,2.0,2.01,302.0,150.013,,1180.042,,,39.0,606.0
2026-08-06 16:42:20.535,2007360,301130,150012736,1180.042639,,864.965,0x00,0x00,CURRENT,1,0,OK,2.0,2.009,301.0,150.013,,1180.045,,,39.0,605.0
2026-08-06 16:42:21.386,2006758,301039,150012784,1180.043146,,865.815,0x00,0x00,CURRENT,1,0,OK,2.0,2.009,301.0,150.013,,1180.045,,,39.0,605.0
2026-08-06 16:42:22.220,2006023,300929,150012752,1180.042808,,866.650,0x00,0x00,CURRENT,1,0,OK,2.0,2.007,301.0,150.013,,1180.045,,,39.0,604.0
2026-08-06 16:42:23.035,2005326,300825,150012784,1180.043146,,867.465,0x00,0x00,CURRENT,1,0,OK,2.0,2.007,301.0,150.013,,1180.045,,,39.0,604.0
2026-08-06 16:42:24.349,2004496,300700,150012800,1180.043315,,868.779,0x00,0x00,CURRENT,1,0,OK,2.0,2.006,301.0,150.013,,1180.045,,,39.0,604.0
2026-08-06 16:42:25.164,2003703,300581,150012800,1180.043315,,869.594,0x00,0x00,CURRENT,1,0,OK,2.0,2.006,301.0,150.013,,1180.045,,,39.0,604.0
2026-08-06 16:42:25.998,2002949,300468,150012848,1180.043822,,870.428,0x00,0x00,CURRENT,1,0,OK,2.0,2.004,301.0,150.013,,1180.046,,,39.0,602.0
2026-08-06 16:42:26.886,2002236,300361,150012832,1180.043653,,871.316,0x00,0x00,CURRENT,1,0,OK,2.0,2.004,301.0,150.013,,1180.046,,,39.0,602.0
2026-08-06 16:42:27.701,2001561,300260,150012784,1180.043146,,872.131,0x00,0x00,CURRENT,1,0,OK,2.0,2.004,301.0,150.013,,1180.046,,,39.0,602.0
2026-08-06 16:42:28.535,2000917,300163,150012880,1180.044160,,872.964,0x00,0x00,CURRENT,1,0,OK,2.0,2.001,300.0,150.013,,1180.046,,,39.0,601.0
2026-08-06 16:42:29.386,2000139,300047,150012928,1180.044667,,873.816,0x00,0x00,CURRENT,1,0,OK,2.0,2.001,300.0,150.013,,1180.046,,,39.0,601.0
2026-08-06 16:42:30.220,1999399,299936,150013008,1180.045511,,874.650,0x00,0x00,CURRENT,1,0,OK,2.0,2.0,300.0,150.013,,1180.047,,,39.0,600.0
2026-08-06 16:42:31.035,1998869,299856,150013024,1180.045680,,875.465,0x00,0x00,CURRENT,1,0,OK,2.0,2.0,300.0,150.013,,1180.047,,,39.0,600.0
2026-08-06 16:42:32.349,1998357,299780,150013120,1180.046694,,876.779,0x00,0x00,CURRENT,1,0,OK,2.0,1.999,300.0,150.013,,1180.047,,,39.0,599.0
2026-08-06 16:42:33.164,1997871,299707,150013168,1180.047201,,877.593,0x00,0x00,CURRENT,1,0,OK,2.0,1.999,300.0,150.013,,1180.047,,,39.0,599.0
2026-08-06 16:42:33.998,1997406,299637,150013120,1180.046694,,878.427,0x00,0x00,CURRENT,1,0,OK,2.0,1.997,300.0,150.013,,1180.048,,,39.0,598.0
2026-08-06 16:42:34.886,1996969,299572,150013136,1180.046863,,879.316,0x00,0x00,CURRENT,1,0,OK,2.0,1.997,300.0,150.013,,1180.048,,,39.0,598.0
2026-08-06 16:42:35.701,1996549,299509,150013120,1180.046694,,880.131,0x00,0x00,CURRENT,1,0,OK,2.0,1.997,300.0,150.013,,1180.048,,,39.0,598.0
2026-08-06 16:42:36.535,1996145,299448,150013168,1180.047201,,880.964,0x00,0x00,CURRENT,1,0,OK,2.0,1.996,299.0,150.013,,1180.047,,,39.0,598.0
2026-08-06 16:42:37.385,1995934,299416,150013136,1180.046863,,881.815,0x00,0x00,CURRENT,1,0,OK,2.0,1.996,299.0,150.013,,1180.047,,,39.0,598.0
2026-08-06 16:42:38.219,1995733,299386,150013136,1180.046863,,882.648,0x00,0x00,CURRENT,1,0,OK,2.0,1.995,299.0,150.013,,1180.046,,,39.0,597.0
2026-08-06 16:42:39.034,1995549,299359,150013136,1180.046863,,883.463,0x00,0x00,CURRENT,1,0,OK,2.0,1.995,299.0,150.013,,1180.046,,,39.0,597.0
2026-08-06 16:42:40.348,1995531,299356,150013200,1180.047539,,884.777,0x00,0x00,CURRENT,1,0,OK,2.0,1.995,299.0,150.013,,1180.046,,,39.0,597.0
2026-08-06 16:42:41.163,1995513,299353,150013168,1180.047201,,885.593,0x00,0x00,CURRENT,1,0,OK,2.0,1.995,299.0,150.013,,1180.046,,,39.0,597.0
2026-08-06 16:42:41.997,1995505,299352,150013104,1180.046525,,886.426,0x00,0x00,CURRENT,1,0,OK,2.0,1.995,299.0,150.013,,1180.046,,,39.0,597.0
2026-08-06 16:42:42.888,1995630,299371,150013088,1180.046356,,887.317,0x00,0x00,CURRENT,1,0,OK,2.0,1.995,299.0,150.013,,1180.046,,,39.0,597.0
2026-08-06 16:42:43.703,1995747,299388,150013104,1180.046525,,888.133,0x00,0x00,CURRENT,1,0,OK,2.0,1.995,299.0,150.013,,1180.046,,,39.0,597.0
2026-08-06 16:42:44.537,1995863,299405,150013040,1180.045849,,888.966,0x00,0x00,CURRENT,1,0,OK,2.0,1.995,299.0,150.013,,1180.044,,,39.0,597.0
2026-08-06 16:42:45.386,1995975,299422,150012880,1180.044160,,889.816,0x00,0x00,CURRENT,1,0,OK,2.0,1.995,299.0,150.013,,1180.044,,,39.0,597.0
2026-08-06 16:42:46.220,1996075,299437,150012944,1180.044836,,890.650,0x00,0x00,CURRENT,1,0,OK,2.0,1.996,299.0,150.013,,1180.044,,,39.0,597.0
2026-08-06 16:42:47.035,1996343,299477,150012864,1180.043991,,891.464,0x00,0x00,CURRENT,1,0,OK,2.0,1.996,299.0,150.013,,1180.044,,,39.0,597.0
2026-08-06 16:42:48.349,1996589,299514,150012912,1180.044498,,892.779,0x00,0x00,CURRENT,1,0,OK,2.0,1.996,299.0,150.013,,1180.044,,,39.0,598.0
2026-08-06 16:42:49.164,1996817,299548,150012976,1180.045173,,893.593,0x00,0x00,CURRENT,1,0,OK,2.0,1.996,299.0,150.013,,1180.044,,,39.0,598.0
2026-08-06 16:42:49.998,1997041,299582,150013040,1180.045849,,894.428,0x00,0x00,CURRENT,1,0,OK,2.0,1.997,300.0,150.013,,1180.045,,,39.0,598.0
2026-08-06 16:42:50.886,1997421,299639,150013056,1180.046018,,895.316,0x00,0x00,CURRENT,1,0,OK,2.0,1.997,300.0,150.013,,1180.045,,,39.0,598.0
2026-08-06 16:42:51.701,1997785,299694,150013040,1180.045849,,896.131,0x00,0x00,CURRENT,1,0,OK,2.0,1.997,300.0,150.013,,1180.045,,,39.0,598.0
2026-08-06 16:42:52.535,1998123,299745,150013040,1180.045849,,896.964,0x00,0x00,CURRENT,1,0,OK,2.0,1.998,300.0,150.013,,1180.046,,,39.0,599.0
2026-08-06 16:42:53.386,1998446,299793,150013040,1180.045849,,897.816,0x00,0x00,CURRENT,1,0,OK,2.0,1.998,300.0,150.013,,1180.046,,,39.0,599.0
2026-08-06 16:42:54.220,1998759,299840,150013008,1180.045511,,898.650,0x00,0x00,CURRENT,1,0,OK,2.0,1.998,300.0,150.013,,1180.047,,,39.0,599.0
2026-08-06 16:42:55.035,1999049,299883,150013008,1180.045511,,899.465,0x00,0x00,CURRENT,1,0,OK,2.0,1.998,300.0,150.013,,1180.047,,,39.0,599.0
2026-08-06 16:42:56.349,1999333,299926,150013008,1180.045511,,900.778,0x00,0x00,CURRENT,1,0,OK,2.0,1.999,300.0,150.013,,1180.048,,,39.0,599.0
2026-08-06 16:42:57.164,1999601,299966,150012960,1180.045005,,901.594,0x00,0x00,CURRENT,1,0,OK,2.0,1.999,300.0,150.013,,1180.048,,,39.0,599.0
2026-08-06 16:42:57.998,1999854,300004,150012880,1180.044160,,902.428,0x00,0x00,CURRENT,1,0,OK,2.0,2.0,300.0,150.013,,1180.048,,,39.0,600.0
2026-08-06 16:42:58.886,2000099,300041,150012880,1180.044160,,903.315,0x00,0x00,CURRENT,1,0,OK,2.0,2.0,300.0,150.013,,1180.048,,,39.0,600.0
2026-08-06 16:42:59.701,2000332,300076,150012816,1180.043484,,904.131,0x00,0x00,CURRENT,1,0,OK,2.0,2.0,300.0,150.013,,1180.048,,,39.0,600.0
2026-08-06 16:43:00.535,2000559,300110,150012816,1180.043484,,904.965,0x00,0x00,CURRENT,1,0,OK,2.0,2.001,300.0,150.013,,1180.046,,,39.0,600.0
2026-08-06 16:43:01.386,2000770,300141,150012704,1180.042301,,905.816,0x00,0x00,CURRENT,1,0,OK,2.0,2.001,300.0,150.013,,1180.046,,,39.0,600.0
2026-08-06 16:43:02.220,2000965,300170,150012736,1180.042639,,906.650,0x00,0x00,CURRENT,1,0,OK,2.0,2.001,300.0,150.013,,1180.047,,,39.0,601.0
2026-08-06 16:43:03.035,2001153,300199,150012832,1180.043653,,907.465,0x00,0x00,CURRENT,1,0,OK,2.0,2.001,300.0,150.013,,1180.047,,,39.0,601.0
2026-08-06 16:43:04.349,2001336,300226,150012816,1180.043484,,908.779,0x00,0x00,CURRENT,1,0,OK,2.0,2.001,300.0,150.013,,1180.046,,,39.0,601.0
2026-08-06 16:43:05.164,2001509,300252,150012752,1180.042808,,909.594,0x00,0x00,CURRENT,1,0,OK,2.0,2.001,300.0,150.013,,1180.046,,,39.0,601.0
2026-08-06 16:43:05.998,2001677,300277,150012672,1180.041963,,910.428,0x00,0x00,CURRENT,1,0,OK,2.0,2.002,300.0,150.013,,1180.045,,,39.0,601.0
2026-08-06 16:43:06.886,2001841,300301,150012608,1180.041288,,911.315,0x00,0x00,CURRENT,1,0,OK,2.0,2.002,300.0,150.013,,1180.045,,,39.0,601.0
2026-08-06 16:43:07.701,2001990,300324,150012656,1180.041794,,912.131,0x00,0x00,CURRENT,1,0,OK,2.0,2.002,300.0,150.013,,1180.045,,,39.0,601.0
2026-08-06 16:43:08.535,2001953,300318,150012656,1180.041794,,912.965,0x00,0x00,CURRENT,1,0,OK,2.0,2.002,300.0,150.013,,1180.044,,,39.0,601.0
2026-08-06 16:43:09.385,2001920,300313,150012688,1180.042132,,913.815,0x00,0x00,CURRENT,1,0,OK,2.0,2.002,300.0,150.013,,1180.044,,,39.0,601.0
2026-08-06 16:43:10.219,2001890,300309,150012560,1180.040781,,914.648,0x00,0x00,CURRENT,1,0,OK,2.0,2.002,300.0,150.013,,1180.043,,,39.0,601.0
2026-08-06 16:43:11.034,2001859,300304,150012512,1180.040274,,915.464,0x00,0x00,CURRENT,1,0,OK,2.0,2.002,300.0,150.013,,1180.043,,,39.0,601.0
2026-08-06 16:43:12.348,2001833,300300,150012528,1180.040443,,916.778,0x00,0x00,CURRENT,1,0,OK,3.0,2.002,300.0,150.013,,1180.044,,,39.0,601.0
2026-08-06 16:43:13.571,2176008,326423,150010032,1180.014086,,918.001,0x00,0x00,CURRENT,1,0,OK,3.0,2.002,300.0,150.013,,1180.044,,,39.0,601.0
2026-08-06 16:43:14.405,2184736,327732,150010000,1180.013748,,918.835,0x00,0x00,CURRENT,1,0,OK,3.0,2.01,302.0,150.012,,1180.037,,,47.0,606.0
2026-08-06 16:43:15.220,2201580,330259,150010000,1180.013748,,919.650,0x00,0x00,CURRENT,1,0,OK,3.0,2.01,302.0,150.012,,1180.037,,,47.0,606.0
2026-08-06 16:43:16.054,2225968,333917,150009936,1180.013072,,920.484,0x00,0x00,CURRENT,1,0,OK,3.0,2.052,308.0,150.012,,1180.034,,,55.0,631.0
2026-08-06 16:43:16.886,2257184,338600,150009776,1180.011383,,921.316,0x00,0x00,CURRENT,1,0,OK,3.0,2.052,308.0,150.012,,1180.034,,,55.0,631.0
2026-08-06 16:43:17.701,2294575,344208,150009664,1180.010200,,922.131,0x00,0x00,CURRENT,1,0,OK,3.0,2.052,308.0,150.012,,1180.034,,,55.0,631.0
2026-08-06 16:43:18.535,2337500,350647,150009472,1180.008172,,922.964,0x00,0x00,CURRENT,1,0,OK,3.0,2.166,325.0,150.011,,1180.027,,,65.0,704.0
2026-08-06 16:43:19.386,2385174,357798,150009312,1180.006483,,923.815,0x00,0x00,CURRENT,1,0,OK,3.0,2.166,325.0,150.011,,1180.027,,,65.0,704.0
2026-08-06 16:43:20.220,2436862,365551,150009056,1180.003780,,924.649,0x00,0x00,CURRENT,1,0,OK,3.0,2.269,340.0,150.011,,1180.02,,,71.0,772.0
2026-08-06 16:43:21.035,2491862,373801,150008864,1180.001752,,925.464,0x00,0x00,CURRENT,1,0,OK,3.0,2.269,340.0,150.011,,1180.02,,,71.0,772.0
2026-08-06 16:43:22.349,2554328,383171,150008592,1179.998880,,926.778,0x00,0x00,CURRENT,1,0,OK,3.0,2.387,358.0,150.01,,1180.012,,,76.0,855.0
2026-08-06 16:43:23.164,2618040,392728,150008288,1179.995670,,927.593,0x00,0x00,CURRENT,1,0,OK,3.0,2.387,358.0,150.01,,1180.012,,,76.0,855.0
2026-08-06 16:43:23.998,2682272,402362,150007936,1179.991953,,928.428,0x00,0x00,CURRENT,1,0,OK,3.0,2.58,387.0,150.009,,1180.001,,,82.0,999.0
2026-08-06 16:43:24.886,2746310,411968,150007744,1179.989925,,929.316,0x00,0x00,CURRENT,1,0,OK,3.0,2.58,387.0,150.009,,1180.001,,,82.0,999.0
2026-08-06 16:43:25.701,2809669,421471,150007424,1179.986546,,930.131,0x00,0x00,CURRENT,1,0,OK,3.0,2.58,387.0,150.009,,1180.001,,,82.0,999.0
2026-08-06 16:43:26.535,2871876,430802,150007248,1179.984688,,930.965,0x00,0x00,CURRENT,1,0,OK,3.0,2.777,417.0,150.008,,1179.993,,,86.0,1157.0
2026-08-06 16:43:27.386,2932314,439868,150007040,1179.982491,,931.816,0x00,0x00,CURRENT,1,0,OK,3.0,2.777,417.0,150.008,,1179.993,,,86.0,1157.0
2026-08-06 16:43:28.220,2990567,448605,150006816,1179.980126,,932.650,0x00,0x00,CURRENT,1,0,OK,3.0,2.903,435.0,150.008,,1179.988,,,87.0,1264.0
2026-08-06 16:43:29.035,3046240,456956,150006672,1179.978605,,933.465,0x00,0x00,CURRENT,1,0,OK,3.0,2.903,435.0,150.008,,1179.988,,,87.0,1264.0
2026-08-06 16:43:30.349,3098295,464764,150006464,1179.976409,,934.779,0x00,0x00,CURRENT,1,0,OK,3.0,3.02,453.0,150.007,,1179.984,,,87.0,1368.0
2026-08-06 16:43:31.164,3146728,472029,150006336,1179.975057,,935.593,0x00,0x00,CURRENT,1,0,OK,3.0,3.02,453.0,150.007,,1179.984,,,87.0,1368.0
2026-08-06 16:43:31.998,3191228,478704,150006176,1179.973368,,936.427,0x00,0x00,CURRENT,1,0,OK,3.0,3.172,476.0,150.007,,1179.977,,,85.0,1509.0
2026-08-06 16:43:32.886,3231654,484767,150006016,1179.971678,,937.316,0x00,0x00,CURRENT,1,0,OK,3.0,3.172,476.0,150.007,,1179.977,,,85.0,1509.0
2026-08-06 16:43:33.701,3267715,490177,150005936,1179.970833,,938.131,0x00,0x00,CURRENT,1,0,OK,3.0,3.172,476.0,150.007,,1179.977,,,85.0,1509.0
2026-08-06 16:43:34.535,3299447,494936,150005792,1179.969313,,938.964,0x00,0x00,CURRENT,1,0,OK,3.0,3.289,493.0,150.006,,1179.972,,,82.0,1623.0
2026-08-06 16:43:35.386,3326744,499030,150005648,1179.967792,,939.816,0x00,0x00,CURRENT,1,0,OK,3.0,3.289,493.0,150.006,,1179.972,,,82.0,1623.0
2026-08-06 16:43:36.220,3349652,502467,150005600,1179.967285,,940.649,0x00,0x00,CURRENT,1,0,OK,3.0,3.346,502.0,150.006,,1179.971,,,80.0,1680.0
2026-08-06 16:43:37.035,3368224,505252,150005488,1179.966103,,941.465,0x00,0x00,CURRENT,1,0,OK,3.0,3.346,502.0,150.006,,1179.971,,,80.0,1680.0
2026-08-06 16:43:38.349,3379011,506870,150005440,1179.965596,,942.779,0x00,0x00,CURRENT,1,0,OK,3.0,3.386,508.0,150.006,,1179.97,,,77.0,1720.0
2026-08-06 16:43:39.164,3385564,507853,150005440,1179.965596,,943.593,0x00,0x00,CURRENT,1,0,OK,3.0,3.386,508.0,150.006,,1179.97,,,77.0,1720.0
2026-08-06 16:43:39.998,3388254,508257,150005440,1179.965596,,944.428,0x00,0x00,CURRENT,1,0,OK,3.0,3.413,512.0,150.006,,1179.968,,,72.0,1748.0
2026-08-06 16:43:40.886,3387100,508083,150005440,1179.965596,,945.315,0x00,0x00,CURRENT,1,0,OK,3.0,3.413,512.0,150.006,,1179.968,,,72.0,1748.0
2026-08-06 16:43:41.701,3382307,507364,150005440,1179.965596,,946.131,0x00,0x00,CURRENT,1,0,OK,3.0,3.413,512.0,150.006,,1179.968,,,72.0,1748.0
2026-08-06 16:43:42.535,3374227,506152,150005440,1179.965596,,946.965,0x00,0x00,CURRENT,1,0,OK,3.0,3.406,511.0,150.006,,1179.968,,,67.0,1740.0
2026-08-06 16:43:43.385,3363010,504470,150005440,1179.965596,,947.815,0x00,0x00,CURRENT,1,0,OK,3.0,3.406,511.0,150.006,,1179.968,,,67.0,1740.0
2026-08-06 16:43:44.219,3348988,502367,150005488,1179.966103,,948.649,0x00,0x00,CURRENT,1,0,OK,3.0,3.385,508.0,150.006,,1179.969,,,64.0,1718.0
2026-08-06 16:43:45.034,3332472,499889,150005552,1179.966778,,949.464,0x00,0x00,CURRENT,1,0,OK,3.0,3.385,508.0,150.006,,1179.969,,,64.0,1718.0
2026-08-06 16:43:46.348,3310725,496627,150005552,1179.966778,,950.778,0x00,0x00,CURRENT,1,0,OK,3.0,3.352,503.0,150.006,,1179.97,,,61.0,1685.0
2026-08-06 16:43:47.163,3287375,493125,150005664,1179.967961,,951.592,0x00,0x00,CURRENT,1,0,OK,3.0,3.352,503.0,150.006,,1179.97,,,61.0,1685.0
2026-08-06 16:43:47.997,3262514,489396,150005728,1179.968637,,952.427,0x00,0x00,CURRENT,1,0,OK,3.0,3.287,493.0,150.006,,1179.971,,,57.0,1621.0
2026-08-06 16:43:48.886,3236713,485526,150005792,1179.969313,,953.316,0x00,0x00,CURRENT,1,0,OK,3.0,3.287,493.0,150.006,,1179.971,,,57.0,1621.0
2026-08-06 16:43:49.701,3210023,481522,150005888,1179.970327,,954.131,0x00,0x00,CURRENT,1,0,OK,3.0,3.287,493.0,150.006,,1179.971,,,57.0,1621.0
2026-08-06 16:43:50.535,3182831,477444,150005952,1179.971002,,954.965,0x00,0x00,CURRENT,1,0,OK,3.0,3.21,481.0,150.006,,1179.973,,,54.0,1545.0
2026-08-06 16:43:51.387,3155481,473341,150005952,1179.971002,,955.817,0x00,0x00,CURRENT,1,0,OK,3.0,3.21,481.0,150.006,,1179.973,,,54.0,1545.0
2026-08-06 16:43:52.221,3128167,469244,150006080,1179.972354,,956.650,0x00,0x00,CURRENT,1,0,OK,3.0,3.155,473.0,150.006,,1179.975,,,53.0,1493.0
2026-08-06 16:43:53.036,3101029,465174,150006192,1179.973537,,957.466,0x00,0x00,CURRENT,1,0,OK,3.0,3.155,473.0,150.006,,1179.975,,,53.0,1493.0
2026-08-06 16:43:54.350,3073741,461080,150006272,1179.974381,,958.780,0x00,0x00,CURRENT,1,0,OK,3.0,3.101,465.0,150.007,,1179.978,,,52.0,1442.0
2026-08-06 16:43:55.165,3047319,457117,150006336,1179.975057,,959.595,0x00,0x00,CURRENT,1,0,OK,3.0,3.101,465.0,150.007,,1179.978,,,52.0,1442.0
2026-08-06 16:43:55.999,3022045,453326,150006416,1179.975902,,960.429,0x00,0x00,CURRENT,1,0,OK,3.0,3.023,453.0,150.007,,1179.98,,,51.0,1371.0
2026-08-06 16:43:56.886,2998044,449726,150006480,1179.976578,,961.316,0x00,0x00,CURRENT,1,0,OK,3.0,3.023,453.0,150.007,,1179.98,,,51.0,1371.0
2026-08-06 16:43:57.701,2975411,446331,150006608,1179.977929,,962.131,0x00,0x00,CURRENT,1,0,OK,3.0,3.023,453.0,150.007,,1179.98,,,51.0,1371.0
2026-08-06 16:43:58.535,2954414,443182,150006688,1179.978774,,962.964,0x00,0x00,CURRENT,1,0,OK,3.0,2.955,443.0,150.007,,1179.982,,,52.0,1310.0
2026-08-06 16:43:59.386,2934978,440266,150006736,1179.979281,,963.815,0x00,0x00,CURRENT,1,0,OK,3.0,2.955,443.0,150.007,,1179.982,,,52.0,1310.0
2026-08-06 16:44:00.220,2917344,437621,150006784,1179.979788,,964.650,0x00,0x00,CURRENT,1,0,OK,3.0,2.916,437.0,150.007,,1179.984,,,52.0,1276.0
2026-08-06 16:44:01.035,2901422,435233,150006928,1179.981309,,965.465,0x00,0x00,CURRENT,1,0,OK,3.0,2.916,437.0,150.007,,1179.984,,,52.0,1276.0
2026-08-06 16:44:02.349,2888480,433292,150006944,1179.981478,,966.778,0x00,0x00,CURRENT,1,0,OK,3.0,2.884,433.0,150.007,,1179.986,,,53.0,1248.0
2026-08-06 16:44:03.164,2877361,431624,150006992,1179.981984,,967.593,0x00,0x00,CURRENT,1,0,OK,3.0,2.884,433.0,150.007,,1179.986,,,53.0,1248.0
2026-08-06 16:44:03.998,2868146,430242,150007088,1179.982998,,968.427,0x00,0x00,CURRENT,1,0,OK,3.0,2.85,428.0,150.007,,1179.987,,,55.0,1219.0
2026-08-06 16:44:04.886,2860734,429130,150007072,1179.982829,,969.315,0x00,0x00,CURRENT,1,0,OK,3.0,2.85,428.0,150.007,,1179.987,,,55.0,1219.0
2026-08-06 16:44:05.701,2855198,428300,150007088,1179.982998,,970.130,0x00,0x00,CURRENT,1,0,OK,3.0,2.85,428.0,150.007,,1179.987,,,55.0,1219.0
2026-08-06 16:44:06.535,2851287,427713,150007088,1179.982998,,970.964,0x00,0x00,CURRENT,1,0,OK,3.0,2.832,425.0,150.008,,1179.989,,,57.0,1203.0
2026-08-06 16:44:07.386,2849082,427383,150007088,1179.982998,,971.816,0x00,0x00,CURRENT,1,0,OK,3.0,2.832,425.0,150.008,,1179.989,,,57.0,1203.0
2026-08-06 16:44:08.220,2848492,427294,150007088,1179.982998,,972.649,0x00,0x00,CURRENT,1,0,OK,3.0,2.828,424.0,150.008,,1179.989,,,58.0,1200.0
2026-08-06 16:44:09.035,2849445,427437,150007104,1179.983167,,973.464,0x00,0x00,CURRENT,1,0,OK,3.0,2.828,424.0,150.008,,1179.989,,,58.0,1200.0
2026-08-06 16:44:10.349,2853369,428026,150007136,1179.983505,,974.778,0x00,0x00,CURRENT,1,0,OK,3.0,2.83,425.0,150.008,,1179.99,,,60.0,1202.0
2026-08-06 16:44:11.163,2858618,428813,150007200,1179.984181,,975.593,0x00,0x00,CURRENT,1,0,OK,3.0,2.83,425.0,150.008,,1179.99,,,60.0,1202.0
2026-08-06 16:44:11.998,2864953,429764,150007232,1179.984519,,976.428,0x00,0x00,CURRENT,1,0,OK,3.0,2.844,427.0,150.008,,1179.988,,,61.0,1214.0
2026-08-06 16:44:12.886,2872155,430844,150007168,1179.983843,,977.315,0x00,0x00,CURRENT,1,0,OK,3.0,2.844,427.0,150.008,,1179.988,,,61.0,1214.0
2026-08-06 16:44:13.701,2880343,432072,150007120,1179.983336,,978.130,0x00,0x00,CURRENT,1,0,OK,3.0,2.844,427.0,150.008,,1179.988,,,61.0,1214.0
2026-08-06 16:44:14.535,2889288,433414,150007184,1179.984012,,978.964,0x00,0x00,CURRENT,1,0,OK,3.0,2.868,430.0,150.007,,1179.987,,,63.0,1234.0
2026-08-06 16:44:15.385,2898798,434841,150007152,1179.983674,,979.815,0x00,0x00,CURRENT,1,0,OK,3.0,2.868,430.0,150.007,,1179.987,,,63.0,1234.0
2026-08-06 16:44:16.220,2908842,436347,150007088,1179.982998,,980.649,0x00,0x00,CURRENT,1,0,OK,3.0,2.888,433.0,150.007,,1179.986,,,64.0,1251.0
2026-08-06 16:44:17.035,2919223,437904,150007056,1179.982660,,981.464,0x00,0x00,CURRENT,1,0,OK,3.0,2.888,433.0,150.007,,1179.986,,,64.0,1251.0
2026-08-06 16:44:18.348,2930604,439611,150006960,1179.981647,,982.778,0x00,0x00,CURRENT,1,0,OK,3.0,2.909,436.0,150.007,,1179.984,,,65.0,1270.0
2026-08-06 16:44:19.164,2942083,441333,150006944,1179.981478,,983.593,0x00,0x00,CURRENT,1,0,OK,3.0,2.909,436.0,150.007,,1179.984,,,65.0,1270.0
2026-08-06 16:44:19.998,2953492,443044,150006896,1179.980971,,984.427,0x00,0x00,CURRENT,1,0,OK,3.0,2.943,442.0,150.007,,1179.983,,,66.0,1299.0
2026-08-06 16:44:20.885,2964664,444720,150006832,1179.980295,,985.315,0x00,0x00,CURRENT,1,0,OK,3.0,2.943,442.0,150.007,,1179.983,,,66.0,1299.0
2026-08-06 16:44:21.701,2975616,446363,150006816,1179.980126,,986.130,0x00,0x00,CURRENT,1,0,OK,3.0,2.943,442.0,150.007,,1179.983,,,66.0,1299.0
2026-08-06 16:44:22.535,2986191,447949,150006768,1179.979619,,986.964,0x00,0x00,CURRENT,1,0,OK,3.0,2.977,447.0,150.007,,1179.981,,,66.0,1329.0
2026-08-06 16:44:23.387,2996410,449482,150006720,1179.979112,,987.816,0x00,0x00,CURRENT,1,0,OK,3.0,2.977,447.0,150.007,,1179.981,,,66.0,1329.0
2026-08-06 16:44:24.221,3006122,450938,150006688,1179.978774,,988.650,0x00,0x00,CURRENT,1,0,OK,3.0,2.997,450.0,150.007,,1179.98,,,66.0,1348.0
2026-08-06 16:44:25.036,3015357,452324,150006672,1179.978605,,989.465,0x00,0x00,CURRENT,1,0,OK,3.0,2.997,450.0,150.007,,1179.98,,,66.0,1348.0
2026-08-06 16:44:26.349,3023798,453590,150006640,1179.978267,,990.779,0x00,0x00,CURRENT,1,0,OK,3.0,3.016,452.0,150.007,,1179.979,,,66.0,1365.0
2026-08-06 16:44:27.164,3031464,454739,150006592,1179.977761,,991.594,0x00,0x00,CURRENT,1,0,OK,3.0,3.016,452.0,150.007,,1179.979,,,66.0,1365.0
2026-08-06 16:44:27.998,3038405,455781,150006592,1179.977761,,992.428,0x00,0x00,CURRENT,1,0,OK,3.0,3.04,456.0,150.007,,1179.978,,,66.0,1386.0
2026-08-06 16:44:28.885,3044501,456695,150006544,1179.977254,,993.315,0x00,0x00,CURRENT,1,0,OK,3.0,3.04,456.0,150.007,,1179.978,,,66.0,1386.0
2026-08-06 16:44:29.701,3049954,457513,150006528,1179.977085,,994.130,0x00,0x00,CURRENT,1,0,OK,3.0,3.04,456.0,150.007,,1179.978,,,66.0,1386.0
2026-08-06 16:44:30.534,3054624,458213,150006512,1179.976916,,994.964,0x00,0x00,CURRENT,1,0,OK,3.0,3.057,459.0,150.007,,1179.977,,,65.0,1402.0
2026-08-06 16:44:31.385,3058390,458778,150006528,1179.977085,,995.815,0x00,0x00,CURRENT,1,0,OK,3.0,3.057,459.0,150.007,,1179.977,,,65.0,1402.0
2026-08-06 16:44:32.219,3061456,459238,150006512,1179.976916,,996.649,0x00,0x00,CURRENT,1,0,OK,3.0,3.065,460.0,150.007,,1179.977,,,65.0,1409.0
2026-08-06 16:44:33.034,3063705,459576,150006528,1179.977085,,997.464,0x00,0x00,CURRENT,1,0,OK,3.0,3.065,460.0,150.007,,1179.977,,,65.0,1409.0
2026-08-06 16:44:34.348,3064665,459720,150006480,1179.976578,,998.778,0x00,0x00,CURRENT,1,0,OK,3.0,3.07,460.0,150.007,,1179.977,,,64.0,1413.0
2026-08-06 16:44:35.163,3064900,459755,150006544,1179.977254,,999.593,0x00,0x00,CURRENT,1,0,OK,3.0,3.07,460.0,150.007,,1179.977,,,64.0,1413.0
2026-08-06 16:44:35.997,3064450,459687,150006496,1179.976747,,1000.427,0x00,0x00,CURRENT,1,0,OK,3.0,3.071,461.0,150.007,,1179.977,,,63.0,1415.0
2026-08-06 16:44:36.887,3063515,459547,150006512,1179.976916,,1001.316,0x00,0x00,CURRENT,1,0,OK,3.0,3.071,461.0,150.007,,1179.977,,,63.0,1415.0
2026-08-06 16:44:37.701,3061960,459314,150006480,1179.976578,,1002.131,0x00,0x00,CURRENT,1,0,OK,3.0,3.071,461.0,150.007,,1179.977,,,63.0,1415.0
2026-08-06 16:44:38.535,3059979,459017,150006512,1179.976916,,1002.965,0x00,0x00,CURRENT,1,0,OK,3.0,3.068,460.0,150.006,,1179.977,,,62.0,1412.0
2026-08-06 16:44:39.385,3057421,458633,150006496,1179.976747,,1003.815,0x00,0x00,CURRENT,1,0,OK,3.0,3.068,460.0,150.006,,1179.977,,,62.0,1412.0
2026-08-06 16:44:40.220,3054491,458194,150006544,1179.977254,,1004.649,0x00,0x00,CURRENT,1,0,OK,3.0,3.062,459.0,150.006,,1179.977,,,62.0,1407.0
2026-08-06 16:44:41.034,3051202,457700,150006608,1179.977929,,1005.464,0x00,0x00,CURRENT,1,0,OK,3.0,3.062,459.0,150.006,,1179.977,,,62.0,1407.0
2026-08-06 16:44:42.348,3047069,457080,150006608,1179.977929,,1006.778,0x00,0x00,CURRENT,1,0,OK,3.0,3.056,458.0,150.007,,1179.978,,,61.0,1401.0
2026-08-06 16:44:43.163,3042803,456441,150006624,1179.978098,,1007.593,0x00,0x00,CURRENT,1,0,OK,3.0,3.056,458.0,150.007,,1179.978,,,61.0,1401.0
2026-08-06 16:44:43.997,3038243,455757,150006656,1179.978436,,1008.427,0x00,0x00,CURRENT,1,0,OK,3.0,3.043,457.0,150.007,,1179.977,,,61.0,1389.0
2026-08-06 16:44:44.885,3033573,455056,150006688,1179.978774,,1009.315,0x00,0x00,CURRENT,1,0,OK,3.0,3.043,457.0,150.007,,1179.977,,,61.0,1389.0
2026-08-06 16:44:45.700,3028973,454366,150006672,1179.978605,,1010.130,0x00,0x00,CURRENT,1,0,OK,3.0,3.043,457.0,150.007,,1179.977,,,61.0,1389.0
2026-08-06 16:44:46.534,3024270,453661,150006672,1179.978605,,1010.964,0x00,0x00,CURRENT,1,0,OK,3.0,3.03,454.0,150.007,,1179.977,,,60.0,1377.0
2026-08-06 16:44:47.386,3019637,452966,150006656,1179.978436,,1011.816,0x00,0x00,CURRENT,1,0,OK,3.0,3.03,454.0,150.007,,1179.977,,,60.0,1377.0
2026-08-06 16:44:48.220,3015066,452280,150006720,1179.979112,,1012.650,0x00,0x00,CURRENT,1,0,OK,3.0,3.02,453.0,150.007,,1179.978,,,60.0,1368.0
2026-08-06 16:44:49.035,3010557,451604,150006752,1179.979450,,1013.465,0x00,0x00,CURRENT,1,0,OK,3.0,3.02,453.0,150.007,,1179.978,,,60.0,1368.0
2026-08-06 16:44:50.349,3006100,450935,150006704,1179.978943,,1014.779,0x00,0x00,CURRENT,1,0,OK,3.0,3.011,452.0,150.007,,1179.978,,,60.0,1360.0
2026-08-06 16:44:51.164,3001859,450299,150006752,1179.979450,,1015.594,0x00,0x00,CURRENT,1,0,OK,3.0,3.011,452.0,150.007,,1179.978,,,60.0,1360.0
2026-08-06 16:44:51.998,2997835,449695,150006752,1179.979450,,1016.428,0x00,0x00,CURRENT,1,0,OK,3.0,2.998,450.0,150.007,,1179.978,,,60.0,1348.0
2026-08-06 16:44:52.886,2994008,449121,150006752,1179.979450,,1017.316,0x00,0x00,CURRENT,1,0,OK,3.0,2.998,450.0,150.007,,1179.978,,,60.0,1348.0
2026-08-06 16:44:53.701,2990541,448601,150006720,1179.979112,,1018.131,0x00,0x00,CURRENT,1,0,OK,3.0,2.998,450.0,150.007,,1179.978,,,60.0,1348.0
2026-08-06 16:44:54.535,2987247,448107,150006672,1179.978605,,1018.965,0x00,0x00,CURRENT,1,0,OK,3.0,2.987,448.0,150.007,,1179.978,,,60.0,1339.0
2026-08-06 16:44:55.386,2984290,447663,150006688,1179.978774,,1019.816,0x00,0x00,CURRENT,1,0,OK,3.0,2.987,448.0,150.007,,1179.978,,,60.0,1339.0
2026-08-06 16:44:56.220,2981643,447266,150006704,1179.978943,,1020.650,0x00,0x00,CURRENT,1,0,OK,3.0,2.981,447.0,150.007,,1179.978,,,60.0,1333.0
2026-08-06 16:44:57.035,2979292,446914,150006704,1179.978943,,1021.465,0x00,0x00,CURRENT,1,0,OK,3.0,2.981,447.0,150.007,,1179.978,,,60.0,1333.0
2026-08-06 16:44:58.349,2977570,446655,150006688,1179.978774,,1022.779,0x00,0x00,CURRENT,1,0,OK,3.0,2.977,447.0,150.007,,1179.978,,,60.0,1329.0
2026-08-06 16:44:59.164,2976098,446435,150006752,1179.979450,,1023.594,0x00,0x00,CURRENT,1,0,OK,3.0,2.977,447.0,150.007,,1179.978,,,60.0,1329.0
2026-08-06 16:44:59.998,2975039,446276,150006752,1179.979450,,1024.428,0x00,0x00,CURRENT,1,0,OK,3.0,2.972,446.0,150.007,,1179.977,,,61.0,1325.0
2026-08-06 16:45:00.885,2974200,446150,150006768,1179.979619,,1025.315,0x00,0x00,CURRENT,1,0,OK,3.0,2.972,446.0,150.007,,1179.977,,,61.0,1325.0
2026-08-06 16:45:01.700,2973737,446081,150006768,1179.979619,,1026.130,0x00,0x00,CURRENT,1,0,OK,3.0,2.972,446.0,150.007,,1179.977,,,61.0,1325.0
2026-08-06 16:45:02.534,2973472,446041,150006784,1179.979788,,1026.964,0x00,0x00,CURRENT,1,0,OK,3.0,2.97,446.0,150.006,,1179.977,,,61.0,1323.0
2026-08-06 16:45:03.385,2973551,446053,150006768,1179.979619,,1027.815,0x00,0x00,CURRENT,1,0,OK,3.0,2.97,446.0,150.006,,1179.977,,,61.0,1323.0
2026-08-06 16:45:04.219,2973795,446089,150006768,1179.979619,,1028.649,0x00,0x00,CURRENT,1,0,OK,3.0,2.97,446.0,150.007,,1179.977,,,61.0,1324.0
2026-08-06 16:45:05.034,2974361,446174,150006832,1179.980295,,1029.464,0x00,0x00,CURRENT,1,0,OK,3.0,2.97,446.0,150.007,,1179.977,,,61.0,1324.0
2026-08-06 16:45:06.348,2975413,446332,150006848,1179.980464,,1030.777,0x00,0x00,CURRENT,1,0,OK,3.0,2.972,446.0,150.007,,1179.977,,,62.0,1325.0
2026-08-06 16:45:07.163,2976577,446507,150006800,1179.979957,,1031.593,0x00,0x00,CURRENT,1,0,OK,3.0,2.972,446.0,150.007,,1179.977,,,62.0,1325.0
2026-08-06 16:45:07.997,2978028,446724,150006784,1179.979788,,1032.427,0x00,0x00,CURRENT,1,0,OK,3.0,2.975,446.0,150.006,,1179.976,,,62.0,1327.0
2026-08-06 16:45:08.886,2979581,446957,150006752,1179.979450,,1033.316,0x00,0x00,CURRENT,1,0,OK,3.0,2.975,446.0,150.006,,1179.976,,,62.0,1327.0
2026-08-06 16:45:09.701,2981222,447203,150006752,1179.979450,,1034.131,0x00,0x00,CURRENT,1,0,OK,3.0,2.975,446.0,150.006,,1179.976,,,62.0,1327.0
2026-08-06 16:45:10.535,2982944,447462,150006736,1179.979281,,1034.964,0x00,0x00,CURRENT,1,0,OK,3.0,2.98,447.0,150.006,,1179.976,,,62.0,1332.0
2026-08-06 16:45:11.386,2984746,447732,150006752,1179.979450,,1035.816,0x00,0x00,CURRENT,1,0,OK,3.0,2.98,447.0,150.006,,1179.976,,,62.0,1332.0
2026-08-06 16:45:12.220,2986619,448013,150006768,1179.979619,,1036.650,0x00,0x00,CURRENT,1,0,OK,3.0,2.983,448.0,150.006,,1179.976,,,62.0,1335.0
2026-08-06 16:45:13.035,2988570,448306,150006720,1179.979112,,1037.465,0x00,0x00,CURRENT,1,0,OK,3.0,2.983,448.0,150.006,,1179.976,,,62.0,1335.0
2026-08-06 16:45:14.349,2990587,448608,150006752,1179.979450,,1038.779,0x00,0x00,CURRENT,1,0,OK,3.0,2.987,448.0,150.006,,1179.976,,,62.0,1339.0
2026-08-06 16:45:15.164,2992507,448896,150006752,1179.979450,,1039.594,0x00,0x00,CURRENT,1,0,OK,3.0,2.987,448.0,150.006,,1179.976,,,62.0,1339.0
2026-08-06 16:45:15.998,2994500,449195,150006704,1179.978943,,1040.428,0x00,0x00,CURRENT,1,0,OK,3.0,2.993,449.0,150.006,,1179.977,,,63.0,1344.0
2026-08-06 16:45:16.886,2996390,449479,150006688,1179.978774,,1041.316,0x00,0x00,CURRENT,1,0,OK,3.0,2.993,449.0,150.006,,1179.977,,,63.0,1344.0
2026-08-06 16:45:17.701,2998187,449748,150006736,1179.979281,,1042.131,0x00,0x00,CURRENT,1,0,OK,3.0,2.993,449.0,150.006,,1179.977,,,63.0,1344.0
2026-08-06 16:45:18.535,2999898,450005,150006672,1179.978605,,1042.964,0x00,0x00,CURRENT,1,0,OK,3.0,2.999,450.0,150.006,,1179.976,,,63.0,1349.0
2026-08-06 16:45:19.386,3001527,450249,150006592,1179.977761,,1043.816,0x00,0x00,CURRENT,1,0,OK,3.0,2.999,450.0,150.006,,1179.976,,,63.0,1349.0
2026-08-06 16:45:20.220,3003066,450480,150006576,1179.977592,,1044.649,0x00,0x00,CURRENT,1,0,OK,3.0,3.002,450.0,150.006,,1179.976,,,63.0,1352.0
2026-08-06 16:45:21.035,3004530,450699,150006576,1179.977592,,1045.464,0x00,0x00,CURRENT,1,0,OK,3.0,3.002,450.0,150.006,,1179.976,,,63.0,1352.0
2026-08-06 16:45:22.349,3005754,450883,150006528,1179.977085,,1046.778,0x00,0x00,CURRENT,1,0,OK,3.0,3.005,451.0,150.007,,1179.977,,,63.0,1355.0
2026-08-06 16:45:23.184,3006913,451057,150006576,1179.977592,,1047.614,0x00,0x00,CURRENT,1,0,OK,3.0,3.005,451.0,150.007,,1179.977,,,63.0,1355.0
2026-08-06 16:45:23.998,3007851,451197,150006560,1179.977423,,1048.427,0x00,0x00,CURRENT,1,0,OK,3.0,3.009,451.0,150.007,,1179.977,,,62.0,1358.0
2026-08-06 16:45:24.886,3008749,451332,150006624,1179.978098,,1049.316,0x00,0x00,CURRENT,1,0,OK,3.0,3.009,451.0,150.007,,1179.977,,,62.0,1358.0
2026-08-06 16:45:25.701,3009429,451434,150006688,1179.978774,,1050.130,0x00,0x00,CURRENT,1,0,OK,3.0,3.009,451.0,150.007,,1179.977,,,62.0,1358.0
2026-08-06 16:45:26.535,3010079,451532,150006608,1179.977929,,1050.965,0x00,0x00,CURRENT,1,0,OK,3.0,3.011,452.0,150.007,,1179.977,,,62.0,1360.0
2026-08-06 16:45:27.385,3010525,451599,150006624,1179.978098,,1051.815,0x00,0x00,CURRENT,1,0,OK,3.0,3.011,452.0,150.007,,1179.977,,,62.0,1360.0
2026-08-06 16:45:28.219,3010945,451662,150006656,1179.978436,,1052.649,0x00,0x00,CURRENT,1,0,OK,3.0,3.012,452.0,150.007,,1179.977,,,62.0,1361.0
2026-08-06 16:45:29.035,3011183,451698,150006704,1179.978943,,1053.464,0x00,0x00,CURRENT,1,0,OK,3.0,3.012,452.0,150.007,,1179.977,,,62.0,1361.0
2026-08-06 16:45:30.349,3011231,451705,150006688,1179.978774,,1054.779,0x00,0x00,CURRENT,1,0,OK,3.0,3.012,452.0,150.006,,1179.977,,,62.0,1361.0
2026-08-06 16:45:31.164,3011111,451687,150006704,1179.978943,,1055.594,0x00,0x00,CURRENT,1,0,OK,3.0,3.012,452.0,150.006,,1179.977,,,62.0,1361.0
2026-08-06 16:45:31.998,3010828,451644,150006720,1179.979112,,1056.428,0x00,0x00,CURRENT,1,0,OK,3.0,3.012,452.0,150.007,,1179.977,,,62.0,1361.0
2026-08-06 16:45:32.885,3010560,451604,150006736,1179.979281,,1057.314,0x00,0x00,CURRENT,1,0,OK,3.0,3.012,452.0,150.007,,1179.977,,,62.0,1361.0
2026-08-06 16:45:33.700,3010133,451540,150006688,1179.978774,,1058.129,0x00,0x00,CURRENT,1,0,OK,3.0,3.012,452.0,150.007,,1179.977,,,62.0,1361.0
2026-08-06 16:45:34.534,3009720,451478,150006704,1179.978943,,1058.963,0x00,0x00,CURRENT,1,0,OK,3.0,3.011,452.0,150.006,,1179.977,,,62.0,1360.0
2026-08-06 16:45:35.385,3009165,451395,150006736,1179.979281,,1059.815,0x00,0x00,CURRENT,1,0,OK,3.0,3.011,452.0,150.006,,1179.977,,,62.0,1360.0
2026-08-06 16:45:36.220,3008642,451317,150006752,1179.979450,,1060.649,0x00,0x00,CURRENT,1,0,OK,3.0,3.01,452.0,150.006,,1179.977,,,62.0,1359.0
2026-08-06 16:45:37.035,3007990,451219,150006736,1179.979281,,1061.464,0x00,0x00,CURRENT,1,0,OK,3.0,3.01,452.0,150.006,,1179.977,,,62.0,1359.0
2026-08-06 16:45:38.349,3007201,451100,150006768,1179.979619,,1062.778,0x00,0x00,CURRENT,1,0,OK,3.0,3.009,451.0,150.007,,1179.977,,,62.0,1358.0
2026-08-06 16:45:39.164,3006446,450987,150006768,1179.979619,,1063.593,0x00,0x00,CURRENT,1,0,OK,3.0,3.009,451.0,150.007,,1179.977,,,62.0,1358.0
2026-08-06 16:45:39.997,3005566,450855,150006800,1179.979957,,1064.427,0x00,0x00,CURRENT,1,0,OK,3.0,3.006,451.0,150.007,,1179.978,,,62.0,1356.0
2026-08-06 16:45:40.886,3004728,450730,150006768,1179.979619,,1065.315,0x00,0x00,CURRENT,1,0,OK,3.0,3.006,451.0,150.007,,1179.978,,,62.0,1356.0
2026-08-06 16:45:41.701,3003930,450610,150006768,1179.979619,,1066.130,0x00,0x00,CURRENT,1,0,OK,3.0,3.006,451.0,150.007,,1179.978,,,62.0,1356.0
2026-08-06 16:45:42.535,3003174,450497,150006816,1179.980126,,1066.964,0x00,0x00,CURRENT,1,0,OK,3.0,3.004,451.0,150.007,,1179.978,,,62.0,1354.0
2026-08-06 16:45:43.386,3002456,450389,150006832,1179.980295,,1067.815,0x00,0x00,CURRENT,1,0,OK,3.0,3.004,451.0,150.007,,1179.978,,,62.0,1354.0
2026-08-06 16:45:44.220,3001611,450262,150006880,1179.980802,,1068.649,0x00,0x00,CURRENT,1,0,OK,3.0,3.002,450.0,150.007,,1179.979,,,62.0,1352.0
2026-08-06 16:45:45.035,3000806,450142,150006880,1179.980802,,1069.464,0x00,0x00,CURRENT,1,0,OK,3.0,3.002,450.0,150.007,,1179.979,,,62.0,1352.0
2026-08-06 16:45:46.349,3000037,450026,150006848,1179.980464,,1070.778,0x00,0x00,CURRENT,1,0,OK,3.0,3.001,450.0,150.007,,1179.98,,,62.0,1351.0
2026-08-06 16:45:47.163,2999305,449916,150006864,1179.980633,,1071.593,0x00,0x00,CURRENT,1,0,OK,3.0,3.001,450.0,150.007,,1179.98,,,62.0,1351.0
2026-08-06 16:45:47.997,2998621,449814,150006832,1179.980295,,1072.427,0x00,0x00,CURRENT,1,0,OK,3.0,2.999,450.0,150.007,,1179.979,,,62.0,1349.0
2026-08-06 16:45:48.886,2997968,449716,150006800,1179.979957,,1073.315,0x00,0x00,CURRENT,1,0,OK,3.0,2.999,450.0,150.007,,1179.979,,,62.0,1349.0
2026-08-06 16:45:49.700,2997520,449648,150006800,1179.979957,,1074.130,0x00,0x00,CURRENT,1,0,OK,3.0,2.999,450.0,150.007,,1179.979,,,62.0,1349.0
2026-08-06 16:45:50.534,2997086,449583,150006848,1179.980464,,1074.964,0x00,0x00,CURRENT,1,0,OK,3.0,2.997,450.0,150.007,,1179.979,,,62.0,1347.0
2026-08-06 16:45:51.384,2996678,449522,150006864,1179.980633,,1075.814,0x00,0x00,CURRENT,1,0,OK,3.0,2.997,450.0,150.007,,1179.979,,,62.0,1347.0
2026-08-06 16:45:52.218,2996283,449463,150006832,1179.980295,,1076.648,0x00,0x00,CURRENT,1,0,OK,3.0,2.996,449.0,150.007,,1179.98,,,62.0,1347.0
2026-08-06 16:45:53.033,2995904,449406,150006800,1179.979957,,1077.463,0x00,0x00,CURRENT,1,0,OK,3.0,2.996,449.0,150.007,,1179.98,,,62.0,1347.0
2026-08-06 16:45:54.347,2995707,449377,150006832,1179.980295,,1078.777,0x00,0x00,CURRENT,1,0,OK,3.0,2.995,449.0,150.007,,1179.979,,,62.0,1346.0
2026-08-06 16:45:55.162,2995521,449349,150006816,1179.980126,,1079.592,0x00,0x00,CURRENT,1,0,OK,3.0,2.995,449.0,150.007,,1179.979,,,62.0,1346.0
2026-08-06 16:45:55.996,2995338,449321,150006784,1179.979788,,1080.426,0x00,0x00,CURRENT,1,0,OK,3.0,2.995,449.0,150.007,,1179.979,,,62.0,1345.0
2026-08-06 16:45:56.885,2995332,449320,150006752,1179.979450,,1081.315,0x00,0x00,CURRENT,1,0,OK,3.0,2.995,449.0,150.007,,1179.979,,,62.0,1345.0
2026-08-06 16:45:57.700,2995329,449319,150006704,1179.978943,,1082.130,0x00,0x00,CURRENT,1,0,OK,3.0,2.995,449.0,150.007,,1179.979,,,62.0,1345.0
2026-08-06 16:45:58.534,2995330,449320,150006736,1179.979281,,1082.964,0x00,0x00,CURRENT,1,0,OK,3.0,2.995,449.0,150.007,,1179.979,,,62.0,1345.0
2026-08-06 16:45:59.387,2995333,449320,150006736,1179.979281,,1083.816,0x00,0x00,CURRENT,1,0,OK,3.0,2.995,449.0,150.007,,1179.979,,,62.0,1345.0
2026-08-06 16:46:00.221,2995499,449345,150006752,1179.979450,,1084.650,0x00,0x00,CURRENT,1,0,OK,3.0,2.995,449.0,150.007,,1179.979,,,62.0,1345.0
2026-08-06 16:46:01.035,2995661,449369,150006800,1179.979957,,1085.465,0x00,0x00,CURRENT,1,0,OK,3.0,2.995,449.0,150.007,,1179.979,,,62.0,1345.0
2026-08-06 16:46:02.349,2995816,449393,150006816,1179.980126,,1086.779,0x00,0x00,CURRENT,1,0,OK,3.0,2.995,449.0,150.007,,1179.979,,,62.0,1346.0
2026-08-06 16:46:03.164,2996132,449440,150006752,1179.979450,,1087.594,0x00,0x00,CURRENT,1,0,OK,3.0,2.995,449.0,150.007,,1179.979,,,62.0,1346.0
2026-08-06 16:46:03.998,2996428,449484,150006752,1179.979450,,1088.428,0x00,0x00,CURRENT,1,0,OK,3.0,2.996,449.0,150.007,,1179.978,,,62.0,1346.0
2026-08-06 16:46:04.885,2996709,449526,150006688,1179.978774,,1089.315,0x00,0x00,CURRENT,1,0,OK,3.0,2.996,449.0,150.007,,1179.978,,,62.0,1346.0
2026-08-06 16:46:05.700,2996973,449566,150006672,1179.978605,,1090.130,0x00,0x00,CURRENT,1,0,OK,3.0,2.996,449.0,150.007,,1179.978,,,62.0,1346.0
2026-08-06 16:46:06.534,2997225,449604,150006640,1179.978267,,1090.964,0x00,0x00,CURRENT,1,0,OK,3.0,2.997,450.0,150.007,,1179.978,,,62.0,1347.0
2026-08-06 16:46:07.386,2997632,449665,150006656,1179.978436,,1091.816,0x00,0x00,CURRENT,1,0,OK,3.0,2.997,450.0,150.007,,1179.978,,,62.0,1347.0
2026-08-06 16:46:08.220,2998012,449722,150006640,1179.978267,,1092.650,0x00,0x00,CURRENT,1,0,OK,3.0,2.997,450.0,150.007,,1179.979,,,62.0,1348.0
2026-08-06 16:46:09.035,2998382,449777,150006608,1179.977929,,1093.465,0x00,0x00,CURRENT,1,0,OK,3.0,2.997,450.0,150.007,,1179.979,,,62.0,1348.0
2026-08-06 16:46:10.349,2998726,449829,150006624,1179.978098,,1094.779,0x00,0x00,CURRENT,1,0,OK,3.0,2.998,450.0,150.007,,1179.978,,,62.0,1348.0
2026-08-06 16:46:11.164,2999059,449879,150006576,1179.977592,,1095.594,0x00,0x00,CURRENT,1,0,OK,3.0,2.998,450.0,150.007,,1179.978,,,62.0,1348.0
2026-08-06 16:46:11.998,2999374,449926,150006528,1179.977085,,1096.428,0x00,0x00,CURRENT,1,0,OK,3.0,2.999,450.0,150.007,,1179.978,,,62.0,1349.0
2026-08-06 16:46:12.886,2999670,449970,150006512,1179.976916,,1097.316,0x00,0x00,CURRENT,1,0,OK,3.0,2.999,450.0,150.007,,1179.978,,,62.0,1349.0
2026-08-06 16:46:13.701,2999947,450012,150006560,1179.977423,,1098.131,0x00,0x00,CURRENT,1,0,OK,3.0,2.999,450.0,150.007,,1179.978,,,62.0,1349.0
2026-08-06 16:46:14.535,3000214,450052,150006544,1179.977254,,1098.965,0x00,0x00,CURRENT,1,0,OK,3.0,3.0,450.0,150.007,,1179.978,,,62.0,1350.0
2026-08-06 16:46:15.386,3000470,450090,150006576,1179.977592,,1099.816,0x00,0x00,CURRENT,1,0,OK,3.0,3.0,450.0,150.007,,1179.978,,,62.0,1350.0
2026-08-06 16:46:16.220,3000712,450127,150006592,1179.977761,,1100.650,0x00,0x00,CURRENT,1,0,OK,3.0,3.001,450.0,150.007,,1179.977,,,62.0,1351.0
2026-08-06 16:46:17.035,3000942,450161,150006624,1179.978098,,1101.465,0x00,0x00,CURRENT,1,0,OK,3.0,3.001,450.0,150.007,,1179.977,,,62.0,1351.0
2026-08-06 16:46:18.349,3001164,450194,150006576,1179.977592,,1102.779,0x00,0x00,CURRENT,1,0,OK,3.0,3.001,450.0,150.007,,1179.977,,,62.0,1351.0
2026-08-06 16:46:19.164,3001378,450226,150006512,1179.976916,,1103.594,0x00,0x00,CURRENT,1,0,OK,3.0,3.001,450.0,150.007,,1179.977,,,62.0,1351.0
2026-08-06 16:46:19.998,3001582,450257,150006528,1179.977085,,1104.428,0x00,0x00,CURRENT,1,0,OK,3.0,3.002,450.0,150.007,,1179.977,,,62.0,1352.0
2026-08-06 16:46:20.886,3001775,450286,150006560,1179.977423,,1105.316,0x00,0x00,CURRENT,1,0,OK,3.0,3.002,450.0,150.007,,1179.977,,,62.0,1352.0
2026-08-06 16:46:21.701,3001959,450313,150006528,1179.977085,,1106.131,0x00,0x00,CURRENT,1,0,OK,3.0,3.002,450.0,150.007,,1179.977,,,62.0,1352.0
2026-08-06 16:46:22.535,3001962,450314,150006528,1179.977085,,1106.965,0x00,0x00,CURRENT,1,0,OK,3.0,3.002,450.0,150.007,,1179.977,,,62.0,1352.0
2026-08-06 16:46:23.386,3001965,450314,150006560,1179.977423,,1107.816,0x00,0x00,CURRENT,1,0,OK,3.0,3.002,450.0,150.007,,1179.977,,,62.0,1352.0
2026-08-06 16:46:24.220,3001979,450317,150006592,1179.977761,,1108.649,0x00,0x00,CURRENT,1,0,OK,3.0,3.002,450.0,150.007,,1179.977,,,62.0,1352.0
2026-08-06 16:46:25.035,3001987,450318,150006560,1179.977423,,1109.465,0x00,0x00,CURRENT,1,0,OK,3.0,3.002,450.0,150.007,,1179.977,,,62.0,1352.0
2026-08-06 16:46:26.349,3001999,450320,150006576,1179.977592,,1110.779,0x00,0x00,CURRENT,1,0,OK,3.0,3.002,450.0,150.007,,1179.977,,,62.0,1352.0
2026-08-06 16:46:27.164,3002008,450321,150006656,1179.978436,,1111.594,0x00,0x00,CURRENT,1,0,OK,3.0,3.002,450.0,150.007,,1179.977,,,62.0,1352.0
2026-08-06 16:46:27.998,3002006,450321,150006672,1179.978605,,1112.428,0x00,0x00,CURRENT,1,0,OK,3.0,3.002,450.0,150.007,,1179.978,,,62.0,1352.0
2026-08-06 16:46:28.885,3002011,450322,150006656,1179.978436,,1113.315,0x00,0x00,CURRENT,1,0,OK,3.0,3.002,450.0,150.007,,1179.978,,,62.0,1352.0
2026-08-06 16:46:29.700,3001849,450297,150006624,1179.978098,,1114.130,0x00,0x00,CURRENT,1,0,OK,3.0,3.002,450.0,150.007,,1179.978,,,62.0,1352.0
2026-08-06 16:46:30.534,3001695,450274,150006656,1179.978436,,1114.964,0x00,0x00,CURRENT,1,0,OK,3.0,3.002,450.0,150.007,,1179.978,,,62.0,1352.0
2026-08-06 16:46:31.385,3001559,450254,150006672,1179.978605,,1115.815,0x00,0x00,CURRENT,1,0,OK,3.0,3.002,450.0,150.007,,1179.978,,,62.0,1352.0
2026-08-06 16:46:32.219,3001413,450232,150006656,1179.978436,,1116.649,0x00,0x00,CURRENT,1,0,OK,3.0,3.002,450.0,150.007,,1179.979,,,62.0,1352.0
2026-08-06 16:46:33.442,3351894,502802,150005440,1179.965596,,1117.872,0x00,0x00,CURRENT,1,0,OK,3.0,3.002,450.0,150.007,,1179.979,,,62.0,1352.0
2026-08-06 16:46:34.757,3386488,507991,150005328,1179.964413,,1119.187,0x00,0x00,CURRENT,1,0,OK,5.0,3.016,452.0,150.008,,1179.99,,,78.0,1365.0
2026-08-06 16:46:35.572,3436164,515442,150005152,1179.962555,,1120.002,0x00,0x00,CURRENT,1,0,OK,5.0,3.016,452.0,150.008,,1179.99,,,78.0,1365.0
2026-08-06 16:46:36.406,3499468,524938,150005024,1179.961203,,1120.836,0x00,0x00,CURRENT,1,0,OK,5.0,3.164,475.0,150.007,,1179.982,,,100.0,1502.0
2026-08-06 16:46:37.221,3575017,536270,150004832,1179.959176,,1121.651,0x00,0x00,CURRENT,1,0,OK,5.0,3.164,475.0,150.007,,1179.982,,,100.0,1502.0
2026-08-06 16:46:38.055,3661529,549246,150004576,1179.956472,,1122.484,0x00,0x00,CURRENT,1,0,OK,5.0,3.33,499.0,150.006,,1179.974,,,114.0,1663.0
2026-08-06 16:46:38.885,3757435,563632,150004352,1179.954107,,1123.315,0x00,0x00,CURRENT,1,0,OK,5.0,3.33,499.0,150.006,,1179.974,,,114.0,1663.0
2026-08-06 16:46:39.700,3861476,579237,150004112,1179.951573,,1124.130,0x00,0x00,CURRENT,1,0,OK,5.0,3.33,499.0,150.006,,1179.974,,,114.0,1663.0
2026-08-06 16:46:40.534,3972240,595851,150003824,1179.948531,,1124.964,0x00,0x00,CURRENT,1,0,OK,5.0,3.651,548.0,150.005,,1179.963,,,132.0,2000.0
2026-08-06 16:46:41.386,4088216,613247,150003616,1179.946335,,1125.815,0x00,0x00,CURRENT,1,0,OK,5.0,3.651,548.0,150.005,,1179.963,,,132.0,2000.0
2026-08-06 16:46:42.220,4208161,631238,150003344,1179.943463,,1126.649,0x00,0x00,CURRENT,1,0,OK,5.0,3.898,585.0,150.005,,1179.956,,,141.0,2280.0
2026-08-06 16:46:43.035,4330690,649617,150003072,1179.940591,,1127.464,0x00,0x00,CURRENT,1,0,OK,5.0,3.898,585.0,150.005,,1179.956,,,141.0,2280.0
2026-08-06 16:46:44.349,4460743,669124,150002832,1179.938056,,1128.778,0x00,0x00,CURRENT,1,0,OK,5.0,4.159,624.0,150.004,,1179.95,,,148.0,2595.0
2026-08-06 16:46:45.164,4589362,688416,150002672,1179.936367,,1129.593,0x00,0x00,CURRENT,1,0,OK,5.0,4.159,624.0,150.004,,1179.95,,,148.0,2595.0
2026-08-06 16:46:45.998,4715578,707348,150002448,1179.934001,,1130.427,0x00,0x00,CURRENT,1,0,OK,5.0,4.554,683.0,150.003,,1179.94,,,155.0,3111.0
2026-08-06 16:46:46.886,4838151,725733,150002192,1179.931298,,1131.315,0x00,0x00,CURRENT,1,0,OK,5.0,4.554,683.0,150.003,,1179.94,,,155.0,3111.0
2026-08-06 16:46:47.701,4956267,743450,150002016,1179.929439,,1132.131,0x00,0x00,CURRENT,1,0,OK,5.0,4.554,683.0,150.003,,1179.94,,,155.0,3111.0
2026-08-06 16:46:48.535,5069150,760382,150001824,1179.927412,,1132.964,0x00,0x00,CURRENT,1,0,OK,5.0,4.926,739.0,150.002,,1179.933,,,158.0,3640.0
2026-08-06 16:46:49.386,5176055,776417,150001696,1179.926060,,1133.816,0x00,0x00,CURRENT,1,0,OK,5.0,4.926,739.0,150.002,,1179.933,,,158.0,3640.0
2026-08-06 16:46:50.220,5276275,791449,150001552,1179.924540,,1134.649,0x00,0x00,CURRENT,1,0,OK,5.0,5.149,772.0,150.002,,1179.929,,,157.0,3977.0
2026-08-06 16:46:51.035,5369338,805408,150001472,1179.923695,,1135.464,0x00,0x00,CURRENT,1,0,OK,5.0,5.149,772.0,150.002,,1179.929,,,157.0,3977.0
2026-08-06 16:46:52.349,5451009,817659,150001328,1179.922174,,1136.779,0x00,0x00,CURRENT,1,0,OK,5.0,5.345,802.0,150.002,,1179.926,,,154.0,4285.0
2026-08-06 16:46:53.164,5524039,828613,150001232,1179.921161,,1137.593,0x00,0x00,CURRENT,1,0,OK,5.0,5.345,802.0,150.002,,1179.926,,,154.0,4285.0
2026-08-06 16:46:53.998,5588204,838237,150001152,1179.920316,,1138.427,0x00,0x00,CURRENT,1,0,OK,5.0,5.58,837.0,150.001,,1179.922,,,148.0,4671.0
2026-08-06 16:46:54.886,5643603,846546,150001088,1179.919640,,1139.315,0x00,0x00,CURRENT,1,0,OK,5.0,5.58,837.0,150.001,,1179.922,,,148.0,4671.0
2026-08-06 16:46:55.701,5689998,853506,150001040,1179.919133,,1140.130,0x00,0x00,CURRENT,1,0,OK,5.0,5.58,837.0,150.001,,1179.922,,,148.0,4671.0
2026-08-06 16:46:56.535,5727661,859155,150001024,1179.918964,,1140.965,0x00,0x00,CURRENT,1,0,OK,5.0,5.738,861.0,150.001,,1179.92,,,140.0,4939.0
2026-08-06 16:46:57.386,5756548,863488,150000992,1179.918626,,1141.815,0x00,0x00,CURRENT,1,0,OK,5.0,5.738,861.0,150.001,,1179.92,,,140.0,4939.0
2026-08-06 16:46:58.220,5776935,866546,150000976,1179.918457,,1142.649,0x00,0x00,CURRENT,1,0,OK,5.0,5.8,870.0,150.001,,1179.919,,,134.0,5046.0
2026-08-06 16:46:59.035,5789091,868369,150000944,1179.918120,,1143.464,0x00,0x00,CURRENT,1,0,OK,5.0,5.8,870.0,150.001,,1179.919,,,134.0,5046.0
2026-08-06 16:47:00.349,5786011,867907,150000928,1179.917951,,1144.778,0x00,0x00,CURRENT,1,0,OK,5.0,5.828,874.0,150.001,,1179.918,,,127.0,5095.0
2026-08-06 16:47:01.164,5775862,866385,150000944,1179.918120,,1145.593,0x00,0x00,CURRENT,1,0,OK,5.0,5.828,874.0,150.001,,1179.918,,,127.0,5095.0
2026-08-06 16:47:01.998,5758997,863855,150000960,1179.918288,,1146.427,0x00,0x00,CURRENT,1,0,OK,5.0,5.813,872.0,150.001,,1179.918,,,117.0,5069.0
2026-08-06 16:47:02.886,5736149,860428,150000960,1179.918288,,1147.315,0x00,0x00,CURRENT,1,0,OK,5.0,5.813,872.0,150.001,,1179.918,,,117.0,5069.0
2026-08-06 16:47:03.701,5707569,856141,150000992,1179.918626,,1148.130,0x00,0x00,CURRENT,1,0,OK,5.0,5.813,872.0,150.001,,1179.918,,,117.0,5069.0
2026-08-06 16:47:04.535,5674056,851114,150000992,1179.918626,,1148.964,0x00,0x00,CURRENT,1,0,OK,5.0,5.74,861.0,150.001,,1179.919,,,108.0,4942.0
2026-08-06 16:47:05.387,5636022,845409,150001008,1179.918795,,1149.816,0x00,0x00,CURRENT,1,0,OK,5.0,5.74,861.0,150.001,,1179.919,,,108.0,4942.0
2026-08-06 16:47:06.221,5594028,839110,150001056,1179.919302,,1150.650,0x00,0x00,CURRENT,1,0,OK,5.0,5.665,850.0,150.001,,1179.92,,,103.0,4814.0
2026-08-06 16:47:07.036,5548599,832296,150001136,1179.920147,,1151.465,0x00,0x00,CURRENT,1,0,OK,5.0,5.665,850.0,150.001,,1179.92,,,103.0,4814.0
2026-08-06 16:47:08.350,5495887,824390,150001168,1179.920485,,1152.779,0x00,0x00,CURRENT,1,0,OK,5.0,5.575,836.0,150.001,,1179.921,,,98.0,4662.0
2026-08-06 16:47:09.164,5441608,816248,150001248,1179.921330,,1153.594,0x00,0x00,CURRENT,1,0,OK,5.0,5.575,836.0,150.001,,1179.921,,,98.0,4662.0
2026-08-06 16:47:09.998,5386338,807958,150001328,1179.922174,,1154.428,0x00,0x00,CURRENT,1,0,OK,5.0,5.421,813.0,150.001,,1179.923,,,92.0,4407.0
2026-08-06 16:47:10.885,5330646,799604,150001376,1179.922681,,1155.315,0x00,0x00,CURRENT,1,0,OK,5.0,5.421,813.0,150.001,,1179.923,,,92.0,4407.0
2026-08-06 16:47:11.701,5274883,791240,150001472,1179.923695,,1156.130,0x00,0x00,CURRENT,1,0,OK,5.0,5.421,813.0,150.001,,1179.923,,,92.0,4407.0
2026-08-06 16:47:12.534,5219717,782965,150001520,1179.924202,,1156.964,0x00,0x00,CURRENT,1,0,OK,5.0,5.257,789.0,150.002,,1179.925,,,88.0,4145.0
2026-08-06 16:47:13.385,5165470,774829,150001584,1179.924878,,1157.815,0x00,0x00,CURRENT,1,0,OK,5.0,5.257,789.0,150.002,,1179.925,,,88.0,4145.0
2026-08-06 16:47:14.220,5112586,766897,150001680,1179.925891,,1158.649,0x00,0x00,CURRENT,1,0,OK,5.0,5.149,772.0,150.002,,1179.926,,,87.0,3977.0
2026-08-06 16:47:15.034,5061504,759235,150001776,1179.926905,,1159.464,0x00,0x00,CURRENT,1,0,OK,5.0,5.149,772.0,150.002,,1179.926,,,87.0,3977.0
2026-08-06 16:47:16.348,5012643,751906,150001808,1179.927243,,1160.778,0x00,0x00,CURRENT,1,0,OK,5.0,5.047,757.0,150.002,,1179.927,,,86.0,3821.0
2026-08-06 16:47:17.163,4966570,744995,150001904,1179.928257,,1161.593,0x00,0x00,CURRENT,1,0,OK,5.0,5.047,757.0,150.002,,1179.927,,,86.0,3821.0
2026-08-06 16:47:17.998,4923628,738554,150001952,1179.928764,,1162.427,0x00,0x00,CURRENT,1,0,OK,5.0,4.91,736.0,150.002,,1179.93,,,87.0,3616.0
2026-08-06 16:47:18.886,4884018,732612,150002000,1179.929271,,1163.316,0x00,0x00,CURRENT,1,0,OK,5.0,4.91,736.0,150.002,,1179.93,,,87.0,3616.0
2026-08-06 16:47:19.701,4847897,727194,150002064,1179.929946,,1164.131,0x00,0x00,CURRENT,1,0,OK,5.0,4.91,736.0,150.002,,1179.93,,,87.0,3616.0
2026-08-06 16:47:20.536,4815270,722301,150002080,1179.930115,,1164.965,0x00,0x00,CURRENT,1,0,OK,5.0,4.799,720.0,150.002,,1179.931,,,89.0,3455.0
2026-08-06 16:47:21.387,4786292,717954,150002144,1179.930791,,1165.816,0x00,0x00,CURRENT,1,0,OK,5.0,4.799,720.0,150.002,,1179.931,,,89.0,3455.0
2026-08-06 16:47:22.220,4761111,714177,150002176,1179.931129,,1166.650,0x00,0x00,CURRENT,1,0,OK,5.0,4.742,711.0,150.002,,1179.932,,,91.0,3374.0
2026-08-06 16:47:23.036,4739545,710942,150002240,1179.931805,,1167.465,0x00,0x00,CURRENT,1,0,OK,5.0,4.742,711.0,150.002,,1179.932,,,91.0,3374.0
2026-08-06 16:47:24.349,4724605,708701,150002256,1179.931974,,1168.779,0x00,0x00,CURRENT,1,0,OK,5.0,4.7,705.0,150.002,,1179.933,,,93.0,3313.0
2026-08-06 16:47:25.164,4713273,707002,150002288,1179.932312,,1169.594,0x00,0x00,CURRENT,1,0,OK,5.0,4.7,705.0,150.002,,1179.933,,,93.0,3313.0
2026-08-06 16:47:25.998,4705521,705839,150002304,1179.932481,,1170.428,0x00,0x00,CURRENT,1,0,OK,5.0,4.663,699.0,150.002,,1179.934,,,97.0,3262.0
2026-08-06 16:47:26.886,4701187,705189,150002304,1179.932481,,1171.316,0x00,0x00,CURRENT,1,0,OK,5.0,4.663,699.0,150.002,,1179.934,,,97.0,3262.0
2026-08-06 16:47:27.701,4700078,705023,150002352,1179.932988,,1172.131,0x00,0x00,CURRENT,1,0,OK,5.0,4.663,699.0,150.002,,1179.934,,,97.0,3262.0
2026-08-06 16:47:28.535,4702051,705319,150002384,1179.933325,,1172.965,0x00,0x00,CURRENT,1,0,OK,5.0,4.657,699.0,150.002,,1179.934,,,101.0,3253.0
2026-08-06 16:47:29.386,4706770,706027,150002400,1179.933494,,1173.815,0x00,0x00,CURRENT,1,0,OK,5.0,4.657,699.0,150.002,,1179.934,,,101.0,3253.0
2026-08-06 16:47:30.219,4714265,707151,150002416,1179.933663,,1174.649,0x00,0x00,CURRENT,1,0,OK,5.0,4.668,700.0,150.002,,1179.934,,,104.0,3269.0
2026-08-06 16:47:31.034,4724235,708647,150002400,1179.933494,,1175.464,0x00,0x00,CURRENT,1,0,OK,5.0,4.668,700.0,150.002,,1179.934,,,104.0,3269.0
2026-08-06 16:47:32.348,4738909,710848,150002352,1179.932988,,1176.778,0x00,0x00,CURRENT,1,0,OK,5.0,4.689,703.0,150.002,,1179.934,,,106.0,3298.0
2026-08-06 16:47:33.163,4755361,713315,150002320,1179.932650,,1177.593,0x00,0x00,CURRENT,1,0,OK,5.0,4.689,703.0,150.002,,1179.934,,,106.0,3298.0
2026-08-06 16:47:33.997,4773328,716010,150002272,1179.932143,,1178.427,0x00,0x00,CURRENT,1,0,OK,5.0,4.736,710.0,150.002,,1179.933,,,110.0,3365.0
2026-08-06 16:47:34.886,4792573,718897,150002240,1179.931805,,1179.316,0x00,0x00,CURRENT,1,0,OK,5.0,4.736,710.0,150.002,,1179.933,,,110.0,3365.0
2026-08-06 16:47:35.701,4812863,721940,150002240,1179.931805,,1180.131,0x00,0x00,CURRENT,1,0,OK,5.0,4.736,710.0,150.002,,1179.933,,,110.0,3365.0
2026-08-06 16:47:36.535,4833814,725083,150002192,1179.931298,,1180.965,0x00,0x00,CURRENT,1,0,OK,5.0,4.797,719.0,150.002,,1179.932,,,113.0,3451.0
2026-08-06 16:47:37.385,4855394,728319,150002144,1179.930791,,1181.815,0x00,0x00,CURRENT,1,0,OK,5.0,4.797,719.0,150.002,,1179.932,,,113.0,3451.0
2026-08-06 16:47:38.219,4877236,731596,150002144,1179.930791,,1182.649,0x00,0x00,CURRENT,1,0,OK,5.0,4.841,726.0,150.002,,1179.932,,,114.0,3515.0
2026-08-06 16:47:39.034,4899152,734883,150002144,1179.930791,,1183.464,0x00,0x00,CURRENT,1,0,OK,5.0,4.841,726.0,150.002,,1179.932,,,114.0,3515.0
2026-08-06 16:47:40.348,4921811,738282,150002080,1179.930115,,1184.778,0x00,0x00,CURRENT,1,0,OK,5.0,4.886,733.0,150.002,,1179.931,,,115.0,3581.0
2026-08-06 16:47:41.163,4944008,741611,150002064,1179.929946,,1185.593,0x00,0x00,CURRENT,1,0,OK,5.0,4.886,733.0,150.002,,1179.931,,,115.0,3581.0
2026-08-06 16:47:41.997,4965428,744824,150002064,1179.929946,,1186.427,0x00,0x00,CURRENT,1,0,OK,5.0,4.952,743.0,150.002,,1179.931,,,116.0,3679.0
2026-08-06 16:47:42.886,4986127,747929,150002048,1179.929777,,1187.316,0x00,0x00,CURRENT,1,0,OK,5.0,4.952,743.0,150.002,,1179.931,,,116.0,3679.0
2026-08-06 16:47:43.701,5005781,750877,150002016,1179.929439,,1188.131,0x00,0x00,CURRENT,1,0,OK,5.0,4.952,743.0,150.002,,1179.931,,,116.0,3679.0
2026-08-06 16:47:44.535,5024288,753653,150001984,1179.929102,,1188.965,0x00,0x00,CURRENT,1,0,OK,5.0,5.013,752.0,150.002,,1179.93,,,116.0,3769.0
2026-08-06 16:47:45.386,5041704,756265,150001952,1179.928764,,1189.816,0x00,0x00,CURRENT,1,0,OK,5.0,5.013,752.0,150.002,,1179.93,,,116.0,3769.0
2026-08-06 16:47:46.220,5057747,758672,150001936,1179.928595,,1190.650,0x00,0x00,CURRENT,1,0,OK,5.0,5.048,757.0,150.002,,1179.929,,,116.0,3823.0
2026-08-06 16:47:47.035,5072477,760881,150001936,1179.928595,,1191.465,0x00,0x00,CURRENT,1,0,OK,5.0,5.048,757.0,150.002,,1179.929,,,116.0,3823.0
2026-08-06 16:47:48.349,5084965,762754,150001888,1179.928088,,1192.779,0x00,0x00,CURRENT,1,0,OK,5.0,5.078,762.0,150.002,,1179.929,,,115.0,3868.0
2026-08-06 16:47:49.164,5095822,764383,150001856,1179.927750,,1193.594,0x00,0x00,CURRENT,1,0,OK,5.0,5.078,762.0,150.002,,1179.929,,,115.0,3868.0
2026-08-06 16:47:49.998,5105302,765805,150001840,1179.927581,,1194.428,0x00,0x00,CURRENT,1,0,OK,5.0,5.113,767.0,150.002,,1179.928,,,114.0,3921.0
2026-08-06 16:47:50.886,5113129,766979,150001824,1179.927412,,1195.316,0x00,0x00,CURRENT,1,0,OK,5.0,5.113,767.0,150.002,,1179.928,,,114.0,3921.0
2026-08-06 16:47:51.701,5119390,767918,150001808,1179.927243,,1196.131,0x00,0x00,CURRENT,1,0,OK,5.0,5.113,767.0,150.002,,1179.928,,,114.0,3921.0
2026-08-06 16:47:52.535,5124163,768634,150001808,1179.927243,,1196.965,0x00,0x00,CURRENT,1,0,OK,5.0,5.134,770.0,150.002,,1179.928,,,112.0,3954.0
2026-08-06 16:47:53.386,5127524,769138,150001856,1179.927750,,1197.816,0x00,0x00,CURRENT,1,0,OK,5.0,5.134,770.0,150.002,,1179.928,,,112.0,3954.0
2026-08-06 16:47:54.220,5129550,769442,150001856,1179.927750,,1198.650,0x00,0x00,CURRENT,1,0,OK,5.0,5.141,771.0,150.002,,1179.928,,,111.0,3964.0
2026-08-06 16:47:55.035,5130138,769530,150001840,1179.927581,,1199.465,0x00,0x00,CURRENT,1,0,OK,5.0,5.141,771.0,150.002,,1179.928,,,111.0,3964.0
2026-08-06 16:47:56.349,5128335,769260,150001872,1179.927919,,1200.779,0x00,0x00,CURRENT,1,0,OK,5.0,5.142,771.0,150.002,,1179.928,,,110.0,3966.0
2026-08-06 16:47:57.164,5125290,768803,150001872,1179.927919,,1201.594,0x00,0x00,CURRENT,1,0,OK,5.0,5.142,771.0,150.002,,1179.928,,,110.0,3966.0
2026-08-06 16:47:57.998,5121233,768195,150001904,1179.928257,,1202.428,0x00,0x00,CURRENT,1,0,OK,5.0,5.135,770.0,150.002,,1179.928,,,108.0,3955.0
2026-08-06 16:47:58.886,5116205,767440,150001888,1179.928088,,1203.316,0x00,0x00,CURRENT,1,0,OK,5.0,5.135,770.0,150.002,,1179.928,,,108.0,3955.0
2026-08-06 16:47:59.701,5110422,766573,150001904,1179.928257,,1204.131,0x00,0x00,CURRENT,1,0,OK,5.0,5.135,770.0,150.002,,1179.928,,,108.0,3955.0
2026-08-06 16:48:00.535,5103919,765598,150001904,1179.928257,,1204.965,0x00,0x00,CURRENT,1,0,OK,5.0,5.119,768.0,150.002,,1179.929,,,107.0,3930.0
2026-08-06 16:48:01.386,5096740,764521,150001920,1179.928426,,1205.816,0x00,0x00,CURRENT,1,0,OK,5.0,5.119,768.0,150.002,,1179.929,,,107.0,3930.0
2026-08-06 16:48:02.220,5088918,763348,150001920,1179.928426,,1206.649,0x00,0x00,CURRENT,1,0,OK,5.0,5.104,766.0,150.002,,1179.929,,,106.0,3908.0
2026-08-06 16:48:03.035,5080652,762107,150001904,1179.928257,,1207.464,0x00,0x00,CURRENT,1,0,OK,5.0,5.104,766.0,150.002,,1179.929,,,106.0,3908.0
2026-08-06 16:48:04.349,5071453,760728,150001920,1179.928426,,1208.778,0x00,0x00,CURRENT,1,0,OK,5.0,5.087,763.0,150.002,,1179.929,,,105.0,3882.0
2026-08-06 16:48:05.164,5062046,759317,150001904,1179.928257,,1209.594,0x00,0x00,CURRENT,1,0,OK,5.0,5.087,763.0,150.002,,1179.929,,,105.0,3882.0
2026-08-06 16:48:05.998,5052603,757900,150001936,1179.928595,,1210.427,0x00,0x00,CURRENT,1,0,OK,5.0,5.06,759.0,150.002,,1179.928,,,104.0,3841.0
2026-08-06 16:48:06.886,5043141,756481,150001936,1179.928595,,1211.315,0x00,0x00,CURRENT,1,0,OK,5.0,5.06,759.0,150.002,,1179.928,,,104.0,3841.0
2026-08-06 16:48:07.701,5033812,755082,150001968,1179.928933,,1212.130,0x00,0x00,CURRENT,1,0,OK,5.0,5.06,759.0,150.002,,1179.928,,,104.0,3841.0
2026-08-06 16:48:08.535,5024617,753702,150001984,1179.929102,,1212.964,0x00,0x00,CURRENT,1,0,OK,5.0,5.032,755.0,150.002,,1179.929,,,104.0,3798.0
2026-08-06 16:48:09.385,5015707,752366,150002000,1179.929271,,1213.814,0x00,0x00,CURRENT,1,0,OK,5.0,5.032,755.0,150.002,,1179.929,,,104.0,3798.0
2026-08-06 16:48:10.219,5007073,751071,150002032,1179.929608,,1214.648,0x00,0x00,CURRENT,1,0,OK,5.0,5.014,752.0,150.002,,1179.929,,,104.0,3771.0
2026-08-06 16:48:11.034,4998881,749842,150002080,1179.930115,,1215.463,0x00,0x00,CURRENT,1,0,OK,5.0,5.014,752.0,150.002,,1179.929,,,104.0,3771.0
2026-08-06 16:48:12.348,4991258,748699,150002096,1179.930284,,1216.777,0x00,0x00,CURRENT,1,0,OK,5.0,4.998,750.0,150.002,,1179.929,,,104.0,3746.0
2026-08-06 16:48:13.163,4984190,747639,150002112,1179.930453,,1217.592,0x00,0x00,CURRENT,1,0,OK,5.0,4.998,750.0,150.002,,1179.929,,,104.0,3746.0
2026-08-06 16:48:13.997,4977643,746657,150002112,1179.930453,,1218.427,0x00,0x00,CURRENT,1,0,OK,5.0,4.976,746.0,150.002,,1179.93,,,104.0,3714.0
2026-08-06 16:48:14.886,4971586,745748,150002096,1179.930284,,1219.315,0x00,0x00,CURRENT,1,0,OK,5.0,4.976,746.0,150.002,,1179.93,,,104.0,3714.0
2026-08-06 16:48:15.701,4966168,744935,150002096,1179.930284,,1220.131,0x00,0x00,CURRENT,1,0,OK,5.0,4.976,746.0,150.002,,1179.93,,,104.0,3714.0
2026-08-06 16:48:16.535,4961353,744213,150002064,1179.929946,,1220.964,0x00,0x00,CURRENT,1,0,OK,5.0,4.959,744.0,150.002,,1179.93,,,104.0,3689.0
2026-08-06 16:48:17.386,4957276,743602,150002080,1179.930115,,1221.815,0x00,0x00,CURRENT,1,0,OK,5.0,4.959,744.0,150.002,,1179.93,,,104.0,3689.0
2026-08-06 16:48:18.220,4953737,743071,150002080,1179.930115,,1222.649,0x00,0x00,CURRENT,1,0,OK,5.0,4.951,743.0,150.002,,1179.93,,,105.0,3677.0
2026-08-06 16:48:19.035,4950872,742641,150002112,1179.930453,,1223.464,0x00,0x00,CURRENT,1,0,OK,5.0,4.951,743.0,150.002,,1179.93,,,105.0,3677.0
2026-08-06 16:48:20.349,4949161,742384,150002080,1179.930115,,1224.779,0x00,0x00,CURRENT,1,0,OK,5.0,4.945,742.0,150.002,,1179.93,,,105.0,3668.0
2026-08-06 16:48:21.164,4948038,742216,150002048,1179.929777,,1225.593,0x00,0x00,CURRENT,1,0,OK,5.0,4.945,742.0,150.002,,1179.93,,,105.0,3668.0
2026-08-06 16:48:21.998,4947474,742131,150002096,1179.930284,,1226.428,0x00,0x00,CURRENT,1,0,OK,5.0,4.941,741.0,150.002,,1179.93,,,106.0,3662.0
2026-08-06 16:48:22.886,4947434,742125,150002112,1179.930453,,1227.315,0x00,0x00,CURRENT,1,0,OK,5.0,4.941,741.0,150.002,,1179.93,,,106.0,3662.0
2026-08-06 16:48:23.701,4947906,742196,150002080,1179.930115,,1228.130,0x00,0x00,CURRENT,1,0,OK,5.0,4.941,741.0,150.002,,1179.93,,,106.0,3662.0
2026-08-06 16:48:24.534,4948856,742339,150002064,1179.929946,,1228.964,0x00,0x00,CURRENT,1,0,OK,5.0,4.942,741.0,150.002,,1179.93,,,107.0,3664.0
2026-08-06 16:48:25.386,4950273,742551,150002064,1179.929946,,1229.815,0x00,0x00,CURRENT,1,0,OK,5.0,4.942,741.0,150.002,,1179.93,,,107.0,3664.0
2026-08-06 16:48:26.219,4952108,742827,150002080,1179.930115,,1230.649,0x00,0x00,CURRENT,1,0,OK,5.0,4.945,742.0,150.002,,1179.93,,,107.0,3668.0
2026-08-06 16:48:27.035,4954362,743164,150002064,1179.929946,,1231.464,0x00,0x00,CURRENT,1,0,OK,5.0,4.945,742.0,150.002,,1179.93,,,107.0,3668.0
2026-08-06 16:48:28.349,4957334,743610,150002080,1179.930115,,1232.778,0x00,0x00,CURRENT,1,0,OK,5.0,4.95,742.0,150.002,,1179.93,,,107.0,3675.0
2026-08-06 16:48:29.164,4960492,744084,150002080,1179.930115,,1233.593,0x00,0x00,CURRENT,1,0,OK,5.0,4.95,742.0,150.002,,1179.93,,,107.0,3675.0
2026-08-06 16:48:29.997,4963997,744610,150002080,1179.930115,,1234.427,0x00,0x00,CURRENT,1,0,OK,5.0,4.959,744.0,150.002,,1179.93,,,108.0,3688.0
2026-08-06 16:48:30.886,4967657,745159,150002048,1179.929777,,1235.315,0x00,0x00,CURRENT,1,0,OK,5.0,4.959,744.0,150.002,,1179.93,,,108.0,3688.0
2026-08-06 16:48:31.701,4971301,745705,150002016,1179.929439,,1236.130,0x00,0x00,CURRENT,1,0,OK,5.0,4.959,744.0,150.002,,1179.93,,,108.0,3688.0
2026-08-06 16:48:32.535,4975096,746274,150002016,1179.929439,,1236.964,0x00,0x00,CURRENT,1,0,OK,5.0,4.97,745.0,150.002,,1179.93,,,108.0,3705.0
2026-08-06 16:48:33.384,4978879,746842,150002032,1179.929608,,1237.814,0x00,0x00,CURRENT,1,0,OK,5.0,4.97,745.0,150.002,,1179.93,,,108.0,3705.0
2026-08-06 16:48:34.218,4982803,747431,150002048,1179.929777,,1238.648,0x00,0x00,CURRENT,1,0,OK,5.0,4.978,747.0,150.002,,1179.93,,,109.0,3716.0
2026-08-06 16:48:35.033,4986539,747991,150002048,1179.929777,,1239.463,0x00,0x00,CURRENT,1,0,OK,5.0,4.978,747.0,150.002,,1179.93,,,109.0,3716.0
2026-08-06 16:48:36.347,4990429,748574,150002016,1179.929439,,1240.777,0x00,0x00,CURRENT,1,0,OK,5.0,4.985,748.0,150.002,,1179.929,,,109.0,3728.0
2026-08-06 16:48:37.163,4994120,749128,150001984,1179.929102,,1241.592,0x00,0x00,CURRENT,1,0,OK,5.0,4.985,748.0,150.002,,1179.929,,,109.0,3728.0
2026-08-06 16:48:37.997,4997619,749653,150002000,1179.929271,,1242.426,0x00,0x00,CURRENT,1,0,OK,5.0,4.996,749.0,150.002,,1179.929,,,109.0,3745.0
2026-08-06 16:48:38.886,5000939,750151,150002016,1179.929439,,1243.316,0x00,0x00,CURRENT,1,0,OK,5.0,4.996,749.0,150.002,,1179.929,,,109.0,3745.0
2026-08-06 16:48:39.702,5004095,750624,150002000,1179.929271,,1244.131,0x00,0x00,CURRENT,1,0,OK,5.0,4.996,749.0,150.002,,1179.929,,,109.0,3745.0
2026-08-06 16:48:40.535,5007099,751075,150001984,1179.929102,,1244.965,0x00,0x00,CURRENT,1,0,OK,5.0,5.006,751.0,150.002,,1179.929,,,109.0,3759.0
2026-08-06 16:48:41.385,5009784,751478,150001984,1179.929102,,1245.815,0x00,0x00,CURRENT,1,0,OK,5.0,5.006,751.0,150.002,,1179.929,,,109.0,3759.0
2026-08-06 16:48:42.219,5012337,751861,150002000,1179.929271,,1246.649,0x00,0x00,CURRENT,1,0,OK,5.0,5.012,752.0,150.002,,1179.929,,,109.0,3767.0
2026-08-06 16:48:43.035,5014590,752199,150002032,1179.929608,,1247.464,0x00,0x00,CURRENT,1,0,OK,5.0,5.012,752.0,150.002,,1179.929,,,109.0,3767.0
2026-08-06 16:48:44.348,5016400,752470,150002048,1179.929777,,1248.778,0x00,0x00,CURRENT,1,0,OK,5.0,5.016,752.0,150.002,,1179.929,,,109.0,3774.0
2026-08-06 16:48:45.163,5017949,752703,150002016,1179.929439,,1249.593,0x00,0x00,CURRENT,1,0,OK,5.0,5.016,752.0,150.002,,1179.929,,,109.0,3774.0
2026-08-06 16:48:45.997,5019264,752900,150001984,1179.929102,,1250.427,0x00,0x00,CURRENT,1,0,OK,5.0,5.021,753.0,150.002,,1179.929,,,108.0,3782.0
2026-08-06 16:48:46.886,5020347,753062,150001968,1179.928933,,1251.315,0x00,0x00,CURRENT,1,0,OK,5.0,5.021,753.0,150.002,,1179.929,,,108.0,3782.0
2026-08-06 16:48:47.701,5021198,753190,150002000,1179.929271,,1252.130,0x00,0x00,CURRENT,1,0,OK,5.0,5.021,753.0,150.002,,1179.929,,,108.0,3782.0
2026-08-06 16:48:48.534,5021836,753285,150002000,1179.929271,,1252.964,0x00,0x00,CURRENT,1,0,OK,5.0,5.024,754.0,150.002,,1179.929,,,108.0,3786.0
2026-08-06 16:48:49.385,5022117,753328,150001984,1179.929102,,1253.815,0x00,0x00,CURRENT,1,0,OK,5.0,5.024,754.0,150.002,,1179.929,,,108.0,3786.0
2026-08-06 16:48:50.219,5022218,753343,150001952,1179.928764,,1254.649,0x00,0x00,CURRENT,1,0,OK,5.0,5.025,754.0,150.002,,1179.93,,,108.0,3787.0
2026-08-06 16:48:51.034,5022142,753331,150001920,1179.928426,,1255.464,0x00,0x00,CURRENT,1,0,OK,5.0,5.025,754.0,150.002,,1179.93,,,108.0,3787.0
2026-08-06 16:48:52.348,5021563,753244,150001888,1179.928088,,1256.778,0x00,0x00,CURRENT,1,0,OK,5.0,5.024,754.0,150.002,,1179.93,,,108.0,3787.0
2026-08-06 16:48:53.163,5020832,753134,150001904,1179.928257,,1257.593,0x00,0x00,CURRENT,1,0,OK,5.0,5.024,754.0,150.002,,1179.93,,,108.0,3787.0
2026-08-06 16:48:53.997,5019975,753006,150001920,1179.928426,,1258.427,0x00,0x00,CURRENT,1,0,OK,5.0,5.022,753.0,150.002,,1179.93,,,107.0,3784.0
2026-08-06 16:48:54.886,5018993,752858,150001888,1179.928088,,1259.316,0x00,0x00,CURRENT,1,0,OK,5.0,5.022,753.0,150.002,,1179.93,,,107.0,3784.0
2026-08-06 16:48:55.701,5017895,752694,150001888,1179.928088,,1260.131,0x00,0x00,CURRENT,1,0,OK,5.0,5.022,753.0,150.002,,1179.93,,,107.0,3784.0
2026-08-06 16:48:56.535,5016680,752512,150001904,1179.928257,,1260.965,0x00,0x00,CURRENT,1,0,OK,5.0,5.019,753.0,150.002,,1179.93,,,107.0,3779.0
2026-08-06 16:48:57.385,5015364,752314,150001904,1179.928257,,1261.815,0x00,0x00,CURRENT,1,0,OK,5.0,5.019,753.0,150.002,,1179.93,,,107.0,3779.0
2026-08-06 16:48:58.219,5013935,752100,150001920,1179.928426,,1262.649,0x00,0x00,CURRENT,1,0,OK,5.0,5.017,752.0,150.002,,1179.929,,,107.0,3775.0
2026-08-06 16:48:59.034,5012425,751873,150001920,1179.928426,,1263.464,0x00,0x00,CURRENT,1,0,OK,5.0,5.017,752.0,150.002,,1179.929,,,107.0,3775.0
2026-08-06 16:49:00.348,5010816,751632,150001888,1179.928088,,1264.778,0x00,0x00,CURRENT,1,0,OK,5.0,5.013,752.0,150.002,,1179.929,,,107.0,3770.0
2026-08-06 16:49:01.164,5009123,751378,150001904,1179.928257,,1265.593,0x00,0x00,CURRENT,1,0,OK,5.0,5.013,752.0,150.002,,1179.929,,,107.0,3770.0
2026-08-06 16:49:01.997,5007518,751137,150001920,1179.928426,,1266.427,0x00,0x00,CURRENT,1,0,OK,5.0,5.009,751.0,150.002,,1179.929,,,107.0,3763.0
2026-08-06 16:49:02.886,5005831,750884,150001904,1179.928257,,1267.316,0x00,0x00,CURRENT,1,0,OK,5.0,5.009,751.0,150.002,,1179.929,,,107.0,3763.0
2026-08-06 16:49:03.701,5004226,750644,150001968,1179.928933,,1268.131,0x00,0x00,CURRENT,1,0,OK,5.0,5.009,751.0,150.002,,1179.929,,,107.0,3763.0
2026-08-06 16:49:04.535,5002704,750415,150001936,1179.928595,,1268.965,0x00,0x00,CURRENT,1,0,OK,5.0,5.004,751.0,150.002,,1179.93,,,107.0,3756.0
2026-08-06 16:49:05.386,5001246,750197,150001952,1179.928764,,1269.816,0x00,0x00,CURRENT,1,0,OK,5.0,5.004,751.0,150.002,,1179.93,,,107.0,3756.0
2026-08-06 16:49:06.220,4999854,749988,150001984,1179.929102,,1270.650,0x00,0x00,CURRENT,1,0,OK,5.0,5.001,750.0,150.002,,1179.93,,,107.0,3751.0
2026-08-06 16:49:07.035,4998531,749790,150002000,1179.929271,,1271.465,0x00,0x00,CURRENT,1,0,OK,5.0,5.001,750.0,150.002,,1179.93,,,107.0,3751.0
2026-08-06 16:49:08.349,4997277,749602,150002032,1179.929608,,1272.779,0x00,0x00,CURRENT,1,0,OK,5.0,4.998,750.0,150.002,,1179.931,,,107.0,3747.0
2026-08-06 16:49:09.164,4996078,749422,150002080,1179.930115,,1273.594,0x00,0x00,CURRENT,1,0,OK,5.0,4.998,750.0,150.002,,1179.931,,,107.0,3747.0
2026-08-06 16:49:09.998,4994946,749252,150002048,1179.929777,,1274.428,0x00,0x00,CURRENT,1,0,OK,5.0,4.995,749.0,150.002,,1179.931,,,107.0,3742.0
2026-08-06 16:49:10.886,4994040,749116,150002032,1179.929608,,1275.316,0x00,0x00,CURRENT,1,0,OK,5.0,4.995,749.0,150.002,,1179.931,,,107.0,3742.0
2026-08-06 16:49:11.701,4993188,748988,150002032,1179.929608,,1276.131,0x00,0x00,CURRENT,1,0,OK,5.0,4.995,749.0,150.002,,1179.931,,,107.0,3742.0
2026-08-06 16:49:12.535,4992537,748891,150002096,1179.930284,,1276.965,0x00,0x00,CURRENT,1,0,OK,5.0,4.992,749.0,150.002,,1179.931,,,107.0,3738.0
2026-08-06 16:49:13.386,4991931,748800,150002096,1179.930284,,1277.816,0x00,0x00,CURRENT,1,0,OK,5.0,4.992,749.0,150.002,,1179.931,,,107.0,3738.0
2026-08-06 16:49:14.220,4991519,748738,150002112,1179.930453,,1278.650,0x00,0x00,CURRENT,1,0,OK,5.0,4.991,749.0,150.002,,1179.931,,,107.0,3736.0
2026-08-06 16:49:15.035,4991133,748681,150002144,1179.930791,,1279.465,0x00,0x00,CURRENT,1,0,OK,5.0,4.991,749.0,150.002,,1179.931,,,107.0,3736.0
2026-08-06 16:49:16.349,4990939,748651,150002112,1179.930453,,1280.779,0x00,0x00,CURRENT,1,0,OK,5.0,4.99,749.0,150.002,,1179.931,,,107.0,3735.0
2026-08-06 16:49:17.164,4990919,748648,150002128,1179.930622,,1281.594,0x00,0x00,CURRENT,1,0,OK,5.0,4.99,749.0,150.002,,1179.931,,,107.0,3735.0
2026-08-06 16:49:17.998,4990901,748646,150002128,1179.930622,,1282.428,0x00,0x00,CURRENT,1,0,OK,5.0,4.99,748.0,150.002,,1179.931,,,107.0,3735.0
2026-08-06 16:49:18.886,4991045,748667,150002080,1179.930115,,1283.316,0x00,0x00,CURRENT,1,0,OK,5.0,4.99,748.0,150.002,,1179.931,,,107.0,3735.0
2026-08-06 16:49:19.701,4991181,748688,150002096,1179.930284,,1284.130,0x00,0x00,CURRENT,1,0,OK,5.0,4.99,748.0,150.002,,1179.931,,,107.0,3735.0
2026-08-06 16:49:20.535,4991481,748733,150002112,1179.930453,,1284.965,0x00,0x00,CURRENT,1,0,OK,5.0,4.99,749.0,150.002,,1179.931,,,107.0,3735.0
2026-08-06 16:49:21.400,4991773,748776,150002112,1179.930453,,1285.830,0x00,0x00,CURRENT,1,0,OK,5.0,4.99,749.0,150.002,,1179.931,,,107.0,3735.0
2026-08-06 16:49:22.234,4992217,748843,150002080,1179.930115,,1286.664,0x00,0x00,CURRENT,1,0,OK,5.0,4.991,749.0,150.002,,1179.931,,,107.0,3737.0
2026-08-06 16:49:23.049,4992638,748906,150002080,1179.930115,,1287.478,0x00,0x00,CURRENT,1,0,OK,5.0,4.991,749.0,150.002,,1179.931,,,107.0,3737.0
2026-08-06 16:49:23.953,4993198,748990,150002080,1179.930115,,1288.383,0x00,0x00,CURRENT,1,0,OK,5.0,4.992,749.0,150.002,,1179.931,,,107.0,3738.0
2026-08-06 16:49:25.267,4993738,749071,150002048,1179.929777,,1289.697,0x00,0x00,CURRENT,1,0,OK,5.0,4.992,749.0,150.002,,1179.931,,,107.0,3738.0
2026-08-06 16:49:26.101,4994411,749172,150002080,1179.930115,,1290.531,0x00,0x00,CURRENT,1,0,OK,5.0,4.994,749.0,150.002,,1179.93,,,107.0,3740.0
2026-08-06 16:49:26.916,4995053,749268,150002112,1179.930453,,1291.346,0x00,0x00,CURRENT,1,0,OK,5.0,4.994,749.0,150.002,,1179.93,,,107.0,3740.0
2026-08-06 16:49:27.731,4995677,749362,150002128,1179.930622,,1292.160,0x00,0x00,CURRENT,1,0,OK,5.0,4.994,749.0,150.002,,1179.93,,,107.0,3740.0
2026-08-06 16:49:28.565,4996266,749450,150002112,1179.930453,,1292.995,0x00,0x00,CURRENT,1,0,OK,5.0,4.996,749.0,150.002,,1179.931,,,107.0,3743.0
2026-08-06 16:49:29.386,4997000,749561,150002144,1179.930791,,1293.815,0x00,0x00,CURRENT,1,0,OK,5.0,4.996,749.0,150.002,,1179.931,,,107.0,3743.0
2026-08-06 16:49:30.220,4997697,749665,150002144,1179.930791,,1294.650,0x00,0x00,CURRENT,1,0,OK,5.0,4.997,750.0,150.002,,1179.931,,,107.0,3745.0
2026-08-06 16:49:31.035,4998352,749763,150002128,1179.930622,,1295.465,0x00,0x00,CURRENT,1,0,OK,5.0,4.997,750.0,150.002,,1179.931,,,107.0,3745.0
2026-08-06 16:49:32.349,4998973,749856,150002128,1179.930622,,1296.779,0x00,0x00,CURRENT,1,0,OK,5.0,4.998,750.0,150.002,,1179.932,,,108.0,3747.0
2026-08-06 16:49:33.164,4999556,749944,150002112,1179.930453,,1297.594,0x00,0x00,CURRENT,1,0,OK,5.0,4.998,750.0,150.002,,1179.932,,,108.0,3747.0
2026-08-06 16:49:33.998,5000116,750028,150002144,1179.930791,,1298.427,0x00,0x00,CURRENT,1,0,OK,5.0,5.0,750.0,150.002,,1179.932,,,108.0,3750.0
2026-08-06 16:49:34.886,5000649,750108,150002144,1179.930791,,1299.315,0x00,0x00,CURRENT,1,0,OK,5.0,5.0,750.0,150.002,,1179.932,,,108.0,3750.0
2026-08-06 16:49:35.701,5001165,750185,150002128,1179.930622,,1300.130,0x00,0x00,CURRENT,1,0,OK,5.0,5.0,750.0,150.002,,1179.932,,,108.0,3750.0
2026-08-06 16:49:36.535,5001652,750258,150002144,1179.930791,,1300.964,0x00,0x00,CURRENT,1,0,OK,5.0,5.002,750.0,150.002,,1179.931,,,107.0,3752.0
2026-08-06 16:49:37.386,5002113,750327,150002128,1179.930622,,1301.815,0x00,0x00,CURRENT,1,0,OK,5.0,5.002,750.0,150.002,,1179.931,,,107.0,3752.0
2026-08-06 16:49:38.220,5002539,750392,150002144,1179.930791,,1302.650,0x00,0x00,CURRENT,1,0,OK,5.0,5.002,750.0,150.002,,1179.932,,,107.0,3754.0
2026-08-06 16:49:39.035,5002937,750451,150002144,1179.930791,,1303.465,0x00,0x00,CURRENT,1,0,OK,5.0,5.002,750.0,150.002,,1179.932,,,107.0,3754.0
2026-08-06 16:49:40.349,5003153,750484,150002160,1179.930960,,1304.779,0x00,0x00,CURRENT,1,0,OK,5.0,5.003,751.0,150.002,,1179.932,,,107.0,3755.0
2026-08-06 16:49:41.164,5003356,750514,150002176,1179.931129,,1305.593,0x00,0x00,CURRENT,1,0,OK,5.0,5.003,751.0,150.002,,1179.932,,,107.0,3755.0
2026-08-06 16:49:41.998,5003545,750543,150002192,1179.931298,,1306.427,0x00,0x00,CURRENT,1,0,OK,5.0,5.004,751.0,150.002,,1179.932,,,107.0,3756.0
2026-08-06 16:49:42.886,5003727,750570,150002192,1179.931298,,1307.315,0x00,0x00,CURRENT,1,0,OK,5.0,5.004,751.0,150.002,,1179.932,,,107.0,3756.0
2026-08-06 16:49:43.701,5003731,750571,150002192,1179.931298,,1308.130,0x00,0x00,CURRENT,1,0,OK,5.0,5.004,751.0,150.002,,1179.932,,,107.0,3756.0
2026-08-06 16:49:44.535,5003743,750572,150002176,1179.931129,,1308.964,0x00,0x00,CURRENT,1,0,OK,5.0,5.004,751.0,150.002,,1179.931,,,107.0,3756.0
2026-08-06 16:49:45.386,5003753,750574,150002144,1179.930791,,1309.815,0x00,0x00,CURRENT,1,0,OK,5.0,5.004,751.0,150.002,,1179.931,,,107.0,3756.0
2026-08-06 16:49:46.220,5003767,750576,150002144,1179.930791,,1310.649,0x00,0x00,CURRENT,1,0,OK,5.0,5.004,751.0,150.002,,1179.931,,,107.0,3756.0
2026-08-06 16:49:47.035,5003780,750578,150002160,1179.930960,,1311.464,0x00,0x00,CURRENT,1,0,OK,7.0,5.004,751.0,150.002,,1179.931,,,107.0,3756.0
2026-08-06 16:49:48.277,5352369,802863,150001488,1179.923864,,1312.707,0x00,0x00,CURRENT,1,0,OK,7.0,5.001,750.0,150.003,,1179.938,,,115.0,3751.0
2026-08-06 16:49:49.091,5369795,805477,150001472,1179.923695,,1313.521,0x00,0x00,CURRENT,1,0,OK,7.0,5.001,750.0,150.003,,1179.938,,,115.0,3751.0
2026-08-06 16:49:49.950,5403475,810529,150001440,1179.923357,,1314.379,0x00,0x00,CURRENT,1,0,OK,7.0,5.052,758.0,150.003,,1179.936,,,131.0,3829.0
2026-08-06 16:49:51.264,5468454,820275,150001344,1179.922343,,1315.693,0x00,0x00,CURRENT,1,0,OK,7.0,5.052,758.0,150.003,,1179.936,,,131.0,3829.0
2026-08-06 16:49:52.098,5545690,831860,150001216,1179.920992,,1316.527,0x00,0x00,CURRENT,1,0,OK,7.0,5.243,786.0,150.002,,1179.932,,,153.0,4123.0
2026-08-06 16:49:52.913,5633654,845054,150001072,1179.919471,,1317.343,0x00,0x00,CURRENT,1,0,OK,7.0,5.243,786.0,150.002,,1179.932,,,153.0,4123.0
2026-08-06 16:49:53.728,5731146,859677,150000976,1179.918457,,1318.157,0x00,0x00,CURRENT,1,0,OK,7.0,5.243,786.0,150.002,,1179.932,,,153.0,4123.0
2026-08-06 16:49:54.562,5836522,875483,150000864,1179.917275,,1318.991,0x00,0x00,CURRENT,1,0,OK,7.0,5.538,831.0,150.002,,1179.927,,,172.0,4600.0
2026-08-06 16:49:55.386,5948532,892284,150000720,1179.915754,,1319.816,0x00,0x00,CURRENT,1,0,OK,7.0,5.538,831.0,150.002,,1179.927,,,172.0,4600.0
2026-08-06 16:49:56.221,6065663,909853,150000592,1179.914403,,1320.650,0x00,0x00,CURRENT,1,0,OK,7.0,5.774,866.0,150.001,,1179.923,,,182.0,5001.0
2026-08-06 16:49:57.036,6186638,927998,150000464,1179.913051,,1321.465,0x00,0x00,CURRENT,1,0,OK,7.0,5.774,866.0,150.001,,1179.923,,,182.0,5001.0
2026-08-06 16:49:58.349,6317470,947622,150000272,1179.911023,,1322.779,0x00,0x00,CURRENT,1,0,OK,7.0,6.029,904.0,150.001,,1179.919,,,190.0,5452.0
2026-08-06 16:49:59.165,6447919,967189,150000144,1179.909672,,1323.594,0x00,0x00,CURRENT,1,0,OK,7.0,6.029,904.0,150.001,,1179.919,,,190.0,5452.0
2026-08-06 16:49:59.998,6576885,986533,150000000,1179.908151,,1324.428,0x00,0x00,CURRENT,1,0,OK,7.0,6.424,964.0,150.001,,1179.914,,,199.0,6190.0
2026-08-06 16:50:00.886,6703426,1005513,149999856,1179.906631,,1325.315,0x00,0x00,CURRENT,1,0,OK,7.0,6.424,964.0,150.001,,1179.914,,,199.0,6190.0
2026-08-06 16:50:01.701,6826332,1023948,149999712,1179.905110,,1326.130,0x00,0x00,CURRENT,1,0,OK,7.0,6.424,964.0,150.001,,1179.914,,,199.0,6190.0
2026-08-06 16:50:02.535,6944940,1041738,149999584,1179.903758,,1326.965,0x00,0x00,CURRENT,1,0,OK,7.0,6.806,1021.0,150.0,,1179.909,,,203.0,6948.0
2026-08-06 16:50:03.386,7058111,1058713,149999504,1179.902914,,1327.815,0x00,0x00,CURRENT,1,0,OK,7.0,6.806,1021.0,150.0,,1179.909,,,203.0,6948.0
2026-08-06 16:50:04.221,7165284,1074788,149999392,1179.901731,,1328.650,0x00,0x00,CURRENT,1,0,OK,7.0,7.04,1056.0,150.0,,1179.905,,,203.0,7434.0
2026-08-06 16:50:05.035,7265915,1089882,149999296,1179.900717,,1329.465,0x00,0x00,CURRENT,1,0,OK,7.0,7.04,1056.0,150.0,,1179.905,,,203.0,7434.0
2026-08-06 16:50:06.350,7356315,1103442,149999216,1179.899872,,1330.779,0x00,0x00,CURRENT,1,0,OK,7.0,7.249,1087.0,149.999,,1179.903,,,201.0,7883.0
2026-08-06 16:50:07.165,7438333,1115744,149999168,1179.899366,,1331.594,0x00,0x00,CURRENT,1,0,OK,7.0,7.249,1087.0,149.999,,1179.903,,,201.0,7883.0
2026-08-06 16:50:07.999,7511716,1126750,149999072,1179.898352,,1332.429,0x00,0x00,CURRENT,1,0,OK,7.0,7.508,1126.0,149.999,,1179.9,,,196.0,8456.0
2026-08-06 16:50:08.886,7576447,1136460,149999024,1179.897845,,1333.316,0x00,0x00,CURRENT,1,0,OK,7.0,7.508,1126.0,149.999,,1179.9,,,196.0,8456.0
2026-08-06 16:50:09.701,7632252,1144830,149999008,1179.897676,,1334.131,0x00,0x00,CURRENT,1,0,OK,7.0,7.508,1126.0,149.999,,1179.9,,,196.0,8456.0
2026-08-06 16:50:10.537,7679244,1151879,149998960,1179.897169,,1334.966,0x00,0x00,CURRENT,1,0,OK,7.0,7.692,1154.0,149.999,,1179.898,,,188.0,8876.0
2026-08-06 16:50:11.386,7717529,1157621,149998944,1179.897000,,1335.815,0x00,0x00,CURRENT,1,0,OK,7.0,7.692,1154.0,149.999,,1179.898,,,188.0,8876.0
2026-08-06 16:50:12.220,7747034,1162047,149998928,1179.896831,,1336.650,0x00,0x00,CURRENT,1,0,OK,7.0,7.772,1166.0,149.999,,1179.898,,,182.0,9060.0
2026-08-06 16:50:13.035,7768032,1165197,149998928,1179.896831,,1337.465,0x00,0x00,CURRENT,1,0,OK,7.0,7.772,1166.0,149.999,,1179.898,,,182.0,9060.0
2026-08-06 16:50:14.350,7773576,1166028,149998944,1179.897000,,1338.779,0x00,0x00,CURRENT,1,0,OK,7.0,7.817,1173.0,149.999,,1179.898,,,176.0,9166.0
2026-08-06 16:50:15.165,7771619,1165735,149998960,1179.897169,,1339.594,0x00,0x00,CURRENT,1,0,OK,7.0,7.817,1173.0,149.999,,1179.898,,,176.0,9166.0
2026-08-06 16:50:16.000,7762390,1164351,149998992,1179.897507,,1340.430,0x00,0x00,CURRENT,1,0,OK,7.0,7.825,1174.0,149.999,,1179.897,,,166.0,9185.0
2026-08-06 16:50:16.885,7746564,1161977,149999040,1179.898014,,1341.315,0x00,0x00,CURRENT,1,0,OK,7.0,7.825,1174.0,149.999,,1179.897,,,166.0,9185.0
2026-08-06 16:50:17.700,7724478,1158664,149999072,1179.898352,,1342.130,0x00,0x00,CURRENT,1,0,OK,7.0,7.825,1174.0,149.999,,1179.897,,,166.0,9185.0
2026-08-06 16:50:18.535,7696787,1154511,149999104,1179.898690,,1342.964,0x00,0x00,CURRENT,1,0,OK,7.0,7.77,1166.0,149.999,,1179.898,,,157.0,9057.0
2026-08-06 16:50:19.385,7663958,1149587,149999152,1179.899197,,1343.815,0x00,0x00,CURRENT,1,0,OK,7.0,7.77,1166.0,149.999,,1179.898,,,157.0,9057.0
2026-08-06 16:50:20.220,7626528,1143973,149999184,1179.899535,,1344.650,0x00,0x00,CURRENT,1,0,OK,7.0,7.705,1156.0,149.999,,1179.899,,,151.0,8906.0
2026-08-06 16:50:21.035,7585073,1137755,149999232,1179.900041,,1345.465,0x00,0x00,CURRENT,1,0,OK,7.0,7.705,1156.0,149.999,,1179.899,,,151.0,8906.0
2026-08-06 16:50:22.349,7535073,1130256,149999264,1179.900379,,1346.779,0x00,0x00,CURRENT,1,0,OK,7.0,7.622,1143.0,149.999,,1179.9,,,146.0,8715.0
2026-08-06 16:50:23.164,7483032,1122450,149999328,1179.901055,,1347.594,0x00,0x00,CURRENT,1,0,OK,7.0,7.622,1143.0,149.999,,1179.9,,,146.0,8715.0
2026-08-06 16:50:23.999,7429389,1114404,149999392,1179.901731,,1348.429,0x00,0x00,CURRENT,1,0,OK,7.0,7.474,1121.0,149.999,,1179.901,,,139.0,8380.0
2026-08-06 16:50:24.885,7374725,1106204,149999392,1179.901731,,1349.315,0x00,0x00,CURRENT,1,0,OK,7.0,7.474,1121.0,149.999,,1179.901,,,139.0,8380.0
2026-08-06 16:50:25.700,7319422,1097909,149999440,1179.902238,,1350.130,0x00,0x00,CURRENT,1,0,OK,7.0,7.474,1121.0,149.999,,1179.901,,,139.0,8380.0
2026-08-06 16:50:26.535,7264189,1089625,149999504,1179.902914,,1350.965,0x00,0x00,CURRENT,1,0,OK,7.0,7.312,1097.0,149.999,,1179.902,,,135.0,8020.0
2026-08-06 16:50:27.386,7209366,1081402,149999536,1179.903252,,1351.816,0x00,0x00,CURRENT,1,0,OK,7.0,7.312,1097.0,149.999,,1179.902,,,135.0,8020.0
2026-08-06 16:50:28.221,7155607,1073338,149999584,1179.903758,,1352.651,0x00,0x00,CURRENT,1,0,OK,7.0,7.203,1080.0,150.0,,1179.903,,,133.0,7782.0
2026-08-06 16:50:29.036,7103193,1065477,149999664,1179.904603,,1353.466,0x00,0x00,CURRENT,1,0,OK,7.0,7.203,1080.0,150.0,,1179.903,,,133.0,7782.0
2026-08-06 16:50:30.350,7052058,1057807,149999728,1179.905279,,1354.780,0x00,0x00,CURRENT,1,0,OK,7.0,7.097,1065.0,150.0,,1179.904,,,132.0,7556.0
2026-08-06 16:50:31.165,7003648,1050546,149999792,1179.905955,,1355.595,0x00,0x00,CURRENT,1,0,OK,7.0,7.097,1065.0,150.0,,1179.904,,,132.0,7556.0
2026-08-06 16:50:32.000,6957997,1043699,149999840,1179.906462,,1356.430,0x00,0x00,CURRENT,1,0,OK,7.0,6.953,1043.0,150.0,,1179.906,,,132.0,7251.0
2026-08-06 16:50:32.887,6915473,1037320,149999856,1179.906631,,1357.317,0x00,0x00,CURRENT,1,0,OK,7.0,6.953,1043.0,150.0,,1179.906,,,132.0,7251.0
2026-08-06 16:50:33.702,6876248,1031437,149999904,1179.907137,,1358.132,0x00,0x00,CURRENT,1,0,OK,7.0,6.953,1043.0,150.0,,1179.906,,,132.0,7251.0
2026-08-06 16:50:34.537,6840329,1026049,149999968,1179.907813,,1358.967,0x00,0x00,CURRENT,1,0,OK,7.0,6.833,1025.0,150.0,,1179.907,,,134.0,7003.0
2026-08-06 16:50:35.386,6808063,1021209,150000000,1179.908151,,1359.816,0x00,0x00,CURRENT,1,0,OK,7.0,6.833,1025.0,150.0,,1179.907,,,134.0,7003.0
2026-08-06 16:50:36.221,6779416,1016913,150000048,1179.908658,,1360.651,0x00,0x00,CURRENT,1,0,OK,7.0,6.769,1015.0,150.0,,1179.908,,,135.0,6872.0
2026-08-06 16:50:37.036,6754386,1013159,150000128,1179.909503,,1361.466,0x00,0x00,CURRENT,1,0,OK,7.0,6.769,1015.0,150.0,,1179.908,,,135.0,6872.0
2026-08-06 16:50:38.350,6735829,1010376,150000160,1179.909841,,1362.780,0x00,0x00,CURRENT,1,0,OK,7.0,6.719,1008.0,150.0,,1179.909,,,138.0,6772.0
2026-08-06 16:50:39.165,6721057,1008160,150000176,1179.910010,,1363.595,0x00,0x00,CURRENT,1,0,OK,7.0,6.719,1008.0,150.0,,1179.909,,,138.0,6772.0
2026-08-06 16:50:40.000,6709893,1006485,150000160,1179.909841,,1364.430,0x00,0x00,CURRENT,1,0,OK,7.0,6.671,1001.0,150.0,,1179.91,,,141.0,6676.0
2026-08-06 16:50:40.886,6702145,1005323,150000160,1179.909841,,1365.316,0x00,0x00,CURRENT,1,0,OK,7.0,6.671,1001.0,150.0,,1179.91,,,141.0,6676.0
2026-08-06 16:50:41.701,6697822,1004674,150000160,1179.909841,,1366.131,0x00,0x00,CURRENT,1,0,OK,7.0,6.671,1001.0,150.0,,1179.91,,,141.0,6676.0
2026-08-06 16:50:42.535,6696906,1004537,150000160,1179.909841,,1366.965,0x00,0x00,CURRENT,1,0,OK,7.0,6.655,998.0,150.0,,1179.91,,,145.0,6644.0
2026-08-06 16:50:43.386,6699069,1004861,150000176,1179.910010,,1367.816,0x00,0x00,CURRENT,1,0,OK,7.0,6.655,998.0,150.0,,1179.91,,,145.0,6644.0
2026-08-06 16:50:44.220,6704001,1005601,150000192,1179.910179,,1368.650,0x00,0x00,CURRENT,1,0,OK,7.0,6.661,999.0,150.0,,1179.91,,,148.0,6655.0
2026-08-06 16:50:45.035,6711711,1006758,150000192,1179.910179,,1369.465,0x00,0x00,CURRENT,1,0,OK,7.0,6.661,999.0,150.0,,1179.91,,,148.0,6655.0
2026-08-06 16:50:46.349,6724605,1008692,150000160,1179.909841,,1370.779,0x00,0x00,CURRENT,1,0,OK,7.0,6.677,1002.0,150.0,,1179.91,,,151.0,6688.0
2026-08-06 16:50:47.164,6739545,1010933,150000160,1179.909841,,1371.594,0x00,0x00,CURRENT,1,0,OK,7.0,6.677,1002.0,150.0,,1179.91,,,151.0,6688.0
2026-08-06 16:50:47.999,6756098,1013416,150000144,1179.909672,,1372.429,0x00,0x00,CURRENT,1,0,OK,7.0,6.719,1008.0,150.0,,1179.91,,,154.0,6772.0
2026-08-06 16:50:48.886,6774178,1016127,150000112,1179.909334,,1373.316,0x00,0x00,CURRENT,1,0,OK,7.0,6.719,1008.0,150.0,,1179.91,,,154.0,6772.0
2026-08-06 16:50:49.701,6793494,1019025,150000096,1179.909165,,1374.131,0x00,0x00,CURRENT,1,0,OK,7.0,6.719,1008.0,150.0,,1179.91,,,154.0,6772.0
2026-08-06 16:50:50.536,6813855,1022079,150000096,1179.909165,,1374.966,0x00,0x00,CURRENT,1,0,OK,7.0,6.776,1016.0,150.0,,1179.91,,,157.0,6887.0
2026-08-06 16:50:51.386,6834887,1025233,150000048,1179.908658,,1375.816,0x00,0x00,CURRENT,1,0,OK,7.0,6.776,1016.0,150.0,,1179.91,,,157.0,6887.0
2026-08-06 16:50:52.221,6856552,1028483,150000016,1179.908320,,1376.651,0x00,0x00,CURRENT,1,0,OK,7.0,6.819,1023.0,150.0,,1179.909,,,159.0,6975.0
2026-08-06 16:50:53.036,6878472,1031771,150000000,1179.908151,,1377.466,0x00,0x00,CURRENT,1,0,OK,7.0,6.819,1023.0,150.0,,1179.909,,,159.0,6975.0
2026-08-06 16:50:54.350,6901486,1035222,149999936,1179.907475,,1378.780,0x00,0x00,CURRENT,1,0,OK,7.0,6.864,1030.0,150.0,,1179.909,,,160.0,7068.0
2026-08-06 16:50:55.165,6924190,1038628,149999888,1179.906969,,1379.595,0x00,0x00,CURRENT,1,0,OK,7.0,6.864,1030.0,150.0,,1179.909,,,160.0,7068.0
2026-08-06 16:50:56.000,6946250,1041937,149999856,1179.906631,,1380.430,0x00,0x00,CURRENT,1,0,OK,7.0,6.932,1040.0,150.0,,1179.908,,,161.0,7207.0
2026-08-06 16:50:56.886,6967715,1045156,149999840,1179.906462,,1381.316,0x00,0x00,CURRENT,1,0,OK,7.0,6.932,1040.0,150.0,,1179.908,,,161.0,7207.0
2026-08-06 16:50:57.701,6988273,1048240,149999792,1179.905955,,1382.131,0x00,0x00,CURRENT,1,0,OK,7.0,6.932,1040.0,150.0,,1179.908,,,161.0,7207.0
2026-08-06 16:50:58.535,7007801,1051169,149999792,1179.905955,,1382.965,0x00,0x00,CURRENT,1,0,OK,7.0,6.995,1049.0,150.0,,1179.907,,,161.0,7339.0
2026-08-06 16:50:59.386,7026349,1053951,149999760,1179.905617,,1383.816,0x00,0x00,CURRENT,1,0,OK,7.0,6.995,1049.0,150.0,,1179.907,,,161.0,7339.0
2026-08-06 16:51:00.221,7043631,1056543,149999744,1179.905448,,1384.651,0x00,0x00,CURRENT,1,0,OK,7.0,7.032,1055.0,150.0,,1179.907,,,161.0,7418.0
2026-08-06 16:51:01.036,7059546,1058930,149999728,1179.905279,,1385.465,0x00,0x00,CURRENT,1,0,OK,7.0,7.032,1055.0,150.0,,1179.907,,,161.0,7418.0
2026-08-06 16:51:02.350,7073492,1061022,149999712,1179.905110,,1386.779,0x00,0x00,CURRENT,1,0,OK,7.0,7.065,1060.0,150.0,,1179.907,,,161.0,7487.0
2026-08-06 16:51:03.165,7085907,1062884,149999696,1179.904941,,1387.595,0x00,0x00,CURRENT,1,0,OK,7.0,7.065,1060.0,150.0,,1179.907,,,161.0,7487.0
2026-08-06 16:51:04.000,7096867,1064528,149999680,1179.904772,,1388.429,0x00,0x00,CURRENT,1,0,OK,7.0,7.104,1066.0,150.0,,1179.906,,,160.0,7569.0
2026-08-06 16:51:04.886,7106260,1065937,149999680,1179.904772,,1389.316,0x00,0x00,CURRENT,1,0,OK,7.0,7.104,1066.0,150.0,,1179.906,,,160.0,7569.0
2026-08-06 16:51:05.701,7114021,1067101,149999680,1179.904772,,1390.130,0x00,0x00,CURRENT,1,0,OK,7.0,7.104,1066.0,150.0,,1179.906,,,160.0,7569.0
2026-08-06 16:51:06.535,7120379,1068054,149999664,1179.904603,,1390.965,0x00,0x00,CURRENT,1,0,OK,7.0,7.129,1069.0,150.0,,1179.906,,,158.0,7624.0
2026-08-06 16:51:07.386,7125076,1068759,149999664,1179.904603,,1391.815,0x00,0x00,CURRENT,1,0,OK,7.0,7.129,1069.0,150.0,,1179.906,,,158.0,7624.0
2026-08-06 16:51:08.221,7128360,1069252,149999664,1179.904603,,1392.651,0x00,0x00,CURRENT,1,0,OK,7.0,7.139,1071.0,150.0,,1179.906,,,157.0,7644.0
2026-08-06 16:51:09.036,7130307,1069544,149999664,1179.904603,,1393.466,0x00,0x00,CURRENT,1,0,OK,7.0,7.139,1071.0,150.0,,1179.906,,,157.0,7644.0
2026-08-06 16:51:10.350,7129684,1069450,149999680,1179.904772,,1394.780,0x00,0x00,CURRENT,1,0,OK,7.0,7.143,1071.0,150.0,,1179.905,,,156.0,7653.0
2026-08-06 16:51:11.165,7127753,1069161,149999680,1179.904772,,1395.595,0x00,0x00,CURRENT,1,0,OK,7.0,7.143,1071.0,150.0,,1179.905,,,156.0,7653.0
2026-08-06 16:51:12.000,7124732,1068708,149999728,1179.905279,,1396.430,0x00,0x00,CURRENT,1,0,OK,7.0,7.139,1071.0,150.0,,1179.905,,,154.0,7645.0
2026-08-06 16:51:12.886,7120695,1068102,149999744,1179.905448,,1397.315,0x00,0x00,CURRENT,1,0,OK,7.0,7.139,1071.0,150.0,,1179.905,,,154.0,7645.0
2026-08-06 16:51:13.701,7115674,1067349,149999760,1179.905617,,1398.131,0x00,0x00,CURRENT,1,0,OK,7.0,7.139,1071.0,150.0,,1179.905,,,154.0,7645.0
2026-08-06 16:51:14.536,7109882,1066481,149999760,1179.905617,,1398.966,0x00,0x00,CURRENT,1,0,OK,7.0,7.125,1069.0,150.0,,1179.906,,,153.0,7615.0
2026-08-06 16:51:15.386,7103194,1065477,149999744,1179.905448,,1399.815,0x00,0x00,CURRENT,1,0,OK,7.0,7.125,1069.0,150.0,,1179.906,,,153.0,7615.0
2026-08-06 16:51:16.221,7095820,1064371,149999776,1179.905786,,1400.651,0x00,0x00,CURRENT,1,0,OK,7.0,7.112,1067.0,150.0,,1179.906,,,152.0,7587.0
2026-08-06 16:51:17.036,7087989,1063197,149999792,1179.905955,,1401.465,0x00,0x00,CURRENT,1,0,OK,7.0,7.112,1067.0,150.0,,1179.906,,,152.0,7587.0
2026-08-06 16:51:18.350,7078862,1061828,149999792,1179.905955,,1402.779,0x00,0x00,CURRENT,1,0,OK,7.0,7.096,1064.0,150.0,,1179.906,,,151.0,7552.0
2026-08-06 16:51:19.165,7069524,1060427,149999824,1179.906293,,1403.594,0x00,0x00,CURRENT,1,0,OK,7.0,7.096,1064.0,150.0,,1179.906,,,151.0,7552.0
2026-08-06 16:51:20.000,7060155,1059022,149999808,1179.906124,,1404.429,0x00,0x00,CURRENT,1,0,OK,7.0,7.069,1060.0,150.0,,1179.906,,,150.0,7495.0
2026-08-06 16:51:20.886,7050746,1057611,149999824,1179.906293,,1405.315,0x00,0x00,CURRENT,1,0,OK,7.0,7.069,1060.0,150.0,,1179.906,,,150.0,7495.0
2026-08-06 16:51:21.701,7041307,1056195,149999840,1179.906462,,1406.130,0x00,0x00,CURRENT,1,0,OK,7.0,7.069,1060.0,150.0,,1179.906,,,150.0,7495.0
2026-08-06 16:51:22.535,7031999,1054799,149999840,1179.906462,,1406.964,0x00,0x00,CURRENT,1,0,OK,7.0,7.041,1056.0,150.0,,1179.906,,,149.0,7435.0
2026-08-06 16:51:23.386,7022822,1053422,149999840,1179.906462,,1407.815,0x00,0x00,CURRENT,1,0,OK,7.0,7.041,1056.0,150.0,,1179.906,,,149.0,7435.0
2026-08-06 16:51:24.221,7013930,1052088,149999824,1179.906293,,1408.651,0x00,0x00,CURRENT,1,0,OK,7.0,7.022,1053.0,150.0,,1179.907,,,149.0,7397.0
2026-08-06 16:51:25.036,7005321,1050797,149999840,1179.906462,,1409.465,0x00,0x00,CURRENT,1,0,OK,7.0,7.022,1053.0,150.0,,1179.907,,,149.0,7397.0
2026-08-06 16:51:26.350,6997143,1049570,149999824,1179.906293,,1410.779,0x00,0x00,CURRENT,1,0,OK,7.0,7.005,1051.0,150.0,,1179.907,,,149.0,7360.0
2026-08-06 16:51:27.165,6989544,1048430,149999824,1179.906293,,1411.594,0x00,0x00,CURRENT,1,0,OK,7.0,7.005,1051.0,150.0,,1179.907,,,149.0,7360.0
2026-08-06 16:51:28.000,6982485,1047371,149999840,1179.906462,,1412.429,0x00,0x00,CURRENT,1,0,OK,7.0,6.982,1047.0,150.0,,1179.907,,,149.0,7312.0
2026-08-06 16:51:28.887,6975946,1046391,149999840,1179.906462,,1413.316,0x00,0x00,CURRENT,1,0,OK,7.0,6.982,1047.0,150.0,,1179.907,,,149.0,7312.0
2026-08-06 16:51:29.702,6970063,1045508,149999840,1179.906462,,1414.131,0x00,0x00,CURRENT,1,0,OK,7.0,6.982,1047.0,150.0,,1179.907,,,149.0,7312.0
2026-08-06 16:51:30.536,6964803,1044720,149999840,1179.906462,,1414.966,0x00,0x00,CURRENT,1,0,OK,7.0,6.963,1044.0,150.0,,1179.907,,,150.0,7273.0
2026-08-06 16:51:31.387,6960150,1044022,149999856,1179.906631,,1415.816,0x00,0x00,CURRENT,1,0,OK,7.0,6.963,1044.0,150.0,,1179.907,,,150.0,7273.0
2026-08-06 16:51:32.222,6956053,1043407,149999856,1179.906631,,1416.651,0x00,0x00,CURRENT,1,0,OK,7.0,6.954,1043.0,150.0,,1179.907,,,150.0,7254.0
2026-08-06 16:51:33.037,6952677,1042901,149999920,1179.907306,,1417.466,0x00,0x00,CURRENT,1,0,OK,7.0,6.954,1043.0,150.0,,1179.907,,,150.0,7254.0
2026-08-06 16:51:34.351,6950484,1042572,149999920,1179.907306,,1418.780,0x00,0x00,CURRENT,1,0,OK,7.0,6.947,1042.0,150.0,,1179.907,,,150.0,7239.0
2026-08-06 16:51:35.166,6948913,1042337,149999952,1179.907644,,1419.595,0x00,0x00,CURRENT,1,0,OK,7.0,6.947,1042.0,150.0,,1179.907,,,150.0,7239.0
2026-08-06 16:51:36.000,6947922,1042188,149999968,1179.907813,,1420.430,0x00,0x00,CURRENT,1,0,OK,7.0,6.942,1041.0,150.0,,1179.908,,,151.0,7228.0
2026-08-06 16:51:36.886,6947490,1042123,149999952,1179.907644,,1421.315,0x00,0x00,CURRENT,1,0,OK,7.0,6.942,1041.0,150.0,,1179.908,,,151.0,7228.0
2026-08-06 16:51:37.701,6947579,1042137,149999968,1179.907813,,1422.130,0x00,0x00,CURRENT,1,0,OK,7.0,6.942,1041.0,150.0,,1179.908,,,151.0,7228.0
2026-08-06 16:51:38.535,6948172,1042226,149999968,1179.907813,,1422.965,0x00,0x00,CURRENT,1,0,OK,7.0,6.941,1041.0,150.0,,1179.908,,,152.0,7228.0
2026-08-06 16:51:39.387,6949248,1042387,149999952,1179.907644,,1423.816,0x00,0x00,CURRENT,1,0,OK,7.0,6.941,1041.0,150.0,,1179.908,,,152.0,7228.0
2026-08-06 16:51:40.222,6950766,1042615,149999984,1179.907982,,1424.651,0x00,0x00,CURRENT,1,0,OK,7.0,6.944,1042.0,150.0,,1179.908,,,152.0,7232.0
2026-08-06 16:51:41.036,6952718,1042908,149999968,1179.907813,,1425.466,0x00,0x00,CURRENT,1,0,OK,7.0,6.944,1042.0,150.0,,1179.908,,,152.0,7232.0
2026-08-06 16:51:42.350,6955425,1043314,149999968,1179.907813,,1426.780,0x00,0x00,CURRENT,1,0,OK,7.0,6.948,1042.0,150.0,,1179.908,,,153.0,7241.0
2026-08-06 16:51:43.165,6958502,1043775,149999952,1179.907644,,1427.595,0x00,0x00,CURRENT,1,0,OK,7.0,6.948,1042.0,150.0,,1179.908,,,153.0,7241.0
2026-08-06 16:51:44.000,6961755,1044263,149999920,1179.907306,,1428.430,0x00,0x00,CURRENT,1,0,OK,7.0,6.956,1043.0,150.0,,1179.908,,,153.0,7258.0
2026-08-06 16:51:44.887,6965181,1044777,149999920,1179.907306,,1429.316,0x00,0x00,CURRENT,1,0,OK,7.0,6.956,1043.0,150.0,,1179.908,,,153.0,7258.0
2026-08-06 16:51:45.702,6968761,1045314,149999920,1179.907306,,1430.131,0x00,0x00,CURRENT,1,0,OK,7.0,6.956,1043.0,150.0,,1179.908,,,153.0,7258.0
2026-08-06 16:51:46.537,6972502,1045875,149999920,1179.907306,,1430.966,0x00,0x00,CURRENT,1,0,OK,7.0,6.967,1045.0,150.0,,1179.908,,,154.0,7280.0
2026-08-06 16:51:47.385,6976218,1046432,149999920,1179.907306,,1431.815,0x00,0x00,CURRENT,1,0,OK,7.0,6.967,1045.0,150.0,,1179.908,,,154.0,7280.0
2026-08-06 16:51:48.220,6980094,1047013,149999888,1179.906969,,1432.650,0x00,0x00,CURRENT,1,0,OK,7.0,6.974,1046.0,150.0,,1179.908,,,154.0,7296.0
2026-08-06 16:51:49.035,6983945,1047591,149999904,1179.907137,,1433.465,0x00,0x00,CURRENT,1,0,OK,7.0,6.974,1046.0,150.0,,1179.908,,,154.0,7296.0
2026-08-06 16:51:50.350,6987777,1048166,149999904,1179.907137,,1434.780,0x00,0x00,CURRENT,1,0,OK,7.0,6.982,1047.0,150.0,,1179.908,,,154.0,7313.0
2026-08-06 16:51:51.165,6991577,1048736,149999920,1179.907306,,1435.595,0x00,0x00,CURRENT,1,0,OK,7.0,6.982,1047.0,150.0,,1179.908,,,154.0,7313.0
2026-08-06 16:51:52.000,6995189,1049278,149999952,1179.907644,,1436.430,0x00,0x00,CURRENT,1,0,OK,7.0,6.994,1049.0,150.0,,1179.908,,,154.0,7337.0
2026-08-06 16:51:52.885,6998625,1049793,149999952,1179.907644,,1437.315,0x00,0x00,CURRENT,1,0,OK,7.0,6.994,1049.0,150.0,,1179.908,,,154.0,7337.0
2026-08-06 16:51:53.700,7001879,1050281,149999952,1179.907644,,1438.130,0x00,0x00,CURRENT,1,0,OK,7.0,6.994,1049.0,150.0,,1179.908,,,154.0,7337.0
2026-08-06 16:51:54.534,7004976,1050746,149999952,1179.907644,,1438.964,0x00,0x00,CURRENT,1,0,OK,7.0,7.004,1051.0,150.0,,1179.907,,,154.0,7358.0
2026-08-06 16:51:55.385,7007920,1051188,149999952,1179.907644,,1439.815,0x00,0x00,CURRENT,1,0,OK,7.0,7.004,1051.0,150.0,,1179.907,,,154.0,7358.0
2026-08-06 16:51:56.220,7010548,1051582,149999936,1179.907475,,1440.650,0x00,0x00,CURRENT,1,0,OK,7.0,7.01,1051.0,150.0,,1179.907,,,154.0,7370.0
2026-08-06 16:51:57.035,7013046,1051957,149999968,1179.907813,,1441.465,0x00,0x00,CURRENT,1,0,OK,7.0,7.01,1051.0,150.0,,1179.907,,,154.0,7370.0
2026-08-06 16:51:58.349,7015091,1052263,149999968,1179.907813,,1442.779,0x00,0x00,CURRENT,1,0,OK,7.0,7.014,1052.0,150.0,,1179.908,,,154.0,7380.0
2026-08-06 16:51:59.164,7016861,1052529,149999952,1179.907644,,1443.594,0x00,0x00,CURRENT,1,0,OK,7.0,7.014,1052.0,150.0,,1179.908,,,154.0,7380.0
2026-08-06 16:51:59.999,7018376,1052756,149999952,1179.907644,,1444.429,0x00,0x00,CURRENT,1,0,OK,7.0,7.02,1053.0,150.0,,1179.908,,,154.0,7392.0
2026-08-06 16:52:00.886,7019644,1052946,149999952,1179.907644,,1445.316,0x00,0x00,CURRENT,1,0,OK,7.0,7.02,1053.0,150.0,,1179.908,,,154.0,7392.0
2026-08-06 16:52:01.702,7020684,1053102,149999936,1179.907475,,1446.132,0x00,0x00,CURRENT,1,0,OK,7.0,7.02,1053.0,150.0,,1179.908,,,154.0,7392.0
2026-08-06 16:52:02.536,7021331,1053200,149999984,1179.907982,,1446.966,0x00,0x00,CURRENT,1,0,OK,7.0,7.023,1054.0,150.0,,1179.908,,,153.0,7399.0
2026-08-06 16:52:03.385,7021768,1053265,149999984,1179.907982,,1447.815,0x00,0x00,CURRENT,1,0,OK,7.0,7.023,1054.0,150.0,,1179.908,,,153.0,7399.0
2026-08-06 16:52:04.220,7022007,1053301,149999968,1179.907813,,1448.650,0x00,0x00,CURRENT,1,0,OK,7.0,7.024,1054.0,150.0,,1179.908,,,153.0,7401.0
2026-08-06 16:52:05.035,7022060,1053309,149999984,1179.907982,,1449.465,0x00,0x00,CURRENT,1,0,OK,7.0,7.024,1054.0,150.0,,1179.908,,,153.0,7401.0
2026-08-06 16:52:06.349,7021612,1053242,149999984,1179.907982,,1450.779,0x00,0x00,CURRENT,1,0,OK,7.0,7.024,1054.0,150.0,,1179.908,,,153.0,7401.0
2026-08-06 16:52:07.164,7021019,1053153,149999984,1179.907982,,1451.594,0x00,0x00,CURRENT,1,0,OK,7.0,7.024,1054.0,150.0,,1179.908,,,153.0,7401.0
2026-08-06 16:52:07.999,7020292,1053044,149999984,1179.907982,,1452.429,0x00,0x00,CURRENT,1,0,OK,7.0,7.023,1053.0,150.0,,1179.908,,,153.0,7398.0
2026-08-06 16:52:08.885,7019437,1052915,149999984,1179.907982,,1453.315,0x00,0x00,CURRENT,1,0,OK,7.0,7.023,1053.0,150.0,,1179.908,,,153.0,7398.0
2026-08-06 16:52:09.700,7018290,1052743,149999968,1179.907813,,1454.130,0x00,0x00,CURRENT,1,0,OK,7.0,7.023,1053.0,150.0,,1179.908,,,153.0,7398.0
2026-08-06 16:52:10.534,7017020,1052553,149999968,1179.907813,,1454.964,0x00,0x00,CURRENT,1,0,OK,7.0,7.02,1053.0,150.0,,1179.908,,,153.0,7391.0
2026-08-06 16:52:11.386,7015651,1052348,150000000,1179.908151,,1455.816,0x00,0x00,CURRENT,1,0,OK,7.0,7.02,1053.0,150.0,,1179.908,,,153.0,7391.0
2026-08-06 16:52:12.221,7014356,1052153,149999984,1179.907982,,1456.651,0x00,0x00,CURRENT,1,0,OK,7.0,7.017,1053.0,150.0,,1179.908,,,152.0,7386.0
2026-08-06 16:52:13.036,7012968,1051945,150000000,1179.908151,,1457.466,0x00,0x00,CURRENT,1,0,OK,7.0,7.017,1053.0,150.0,,1179.908,,,152.0,7386.0
2026-08-06 16:52:14.350,7011306,1051696,149999968,1179.907813,,1458.780,0x00,0x00,CURRENT,1,0,OK,7.0,7.014,1052.0,150.0,,1179.908,,,152.0,7380.0
2026-08-06 16:52:15.165,7009729,1051459,149999968,1179.907813,,1459.595,0x00,0x00,CURRENT,1,0,OK,7.0,7.014,1052.0,150.0,,1179.908,,,152.0,7380.0
2026-08-06 16:52:16.000,7008061,1051209,149999984,1179.907982,,1460.430,0x00,0x00,CURRENT,1,0,OK,7.0,7.009,1051.0,150.0,,1179.907,,,152.0,7370.0
2026-08-06 16:52:16.886,7006483,1050972,149999968,1179.907813,,1461.316,0x00,0x00,CURRENT,1,0,OK,7.0,7.009,1051.0,150.0,,1179.907,,,152.0,7370.0
2026-08-06 16:52:17.701,7004979,1050747,149999952,1179.907644,,1462.131,0x00,0x00,CURRENT,1,0,OK,7.0,7.009,1051.0,150.0,,1179.907,,,152.0,7370.0
2026-08-06 16:52:18.536,7003373,1050505,149999920,1179.907306,,1462.966,0x00,0x00,CURRENT,1,0,OK,7.0,7.005,1051.0,150.0,,1179.907,,,152.0,7360.0
2026-08-06 16:52:19.386,7001842,1050276,149999904,1179.907137,,1463.816,0x00,0x00,CURRENT,1,0,OK,7.0,7.005,1051.0,150.0,,1179.907,,,152.0,7360.0
2026-08-06 16:52:20.221,7000392,1050058,149999888,1179.906969,,1464.651,0x00,0x00,CURRENT,1,0,OK,7.0,7.002,1050.0,150.0,,1179.907,,,152.0,7353.0
2026-08-06 16:52:21.036,6999007,1049850,149999888,1179.906969,,1465.466,0x00,0x00,CURRENT,1,0,OK,7.0,7.002,1050.0,150.0,,1179.907,,,152.0,7353.0
2026-08-06 16:52:22.350,6997692,1049653,149999872,1179.906800,,1466.780,0x00,0x00,CURRENT,1,0,OK,7.0,6.999,1050.0,150.0,,1179.908,,,152.0,7347.0
2026-08-06 16:52:23.165,6996438,1049465,149999888,1179.906969,,1467.595,0x00,0x00,CURRENT,1,0,OK,7.0,6.999,1050.0,150.0,,1179.908,,,152.0,7347.0
2026-08-06 16:52:24.000,6995419,1049312,149999888,1179.906969,,1468.430,0x00,0x00,CURRENT,1,0,OK,7.0,6.995,1049.0,150.0,,1179.908,,,152.0,7340.0
2026-08-06 16:52:24.887,6994454,1049167,149999888,1179.906969,,1469.317,0x00,0x00,CURRENT,1,0,OK,7.0,6.995,1049.0,150.0,,1179.908,,,152.0,7340.0
2026-08-06 16:52:25.702,6993541,1049030,149999888,1179.906969,,1470.132,0x00,0x00,CURRENT,1,0,OK,7.0,6.995,1049.0,150.0,,1179.908,,,152.0,7340.0
2026-08-06 16:52:26.536,6992832,1048924,149999872,1179.906800,,1470.965,0x00,0x00,CURRENT,1,0,OK,7.0,6.992,1049.0,150.0,,1179.907,,,152.0,7334.0
2026-08-06 16:52:27.385,6992167,1048824,149999872,1179.906800,,1471.815,0x00,0x00,CURRENT,1,0,OK,7.0,6.992,1049.0,150.0,,1179.907,,,152.0,7334.0
2026-08-06 16:52:28.220,6991706,1048755,149999872,1179.906800,,1472.650,0x00,0x00,CURRENT,1,0,OK,7.0,6.991,1049.0,150.0,,1179.907,,,152.0,7331.0
2026-08-06 16:52:29.035,6991269,1048689,149999856,1179.906631,,1473.465,0x00,0x00,CURRENT,1,0,OK,7.0,6.991,1049.0,150.0,,1179.907,,,152.0,7331.0
2026-08-06 16:52:30.349,6991027,1048653,149999856,1179.906631,,1474.778,0x00,0x00,CURRENT,1,0,OK,7.0,6.99,1049.0,150.0,,1179.907,,,152.0,7330.0
2026-08-06 16:52:31.164,6990962,1048643,149999872,1179.906800,,1475.593,0x00,0x00,CURRENT,1,0,OK,7.0,6.99,1049.0,150.0,,1179.907,,,152.0,7330.0
2026-08-06 16:52:31.999,6990901,1048634,149999872,1179.906800,,1476.429,0x00,0x00,CURRENT,1,0,OK,7.0,6.99,1048.0,150.0,,1179.907,,,152.0,7329.0
2026-08-06 16:52:32.886,6991008,1048650,149999872,1179.906800,,1477.315,0x00,0x00,CURRENT,1,0,OK,7.0,6.99,1048.0,150.0,,1179.907,,,152.0,7329.0
2026-08-06 16:52:33.701,6991108,1048665,149999856,1179.906631,,1478.131,0x00,0x00,CURRENT,1,0,OK,7.0,6.99,1048.0,150.0,,1179.907,,,152.0,7329.0
2026-08-06 16:52:34.535,6991370,1048705,149999872,1179.906800,,1478.965,0x00,0x00,CURRENT,1,0,OK,7.0,6.99,1049.0,150.0,,1179.907,,,153.0,7329.0
2026-08-06 16:52:35.386,6991612,1048741,149999888,1179.906969,,1479.815,0x00,0x00,CURRENT,1,0,OK,7.0,6.99,1049.0,150.0,,1179.907,,,153.0,7329.0
2026-08-06 16:52:36.221,6992014,1048801,149999872,1179.906800,,1480.650,0x00,0x00,CURRENT,1,0,OK,7.0,6.991,1049.0,150.0,,1179.906,,,153.0,7331.0
2026-08-06 16:52:37.036,6992393,1048858,149999904,1179.907137,,1481.466,0x00,0x00,CURRENT,1,0,OK,7.0,6.991,1049.0,150.0,,1179.906,,,153.0,7331.0
2026-08-06 16:52:38.350,6992931,1048939,149999920,1179.907306,,1482.779,0x00,0x00,CURRENT,1,0,OK,7.0,6.992,1049.0,150.0,,1179.906,,,153.0,7332.0
2026-08-06 16:52:39.165,6993445,1049016,149999888,1179.906969,,1483.595,0x00,0x00,CURRENT,1,0,OK,7.0,6.992,1049.0,150.0,,1179.906,,,153.0,7332.0
2026-08-06 16:52:40.000,6994093,1049113,149999904,1179.907137,,1484.430,0x00,0x00,CURRENT,1,0,OK,7.0,6.993,1049.0,150.0,,1179.907,,,153.0,7336.0
2026-08-06 16:52:40.886,6994715,1049206,149999888,1179.906969,,1485.315,0x00,0x00,CURRENT,1,0,OK,7.0,6.993,1049.0,150.0,,1179.907,,,153.0,7336.0
2026-08-06 16:52:41.701,6995309,1049295,149999872,1179.906800,,1486.130,0x00,0x00,CURRENT,1,0,OK,7.0,6.993,1049.0,150.0,,1179.907,,,153.0,7336.0
2026-08-06 16:52:42.536,6996049,1049407,149999888,1179.906969,,1486.966,0x00,0x00,CURRENT,1,0,OK,7.0,6.995,1049.0,150.0,,1179.907,,,153.0,7340.0
2026-08-06 16:52:43.386,6996751,1049512,149999888,1179.906969,,1487.815,0x00,0x00,CURRENT,1,0,OK,7.0,6.995,1049.0,150.0,,1179.907,,,153.0,7340.0
2026-08-06 16:52:44.221,6997414,1049611,149999872,1179.906800,,1488.651,0x00,0x00,CURRENT,1,0,OK,7.0,6.997,1049.0,150.0,,1179.907,,,153.0,7343.0
2026-08-06 16:52:45.036,6998045,1049706,149999856,1179.906631,,1489.466,0x00,0x00,CURRENT,1,0,OK,7.0,6.997,1049.0,150.0,,1179.907,,,153.0,7343.0
2026-08-06 16:52:46.350,6998640,1049795,149999840,1179.906462,,1490.780,0x00,0x00,CURRENT,1,0,OK,7.0,6.998,1050.0,150.0,,1179.907,,,153.0,7346.0
2026-08-06 16:52:47.165,6999207,1049880,149999856,1179.906631,,1491.594,0x00,0x00,CURRENT,1,0,OK,7.0,6.998,1050.0,150.0,,1179.907,,,153.0,7346.0
2026-08-06 16:52:48.000,6999752,1049962,149999840,1179.906462,,1492.429,0x00,0x00,CURRENT,1,0,OK,7.0,7.0,1050.0,150.0,,1179.906,,,153.0,7349.0
2026-08-06 16:52:48.910,7000273,1050040,149999840,1179.906462,,1493.340,0x00,0x00,CURRENT,1,0,OK,7.0,7.0,1050.0,150.0,,1179.906,,,153.0,7349.0
2026-08-06 16:52:49.702,7000764,1050113,149999840,1179.906462,,1494.131,0x00,0x00,CURRENT,1,0,OK,7.0,7.0,1050.0,150.0,,1179.906,,,153.0,7349.0
2026-08-06 16:52:50.536,7001227,1050183,149999840,1179.906462,,1494.965,0x00,0x00,CURRENT,1,0,OK,7.0,7.001,1050.0,150.0,,1179.907,,,153.0,7352.0
2026-08-06 16:52:51.386,7001669,1050249,149999840,1179.906462,,1495.815,0x00,0x00,CURRENT,1,0,OK,7.0,7.001,1050.0,150.0,,1179.907,,,153.0,7352.0
2026-08-06 16:52:52.220,7002087,1050312,149999840,1179.906462,,1496.650,0x00,0x00,CURRENT,1,0,OK,7.0,7.002,1050.0,150.0,,1179.907,,,153.0,7354.0
2026-08-06 16:52:53.036,7002490,1050373,149999872,1179.906800,,1497.465,0x00,0x00,CURRENT,1,0,OK,7.0,7.002,1050.0,150.0,,1179.907,,,153.0,7354.0
2026-08-06 16:52:54.350,7002879,1050431,149999872,1179.906800,,1498.779,0x00,0x00,CURRENT,1,0,OK,7.0,7.003,1050.0,150.0,,1179.907,,,153.0,7356.0
2026-08-06 16:52:55.165,7003247,1050486,149999840,1179.906462,,1499.594,0x00,0x00,CURRENT,1,0,OK,7.0,7.003,1050.0,150.0,,1179.907,,,153.0,7356.0
2026-08-06 16:52:56.000,7003426,1050513,149999840,1179.906462,,1500.429,0x00,0x00,CURRENT,1,0,OK,7.0,7.004,1051.0,150.0,,1179.906,,,153.0,7358.0
2026-08-06 16:52:56.886,7003593,1050538,149999856,1179.906631,,1501.315,0x00,0x00,CURRENT,1,0,OK,7.0,7.004,1051.0,150.0,,1179.906,,,153.0,7358.0
2026-08-06 16:52:57.701,7003748,1050561,149999856,1179.906631,,1502.131,0x00,0x00,CURRENT,1,0,OK,7.0,7.004,1051.0,150.0,,1179.906,,,153.0,7358.0
2026-08-06 16:52:58.535,7003890,1050583,149999872,1179.906800,,1502.964,0x00,0x00,CURRENT,1,0,OK,7.0,7.004,1051.0,150.0,,1179.906,,,153.0,7359.0
2026-08-06 16:52:59.385,7003847,1050576,149999856,1179.906631,,1503.815,0x00,0x00,CURRENT,1,0,OK,7.0,7.004,1051.0,150.0,,1179.906,,,153.0,7359.0
2026-08-06 16:53:00.220,7003811,1050571,149999872,1179.906800,,1504.650,0x00,0x00,CURRENT,1,0,OK,7.0,7.004,1051.0,150.0,,1179.907,,,153.0,7359.0
2026-08-06 16:53:01.036,7003774,1050565,149999872,1179.906800,,1505.465,0x00,0x00,CURRENT,1,0,OK,7.0,7.004,1051.0,150.0,,1179.907,,,153.0,7359.0
2026-08-06 16:53:02.350,7003738,1050560,149999872,1179.906800,,1506.779,0x00,0x00,CURRENT,1,0,OK,7.0,7.004,1051.0,150.0,,1179.908,,,153.0,7359.0
2026-08-06 16:53:03.165,7003538,1050530,149999888,1179.906969,,1507.594,0x00,0x00,CURRENT,1,0,OK,7.0,7.004,1051.0,150.0,,1179.908,,,153.0,7359.0
2026-08-06 16:53:04.000,7003353,1050502,149999888,1179.906969,,1508.429,0x00,0x00,CURRENT,1,0,OK,7.0,7.004,1051.0,150.0,,1179.907,,,153.0,7358.0
2026-08-06 16:53:04.886,7003174,1050475,149999888,1179.906969,,1509.315,0x00,0x00,CURRENT,1,0,OK,7.0,7.004,1051.0,150.0,,1179.907,,,153.0,7358.0
2026-08-06 16:53:05.700,7003008,1050451,149999888,1179.906969,,1510.130,0x00,0x00,CURRENT,1,0,OK,7.0,7.004,1051.0,150.0,,1179.907,,,153.0,7358.0
2026-08-06 16:53:06.536,7002849,1050427,149999904,1179.907137,,1510.965,0x00,0x00,CURRENT,1,0,OK,7.0,7.003,1050.0,150.0,,1179.907,,,153.0,7357.0
2026-08-06 16:53:07.386,7002537,1050380,149999904,1179.907137,,1511.816,0x00,0x00,CURRENT,1,0,OK,7.0,7.003,1050.0,150.0,,1179.907,,,153.0,7357.0
2026-08-06 16:53:08.221,7002231,1050334,149999920,1179.907306,,1512.651,0x00,0x00,CURRENT,1,0,OK,7.0,7.003,1050.0,150.0,,1179.907,,,153.0,7356.0
2026-08-06 16:53:09.037,7001946,1050291,149999936,1179.907475,,1513.466,0x00,0x00,CURRENT,1,0,OK,7.0,7.003,1050.0,150.0,,1179.907,,,153.0,7356.0
2026-08-06 16:53:10.350,7001680,1050252,149999920,1179.907306,,1514.780,0x00,0x00,CURRENT,1,0,OK,7.0,7.002,1050.0,150.0,,1179.907,,,153.0,7355.0
2026-08-06 16:53:11.166,7001427,1050214,149999936,1179.907475,,1515.595,0x00,0x00,CURRENT,1,0,OK,7.0,7.002,1050.0,150.0,,1179.907,,,153.0,7355.0
2026-08-06 16:53:12.000,7001185,1050177,149999936,1179.907475,,1516.430,0x00,0x00,CURRENT,1,0,OK,7.0,7.001,1050.0,150.0,,1179.908,,,153.0,7353.0
2026-08-06 16:53:13.224,7348688,1102301,149999664,1179.904603,,1517.653,0x00,0x00,CURRENT,1,0,OK,9.0,7.001,1050.0,150.0,,1179.908,,,153.0,7353.0
2026-08-06 16:53:14.059,7366151,1104920,149999648,1179.904434,,1518.488,0x00,0x00,CURRENT,1,0,OK,9.0,7.014,1052.0,150.0,,1179.91,,,169.0,7380.0
2026-08-06 16:53:14.885,7399846,1109974,149999616,1179.904096,,1519.315,0x00,0x00,CURRENT,1,0,OK,9.0,7.014,1052.0,150.0,,1179.91,,,169.0,7380.0
2026-08-06 16:53:15.700,7448588,1117285,149999568,1179.903589,,1520.130,0x00,0x00,CURRENT,1,0,OK,9.0,7.014,1052.0,150.0,,1179.91,,,169.0,7380.0
2026-08-06 16:53:16.535,7510969,1126642,149999504,1179.902914,,1520.965,0x00,0x00,CURRENT,1,0,OK,9.0,7.162,1074.0,150.0,,1179.908,,,191.0,7693.0
2026-08-06 16:53:17.386,7585777,1137862,149999424,1179.902069,,1521.816,0x00,0x00,CURRENT,1,0,OK,9.0,7.162,1074.0,150.0,,1179.908,,,191.0,7693.0
2026-08-06 16:53:18.222,7671439,1150711,149999344,1179.901224,,1522.651,0x00,0x00,CURRENT,1,0,OK,9.0,7.327,1099.0,150.0,,1179.906,,,205.0,8052.0
2026-08-06 16:53:19.036,7766751,1165007,149999232,1179.900041,,1523.466,0x00,0x00,CURRENT,1,0,OK,9.0,7.327,1099.0,150.0,,1179.906,,,205.0,8052.0
2026-08-06 16:53:20.350,7882163,1182317,149999088,1179.898521,,1524.780,0x00,0x00,CURRENT,1,0,OK,9.0,7.533,1130.0,150.0,,1179.903,,,217.0,8512.0
2026-08-06 16:53:21.165,8002571,1200377,149998944,1179.897000,,1525.595,0x00,0x00,CURRENT,1,0,OK,9.0,7.533,1130.0,150.0,,1179.903,,,217.0,8512.0
2026-08-06 16:53:22.000,8126720,1218998,149998832,1179.895817,,1526.430,0x00,0x00,CURRENT,1,0,OK,9.0,7.896,1184.0,149.999,,1179.898,,,232.0,9351.0
2026-08-06 16:53:22.885,8253196,1237968,149998672,1179.894128,,1527.315,0x00,0x00,CURRENT,1,0,OK,9.0,7.896,1184.0,149.999,,1179.898,,,232.0,9351.0
2026-08-06 16:53:23.700,8380728,1257097,149998528,1179.892607,,1528.130,0x00,0x00,CURRENT,1,0,OK,9.0,7.896,1184.0,149.999,,1179.898,,,232.0,9351.0
2026-08-06 16:53:24.535,8508268,1276227,149998400,1179.891256,,1528.965,0x00,0x00,CURRENT,1,0,OK,9.0,8.289,1243.0,149.999,,1179.894,,,242.0,10306.0
2026-08-06 16:53:25.386,8634456,1295154,149998272,1179.889904,,1529.816,0x00,0x00,CURRENT,1,0,OK,9.0,8.289,1243.0,149.999,,1179.894,,,242.0,10306.0
2026-08-06 16:53:26.221,8758350,1313736,149998160,1179.888721,,1530.651,0x00,0x00,CURRENT,1,0,OK,9.0,8.552,1283.0,149.998,,1179.891,,,246.0,10970.0
2026-08-06 16:53:27.037,8878742,1331794,149998064,1179.887708,,1531.466,0x00,0x00,CURRENT,1,0,OK,9.0,8.552,1283.0,149.998,,1179.891,,,246.0,10970.0
2026-08-06 16:53:28.350,8995626,1349326,149997952,1179.886525,,1532.780,0x00,0x00,CURRENT,1,0,OK,9.0,8.804,1321.0,149.998,,1179.889,,,248.0,11627.0
2026-08-06 16:53:29.165,9106326,1365929,149997856,1179.885511,,1533.595,0x00,0x00,CURRENT,1,0,OK,9.0,8.804,1321.0,149.998,,1179.889,,,248.0,11627.0
2026-08-06 16:53:30.000,9210154,1381502,149997744,1179.884329,,1534.430,0x00,0x00,CURRENT,1,0,OK,9.0,9.147,1372.0,149.998,,1179.885,,,248.0,12550.0
2026-08-06 16:53:30.886,9306604,1395969,149997648,1179.883315,,1535.316,0x00,0x00,CURRENT,1,0,OK,9.0,9.147,1372.0,149.998,,1179.885,,,248.0,12550.0
2026-08-06 16:53:31.701,9395214,1409259,149997552,1179.882301,,1536.131,0x00,0x00,CURRENT,1,0,OK,9.0,9.147,1372.0,149.998,,1179.885,,,248.0,12550.0
2026-08-06 16:53:32.536,9475538,1421307,149997504,1179.881794,,1536.966,0x00,0x00,CURRENT,1,0,OK,9.0,9.43,1415.0,149.998,,1179.883,,,244.0,13339.0
2026-08-06 16:53:33.386,9547482,1432098,149997440,1179.881118,,1537.816,0x00,0x00,CURRENT,1,0,OK,9.0,9.43,1415.0,149.998,,1179.883,,,244.0,13339.0
2026-08-06 16:53:34.221,9610634,1441570,149997376,1179.880443,,1538.651,0x00,0x00,CURRENT,1,0,OK,9.0,9.579,1437.0,149.997,,1179.882,,,239.0,13764.0
2026-08-06 16:53:35.036,9665070,1449735,149997344,1179.880105,,1539.466,0x00,0x00,CURRENT,1,0,OK,9.0,9.579,1437.0,149.997,,1179.882,,,239.0,13764.0
2026-08-06 16:53:36.350,9704214,1455606,149997296,1179.879598,,1540.780,0x00,0x00,CURRENT,1,0,OK,9.0,9.694,1454.0,149.997,,1179.881,,,234.0,14095.0
2026-08-06 16:53:37.165,9734512,1460151,149997312,1179.879767,,1541.595,0x00,0x00,CURRENT,1,0,OK,9.0,9.694,1454.0,149.997,,1179.881,,,234.0,14095.0
2026-08-06 16:53:38.000,9756230,1463408,149997312,1179.879767,,1542.430,0x00,0x00,CURRENT,1,0,OK,9.0,9.8,1470.0,149.997,,1179.88,,,225.0,14406.0
2026-08-06 16:53:38.886,9769630,1465418,149997296,1179.879598,,1543.316,0x00,0x00,CURRENT,1,0,OK,9.0,9.8,1470.0,149.997,,1179.88,,,225.0,14406.0
2026-08-06 16:53:39.701,9775116,1466240,149997248,1179.879091,,1544.131,0x00,0x00,CURRENT,1,0,OK,9.0,9.8,1470.0,149.997,,1179.88,,,225.0,14406.0
2026-08-06 16:53:40.536,9772928,1465912,149997264,1179.879260,,1544.966,0x00,0x00,CURRENT,1,0,OK,9.0,9.831,1475.0,149.997,,1179.88,,,215.0,14498.0
2026-08-06 16:53:41.387,9763632,1464518,149997264,1179.879260,,1545.817,0x00,0x00,CURRENT,1,0,OK,9.0,9.831,1475.0,149.997,,1179.88,,,215.0,14498.0
2026-08-06 16:53:42.222,9747588,1462112,149997296,1179.879598,,1546.652,0x00,0x00,CURRENT,1,0,OK,9.0,9.814,1472.0,149.997,,1179.88,,,208.0,14448.0
2026-08-06 16:53:43.037,9725308,1458770,149997312,1179.879767,,1547.467,0x00,0x00,CURRENT,1,0,OK,9.0,9.814,1472.0,149.997,,1179.88,,,208.0,14448.0
2026-08-06 16:53:44.351,9690894,1453608,149997344,1179.880105,,1548.781,0x00,0x00,CURRENT,1,0,OK,9.0,9.771,1466.0,149.997,,1179.88,,,202.0,14321.0
2026-08-06 16:53:45.166,9651992,1447774,149997376,1179.880443,,1549.596,0x00,0x00,CURRENT,1,0,OK,9.0,9.771,1466.0,149.997,,1179.88,,,202.0,14321.0
2026-08-06 16:53:46.001,9609220,1441358,149997440,1179.881118,,1550.431,0x00,0x00,CURRENT,1,0,OK,9.0,9.666,1450.0,149.997,,1179.881,,,194.0,14015.0
2026-08-06 16:53:46.886,9563230,1434461,149997488,1179.881625,,1551.316,0x00,0x00,CURRENT,1,0,OK,9.0,9.666,1450.0,149.997,,1179.881,,,194.0,14015.0
2026-08-06 16:53:47.701,9514350,1427129,149997536,1179.882132,,1552.131,0x00,0x00,CURRENT,1,0,OK,9.0,9.666,1450.0,149.997,,1179.881,,,194.0,14015.0
2026-08-06 16:53:48.536,9463398,1419487,149997584,1179.882639,,1552.966,0x00,0x00,CURRENT,1,0,OK,9.0,9.526,1429.0,149.998,,1179.882,,,187.0,13613.0
2026-08-06 16:53:49.386,9410808,1411599,149997616,1179.882977,,1553.816,0x00,0x00,CURRENT,1,0,OK,9.0,9.526,1429.0,149.998,,1179.882,,,187.0,13613.0
2026-08-06 16:53:50.221,9357176,1403555,149997664,1179.883484,,1554.650,0x00,0x00,CURRENT,1,0,OK,9.0,9.422,1413.0,149.998,,1179.883,,,183.0,13315.0
2026-08-06 16:53:51.036,9303036,1395434,149997728,1179.884160,,1555.466,0x00,0x00,CURRENT,1,0,OK,9.0,9.422,1413.0,149.998,,1179.883,,,183.0,13315.0
2026-08-06 16:53:52.350,9246576,1386966,149997792,1179.884835,,1556.779,0x00,0x00,CURRENT,1,0,OK,9.0,9.313,1397.0,149.998,,1179.884,,,180.0,13009.0
2026-08-06 16:53:53.165,9191104,1378646,149997840,1179.885342,,1557.595,0x00,0x00,CURRENT,1,0,OK,9.0,9.313,1397.0,149.998,,1179.884,,,180.0,13009.0
2026-08-06 16:53:54.000,9137070,1370541,149997888,1179.885849,,1558.430,0x00,0x00,CURRENT,1,0,OK,9.0,9.151,1373.0,149.998,,1179.886,,,178.0,12560.0
2026-08-06 16:53:54.886,9084896,1362716,149997952,1179.886525,,1559.316,0x00,0x00,CURRENT,1,0,OK,9.0,9.151,1373.0,149.998,,1179.886,,,178.0,12560.0
2026-08-06 16:53:55.701,9034818,1355205,149998000,1179.887032,,1560.131,0x00,0x00,CURRENT,1,0,OK,9.0,9.151,1373.0,149.998,,1179.886,,,178.0,12560.0
2026-08-06 16:53:56.536,8987252,1348070,149998048,1179.887539,,1560.966,0x00,0x00,CURRENT,1,0,OK,9.0,9.0,1350.0,149.998,,1179.887,,,177.0,12150.0
2026-08-06 16:53:57.386,8942580,1341370,149998080,1179.887877,,1561.816,0x00,0x00,CURRENT,1,0,OK,9.0,9.0,1350.0,149.998,,1179.887,,,177.0,12150.0
2026-08-06 16:53:58.221,8900808,1335104,149998112,1179.888215,,1562.651,0x00,0x00,CURRENT,1,0,OK,9.0,8.911,1337.0,149.998,,1179.888,,,178.0,11911.0
2026-08-06 16:53:59.036,8862292,1329328,149998160,1179.888721,,1563.466,0x00,0x00,CURRENT,1,0,OK,9.0,8.911,1337.0,149.998,,1179.888,,,178.0,11911.0
2026-08-06 16:54:00.350,8828874,1324315,149998192,1179.889059,,1564.780,0x00,0x00,CURRENT,1,0,OK,9.0,8.834,1325.0,149.998,,1179.889,,,179.0,11706.0
2026-08-06 16:54:01.165,8799136,1319854,149998192,1179.889059,,1565.595,0x00,0x00,CURRENT,1,0,OK,9.0,8.834,1325.0,149.998,,1179.889,,,179.0,11706.0
2026-08-06 16:54:02.000,8773230,1315969,149998208,1179.889228,,1566.429,0x00,0x00,CURRENT,1,0,OK,9.0,8.743,1311.0,149.998,,1179.89,,,182.0,11466.0
2026-08-06 16:54:02.886,8750976,1312631,149998240,1179.889566,,1567.315,0x00,0x00,CURRENT,1,0,OK,9.0,8.743,1311.0,149.998,,1179.89,,,182.0,11466.0
2026-08-06 16:54:03.713,8732502,1309860,149998256,1179.889735,,1568.143,0x00,0x00,CURRENT,1,0,OK,9.0,8.743,1311.0,149.998,,1179.89,,,182.0,11466.0
2026-08-06 16:54:04.536,8717786,1307653,149998272,1179.889904,,1568.966,0x00,0x00,CURRENT,1,0,OK,9.0,8.685,1303.0,149.998,,1179.891,,,185.0,11313.0
2026-08-06 16:54:05.385,8706652,1305983,149998320,1179.890411,,1569.814,0x00,0x00,CURRENT,1,0,OK,9.0,8.685,1303.0,149.998,,1179.891,,,185.0,11313.0
2026-08-06 16:54:06.220,8699088,1304848,149998288,1179.890073,,1570.649,0x00,0x00,CURRENT,1,0,OK,9.0,8.663,1299.0,149.998,,1179.891,,,188.0,11258.0
2026-08-06 16:54:07.035,8694918,1304223,149998304,1179.890242,,1571.464,0x00,0x00,CURRENT,1,0,OK,9.0,8.663,1299.0,149.998,,1179.891,,,188.0,11258.0
2026-08-06 16:54:08.349,8696986,1304533,149998288,1179.890073,,1572.778,0x00,0x00,CURRENT,1,0,OK,9.0,8.656,1298.0,149.998,,1179.891,,,191.0,11238.0
2026-08-06 16:54:09.164,8701796,1305255,149998288,1179.890073,,1573.593,0x00,0x00,CURRENT,1,0,OK,9.0,8.656,1298.0,149.998,,1179.891,,,191.0,11238.0
2026-08-06 16:54:09.999,8709392,1306394,149998288,1179.890073,,1574.428,0x00,0x00,CURRENT,1,0,OK,9.0,8.667,1300.0,149.998,,1179.89,,,195.0,11269.0
2026-08-06 16:54:10.886,8719412,1307897,149998288,1179.890073,,1575.315,0x00,0x00,CURRENT,1,0,OK,9.0,8.667,1300.0,149.998,,1179.89,,,195.0,11269.0
2026-08-06 16:54:11.701,8731608,1309726,149998288,1179.890073,,1576.131,0x00,0x00,CURRENT,1,0,OK,9.0,8.667,1300.0,149.998,,1179.89,,,195.0,11269.0
2026-08-06 16:54:12.536,8745884,1311867,149998272,1179.889904,,1576.965,0x00,0x00,CURRENT,1,0,OK,9.0,8.702,1305.0,149.998,,1179.89,,,199.0,11359.0
2026-08-06 16:54:13.387,8761796,1314254,149998256,1179.889735,,1577.816,0x00,0x00,CURRENT,1,0,OK,9.0,8.702,1305.0,149.998,,1179.89,,,199.0,11359.0
2026-08-06 16:54:14.222,8779254,1316872,149998240,1179.889566,,1578.651,0x00,0x00,CURRENT,1,0,OK,9.0,8.735,1310.0,149.998,,1179.89,,,201.0,11445.0
2026-08-06 16:54:15.037,8798016,1319687,149998240,1179.889566,,1579.466,0x00,0x00,CURRENT,1,0,OK,9.0,8.735,1310.0,149.998,,1179.89,,,201.0,11445.0
2026-08-06 16:54:16.351,8819698,1322939,149998192,1179.889059,,1580.781,0x00,0x00,CURRENT,1,0,OK,9.0,8.774,1316.0,149.998,,1179.889,,,203.0,11547.0
2026-08-06 16:54:17.166,8841804,1326254,149998176,1179.888890,,1581.595,0x00,0x00,CURRENT,1,0,OK,9.0,8.774,1316.0,149.998,,1179.889,,,203.0,11547.0
2026-08-06 16:54:18.001,8864312,1329631,149998176,1179.888890,,1582.430,0x00,0x00,CURRENT,1,0,OK,9.0,8.839,1326.0,149.998,,1179.889,,,205.0,11719.0
2026-08-06 16:54:18.887,8886882,1333016,149998160,1179.888721,,1583.317,0x00,0x00,CURRENT,1,0,OK,9.0,8.839,1326.0,149.998,,1179.889,,,205.0,11719.0
2026-08-06 16:54:19.702,8909332,1336383,149998144,1179.888552,,1584.131,0x00,0x00,CURRENT,1,0,OK,9.0,8.839,1326.0,149.998,,1179.889,,,205.0,11719.0
2026-08-06 16:54:20.537,8931508,1339710,149998128,1179.888383,,1584.966,0x00,0x00,CURRENT,1,0,OK,9.0,8.907,1336.0,149.998,,1179.888,,,206.0,11900.0
2026-08-06 16:54:21.386,8953238,1342969,149998096,1179.888046,,1585.816,0x00,0x00,CURRENT,1,0,OK,9.0,8.907,1336.0,149.998,,1179.888,,,206.0,11900.0
2026-08-06 16:54:22.221,8974214,1346115,149998048,1179.887539,,1586.650,0x00,0x00,CURRENT,1,0,OK,9.0,8.951,1343.0,149.998,,1179.888,,,207.0,12018.0
2026-08-06 16:54:23.035,8994490,1349156,149998048,1179.887539,,1587.465,0x00,0x00,CURRENT,1,0,OK,9.0,8.951,1343.0,149.998,,1179.888,,,207.0,12018.0
2026-08-06 16:54:24.350,9013590,1352021,149998032,1179.887370,,1588.779,0x00,0x00,CURRENT,1,0,OK,9.0,8.993,1349.0,149.998,,1179.888,,,207.0,12130.0
2026-08-06 16:54:25.164,9031576,1354719,149998016,1179.887201,,1589.594,0x00,0x00,CURRENT,1,0,OK,9.0,8.993,1349.0,149.998,,1179.888,,,207.0,12130.0
2026-08-06 16:54:25.999,9048160,1357206,149997984,1179.886863,,1590.429,0x00,0x00,CURRENT,1,0,OK,9.0,9.047,1357.0,149.998,,1179.888,,,206.0,12278.0
2026-08-06 16:54:26.885,9063404,1359492,149997984,1179.886863,,1591.315,0x00,0x00,CURRENT,1,0,OK,9.0,9.047,1357.0,149.998,,1179.888,,,206.0,12278.0
2026-08-06 16:54:27.701,9077210,1361563,149997968,1179.886694,,1592.130,0x00,0x00,CURRENT,1,0,OK,9.0,9.047,1357.0,149.998,,1179.888,,,206.0,12278.0
2026-08-06 16:54:28.535,9089496,1363406,149997952,1179.886525,,1592.965,0x00,0x00,CURRENT,1,0,OK,9.0,9.091,1364.0,149.998,,1179.887,,,206.0,12396.0
2026-08-06 16:54:29.385,9100322,1365030,149997936,1179.886356,,1593.815,0x00,0x00,CURRENT,1,0,OK,9.0,9.091,1364.0,149.998,,1179.887,,,206.0,12396.0
2026-08-06 16:54:30.220,9109606,1366422,149997952,1179.886525,,1594.650,0x00,0x00,CURRENT,1,0,OK,9.0,9.113,1367.0,149.998,,1179.887,,,205.0,12456.0
2026-08-06 16:54:31.036,9117424,1367595,149997968,1179.886694,,1595.465,0x00,0x00,CURRENT,1,0,OK,9.0,9.113,1367.0,149.998,,1179.887,,,205.0,12456.0
2026-08-06 16:54:32.349,9122512,1368358,149997968,1179.886694,,1596.779,0x00,0x00,CURRENT,1,0,OK,9.0,9.128,1369.0,149.998,,1179.887,,,204.0,12499.0
2026-08-06 16:54:33.164,9126168,1368906,149997952,1179.886525,,1597.594,0x00,0x00,CURRENT,1,0,OK,9.0,9.128,1369.0,149.998,,1179.887,,,204.0,12499.0
2026-08-06 16:54:33.999,9128298,1369226,149997952,1179.886525,,1598.429,0x00,0x00,CURRENT,1,0,OK,9.0,9.141,1371.0,149.998,,1179.887,,,202.0,12534.0
2026-08-06 16:54:34.886,9129146,1369353,149997952,1179.886525,,1599.316,0x00,0x00,CURRENT,1,0,OK,9.0,9.141,1371.0,149.998,,1179.887,,,202.0,12534.0
2026-08-06 16:54:35.702,9128610,1369273,149997968,1179.886694,,1600.131,0x00,0x00,CURRENT,1,0,OK,9.0,9.141,1371.0,149.998,,1179.887,,,202.0,12534.0
2026-08-06 16:54:36.536,9126934,1369021,149997968,1179.886694,,1600.966,0x00,0x00,CURRENT,1,0,OK,9.0,9.142,1371.0,149.998,,1179.887,,,200.0,12535.0
2026-08-06 16:54:37.385,9124162,1368606,149997952,1179.886525,,1601.815,0x00,0x00,CURRENT,1,0,OK,9.0,9.142,1371.0,149.998,,1179.887,,,200.0,12535.0
2026-08-06 16:54:38.220,9120192,1368010,149997952,1179.886525,,1602.650,0x00,0x00,CURRENT,1,0,OK,9.0,9.136,1370.0,149.998,,1179.887,,,199.0,12519.0
2026-08-06 16:54:39.035,9115410,1367293,149997936,1179.886356,,1603.465,0x00,0x00,CURRENT,1,0,OK,9.0,9.136,1370.0,149.998,,1179.887,,,199.0,12519.0
2026-08-06 16:54:40.349,9108678,1366283,149997968,1179.886694,,1604.779,0x00,0x00,CURRENT,1,0,OK,9.0,9.126,1369.0,149.998,,1179.887,,,198.0,12492.0
2026-08-06 16:54:41.164,9101272,1365172,149997952,1179.886525,,1605.594,0x00,0x00,CURRENT,1,0,OK,9.0,9.126,1369.0,149.998,,1179.887,,,198.0,12492.0
2026-08-06 16:54:41.999,9093228,1363966,149997968,1179.886694,,1606.429,0x00,0x00,CURRENT,1,0,OK,9.0,9.105,1366.0,149.998,,1179.888,,,197.0,12435.0
2026-08-06 16:54:42.885,9084740,1362693,149997968,1179.886694,,1607.315,0x00,0x00,CURRENT,1,0,OK,9.0,9.105,1366.0,149.998,,1179.888,,,197.0,12435.0
2026-08-06 16:54:43.700,9076010,1361383,149997968,1179.886694,,1608.130,0x00,0x00,CURRENT,1,0,OK,9.0,9.105,1366.0,149.998,,1179.888,,,197.0,12435.0
2026-08-06 16:54:44.535,9066886,1360014,149997984,1179.886863,,1608.965,0x00,0x00,CURRENT,1,0,OK,9.0,9.079,1362.0,149.998,,1179.888,,,196.0,12365.0
2026-08-06 16:54:45.387,9057720,1358640,149997984,1179.886863,,1609.816,0x00,0x00,CURRENT,1,0,OK,9.0,9.079,1362.0,149.998,,1179.888,,,196.0,12365.0
2026-08-06 16:54:46.221,9048508,1357258,149998000,1179.887032,,1610.651,0x00,0x00,CURRENT,1,0,OK,9.0,9.061,1359.0,149.998,,1179.888,,,195.0,12314.0
2026-08-06 16:54:47.036,9039290,1355876,149998032,1179.887370,,1611.466,0x00,0x00,CURRENT,1,0,OK,9.0,9.061,1359.0,149.998,,1179.888,,,195.0,12314.0
2026-08-06 16:54:48.350,9029862,1354461,149998016,1179.887201,,1612.780,0x00,0x00,CURRENT,1,0,OK,9.0,9.042,1356.0,149.998,,1179.888,,,195.0,12264.0
2026-08-06 16:54:49.166,9020736,1353092,149998000,1179.887032,,1613.595,0x00,0x00,CURRENT,1,0,OK,9.0,9.042,1356.0,149.998,,1179.888,,,195.0,12264.0
2026-08-06 16:54:50.000,9011888,1351765,149998016,1179.887201,,1614.430,0x00,0x00,CURRENT,1,0,OK,9.0,9.015,1352.0,149.998,,1179.888,,,195.0,12190.0
2026-08-06 16:54:50.885,9003480,1350504,149998016,1179.887201,,1615.315,0x00,0x00,CURRENT,1,0,OK,9.0,9.015,1352.0,149.998,,1179.888,,,195.0,12190.0
2026-08-06 16:54:51.700,8995482,1349305,149998048,1179.887539,,1616.130,0x00,0x00,CURRENT,1,0,OK,9.0,9.015,1352.0,149.998,,1179.888,,,195.0,12190.0
2026-08-06 16:54:52.535,8987882,1348165,149998048,1179.887539,,1616.965,0x00,0x00,CURRENT,1,0,OK,9.0,8.99,1349.0,149.998,,1179.888,,,195.0,12124.0
2026-08-06 16:54:53.386,8980836,1347108,149998064,1179.887708,,1617.816,0x00,0x00,CURRENT,1,0,OK,9.0,8.99,1349.0,149.998,,1179.888,,,195.0,12124.0
2026-08-06 16:54:54.221,8974314,1346130,149998096,1179.888046,,1618.651,0x00,0x00,CURRENT,1,0,OK,9.0,8.976,1346.0,149.998,,1179.888,,,195.0,12086.0
2026-08-06 16:54:55.036,8968460,1345252,149998112,1179.888215,,1619.466,0x00,0x00,CURRENT,1,0,OK,9.0,8.976,1346.0,149.998,,1179.888,,,195.0,12086.0
2026-08-06 16:54:56.350,8963570,1344518,149998112,1179.888215,,1620.780,0x00,0x00,CURRENT,1,0,OK,9.0,8.964,1345.0,149.998,,1179.889,,,195.0,12054.0
2026-08-06 16:54:57.165,8959218,1343866,149998144,1179.888552,,1621.595,0x00,0x00,CURRENT,1,0,OK,9.0,8.964,1345.0,149.998,,1179.889,,,195.0,12054.0
2026-08-06 16:54:58.000,8955586,1343321,149998128,1179.888383,,1622.430,0x00,0x00,CURRENT,1,0,OK,9.0,8.951,1343.0,149.998,,1179.888,,,196.0,12018.0
2026-08-06 16:54:58.885,8952634,1342878,149998128,1179.888383,,1623.315,0x00,0x00,CURRENT,1,0,OK,9.0,8.951,1343.0,149.998,,1179.888,,,196.0,12018.0
2026-08-06 16:54:59.700,8950170,1342509,149998128,1179.888383,,1624.130,0x00,0x00,CURRENT,1,0,OK,9.0,8.951,1343.0,149.998,,1179.888,,,196.0,12018.0
2026-08-06 16:55:00.535,8948340,1342234,149998128,1179.888383,,1624.965,0x00,0x00,CURRENT,1,0,OK,9.0,8.943,1341.0,149.998,,1179.888,,,196.0,11997.0
2026-08-06 16:55:01.385,8947102,1342048,149998112,1179.888215,,1625.815,0x00,0x00,CURRENT,1,0,OK,9.0,8.943,1341.0,149.998,,1179.888,,,196.0,11997.0
2026-08-06 16:55:02.220,8946600,1341973,149998128,1179.888383,,1626.649,0x00,0x00,CURRENT,1,0,OK,9.0,8.941,1341.0,149.998,,1179.888,,,197.0,11990.0
2026-08-06 16:55:03.035,8946624,1341977,149998128,1179.888383,,1627.465,0x00,0x00,CURRENT,1,0,OK,9.0,8.941,1341.0,149.998,,1179.888,,,197.0,11990.0
2026-08-06 16:55:04.349,8947652,1342131,149998112,1179.888215,,1628.779,0x00,0x00,CURRENT,1,0,OK,9.0,8.941,1341.0,149.998,,1179.888,,,197.0,11991.0
2026-08-06 16:55:05.164,8949144,1342354,149998096,1179.888046,,1629.594,0x00,0x00,CURRENT,1,0,OK,9.0,8.941,1341.0,149.998,,1179.888,,,197.0,11991.0
2026-08-06 16:55:05.999,8951062,1342642,149998080,1179.887877,,1630.429,0x00,0x00,CURRENT,1,0,OK,9.0,8.945,1342.0,149.998,,1179.888,,,198.0,12001.0
2026-08-06 16:55:06.886,8953386,1342990,149998064,1179.887708,,1631.316,0x00,0x00,CURRENT,1,0,OK,9.0,8.945,1342.0,149.998,,1179.888,,,198.0,12001.0
2026-08-06 16:55:07.701,8955926,1343371,149998064,1179.887708,,1632.131,0x00,0x00,CURRENT,1,0,OK,9.0,8.945,1342.0,149.998,,1179.888,,,198.0,12001.0
2026-08-06 16:55:08.536,8958838,1343808,149998064,1179.887708,,1632.966,0x00,0x00,CURRENT,1,0,OK,9.0,8.952,1343.0,149.998,,1179.888,,,198.0,12021.0
2026-08-06 16:55:09.385,8961946,1344274,149998048,1179.887539,,1633.815,0x00,0x00,CURRENT,1,0,OK,9.0,8.952,1343.0,149.998,,1179.888,,,198.0,12021.0
2026-08-06 16:55:10.220,8965232,1344767,149998032,1179.887370,,1634.650,0x00,0x00,CURRENT,1,0,OK,9.0,8.959,1344.0,149.998,,1179.888,,,199.0,12038.0
2026-08-06 16:55:11.035,8968682,1345285,149998048,1179.887539,,1635.465,0x00,0x00,CURRENT,1,0,OK,9.0,8.959,1344.0,149.998,,1179.888,,,199.0,12038.0
2026-08-06 16:55:12.349,8972636,1345878,149998064,1179.887708,,1636.779,0x00,0x00,CURRENT,1,0,OK,9.0,8.966,1345.0,149.998,,1179.888,,,199.0,12057.0
2026-08-06 16:55:13.164,8976558,1346466,149998048,1179.887539,,1637.593,0x00,0x00,CURRENT,1,0,OK,9.0,8.966,1345.0,149.998,,1179.888,,,199.0,12057.0
2026-08-06 16:55:13.999,8980456,1347051,149998064,1179.887708,,1638.428,0x00,0x00,CURRENT,1,0,OK,9.0,8.977,1347.0,149.998,,1179.887,,,199.0,12088.0
2026-08-06 16:55:14.886,8984316,1347630,149998048,1179.887539,,1639.315,0x00,0x00,CURRENT,1,0,OK,9.0,8.977,1347.0,149.998,,1179.887,,,199.0,12088.0
2026-08-06 16:55:15.701,8988160,1348206,149998032,1179.887370,,1640.131,0x00,0x00,CURRENT,1,0,OK,9.0,8.977,1347.0,149.998,,1179.887,,,199.0,12088.0
2026-08-06 16:55:16.536,8991980,1348779,149998032,1179.887370,,1640.965,0x00,0x00,CURRENT,1,0,OK,9.0,8.989,1348.0,149.998,,1179.888,,,200.0,12119.0
2026-08-06 16:55:17.386,8995600,1349322,149998032,1179.887370,,1641.816,0x00,0x00,CURRENT,1,0,OK,9.0,8.989,1348.0,149.998,,1179.888,,,200.0,12119.0
2026-08-06 16:55:18.221,8999042,1349839,149998016,1179.887201,,1642.651,0x00,0x00,CURRENT,1,0,OK,9.0,8.996,1349.0,149.998,,1179.888,,,200.0,12139.0
2026-08-06 16:55:19.036,9002318,1350330,149998016,1179.887201,,1643.465,0x00,0x00,CURRENT,1,0,OK,9.0,8.996,1349.0,149.998,,1179.888,,,200.0,12139.0
2026-08-06 16:55:20.350,9005426,1350796,149998016,1179.887201,,1644.780,0x00,0x00,CURRENT,1,0,OK,9.0,9.003,1350.0,149.998,,1179.888,,,200.0,12157.0
2026-08-06 16:55:21.165,9008212,1351214,149998048,1179.887539,,1645.594,0x00,0x00,CURRENT,1,0,OK,9.0,9.003,1350.0,149.998,,1179.888,,,200.0,12157.0
2026-08-06 16:55:22.000,9010860,1351611,149998032,1179.887370,,1646.429,0x00,0x00,CURRENT,1,0,OK,9.0,9.011,1352.0,149.998,,1179.887,,,200.0,12181.0
2026-08-06 16:55:22.885,9013212,1351964,149998016,1179.887201,,1647.314,0x00,0x00,CURRENT,1,0,OK,9.0,9.011,1352.0,149.998,,1179.887,,,200.0,12181.0
2026-08-06 16:55:23.700,9015274,1352273,149998032,1179.887370,,1648.129,0x00,0x00,CURRENT,1,0,OK,9.0,9.011,1352.0,149.998,,1179.887,,,200.0,12181.0
2026-08-06 16:55:24.535,9017070,1352543,149998032,1179.887370,,1648.965,0x00,0x00,CURRENT,1,0,OK,9.0,9.018,1353.0,149.998,,1179.888,,,199.0,12198.0
2026-08-06 16:55:25.386,9018608,1352774,149998016,1179.887201,,1649.816,0x00,0x00,CURRENT,1,0,OK,9.0,9.018,1353.0,149.998,,1179.888,,,199.0,12198.0
2026-08-06 16:55:26.221,9019904,1352968,149998032,1179.887370,,1650.651,0x00,0x00,CURRENT,1,0,OK,9.0,9.021,1353.0,149.998,,1179.888,,,199.0,12207.0
2026-08-06 16:55:27.036,9020962,1353127,149998048,1179.887539,,1651.465,0x00,0x00,CURRENT,1,0,OK,9.0,9.021,1353.0,149.998,,1179.888,,,199.0,12207.0
2026-08-06 16:55:28.350,9021466,1353202,149998016,1179.887201,,1652.779,0x00,0x00,CURRENT,1,0,OK,9.0,9.023,1353.0,149.998,,1179.887,,,199.0,12213.0
2026-08-06 16:55:29.165,9021770,1353247,149997984,1179.886863,,1653.594,0x00,0x00,CURRENT,1,0,OK,9.0,9.023,1353.0,149.998,,1179.887,,,199.0,12213.0
2026-08-06 16:55:30.000,9021896,1353266,149997984,1179.886863,,1654.429,0x00,0x00,CURRENT,1,0,OK,9.0,9.024,1354.0,149.998,,1179.887,,,199.0,12216.0
2026-08-06 16:55:30.887,9021856,1353260,149997968,1179.886694,,1655.316,0x00,0x00,CURRENT,1,0,OK,9.0,9.024,1354.0,149.998,,1179.887,,,199.0,12216.0
2026-08-06 16:55:31.702,9021490,1353205,149997968,1179.886694,,1656.131,0x00,0x00,CURRENT,1,0,OK,9.0,9.024,1354.0,149.998,,1179.887,,,199.0,12216.0
2026-08-06 16:55:32.537,9020960,1353126,149997952,1179.886525,,1656.966,0x00,0x00,CURRENT,1,0,OK,9.0,9.024,1354.0,149.998,,1179.887,,,198.0,12214.0
2026-08-06 16:55:33.385,9020294,1353026,149997952,1179.886525,,1657.814,0x00,0x00,CURRENT,1,0,OK,9.0,9.024,1354.0,149.998,,1179.887,,,198.0,12214.0
2026-08-06 16:55:34.220,9019494,1352906,149997952,1179.886525,,1658.649,0x00,0x00,CURRENT,1,0,OK,9.0,9.022,1353.0,149.998,,1179.887,,,198.0,12210.0
2026-08-06 16:55:35.035,9018566,1352767,149997968,1179.886694,,1659.464,0x00,0x00,CURRENT,1,0,OK,9.0,9.022,1353.0,149.998,,1179.887,,,198.0,12210.0
2026-08-06 16:55:36.349,9017198,1352561,149997936,1179.886356,,1660.778,0x00,0x00,CURRENT,1,0,OK,9.0,9.02,1353.0,149.998,,1179.887,,,198.0,12205.0
2026-08-06 16:55:37.164,9015884,1352364,149997920,1179.886187,,1661.593,0x00,0x00,CURRENT,1,0,OK,9.0,9.02,1353.0,149.998,,1179.887,,,198.0,12205.0
2026-08-06 16:55:37.999,9014466,1352151,149997920,1179.886187,,1662.428,0x00,0x00,CURRENT,1,0,OK,9.0,9.016,1352.0,149.998,,1179.887,,,198.0,12194.0
2026-08-06 16:55:38.887,9012952,1351924,149997904,1179.886018,,1663.316,0x00,0x00,CURRENT,1,0,OK,9.0,9.016,1352.0,149.998,,1179.887,,,198.0,12194.0
2026-08-06 16:55:39.701,9011352,1351684,149997904,1179.886018,,1664.131,0x00,0x00,CURRENT,1,0,OK,9.0,9.016,1352.0,149.998,,1179.887,,,198.0,12194.0
2026-08-06 16:55:40.537,9009826,1351455,149997888,1179.885849,,1664.966,0x00,0x00,CURRENT,1,0,OK,9.0,9.012,1352.0,149.998,,1179.887,,,198.0,12182.0
2026-08-06 16:55:41.387,9008204,1351212,149997904,1179.886018,,1665.816,0x00,0x00,CURRENT,1,0,OK,9.0,9.012,1352.0,149.998,,1179.887,,,198.0,12182.0
2026-08-06 16:55:42.222,9006664,1350981,149997904,1179.886018,,1666.651,0x00,0x00,CURRENT,1,0,OK,9.0,9.009,1351.0,149.998,,1179.887,,,198.0,12173.0
2026-08-06 16:55:43.037,9005036,1350737,149997920,1179.886187,,1667.466,0x00,0x00,CURRENT,1,0,OK,9.0,9.009,1351.0,149.998,,1179.887,,,198.0,12173.0
2026-08-06 16:55:44.351,9003488,1350504,149997904,1179.886018,,1668.780,0x00,0x00,CURRENT,1,0,OK,9.0,9.005,1351.0,149.998,,1179.887,,,198.0,12164.0
2026-08-06 16:55:45.166,9002020,1350284,149997904,1179.886018,,1669.595,0x00,0x00,CURRENT,1,0,OK,9.0,9.005,1351.0,149.998,,1179.887,,,198.0,12164.0
2026-08-06 16:55:46.001,9000634,1350076,149997904,1179.886018,,1670.430,0x00,0x00,CURRENT,1,0,OK,9.0,9.001,1350.0,149.998,,1179.887,,,198.0,12152.0
2026-08-06 16:55:46.886,8999312,1349878,149997888,1179.885849,,1671.315,0x00,0x00,CURRENT,1,0,OK,9.0,9.001,1350.0,149.998,,1179.887,,,198.0,12152.0
2026-08-06 16:55:47.701,8998062,1349690,149997888,1179.885849,,1672.130,0x00,0x00,CURRENT,1,0,OK,9.0,9.001,1350.0,149.998,,1179.887,,,198.0,12152.0
2026-08-06 16:55:48.535,8996876,1349512,149997872,1179.885680,,1672.965,0x00,0x00,CURRENT,1,0,OK,9.0,8.997,1350.0,149.998,,1179.887,,,198.0,12142.0
2026-08-06 16:55:49.386,8995748,1349343,149997872,1179.885680,,1673.815,0x00,0x00,CURRENT,1,0,OK,9.0,8.997,1350.0,149.998,,1179.887,,,198.0,12142.0
2026-08-06 16:55:50.220,8994672,1349182,149997856,1179.885511,,1674.650,0x00,0x00,CURRENT,1,0,OK,9.0,8.995,1349.0,149.998,,1179.887,,,198.0,12136.0
2026-08-06 16:55:51.035,8993816,1349053,149997856,1179.885511,,1675.465,0x00,0x00,CURRENT,1,0,OK,9.0,8.995,1349.0,149.998,,1179.887,,,198.0,12136.0
2026-08-06 16:55:52.349,8993004,1348931,149997856,1179.885511,,1676.779,0x00,0x00,CURRENT,1,0,OK,9.0,8.993,1349.0,149.998,,1179.887,,,198.0,12131.0
2026-08-06 16:55:53.164,8992384,1348838,149997856,1179.885511,,1677.594,0x00,0x00,CURRENT,1,0,OK,9.0,8.993,1349.0,149.998,,1179.887,,,198.0,12131.0
2026-08-06 16:55:53.999,8991792,1348750,149997872,1179.885680,,1678.429,0x00,0x00,CURRENT,1,0,OK,9.0,8.991,1349.0,149.998,,1179.887,,,198.0,12126.0
2026-08-06 16:55:54.885,8991410,1348692,149997856,1179.885511,,1679.315,0x00,0x00,CURRENT,1,0,OK,9.0,8.991,1349.0,149.998,,1179.887,,,198.0,12126.0
2026-08-06 16:55:55.700,8991040,1348637,149997872,1179.885680,,1680.130,0x00,0x00,CURRENT,1,0,OK,9.0,8.991,1349.0,149.998,,1179.887,,,198.0,12126.0
2026-08-06 16:55:56.535,8990866,1348611,149997904,1179.886018,,1680.965,0x00,0x00,CURRENT,1,0,OK,9.0,8.99,1348.0,149.998,,1179.887,,,198.0,12122.0
2026-08-06 16:55:57.386,8990700,1348586,149997920,1179.886187,,1681.816,0x00,0x00,CURRENT,1,0,OK,9.0,8.99,1348.0,149.998,,1179.887,,,198.0,12122.0
2026-08-06 16:55:58.221,8990722,1348590,149997936,1179.886356,,1682.651,0x00,0x00,CURRENT,1,0,OK,9.0,8.99,1348.0,149.998,,1179.888,,,198.0,12122.0
2026-08-06 16:55:59.036,8990740,1348593,149997968,1179.886694,,1683.466,0x00,0x00,CURRENT,1,0,OK,9.0,8.99,1348.0,149.998,,1179.888,,,198.0,12122.0
2026-08-06 16:56:00.350,8991100,1348647,149997936,1179.886356,,1684.780,0x00,0x00,CURRENT,1,0,OK,9.0,8.99,1348.0,149.998,,1179.888,,,198.0,12122.0
2026-08-06 16:56:01.165,8991436,1348697,149997952,1179.886525,,1685.595,0x00,0x00,CURRENT,1,0,OK,9.0,8.99,1348.0,149.998,,1179.888,,,198.0,12122.0
2026-08-06 16:56:02.000,8991912,1348768,149997936,1179.886356,,1686.430,0x00,0x00,CURRENT,1,0,OK,9.0,8.991,1349.0,149.998,,1179.888,,,198.0,12125.0
2026-08-06 16:56:02.885,8992364,1348836,149997920,1179.886187,,1687.315,0x00,0x00,CURRENT,1,0,OK,9.0,8.991,1349.0,149.998,,1179.888,,,198.0,12125.0
2026-08-06 16:56:03.701,8992794,1348900,149997888,1179.885849,,1688.130,0x00,0x00,CURRENT,1,0,OK,9.0,8.991,1349.0,149.998,,1179.888,,,198.0,12125.0
2026-08-06 16:56:04.535,8993368,1348986,149997872,1179.885680,,1688.965,0x00,0x00,CURRENT,1,0,OK,9.0,8.992,1349.0,149.998,,1179.888,,,198.0,12129.0
2026-08-06 16:56:05.385,8993930,1349070,149997888,1179.885849,,1689.815,0x00,0x00,CURRENT,1,0,OK,9.0,8.992,1349.0,149.998,,1179.888,,,198.0,12129.0
2026-08-06 16:56:06.220,8994618,1349174,149997904,1179.886018,,1690.650,0x00,0x00,CURRENT,1,0,OK,9.0,8.993,1349.0,149.998,,1179.888,,,198.0,12132.0
2026-08-06 16:56:07.036,8995272,1349272,149997888,1179.885849,,1691.465,0x00,0x00,CURRENT,1,0,OK,9.0,8.993,1349.0,149.998,,1179.888,,,198.0,12132.0
2026-08-06 16:56:08.349,8995888,1349364,149997872,1179.885680,,1692.779,0x00,0x00,CURRENT,1,0,OK,9.0,8.995,1349.0,149.998,,1179.888,,,198.0,12136.0
2026-08-06 16:56:09.165,8996648,1349478,149997888,1179.885849,,1693.594,0x00,0x00,CURRENT,1,0,OK,9.0,8.995,1349.0,149.998,,1179.888,,,198.0,12136.0
2026-08-06 16:56:09.999,8997374,1349587,149997904,1179.886018,,1694.429,0x00,0x00,CURRENT,1,0,OK,9.0,8.997,1350.0,149.998,,1179.888,,,198.0,12141.0
2026-08-06 16:56:10.886,8998068,1349692,149997920,1179.886187,,1695.316,0x00,0x00,CURRENT,1,0,OK,9.0,8.997,1350.0,149.998,,1179.888,,,198.0,12141.0
2026-08-06 16:56:11.701,8998724,1349790,149997920,1179.886187,,1696.131,0x00,0x00,CURRENT,1,0,OK,9.0,8.997,1350.0,149.998,,1179.888,,,198.0,12141.0
2026-08-06 16:56:12.536,8999352,1349884,149997920,1179.886187,,1696.966,0x00,0x00,CURRENT,1,0,OK,9.0,8.999,1350.0,149.998,,1179.888,,,198.0,12147.0
2026-08-06 16:56:13.386,8999934,1349971,149997920,1179.886187,,1697.816,0x00,0x00,CURRENT,1,0,OK,9.0,8.999,1350.0,149.998,,1179.888,,,198.0,12147.0
2026-08-06 16:56:14.221,9000494,1350055,149997904,1179.886018,,1698.651,0x00,0x00,CURRENT,1,0,OK,9.0,9.0,1350.0,149.998,,1179.888,,,198.0,12150.0
2026-08-06 16:56:15.036,9001028,1350135,149997920,1179.886187,,1699.466,0x00,0x00,CURRENT,1,0,OK,9.0,9.0,1350.0,149.998,,1179.888,,,198.0,12150.0
2026-08-06 16:56:16.351,9001540,1350212,149997920,1179.886187,,1700.780,0x00,0x00,CURRENT,1,0,OK,9.0,9.001,1350.0,149.998,,1179.888,,,198.0,12153.0
2026-08-06 16:56:17.166,9002022,1350284,149997904,1179.886018,,1701.595,0x00,0x00,CURRENT,1,0,OK,9.0,9.001,1350.0,149.998,,1179.888,,,198.0,12153.0
2026-08-06 16:56:18.001,9002488,1350355,149997936,1179.886356,,1702.431,0x00,0x00,CURRENT,1,0,OK,9.0,9.003,1350.0,149.998,,1179.888,,,198.0,12157.0
2026-08-06 16:56:18.885,9002772,1350397,149997968,1179.886694,,1703.315,0x00,0x00,CURRENT,1,0,OK,9.0,9.003,1350.0,149.998,,1179.888,,,198.0,12157.0
2026-08-06 16:56:20.108,9182596,1377370,149997856,1179.885511,,1704.538,0x00,0x00,CURRENT,1,0,OK,10.0,9.003,1350.0,149.998,,1179.888,,,198.0,12157.0
2026-08-06 16:56:20.943,9191310,1378676,149997856,1179.885511,,1705.373,0x00,0x00,CURRENT,1,0,OK,10.0,9.017,1353.0,149.998,,1179.89,,,206.0,12195.0
2026-08-06 16:56:22.278,9216358,1382434,149997840,1179.885342,,1706.708,0x00,0x00,CURRENT,1,0,OK,10.0,9.058,1359.0,149.998,,1179.889,,,214.0,12308.0
2026-08-06 16:56:23.093,9248226,1387213,149997792,1179.884835,,1707.523,0x00,0x00,CURRENT,1,0,OK,10.0,9.058,1359.0,149.998,,1179.889,,,214.0,12308.0
2026-08-06 16:56:23.947,9286074,1392890,149997760,1179.884498,,1708.377,0x00,0x00,CURRENT,1,0,OK,10.0,9.128,1369.0,149.998,,1179.888,,,221.0,12499.0
2026-08-06 16:56:25.262,9336162,1400403,149997680,1179.883653,,1709.692,0x00,0x00,CURRENT,1,0,OK,10.0,9.128,1369.0,149.998,,1179.888,,,221.0,12499.0
2026-08-06 16:56:26.098,9390322,1408526,149997616,1179.882977,,1710.528,0x00,0x00,CURRENT,1,0,OK,10.0,9.274,1391.0,149.998,,1179.886,,,230.0,12902.0
2026-08-06 16:56:26.913,9447666,1417127,149997552,1179.882301,,1711.342,0x00,0x00,CURRENT,1,0,OK,10.0,9.274,1391.0,149.998,,1179.886,,,230.0,12902.0
2026-08-06 16:56:27.728,9507308,1426072,149997488,1179.881625,,1712.158,0x00,0x00,CURRENT,1,0,OK,10.0,9.274,1391.0,149.998,,1179.886,,,230.0,12902.0
2026-08-06 16:56:28.563,9568840,1435301,149997440,1179.881118,,1712.993,0x00,0x00,CURRENT,1,0,OK,10.0,9.454,1418.0,149.998,,1179.884,,,238.0,13408.0
2026-08-06 16:56:29.385,9631486,1444698,149997392,1179.880612,,1713.815,0x00,0x00,CURRENT,1,0,OK,10.0,9.454,1418.0,149.998,,1179.884,,,238.0,13408.0
2026-08-06 16:56:30.221,9694694,1454178,149997328,1179.879936,,1714.651,0x00,0x00,CURRENT,1,0,OK,10.0,9.584,1438.0,149.998,,1179.883,,,241.0,13777.0
2026-08-06 16:56:31.036,9757772,1463639,149997280,1179.879429,,1715.466,0x00,0x00,CURRENT,1,0,OK,10.0,9.584,1438.0,149.998,,1179.883,,,241.0,13777.0
2026-08-06 16:56:32.350,9822222,1473306,149997248,1179.879091,,1716.780,0x00,0x00,CURRENT,1,0,OK,10.0,9.715,1457.0,149.998,,1179.882,,,244.0,14156.0
2026-08-06 16:56:33.166,9884794,1482692,149997216,1179.878753,,1717.596,0x00,0x00,CURRENT,1,0,OK,10.0,9.715,1457.0,149.998,,1179.882,,,244.0,14156.0
2026-08-06 16:56:34.001,9945078,1491734,149997184,1179.878415,,1718.431,0x00,0x00,CURRENT,1,0,OK,10.0,9.904,1486.0,149.997,,1179.88,,,246.0,14714.0
2026-08-06 16:56:34.886,10002682,1500373,149997104,1179.877570,,1719.316,0x00,0x00,CURRENT,1,0,OK,10.0,9.904,1486.0,149.997,,1179.88,,,246.0,14714.0
2026-08-06 16:56:35.702,10057232,1508555,149997072,1179.877232,,1720.132,0x00,0x00,CURRENT,1,0,OK,10.0,9.904,1486.0,149.997,,1179.88,,,246.0,14714.0
2026-08-06 16:56:36.538,10108396,1516229,149997024,1179.876726,,1720.968,0x00,0x00,CURRENT,1,0,OK,10.0,10.074,1511.0,149.997,,1179.879,,,245.0,15222.0
2026-08-06 16:56:37.386,10155984,1523367,149996992,1179.876388,,1721.816,0x00,0x00,CURRENT,1,0,OK,10.0,10.074,1511.0,149.997,,1179.879,,,245.0,15222.0
2026-08-06 16:56:38.222,10199682,1529921,149996960,1179.876050,,1722.652,0x00,0x00,CURRENT,1,0,OK,10.0,10.171,1526.0,149.997,,1179.878,,,244.0,15517.0
2026-08-06 16:56:39.038,10239354,1535872,149996928,1179.875712,,1723.468,0x00,0x00,CURRENT,1,0,OK,10.0,10.171,1526.0,149.997,,1179.878,,,244.0,15517.0
2026-08-06 16:56:39.948,10274696,1541173,149996896,1179.875374,,1724.378,0x00,0x00,CURRENT,1,0,OK,10.0,10.253,1538.0,149.997,,1179.877,,,242.0,15768.0
2026-08-06 16:56:41.263,10303058,1545426,149996864,1179.875036,,1725.692,0x00,0x00,CURRENT,1,0,OK,10.0,10.253,1538.0,149.997,,1179.877,,,242.0,15768.0
2026-08-06 16:56:42.099,10326970,1549013,149996832,1179.874698,,1726.529,0x00,0x00,CURRENT,1,0,OK,10.0,10.344,1552.0,149.997,,1179.876,,,239.0,16050.0
2026-08-06 16:56:42.915,10346328,1551916,149996816,1179.874529,,1727.345,0x00,0x00,CURRENT,1,0,OK,10.0,10.344,1552.0,149.997,,1179.876,,,239.0,16050.0
2026-08-06 16:56:43.731,10361360,1554171,149996800,1179.874360,,1728.160,0x00,0x00,CURRENT,1,0,OK,10.0,10.344,1552.0,149.997,,1179.876,,,239.0,16050.0
2026-08-06 16:56:44.567,10372170,1555792,149996800,1179.874360,,1728.997,0x00,0x00,CURRENT,1,0,OK,10.0,10.397,1559.0,149.997,,1179.876,,,234.0,16213.0
2026-08-06 16:56:45.386,10378902,1556802,149996800,1179.874360,,1729.816,0x00,0x00,CURRENT,1,0,OK,10.0,10.397,1559.0,149.997,,1179.876,,,234.0,16213.0
2026-08-06 16:56:46.222,10381770,1557232,149996816,1179.874529,,1730.651,0x00,0x00,CURRENT,1,0,OK,10.0,10.411,1562.0,149.997,,1179.876,,,231.0,16257.0
2026-08-06 16:56:47.038,10380792,1557086,149996800,1179.874360,,1731.468,0x00,0x00,CURRENT,1,0,OK,10.0,10.411,1562.0,149.997,,1179.876,,,231.0,16257.0
2026-08-06 16:56:47.950,10376332,1556417,149996800,1179.874360,,1732.380,0x00,0x00,CURRENT,1,0,OK,10.0,10.41,1561.0,149.997,,1179.876,,,227.0,16253.0
2026-08-06 16:56:49.265,10365038,1554723,149996800,1179.874360,,1733.695,0x00,0x00,CURRENT,1,0,OK,10.0,10.41,1561.0,149.997,,1179.876,,,227.0,16253.0
2026-08-06 16:56:50.101,10350940,1552608,149996816,1179.874529,,1734.530,0x00,0x00,CURRENT,1,0,OK,10.0,10.382,1557.0,149.997,,1179.875,,,223.0,16168.0
2026-08-06 16:56:50.917,10334178,1550094,149996832,1179.874698,,1735.347,0x00,0x00,CURRENT,1,0,OK,10.0,10.382,1557.0,149.997,,1179.875,,,223.0,16168.0
2026-08-06 16:56:51.733,10315224,1547251,149996848,1179.874867,,1736.162,0x00,0x00,CURRENT,1,0,OK,10.0,10.382,1557.0,149.997,,1179.875,,,223.0,16168.0
2026-08-06 16:56:52.569,10294362,1544122,149996880,1179.875205,,1736.998,0x00,0x00,CURRENT,1,0,OK,10.0,10.33,1549.0,149.997,,1179.876,,,219.0,16006.0
2026-08-06 16:56:53.386,10271852,1540746,149996896,1179.875374,,1737.816,0x00,0x00,CURRENT,1,0,OK,10.0,10.33,1549.0,149.997,,1179.876,,,219.0,16006.0
2026-08-06 16:56:54.222,10247934,1537158,149996912,1179.875543,,1738.651,0x00,0x00,CURRENT,1,0,OK,10.0,10.285,1543.0,149.997,,1179.876,,,216.0,15867.0
2026-08-06 16:56:55.038,10222858,1533397,149996912,1179.875543,,1739.467,0x00,0x00,CURRENT,1,0,OK,10.0,10.285,1543.0,149.997,,1179.876,,,216.0,15867.0
2026-08-06 16:56:55.951,10197014,1529521,149996928,1179.875712,,1740.380,0x00,0x00,CURRENT,1,0,OK,10.0,10.235,1535.0,149.997,,1179.877,,,214.0,15712.0
2026-08-06 16:56:57.265,10168936,1525309,149996928,1179.875712,,1741.695,0x00,0x00,CURRENT,1,0,OK,10.0,10.235,1535.0,149.997,,1179.877,,,214.0,15712.0
2026-08-06 16:56:58.102,10140932,1521109,149996960,1179.876050,,1742.531,0x00,0x00,CURRENT,1,0,OK,10.0,10.154,1523.0,149.997,,1179.877,,,212.0,15465.0
2026-08-06 16:56:58.918,10113320,1516967,149996976,1179.876219,,1743.347,0x00,0x00,CURRENT,1,0,OK,10.0,10.154,1523.0,149.997,,1179.877,,,212.0,15465.0
2026-08-06 16:56:59.734,10086076,1512881,149996992,1179.876388,,1744.163,0x00,0x00,CURRENT,1,0,OK,10.0,10.154,1523.0,149.997,,1179.877,,,212.0,15465.0
2026-08-06 16:57:00.570,10059692,1508924,149997024,1179.876726,,1744.999,0x00,0x00,CURRENT,1,0,OK,10.0,10.073,1511.0,149.997,,1179.877,,,211.0,15221.0
2026-08-06 16:57:01.386,10034132,1505090,149997072,1179.877232,,1745.815,0x00,0x00,CURRENT,1,0,OK,10.0,10.073,1511.0,149.997,,1179.877,,,211.0,15221.0
2026-08-06 16:57:02.222,10009678,1501423,149997104,1179.877570,,1746.651,0x00,0x00,CURRENT,1,0,OK,10.0,10.023,1503.0,149.997,,1179.877,,,211.0,15068.0
2026-08-06 16:57:03.037,9986436,1497937,149997120,1179.877739,,1747.467,0x00,0x00,CURRENT,1,0,OK,10.0,10.023,1503.0,149.997,,1179.877,,,211.0,15068.0
2026-08-06 16:57:04.352,9965024,1494725,149997152,1179.878077,,1748.781,0x00,0x00,CURRENT,1,0,OK,10.0,9.976,1496.0,149.997,,1179.878,,,211.0,14928.0
2026-08-06 16:57:05.167,9945188,1491750,149997168,1179.878246,,1749.596,0x00,0x00,CURRENT,1,0,OK,10.0,9.976,1496.0,149.997,,1179.878,,,211.0,14928.0
2026-08-06 16:57:06.002,9927020,1489025,149997184,1179.878415,,1750.432,0x00,0x00,CURRENT,1,0,OK,10.0,9.916,1487.0,149.997,,1179.879,,,211.0,14750.0
2026-08-06 16:57:06.886,9910772,1486588,149997184,1179.878415,,1751.315,0x00,0x00,CURRENT,1,0,OK,10.0,9.916,1487.0,149.997,,1179.879,,,211.0,14750.0
2026-08-06 16:57:07.701,9896352,1484425,149997200,1179.878584,,1752.130,0x00,0x00,CURRENT,1,0,OK,10.0,9.916,1487.0,149.997,,1179.879,,,211.0,14750.0
2026-08-06 16:57:08.536,9883672,1482523,149997184,1179.878415,,1752.965,0x00,0x00,CURRENT,1,0,OK,10.0,9.872,1481.0,149.997,,1179.879,,,213.0,14617.0
2026-08-06 16:57:09.385,9872956,1480915,149997184,1179.878415,,1753.815,0x00,0x00,CURRENT,1,0,OK,10.0,9.872,1481.0,149.997,,1179.879,,,213.0,14617.0
2026-08-06 16:57:10.220,9863954,1479565,149997200,1179.878584,,1754.650,0x00,0x00,CURRENT,1,0,OK,10.0,9.851,1478.0,149.997,,1179.879,,,214.0,14555.0
2026-08-06 16:57:11.035,9856906,1478508,149997216,1179.878753,,1755.465,0x00,0x00,CURRENT,1,0,OK,10.0,9.851,1478.0,149.997,,1179.879,,,214.0,14555.0
2026-08-06 16:57:12.349,9853052,1477931,149997232,1179.878922,,1756.779,0x00,0x00,CURRENT,1,0,OK,10.0,9.837,1475.0,149.997,,1179.88,,,215.0,14514.0
2026-08-06 16:57:13.165,9850896,1477607,149997216,1179.878753,,1757.595,0x00,0x00,CURRENT,1,0,OK,10.0,9.837,1475.0,149.997,,1179.88,,,215.0,14514.0
2026-08-06 16:57:14.000,9850368,1477528,149997200,1179.878584,,1758.430,0x00,0x00,CURRENT,1,0,OK,10.0,9.829,1474.0,149.997,,1179.88,,,217.0,14491.0
2026-08-06 16:57:14.886,9851364,1477677,149997200,1179.878584,,1759.316,0x00,0x00,CURRENT,1,0,OK,10.0,9.829,1474.0,149.997,,1179.88,,,217.0,14491.0
2026-08-06 16:57:15.702,9853824,1478046,149997216,1179.878753,,1760.131,0x00,0x00,CURRENT,1,0,OK,10.0,9.829,1474.0,149.997,,1179.88,,,217.0,14491.0
2026-08-06 16:57:16.536,9857512,1478599,149997200,1179.878584,,1760.966,0x00,0x00,CURRENT,1,0,OK,10.0,9.835,1475.0,149.997,,1179.88,,,219.0,14509.0
2026-08-06 16:57:17.387,9862522,1479351,149997200,1179.878584,,1761.816,0x00,0x00,CURRENT,1,0,OK,10.0,9.835,1475.0,149.997,,1179.88,,,219.0,14509.0
2026-08-06 16:57:18.221,9868628,1480266,149997200,1179.878584,,1762.651,0x00,0x00,CURRENT,1,0,OK,10.0,9.845,1477.0,149.997,,1179.88,,,221.0,14540.0
2026-08-06 16:57:19.037,9875772,1481338,149997200,1179.878584,,1763.466,0x00,0x00,CURRENT,1,0,OK,10.0,9.845,1477.0,149.997,,1179.88,,,221.0,14540.0
2026-08-06 16:57:20.350,9884924,1482711,149997200,1179.878584,,1764.780,0x00,0x00,CURRENT,1,0,OK,10.0,9.86,1479.0,149.997,,1179.88,,,222.0,14584.0
2026-08-06 16:57:21.165,9894632,1484167,149997184,1179.878415,,1765.595,0x00,0x00,CURRENT,1,0,OK,10.0,9.86,1479.0,149.997,,1179.88,,,222.0,14584.0
2026-08-06 16:57:22.000,9904858,1485701,149997168,1179.878246,,1766.430,0x00,0x00,CURRENT,1,0,OK,10.0,9.889,1483.0,149.997,,1179.879,,,223.0,14667.0
2026-08-06 16:57:22.886,9915404,1487282,149997168,1179.878246,,1767.316,0x00,0x00,CURRENT,1,0,OK,10.0,9.889,1483.0,149.997,,1179.879,,,223.0,14667.0
2026-08-06 16:57:23.701,9926274,1488913,149997152,1179.878077,,1768.131,0x00,0x00,CURRENT,1,0,OK,10.0,9.889,1483.0,149.997,,1179.879,,,223.0,14667.0
2026-08-06 16:57:24.536,9937276,1490563,149997120,1179.877739,,1768.966,0x00,0x00,CURRENT,1,0,OK,10.0,9.921,1488.0,149.997,,1179.879,,,224.0,14764.0
2026-08-06 16:57:25.385,9948398,1492231,149997136,1179.877908,,1769.815,0x00,0x00,CURRENT,1,0,OK,10.0,9.921,1488.0,149.997,,1179.879,,,224.0,14764.0
2026-08-06 16:57:26.220,9959476,1493893,149997152,1179.878077,,1770.650,0x00,0x00,CURRENT,1,0,OK,10.0,9.944,1492.0,149.997,,1179.879,,,225.0,14831.0
2026-08-06 16:57:27.035,9970332,1495522,149997152,1179.878077,,1771.465,0x00,0x00,CURRENT,1,0,OK,10.0,9.944,1492.0,149.997,,1179.879,,,225.0,14831.0
2026-08-06 16:57:28.349,9981160,1497145,149997120,1179.877739,,1772.779,0x00,0x00,CURRENT,1,0,OK,10.0,9.966,1495.0,149.997,,1179.879,,,225.0,14898.0
2026-08-06 16:57:29.165,9991618,1498714,149997104,1179.877570,,1773.595,0x00,0x00,CURRENT,1,0,OK,10.0,9.966,1495.0,149.997,,1179.879,,,225.0,14898.0
2026-08-06 16:57:30.001,10001546,1500203,149997104,1179.877570,,1774.430,0x00,0x00,CURRENT,1,0,OK,10.0,9.998,1500.0,149.997,,1179.878,,,225.0,14993.0
2026-08-06 16:57:30.887,10010816,1501593,149997120,1179.877739,,1775.316,0x00,0x00,CURRENT,1,0,OK,10.0,9.998,1500.0,149.997,,1179.878,,,225.0,14993.0
2026-08-06 16:57:31.702,10019612,1502913,149997088,1179.877401,,1776.132,0x00,0x00,CURRENT,1,0,OK,10.0,9.998,1500.0,149.997,,1179.878,,,225.0,14993.0
2026-08-06 16:57:32.538,10027644,1504117,149997056,1179.877064,,1776.968,0x00,0x00,CURRENT,1,0,OK,10.0,10.025,1504.0,149.997,,1179.878,,,225.0,15074.0
2026-08-06 16:57:33.386,10035110,1505237,149997072,1179.877232,,1777.816,0x00,0x00,CURRENT,1,0,OK,10.0,10.025,1504.0,149.997,,1179.878,,,225.0,15074.0
2026-08-06 16:57:34.222,10041694,1506225,149997072,1179.877232,,1778.652,0x00,0x00,CURRENT,1,0,OK,10.0,10.04,1506.0,149.997,,1179.878,,,225.0,15119.0
2026-08-06 16:57:35.038,10047612,1507112,149997056,1179.877064,,1779.468,0x00,0x00,CURRENT,1,0,OK,10.0,10.04,1506.0,149.997,,1179.878,,,225.0,15119.0
2026-08-06 16:57:35.947,10052724,1507879,149997088,1179.877401,,1780.377,0x00,0x00,CURRENT,1,0,OK,10.0,10.052,1508.0,149.997,,1179.878,,,224.0,15156.0
2026-08-06 16:57:37.263,10056570,1508456,149997088,1179.877401,,1781.693,0x00,0x00,CURRENT,1,0,OK,10.0,10.052,1508.0,149.997,,1179.878,,,224.0,15156.0
2026-08-06 16:57:38.099,10059722,1508929,149997088,1179.877401,,1782.529,0x00,0x00,CURRENT,1,0,OK,10.0,10.064,1510.0,149.997,,1179.878,,,224.0,15193.0
2026-08-06 16:57:38.915,10062046,1509277,149997072,1179.877232,,1783.345,0x00,0x00,CURRENT,1,0,OK,10.0,10.064,1510.0,149.997,,1179.878,,,224.0,15193.0
2026-08-06 16:57:39.731,10063742,1509532,149997072,1179.877232,,1784.161,0x00,0x00,CURRENT,1,0,OK,10.0,10.064,1510.0,149.997,,1179.878,,,224.0,15193.0
2026-08-06 16:57:40.567,10064680,1509673,149997088,1179.877401,,1784.997,0x00,0x00,CURRENT,1,0,OK,10.0,10.07,1511.0,149.997,,1179.878,,,223.0,15212.0
2026-08-06 16:57:41.386,10064908,1509707,149997088,1179.877401,,1785.816,0x00,0x00,CURRENT,1,0,OK,10.0,10.07,1511.0,149.997,,1179.878,,,223.0,15212.0
2026-08-06 16:57:42.222,10064618,1509663,149997088,1179.877401,,1786.652,0x00,0x00,CURRENT,1,0,OK,10.0,10.071,1511.0,149.997,,1179.878,,,222.0,15213.0
2026-08-06 16:57:43.038,10063666,1509521,149997104,1179.877570,,1787.468,0x00,0x00,CURRENT,1,0,OK,10.0,10.071,1511.0,149.997,,1179.878,,,222.0,15213.0
2026-08-06 16:57:43.948,10062092,1509285,149997104,1179.877570,,1788.378,0x00,0x00,CURRENT,1,0,OK,10.0,10.069,1510.0,149.997,,1179.878,,,222.0,15208.0
2026-08-06 16:57:45.263,10059418,1508883,149997104,1179.877570,,1789.693,0x00,0x00,CURRENT,1,0,OK,10.0,10.069,1510.0,149.997,,1179.878,,,222.0,15208.0
2026-08-06 16:57:46.099,10056368,1508426,149997088,1179.877401,,1790.529,0x00,0x00,CURRENT,1,0,OK,10.0,10.062,1509.0,149.997,,1179.878,,,221.0,15187.0
2026-08-06 16:57:46.915,10052962,1507915,149997072,1179.877232,,1791.345,0x00,0x00,CURRENT,1,0,OK,10.0,10.062,1509.0,149.997,,1179.878,,,221.0,15187.0
2026-08-06 16:57:47.731,10049222,1507354,149997088,1179.877401,,1792.161,0x00,0x00,CURRENT,1,0,OK,10.0,10.062,1509.0,149.997,,1179.878,,,221.0,15187.0
2026-08-06 16:57:48.567,10045166,1506746,149997104,1179.877570,,1792.997,0x00,0x00,CURRENT,1,0,OK,10.0,10.052,1508.0,149.997,,1179.878,,,220.0,15155.0
2026-08-06 16:57:49.385,10040964,1506116,149997120,1179.877739,,1793.815,0x00,0x00,CURRENT,1,0,OK,10.0,10.052,1508.0,149.997,,1179.878,,,220.0,15155.0
2026-08-06 16:57:50.221,10036626,1505465,149997136,1179.877908,,1794.651,0x00,0x00,CURRENT,1,0,OK,10.0,10.043,1506.0,149.997,,1179.878,,,220.0,15129.0
2026-08-06 16:57:51.037,10032172,1504797,149997136,1179.877908,,1795.467,0x00,0x00,CURRENT,1,0,OK,10.0,10.043,1506.0,149.997,,1179.878,,,220.0,15129.0
2026-08-06 16:57:51.949,10027608,1504112,149997136,1179.877908,,1796.379,0x00,0x00,CURRENT,1,0,OK,10.0,10.034,1505.0,149.997,,1179.879,,,220.0,15102.0
2026-08-06 16:57:53.264,10022780,1503388,149997136,1179.877908,,1797.694,0x00,0x00,CURRENT,1,0,OK,10.0,10.034,1505.0,149.997,,1179.879,,,220.0,15102.0
2026-08-06 16:57:54.100,10018020,1502674,149997168,1179.878246,,1798.530,0x00,0x00,CURRENT,1,0,OK,10.0,10.02,1503.0,149.997,,1179.879,,,219.0,15060.0
2026-08-06 16:57:54.916,10013322,1501970,149997184,1179.878415,,1799.346,0x00,0x00,CURRENT,1,0,OK,10.0,10.02,1503.0,149.997,,1179.879,,,219.0,15060.0
2026-08-06 16:57:55.732,10008864,1501301,149997184,1179.878415,,1800.162,0x00,0x00,CURRENT,1,0,OK,10.0,10.02,1503.0,149.997,,1179.879,,,219.0,15060.0
2026-08-06 16:57:56.568,10004466,1500642,149997200,1179.878584,,1800.998,0x00,0x00,CURRENT,1,0,OK,10.0,10.006,1501.0,149.997,,1179.879,,,219.0,15019.0
2026-08-06 16:57:57.385,10000288,1500015,149997200,1179.878584,,1801.815,0x00,0x00,CURRENT,1,0,OK,10.0,10.006,1501.0,149.997,,1179.879,,,219.0,15019.0
2026-08-06 16:57:58.221,9996328,1499422,149997216,1179.878753,,1802.651,0x00,0x00,CURRENT,1,0,OK,10.0,9.998,1500.0,149.997,,1179.879,,,219.0,14994.0
2026-08-06 16:57:59.036,9992748,1498884,149997200,1179.878584,,1803.466,0x00,0x00,CURRENT,1,0,OK,10.0,9.998,1500.0,149.997,,1179.879,,,219.0,14994.0
2026-08-06 16:58:00.350,9989510,1498399,149997200,1179.878584,,1804.780,0x00,0x00,CURRENT,1,0,OK,10.0,9.991,1499.0,149.997,,1179.879,,,219.0,14972.0
2026-08-06 16:58:01.165,9986430,1497937,149997216,1179.878753,,1805.594,0x00,0x00,CURRENT,1,0,OK,10.0,9.991,1499.0,149.997,,1179.879,,,219.0,14972.0
2026-08-06 16:58:02.000,9983662,1497522,149997232,1179.878922,,1806.430,0x00,0x00,CURRENT,1,0,OK,10.0,9.982,1497.0,149.997,,1179.879,,,219.0,14945.0
2026-08-06 16:58:02.885,9981394,1497181,149997216,1179.878753,,1807.315,0x00,0x00,CURRENT,1,0,OK,10.0,9.982,1497.0,149.997,,1179.879,,,219.0,14945.0
2026-08-06 16:58:03.700,9979400,1496882,149997216,1179.878753,,1808.129,0x00,0x00,CURRENT,1,0,OK,10.0,9.982,1497.0,149.997,,1179.879,,,219.0,14945.0
2026-08-06 16:58:04.535,9977684,1496625,149997248,1179.879091,,1808.965,0x00,0x00,CURRENT,1,0,OK,10.0,9.975,1496.0,149.997,,1179.88,,,220.0,14926.0
2026-08-06 16:58:05.386,9976214,1496405,149997280,1179.879429,,1809.816,0x00,0x00,CURRENT,1,0,OK,10.0,9.975,1496.0,149.997,,1179.88,,,220.0,14926.0
2026-08-06 16:58:06.221,9975158,1496247,149997312,1179.879767,,1810.651,0x00,0x00,CURRENT,1,0,OK,10.0,9.973,1496.0,149.997,,1179.88,,,220.0,14917.0
2026-08-06 16:58:07.036,9974324,1496122,149997280,1179.879429,,1811.465,0x00,0x00,CURRENT,1,0,OK,10.0,9.973,1496.0,149.997,,1179.88,,,220.0,14917.0
2026-08-06 16:58:08.350,9974024,1496077,149997280,1179.879429,,1812.780,0x00,0x00,CURRENT,1,0,OK,10.0,9.971,1496.0,149.997,,1179.88,,,220.0,14913.0
2026-08-06 16:58:09.166,9974072,1496084,149997296,1179.879598,,1813.596,0x00,0x00,CURRENT,1,0,OK,10.0,9.971,1496.0,149.997,,1179.88,,,220.0,14913.0
2026-08-06 16:58:10.001,9974290,1496117,149997312,1179.879767,,1814.430,0x00,0x00,CURRENT,1,0,OK,10.0,9.971,1496.0,149.997,,1179.88,,,220.0,14912.0
2026-08-06 16:58:10.886,9974826,1496197,149997312,1179.879767,,1815.315,0x00,0x00,CURRENT,1,0,OK,10.0,9.971,1496.0,149.997,,1179.88,,,220.0,14912.0
2026-08-06 16:58:11.701,9975494,1496298,149997344,1179.880105,,1816.131,0x00,0x00,CURRENT,1,0,OK,10.0,9.971,1496.0,149.997,,1179.88,,,220.0,14912.0
2026-08-06 16:58:12.536,9976470,1496444,149997344,1179.880105,,1816.965,0x00,0x00,CURRENT,1,0,OK,10.0,9.973,1496.0,149.997,,1179.88,,,221.0,14918.0
2026-08-06 16:58:13.386,9977572,1496609,149997344,1179.880105,,1817.815,0x00,0x00,CURRENT,1,0,OK,10.0,9.973,1496.0,149.997,,1179.88,,,221.0,14918.0
2026-08-06 16:58:14.221,9978968,1496819,149997328,1179.879936,,1818.650,0x00,0x00,CURRENT,1,0,OK,10.0,9.975,1496.0,149.997,,1179.88,,,221.0,14925.0
2026-08-06 16:58:15.036,9980464,1497043,149997328,1179.879936,,1819.465,0x00,0x00,CURRENT,1,0,OK,10.0,9.975,1496.0,149.997,,1179.88,,,221.0,14925.0
2026-08-06 16:58:16.350,9982214,1497306,149997328,1179.879936,,1820.779,0x00,0x00,CURRENT,1,0,OK,10.0,9.978,1497.0,149.997,,1179.88,,,221.0,14934.0
2026-08-06 16:58:17.165,9984044,1497580,149997344,1179.880105,,1821.594,0x00,0x00,CURRENT,1,0,OK,10.0,9.978,1497.0,149.997,,1179.88,,,221.0,14934.0
2026-08-06 16:58:18.000,9985944,1497865,149997344,1179.880105,,1822.430,0x00,0x00,CURRENT,1,0,OK,10.0,9.984,1498.0,149.997,,1179.88,,,221.0,14950.0
2026-08-06 16:58:18.886,9987928,1498162,149997328,1179.879936,,1823.315,0x00,0x00,CURRENT,1,0,OK,10.0,9.984,1498.0,149.997,,1179.88,,,221.0,14950.0
2026-08-06 16:58:19.728,9989814,1498446,149997344,1179.880105,,1824.158,0x00,0x00,CURRENT,1,0,OK,10.0,9.984,1498.0,149.997,,1179.88,,,221.0,14950.0
2026-08-06 16:58:20.536,9991778,1498740,149997328,1179.879936,,1824.965,0x00,0x00,CURRENT,1,0,OK,10.0,9.989,1498.0,149.997,,1179.88,,,222.0,14968.0
2026-08-06 16:58:21.385,9993636,1499019,149997328,1179.879936,,1825.814,0x00,0x00,CURRENT,1,0,OK,10.0,9.989,1498.0,149.997,,1179.88,,,222.0,14968.0
2026-08-06 16:58:22.220,9995574,1499309,149997328,1179.879936,,1826.649,0x00,0x00,CURRENT,1,0,OK,10.0,9.993,1499.0,149.997,,1179.88,,,222.0,14979.0
2026-08-06 16:58:23.035,9997416,1499586,149997344,1179.880105,,1827.465,0x00,0x00,CURRENT,1,0,OK,10.0,9.993,1499.0,149.997,,1179.88,,,222.0,14979.0
2026-08-06 16:58:24.350,9999164,1499848,149997344,1179.880105,,1828.780,0x00,0x00,CURRENT,1,0,OK,10.0,9.997,1500.0,149.997,,1179.88,,,222.0,14991.0
2026-08-06 16:58:25.165,10000826,1500097,149997360,1179.880274,,1829.594,0x00,0x00,CURRENT,1,0,OK,10.0,9.997,1500.0,149.997,,1179.88,,,222.0,14991.0
2026-08-06 16:58:26.001,10002398,1500333,149997344,1179.880105,,1830.430,0x00,0x00,CURRENT,1,0,OK,10.0,10.002,1500.0,149.997,,1179.88,,,222.0,15006.0
2026-08-06 16:58:26.887,10003882,1500556,149997344,1179.880105,,1831.316,0x00,0x00,CURRENT,1,0,OK,10.0,10.002,1500.0,149.997,,1179.88,,,222.0,15006.0
2026-08-06 16:58:27.703,10005118,1500741,149997344,1179.880105,,1832.132,0x00,0x00,CURRENT,1,0,OK,10.0,10.002,1500.0,149.997,,1179.88,,,222.0,15006.0
2026-08-06 16:58:28.539,10006302,1500919,149997344,1179.880105,,1832.968,0x00,0x00,CURRENT,1,0,OK,10.0,10.006,1501.0,149.997,,1179.88,,,222.0,15018.0
2026-08-06 16:58:29.386,10007424,1501087,149997328,1179.879936,,1833.816,0x00,0x00,CURRENT,1,0,OK,10.0,10.006,1501.0,149.997,,1179.88,,,222.0,15018.0
2026-08-06 16:58:30.221,10008312,1501220,149997296,1179.879598,,1834.651,0x00,0x00,CURRENT,1,0,OK,10.0,10.008,1501.0,149.997,,1179.88,,,222.0,15025.0
2026-08-06 16:58:31.038,10009154,1501346,149997312,1179.879767,,1835.467,0x00,0x00,CURRENT,1,0,OK,10.0,10.008,1501.0,149.997,,1179.88,,,222.0,15025.0
2026-08-06 16:58:31.949,10009788,1501441,149997312,1179.879767,,1836.378,0x00,0x00,CURRENT,1,0,OK,10.0,10.01,1501.0,149.997,,1179.88,,,221.0,15030.0
2026-08-06 16:58:33.264,10010228,1501507,149997296,1179.879598,,1837.693,0x00,0x00,CURRENT,1,0,OK,10.0,10.01,1501.0,149.997,,1179.88,,,221.0,15030.0
2026-08-06 16:58:34.100,10010630,1501567,149997280,1179.879429,,1838.529,0x00,0x00,CURRENT,1,0,OK,10.0,10.012,1502.0,149.997,,1179.88,,,221.0,15034.0
2026-08-06 16:58:34.916,10010848,1501600,149997296,1179.879598,,1839.345,0x00,0x00,CURRENT,1,0,OK,10.0,10.012,1502.0,149.997,,1179.88,,,221.0,15034.0
2026-08-06 16:58:35.731,10010894,1501607,149997312,1179.879767,,1840.161,0x00,0x00,CURRENT,1,0,OK,10.0,10.012,1502.0,149.997,,1179.88,,,221.0,15034.0
2026-08-06 16:58:36.567,10010938,1501614,149997312,1179.879767,,1840.997,0x00,0x00,CURRENT,1,0,OK,10.0,10.012,1502.0,149.997,,1179.881,,,221.0,15036.0
2026-08-06 16:58:37.385,10010806,1501594,149997328,1179.879936,,1841.815,0x00,0x00,CURRENT,1,0,OK,10.0,10.012,1502.0,149.997,,1179.881,,,221.0,15036.0
2026-08-06 16:58:38.221,10010514,1501550,149997328,1179.879936,,1842.651,0x00,0x00,CURRENT,1,0,OK,10.0,10.012,1502.0,149.997,,1179.881,,,221.0,15035.0
2026-08-06 16:58:39.037,10010236,1501509,149997328,1179.879936,,1843.467,0x00,0x00,CURRENT,1,0,OK,10.0,10.012,1502.0,149.997,,1179.881,,,221.0,15035.0
2026-08-06 16:58:39.949,10009810,1501445,149997328,1179.879936,,1844.378,0x00,0x00,CURRENT,1,0,OK,10.0,10.011,1502.0,149.997,,1179.881,,,221.0,15033.0
2026-08-06 16:58:41.264,10009228,1501357,149997328,1179.879936,,1845.693,0x00,0x00,CURRENT,1,0,OK,10.0,10.011,1502.0,149.997,,1179.881,,,221.0,15033.0
2026-08-06 16:58:42.099,10008688,1501276,149997328,1179.879936,,1846.529,0x00,0x00,CURRENT,1,0,OK,10.0,10.01,1501.0,149.997,,1179.881,,,221.0,15029.0
2026-08-06 16:58:42.915,10008004,1501174,149997328,1179.879936,,1847.345,0x00,0x00,CURRENT,1,0,OK,10.0,10.01,1501.0,149.997,,1179.881,,,221.0,15029.0
2026-08-06 16:58:43.732,10007354,1501076,149997328,1179.879936,,1848.161,0x00,0x00,CURRENT,1,0,OK,10.0,10.01,1501.0,149.997,,1179.881,,,221.0,15029.0
2026-08-06 16:58:44.567,10006574,1500959,149997328,1179.879936,,1848.997,0x00,0x00,CURRENT,1,0,OK,10.0,10.008,1501.0,149.997,,1179.881,,,221.0,15023.0
2026-08-06 16:58:45.386,10005846,1500850,149997328,1179.879936,,1849.815,0x00,0x00,CURRENT,1,0,OK,10.0,10.008,1501.0,149.997,,1179.881,,,221.0,15023.0
2026-08-06 16:58:46.221,10005150,1500746,149997344,1179.880105,,1850.651,0x00,0x00,CURRENT,1,0,OK,10.0,10.006,1501.0,149.997,,1179.881,,,221.0,15018.0
2026-08-06 16:58:47.037,10004312,1500621,149997376,1179.880443,,1851.467,0x00,0x00,CURRENT,1,0,OK,10.0,10.006,1501.0,149.997,,1179.881,,,221.0,15018.0
2026-08-06 16:58:47.947,10003520,1500501,149997360,1179.880274,,1852.377,0x00,0x00,CURRENT,1,0,OK,10.0,10.005,1501.0,149.997,,1179.881,,,221.0,15014.0
2026-08-06 16:58:49.263,10002768,1500389,149997360,1179.880274,,1853.693,0x00,0x00,CURRENT,1,0,OK,10.0,10.005,1501.0,149.997,,1179.881,,,221.0,15014.0
2026-08-06 16:58:50.099,10002048,1500281,149997360,1179.880274,,1854.529,0x00,0x00,CURRENT,1,0,OK,10.0,10.002,1500.0,149.997,,1179.881,,,221.0,15007.0
2026-08-06 16:58:50.916,10001372,1500180,149997360,1179.880274,,1855.345,0x00,0x00,CURRENT,1,0,OK,10.0,10.002,1500.0,149.997,,1179.881,,,221.0,15007.0
2026-08-06 16:58:51.731,10000562,1500058,149997376,1179.880443,,1856.161,0x00,0x00,CURRENT,1,0,OK,10.0,10.002,1500.0,149.997,,1179.881,,,221.0,15007.0
2026-08-06 16:58:52.567,9999800,1499944,149997392,1179.880612,,1856.997,0x00,0x00,CURRENT,1,0,OK,10.0,10.0,1500.0,149.997,,1179.881,,,221.0,15000.0
2026-08-06 16:58:53.385,9999236,1499860,149997408,1179.880781,,1857.815,0x00,0x00,CURRENT,1,0,OK,10.0,10.0,1500.0,149.997,,1179.881,,,221.0,15000.0
2026-08-06 16:58:54.220,9998694,1499778,149997408,1179.880781,,1858.650,0x00,0x00,CURRENT,1,0,OK,10.0,9.999,1500.0,149.997,,1179.881,,,221.0,14996.0
2026-08-06 16:58:55.035,9998182,1499701,149997408,1179.880781,,1859.465,0x00,0x00,CURRENT,1,0,OK,10.0,9.999,1500.0,149.997,,1179.881,,,221.0,14996.0
2026-08-06 16:58:56.349,9997704,1499630,149997392,1179.880612,,1860.779,0x00,0x00,CURRENT,1,0,OK,10.0,9.998,1500.0,149.997,,1179.881,,,221.0,14993.0
2026-08-06 16:58:57.164,9997252,1499562,149997376,1179.880443,,1861.594,0x00,0x00,CURRENT,1,0,OK,10.0,9.998,1500.0,149.997,,1179.881,,,221.0,14993.0
2026-08-06 16:58:57.999,9996820,1499497,149997392,1179.880612,,1862.429,0x00,0x00,CURRENT,1,0,OK,10.0,9.997,1499.0,149.997,,1179.881,,,221.0,14989.0
2026-08-06 16:58:58.885,9996410,1499435,149997376,1179.880443,,1863.315,0x00,0x00,CURRENT,1,0,OK,10.0,9.997,1499.0,149.997,,1179.881,,,221.0,14989.0
2026-08-06 16:58:59.700,9996192,1499403,149997376,1179.880443,,1864.130,0x00,0x00,CURRENT,1,0,OK,10.0,9.997,1499.0,149.997,,1179.881,,,221.0,14989.0
2026-08-06 16:59:00.535,9995982,1499371,149997392,1179.880612,,1864.965,0x00,0x00,CURRENT,1,0,OK,10.0,9.996,1499.0,149.997,,1179.881,,,221.0,14986.0
2026-08-06 16:59:01.385,9995778,1499340,149997376,1179.880443,,1865.815,0x00,0x00,CURRENT,1,0,OK,10.0,9.996,1499.0,149.997,,1179.881,,,221.0,14986.0
2026-08-06 16:59:02.220,9995570,1499309,149997392,1179.880612,,1866.650,0x00,0x00,CURRENT,1,0,OK,10.0,9.995,1499.0,149.997,,1179.881,,,221.0,14985.0
2026-08-06 16:59:03.035,9995562,1499308,149997376,1179.880443,,1867.465,0x00,0x00,CURRENT,1,0,OK,10.0,9.995,1499.0,149.997,,1179.881,,,221.0,14985.0
2026-08-06 16:59:04.349,9995540,1499305,149997344,1179.880105,,1868.779,0x00,0x00,CURRENT,1,0,OK,10.0,9.995,1499.0,149.997,,1179.881,,,221.0,14985.0
2026-08-06 16:59:05.164,9995516,1499301,149997344,1179.880105,,1869.594,0x00,0x00,CURRENT,1,0,OK,10.0,9.995,1499.0,149.997,,1179.881,,,221.0,14985.0
2026-08-06 16:59:05.999,9995660,1499322,149997344,1179.880105,,1870.429,0x00,0x00,CURRENT,1,0,OK,10.0,9.995,1499.0,149.997,,1179.881,,,221.0,14985.0
2026-08-06 16:59:06.886,9995806,1499344,149997344,1179.880105,,1871.316,0x00,0x00,CURRENT,1,0,OK,10.0,9.995,1499.0,149.997,,1179.881,,,221.0,14985.0
2026-08-06 16:59:07.701,9995946,1499365,149997328,1179.879936,,1872.131,0x00,0x00,CURRENT,1,0,OK,10.0,9.995,1499.0,149.997,,1179.881,,,221.0,14985.0
2026-08-06 16:59:08.536,9996076,1499385,149997328,1179.879936,,1872.966,0x00,0x00,CURRENT,1,0,OK,10.0,9.996,1499.0,149.997,,1179.881,,,221.0,14986.0
2026-08-06 16:59:09.385,9996370,1499429,149997328,1179.879936,,1873.815,0x00,0x00,CURRENT,1,0,OK,10.0,9.996,1499.0,149.997,,1179.881,,,221.0,14986.0
2026-08-06 16:59:10.220,9996648,1499470,149997328,1179.879936,,1874.650,0x00,0x00,CURRENT,1,0,OK,10.0,9.996,1499.0,149.997,,1179.881,,,221.0,14988.0
2026-08-06 16:59:11.035,9996910,1499510,149997328,1179.879936,,1875.465,0x00,0x00,CURRENT,1,0,OK,10.0,9.996,1499.0,149.997,,1179.881,,,221.0,14988.0
2026-08-06 16:59:12.349,9997170,1499549,149997328,1179.879936,,1876.779,0x00,0x00,CURRENT,1,0,OK,10.0,9.997,1499.0,149.997,,1179.88,,,221.0,14990.0
2026-08-06 16:59:13.165,9997580,1499610,149997344,1179.880105,,1877.595,0x00,0x00,CURRENT,1,0,OK,10.0,9.997,1499.0,149.997,,1179.88,,,221.0,14990.0
2026-08-06 16:59:14.000,9997972,1499669,149997344,1179.880105,,1878.430,0x00,0x00,CURRENT,1,0,OK,10.0,9.998,1500.0,149.997,,1179.88,,,221.0,14992.0
2026-08-06 16:59:14.886,9998328,1499723,149997344,1179.880105,,1879.316,0x00,0x00,CURRENT,1,0,OK,10.0,9.998,1500.0,149.997,,1179.88,,,221.0,14992.0
2026-08-06 16:59:15.701,9998672,1499774,149997328,1179.879936,,1880.131,0x00,0x00,CURRENT,1,0,OK,10.0,9.998,1500.0,149.997,,1179.88,,,221.0,14992.0
2026-08-06 16:59:16.536,9998988,1499822,149997344,1179.880105,,1880.966,0x00,0x00,CURRENT,1,0,OK,10.0,9.999,1500.0,149.997,,1179.881,,,221.0,14996.0
2026-08-06 16:59:17.386,9999300,1499868,149997344,1179.880105,,1881.816,0x00,0x00,CURRENT,1,0,OK,10.0,9.999,1500.0,149.997,,1179.881,,,221.0,14996.0
2026-08-06 16:59:18.221,9999604,1499914,149997344,1179.880105,,1882.651,0x00,0x00,CURRENT,1,0,OK,10.0,9.999,1500.0,149.997,,1179.881,,,221.0,14998.0
2026-08-06 16:59:19.036,9999888,1499957,149997344,1179.880105,,1883.466,0x00,0x00,CURRENT,1,0,OK,10.0,9.999,1500.0,149.997,,1179.881,,,221.0,14998.0
2026-08-06 16:59:19.945,10000166,1499998,149997344,1179.880105,,1884.375,0x00,0x00,CURRENT,1,0,OK,10.0,10.0,1500.0,149.997,,1179.881,,,221.0,14999.0
2026-08-06 16:59:21.669,10180506,1527047,149997168,1179.878246,,1886.099,0x00,0x00,CURRENT,1,0,OK,11.0,10.0,1500.0,149.997,,1179.881,,,221.0,14999.0
2026-08-06 16:59:22.505,10189242,1528357,149997168,1179.878246,,1886.935,0x00,0x00,CURRENT,1,0,OK,11.0,10.014,1502.0,149.997,,1179.88,,,229.0,15042.0
2026-08-06 16:59:23.386,10206122,1530889,149997168,1179.878246,,1887.816,0x00,0x00,CURRENT,1,0,OK,11.0,10.014,1502.0,149.997,,1179.88,,,229.0,15042.0
2026-08-06 16:59:24.222,10230358,1534525,149997152,1179.878077,,1888.652,0x00,0x00,CURRENT,1,0,OK,11.0,10.056,1508.0,149.997,,1179.88,,,237.0,15168.0
2026-08-06 16:59:25.038,10261438,1539186,149997120,1179.877739,,1889.468,0x00,0x00,CURRENT,1,0,OK,11.0,10.056,1508.0,149.997,,1179.88,,,237.0,15168.0
2026-08-06 16:59:25.949,10298670,1544771,149997088,1179.877401,,1890.379,0x00,0x00,CURRENT,1,0,OK,11.0,10.126,1519.0,149.997,,1179.88,,,244.0,15380.0
2026-08-06 16:59:27.264,10348150,1552192,149997040,1179.876895,,1891.694,0x00,0x00,CURRENT,1,0,OK,11.0,10.126,1519.0,149.997,,1179.88,,,244.0,15380.0
2026-08-06 16:59:28.100,10401538,1560200,149997008,1179.876557,,1892.530,0x00,0x00,CURRENT,1,0,OK,11.0,10.272,1541.0,149.997,,1179.878,,,253.0,15828.0
2026-08-06 16:59:28.916,10458306,1568714,149996976,1179.876219,,1893.346,0x00,0x00,CURRENT,1,0,OK,11.0,10.272,1541.0,149.997,,1179.878,,,253.0,15828.0
2026-08-06 16:59:29.732,10517590,1577607,149996944,1179.875881,,1894.162,0x00,0x00,CURRENT,1,0,OK,11.0,10.272,1541.0,149.997,,1179.878,,,253.0,15828.0
2026-08-06 16:59:30.568,10578594,1586757,149996912,1179.875543,,1894.998,0x00,0x00,CURRENT,1,0,OK,11.0,10.453,1568.0,149.997,,1179.878,,,260.0,16388.0
2026-08-06 16:59:31.386,10640902,1596102,149996912,1179.875543,,1895.816,0x00,0x00,CURRENT,1,0,OK,11.0,10.453,1568.0,149.997,,1179.878,,,260.0,16388.0
2026-08-06 16:59:32.222,10703606,1605507,149996864,1179.875036,,1896.652,0x00,0x00,CURRENT,1,0,OK,11.0,10.582,1587.0,149.997,,1179.877,,,264.0,16798.0
2026-08-06 16:59:33.038,10766354,1614919,149996832,1179.874698,,1897.467,0x00,0x00,CURRENT,1,0,OK,11.0,10.582,1587.0,149.997,,1179.877,,,264.0,16798.0
2026-08-06 16:59:33.949,10828466,1624235,149996800,1179.874360,,1898.379,0x00,0x00,CURRENT,1,0,OK,11.0,10.713,1607.0,149.997,,1179.876,,,267.0,17216.0
2026-08-06 16:59:35.264,10890798,1633584,149996768,1179.874022,,1899.693,0x00,0x00,CURRENT,1,0,OK,11.0,10.713,1607.0,149.997,,1179.876,,,267.0,17216.0
2026-08-06 16:59:36.100,10950842,1642591,149996720,1179.873515,,1900.529,0x00,0x00,CURRENT,1,0,OK,11.0,10.903,1635.0,149.997,,1179.875,,,268.0,17832.0
2026-08-06 16:59:36.916,11008228,1651198,149996688,1179.873178,,1901.346,0x00,0x00,CURRENT,1,0,OK,11.0,10.903,1635.0,149.997,,1179.875,,,268.0,17832.0
2026-08-06 16:59:37.732,11062568,1659349,149996672,1179.873009,,1902.162,0x00,0x00,CURRENT,1,0,OK,11.0,10.903,1635.0,149.997,,1179.875,,,268.0,17832.0
2026-08-06 16:59:38.568,11113528,1666992,149996640,1179.872671,,1902.998,0x00,0x00,CURRENT,1,0,OK,11.0,11.073,1661.0,149.997,,1179.874,,,268.0,18393.0
2026-08-06 16:59:39.387,11160936,1674103,149996640,1179.872671,,1903.817,0x00,0x00,CURRENT,1,0,OK,11.0,11.073,1661.0,149.997,,1179.874,,,268.0,18393.0
2026-08-06 16:59:40.223,11204478,1680634,149996608,1179.872333,,1904.653,0x00,0x00,CURRENT,1,0,OK,11.0,11.171,1676.0,149.997,,1179.873,,,267.0,18717.0
2026-08-06 16:59:41.039,11243846,1686538,149996576,1179.871995,,1905.469,0x00,0x00,CURRENT,1,0,OK,11.0,11.171,1676.0,149.997,,1179.873,,,267.0,18717.0
2026-08-06 16:59:41.949,11279060,1691820,149996560,1179.871826,,1906.379,0x00,0x00,CURRENT,1,0,OK,11.0,11.253,1688.0,149.997,,1179.873,,,265.0,18993.0
2026-08-06 16:59:43.264,11307160,1696035,149996544,1179.871657,,1907.694,0x00,0x00,CURRENT,1,0,OK,11.0,11.253,1688.0,149.997,,1179.873,,,265.0,18993.0
2026-08-06 16:59:44.100,11330846,1699588,149996544,1179.871657,,1908.530,0x00,0x00,CURRENT,1,0,OK,11.0,11.344,1702.0,149.997,,1179.872,,,261.0,19303.0
2026-08-06 16:59:44.916,11350164,1702485,149996544,1179.871657,,1909.345,0x00,0x00,CURRENT,1,0,OK,11.0,11.344,1702.0,149.997,,1179.872,,,261.0,19303.0
2026-08-06 16:59:45.732,11365166,1704735,149996528,1179.871488,,1910.162,0x00,0x00,CURRENT,1,0,OK,11.0,11.344,1702.0,149.997,,1179.872,,,261.0,19303.0
2026-08-06 16:59:46.568,11375890,1706344,149996512,1179.871319,,1910.997,0x00,0x00,CURRENT,1,0,OK,11.0,11.397,1709.0,149.997,,1179.872,,,257.0,19483.0
2026-08-06 16:59:47.386,11382574,1707346,149996512,1179.871319,,1911.815,0x00,0x00,CURRENT,1,0,OK,11.0,11.397,1709.0,149.997,,1179.872,,,257.0,19483.0
2026-08-06 16:59:48.222,11385234,1707745,149996528,1179.871488,,1912.652,0x00,0x00,CURRENT,1,0,OK,11.0,11.411,1712.0,149.997,,1179.872,,,254.0,19532.0
2026-08-06 16:59:49.038,11384236,1707596,149996528,1179.871488,,1913.467,0x00,0x00,CURRENT,1,0,OK,11.0,11.411,1712.0,149.997,,1179.872,,,254.0,19532.0
2026-08-06 16:59:49.951,11379598,1706900,149996528,1179.871488,,1914.380,0x00,0x00,CURRENT,1,0,OK,11.0,11.41,1711.0,149.997,,1179.872,,,250.0,19528.0
2026-08-06 16:59:51.266,11368144,1705182,149996528,1179.871488,,1915.696,0x00,0x00,CURRENT,1,0,OK,11.0,11.41,1711.0,149.997,,1179.872,,,250.0,19528.0
2026-08-06 16:59:52.102,11353908,1703047,149996544,1179.871657,,1916.531,0x00,0x00,CURRENT,1,0,OK,11.0,11.383,1707.0,149.997,,1179.872,,,246.0,19435.0
2026-08-06 16:59:52.918,11337184,1700538,149996544,1179.871657,,1917.348,0x00,0x00,CURRENT,1,0,OK,11.0,11.383,1707.0,149.997,,1179.872,,,246.0,19435.0
2026-08-06 16:59:53.734,11318272,1697702,149996544,1179.871657,,1918.164,0x00,0x00,CURRENT,1,0,OK,11.0,11.383,1707.0,149.997,,1179.872,,,246.0,19435.0
2026-08-06 16:59:54.570,11297284,1694554,149996592,1179.872164,,1918.999,0x00,0x00,CURRENT,1,0,OK,11.0,11.331,1700.0,149.997,,1179.872,,,241.0,19258.0
2026-08-06 16:59:55.386,11274664,1691161,149996608,1179.872333,,1919.815,0x00,0x00,CURRENT,1,0,OK,11.0,11.331,1700.0,149.997,,1179.872,,,241.0,19258.0
2026-08-06 16:59:56.222,11250664,1687562,149996624,1179.872502,,1920.651,0x00,0x00,CURRENT,1,0,OK,11.0,11.286,1693.0,149.997,,1179.872,,,239.0,19106.0
2026-08-06 16:59:57.038,11225518,1683790,149996624,1179.872502,,1921.467,0x00,0x00,CURRENT,1,0,OK,11.0,11.286,1693.0,149.997,,1179.872,,,239.0,19106.0
2026-08-06 16:59:57.948,11199618,1679905,149996624,1179.872502,,1922.377,0x00,0x00,CURRENT,1,0,OK,11.0,11.236,1685.0,149.997,,1179.873,,,237.0,18936.0
2026-08-06 16:59:59.263,11171644,1675709,149996624,1179.872502,,1923.692,0x00,0x00,CURRENT,1,0,OK,11.0,11.236,1685.0,149.997,,1179.873,,,237.0,18936.0
2026-08-06 17:00:00.098,11143550,1671495,149996640,1179.872671,,1924.528,0x00,0x00,CURRENT,1,0,OK,11.0,11.155,1673.0,149.997,,1179.873,,,235.0,18665.0
2026-08-06 17:00:00.929,11115902,1667348,149996656,1179.872840,,1925.359,0x00,0x00,CURRENT,1,0,OK,11.0,11.155,1673.0,149.997,,1179.873,,,235.0,18665.0
2026-08-06 17:00:01.731,11088616,1663256,149996656,1179.872840,,1926.160,0x00,0x00,CURRENT,1,0,OK,11.0,11.155,1673.0,149.997,,1179.873,,,235.0,18665.0
2026-08-06 17:00:02.567,11062012,1659265,149996672,1179.873009,,1926.996,0x00,0x00,CURRENT,1,0,OK,11.0,11.075,1661.0,149.997,,1179.873,,,234.0,18396.0
2026-08-06 17:00:03.386,11036410,1655425,149996672,1179.873009,,1927.816,0x00,0x00,CURRENT,1,0,OK,11.0,11.075,1661.0,149.997,,1179.873,,,234.0,18396.0
2026-08-06 17:00:04.223,11011934,1651754,149996688,1179.873178,,1928.653,0x00,0x00,CURRENT,1,0,OK,11.0,11.024,1654.0,149.997,,1179.874,,,233.0,18228.0
2026-08-06 17:00:05.039,10988676,1648265,149996704,1179.873347,,1929.468,0x00,0x00,CURRENT,1,0,OK,11.0,11.024,1654.0,149.997,,1179.874,,,233.0,18228.0
2026-08-06 17:00:05.948,10966762,1644978,149996720,1179.873515,,1930.377,0x00,0x00,CURRENT,1,0,OK,11.0,10.977,1647.0,149.997,,1179.874,,,233.0,18074.0
2026-08-06 17:00:07.264,10946942,1642006,149996720,1179.873515,,1931.693,0x00,0x00,CURRENT,1,0,OK,11.0,10.977,1647.0,149.997,,1179.874,,,233.0,18074.0
2026-08-06 17:00:08.100,10928786,1639282,149996720,1179.873515,,1932.529,0x00,0x00,CURRENT,1,0,OK,11.0,10.918,1638.0,149.997,,1179.874,,,234.0,17879.0
2026-08-06 17:00:08.916,10912330,1636814,149996736,1179.873684,,1933.345,0x00,0x00,CURRENT,1,0,OK,11.0,10.918,1638.0,149.997,,1179.874,,,234.0,17879.0
2026-08-06 17:00:09.731,10897704,1634621,149996768,1179.874022,,1934.161,0x00,0x00,CURRENT,1,0,OK,11.0,10.918,1638.0,149.997,,1179.874,,,234.0,17879.0
2026-08-06 17:00:10.568,10884990,1632713,149996784,1179.874191,,1934.997,0x00,0x00,CURRENT,1,0,OK,11.0,10.873,1631.0,149.997,,1179.874,,,236.0,17732.0
2026-08-06 17:00:11.387,10874080,1631077,149996800,1179.874360,,1935.816,0x00,0x00,CURRENT,1,0,OK,11.0,10.873,1631.0,149.997,,1179.874,,,236.0,17732.0
2026-08-06 17:00:12.222,10865058,1629724,149996800,1179.874360,,1936.652,0x00,0x00,CURRENT,1,0,OK,11.0,10.851,1628.0,149.997,,1179.875,,,237.0,17663.0
2026-08-06 17:00:13.039,10857836,1628641,149996832,1179.874698,,1937.469,0x00,0x00,CURRENT,1,0,OK,11.0,10.851,1628.0,149.997,,1179.875,,,237.0,17663.0
2026-08-06 17:00:13.950,10852496,1627840,149996832,1179.874698,,1938.379,0x00,0x00,CURRENT,1,0,OK,11.0,10.837,1626.0,149.997,,1179.875,,,238.0,17617.0
2026-08-06 17:00:15.264,10850276,1627507,149996832,1179.874698,,1939.694,0x00,0x00,CURRENT,1,0,OK,11.0,10.837,1626.0,149.997,,1179.875,,,238.0,17617.0
2026-08-06 17:00:16.100,10849676,1627417,149996832,1179.874698,,1940.530,0x00,0x00,CURRENT,1,0,OK,11.0,10.829,1624.0,149.997,,1179.874,,,240.0,17590.0
2026-08-06 17:00:16.917,10850618,1627558,149996832,1179.874698,,1941.346,0x00,0x00,CURRENT,1,0,OK,11.0,10.829,1624.0,149.997,,1179.874,,,240.0,17590.0
2026-08-06 17:00:17.732,10853050,1627923,149996832,1179.874698,,1942.162,0x00,0x00,CURRENT,1,0,OK,11.0,10.829,1624.0,149.997,,1179.874,,,240.0,17590.0
2026-08-06 17:00:18.568,10856864,1628495,149996832,1179.874698,,1942.998,0x00,0x00,CURRENT,1,0,OK,11.0,10.835,1625.0,149.997,,1179.874,,,242.0,17609.0
2026-08-06 17:00:19.387,10861838,1629241,149996832,1179.874698,,1943.816,0x00,0x00,CURRENT,1,0,OK,11.0,10.835,1625.0,149.997,,1179.874,,,242.0,17609.0
2026-08-06 17:00:20.222,10867904,1630151,149996832,1179.874698,,1944.652,0x00,0x00,CURRENT,1,0,OK,11.0,10.846,1627.0,149.997,,1179.874,,,243.0,17643.0
2026-08-06 17:00:21.038,10875006,1631216,149996832,1179.874698,,1945.468,0x00,0x00,CURRENT,1,0,OK,11.0,10.846,1627.0,149.997,,1179.874,,,243.0,17643.0
2026-08-06 17:00:21.948,10882928,1632405,149996816,1179.874529,,1946.378,0x00,0x00,CURRENT,1,0,OK,11.0,10.86,1629.0,149.997,,1179.874,,,244.0,17692.0
2026-08-06 17:00:23.264,10892628,1633859,149996800,1179.874360,,1947.693,0x00,0x00,CURRENT,1,0,OK,11.0,10.86,1629.0,149.997,,1179.874,,,244.0,17692.0
2026-08-06 17:00:24.099,10902850,1635393,149996784,1179.874191,,1948.529,0x00,0x00,CURRENT,1,0,OK,11.0,10.888,1633.0,149.997,,1179.874,,,246.0,17783.0
2026-08-06 17:00:24.915,10913568,1637000,149996800,1179.874360,,1949.345,0x00,0x00,CURRENT,1,0,OK,11.0,10.888,1633.0,149.997,,1179.874,,,246.0,17783.0
2026-08-06 17:00:25.731,10924432,1638630,149996800,1179.874360,,1950.161,0x00,0x00,CURRENT,1,0,OK,11.0,10.888,1633.0,149.997,,1179.874,,,246.0,17783.0
2026-08-06 17:00:26.567,10935414,1640277,149996800,1179.874360,,1950.997,0x00,0x00,CURRENT,1,0,OK,11.0,10.921,1638.0,149.997,,1179.874,,,247.0,17889.0
2026-08-06 17:00:27.385,10946514,1641942,149996816,1179.874529,,1951.815,0x00,0x00,CURRENT,1,0,OK,11.0,10.921,1638.0,149.997,,1179.874,,,247.0,17889.0
2026-08-06 17:00:28.221,10957570,1643601,149996800,1179.874360,,1952.651,0x00,0x00,CURRENT,1,0,OK,11.0,10.943,1641.0,149.997,,1179.874,,,247.0,17962.0
2026-08-06 17:00:29.037,10968412,1645227,149996784,1179.874191,,1953.467,0x00,0x00,CURRENT,1,0,OK,11.0,10.943,1641.0,149.997,,1179.874,,,247.0,17962.0
2026-08-06 17:00:29.948,10979048,1646822,149996752,1179.873853,,1954.378,0x00,0x00,CURRENT,1,0,OK,11.0,10.965,1645.0,149.997,,1179.874,,,248.0,18036.0
2026-08-06 17:00:31.263,10989478,1648386,149996752,1179.873853,,1955.693,0x00,0x00,CURRENT,1,0,OK,11.0,10.965,1645.0,149.997,,1179.874,,,248.0,18036.0
2026-08-06 17:00:32.099,10999394,1649873,149996720,1179.873515,,1956.529,0x00,0x00,CURRENT,1,0,OK,11.0,10.997,1649.0,149.997,,1179.874,,,248.0,18138.0
2026-08-06 17:00:32.915,11008806,1651285,149996736,1179.873684,,1957.345,0x00,0x00,CURRENT,1,0,OK,11.0,10.997,1649.0,149.997,,1179.874,,,248.0,18138.0
2026-08-06 17:00:33.731,11017586,1652602,149996736,1179.873684,,1958.161,0x00,0x00,CURRENT,1,0,OK,11.0,10.997,1649.0,149.997,,1179.874,,,248.0,18138.0
2026-08-06 17:00:34.567,11025760,1653828,149996736,1179.873684,,1958.997,0x00,0x00,CURRENT,1,0,OK,11.0,11.024,1654.0,149.997,,1179.873,,,248.0,18228.0
2026-08-06 17:00:35.385,11033184,1654941,149996720,1179.873515,,1959.815,0x00,0x00,CURRENT,1,0,OK,11.0,11.024,1654.0,149.997,,1179.873,,,248.0,18228.0
2026-08-06 17:00:36.221,11039900,1655949,149996720,1179.873515,,1960.651,0x00,0x00,CURRENT,1,0,OK,11.0,11.039,1656.0,149.997,,1179.874,,,247.0,18278.0
2026-08-06 17:00:37.037,11045950,1656856,149996720,1179.873515,,1961.467,0x00,0x00,CURRENT,1,0,OK,11.0,11.039,1656.0,149.997,,1179.874,,,247.0,18278.0
2026-08-06 17:00:37.948,11051184,1657641,149996704,1179.873347,,1962.378,0x00,0x00,CURRENT,1,0,OK,11.0,11.051,1658.0,149.997,,1179.874,,,247.0,18318.0
2026-08-06 17:00:39.264,11055154,1658237,149996704,1179.873347,,1963.694,0x00,0x00,CURRENT,1,0,OK,11.0,11.051,1658.0,149.997,,1179.874,,,247.0,18318.0
2026-08-06 17:00:40.100,11058430,1658728,149996688,1179.873178,,1964.530,0x00,0x00,CURRENT,1,0,OK,11.0,11.064,1660.0,149.997,,1179.873,,,246.0,18360.0
2026-08-06 17:00:40.916,11060866,1659094,149996704,1179.873347,,1965.346,0x00,0x00,CURRENT,1,0,OK,11.0,11.064,1660.0,149.997,,1179.873,,,246.0,18360.0
2026-08-06 17:00:41.732,11062672,1659364,149996704,1179.873347,,1966.162,0x00,0x00,CURRENT,1,0,OK,11.0,11.064,1660.0,149.997,,1179.873,,,246.0,18360.0
2026-08-06 17:00:42.568,11063714,1659521,149996704,1179.873347,,1966.998,0x00,0x00,CURRENT,1,0,OK,11.0,11.07,1660.0,149.997,,1179.874,,,246.0,18381.0
2026-08-06 17:00:43.386,11064030,1659568,149996688,1179.873178,,1967.816,0x00,0x00,CURRENT,1,0,OK,11.0,11.07,1660.0,149.997,,1179.874,,,246.0,18381.0
2026-08-06 17:00:44.222,11063838,1659539,149996688,1179.873178,,1968.652,0x00,0x00,CURRENT,1,0,OK,11.0,11.071,1661.0,149.997,,1179.874,,,245.0,18383.0
2026-08-06 17:00:45.038,11062980,1659411,149996688,1179.873178,,1969.468,0x00,0x00,CURRENT,1,0,OK,11.0,11.071,1661.0,149.997,,1179.874,,,245.0,18383.0
2026-08-06 17:00:45.949,11061494,1659187,149996688,1179.873178,,1970.379,0x00,0x00,CURRENT,1,0,OK,11.0,11.069,1660.0,149.997,,1179.874,,,244.0,18378.0
2026-08-06 17:00:47.264,11058920,1658801,149996688,1179.873178,,1971.694,0x00,0x00,CURRENT,1,0,OK,11.0,11.069,1660.0,149.997,,1179.874,,,244.0,18378.0
2026-08-06 17:00:48.100,11055966,1658358,149996688,1179.873178,,1972.530,0x00,0x00,CURRENT,1,0,OK,11.0,11.062,1659.0,149.997,,1179.874,,,244.0,18355.0
2026-08-06 17:00:48.916,11052660,1657863,149996688,1179.873178,,1973.346,0x00,0x00,CURRENT,1,0,OK,11.0,11.062,1659.0,149.997,,1179.874,,,244.0,18355.0
2026-08-06 17:00:49.732,11049006,1657315,149996704,1179.873347,,1974.162,0x00,0x00,CURRENT,1,0,OK,11.0,11.062,1659.0,149.997,,1179.874,,,244.0,18355.0
2026-08-06 17:00:50.568,11045026,1656718,149996720,1179.873515,,1974.998,0x00,0x00,CURRENT,1,0,OK,11.0,11.052,1658.0,149.997,,1179.874,,,243.0,18321.0
2026-08-06 17:00:51.386,11040918,1656102,149996736,1179.873684,,1975.816,0x00,0x00,CURRENT,1,0,OK,11.0,11.052,1658.0,149.997,,1179.874,,,243.0,18321.0
2026-08-06 17:00:52.222,11036670,1655464,149996736,1179.873684,,1976.652,0x00,0x00,CURRENT,1,0,OK,11.0,11.043,1656.0,149.997,,1179.874,,,243.0,18293.0
2026-08-06 17:00:53.038,11032312,1654810,149996720,1179.873515,,1977.468,0x00,0x00,CURRENT,1,0,OK,11.0,11.043,1656.0,149.997,,1179.874,,,243.0,18293.0
2026-08-06 17:00:53.948,11027832,1654139,149996720,1179.873515,,1978.378,0x00,0x00,CURRENT,1,0,OK,11.0,11.035,1655.0,149.997,,1179.874,,,242.0,18264.0
2026-08-06 17:00:55.264,11023078,1653425,149996704,1179.873347,,1979.694,0x00,0x00,CURRENT,1,0,OK,11.0,11.035,1655.0,149.997,,1179.874,,,242.0,18264.0
2026-08-06 17:00:56.100,11018390,1652722,149996704,1179.873347,,1980.530,0x00,0x00,CURRENT,1,0,OK,11.0,11.021,1653.0,149.997,,1179.874,,,242.0,18218.0
2026-08-06 17:00:56.916,11013776,1652030,149996720,1179.873515,,1981.346,0x00,0x00,CURRENT,1,0,OK,11.0,11.021,1653.0,149.997,,1179.874,,,242.0,18218.0
2026-08-06 17:00:57.732,11009222,1651347,149996736,1179.873684,,1982.162,0x00,0x00,CURRENT,1,0,OK,11.0,11.021,1653.0,149.997,,1179.874,,,242.0,18218.0
2026-08-06 17:00:58.568,11004884,1650697,149996720,1179.873515,,1982.998,0x00,0x00,CURRENT,1,0,OK,11.0,11.007,1651.0,149.997,,1179.874,,,242.0,18173.0
2026-08-06 17:00:59.386,11000774,1650080,149996736,1179.873684,,1983.816,0x00,0x00,CURRENT,1,0,OK,11.0,11.007,1651.0,149.997,,1179.874,,,242.0,18173.0
2026-08-06 17:01:00.222,10996872,1649495,149996736,1179.873684,,1984.652,0x00,0x00,CURRENT,1,0,OK,11.0,10.999,1650.0,149.997,,1179.874,,,242.0,18146.0
2026-08-06 17:01:01.038,10993158,1648938,149996736,1179.873684,,1985.468,0x00,0x00,CURRENT,1,0,OK,11.0,10.999,1650.0,149.997,,1179.874,,,242.0,18146.0
2026-08-06 17:01:01.950,10989808,1648435,149996736,1179.873684,,1986.380,0x00,0x00,CURRENT,1,0,OK,11.0,10.991,1649.0,149.997,,1179.875,,,242.0,18122.0
2026-08-06 17:01:03.265,10986794,1647983,149996720,1179.873515,,1987.694,0x00,0x00,CURRENT,1,0,OK,11.0,10.991,1649.0,149.997,,1179.875,,,242.0,18122.0
2026-08-06 17:01:04.101,10984106,1647580,149996720,1179.873515,,1988.531,0x00,0x00,CURRENT,1,0,OK,11.0,10.982,1647.0,149.997,,1179.875,,,242.0,18091.0
2026-08-06 17:01:04.917,10981726,1647223,149996704,1179.873347,,1989.347,0x00,0x00,CURRENT,1,0,OK,11.0,10.982,1647.0,149.997,,1179.875,,,242.0,18091.0
2026-08-06 17:01:05.733,10979624,1646907,149996720,1179.873515,,1990.163,0x00,0x00,CURRENT,1,0,OK,11.0,10.982,1647.0,149.997,,1179.875,,,242.0,18091.0
2026-08-06 17:01:06.569,10977788,1646632,149996720,1179.873515,,1990.998,0x00,0x00,CURRENT,1,0,OK,11.0,10.976,1646.0,149.997,,1179.875,,,242.0,18070.0
2026-08-06 17:01:07.386,10976376,1646421,149996736,1179.873684,,1991.816,0x00,0x00,CURRENT,1,0,OK,11.0,10.976,1646.0,149.997,,1179.875,,,242.0,18070.0
2026-08-06 17:01:08.222,10975214,1646246,149996752,1179.873853,,1992.651,0x00,0x00,CURRENT,1,0,OK,11.0,10.973,1646.0,149.997,,1179.874,,,243.0,18060.0
2026-08-06 17:01:09.038,10974444,1646131,149996752,1179.873853,,1993.467,0x00,0x00,CURRENT,1,0,OK,11.0,10.973,1646.0,149.997,,1179.874,,,243.0,18060.0
2026-08-06 17:01:10.353,10974216,1646096,149996752,1179.873853,,1994.782,0x00,0x00,CURRENT,1,0,OK,11.0,10.971,1646.0,149.997,,1179.874,,,243.0,18055.0
2026-08-06 17:01:11.169,10974156,1646088,149996752,1179.873853,,1995.599,0x00,0x00,CURRENT,1,0,OK,11.0,10.971,1646.0,149.997,,1179.874,,,243.0,18055.0
2026-08-06 17:01:12.005,10974444,1646131,149996736,1179.873684,,1996.434,0x00,0x00,CURRENT,1,0,OK,11.0,10.971,1646.0,149.997,,1179.874,,,243.0,18054.0
2026-08-06 17:01:12.886,10974868,1646194,149996720,1179.873515,,1997.315,0x00,0x00,CURRENT,1,0,OK,11.0,10.971,1646.0,149.997,,1179.874,,,243.0,18054.0
2026-08-06 17:01:13.702,10975608,1646305,149996720,1179.873515,,1998.131,0x00,0x00,CURRENT,1,0,OK,11.0,10.971,1646.0,149.997,,1179.874,,,243.0,18054.0
2026-08-06 17:01:14.538,10976484,1646436,149996704,1179.873347,,1998.967,0x00,0x00,CURRENT,1,0,OK,11.0,10.973,1646.0,149.997,,1179.874,,,243.0,18060.0
2026-08-06 17:01:15.386,10977470,1646584,149996704,1179.873347,,1999.816,0x00,0x00,CURRENT,1,0,OK,11.0,10.973,1646.0,149.997,,1179.874,,,243.0,18060.0
2026-08-06 17:01:16.222,10978736,1646774,149996688,1179.873178,,2000.652,0x00,0x00,CURRENT,1,0,OK,11.0,10.975,1646.0,149.997,,1179.874,,,244.0,18067.0
2026-08-06 17:01:17.038,10980106,1646980,149996720,1179.873515,,2001.467,0x00,0x00,CURRENT,1,0,OK,11.0,10.975,1646.0,149.997,,1179.874,,,244.0,18067.0
2026-08-06 17:01:17.948,10981580,1647201,149996720,1179.873515,,2002.377,0x00,0x00,CURRENT,1,0,OK,11.0,10.978,1647.0,149.997,,1179.874,,,244.0,18077.0
2026-08-06 17:01:19.263,10983324,1647463,149996720,1179.873515,,2003.692,0x00,0x00,CURRENT,1,0,OK,11.0,10.978,1647.0,149.997,,1179.874,,,244.0,18077.0
2026-08-06 17:01:20.099,10985162,1647738,149996704,1179.873347,,2004.528,0x00,0x00,CURRENT,1,0,OK,11.0,10.983,1647.0,149.997,,1179.873,,,244.0,18093.0
2026-08-06 17:01:20.915,10987068,1648024,149996720,1179.873515,,2005.344,0x00,0x00,CURRENT,1,0,OK,11.0,10.983,1647.0,149.997,,1179.873,,,244.0,18093.0
2026-08-06 17:01:21.731,10989032,1648318,149996704,1179.873347,,2006.160,0x00,0x00,CURRENT,1,0,OK,11.0,10.983,1647.0,149.997,,1179.873,,,244.0,18093.0
2026-08-06 17:01:22.566,10990890,1648597,149996720,1179.873515,,2006.996,0x00,0x00,CURRENT,1,0,OK,11.0,10.989,1648.0,149.997,,1179.873,,,244.0,18112.0
2026-08-06 17:01:23.386,10992840,1648890,149996704,1179.873347,,2007.816,0x00,0x00,CURRENT,1,0,OK,11.0,10.989,1648.0,149.997,,1179.873,,,244.0,18112.0
2026-08-06 17:01:24.223,10994696,1649168,149996720,1179.873515,,2008.652,0x00,0x00,CURRENT,1,0,OK,11.0,10.993,1649.0,149.997,,1179.873,,,244.0,18125.0
2026-08-06 17:01:25.039,10996456,1649432,149996704,1179.873347,,2009.468,0x00,0x00,CURRENT,1,0,OK,11.0,10.993,1649.0,149.997,,1179.873,,,244.0,18125.0
2026-08-06 17:01:25.948,10998308,1649710,149996688,1179.873178,,2010.377,0x00,0x00,CURRENT,1,0,OK,11.0,10.996,1649.0,149.997,,1179.873,,,244.0,18137.0
2026-08-06 17:01:27.263,11000074,1649975,149996672,1179.873009,,2011.692,0x00,0x00,CURRENT,1,0,OK,11.0,10.996,1649.0,149.997,,1179.873,,,244.0,18137.0
2026-08-06 17:01:28.099,11001758,1650227,149996672,1179.873009,,2012.528,0x00,0x00,CURRENT,1,0,OK,11.0,11.001,1650.0,149.997,,1179.873,,,244.0,18155.0
2026-08-06 17:01:28.914,11003362,1650468,149996672,1179.873009,,2013.344,0x00,0x00,CURRENT,1,0,OK,11.0,11.001,1650.0,149.997,,1179.873,,,244.0,18155.0
2026-08-06 17:01:29.731,11004718,1650671,149996672,1179.873009,,2014.160,0x00,0x00,CURRENT,1,0,OK,11.0,11.001,1650.0,149.997,,1179.873,,,244.0,18155.0
2026-08-06 17:01:30.566,11006002,1650864,149996672,1179.873009,,2014.996,0x00,0x00,CURRENT,1,0,OK,11.0,11.006,1651.0,149.997,,1179.873,,,244.0,18169.0
2026-08-06 17:01:31.386,11007226,1651047,149996672,1179.873009,,2015.815,0x00,0x00,CURRENT,1,0,OK,11.0,11.006,1651.0,149.997,,1179.873,,,244.0,18169.0
2026-08-06 17:01:32.222,11008220,1651196,149996656,1179.872840,,2016.651,0x00,0x00,CURRENT,1,0,OK,11.0,11.008,1651.0,149.997,,1179.874,,,244.0,18177.0
2026-08-06 17:01:33.037,11009160,1651337,149996656,1179.872840,,2017.467,0x00,0x00,CURRENT,1,0,OK,11.0,11.008,1651.0,149.997,,1179.874,,,244.0,18177.0
2026-08-06 17:01:33.948,11009882,1651445,149996640,1179.872671,,2018.378,0x00,0x00,CURRENT,1,0,OK,11.0,11.01,1651.0,149.997,,1179.874,,,244.0,18183.0
2026-08-06 17:01:35.263,11010396,1651522,149996640,1179.872671,,2019.693,0x00,0x00,CURRENT,1,0,OK,11.0,11.01,1651.0,149.997,,1179.874,,,244.0,18183.0
2026-08-06 17:01:36.100,11010708,1651569,149996640,1179.872671,,2020.529,0x00,0x00,CURRENT,1,0,OK,11.0,11.012,1652.0,149.997,,1179.873,,,244.0,18189.0
2026-08-06 17:01:36.916,11011014,1651615,149996640,1179.872671,,2021.345,0x00,0x00,CURRENT,1,0,OK,11.0,11.012,1652.0,149.997,,1179.873,,,244.0,18189.0
2026-08-06 17:01:37.731,11011136,1651634,149996656,1179.872840,,2022.161,0x00,0x00,CURRENT,1,0,OK,11.0,11.012,1652.0,149.997,,1179.873,,,244.0,18189.0
2026-08-06 17:01:38.568,11011084,1651626,149996672,1179.873009,,2022.997,0x00,0x00,CURRENT,1,0,OK,11.0,11.012,1652.0,149.997,,1179.873,,,244.0,18191.0
2026-08-06 17:01:39.386,11011032,1651618,149996672,1179.873009,,2023.815,0x00,0x00,CURRENT,1,0,OK,11.0,11.012,1652.0,149.997,,1179.873,,,244.0,18191.0
2026-08-06 17:01:40.221,11010810,1651585,149996672,1179.873009,,2024.651,0x00,0x00,CURRENT,1,0,OK,11.0,11.012,1652.0,149.997,,1179.873,,,244.0,18190.0
2026-08-06 17:01:41.037,11010604,1651554,149996672,1179.873009,,2025.467,0x00,0x00,CURRENT,1,0,OK,11.0,11.012,1652.0,149.997,,1179.873,,,244.0,18190.0
2026-08-06 17:01:42.353,11010074,1651474,149996656,1179.872840,,2026.782,0x00,0x00,CURRENT,1,0,OK,11.0,11.012,1652.0,149.997,,1179.873,,,244.0,18188.0
2026-08-06 17:01:43.169,11009574,1651399,149996672,1179.873009,,2027.598,0x00,0x00,CURRENT,1,0,OK,11.0,11.012,1652.0,149.997,,1179.873,,,244.0,18188.0
2026-08-06 17:01:44.004,11008930,1651303,149996688,1179.873178,,2028.434,0x00,0x00,CURRENT,1,0,OK,11.0,11.01,1651.0,149.997,,1179.873,,,244.0,18183.0
2026-08-06 17:01:44.886,11008310,1651210,149996688,1179.873178,,2029.315,0x00,0x00,CURRENT,1,0,OK,11.0,11.01,1651.0,149.997,,1179.873,,,244.0,18183.0
2026-08-06 17:01:45.701,11007554,1651097,149996704,1179.873347,,2030.131,0x00,0x00,CURRENT,1,0,OK,11.0,11.01,1651.0,149.997,,1179.873,,,244.0,18183.0
2026-08-06 17:01:46.537,11006838,1650989,149996704,1179.873347,,2030.967,0x00,0x00,CURRENT,1,0,OK,11.0,11.008,1651.0,149.997,,1179.873,,,243.0,18176.0
2026-08-06 17:01:47.386,11005986,1650862,149996720,1179.873515,,2031.816,0x00,0x00,CURRENT,1,0,OK,11.0,11.008,1651.0,149.997,,1179.873,,,243.0,18176.0
2026-08-06 17:01:48.222,11005188,1650742,149996736,1179.873684,,2032.652,0x00,0x00,CURRENT,1,0,OK,11.0,11.006,1651.0,149.997,,1179.873,,,243.0,18171.0
2026-08-06 17:01:49.038,11004432,1650629,149996736,1179.873684,,2033.468,0x00,0x00,CURRENT,1,0,OK,11.0,11.006,1651.0,149.997,,1179.873,,,243.0,18171.0
2026-08-06 17:01:49.948,11003704,1650520,149996736,1179.873684,,2034.378,0x00,0x00,CURRENT,1,0,OK,11.0,11.005,1651.0,149.997,,1179.874,,,243.0,18166.0
2026-08-06 17:01:51.263,11002850,1650392,149996736,1179.873684,,2035.693,0x00,0x00,CURRENT,1,0,OK,11.0,11.005,1651.0,149.997,,1179.874,,,243.0,18166.0
2026-08-06 17:01:52.099,11002034,1650269,149996720,1179.873515,,2036.529,0x00,0x00,CURRENT,1,0,OK,11.0,11.002,1650.0,149.997,,1179.874,,,243.0,18157.0
2026-08-06 17:01:52.916,11001264,1650154,149996720,1179.873515,,2037.345,0x00,0x00,CURRENT,1,0,OK,11.0,11.002,1650.0,149.997,,1179.874,,,243.0,18157.0
2026-08-06 17:01:53.731,11000526,1650043,149996720,1179.873515,,2038.161,0x00,0x00,CURRENT,1,0,OK,11.0,11.002,1650.0,149.997,,1179.874,,,243.0,18157.0
2026-08-06 17:01:54.567,10999826,1649938,149996720,1179.873515,,2038.997,0x00,0x00,CURRENT,1,0,OK,11.0,11.0,1650.0,149.997,,1179.874,,,243.0,18150.0
2026-08-06 17:01:55.386,10999152,1649837,149996736,1179.873684,,2039.815,0x00,0x00,CURRENT,1,0,OK,11.0,11.0,1650.0,149.997,,1179.874,,,243.0,18150.0
2026-08-06 17:01:56.221,10998516,1649742,149996752,1179.873853,,2040.651,0x00,0x00,CURRENT,1,0,OK,12.0,10.999,1650.0,149.997,,1179.874,,,243.0,18146.0
2026-08-06 17:01:57.445,11164478,1674634,149996624,1179.872502,,2041.875,0x00,0x00,CURRENT,1,0,OK,12.0,10.999,1650.0,149.997,,1179.874,,,243.0,18146.0
2026-08-06 17:01:58.761,11182104,1677278,149996608,1179.872333,,2043.191,0x00,0x00,CURRENT,1,0,OK,12.0,10.995,1649.0,149.997,,1179.874,,,251.0,18134.0
2026-08-06 17:01:59.577,11207220,1681045,149996592,1179.872164,,2044.007,0x00,0x00,CURRENT,1,0,OK,12.0,10.995,1649.0,149.997,,1179.874,,,251.0,18134.0
2026-08-06 17:02:00.413,11239276,1685853,149996592,1179.872164,,2044.843,0x00,0x00,CURRENT,1,0,OK,12.0,11.07,1661.0,149.997,,1179.874,,,263.0,18382.0
2026-08-06 17:02:01.229,11277592,1691600,149996560,1179.871826,,2045.659,0x00,0x00,CURRENT,1,0,OK,12.0,11.07,1661.0,149.997,,1179.874,,,263.0,18382.0
2026-08-06 17:02:02.065,11321368,1698166,149996560,1179.871826,,2046.495,0x00,0x00,CURRENT,1,0,OK,12.0,11.154,1673.0,149.997,,1179.874,,,270.0,18661.0
2026-08-06 17:02:02.886,11369982,1705458,149996544,1179.871657,,2047.316,0x00,0x00,CURRENT,1,0,OK,12.0,11.154,1673.0,149.997,,1179.874,,,270.0,18661.0
2026-08-06 17:02:03.702,11422662,1713360,149996544,1179.871657,,2048.132,0x00,0x00,CURRENT,1,0,OK,12.0,11.154,1673.0,149.997,,1179.874,,,270.0,18661.0
2026-08-06 17:02:04.538,11478576,1721747,149996544,1179.871657,,2048.968,0x00,0x00,CURRENT,1,0,OK,12.0,11.317,1697.0,149.997,,1179.873,,,279.0,19210.0
2026-08-06 17:02:05.386,11537226,1730544,149996512,1179.871319,,2049.816,0x00,0x00,CURRENT,1,0,OK,12.0,11.317,1697.0,149.997,,1179.873,,,279.0,19210.0
2026-08-06 17:02:06.222,11597808,1739630,149996480,1179.870981,,2050.652,0x00,0x00,CURRENT,1,0,OK,12.0,11.442,1716.0,149.997,,1179.873,,,283.0,19636.0
2026-08-06 17:02:07.038,11659708,1748915,149996464,1179.870812,,2051.468,0x00,0x00,CURRENT,1,0,OK,12.0,11.442,1716.0,149.997,,1179.873,,,283.0,19636.0
2026-08-06 17:02:07.948,11722188,1758287,149996432,1179.870474,,2052.378,0x00,0x00,CURRENT,1,0,OK,12.0,11.573,1736.0,149.997,,1179.872,,,287.0,20091.0
2026-08-06 17:02:09.263,11787420,1768071,149996400,1179.870136,,2053.693,0x00,0x00,CURRENT,1,0,OK,12.0,11.573,1736.0,149.997,,1179.872,,,287.0,20091.0
2026-08-06 17:02:10.099,11851412,1777669,149996368,1179.869798,,2054.529,0x00,0x00,CURRENT,1,0,OK,12.0,11.773,1766.0,149.996,,1179.871,,,291.0,20789.0
2026-08-06 17:02:10.915,11913534,1786987,149996352,1179.869630,,2055.345,0x00,0x00,CURRENT,1,0,OK,12.0,11.773,1766.0,149.996,,1179.871,,,291.0,20789.0
2026-08-06 17:02:11.731,11973384,1795964,149996352,1179.869630,,2056.161,0x00,0x00,CURRENT,1,0,OK,12.0,11.773,1766.0,149.996,,1179.871,,,291.0,20789.0
2026-08-06 17:02:12.567,12030580,1804543,149996336,1179.869461,,2056.997,0x00,0x00,CURRENT,1,0,OK,12.0,11.961,1794.0,149.996,,1179.87,,,292.0,21459.0
2026-08-06 17:02:13.385,12084750,1812668,149996320,1179.869292,,2057.815,0x00,0x00,CURRENT,1,0,OK,12.0,11.961,1794.0,149.996,,1179.87,,,292.0,21459.0
2026-08-06 17:02:14.221,12135718,1820313,149996304,1179.869123,,2058.651,0x00,0x00,CURRENT,1,0,OK,12.0,12.073,1811.0,149.996,,1179.87,,,291.0,21865.0
2026-08-06 17:02:15.037,12182950,1827398,149996304,1179.869123,,2059.467,0x00,0x00,CURRENT,1,0,OK,12.0,12.073,1811.0,149.996,,1179.87,,,291.0,21865.0
2026-08-06 17:02:15.949,12226304,1833900,149996288,1179.868954,,2060.379,0x00,0x00,CURRENT,1,0,OK,12.0,12.173,1826.0,149.996,,1179.87,,,290.0,22226.0
2026-08-06 17:02:17.264,12263302,1839450,149996272,1179.868785,,2061.694,0x00,0x00,CURRENT,1,0,OK,12.0,12.173,1826.0,149.996,,1179.87,,,290.0,22226.0
2026-08-06 17:02:18.100,12295942,1844345,149996240,1179.868447,,2062.530,0x00,0x00,CURRENT,1,0,OK,12.0,12.292,1844.0,149.996,,1179.869,,,287.0,22663.0
2026-08-06 17:02:18.916,12324108,1848570,149996224,1179.868278,,2063.346,0x00,0x00,CURRENT,1,0,OK,12.0,12.292,1844.0,149.996,,1179.869,,,287.0,22663.0
2026-08-06 17:02:19.732,12347850,1852131,149996208,1179.868109,,2064.162,0x00,0x00,CURRENT,1,0,OK,12.0,12.292,1844.0,149.996,,1179.869,,,287.0,22663.0
2026-08-06 17:02:20.568,12367048,1855010,149996208,1179.868109,,2064.998,0x00,0x00,CURRENT,1,0,OK,12.0,12.372,1856.0,149.996,,1179.869,,,283.0,22961.0
2026-08-06 17:02:21.386,12381946,1857245,149996208,1179.868109,,2065.816,0x00,0x00,CURRENT,1,0,OK,12.0,12.372,1856.0,149.996,,1179.869,,,283.0,22961.0
2026-08-06 17:02:22.222,12392400,1858813,149996208,1179.868109,,2066.652,0x00,0x00,CURRENT,1,0,OK,12.0,12.404,1861.0,149.996,,1179.868,,,280.0,23079.0
2026-08-06 17:02:23.038,12398814,1859775,149996224,1179.868278,,2067.468,0x00,0x00,CURRENT,1,0,OK,12.0,12.404,1861.0,149.996,,1179.868,,,280.0,23079.0
2026-08-06 17:02:23.948,12401228,1860137,149996208,1179.868109,,2068.378,0x00,0x00,CURRENT,1,0,OK,12.0,12.419,1863.0,149.996,,1179.868,,,277.0,23134.0
2026-08-06 17:02:25.263,12396188,1859381,149996208,1179.868109,,2069.693,0x00,0x00,CURRENT,1,0,OK,12.0,12.419,1863.0,149.996,,1179.868,,,277.0,23134.0
2026-08-06 17:02:26.099,12387712,1858110,149996208,1179.868109,,2070.529,0x00,0x00,CURRENT,1,0,OK,12.0,12.412,1862.0,149.996,,1179.868,,,272.0,23108.0
2026-08-06 17:02:26.915,12376146,1856375,149996208,1179.868109,,2071.344,0x00,0x00,CURRENT,1,0,OK,12.0,12.412,1862.0,149.996,,1179.868,,,272.0,23108.0
2026-08-06 17:02:27.731,12361816,1854226,149996208,1179.868109,,2072.161,0x00,0x00,CURRENT,1,0,OK,12.0,12.412,1862.0,149.996,,1179.868,,,272.0,23108.0
2026-08-06 17:02:28.567,12344860,1851682,149996224,1179.868278,,2072.997,0x00,0x00,CURRENT,1,0,OK,12.0,12.375,1856.0,149.996,,1179.868,,,267.0,22972.0
2026-08-06 17:02:29.386,12325580,1848791,149996224,1179.868278,,2073.816,0x00,0x00,CURRENT,1,0,OK,12.0,12.375,1856.0,149.996,,1179.868,,,267.0,22972.0
2026-08-06 17:02:30.222,12304244,1845591,149996256,1179.868616,,2074.652,0x00,0x00,CURRENT,1,0,OK,12.0,12.338,1851.0,149.996,,1179.869,,,264.0,22833.0
2026-08-06 17:02:31.038,12281302,1842149,149996256,1179.868616,,2075.468,0x00,0x00,CURRENT,1,0,OK,12.0,12.338,1851.0,149.996,,1179.869,,,264.0,22833.0
2026-08-06 17:02:31.949,12256990,1838503,149996272,1179.868785,,2076.379,0x00,0x00,CURRENT,1,0,OK,12.0,12.292,1844.0,149.996,,1179.869,,,262.0,22665.0
2026-08-06 17:02:33.264,12229366,1834359,149996288,1179.868954,,2077.693,0x00,0x00,CURRENT,1,0,OK,12.0,12.292,1844.0,149.996,,1179.869,,,262.0,22665.0
2026-08-06 17:02:34.100,12201292,1830149,149996304,1179.869123,,2078.530,0x00,0x00,CURRENT,1,0,OK,12.0,12.215,1832.0,149.996,,1179.869,,,259.0,22379.0
2026-08-06 17:02:34.916,12172950,1825898,149996320,1179.869292,,2079.346,0x00,0x00,CURRENT,1,0,OK,12.0,12.215,1832.0,149.996,,1179.869,,,259.0,22379.0
2026-08-06 17:02:35.732,12144520,1821633,149996320,1179.869292,,2080.162,0x00,0x00,CURRENT,1,0,OK,12.0,12.215,1832.0,149.996,,1179.869,,,259.0,22379.0
2026-08-06 17:02:36.568,12116508,1817431,149996320,1179.869292,,2080.997,0x00,0x00,CURRENT,1,0,OK,12.0,12.132,1820.0,149.996,,1179.869,,,257.0,22077.0
2026-08-06 17:02:37.386,12088890,1813289,149996320,1179.869292,,2081.816,0x00,0x00,CURRENT,1,0,OK,12.0,12.132,1820.0,149.996,,1179.869,,,257.0,22077.0
2026-08-06 17:02:38.222,12061990,1809254,149996352,1179.869630,,2082.651,0x00,0x00,CURRENT,1,0,OK,12.0,12.078,1812.0,149.996,,1179.869,,,256.0,21880.0
2026-08-06 17:02:39.038,12035932,1805346,149996384,1179.869967,,2083.467,0x00,0x00,CURRENT,1,0,OK,12.0,12.078,1812.0,149.996,,1179.869,,,256.0,21880.0
2026-08-06 17:02:39.948,12011000,1801606,149996368,1179.869798,,2084.377,0x00,0x00,CURRENT,1,0,OK,12.0,12.026,1804.0,149.996,,1179.87,,,256.0,21692.0
2026-08-06 17:02:41.263,11987486,1798080,149996384,1179.869967,,2085.692,0x00,0x00,CURRENT,1,0,OK,12.0,12.026,1804.0,149.996,,1179.87,,,256.0,21692.0
2026-08-06 17:02:42.099,11965480,1794779,149996400,1179.870136,,2086.528,0x00,0x00,CURRENT,1,0,OK,12.0,11.956,1793.0,149.996,,1179.87,,,256.0,21442.0
2026-08-06 17:02:42.915,11945246,1791744,149996384,1179.869967,,2087.344,0x00,0x00,CURRENT,1,0,OK,12.0,11.956,1793.0,149.996,,1179.87,,,256.0,21442.0
2026-08-06 17:02:43.731,11926676,1788958,149996400,1179.870136,,2088.160,0x00,0x00,CURRENT,1,0,OK,12.0,11.956,1793.0,149.996,,1179.87,,,256.0,21442.0
2026-08-06 17:02:44.566,11909882,1786440,149996400,1179.870136,,2088.996,0x00,0x00,CURRENT,1,0,OK,12.0,11.9,1785.0,149.996,,1179.87,,,257.0,21240.0
2026-08-06 17:02:45.384,11894928,1784197,149996432,1179.870474,,2089.814,0x00,0x00,CURRENT,1,0,OK,12.0,11.9,1785.0,149.996,,1179.87,,,257.0,21240.0
2026-08-06 17:02:46.221,11881890,1782241,149996432,1179.870474,,2090.651,0x00,0x00,CURRENT,1,0,OK,12.0,11.871,1781.0,149.996,,1179.87,,,258.0,21137.0
2026-08-06 17:02:47.037,11870842,1780584,149996448,1179.870643,,2091.466,0x00,0x00,CURRENT,1,0,OK,12.0,11.871,1781.0,149.996,,1179.87,,,258.0,21137.0
2026-08-06 17:02:47.948,11861518,1779185,149996448,1179.870643,,2092.377,0x00,0x00,CURRENT,1,0,OK,12.0,11.849,1777.0,149.996,,1179.87,,,259.0,21059.0
2026-08-06 17:02:49.264,11855504,1778283,149996432,1179.870474,,2093.694,0x00,0x00,CURRENT,1,0,OK,12.0,11.849,1777.0,149.996,,1179.87,,,259.0,21059.0
2026-08-06 17:02:50.100,11851288,1777651,149996432,1179.870474,,2094.529,0x00,0x00,CURRENT,1,0,OK,12.0,11.83,1774.0,149.996,,1179.87,,,261.0,20991.0
2026-08-06 17:02:50.915,11848774,1777274,149996432,1179.870474,,2095.345,0x00,0x00,CURRENT,1,0,OK,12.0,11.83,1774.0,149.996,,1179.87,,,261.0,20991.0
2026-08-06 17:02:51.732,11848062,1777167,149996432,1179.870474,,2096.161,0x00,0x00,CURRENT,1,0,OK,12.0,11.83,1774.0,149.996,,1179.87,,,261.0,20991.0
2026-08-06 17:02:52.568,11848894,1777292,149996432,1179.870474,,2096.997,0x00,0x00,CURRENT,1,0,OK,12.0,11.826,1774.0,149.996,,1179.871,,,263.0,20978.0
2026-08-06 17:02:53.387,11851202,1777638,149996432,1179.870474,,2097.816,0x00,0x00,CURRENT,1,0,OK,12.0,11.826,1774.0,149.996,,1179.871,,,263.0,20978.0
2026-08-06 17:02:54.222,11854898,1778192,149996448,1179.870643,,2098.652,0x00,0x00,CURRENT,1,0,OK,12.0,11.831,1775.0,149.996,,1179.871,,,265.0,20996.0
2026-08-06 17:02:55.038,11859744,1778919,149996432,1179.870474,,2099.468,0x00,0x00,CURRENT,1,0,OK,12.0,11.831,1775.0,149.996,,1179.871,,,265.0,20996.0
2026-08-06 17:02:55.949,11865856,1779836,149996416,1179.870305,,2100.378,0x00,0x00,CURRENT,1,0,OK,12.0,11.842,1776.0,149.996,,1179.87,,,266.0,21034.0
2026-08-06 17:02:57.263,11874172,1781083,149996400,1179.870136,,2101.693,0x00,0x00,CURRENT,1,0,OK,12.0,11.842,1776.0,149.996,,1179.87,,,266.0,21034.0
2026-08-06 17:02:58.099,11883240,1782443,149996384,1179.869967,,2102.529,0x00,0x00,CURRENT,1,0,OK,12.0,11.865,1780.0,149.996,,1179.87,,,268.0,21118.0
2026-08-06 17:02:58.915,11893020,1783910,149996384,1179.869967,,2103.345,0x00,0x00,CURRENT,1,0,OK,12.0,11.865,1780.0,149.996,,1179.87,,,268.0,21118.0
2026-08-06 17:02:59.732,11903314,1785454,149996400,1179.870136,,2104.161,0x00,0x00,CURRENT,1,0,OK,12.0,11.865,1780.0,149.996,,1179.87,,,268.0,21118.0
2026-08-06 17:03:00.567,11913936,1787048,149996400,1179.870136,,2104.997,0x00,0x00,CURRENT,1,0,OK,12.0,11.896,1784.0,149.996,,1179.87,,,269.0,21226.0
2026-08-06 17:03:01.385,11924864,1788687,149996400,1179.870136,,2105.815,0x00,0x00,CURRENT,1,0,OK,12.0,11.896,1784.0,149.996,,1179.87,,,269.0,21226.0
2026-08-06 17:03:02.221,11935922,1790345,149996400,1179.870136,,2106.651,0x00,0x00,CURRENT,1,0,OK,12.0,11.918,1788.0,149.996,,1179.87,,,270.0,21306.0
2026-08-06 17:03:03.038,11947104,1792023,149996384,1179.869967,,2107.467,0x00,0x00,CURRENT,1,0,OK,12.0,11.918,1788.0,149.996,,1179.87,,,270.0,21306.0
2026-08-06 17:03:03.947,11958224,1793690,149996368,1179.869798,,2108.377,0x00,0x00,CURRENT,1,0,OK,12.0,11.941,1791.0,149.996,,1179.87,,,270.0,21388.0
2026-08-06 17:03:05.264,11969460,1795375,149996352,1179.869630,,2109.693,0x00,0x00,CURRENT,1,0,OK,12.0,11.941,1791.0,149.996,,1179.87,,,270.0,21388.0
2026-08-06 17:03:06.099,11980468,1797026,149996352,1179.869630,,2110.529,0x00,0x00,CURRENT,1,0,OK,12.0,11.975,1796.0,149.996,,1179.87,,,271.0,21509.0
2026-08-06 17:03:06.915,11991100,1798621,149996336,1179.869461,,2111.345,0x00,0x00,CURRENT,1,0,OK,12.0,11.975,1796.0,149.996,,1179.87,,,271.0,21509.0
2026-08-06 17:03:07.731,12001190,1800135,149996336,1179.869461,,2112.161,0x00,0x00,CURRENT,1,0,OK,12.0,11.975,1796.0,149.996,,1179.87,,,271.0,21509.0
2026-08-06 17:03:08.567,12010614,1801548,149996352,1179.869630,,2112.997,0x00,0x00,CURRENT,1,0,OK,12.0,12.006,1801.0,149.996,,1179.87,,,271.0,21620.0
2026-08-06 17:03:09.386,12019568,1802891,149996336,1179.869461,,2113.815,0x00,0x00,CURRENT,1,0,OK,12.0,12.006,1801.0,149.996,,1179.87,,,271.0,21620.0
2026-08-06 17:03:10.222,12027734,1804116,149996336,1179.869461,,2114.651,0x00,0x00,CURRENT,1,0,OK,12.0,12.024,1804.0,149.996,,1179.87,,,271.0,21685.0
2026-08-06 17:03:11.037,12035328,1805255,149996320,1179.869292,,2115.467,0x00,0x00,CURRENT,1,0,OK,12.0,12.024,1804.0,149.996,,1179.87,,,271.0,21685.0
2026-08-06 17:03:11.948,12042210,1806287,149996304,1179.869123,,2116.378,0x00,0x00,CURRENT,1,0,OK,12.0,12.039,1806.0,149.996,,1179.87,,,270.0,21740.0
2026-08-06 17:03:13.263,12047916,1807143,149996304,1179.869123,,2117.693,0x00,0x00,CURRENT,1,0,OK,12.0,12.039,1806.0,149.996,,1179.87,,,270.0,21740.0
2026-08-06 17:03:14.100,12052846,1807882,149996288,1179.868954,,2118.529,0x00,0x00,CURRENT,1,0,OK,12.0,12.057,1808.0,149.996,,1179.87,,,270.0,21804.0
2026-08-06 17:03:14.915,12056858,1808484,149996288,1179.868954,,2119.345,0x00,0x00,CURRENT,1,0,OK,12.0,12.057,1808.0,149.996,,1179.87,,,270.0,21804.0
2026-08-06 17:03:15.731,12060158,1808979,149996272,1179.868785,,2120.161,0x00,0x00,CURRENT,1,0,OK,12.0,12.057,1808.0,149.996,,1179.87,,,270.0,21804.0
2026-08-06 17:03:16.567,12062614,1809347,149996288,1179.868954,,2120.997,0x00,0x00,CURRENT,1,0,OK,12.0,12.068,1810.0,149.996,,1179.87,,,269.0,21844.0
2026-08-06 17:03:17.385,12064442,1809622,149996288,1179.868954,,2121.815,0x00,0x00,CURRENT,1,0,OK,12.0,12.068,1810.0,149.996,,1179.87,,,269.0,21844.0
2026-08-06 17:03:18.221,12065506,1809781,149996288,1179.868954,,2122.651,0x00,0x00,CURRENT,1,0,OK,12.0,12.071,1811.0,149.996,,1179.87,,,268.0,21857.0
2026-08-06 17:03:19.037,12065840,1809832,149996320,1179.869292,,2123.467,0x00,0x00,CURRENT,1,0,OK,12.0,12.071,1811.0,149.996,,1179.87,,,268.0,21857.0
2026-08-06 17:03:19.948,12065652,1809804,149996320,1179.869292,,2124.378,0x00,0x00,CURRENT,1,0,OK,12.0,12.072,1811.0,149.996,,1179.87,,,268.0,21860.0
2026-08-06 17:03:21.263,12064128,1809575,149996336,1179.869461,,2125.693,0x00,0x00,CURRENT,1,0,OK,12.0,12.072,1811.0,149.996,,1179.87,,,268.0,21860.0
2026-08-06 17:03:22.099,12062014,1809258,149996336,1179.869461,,2126.529,0x00,0x00,CURRENT,1,0,OK,12.0,12.069,1810.0,149.996,,1179.87,,,267.0,21847.0
2026-08-06 17:03:22.915,12059496,1808880,149996352,1179.869630,,2127.345,0x00,0x00,CURRENT,1,0,OK,12.0,12.069,1810.0,149.996,,1179.87,,,267.0,21847.0
2026-08-06 17:03:23.731,12056602,1808446,149996336,1179.869461,,2128.161,0x00,0x00,CURRENT,1,0,OK,12.0,12.069,1810.0,149.996,,1179.87,,,267.0,21847.0
2026-08-06 17:03:24.567,12053178,1807933,149996352,1179.869630,,2128.997,0x00,0x00,CURRENT,1,0,OK,12.0,12.06,1809.0,149.996,,1179.87,,,266.0,21818.0
2026-08-06 17:03:25.386,12049584,1807393,149996352,1179.869630,,2129.816,0x00,0x00,CURRENT,1,0,OK,12.0,12.06,1809.0,149.996,,1179.87,,,266.0,21818.0
2026-08-06 17:03:26.222,12045672,1806807,149996336,1179.869461,,2130.652,0x00,0x00,CURRENT,1,0,OK,12.0,12.053,1808.0,149.996,,1179.87,,,266.0,21791.0
2026-08-06 17:03:27.038,12041450,1806174,149996368,1179.869798,,2131.468,0x00,0x00,CURRENT,1,0,OK,12.0,12.053,1808.0,149.996,,1179.87,,,266.0,21791.0
2026-08-06 17:03:27.948,12037112,1805523,149996352,1179.869630,,2132.378,0x00,0x00,CURRENT,1,0,OK,12.0,12.045,1807.0,149.996,,1179.87,,,265.0,21760.0
2026-08-06 17:03:29.263,12032340,1804807,149996352,1179.869630,,2133.693,0x00,0x00,CURRENT,1,0,OK,12.0,12.045,1807.0,149.996,,1179.87,,,265.0,21760.0
2026-08-06 17:03:30.099,12027474,1804077,149996336,1179.869461,,2134.529,0x00,0x00,CURRENT,1,0,OK,12.0,12.031,1805.0,149.996,,1179.87,,,265.0,21711.0
2026-08-06 17:03:30.915,12022688,1803359,149996352,1179.869630,,2135.345,0x00,0x00,CURRENT,1,0,OK,12.0,12.031,1805.0,149.996,,1179.87,,,265.0,21711.0
2026-08-06 17:03:31.731,12017974,1802652,149996352,1179.869630,,2136.161,0x00,0x00,CURRENT,1,0,OK,12.0,12.031,1805.0,149.996,,1179.87,,,265.0,21711.0
2026-08-06 17:03:32.567,12013330,1801956,149996352,1179.869630,,2136.997,0x00,0x00,CURRENT,1,0,OK,12.0,12.017,1802.0,149.996,,1179.87,,,265.0,21660.0
2026-08-06 17:03:33.386,12008738,1801267,149996352,1179.869630,,2137.816,0x00,0x00,CURRENT,1,0,OK,12.0,12.017,1802.0,149.996,,1179.87,,,265.0,21660.0
2026-08-06 17:03:34.222,12004376,1800613,149996368,1179.869798,,2138.652,0x00,0x00,CURRENT,1,0,OK,12.0,12.008,1801.0,149.996,,1179.87,,,265.0,21627.0
2026-08-06 17:03:35.038,12000248,1799994,149996368,1179.869798,,2139.468,0x00,0x00,CURRENT,1,0,OK,12.0,12.008,1801.0,149.996,,1179.87,,,265.0,21627.0
2026-08-06 17:03:35.948,11996328,1799406,149996368,1179.869798,,2140.378,0x00,0x00,CURRENT,1,0,OK,12.0,11.999,1800.0,149.996,,1179.87,,,265.0,21597.0
2026-08-06 17:03:37.263,11992606,1798847,149996368,1179.869798,,2141.693,0x00,0x00,CURRENT,1,0,OK,12.0,11.999,1800.0,149.996,,1179.87,,,265.0,21597.0
2026-08-06 17:03:38.125,11989228,1798340,149996352,1179.869630,,2142.554,0x00,0x00,CURRENT,1,0,OK,12.0,11.988,1798.0,149.996,,1179.87,,,265.0,21557.0
2026-08-06 17:03:38.915,11986190,1797885,149996352,1179.869630,,2143.345,0x00,0x00,CURRENT,1,0,OK,12.0,11.988,1798.0,149.996,,1179.87,,,265.0,21557.0
2026-08-06 17:03:39.731,11983458,1797475,149996368,1179.869798,,2144.161,0x00,0x00,CURRENT,1,0,OK,12.0,11.988,1798.0,149.996,,1179.87,,,265.0,21557.0
2026-08-06 17:03:40.567,11981022,1797110,149996352,1179.869630,,2144.997,0x00,0x00,CURRENT,1,0,OK,12.0,11.98,1797.0,149.996,,1179.871,,,265.0,21526.0
2026-08-06 17:03:41.385,11978884,1796789,149996384,1179.869967,,2145.814,0x00,0x00,CURRENT,1,0,OK,12.0,11.98,1797.0,149.996,,1179.871,,,265.0,21526.0
2026-08-06 17:03:42.221,11977038,1796513,149996400,1179.870136,,2146.651,0x00,0x00,CURRENT,1,0,OK,12.0,11.975,1796.0,149.996,,1179.871,,,265.0,21511.0
2026-08-06 17:03:43.037,11975632,1796302,149996400,1179.870136,,2147.467,0x00,0x00,CURRENT,1,0,OK,12.0,11.975,1796.0,149.996,,1179.871,,,265.0,21511.0
2026-08-06 17:03:43.948,11974468,1796127,149996400,1179.870136,,2148.377,0x00,0x00,CURRENT,1,0,OK,12.0,11.973,1796.0,149.996,,1179.871,,,265.0,21501.0
2026-08-06 17:03:45.263,11973876,1796038,149996416,1179.870305,,2149.692,0x00,0x00,CURRENT,1,0,OK,12.0,11.973,1796.0,149.996,,1179.871,,,265.0,21501.0
2026-08-06 17:03:46.099,11973636,1796002,149996416,1179.870305,,2150.529,0x00,0x00,CURRENT,1,0,OK,12.0,11.97,1796.0,149.996,,1179.871,,,266.0,21493.0
2026-08-06 17:03:46.915,11973568,1795992,149996416,1179.870305,,2151.345,0x00,0x00,CURRENT,1,0,OK,12.0,11.97,1796.0,149.996,,1179.871,,,266.0,21493.0
2026-08-06 17:03:47.731,11973840,1796033,149996416,1179.870305,,2152.161,0x00,0x00,CURRENT,1,0,OK,12.0,11.97,1796.0,149.996,,1179.871,,,266.0,21493.0
2026-08-06 17:03:48.567,11974278,1796099,149996400,1179.870136,,2152.997,0x00,0x00,CURRENT,1,0,OK,12.0,11.971,1796.0,149.996,,1179.87,,,266.0,21495.0
2026-08-06 17:03:49.387,11975040,1796213,149996400,1179.870136,,2153.817,0x00,0x00,CURRENT,1,0,OK,12.0,11.971,1796.0,149.996,,1179.87,,,266.0,21495.0
2026-08-06 17:03:50.223,11975928,1796346,149996400,1179.870136,,2154.653,0x00,0x00,CURRENT,1,0,OK,12.0,11.972,1796.0,149.996,,1179.871,,,266.0,21500.0
2026-08-06 17:03:51.040,11977104,1796522,149996416,1179.870305,,2155.470,0x00,0x00,CURRENT,1,0,OK,12.0,11.972,1796.0,149.996,,1179.871,,,266.0,21500.0
2026-08-06 17:03:51.947,11978368,1796712,149996432,1179.870474,,2156.377,0x00,0x00,CURRENT,1,0,OK,12.0,11.975,1796.0,149.996,,1179.871,,,266.0,21509.0
2026-08-06 17:03:53.263,11979902,1796943,149996432,1179.870474,,2157.692,0x00,0x00,CURRENT,1,0,OK,12.0,11.975,1796.0,149.996,,1179.871,,,266.0,21509.0
2026-08-06 17:03:54.099,11981524,1797186,149996432,1179.870474,,2158.529,0x00,0x00,CURRENT,1,0,OK,12.0,11.979,1797.0,149.996,,1179.871,,,267.0,21525.0
2026-08-06 17:03:54.915,11983246,1797444,149996432,1179.870474,,2159.345,0x00,0x00,CURRENT,1,0,OK,12.0,11.979,1797.0,149.996,,1179.871,,,267.0,21525.0
2026-08-06 17:03:55.731,11985048,1797714,149996448,1179.870643,,2160.161,0x00,0x00,CURRENT,1,0,OK,12.0,11.979,1797.0,149.996,,1179.871,,,267.0,21525.0
2026-08-06 17:03:56.567,11986922,1797996,149996464,1179.870812,,2160.997,0x00,0x00,CURRENT,1,0,OK,12.0,11.984,1798.0,149.996,,1179.871,,,267.0,21543.0
2026-08-06 17:03:57.386,11988874,1798289,149996448,1179.870643,,2161.816,0x00,0x00,CURRENT,1,0,OK,12.0,11.984,1798.0,149.996,,1179.871,,,267.0,21543.0
2026-08-06 17:03:58.222,11990898,1798592,149996432,1179.870474,,2162.652,0x00,0x00,CURRENT,1,0,OK,12.0,11.988,1798.0,149.996,,1179.871,,,267.0,21557.0
2026-08-06 17:03:59.038,11992812,1798879,149996464,1179.870812,,2163.468,0x00,0x00,CURRENT,1,0,OK,12.0,11.988,1798.0,149.996,,1179.871,,,267.0,21557.0
2026-08-06 17:03:59.950,11994634,1799153,149996480,1179.870981,,2164.380,0x00,0x00,CURRENT,1,0,OK,12.0,11.992,1799.0,149.996,,1179.871,,,267.0,21572.0
2026-08-06 17:04:01.265,11996530,1799437,149996464,1179.870812,,2165.695,0x00,0x00,CURRENT,1,0,OK,12.0,11.992,1799.0,149.996,,1179.871,,,267.0,21572.0
2026-08-06 17:04:02.101,11998320,1799706,149996464,1179.870812,,2166.531,0x00,0x00,CURRENT,1,0,OK,12.0,11.998,1800.0,149.996,,1179.871,,,267.0,21592.0
2026-08-06 17:04:02.917,12000038,1799963,149996464,1179.870812,,2167.347,0x00,0x00,CURRENT,1,0,OK,12.0,11.998,1800.0,149.996,,1179.871,,,267.0,21592.0
2026-08-06 17:04:03.733,12001662,1800207,149996464,1179.870812,,2168.162,0x00,0x00,CURRENT,1,0,OK,12.0,11.998,1800.0,149.996,,1179.871,,,267.0,21592.0
2026-08-06 17:04:04.569,12003196,1800437,149996448,1179.870643,,2168.998,0x00,0x00,CURRENT,1,0,OK,12.0,12.003,1800.0,149.996,,1179.871,,,267.0,21610.0
2026-08-06 17:04:05.385,12004650,1800655,149996464,1179.870812,,2169.815,0x00,0x00,CURRENT,1,0,OK,12.0,12.003,1800.0,149.996,,1179.871,,,267.0,21610.0
2026-08-06 17:04:06.222,12005874,1800839,149996448,1179.870643,,2170.651,0x00,0x00,CURRENT,1,0,OK,12.0,12.006,1801.0,149.996,,1179.871,,,267.0,21620.0
2026-08-06 17:04:07.038,12007032,1801012,149996448,1179.870643,,2171.467,0x00,0x00,CURRENT,1,0,OK,12.0,12.006,1801.0,149.996,,1179.871,,,267.0,21620.0
2026-08-06 17:04:07.948,12008142,1801179,149996464,1179.870812,,2172.377,0x00,0x00,CURRENT,1,0,OK,12.0,12.008,1801.0,149.996,,1179.871,,,267.0,21628.0
2026-08-06 17:04:09.263,12009022,1801311,149996464,1179.870812,,2173.692,0x00,0x00,CURRENT,1,0,OK,12.0,12.008,1801.0,149.996,,1179.871,,,267.0,21628.0
2026-08-06 17:04:10.099,12009696,1801412,149996480,1179.870981,,2174.528,0x00,0x00,CURRENT,1,0,OK,12.0,12.011,1802.0,149.996,,1179.871,,,267.0,21638.0
2026-08-06 17:04:10.915,12010162,1801482,149996496,1179.871150,,2175.344,0x00,0x00,CURRENT,1,0,OK,12.0,12.011,1802.0,149.996,,1179.871,,,267.0,21638.0
2026-08-06 17:04:11.731,12010612,1801550,149996496,1179.871150,,2176.160,0x00,0x00,CURRENT,1,0,OK,12.0,12.011,1802.0,149.996,,1179.871,,,267.0,21638.0
2026-08-06 17:04:12.567,12010870,1801589,149996512,1179.871319,,2176.996,0x00,0x00,CURRENT,1,0,OK,12.0,12.012,1802.0,149.996,,1179.871,,,267.0,21643.0
2026-08-06 17:04:13.387,12011110,1801625,149996512,1179.871319,,2177.816,0x00,0x00,CURRENT,1,0,OK,12.0,12.012,1802.0,149.996,,1179.871,,,267.0,21643.0
2026-08-06 17:04:14.223,12011176,1801634,149996528,1179.871488,,2178.653,0x00,0x00,CURRENT,1,0,OK,12.0,12.012,1802.0,149.996,,1179.871,,,267.0,21644.0
2026-08-06 17:04:15.039,12011070,1801619,149996512,1179.871319,,2179.468,0x00,0x00,CURRENT,1,0,OK,12.0,12.012,1802.0,149.996,,1179.871,,,267.0,21644.0
2026-08-06 17:04:15.949,12010982,1801605,149996512,1179.871319,,2180.378,0x00,0x00,CURRENT,1,0,OK,12.0,12.012,1802.0,149.996,,1179.871,,,267.0,21643.0
2026-08-06 17:04:17.263,12010558,1801542,149996512,1179.871319,,2181.693,0x00,0x00,CURRENT,1,0,OK,12.0,12.012,1802.0,149.996,,1179.871,,,267.0,21643.0
2026-08-06 17:04:18.100,12010158,1801482,149996496,1179.871150,,2182.529,0x00,0x00,CURRENT,1,0,OK,12.0,12.011,1802.0,149.996,,1179.871,,,266.0,21640.0
2026-08-06 17:04:18.916,12009596,1801397,149996496,1179.871150,,2183.345,0x00,0x00,CURRENT,1,0,OK,12.0,12.011,1802.0,149.996,,1179.871,,,266.0,21640.0
2026-08-06 17:04:19.732,12009068,1801318,149996496,1179.871150,,2184.161,0x00,0x00,CURRENT,1,0,OK,12.0,12.011,1802.0,149.996,,1179.871,,,266.0,21640.0
2026-08-06 17:04:20.568,12008404,1801219,149996512,1179.871319,,2184.997,0x00,0x00,CURRENT,1,0,OK,12.0,12.01,1801.0,149.996,,1179.871,,,266.0,21634.0
2026-08-06 17:04:21.385,12007772,1801124,149996512,1179.871319,,2185.814,0x00,0x00,CURRENT,1,0,OK,12.0,12.01,1801.0,149.996,,1179.871,,,266.0,21634.0
2026-08-06 17:04:22.220,12007004,1801008,149996512,1179.871319,,2186.650,0x00,0x00,CURRENT,1,0,OK,12.0,12.008,1801.0,149.996,,1179.871,,,266.0,21630.0
2026-08-06 17:04:23.037,12006272,1800899,149996496,1179.871150,,2187.466,0x00,0x00,CURRENT,1,0,OK,12.0,12.008,1801.0,149.996,,1179.871,,,266.0,21630.0
2026-08-06 17:04:23.948,12005580,1800795,149996512,1179.871319,,2188.378,0x00,0x00,CURRENT,1,0,OK,12.0,12.007,1801.0,149.996,,1179.871,,,266.0,21624.0
2026-08-06 17:04:25.264,12004740,1800669,149996496,1179.871150,,2189.693,0x00,0x00,CURRENT,1,0,OK,12.0,12.007,1801.0,149.996,,1179.871,,,266.0,21624.0
2026-08-06 17:04:26.100,12003950,1800550,149996496,1179.871150,,2190.529,0x00,0x00,CURRENT,1,0,OK,12.0,12.004,1801.0,149.996,,1179.871,,,266.0,21615.0
2026-08-06 17:04:26.915,12003192,1800437,149996480,1179.870981,,2191.345,0x00,0x00,CURRENT,1,0,OK,12.0,12.004,1801.0,149.996,,1179.871,,,266.0,21615.0
2026-08-06 17:04:27.731,12002308,1800304,149996480,1179.870981,,2192.161,0x00,0x00,CURRENT,1,0,OK,12.0,12.004,1801.0,149.996,,1179.871,,,266.0,21615.0
2026-08-06 17:04:28.567,12001466,1800178,149996496,1179.871150,,2192.997,0x00,0x00,CURRENT,1,0,OK,12.0,12.002,1800.0,149.996,,1179.871,,,266.0,21607.0
2026-08-06 17:04:29.385,12000674,1800059,149996480,1179.870981,,2193.815,0x00,0x00,CURRENT,1,0,OK,12.0,12.002,1800.0,149.996,,1179.871,,,266.0,21607.0
2026-08-06 17:04:30.221,11999920,1799946,149996496,1179.871150,,2194.651,0x00,0x00,CURRENT,1,0,OK,12.0,12.0,1800.0,149.997,,1179.871,,,266.0,21601.0
