timestamp,I_nA,V_uV,R_uOhm,chip_temp_C,note,elapsed_s,current_adc_status,voltage_adc_status,control_mode,control_enabled,control_fault,control_status,target_current_mA,measured_current_mA,measured_voltage_mV,measured_resistance_ohm,target_temp_C,measured_temp_C,temperature_error_C,temperature_integral_mA,drive_mV,power_uW
2026-08-06 11:06:52.502,508591,76290,150001888,1179.928088,,0.167,0x00,0x00,CURRENT,1,0,OK,0.5,0.507,76.0,150.002,,1179.932,,,6.0,39.0
2026-08-06 11:06:53.816,509566,76436,150001616,1179.925216,,1.481,0x00,0x00,CURRENT,1,0,OK,0.5,0.509,76.0,150.002,,1179.934,,,6.0,39.0
2026-08-06 11:06:54.631,510497,76575,150001600,1179.925047,,2.296,0x00,0x00,CURRENT,1,0,OK,0.5,0.509,76.0,150.002,,1179.934,,,6.0,39.0
2026-08-06 11:06:55.465,511201,76681,150001776,1179.926905,,3.130,0x00,0x00,CURRENT,1,0,OK,0.5,0.512,77.0,150.002,,1179.927,,,6.0,39.0
2026-08-06 11:06:56.354,511701,76756,150001856,1179.927750,,4.019,0x00,0x00,CURRENT,1,0,OK,0.5,0.512,77.0,150.002,,1179.927,,,6.0,39.0
2026-08-06 11:06:57.169,512187,76829,150001744,1179.926567,,4.834,0x00,0x00,CURRENT,1,0,OK,0.5,0.512,77.0,150.002,,1179.927,,,6.0,39.0
2026-08-06 11:06:58.003,512476,76872,150001872,1179.927919,,5.668,0x00,0x00,CURRENT,1,0,OK,0.5,0.514,77.0,150.002,,1179.926,,,5.0,40.0
2026-08-06 11:06:58.855,512587,76889,150002000,1179.929271,,6.520,0x00,0x00,CURRENT,1,0,OK,0.5,0.514,77.0,150.002,,1179.926,,,5.0,40.0
2026-08-06 11:06:59.689,512693,76905,150002192,1179.931298,,7.354,0x00,0x00,CURRENT,1,0,OK,0.5,0.514,77.0,150.002,,1179.928,,,5.0,40.0
2026-08-06 11:07:00.504,512623,76895,150002448,1179.934001,,8.169,0x00,0x00,CURRENT,1,0,OK,0.5,0.514,77.0,150.002,,1179.928,,,5.0,40.0
2026-08-06 11:07:01.818,512217,76834,150002400,1179.933494,,9.483,0x00,0x00,CURRENT,1,0,OK,0.5,0.514,77.0,150.002,,1179.928,,,5.0,40.0
2026-08-06 11:07:02.633,511833,76776,150002096,1179.930284,,10.298,0x00,0x00,CURRENT,1,0,OK,0.5,0.514,77.0,150.002,,1179.928,,,5.0,40.0
2026-08-06 11:07:03.467,511299,76696,150002192,1179.931298,,11.132,0x00,0x00,CURRENT,1,0,OK,0.5,0.513,77.0,150.002,,1179.924,,,5.0,39.0
2026-08-06 11:07:04.355,510620,76594,150002016,1179.929439,,12.020,0x00,0x00,CURRENT,1,0,OK,0.5,0.513,77.0,150.002,,1179.924,,,5.0,39.0
2026-08-06 11:07:05.170,509974,76497,150002064,1179.929946,,12.835,0x00,0x00,CURRENT,1,0,OK,0.5,0.513,77.0,150.002,,1179.924,,,5.0,39.0
2026-08-06 11:07:06.004,509193,76380,150001696,1179.926060,,13.669,0x00,0x00,CURRENT,1,0,OK,0.5,0.511,77.0,150.002,,1179.927,,,5.0,39.0
2026-08-06 11:07:06.854,508451,76268,150001472,1179.923695,,14.519,0x00,0x00,CURRENT,1,0,OK,0.5,0.511,77.0,150.002,,1179.927,,,5.0,39.0
2026-08-06 11:07:07.688,507575,76137,150001824,1179.927412,,15.353,0x00,0x00,CURRENT,1,0,OK,0.5,0.509,76.0,150.002,,1179.926,,,5.0,39.0
2026-08-06 11:07:08.503,506752,76014,150001872,1179.927919,,16.167,0x00,0x00,CURRENT,1,0,OK,0.5,0.509,76.0,150.002,,1179.926,,,5.0,39.0
2026-08-06 11:07:09.817,505802,75871,150001728,1179.926398,,17.481,0x00,0x00,CURRENT,1,0,OK,0.5,0.507,76.0,150.002,,1179.927,,,5.0,39.0
2026-08-06 11:07:10.632,504897,75735,150001696,1179.926060,,18.296,0x00,0x00,CURRENT,1,0,OK,0.5,0.507,76.0,150.002,,1179.927,,,5.0,39.0
2026-08-06 11:07:11.466,504034,75606,150001824,1179.927412,,19.131,0x00,0x00,CURRENT,1,0,OK,0.5,0.505,76.0,150.002,,1179.929,,,5.0,38.0
2026-08-06 11:07:12.354,503054,75459,150001488,1179.923864,,20.019,0x00,0x00,CURRENT,1,0,OK,0.5,0.505,76.0,150.002,,1179.929,,,5.0,38.0
2026-08-06 11:07:13.169,502115,75318,150001840,1179.927581,,20.834,0x00,0x00,CURRENT,1,0,OK,0.5,0.505,76.0,150.002,,1179.929,,,5.0,38.0
2026-08-06 11:07:14.003,501219,75184,150001728,1179.926398,,21.667,0x00,0x00,CURRENT,1,0,OK,0.5,0.502,75.0,150.002,,1179.931,,,5.0,38.0
2026-08-06 11:07:14.854,500374,75057,150001440,1179.923357,,22.519,0x00,0x00,CURRENT,1,0,OK,0.5,0.502,75.0,150.002,,1179.931,,,5.0,38.0
2026-08-06 11:07:15.688,499571,74936,150001632,1179.925385,,23.353,0x00,0x00,CURRENT,1,0,OK,0.5,0.5,75.0,150.003,,1179.935,,,5.0,38.0
2026-08-06 11:07:16.503,498811,74823,150001584,1179.924878,,24.168,0x00,0x00,CURRENT,1,0,OK,0.5,0.5,75.0,150.003,,1179.935,,,5.0,38.0
2026-08-06 11:07:17.817,498088,74714,150001456,1179.923526,,25.481,0x00,0x00,CURRENT,1,0,OK,0.5,0.499,75.0,150.003,,1179.936,,,5.0,37.0
2026-08-06 11:07:18.632,497406,74611,150001152,1179.920316,,26.297,0x00,0x00,CURRENT,1,0,OK,0.5,0.499,75.0,150.003,,1179.936,,,5.0,37.0
2026-08-06 11:07:19.466,496922,74539,150001008,1179.918795,,27.130,0x00,0x00,CURRENT,1,0,OK,0.5,0.497,74.0,150.002,,1179.933,,,5.0,37.0
2026-08-06 11:07:20.354,496462,74470,150000832,1179.916937,,28.018,0x00,0x00,CURRENT,1,0,OK,0.5,0.497,74.0,150.002,,1179.933,,,5.0,37.0
2026-08-06 11:07:21.169,496022,74404,150000896,1179.917613,,28.833,0x00,0x00,CURRENT,1,0,OK,0.5,0.497,74.0,150.002,,1179.933,,,5.0,37.0
2026-08-06 11:07:22.003,495602,74341,150000704,1179.915585,,29.667,0x00,0x00,CURRENT,1,0,OK,0.5,0.495,74.0,150.002,,1179.93,,,5.0,37.0
2026-08-06 11:07:22.855,495372,74306,150000720,1179.915754,,30.519,0x00,0x00,CURRENT,1,0,OK,0.5,0.495,74.0,150.002,,1179.93,,,5.0,37.0
2026-08-06 11:07:23.688,495164,74275,150000720,1179.915754,,31.353,0x00,0x00,CURRENT,1,0,OK,0.5,0.495,74.0,150.002,,1179.934,,,5.0,37.0
2026-08-06 11:07:24.504,494963,74245,150000688,1179.915416,,32.169,0x00,0x00,CURRENT,1,0,OK,0.5,0.495,74.0,150.002,,1179.934,,,5.0,37.0
2026-08-06 11:07:25.818,494933,74240,150000752,1179.916092,,33.482,0x00,0x00,CURRENT,1,0,OK,0.5,0.494,74.0,150.003,,1179.936,,,5.0,37.0
2026-08-06 11:07:26.633,494902,74236,150000912,1179.917782,,34.298,0x00,0x00,CURRENT,1,0,OK,0.5,0.494,74.0,150.003,,1179.936,,,5.0,37.0
2026-08-06 11:07:27.466,494876,74232,150000880,1179.917444,,35.131,0x00,0x00,CURRENT,1,0,OK,0.5,0.494,74.0,150.003,,1179.935,,,5.0,37.0
2026-08-06 11:07:28.352,495013,74253,150001392,1179.922850,,36.017,0x00,0x00,CURRENT,1,0,OK,0.5,0.494,74.0,150.003,,1179.935,,,5.0,37.0
2026-08-06 11:07:29.168,495144,74272,150001488,1179.923864,,36.833,0x00,0x00,CURRENT,1,0,OK,0.5,0.494,74.0,150.003,,1179.935,,,5.0,37.0
2026-08-06 11:07:30.001,495265,74290,150001152,1179.920316,,37.666,0x00,0x00,CURRENT,1,0,OK,0.5,0.495,74.0,150.002,,1179.932,,,5.0,37.0
2026-08-06 11:07:30.853,495557,74334,150001344,1179.922343,,38.518,0x00,0x00,CURRENT,1,0,OK,0.5,0.495,74.0,150.002,,1179.932,,,5.0,37.0
2026-08-06 11:07:31.687,495834,74376,150001568,1179.924709,,39.352,0x00,0x00,CURRENT,1,0,OK,0.5,0.495,74.0,150.002,,1179.934,,,5.0,37.0
2026-08-06 11:07:32.503,496099,74416,150001504,1179.924033,,40.168,0x00,0x00,CURRENT,1,0,OK,0.5,0.495,74.0,150.002,,1179.934,,,5.0,37.0
2026-08-06 11:07:33.817,496348,74453,150001072,1179.919471,,41.481,0x00,0x00,CURRENT,1,0,OK,0.5,0.496,74.0,150.002,,1179.934,,,5.0,37.0
2026-08-06 11:07:34.632,496749,74513,150001296,1179.921837,,42.297,0x00,0x00,CURRENT,1,0,OK,0.5,0.496,74.0,150.002,,1179.934,,,5.0,37.0
2026-08-06 11:07:35.466,497139,74571,150001040,1179.919133,,43.131,0x00,0x00,CURRENT,1,0,OK,0.5,0.497,74.0,150.003,,1179.937,,,5.0,37.0
2026-08-06 11:07:36.355,497505,74626,150000976,1179.918457,,44.019,0x00,0x00,CURRENT,1,0,OK,0.5,0.497,74.0,150.003,,1179.937,,,5.0,37.0
2026-08-06 11:07:37.169,497851,74678,150000960,1179.918288,,44.834,0x00,0x00,CURRENT,1,0,OK,0.5,0.497,74.0,150.003,,1179.937,,,5.0,37.0
2026-08-06 11:07:38.004,498179,74727,150001008,1179.918795,,45.668,0x00,0x00,CURRENT,1,0,OK,0.5,0.498,75.0,150.003,,1179.942,,,5.0,37.0
2026-08-06 11:07:38.854,498491,74774,150000832,1179.916937,,46.519,0x00,0x00,CURRENT,1,0,OK,0.5,0.498,75.0,150.003,,1179.942,,,5.0,37.0
2026-08-06 11:07:39.689,498788,74819,150000752,1179.916092,,47.353,0x00,0x00,CURRENT,1,0,OK,0.5,0.498,75.0,150.003,,1179.939,,,5.0,37.0
2026-08-06 11:07:40.504,499241,74887,150000864,1179.917275,,48.168,0x00,0x00,CURRENT,1,0,OK,0.5,0.498,75.0,150.003,,1179.939,,,5.0,37.0
2026-08-06 11:07:41.818,499672,74951,150000784,1179.916430,,49.482,0x00,0x00,CURRENT,1,0,OK,0.5,0.499,75.0,150.003,,1179.94,,,5.0,37.0
2026-08-06 11:07:42.633,500086,75013,150001152,1179.920316,,50.297,0x00,0x00,CURRENT,1,0,OK,0.5,0.499,75.0,150.003,,1179.94,,,5.0,37.0
2026-08-06 11:07:43.466,500472,75071,150001152,1179.920316,,51.131,0x00,0x00,CURRENT,1,0,OK,0.5,0.5,75.0,150.003,,1179.939,,,5.0,38.0
2026-08-06 11:07:44.354,500837,75126,150001296,1179.921837,,52.019,0x00,0x00,CURRENT,1,0,OK,0.5,0.5,75.0,150.003,,1179.939,,,5.0,38.0
2026-08-06 11:07:45.170,501189,75179,150001168,1179.920485,,52.834,0x00,0x00,CURRENT,1,0,OK,0.5,0.5,75.0,150.003,,1179.939,,,5.0,38.0
2026-08-06 11:07:46.004,501359,75205,150001344,1179.922343,,53.668,0x00,0x00,CURRENT,1,0,OK,0.5,0.501,75.0,150.003,,1179.94,,,5.0,38.0
2026-08-06 11:07:46.854,501518,75228,150001408,1179.923019,,54.519,0x00,0x00,CURRENT,1,0,OK,0.5,0.501,75.0,150.003,,1179.94,,,5.0,38.0
2026-08-06 11:07:47.688,501673,75252,150001440,1179.923357,,55.353,0x00,0x00,CURRENT,1,0,OK,0.5,0.502,75.0,150.003,,1179.936,,,5.0,38.0
2026-08-06 11:07:48.503,501818,75273,150001376,1179.922681,,56.168,0x00,0x00,CURRENT,1,0,OK,0.5,0.502,75.0,150.003,,1179.936,,,5.0,38.0
2026-08-06 11:07:49.817,501949,75293,150001536,1179.924371,,57.482,0x00,0x00,CURRENT,1,0,OK,0.5,0.502,75.0,150.003,,1179.937,,,5.0,38.0
2026-08-06 11:07:50.632,502063,75310,150001552,1179.924540,,58.297,0x00,0x00,CURRENT,1,0,OK,0.5,0.502,75.0,150.003,,1179.937,,,5.0,38.0
2026-08-06 11:07:51.466,502184,75328,150001552,1179.924540,,59.131,0x00,0x00,CURRENT,1,0,OK,0.5,0.502,75.0,150.003,,1179.939,,,5.0,38.0
2026-08-06 11:07:52.353,502304,75347,150001760,1179.926736,,60.018,0x00,0x00,CURRENT,1,0,OK,0.5,0.502,75.0,150.003,,1179.939,,,5.0,38.0
2026-08-06 11:07:53.168,502247,75338,150001616,1179.925216,,60.833,0x00,0x00,CURRENT,1,0,OK,0.5,0.502,75.0,150.003,,1179.939,,,5.0,38.0
2026-08-06 11:07:54.002,502184,75328,150001616,1179.925216,,61.667,0x00,0x00,CURRENT,1,0,OK,0.5,0.502,75.0,150.002,,1179.935,,,5.0,38.0
2026-08-06 11:07:54.853,502131,75320,150001440,1179.923357,,62.518,0x00,0x00,CURRENT,1,0,OK,0.5,0.502,75.0,150.002,,1179.935,,,5.0,38.0
2026-08-06 11:07:55.687,502086,75313,150001168,1179.920485,,63.352,0x00,0x00,CURRENT,1,0,OK,0.5,0.502,75.0,150.003,,1179.936,,,5.0,38.0
2026-08-06 11:07:56.502,502045,75307,150001424,1179.923188,,64.167,0x00,0x00,CURRENT,1,0,OK,0.5,0.502,75.0,150.003,,1179.936,,,5.0,38.0
2026-08-06 11:07:57.816,501994,75300,150001472,1179.923695,,65.481,0x00,0x00,CURRENT,1,0,OK,0.5,0.502,75.0,150.003,,1179.935,,,5.0,38.0
2026-08-06 11:07:58.631,501958,75294,150001248,1179.921330,,66.296,0x00,0x00,CURRENT,1,0,OK,0.5,0.502,75.0,150.003,,1179.935,,,5.0,38.0
2026-08-06 11:07:59.465,501753,75264,150001424,1179.923188,,67.130,0x00,0x00,CURRENT,1,0,OK,0.5,0.502,75.0,150.003,,1179.935,,,5.0,38.0
2026-08-06 11:08:00.354,501563,75235,150001200,1179.920823,,68.019,0x00,0x00,CURRENT,1,0,OK,0.5,0.502,75.0,150.003,,1179.935,,,5.0,38.0
2026-08-06 11:08:01.170,501377,75207,150001328,1179.922174,,68.834,0x00,0x00,CURRENT,1,0,OK,0.5,0.502,75.0,150.003,,1179.935,,,5.0,38.0
2026-08-06 11:08:02.003,501190,75179,150001376,1179.922681,,69.668,0x00,0x00,CURRENT,1,0,OK,0.5,0.501,75.0,150.003,,1179.935,,,5.0,38.0
2026-08-06 11:08:02.854,501022,75154,150001424,1179.923188,,70.519,0x00,0x00,CURRENT,1,0,OK,0.5,0.501,75.0,150.003,,1179.935,,,5.0,38.0
2026-08-06 11:08:03.688,500858,75130,150001616,1179.925216,,71.353,0x00,0x00,CURRENT,1,0,OK,0.5,0.501,75.0,150.003,,1179.937,,,5.0,38.0
2026-08-06 11:08:04.503,500700,75106,150001824,1179.927412,,72.168,0x00,0x00,CURRENT,1,0,OK,0.5,0.501,75.0,150.003,,1179.937,,,5.0,38.0
2026-08-06 11:08:05.817,500551,75083,150001264,1179.921499,,73.482,0x00,0x00,CURRENT,1,0,OK,0.5,0.501,75.0,150.003,,1179.938,,,5.0,38.0
2026-08-06 11:08:06.632,500412,75062,150001120,1179.919978,,74.297,0x00,0x00,CURRENT,1,0,OK,0.5,0.501,75.0,150.003,,1179.938,,,5.0,38.0
2026-08-06 11:08:07.466,500273,75042,150001360,1179.922512,,75.131,0x00,0x00,CURRENT,1,0,OK,0.5,0.5,75.0,150.002,,1179.931,,,5.0,38.0
2026-08-06 11:08:08.353,500149,75023,150001136,1179.920147,,76.018,0x00,0x00,CURRENT,1,0,OK,0.5,0.5,75.0,150.002,,1179.931,,,5.0,38.0
2026-08-06 11:08:09.168,500032,75005,150001248,1179.921330,,76.833,0x00,0x00,CURRENT,1,0,OK,0.5,0.5,75.0,150.002,,1179.931,,,5.0,38.0
2026-08-06 11:08:10.002,499916,74988,150001600,1179.925047,,77.667,0x00,0x00,CURRENT,1,0,OK,0.5,0.5,75.0,150.002,,1179.93,,,5.0,37.0
2026-08-06 11:08:10.854,499801,74971,150001632,1179.925385,,78.519,0x00,0x00,CURRENT,1,0,OK,0.5,0.5,75.0,150.002,,1179.93,,,5.0,37.0
2026-08-06 11:08:11.688,499705,74957,150001552,1179.924540,,79.353,0x00,0x00,CURRENT,1,0,OK,0.5,0.5,75.0,150.002,,1179.931,,,5.0,37.0
2026-08-06 11:08:12.503,499611,74942,150001600,1179.925047,,80.168,0x00,0x00,CURRENT,1,0,OK,0.5,0.5,75.0,150.002,,1179.931,,,5.0,37.0
2026-08-06 11:08:13.817,499523,74929,150001904,1179.928257,,81.482,0x00,0x00,CURRENT,1,0,OK,0.5,0.5,75.0,150.002,,1179.929,,,5.0,37.0
2026-08-06 11:08:14.632,499439,74917,150001984,1179.929102,,82.297,0x00,0x00,CURRENT,1,0,OK,0.5,0.5,75.0,150.002,,1179.929,,,5.0,37.0
2026-08-06 11:08:15.466,499357,74905,150002240,1179.931805,,83.131,0x00,0x00,CURRENT,1,0,OK,0.5,0.499,75.0,150.002,,1179.93,,,5.0,37.0
2026-08-06 11:08:16.354,499286,74894,150002064,1179.929946,,84.019,0x00,0x00,CURRENT,1,0,OK,0.5,0.499,75.0,150.002,,1179.93,,,5.0,37.0
2026-08-06 11:08:17.169,499206,74882,150001920,1179.928426,,84.833,0x00,0x00,CURRENT,1,0,OK,0.5,0.499,75.0,150.002,,1179.93,,,5.0,37.0
2026-08-06 11:08:18.003,499133,74871,150002256,1179.931974,,85.668,0x00,0x00,CURRENT,1,0,OK,0.5,0.499,75.0,150.002,,1179.926,,,5.0,37.0
2026-08-06 11:08:18.854,499065,74861,150002288,1179.932312,,86.519,0x00,0x00,CURRENT,1,0,OK,0.5,0.499,75.0,150.002,,1179.926,,,5.0,37.0
2026-08-06 11:08:19.688,499001,74851,150002224,1179.931636,,87.353,0x00,0x00,CURRENT,1,0,OK,0.5,0.499,75.0,150.002,,1179.93,,,5.0,37.0
2026-08-06 11:08:20.503,498938,74842,150002272,1179.932143,,88.168,0x00,0x00,CURRENT,1,0,OK,0.5,0.499,75.0,150.002,,1179.93,,,5.0,37.0
2026-08-06 11:08:21.817,498882,74833,150002064,1179.929946,,89.482,0x00,0x00,CURRENT,1,0,OK,0.5,0.499,75.0,150.003,,1179.936,,,5.0,37.0
2026-08-06 11:08:22.632,498998,74851,150001712,1179.926229,,90.297,0x00,0x00,CURRENT,1,0,OK,0.5,0.499,75.0,150.003,,1179.936,,,5.0,37.0
2026-08-06 11:08:23.466,499104,74867,150002016,1179.929439,,91.131,0x00,0x00,CURRENT,1,0,OK,0.5,0.499,75.0,150.002,,1179.931,,,5.0,37.0
2026-08-06 11:08:24.354,499212,74883,150002032,1179.929608,,92.018,0x00,0x00,CURRENT,1,0,OK,0.5,0.499,75.0,150.002,,1179.931,,,5.0,37.0
2026-08-06 11:08:25.169,499318,74898,150001648,1179.925554,,92.834,0x00,0x00,CURRENT,1,0,OK,0.5,0.499,75.0,150.002,,1179.931,,,5.0,37.0
2026-08-06 11:08:26.003,499408,74912,150002016,1179.929439,,93.668,0x00,0x00,CURRENT,1,0,OK,0.5,0.499,75.0,150.002,,1179.93,,,5.0,37.0
2026-08-06 11:08:26.855,499499,74926,150001968,1179.928933,,94.520,0x00,0x00,CURRENT,1,0,OK,0.5,0.499,75.0,150.002,,1179.93,,,5.0,37.0
2026-08-06 11:08:27.689,499578,74938,150001968,1179.928933,,95.354,0x00,0x00,CURRENT,1,0,OK,0.5,0.499,75.0,150.002,,1179.928,,,5.0,37.0
2026-08-06 11:08:28.504,499650,74949,150002176,1179.931129,,96.169,0x00,0x00,CURRENT,1,0,OK,0.5,0.499,75.0,150.002,,1179.928,,,5.0,37.0
2026-08-06 11:08:29.818,499723,74960,150002400,1179.933494,,97.483,0x00,0x00,CURRENT,1,0,OK,0.5,0.5,75.0,150.002,,1179.931,,,5.0,37.0
2026-08-06 11:08:30.633,499794,74970,150002048,1179.929777,,98.297,0x00,0x00,CURRENT,1,0,OK,0.5,0.5,75.0,150.002,,1179.931,,,5.0,37.0
2026-08-06 11:08:31.467,499863,74980,150001904,1179.928257,,99.132,0x00,0x00,CURRENT,1,0,OK,0.5,0.5,75.0,150.003,,1179.937,,,5.0,37.0
2026-08-06 11:08:32.355,499938,74992,150001920,1179.928426,,100.020,0x00,0x00,CURRENT,1,0,OK,0.5,0.5,75.0,150.003,,1179.937,,,5.0,37.0
2026-08-06 11:08:33.170,500005,75002,150001840,1179.927581,,100.835,0x00,0x00,CURRENT,1,0,OK,0.5,0.5,75.0,150.003,,1179.937,,,5.0,37.0
2026-08-06 11:08:34.004,500073,75012,150001856,1179.927750,,101.668,0x00,0x00,CURRENT,1,0,OK,0.5,0.5,75.0,150.002,,1179.928,,,5.0,38.0
2026-08-06 11:08:34.853,500128,75020,150002288,1179.932312,,102.518,0x00,0x00,CURRENT,1,0,OK,0.5,0.5,75.0,150.002,,1179.928,,,5.0,38.0
2026-08-06 11:08:35.687,500183,75028,150002208,1179.931467,,103.351,0x00,0x00,CURRENT,1,0,OK,0.5,0.5,75.0,150.002,,1179.928,,,5.0,38.0
2026-08-06 11:08:36.502,500234,75036,150002400,1179.933494,,104.167,0x00,0x00,CURRENT,1,0,OK,0.5,0.5,75.0,150.002,,1179.928,,,5.0,38.0
2026-08-06 11:08:37.816,500284,75044,150002144,1179.930791,,105.480,0x00,0x00,CURRENT,1,0,OK,0.5,0.5,75.0,150.002,,1179.929,,,5.0,38.0
2026-08-06 11:08:38.631,500325,75050,150002192,1179.931298,,106.295,0x00,0x00,CURRENT,1,0,OK,0.5,0.5,75.0,150.002,,1179.929,,,5.0,38.0
2026-08-06 11:08:39.465,500367,75056,150002224,1179.931636,,107.130,0x00,0x00,CURRENT,1,0,OK,0.5,0.5,75.0,150.002,,1179.93,,,5.0,38.0
2026-08-06 11:08:40.354,500421,75064,150002016,1179.929439,,108.019,0x00,0x00,CURRENT,1,0,OK,0.5,0.5,75.0,150.002,,1179.93,,,5.0,38.0
2026-08-06 11:08:41.169,500466,75071,150002000,1179.929271,,108.833,0x00,0x00,CURRENT,1,0,OK,0.5,0.5,75.0,150.002,,1179.93,,,5.0,38.0
2026-08-06 11:08:42.003,500510,75078,150002016,1179.929439,,109.668,0x00,0x00,CURRENT,1,0,OK,0.5,0.5,75.0,150.002,,1179.93,,,5.0,38.0
2026-08-06 11:08:42.854,500554,75084,150001840,1179.927581,,110.519,0x00,0x00,CURRENT,1,0,OK,0.5,0.5,75.0,150.002,,1179.93,,,5.0,38.0
2026-08-06 11:08:43.688,500595,75090,150001632,1179.925385,,111.353,0x00,0x00,CURRENT,1,0,OK,0.5,0.501,75.0,150.002,,1179.926,,,5.0,38.0
2026-08-06 11:08:44.503,500636,75096,150001600,1179.925047,,112.168,0x00,0x00,CURRENT,1,0,OK,0.5,0.501,75.0,150.002,,1179.926,,,5.0,38.0
2026-08-06 11:08:45.817,500673,75102,150001616,1179.925216,,113.482,0x00,0x00,CURRENT,1,0,OK,0.5,0.501,75.0,150.002,,1179.928,,,5.0,38.0
2026-08-06 11:08:46.632,500702,75106,150001808,1179.927243,,114.296,0x00,0x00,CURRENT,1,0,OK,0.5,0.501,75.0,150.002,,1179.928,,,5.0,38.0
2026-08-06 11:08:47.466,500730,75110,150001440,1179.923357,,115.130,0x00,0x00,CURRENT,1,0,OK,0.5,0.501,75.0,150.002,,1179.929,,,5.0,38.0
2026-08-06 11:08:48.354,500587,75089,150001680,1179.925891,,116.018,0x00,0x00,CURRENT,1,0,OK,0.5,0.501,75.0,150.002,,1179.929,,,5.0,38.0
2026-08-06 11:08:49.168,500456,75069,150001424,1179.923188,,116.833,0x00,0x00,CURRENT,1,0,OK,0.5,0.501,75.0,150.002,,1179.929,,,5.0,38.0
2026-08-06 11:08:50.003,500328,75050,150001536,1179.924371,,117.667,0x00,0x00,CURRENT,1,0,OK,0.5,0.5,75.0,150.002,,1179.926,,,5.0,38.0
2026-08-06 11:08:50.853,500207,75032,150001520,1179.924202,,118.518,0x00,0x00,CURRENT,1,0,OK,0.5,0.5,75.0,150.002,,1179.926,,,5.0,38.0
2026-08-06 11:08:51.688,500092,75014,150001392,1179.922850,,119.352,0x00,0x00,CURRENT,1,0,OK,0.5,0.5,75.0,150.002,,1179.926,,,5.0,38.0
2026-08-06 11:08:52.503,499986,74999,150001536,1179.924371,,120.167,0x00,0x00,CURRENT,1,0,OK,0.5,0.5,75.0,150.002,,1179.926,,,5.0,38.0
2026-08-06 11:08:53.817,499881,74983,150001312,1179.922005,,121.481,0x00,0x00,CURRENT,1,0,OK,0.5,0.5,75.0,150.002,,1179.93,,,5.0,38.0
2026-08-06 11:08:54.632,499777,74967,150001216,1179.920992,,122.297,0x00,0x00,CURRENT,1,0,OK,0.5,0.5,75.0,150.002,,1179.93,,,5.0,38.0
2026-08-06 11:08:55.466,499680,74953,150001424,1179.923188,,123.131,0x00,0x00,CURRENT,1,0,OK,0.5,0.5,75.0,150.001,,1179.921,,,5.0,37.0
2026-08-06 11:08:56.355,499593,74940,150001344,1179.922343,,124.019,0x00,0x00,CURRENT,1,0,OK,0.5,0.5,75.0,150.001,,1179.921,,,5.0,37.0
2026-08-06 11:08:57.170,499507,74927,150001424,1179.923188,,124.835,0x00,0x00,CURRENT,1,0,OK,0.5,0.5,75.0,150.001,,1179.921,,,5.0,37.0
2026-08-06 11:08:58.004,499433,74916,150001232,1179.921161,,125.669,0x00,0x00,CURRENT,1,0,OK,0.5,0.499,75.0,150.002,,1179.93,,,5.0,37.0
2026-08-06 11:08:58.854,499523,74929,150001440,1179.923357,,126.519,0x00,0x00,CURRENT,1,0,OK,0.5,0.499,75.0,150.002,,1179.93,,,5.0,37.0
2026-08-06 11:08:59.689,499620,74944,150001584,1179.924878,,127.354,0x00,0x00,CURRENT,1,0,OK,0.5,0.499,75.0,150.002,,1179.929,,,5.0,37.0
2026-08-06 11:09:00.503,499704,74956,150001488,1179.923864,,128.168,0x00,0x00,CURRENT,1,0,OK,0.5,0.499,75.0,150.002,,1179.929,,,5.0,37.0
2026-08-06 11:09:01.818,499786,74968,150001152,1179.920316,,129.482,0x00,0x00,CURRENT,1,0,OK,0.5,0.5,75.0,150.002,,1179.934,,,5.0,37.0
2026-08-06 11:09:02.633,499859,74979,150000880,1179.917444,,130.297,0x00,0x00,CURRENT,1,0,OK,0.5,0.5,75.0,150.002,,1179.934,,,5.0,37.0
2026-08-06 11:09:03.467,499929,74990,150000976,1179.918457,,131.131,0x00,0x00,CURRENT,1,0,OK,0.5,0.5,75.0,150.002,,1179.928,,,5.0,37.0
2026-08-06 11:09:04.353,499998,75000,150001264,1179.921499,,132.018,0x00,0x00,CURRENT,1,0,OK,0.5,0.5,75.0,150.002,,1179.928,,,5.0,37.0
2026-08-06 11:09:05.168,500066,75011,150001136,1179.920147,,132.833,0x00,0x00,CURRENT,1,0,OK,0.5,0.5,75.0,150.002,,1179.928,,,5.0,37.0
2026-08-06 11:09:06.002,500132,75020,150001040,1179.919133,,133.667,0x00,0x00,CURRENT,1,0,OK,0.7,0.5,75.0,150.002,,1179.928,,,5.0,38.0
2026-08-06 11:09:07.225,534744,80214,150005040,1179.961372,,134.890,0x00,0x00,CURRENT,1,0,OK,0.7,0.5,75.0,150.002,,1179.928,,,5.0,38.0
2026-08-06 11:09:08.059,536439,80468,150004736,1179.958162,,135.724,0x00,0x00,CURRENT,1,0,OK,0.7,0.503,75.0,150.003,,1179.945,,,7.0,38.0
2026-08-06 11:09:08.874,539911,80989,150004560,1179.956303,,136.539,0x00,0x00,CURRENT,1,0,OK,0.7,0.503,75.0,150.003,,1179.945,,,7.0,38.0
2026-08-06 11:09:09.708,544721,81710,150004288,1179.953431,,137.373,0x00,0x00,CURRENT,1,0,OK,0.7,0.511,77.0,150.003,,1179.941,,,8.0,39.0
2026-08-06 11:09:10.523,550977,82649,150004016,1179.950559,,138.188,0x00,0x00,CURRENT,1,0,OK,0.7,0.511,77.0,150.003,,1179.941,,,8.0,39.0
2026-08-06 11:09:11.418,558435,83767,150003472,1179.944814,,139.083,0x00,0x00,CURRENT,1,0,OK,0.7,0.525,79.0,150.003,,1179.939,,,10.0,41.0
2026-08-06 11:09:12.732,568391,85260,150003056,1179.940422,,140.397,0x00,0x00,CURRENT,1,0,OK,0.7,0.525,79.0,150.003,,1179.939,,,10.0,41.0
2026-08-06 11:09:13.566,579190,86880,150002720,1179.936873,,141.231,0x00,0x00,CURRENT,1,0,OK,0.7,0.554,83.0,150.002,,1179.932,,,11.0,46.0
2026-08-06 11:09:14.381,590633,88596,150002336,1179.932819,,142.046,0x00,0x00,CURRENT,1,0,OK,0.7,0.554,83.0,150.002,,1179.932,,,11.0,46.0
2026-08-06 11:09:15.196,602520,90379,150002144,1179.930791,,142.861,0x00,0x00,CURRENT,1,0,OK,0.7,0.554,83.0,150.002,,1179.932,,,11.0,46.0
2026-08-06 11:09:16.031,614824,92225,150001728,1179.926398,,143.695,0x00,0x00,CURRENT,1,0,OK,0.7,0.59,89.0,150.002,,1179.934,,,13.0,52.0
2026-08-06 11:09:16.853,627356,94104,150001536,1179.924371,,144.518,0x00,0x00,CURRENT,1,0,OK,0.7,0.59,89.0,150.002,,1179.934,,,13.0,52.0
2026-08-06 11:09:17.687,639932,95991,150001408,1179.923019,,145.352,0x00,0x00,CURRENT,1,0,OK,0.7,0.616,92.0,150.002,,1179.928,,,14.0,57.0
2026-08-06 11:09:18.502,652557,97884,150001280,1179.921668,,146.167,0x00,0x00,CURRENT,1,0,OK,0.7,0.616,92.0,150.002,,1179.928,,,14.0,57.0
2026-08-06 11:09:19.816,665394,99810,150000896,1179.917613,,147.481,0x00,0x00,CURRENT,1,0,OK,0.7,0.643,96.0,150.002,,1179.927,,,14.0,62.0
2026-08-06 11:09:20.631,677931,101690,150000576,1179.914234,,148.296,0x00,0x00,CURRENT,1,0,OK,0.7,0.643,96.0,150.002,,1179.927,,,14.0,62.0
2026-08-06 11:09:21.465,690009,103502,150000704,1179.915585,,149.130,0x00,0x00,CURRENT,1,0,OK,0.7,0.681,102.0,150.001,,1179.919,,,15.0,70.0
2026-08-06 11:09:22.354,701487,105223,150000432,1179.912713,,150.019,0x00,0x00,CURRENT,1,0,OK,0.7,0.681,102.0,150.001,,1179.919,,,15.0,70.0
2026-08-06 11:09:23.169,712384,106858,150000128,1179.909503,,150.834,0x00,0x00,CURRENT,1,0,OK,0.7,0.681,102.0,150.001,,1179.919,,,15.0,70.0
2026-08-06 11:09:24.003,722567,108385,150000112,1179.909334,,151.668,0x00,0x00,CURRENT,1,0,OK,0.7,0.715,107.0,150.0,,1179.911,,,15.0,77.0
2026-08-06 11:09:24.854,732067,109810,149999952,1179.907644,,152.519,0x00,0x00,CURRENT,1,0,OK,0.7,0.715,107.0,150.0,,1179.911,,,15.0,77.0
2026-08-06 11:09:25.688,740761,111114,149999696,1179.904941,,153.353,0x00,0x00,CURRENT,1,0,OK,0.7,0.734,110.0,150.0,,1179.912,,,14.0,81.0
2026-08-06 11:09:26.503,748682,112302,149999536,1179.903252,,154.168,0x00,0x00,CURRENT,1,0,OK,0.7,0.734,110.0,150.0,,1179.912,,,14.0,81.0
2026-08-06 11:09:27.817,755201,113280,149999472,1179.902576,,155.482,0x00,0x00,CURRENT,1,0,OK,0.7,0.751,113.0,150.0,,1179.911,,,14.0,85.0
2026-08-06 11:09:28.632,760888,114133,149999472,1179.902576,,156.297,0x00,0x00,CURRENT,1,0,OK,0.7,0.751,113.0,150.0,,1179.911,,,14.0,85.0
2026-08-06 11:09:29.466,765626,114843,149999360,1179.901393,,157.131,0x00,0x00,CURRENT,1,0,OK,0.7,0.769,115.0,150.0,,1179.906,,,13.0,89.0
2026-08-06 11:09:30.355,769612,115441,149999392,1179.901731,,158.019,0x00,0x00,CURRENT,1,0,OK,0.7,0.769,115.0,150.0,,1179.906,,,13.0,89.0
2026-08-06 11:09:31.169,772726,115908,149999424,1179.902069,,158.834,0x00,0x00,CURRENT,1,0,OK,0.7,0.769,115.0,150.0,,1179.906,,,13.0,89.0
2026-08-06 11:09:32.003,774842,116226,149999232,1179.900041,,159.668,0x00,0x00,CURRENT,1,0,OK,0.7,0.78,117.0,150.0,,1179.904,,,12.0,91.0
2026-08-06 11:09:32.855,776173,116425,149999088,1179.898521,,160.520,0x00,0x00,CURRENT,1,0,OK,0.7,0.78,117.0,150.0,,1179.904,,,12.0,91.0
2026-08-06 11:09:33.689,776763,116514,149999360,1179.901393,,161.354,0x00,0x00,CURRENT,1,0,OK,0.7,0.782,117.0,150.0,,1179.904,,,12.0,92.0
2026-08-06 11:09:34.504,776487,116472,149999264,1179.900379,,162.169,0x00,0x00,CURRENT,1,0,OK,0.7,0.782,117.0,150.0,,1179.904,,,12.0,92.0
2026-08-06 11:09:35.818,774874,116231,149999488,1179.902745,,163.483,0x00,0x00,CURRENT,1,0,OK,0.7,0.782,117.0,150.0,,1179.904,,,11.0,92.0
2026-08-06 11:09:36.633,772658,115898,149999344,1179.901224,,164.298,0x00,0x00,CURRENT,1,0,OK,0.7,0.782,117.0,150.0,,1179.904,,,11.0,92.0
2026-08-06 11:09:37.467,769879,115481,149999376,1179.901562,,165.132,0x00,0x00,CURRENT,1,0,OK,0.7,0.777,116.0,150.0,,1179.905,,,10.0,90.0
2026-08-06 11:09:38.355,766567,114984,149999232,1179.900041,,166.020,0x00,0x00,CURRENT,1,0,OK,0.7,0.777,116.0,150.0,,1179.905,,,10.0,90.0
2026-08-06 11:09:39.170,762740,114411,149999456,1179.902407,,166.835,0x00,0x00,CURRENT,1,0,OK,0.7,0.777,116.0,150.0,,1179.905,,,10.0,90.0
2026-08-06 11:09:40.004,758603,113790,149999504,1179.902914,,167.669,0x00,0x00,CURRENT,1,0,OK,0.7,0.766,115.0,150.0,,1179.909,,,9.0,88.0
2026-08-06 11:09:40.854,754170,113125,149999520,1179.903083,,168.519,0x00,0x00,CURRENT,1,0,OK,0.7,0.766,115.0,150.0,,1179.909,,,9.0,88.0
2026-08-06 11:09:41.688,749455,112418,149999328,1179.901055,,169.353,0x00,0x00,CURRENT,1,0,OK,0.7,0.757,114.0,150.0,,1179.909,,,9.0,86.0
2026-08-06 11:09:42.503,744474,111671,149999264,1179.900379,,170.168,0x00,0x00,CURRENT,1,0,OK,0.7,0.757,114.0,150.0,,1179.909,,,9.0,86.0
2026-08-06 11:09:43.817,738885,110832,149999504,1179.902914,,171.482,0x00,0x00,CURRENT,1,0,OK,0.7,0.747,112.0,150.0,,1179.911,,,8.0,84.0
2026-08-06 11:09:44.632,733246,109986,149999440,1179.902238,,172.297,0x00,0x00,CURRENT,1,0,OK,0.7,0.747,112.0,150.0,,1179.911,,,8.0,84.0
2026-08-06 11:09:45.466,727721,109158,149999520,1179.903083,,173.131,0x00,0x00,CURRENT,1,0,OK,0.7,0.731,110.0,150.0,,1179.904,,,8.0,80.0
2026-08-06 11:09:46.354,722128,108319,149999568,1179.903589,,174.019,0x00,0x00,CURRENT,1,0,OK,0.7,0.731,110.0,150.0,,1179.904,,,8.0,80.0
2026-08-06 11:09:47.169,716647,107497,149999712,1179.905110,,174.834,0x00,0x00,CURRENT,1,0,OK,0.7,0.731,110.0,150.0,,1179.904,,,8.0,80.0
2026-08-06 11:09:48.003,711273,106691,149999904,1179.907137,,175.668,0x00,0x00,CURRENT,1,0,OK,0.7,0.715,107.0,150.0,,1179.91,,,8.0,77.0
2026-08-06 11:09:48.854,706173,105926,149999808,1179.906124,,176.519,0x00,0x00,CURRENT,1,0,OK,0.7,0.715,107.0,150.0,,1179.91,,,8.0,77.0
2026-08-06 11:09:49.688,701324,105198,149999616,1179.904096,,177.353,0x00,0x00,CURRENT,1,0,OK,0.7,0.704,106.0,150.0,,1179.908,,,8.0,74.0
2026-08-06 11:09:50.503,696718,104508,149999696,1179.904941,,178.168,0x00,0x00,CURRENT,1,0,OK,0.7,0.704,106.0,150.0,,1179.908,,,8.0,74.0
2026-08-06 11:09:51.817,692346,103852,149999472,1179.902576,,179.482,0x00,0x00,CURRENT,1,0,OK,0.7,0.695,104.0,150.0,,1179.911,,,8.0,72.0
2026-08-06 11:09:52.632,688361,103254,149999504,1179.902914,,180.297,0x00,0x00,CURRENT,1,0,OK,0.7,0.695,104.0,150.0,,1179.911,,,8.0,72.0
2026-08-06 11:09:53.466,684749,102712,149999424,1179.902069,,181.131,0x00,0x00,CURRENT,1,0,OK,0.7,0.683,102.0,150.0,,1179.91,,,8.0,70.0
2026-08-06 11:09:54.355,681482,102222,149999472,1179.902576,,182.020,0x00,0x00,CURRENT,1,0,OK,0.7,0.683,102.0,150.0,,1179.91,,,8.0,70.0
2026-08-06 11:09:55.170,678537,101780,149999296,1179.900717,,182.835,0x00,0x00,CURRENT,1,0,OK,0.7,0.683,102.0,150.0,,1179.91,,,8.0,70.0
2026-08-06 11:09:56.004,676088,101413,149999408,1179.901900,,183.669,0x00,0x00,CURRENT,1,0,OK,0.7,0.674,101.0,150.0,,1179.909,,,8.0,68.0
2026-08-06 11:09:56.854,673925,101089,149999712,1179.905110,,184.519,0x00,0x00,CURRENT,1,0,OK,0.7,0.674,101.0,150.0,,1179.909,,,8.0,68.0
2026-08-06 11:09:57.688,672210,100831,149999712,1179.905110,,185.353,0x00,0x00,CURRENT,1,0,OK,0.7,0.67,100.0,150.0,,1179.911,,,8.0,67.0
2026-08-06 11:09:58.503,670744,100611,149999616,1179.904096,,186.167,0x00,0x00,CURRENT,1,0,OK,0.7,0.67,100.0,150.0,,1179.911,,,8.0,67.0
2026-08-06 11:09:59.817,670038,100505,149999504,1179.902914,,187.482,0x00,0x00,CURRENT,1,0,OK,0.7,0.667,100.0,150.0,,1179.909,,,8.0,67.0
2026-08-06 11:10:00.632,669699,100454,149999360,1179.901393,,188.296,0x00,0x00,CURRENT,1,0,OK,0.7,0.667,100.0,150.0,,1179.909,,,8.0,67.0
2026-08-06 11:10:01.466,669713,100457,149999488,1179.902745,,189.130,0x00,0x00,CURRENT,1,0,OK,0.7,0.666,100.0,150.0,,1179.91,,,9.0,66.0
2026-08-06 11:10:02.354,669896,100484,149999504,1179.902914,,190.018,0x00,0x00,CURRENT,1,0,OK,0.7,0.666,100.0,150.0,,1179.91,,,9.0,66.0
2026-08-06 11:10:03.169,670399,100560,149999712,1179.905110,,190.833,0x00,0x00,CURRENT,1,0,OK,0.7,0.666,100.0,150.0,,1179.91,,,9.0,66.0
2026-08-06 11:10:04.003,671224,100683,149999696,1179.904941,,191.668,0x00,0x00,CURRENT,1,0,OK,0.7,0.667,100.0,150.0,,1179.909,,,9.0,67.0
2026-08-06 11:10:04.854,672345,100852,149999648,1179.904434,,192.518,0x00,0x00,CURRENT,1,0,OK,0.7,0.667,100.0,150.0,,1179.909,,,9.0,67.0
2026-08-06 11:10:05.688,673584,101037,149999408,1179.901900,,193.353,0x00,0x00,CURRENT,1,0,OK,0.7,0.669,100.0,150.0,,1179.912,,,10.0,67.0
2026-08-06 11:10:06.503,675090,101263,149999600,1179.903927,,194.167,0x00,0x00,CURRENT,1,0,OK,0.7,0.669,100.0,150.0,,1179.912,,,10.0,67.0
2026-08-06 11:10:07.817,677025,101554,149999744,1179.905448,,195.481,0x00,0x00,CURRENT,1,0,OK,0.7,0.672,101.0,150.0,,1179.91,,,10.0,68.0
2026-08-06 11:10:08.631,679034,101855,149999792,1179.905955,,196.296,0x00,0x00,CURRENT,1,0,OK,0.7,0.672,101.0,150.0,,1179.91,,,10.0,68.0
2026-08-06 11:10:09.465,681117,102167,149999680,1179.904772,,197.130,0x00,0x00,CURRENT,1,0,OK,0.7,0.678,102.0,150.0,,1179.913,,,10.0,69.0
2026-08-06 11:10:10.353,683260,102489,149999696,1179.904941,,198.017,0x00,0x00,CURRENT,1,0,OK,0.7,0.678,102.0,150.0,,1179.913,,,10.0,69.0
2026-08-06 11:10:11.168,685465,102820,149999840,1179.906462,,198.832,0x00,0x00,CURRENT,1,0,OK,0.7,0.678,102.0,150.0,,1179.913,,,10.0,69.0
2026-08-06 11:10:12.002,687726,103159,149999840,1179.906462,,199.666,0x00,0x00,CURRENT,1,0,OK,0.7,0.685,103.0,150.001,,1179.915,,,10.0,70.0
2026-08-06 11:10:12.854,689863,103479,149999776,1179.905786,,200.519,0x00,0x00,CURRENT,1,0,OK,0.7,0.685,103.0,150.001,,1179.915,,,10.0,70.0
2026-08-06 11:10:13.688,692067,103810,149999696,1179.904941,,201.352,0x00,0x00,CURRENT,1,0,OK,0.7,0.689,103.0,150.001,,1179.916,,,10.0,71.0
2026-08-06 11:10:14.503,694164,104124,149999840,1179.906462,,202.167,0x00,0x00,CURRENT,1,0,OK,0.7,0.689,103.0,150.001,,1179.916,,,10.0,71.0
2026-08-06 11:10:15.817,696323,104448,149999776,1179.905786,,203.481,0x00,0x00,CURRENT,1,0,OK,0.7,0.693,104.0,150.001,,1179.915,,,10.0,72.0
2026-08-06 11:10:16.632,698371,104756,149999776,1179.905786,,204.296,0x00,0x00,CURRENT,1,0,OK,0.7,0.693,104.0,150.001,,1179.915,,,10.0,72.0
2026-08-06 11:10:17.466,700317,105047,149999776,1179.905786,,205.130,0x00,0x00,CURRENT,1,0,OK,0.7,0.7,105.0,150.0,,1179.913,,,10.0,73.0
2026-08-06 11:10:18.355,702173,105326,149999664,1179.904603,,206.020,0x00,0x00,CURRENT,1,0,OK,0.7,0.7,105.0,150.0,,1179.913,,,10.0,73.0
2026-08-06 11:10:19.170,703929,105589,149999760,1179.905617,,206.834,0x00,0x00,CURRENT,1,0,OK,0.7,0.7,105.0,150.0,,1179.913,,,10.0,73.0
2026-08-06 11:10:20.004,705590,105838,149999792,1179.905955,,207.668,0x00,0x00,CURRENT,1,0,OK,0.7,0.705,106.0,150.0,,1179.909,,,10.0,75.0
2026-08-06 11:10:20.854,707007,106051,149999792,1179.905955,,208.518,0x00,0x00,CURRENT,1,0,OK,0.7,0.705,106.0,150.0,,1179.909,,,10.0,75.0
2026-08-06 11:10:21.688,708349,106252,149999824,1179.906293,,209.353,0x00,0x00,CURRENT,1,0,OK,0.7,0.708,106.0,150.0,,1179.909,,,10.0,75.0
2026-08-06 11:10:22.503,709461,106419,149999632,1179.904265,,210.168,0x00,0x00,CURRENT,1,0,OK,0.7,0.708,106.0,150.0,,1179.909,,,10.0,75.0
2026-08-06 11:10:23.817,710348,106552,149999712,1179.905110,,211.481,0x00,0x00,CURRENT,1,0,OK,0.7,0.71,107.0,150.0,,1179.911,,,10.0,76.0
2026-08-06 11:10:24.632,711191,106678,149999664,1179.904603,,212.296,0x00,0x00,CURRENT,1,0,OK,0.7,0.71,107.0,150.0,,1179.911,,,10.0,76.0
2026-08-06 11:10:25.466,711824,106773,149999552,1179.903420,,213.130,0x00,0x00,CURRENT,1,0,OK,0.7,0.713,107.0,150.0,,1179.907,,,10.0,76.0
2026-08-06 11:10:26.355,712252,106838,149999680,1179.904772,,214.019,0x00,0x00,CURRENT,1,0,OK,0.7,0.713,107.0,150.0,,1179.907,,,10.0,76.0
2026-08-06 11:10:27.169,712491,106873,149999648,1179.904434,,214.834,0x00,0x00,CURRENT,1,0,OK,0.7,0.713,107.0,150.0,,1179.907,,,10.0,76.0
2026-08-06 11:10:28.004,712720,106908,149999776,1179.905786,,215.668,0x00,0x00,CURRENT,1,0,OK,0.7,0.714,107.0,150.0,,1179.905,,,10.0,76.0
2026-08-06 11:10:28.853,712769,106915,149999696,1179.904941,,216.518,0x00,0x00,CURRENT,1,0,OK,0.7,0.714,107.0,150.0,,1179.905,,,10.0,76.0
2026-08-06 11:10:29.688,712646,106897,149999824,1179.906293,,217.352,0x00,0x00,CURRENT,1,0,OK,0.7,0.714,107.0,150.0,,1179.906,,,10.0,76.0
2026-08-06 11:10:30.503,712536,106880,149999840,1179.906462,,218.168,0x00,0x00,CURRENT,1,0,OK,0.7,0.714,107.0,150.0,,1179.906,,,10.0,76.0
2026-08-06 11:10:31.816,712093,106814,149999888,1179.906969,,219.481,0x00,0x00,CURRENT,1,0,OK,0.7,0.714,107.0,150.0,,1179.908,,,10.0,76.0
2026-08-06 11:10:32.632,711508,106726,149999824,1179.906293,,220.296,0x00,0x00,CURRENT,1,0,OK,0.7,0.714,107.0,150.0,,1179.908,,,10.0,76.0
2026-08-06 11:10:33.465,710947,106642,149999856,1179.906631,,221.130,0x00,0x00,CURRENT,1,0,OK,0.7,0.712,107.0,150.0,,1179.904,,,10.0,76.0
2026-08-06 11:10:34.354,710245,106537,150000080,1179.908996,,222.018,0x00,0x00,CURRENT,1,0,OK,0.7,0.712,107.0,150.0,,1179.904,,,10.0,76.0
2026-08-06 11:10:35.169,709577,106437,150000256,1179.910854,,222.833,0x00,0x00,CURRENT,1,0,OK,0.7,0.712,107.0,150.0,,1179.904,,,10.0,76.0
2026-08-06 11:10:36.003,708768,106315,150000256,1179.910854,,223.667,0x00,0x00,CURRENT,1,0,OK,0.7,0.71,107.0,150.0,,1179.906,,,9.0,76.0
2026-08-06 11:10:36.855,708006,106201,150000128,1179.909503,,224.519,0x00,0x00,CURRENT,1,0,OK,0.7,0.71,107.0,150.0,,1179.906,,,9.0,76.0
2026-08-06 11:10:37.689,707113,106067,150000208,1179.910348,,225.353,0x00,0x00,CURRENT,1,0,OK,0.7,0.709,106.0,150.0,,1179.907,,,9.0,75.0
2026-08-06 11:10:38.503,706268,105940,150000128,1179.909503,,226.168,0x00,0x00,CURRENT,1,0,OK,0.7,0.709,106.0,150.0,,1179.907,,,9.0,75.0
2026-08-06 11:10:39.818,705286,105793,150000240,1179.910686,,227.482,0x00,0x00,CURRENT,1,0,OK,0.7,0.707,106.0,150.0,,1179.907,,,9.0,75.0
2026-08-06 11:10:40.632,704355,105654,150000464,1179.913051,,228.297,0x00,0x00,CURRENT,1,0,OK,0.7,0.707,106.0,150.0,,1179.907,,,9.0,75.0
2026-08-06 11:10:41.466,703470,105521,150000800,1179.916599,,229.131,0x00,0x00,CURRENT,1,0,OK,0.7,0.704,106.0,150.0,,1179.909,,,9.0,74.0
2026-08-06 11:10:42.354,702458,105369,150000704,1179.915585,,230.019,0x00,0x00,CURRENT,1,0,OK,0.7,0.704,106.0,150.0,,1179.909,,,9.0,74.0
2026-08-06 11:10:43.169,701506,105226,150000624,1179.914740,,230.834,0x00,0x00,CURRENT,1,0,OK,0.7,0.704,106.0,150.0,,1179.909,,,9.0,74.0
2026-08-06 11:10:44.003,700597,105090,150000544,1179.913896,,231.668,0x00,0x00,CURRENT,1,0,OK,0.7,0.701,105.0,150.0,,1179.908,,,9.0,74.0
2026-08-06 11:10:44.853,699743,104962,150000592,1179.914403,,232.518,0x00,0x00,CURRENT,1,0,OK,0.7,0.701,105.0,150.0,,1179.908,,,9.0,74.0
2026-08-06 11:10:45.687,698928,104840,150000688,1179.915416,,233.352,0x00,0x00,CURRENT,1,0,OK,0.7,0.699,105.0,150.0,,1179.907,,,9.0,73.0
2026-08-06 11:10:46.502,698149,104723,150000816,1179.916768,,234.167,0x00,0x00,CURRENT,1,0,OK,0.7,0.699,105.0,150.0,,1179.907,,,9.0,73.0
2026-08-06 11:10:47.816,697579,104638,150000944,1179.918120,,235.481,0x00,0x00,CURRENT,1,0,OK,0.7,0.698,105.0,150.0,,1179.908,,,9.0,73.0
2026-08-06 11:10:48.631,697042,104557,150000944,1179.918120,,236.296,0x00,0x00,CURRENT,1,0,OK,0.7,0.698,105.0,150.0,,1179.908,,,9.0,73.0
2026-08-06 11:10:49.465,696535,104481,150000976,1179.918457,,237.130,0x00,0x00,CURRENT,1,0,OK,0.7,0.696,104.0,150.0,,1179.911,,,9.0,73.0
2026-08-06 11:10:50.354,696048,104408,150000912,1179.917782,,238.019,0x00,0x00,CURRENT,1,0,OK,0.7,0.696,104.0,150.0,,1179.911,,,9.0,73.0
2026-08-06 11:10:51.169,695587,104339,150000896,1179.917613,,238.834,0x00,0x00,CURRENT,1,0,OK,0.7,0.696,104.0,150.0,,1179.911,,,9.0,73.0
2026-08-06 11:10:52.003,695323,104299,150001040,1179.919133,,239.668,0x00,0x00,CURRENT,1,0,OK,0.7,0.695,104.0,150.001,,1179.914,,,9.0,72.0
2026-08-06 11:10:52.854,695072,104261,150000928,1179.917951,,240.519,0x00,0x00,CURRENT,1,0,OK,0.7,0.695,104.0,150.001,,1179.914,,,9.0,72.0
2026-08-06 11:10:53.688,694830,104225,150001088,1179.919640,,241.353,0x00,0x00,CURRENT,1,0,OK,0.7,0.694,104.0,150.001,,1179.916,,,9.0,72.0
2026-08-06 11:10:54.503,694768,104216,150001008,1179.918795,,242.168,0x00,0x00,CURRENT,1,0,OK,0.7,0.694,104.0,150.001,,1179.916,,,9.0,72.0
2026-08-06 11:10:55.817,694709,104207,150000896,1179.917613,,243.482,0x00,0x00,CURRENT,1,0,OK,0.7,0.694,104.0,150.001,,1179.919,,,9.0,72.0
2026-08-06 11:10:56.632,694821,104224,150000992,1179.918626,,244.297,0x00,0x00,CURRENT,1,0,OK,0.7,0.694,104.0,150.001,,1179.919,,,9.0,72.0
2026-08-06 11:10:57.466,694925,104239,150001024,1179.918964,,245.131,0x00,0x00,CURRENT,1,0,OK,0.7,0.694,104.0,150.001,,1179.921,,,10.0,72.0
2026-08-06 11:10:58.355,695024,104254,150001088,1179.919640,,246.019,0x00,0x00,CURRENT,1,0,OK,0.7,0.694,104.0,150.001,,1179.921,,,10.0,72.0
2026-08-06 11:10:59.169,695117,104268,150001200,1179.920823,,246.834,0x00,0x00,CURRENT,1,0,OK,0.7,0.694,104.0,150.001,,1179.921,,,10.0,72.0
2026-08-06 11:11:00.003,695377,104308,150001392,1179.922850,,247.668,0x00,0x00,CURRENT,1,0,OK,0.7,0.695,104.0,150.001,,1179.919,,,10.0,72.0
2026-08-06 11:11:00.854,695624,104344,150001184,1179.920654,,248.519,0x00,0x00,CURRENT,1,0,OK,0.7,0.695,104.0,150.001,,1179.919,,,10.0,72.0
2026-08-06 11:11:01.688,695858,104379,150001056,1179.919302,,249.353,0x00,0x00,CURRENT,1,0,OK,0.7,0.695,104.0,150.001,,1179.919,,,10.0,72.0
2026-08-06 11:11:02.504,696080,104413,150001200,1179.920823,,250.168,0x00,0x00,CURRENT,1,0,OK,0.7,0.695,104.0,150.001,,1179.919,,,10.0,72.0
2026-08-06 11:11:03.817,696460,104470,150001200,1179.920823,,251.482,0x00,0x00,CURRENT,1,0,OK,0.7,0.696,104.0,150.001,,1179.922,,,10.0,73.0
2026-08-06 11:11:04.632,696815,104523,150001392,1179.922850,,252.297,0x00,0x00,CURRENT,1,0,OK,0.7,0.696,104.0,150.001,,1179.922,,,10.0,73.0
2026-08-06 11:11:05.466,697157,104575,150001408,1179.923019,,253.131,0x00,0x00,CURRENT,1,0,OK,0.7,0.697,105.0,150.001,,1179.919,,,10.0,73.0
2026-08-06 11:11:06.354,697481,104623,150001408,1179.923019,,254.019,0x00,0x00,CURRENT,1,0,OK,0.7,0.697,105.0,150.001,,1179.919,,,10.0,73.0
2026-08-06 11:11:07.169,697966,104696,150001248,1179.921330,,254.834,0x00,0x00,CURRENT,1,0,OK,0.7,0.697,105.0,150.001,,1179.919,,,10.0,73.0
2026-08-06 11:11:08.003,698417,104764,150001312,1179.922005,,255.668,0x00,0x00,CURRENT,1,0,OK,0.7,0.698,105.0,150.001,,1179.921,,,10.0,73.0
2026-08-06 11:11:08.853,698844,104828,150001520,1179.924202,,256.518,0x00,0x00,CURRENT,1,0,OK,0.7,0.698,105.0,150.001,,1179.921,,,10.0,73.0
2026-08-06 11:11:09.687,699255,104889,150001456,1179.923526,,257.352,0x00,0x00,CURRENT,1,0,OK,0.7,0.699,105.0,150.001,,1179.92,,,10.0,73.0
2026-08-06 11:11:10.502,699645,104948,150001424,1179.923188,,258.167,0x00,0x00,CURRENT,1,0,OK,0.7,0.699,105.0,150.001,,1179.92,,,10.0,73.0
2026-08-06 11:11:11.816,700018,105004,150001296,1179.921837,,259.481,0x00,0x00,CURRENT,1,0,OK,0.7,0.7,105.0,150.001,,1179.92,,,10.0,73.0
2026-08-06 11:11:12.631,700372,105057,150001136,1179.920147,,260.296,0x00,0x00,CURRENT,1,0,OK,0.7,0.7,105.0,150.001,,1179.92,,,10.0,73.0
2026-08-06 11:11:13.465,700707,105107,150001120,1179.919978,,261.130,0x00,0x00,CURRENT,1,0,OK,0.7,0.701,105.0,150.001,,1179.923,,,10.0,74.0
2026-08-06 11:11:14.353,701028,105155,150001136,1179.920147,,262.018,0x00,0x00,CURRENT,1,0,OK,0.7,0.701,105.0,150.001,,1179.923,,,10.0,74.0
2026-08-06 11:11:15.168,701333,105201,150001056,1179.919302,,262.833,0x00,0x00,CURRENT,1,0,OK,0.7,0.701,105.0,150.001,,1179.923,,,10.0,74.0
2026-08-06 11:11:16.002,701624,105244,150001088,1179.919640,,263.667,0x00,0x00,CURRENT,1,0,OK,0.7,0.702,105.0,150.001,,1179.922,,,10.0,74.0
2026-08-06 11:11:16.855,701728,105260,150000944,1179.918120,,264.520,0x00,0x00,CURRENT,1,0,OK,0.7,0.702,105.0,150.001,,1179.922,,,10.0,74.0
2026-08-06 11:11:17.689,701825,105274,150000720,1179.915754,,265.354,0x00,0x00,CURRENT,1,0,OK,0.7,0.702,105.0,150.001,,1179.92,,,10.0,74.0
2026-08-06 11:11:18.504,701920,105288,150000592,1179.914403,,266.169,0x00,0x00,CURRENT,1,0,OK,0.7,0.702,105.0,150.001,,1179.92,,,10.0,74.0
2026-08-06 11:11:19.818,702007,105301,150000544,1179.913896,,267.483,0x00,0x00,CURRENT,1,0,OK,0.7,0.702,105.0,150.001,,1179.92,,,10.0,74.0
2026-08-06 11:11:20.633,702077,105312,150000544,1179.913896,,268.298,0x00,0x00,CURRENT,1,0,OK,0.7,0.702,105.0,150.001,,1179.92,,,10.0,74.0
2026-08-06 11:11:21.467,702147,105322,150000656,1179.915078,,269.132,0x00,0x00,CURRENT,1,0,OK,0.7,0.702,105.0,150.001,,1179.921,,,10.0,74.0
2026-08-06 11:11:22.355,702217,105333,150000400,1179.912375,,270.020,0x00,0x00,CURRENT,1,0,OK,0.7,0.702,105.0,150.001,,1179.921,,,10.0,74.0
2026-08-06 11:11:23.170,702289,105344,150000320,1179.911530,,270.835,0x00,0x00,CURRENT,1,0,OK,0.7,0.702,105.0,150.001,,1179.921,,,10.0,74.0
2026-08-06 11:11:24.004,702181,105327,150000224,1179.910517,,271.669,0x00,0x00,CURRENT,1,0,OK,0.7,0.703,105.0,150.001,,1179.923,,,10.0,74.0
2026-08-06 11:11:24.855,702080,105312,150000336,1179.911699,,272.520,0x00,0x00,CURRENT,1,0,OK,0.7,0.703,105.0,150.001,,1179.923,,,10.0,74.0
2026-08-06 11:11:25.689,701983,105298,150000384,1179.912206,,273.354,0x00,0x00,CURRENT,1,0,OK,0.7,0.702,105.0,150.002,,1179.924,,,10.0,74.0
2026-08-06 11:11:26.504,701902,105286,150000432,1179.912713,,274.169,0x00,0x00,CURRENT,1,0,OK,0.7,0.702,105.0,150.002,,1179.924,,,10.0,74.0
2026-08-06 11:11:27.818,701822,105273,150000256,1179.910854,,275.483,0x00,0x00,CURRENT,1,0,OK,0.7,0.702,105.0,150.002,,1179.926,,,10.0,74.0
2026-08-06 11:11:28.633,701745,105262,150000128,1179.909503,,276.298,0x00,0x00,CURRENT,1,0,OK,0.7,0.702,105.0,150.002,,1179.926,,,10.0,74.0
2026-08-06 11:11:29.467,701666,105250,150000208,1179.910348,,277.132,0x00,0x00,CURRENT,1,0,OK,0.7,0.702,105.0,150.001,,1179.92,,,10.0,74.0
2026-08-06 11:11:30.354,701591,105239,150000064,1179.908827,,278.018,0x00,0x00,CURRENT,1,0,OK,0.7,0.702,105.0,150.001,,1179.92,,,10.0,74.0
2026-08-06 11:11:31.169,701346,105202,150000384,1179.912206,,278.834,0x00,0x00,CURRENT,1,0,OK,0.7,0.702,105.0,150.001,,1179.92,,,10.0,74.0
2026-08-06 11:11:32.003,701121,105169,150000544,1179.913896,,279.668,0x00,0x00,CURRENT,1,0,OK,0.7,0.701,105.0,150.001,,1179.919,,,10.0,74.0
2026-08-06 11:11:32.854,700908,105136,150000496,1179.913389,,280.519,0x00,0x00,CURRENT,1,0,OK,0.7,0.701,105.0,150.001,,1179.919,,,10.0,74.0
2026-08-06 11:11:33.688,700704,105106,150000752,1179.916092,,281.352,0x00,0x00,CURRENT,1,0,OK,0.7,0.701,105.0,150.001,,1179.918,,,10.0,74.0
2026-08-06 11:11:34.503,700508,105077,150000688,1179.915416,,282.167,0x00,0x00,CURRENT,1,0,OK,0.7,0.701,105.0,150.001,,1179.918,,,10.0,74.0
2026-08-06 11:11:35.817,700325,105049,150000544,1179.913896,,283.482,0x00,0x00,CURRENT,1,0,OK,0.7,0.701,105.0,150.0,,1179.914,,,10.0,74.0
2026-08-06 11:11:36.632,700153,105023,150000624,1179.914740,,284.297,0x00,0x00,CURRENT,1,0,OK,0.7,0.701,105.0,150.0,,1179.914,,,10.0,74.0
2026-08-06 11:11:37.466,699985,104998,150000768,1179.916261,,285.131,0x00,0x00,CURRENT,1,0,OK,0.7,0.7,105.0,150.0,,1179.908,,,10.0,74.0
2026-08-06 11:11:38.354,699826,104974,150000880,1179.917444,,286.019,0x00,0x00,CURRENT,1,0,OK,0.7,0.7,105.0,150.0,,1179.908,,,10.0,74.0
2026-08-06 11:11:39.169,699684,104953,150000640,1179.914909,,286.834,0x00,0x00,CURRENT,1,0,OK,0.7,0.7,105.0,150.0,,1179.908,,,10.0,74.0
2026-08-06 11:11:40.002,699543,104932,150000496,1179.913389,,287.667,0x00,0x00,CURRENT,1,0,OK,0.7,0.7,105.0,150.0,,1179.911,,,10.0,73.0
2026-08-06 11:11:40.855,699404,104911,150000544,1179.913896,,288.520,0x00,0x00,CURRENT,1,0,OK,0.7,0.7,105.0,150.0,,1179.911,,,10.0,73.0
2026-08-06 11:11:41.689,699287,104893,150000640,1179.914909,,289.354,0x00,0x00,CURRENT,1,0,OK,0.7,0.699,105.0,150.0,,1179.913,,,10.0,73.0
2026-08-06 11:11:42.504,699170,104876,150000608,1179.914571,,290.169,0x00,0x00,CURRENT,1,0,OK,0.7,0.699,105.0,150.0,,1179.913,,,10.0,73.0
2026-08-06 11:11:43.818,699054,104859,150000672,1179.915247,,291.483,0x00,0x00,CURRENT,1,0,OK,0.7,0.699,105.0,150.001,,1179.914,,,10.0,73.0
2026-08-06 11:11:44.633,698947,104842,150000464,1179.913051,,292.298,0x00,0x00,CURRENT,1,0,OK,0.7,0.699,105.0,150.001,,1179.914,,,10.0,73.0
2026-08-06 11:11:45.467,699013,104852,150000368,1179.912037,,293.132,0x00,0x00,CURRENT,1,0,OK,0.7,0.699,105.0,150.0,,1179.911,,,10.0,73.0
2026-08-06 11:11:46.355,699079,104862,150000192,1179.910179,,294.019,0x00,0x00,CURRENT,1,0,OK,0.7,0.699,105.0,150.0,,1179.911,,,10.0,73.0
2026-08-06 11:11:47.170,699139,104871,150000432,1179.912713,,294.834,0x00,0x00,CURRENT,1,0,OK,0.7,0.699,105.0,150.0,,1179.911,,,10.0,73.0
2026-08-06 11:11:48.003,699197,104880,150000464,1179.913051,,295.668,0x00,0x00,CURRENT,1,0,OK,0.7,0.699,105.0,150.0,,1179.912,,,10.0,73.0
2026-08-06 11:11:48.854,699250,104888,150000352,1179.911868,,296.519,0x00,0x00,CURRENT,1,0,OK,0.7,0.699,105.0,150.0,,1179.912,,,10.0,73.0
2026-08-06 11:11:49.689,699306,104896,150000432,1179.912713,,297.353,0x00,0x00,CURRENT,1,0,OK,0.7,0.699,105.0,150.0,,1179.914,,,10.0,73.0
2026-08-06 11:11:50.504,699362,104905,150000576,1179.914234,,298.169,0x00,0x00,CURRENT,1,0,OK,0.7,0.699,105.0,150.0,,1179.914,,,10.0,73.0
2026-08-06 11:11:51.416,699411,104912,150000944,1179.918120,,299.080,0x00,0x00,CURRENT,1,0,OK,0.7,0.699,105.0,150.001,,1179.915,,,10.0,73.0
2026-08-06 11:11:52.731,699451,104918,150001104,1179.919809,,300.396,0x00,0x00,CURRENT,1,0,OK,0.7,0.699,105.0,150.001,,1179.915,,,10.0,73.0
2026-08-06 11:11:53.565,699493,104925,150001184,1179.920654,,301.229,0x00,0x00,CURRENT,1,0,OK,0.7,0.699,105.0,150.0,,1179.914,,,10.0,73.0
2026-08-06 11:11:54.380,699540,104932,150001264,1179.921499,,302.044,0x00,0x00,CURRENT,1,0,OK,0.7,0.699,105.0,150.0,,1179.914,,,10.0,73.0
2026-08-06 11:11:55.195,699573,104937,150001504,1179.924033,,302.859,0x00,0x00,CURRENT,1,0,OK,0.7,0.699,105.0,150.0,,1179.914,,,10.0,73.0
2026-08-06 11:11:56.029,699604,104942,150001504,1179.924033,,303.694,0x00,0x00,CURRENT,1,0,OK,0.7,0.7,105.0,150.001,,1179.92,,,10.0,73.0
2026-08-06 11:11:56.854,699640,104947,150001520,1179.924202,,304.519,0x00,0x00,CURRENT,1,0,OK,0.7,0.7,105.0,150.001,,1179.92,,,10.0,73.0
2026-08-06 11:11:57.688,699680,104953,150001328,1179.922174,,305.353,0x00,0x00,CURRENT,1,0,OK,0.7,0.7,105.0,150.001,,1179.92,,,10.0,73.0
2026-08-06 11:11:58.503,699713,104958,150001536,1179.924371,,306.168,0x00,0x00,CURRENT,1,0,OK,0.7,0.7,105.0,150.001,,1179.92,,,10.0,73.0
2026-08-06 11:11:59.817,699739,104962,150001328,1179.922174,,307.481,0x00,0x00,CURRENT,1,0,OK,0.7,0.7,105.0,150.002,,1179.925,,,10.0,73.0
2026-08-06 11:12:00.632,699760,104965,150001344,1179.922343,,308.297,0x00,0x00,CURRENT,1,0,OK,0.7,0.7,105.0,150.002,,1179.925,,,10.0,73.0
2026-08-06 11:12:01.465,699786,104969,150001456,1179.923526,,309.130,0x00,0x00,CURRENT,1,0,OK,0.7,0.7,105.0,150.002,,1179.925,,,10.0,73.0
2026-08-06 11:12:02.354,699807,104972,150001408,1179.923019,,310.019,0x00,0x00,CURRENT,1,0,OK,0.7,0.7,105.0,150.002,,1179.925,,,10.0,73.0
2026-08-06 11:12:03.170,699833,104976,150001360,1179.922512,,310.834,0x00,0x00,CURRENT,1,0,OK,0.7,0.7,105.0,150.002,,1179.925,,,10.0,73.0
2026-08-06 11:12:04.003,699853,104979,150001392,1179.922850,,311.668,0x00,0x00,CURRENT,1,0,OK,0.7,0.7,105.0,150.002,,1179.927,,,10.0,73.0
2026-08-06 11:12:04.853,699869,104981,150001504,1179.924033,,312.518,0x00,0x00,CURRENT,1,0,OK,0.7,0.7,105.0,150.002,,1179.927,,,10.0,73.0
2026-08-06 11:12:05.688,699892,104985,150001680,1179.925891,,313.352,0x00,0x00,CURRENT,1,0,OK,0.7,0.7,105.0,150.002,,1179.928,,,10.0,73.0
2026-08-06 11:12:06.503,699905,104987,150001792,1179.927074,,314.167,0x00,0x00,CURRENT,1,0,OK,0.7,0.7,105.0,150.002,,1179.928,,,10.0,73.0
2026-08-06 11:12:07.817,699925,104990,150001728,1179.926398,,315.481,0x00,0x00,CURRENT,1,0,OK,0.7,0.7,105.0,150.002,,1179.93,,,10.0,73.0
2026-08-06 11:12:08.631,699942,104992,150001808,1179.927243,,316.296,0x00,0x00,CURRENT,1,0,OK,0.7,0.7,105.0,150.002,,1179.93,,,10.0,73.0
2026-08-06 11:12:09.466,699951,104994,150001824,1179.927412,,317.130,0x00,0x00,CURRENT,1,0,OK,0.7,0.7,105.0,150.002,,1179.932,,,10.0,73.0
2026-08-06 11:12:10.354,699967,104996,150001776,1179.926905,,318.019,0x00,0x00,CURRENT,1,0,OK,0.7,0.7,105.0,150.002,,1179.932,,,10.0,73.0
2026-08-06 11:12:11.169,699979,104998,150001760,1179.926736,,318.834,0x00,0x00,CURRENT,1,0,OK,0.7,0.7,105.0,150.002,,1179.932,,,10.0,73.0
2026-08-06 11:12:12.004,699990,105000,150001568,1179.924709,,319.668,0x00,0x00,CURRENT,1,0,OK,0.7,0.7,105.0,150.002,,1179.931,,,10.0,73.0
2026-08-06 11:12:12.854,700003,105002,150001488,1179.923864,,320.519,0x00,0x00,CURRENT,1,0,OK,0.7,0.7,105.0,150.002,,1179.931,,,10.0,73.0
2026-08-06 11:12:13.688,700018,105004,150001472,1179.923695,,321.353,0x00,0x00,CURRENT,1,0,OK,0.7,0.7,105.0,150.002,,1179.933,,,10.0,74.0
2026-08-06 11:12:14.503,700033,105006,150001808,1179.927243,,322.168,0x00,0x00,CURRENT,1,0,OK,0.7,0.7,105.0,150.002,,1179.933,,,10.0,74.0
2026-08-06 11:12:15.817,700043,105008,150001616,1179.925216,,323.482,0x00,0x00,CURRENT,1,0,OK,0.7,0.7,105.0,150.002,,1179.933,,,10.0,74.0
2026-08-06 11:12:16.632,700053,105009,150001760,1179.926736,,324.297,0x00,0x00,CURRENT,1,0,OK,0.7,0.7,105.0,150.002,,1179.933,,,10.0,74.0
2026-08-06 11:12:17.466,700061,105010,150001808,1179.927243,,325.131,0x00,0x00,CURRENT,1,0,OK,0.7,0.7,105.0,150.002,,1179.934,,,10.0,74.0
2026-08-06 11:12:18.353,700067,105011,150001712,1179.926229,,326.018,0x00,0x00,CURRENT,1,0,OK,0.7,0.7,105.0,150.002,,1179.934,,,10.0,74.0
2026-08-06 11:12:19.168,700071,105012,150001632,1179.925385,,326.833,0x00,0x00,CURRENT,1,0,OK,0.7,0.7,105.0,150.002,,1179.934,,,10.0,74.0
2026-08-06 11:12:20.002,700079,105013,150001616,1179.925216,,327.667,0x00,0x00,CURRENT,1,0,OK,1.0,0.7,105.0,150.002,,1179.932,,,10.0,74.0
2026-08-06 11:12:21.225,754257,113141,150003488,1179.944983,,328.890,0x00,0x00,CURRENT,1,0,OK,1.0,0.7,105.0,150.002,,1179.932,,,10.0,74.0
2026-08-06 11:12:22.059,756783,113520,150003440,1179.944476,,329.724,0x00,0x00,CURRENT,1,0,OK,1.0,0.703,105.0,150.008,,1179.997,,,12.0,74.0
2026-08-06 11:12:22.874,761878,114284,150003296,1179.942956,,330.539,0x00,0x00,CURRENT,1,0,OK,1.0,0.703,105.0,150.008,,1179.997,,,12.0,74.0
2026-08-06 11:12:23.708,769241,115389,150003376,1179.943801,,331.373,0x00,0x00,CURRENT,1,0,OK,1.0,0.716,107.0,150.008,,1179.989,,,14.0,77.0
2026-08-06 11:12:24.523,778600,116792,150003184,1179.941773,,332.188,0x00,0x00,CURRENT,1,0,OK,1.0,0.716,107.0,150.008,,1179.989,,,14.0,77.0
2026-08-06 11:12:25.418,789847,118479,150002976,1179.939577,,333.083,0x00,0x00,CURRENT,1,0,OK,1.0,0.737,111.0,150.007,,1179.981,,,16.0,81.0
2026-08-06 11:12:26.732,804747,120714,150002640,1179.936029,,334.397,0x00,0x00,CURRENT,1,0,OK,1.0,0.737,111.0,150.007,,1179.981,,,16.0,81.0
2026-08-06 11:12:27.566,820924,123141,150002528,1179.934846,,335.231,0x00,0x00,CURRENT,1,0,OK,1.0,0.781,117.0,150.005,,1179.964,,,19.0,92.0
2026-08-06 11:12:28.382,837967,125697,150002144,1179.930791,,336.046,0x00,0x00,CURRENT,1,0,OK,1.0,0.781,117.0,150.005,,1179.964,,,19.0,92.0
2026-08-06 11:12:29.196,855844,128378,150001904,1179.928257,,336.861,0x00,0x00,CURRENT,1,0,OK,1.0,0.781,117.0,150.005,,1179.964,,,19.0,92.0
2026-08-06 11:12:30.031,874337,131152,150001808,1179.927243,,337.695,0x00,0x00,CURRENT,1,0,OK,1.0,0.836,125.0,150.004,,1179.948,,,21.0,105.0
2026-08-06 11:12:30.854,893079,133963,150001504,1179.924033,,338.519,0x00,0x00,CURRENT,1,0,OK,1.0,0.836,125.0,150.004,,1179.948,,,21.0,105.0
2026-08-06 11:12:31.689,912054,136809,150001280,1179.921668,,339.353,0x00,0x00,CURRENT,1,0,OK,1.0,0.875,131.0,150.003,,1179.943,,,23.0,115.0
2026-08-06 11:12:32.504,930934,139641,150001088,1179.919640,,340.168,0x00,0x00,CURRENT,1,0,OK,1.0,0.875,131.0,150.003,,1179.943,,,23.0,115.0
2026-08-06 11:12:33.817,950207,142532,150000880,1179.917444,,341.482,0x00,0x00,CURRENT,1,0,OK,1.0,0.914,137.0,150.003,,1179.937,,,23.0,125.0
2026-08-06 11:12:34.632,969023,145354,150000576,1179.914234,,342.297,0x00,0x00,CURRENT,1,0,OK,1.0,0.914,137.0,150.003,,1179.937,,,23.0,125.0
2026-08-06 11:12:35.466,987072,148061,150000576,1179.914234,,343.131,0x00,0x00,CURRENT,1,0,OK,1.0,0.972,146.0,150.002,,1179.93,,,24.0,142.0
2026-08-06 11:12:36.354,1004381,150657,150000208,1179.910348,,344.019,0x00,0x00,CURRENT,1,0,OK,1.0,0.972,146.0,150.002,,1179.93,,,24.0,142.0
2026-08-06 11:12:37.169,1020666,153100,150000176,1179.910010,,344.834,0x00,0x00,CURRENT,1,0,OK,1.0,0.972,146.0,150.002,,1179.93,,,24.0,142.0
2026-08-06 11:12:38.003,1035964,155395,150000080,1179.908996,,345.668,0x00,0x00,CURRENT,1,0,OK,1.0,1.023,153.0,150.001,,1179.923,,,24.0,157.0
2026-08-06 11:12:38.853,1050164,157525,150000016,1179.908320,,346.518,0x00,0x00,CURRENT,1,0,OK,1.0,1.023,153.0,150.001,,1179.923,,,24.0,157.0
2026-08-06 11:12:39.687,1063159,159474,149999984,1179.907982,,347.352,0x00,0x00,CURRENT,1,0,OK,1.0,1.052,158.0,150.001,,1179.919,,,23.0,166.0
2026-08-06 11:12:40.502,1074991,161249,149999936,1179.907475,,348.167,0x00,0x00,CURRENT,1,0,OK,1.0,1.052,158.0,150.001,,1179.919,,,23.0,166.0
2026-08-06 11:12:41.816,1084718,162708,149999840,1179.906462,,349.481,0x00,0x00,CURRENT,1,0,OK,1.0,1.077,162.0,150.001,,1179.918,,,23.0,174.0
2026-08-06 11:12:42.631,1093118,163968,149999888,1179.906969,,350.296,0x00,0x00,CURRENT,1,0,OK,1.0,1.077,162.0,150.001,,1179.918,,,23.0,174.0
2026-08-06 11:12:43.465,1100258,165038,149999824,1179.906293,,351.130,0x00,0x00,CURRENT,1,0,OK,1.0,1.104,166.0,150.001,,1179.916,,,22.0,183.0
2026-08-06 11:12:44.354,1106024,165903,149999648,1179.904434,,352.019,0x00,0x00,CURRENT,1,0,OK,1.0,1.104,166.0,150.001,,1179.916,,,22.0,183.0
2026-08-06 11:12:45.169,1110495,166574,149999648,1179.904434,,352.834,0x00,0x00,CURRENT,1,0,OK,1.0,1.104,166.0,150.001,,1179.916,,,22.0,183.0
2026-08-06 11:12:46.003,1113744,167061,149999488,1179.902745,,353.668,0x00,0x00,CURRENT,1,0,OK,1.0,1.12,168.0,150.0,,1179.912,,,20.0,188.0
2026-08-06 11:12:46.855,1115644,167346,149999472,1179.902576,,354.520,0x00,0x00,CURRENT,1,0,OK,1.0,1.12,168.0,150.0,,1179.912,,,20.0,188.0
2026-08-06 11:12:47.689,1116440,167466,149999520,1179.903083,,355.354,0x00,0x00,CURRENT,1,0,OK,1.0,1.124,169.0,150.0,,1179.913,,,19.0,190.0
2026-08-06 11:12:48.504,1116019,167402,149999568,1179.903589,,356.169,0x00,0x00,CURRENT,1,0,OK,1.0,1.124,169.0,150.0,,1179.913,,,19.0,190.0
2026-08-06 11:12:49.818,1113435,167015,149999408,1179.901900,,357.483,0x00,0x00,CURRENT,1,0,OK,1.0,1.124,169.0,150.0,,1179.912,,,18.0,189.0
2026-08-06 11:12:50.633,1109968,166495,149999472,1179.902576,,358.298,0x00,0x00,CURRENT,1,0,OK,1.0,1.124,169.0,150.0,,1179.912,,,18.0,189.0
2026-08-06 11:12:51.467,1105657,165848,149999344,1179.901224,,359.132,0x00,0x00,CURRENT,1,0,OK,1.0,1.115,167.0,150.0,,1179.909,,,17.0,187.0
2026-08-06 11:12:52.354,1100557,165083,149999360,1179.901393,,360.019,0x00,0x00,CURRENT,1,0,OK,1.0,1.115,167.0,150.0,,1179.909,,,17.0,187.0
2026-08-06 11:12:53.169,1094862,164229,149999360,1179.901393,,360.834,0x00,0x00,CURRENT,1,0,OK,1.0,1.115,167.0,150.0,,1179.909,,,17.0,187.0
2026-08-06 11:12:54.003,1088448,163266,149999312,1179.900886,,361.668,0x00,0x00,CURRENT,1,0,OK,1.0,1.1,165.0,150.0,,1179.907,,,16.0,181.0
2026-08-06 11:12:54.854,1081675,162251,149999424,1179.902069,,362.519,0x00,0x00,CURRENT,1,0,OK,1.0,1.1,165.0,150.0,,1179.907,,,16.0,181.0
2026-08-06 11:12:55.688,1074402,161160,149999472,1179.902576,,363.353,0x00,0x00,CURRENT,1,0,OK,1.0,1.086,163.0,150.0,,1179.905,,,15.0,177.0
2026-08-06 11:12:56.503,1066813,160022,149999664,1179.904603,,364.168,0x00,0x00,CURRENT,1,0,OK,1.0,1.086,163.0,150.0,,1179.905,,,15.0,177.0
2026-08-06 11:12:57.817,1058422,158763,149999776,1179.905786,,365.482,0x00,0x00,CURRENT,1,0,OK,1.0,1.071,161.0,150.0,,1179.906,,,14.0,172.0
2026-08-06 11:12:58.632,1049948,157492,149999760,1179.905617,,366.297,0x00,0x00,CURRENT,1,0,OK,1.0,1.071,161.0,150.0,,1179.906,,,14.0,172.0
2026-08-06 11:12:59.466,1041558,156233,149999616,1179.904096,,367.131,0x00,0x00,CURRENT,1,0,OK,1.0,1.046,157.0,150.0,,1179.907,,,14.0,164.0
2026-08-06 11:13:00.355,1033247,154987,149999504,1179.902914,,368.020,0x00,0x00,CURRENT,1,0,OK,1.0,1.046,157.0,150.0,,1179.907,,,14.0,164.0
2026-08-06 11:13:01.170,1025023,153753,149999696,1179.904941,,368.835,0x00,0x00,CURRENT,1,0,OK,1.0,1.046,157.0,150.0,,1179.907,,,14.0,164.0
2026-08-06 11:13:02.004,1017039,152556,149999856,1179.906631,,369.669,0x00,0x00,CURRENT,1,0,OK,1.0,1.022,153.0,150.0,,1179.906,,,13.0,157.0
2026-08-06 11:13:02.855,1009282,151392,149999840,1179.906462,,370.520,0x00,0x00,CURRENT,1,0,OK,1.0,1.022,153.0,150.0,,1179.906,,,13.0,157.0
2026-08-06 11:13:03.689,1001915,150287,149999760,1179.905617,,371.354,0x00,0x00,CURRENT,1,0,OK,1.0,1.006,151.0,150.0,,1179.908,,,13.0,152.0
2026-08-06 11:13:04.504,994923,149238,149999824,1179.906293,,372.169,0x00,0x00,CURRENT,1,0,OK,1.0,1.006,151.0,150.0,,1179.908,,,13.0,152.0
2026-08-06 11:13:05.818,988452,148268,149999840,1179.906462,,373.483,0x00,0x00,CURRENT,1,0,OK,1.0,0.992,149.0,150.0,,1179.908,,,13.0,148.0
2026-08-06 11:13:06.633,982481,147372,149999840,1179.906462,,374.298,0x00,0x00,CURRENT,1,0,OK,1.0,0.992,149.0,150.0,,1179.908,,,13.0,148.0
2026-08-06 11:13:07.467,977134,146570,149999888,1179.906969,,375.132,0x00,0x00,CURRENT,1,0,OK,1.0,0.974,146.0,150.0,,1179.906,,,14.0,142.0
2026-08-06 11:13:08.354,972223,145833,150000032,1179.908489,,376.019,0x00,0x00,CURRENT,1,0,OK,1.0,0.974,146.0,150.0,,1179.906,,,14.0,142.0
2026-08-06 11:13:09.169,967897,145184,149999968,1179.907813,,376.833,0x00,0x00,CURRENT,1,0,OK,1.0,0.974,146.0,150.0,,1179.906,,,14.0,142.0
2026-08-06 11:13:10.003,964123,144618,149999936,1179.907475,,377.668,0x00,0x00,CURRENT,1,0,OK,1.0,0.961,144.0,150.0,,1179.906,,,14.0,138.0
2026-08-06 11:13:10.854,960880,144132,149999888,1179.906969,,378.519,0x00,0x00,CURRENT,1,0,OK,1.0,0.961,144.0,150.0,,1179.906,,,14.0,138.0
2026-08-06 11:13:11.688,958294,143744,149999840,1179.906462,,379.353,0x00,0x00,CURRENT,1,0,OK,1.0,0.954,143.0,150.0,,1179.907,,,14.0,137.0
2026-08-06 11:13:12.503,956172,143425,149999632,1179.904265,,380.168,0x00,0x00,CURRENT,1,0,OK,1.0,0.954,143.0,150.0,,1179.907,,,14.0,137.0
2026-08-06 11:13:13.817,955003,143250,149999504,1179.902914,,381.481,0x00,0x00,CURRENT,1,0,OK,1.0,0.95,143.0,150.0,,1179.909,,,15.0,135.0
2026-08-06 11:13:14.632,954401,143159,149999344,1179.901224,,382.297,0x00,0x00,CURRENT,1,0,OK,1.0,0.95,143.0,150.0,,1179.909,,,15.0,135.0
2026-08-06 11:13:15.466,954331,143149,149999408,1179.901900,,383.130,0x00,0x00,CURRENT,1,0,OK,1.0,0.948,142.0,150.0,,1179.908,,,15.0,135.0
2026-08-06 11:13:16.354,954778,143216,149999472,1179.902576,,384.018,0x00,0x00,CURRENT,1,0,OK,1.0,0.948,142.0,150.0,,1179.908,,,15.0,135.0
2026-08-06 11:13:17.169,955536,143330,149999472,1179.902576,,384.834,0x00,0x00,CURRENT,1,0,OK,1.0,0.948,142.0,150.0,,1179.908,,,15.0,135.0
2026-08-06 11:13:18.003,956757,143513,149999504,1179.902914,,385.667,0x00,0x00,CURRENT,1,0,OK,1.0,0.95,143.0,150.0,,1179.905,,,16.0,135.0
2026-08-06 11:13:18.854,958255,143738,149999440,1179.902238,,386.518,0x00,0x00,CURRENT,1,0,OK,1.0,0.95,143.0,150.0,,1179.905,,,16.0,135.0
2026-08-06 11:13:19.688,960179,144026,149999408,1179.901900,,387.353,0x00,0x00,CURRENT,1,0,OK,1.0,0.953,143.0,150.0,,1179.904,,,16.0,136.0
2026-08-06 11:13:20.503,962352,144352,149999200,1179.899703,,388.168,0x00,0x00,CURRENT,1,0,OK,1.0,0.953,143.0,150.0,,1179.904,,,16.0,136.0
2026-08-06 11:13:21.817,965082,144761,149999152,1179.899197,,389.482,0x00,0x00,CURRENT,1,0,OK,1.0,0.958,144.0,149.999,,1179.903,,,17.0,138.0
2026-08-06 11:13:22.632,968019,145202,149999072,1179.898352,,390.297,0x00,0x00,CURRENT,1,0,OK,1.0,0.958,144.0,149.999,,1179.903,,,17.0,138.0
2026-08-06 11:13:23.466,971149,145671,149998992,1179.897507,,391.131,0x00,0x00,CURRENT,1,0,OK,1.0,0.966,145.0,149.999,,1179.9,,,17.0,140.0
2026-08-06 11:13:24.354,974457,146168,149998848,1179.895986,,392.019,0x00,0x00,CURRENT,1,0,OK,1.0,0.966,145.0,149.999,,1179.9,,,17.0,140.0
2026-08-06 11:13:25.169,977767,146664,149998720,1179.894635,,392.834,0x00,0x00,CURRENT,1,0,OK,1.0,0.966,145.0,149.999,,1179.9,,,17.0,140.0
2026-08-06 11:13:26.003,981075,147160,149998720,1179.894635,,393.667,0x00,0x00,CURRENT,1,0,OK,1.0,0.976,146.0,149.999,,1179.9,,,17.0,143.0
2026-08-06 11:13:26.855,984393,147658,149998896,1179.896493,,394.519,0x00,0x00,CURRENT,1,0,OK,1.0,0.976,146.0,149.999,,1179.9,,,17.0,143.0
2026-08-06 11:13:27.688,987710,148155,149998544,1179.892776,,395.353,0x00,0x00,CURRENT,1,0,OK,1.0,0.983,147.0,149.999,,1179.901,,,18.0,145.0
2026-08-06 11:13:28.503,991029,148653,149998448,1179.891763,,396.168,0x00,0x00,CURRENT,1,0,OK,1.0,0.983,147.0,149.999,,1179.901,,,18.0,145.0
2026-08-06 11:13:29.817,994352,149151,149998512,1179.892438,,397.482,0x00,0x00,CURRENT,1,0,OK,1.0,0.99,148.0,149.999,,1179.903,,,18.0,147.0
2026-08-06 11:13:30.633,997512,149625,149998592,1179.893283,,398.297,0x00,0x00,CURRENT,1,0,OK,1.0,0.99,148.0,149.999,,1179.903,,,18.0,147.0
2026-08-06 11:13:31.467,1000519,150076,149998448,1179.891763,,399.132,0x00,0x00,CURRENT,1,0,OK,1.0,1.0,150.0,149.999,,1179.902,,,18.0,150.0
2026-08-06 11:13:32.354,1003374,150504,149998400,1179.891256,,400.019,0x00,0x00,CURRENT,1,0,OK,1.0,1.0,150.0,149.999,,1179.902,,,18.0,150.0
2026-08-06 11:13:33.169,1006083,150911,149998368,1179.890918,,400.834,0x00,0x00,CURRENT,1,0,OK,1.0,1.0,150.0,149.999,,1179.902,,,18.0,150.0
2026-08-06 11:13:34.003,1008487,151271,149998320,1179.890411,,401.668,0x00,0x00,CURRENT,1,0,OK,1.0,1.008,151.0,149.999,,1179.899,,,18.0,152.0
2026-08-06 11:13:34.855,1010776,151615,149998352,1179.890749,,402.520,0x00,0x00,CURRENT,1,0,OK,1.0,1.008,151.0,149.999,,1179.899,,,18.0,152.0
2026-08-06 11:13:35.689,1012778,151915,149998464,1179.891932,,403.354,0x00,0x00,CURRENT,1,0,OK,1.0,1.012,152.0,149.999,,1179.898,,,18.0,154.0
2026-08-06 11:13:36.504,1014514,152176,149998528,1179.892607,,404.168,0x00,0x00,CURRENT,1,0,OK,1.0,1.012,152.0,149.999,,1179.898,,,18.0,154.0
2026-08-06 11:13:37.818,1015996,152398,149998496,1179.892269,,405.483,0x00,0x00,CURRENT,1,0,OK,1.0,1.016,152.0,149.999,,1179.898,,,17.0,155.0
2026-08-06 11:13:38.633,1017246,152585,149998480,1179.892100,,406.297,0x00,0x00,CURRENT,1,0,OK,1.0,1.016,152.0,149.999,,1179.898,,,17.0,155.0
2026-08-06 11:13:39.467,1018252,152736,149998560,1179.892945,,407.131,0x00,0x00,CURRENT,1,0,OK,1.0,1.02,153.0,149.999,,1179.898,,,17.0,156.0
2026-08-06 11:13:40.355,1019042,152855,149998400,1179.891256,,408.019,0x00,0x00,CURRENT,1,0,OK,1.0,1.02,153.0,149.999,,1179.898,,,17.0,156.0
2026-08-06 11:13:41.170,1019450,152916,149998416,1179.891425,,408.834,0x00,0x00,CURRENT,1,0,OK,1.0,1.02,153.0,149.999,,1179.898,,,17.0,156.0
2026-08-06 11:13:42.004,1019673,152949,149998384,1179.891087,,409.668,0x00,0x00,CURRENT,1,0,OK,1.0,1.022,153.0,149.999,,1179.895,,,17.0,157.0
2026-08-06 11:13:42.854,1019710,152955,149998512,1179.892438,,410.518,0x00,0x00,CURRENT,1,0,OK,1.0,1.022,153.0,149.999,,1179.895,,,17.0,157.0
2026-08-06 11:13:43.688,1019578,152935,149998448,1179.891763,,411.352,0x00,0x00,CURRENT,1,0,OK,1.0,1.022,153.0,149.999,,1179.894,,,17.0,157.0
2026-08-06 11:13:44.503,1019294,152893,149998592,1179.893283,,412.167,0x00,0x00,CURRENT,1,0,OK,1.0,1.022,153.0,149.999,,1179.894,,,17.0,157.0
2026-08-06 11:13:45.816,1018685,152801,149998512,1179.892438,,413.481,0x00,0x00,CURRENT,1,0,OK,1.0,1.021,153.0,149.999,,1179.893,,,17.0,156.0
2026-08-06 11:13:46.631,1017927,152687,149998464,1179.891932,,414.296,0x00,0x00,CURRENT,1,0,OK,1.0,1.021,153.0,149.999,,1179.893,,,17.0,156.0
2026-08-06 11:13:47.466,1017047,152556,149998560,1179.892945,,415.130,0x00,0x00,CURRENT,1,0,OK,1.0,1.019,153.0,149.998,,1179.891,,,16.0,156.0
2026-08-06 11:13:48.354,1016044,152405,149998624,1179.893621,,416.019,0x00,0x00,CURRENT,1,0,OK,1.0,1.019,153.0,149.998,,1179.891,,,16.0,156.0
2026-08-06 11:13:49.170,1014914,152236,149998560,1179.892945,,416.834,0x00,0x00,CURRENT,1,0,OK,1.0,1.019,153.0,149.998,,1179.891,,,16.0,156.0
2026-08-06 11:13:50.003,1013672,152049,149998528,1179.892607,,417.668,0x00,0x00,CURRENT,1,0,OK,1.0,1.016,152.0,149.998,,1179.892,,,16.0,155.0
2026-08-06 11:13:50.853,1012316,151846,149998736,1179.894804,,418.518,0x00,0x00,CURRENT,1,0,OK,1.0,1.016,152.0,149.998,,1179.892,,,16.0,155.0
2026-08-06 11:13:51.687,1010868,151629,149998880,1179.896324,,419.352,0x00,0x00,CURRENT,1,0,OK,1.0,1.013,152.0,149.998,,1179.89,,,16.0,154.0
2026-08-06 11:13:52.502,1009505,151425,149998816,1179.895649,,420.167,0x00,0x00,CURRENT,1,0,OK,1.0,1.013,152.0,149.998,,1179.89,,,16.0,154.0
2026-08-06 11:13:53.816,1008033,151204,149998656,1179.893959,,421.481,0x00,0x00,CURRENT,1,0,OK,1.0,1.01,152.0,149.998,,1179.892,,,16.0,153.0
2026-08-06 11:13:54.632,1006461,150968,149998736,1179.894804,,422.296,0x00,0x00,CURRENT,1,0,OK,1.0,1.01,152.0,149.998,,1179.892,,,16.0,153.0
2026-08-06 11:13:55.465,1004975,150745,149998672,1179.894128,,423.130,0x00,0x00,CURRENT,1,0,OK,1.0,1.006,151.0,149.999,,1179.894,,,16.0,152.0
2026-08-06 11:13:56.355,1003560,150532,149998480,1179.892100,,424.019,0x00,0x00,CURRENT,1,0,OK,1.0,1.006,151.0,149.999,,1179.894,,,16.0,152.0
2026-08-06 11:13:57.170,1002218,150331,149998288,1179.890073,,424.834,0x00,0x00,CURRENT,1,0,OK,1.0,1.006,151.0,149.999,,1179.894,,,16.0,152.0
2026-08-06 11:13:58.003,1000942,150139,149998176,1179.888890,,425.668,0x00,0x00,CURRENT,1,0,OK,1.0,1.002,150.0,149.999,,1179.893,,,16.0,151.0
2026-08-06 11:13:58.854,999723,149957,149998256,1179.889735,,426.519,0x00,0x00,CURRENT,1,0,OK,1.0,1.002,150.0,149.999,,1179.893,,,16.0,151.0
2026-08-06 11:13:59.688,998576,149784,149998048,1179.887539,,427.353,0x00,0x00,CURRENT,1,0,OK,1.0,0.999,150.0,149.999,,1179.893,,,16.0,150.0
2026-08-06 11:14:00.503,997485,149621,149998112,1179.888215,,428.168,0x00,0x00,CURRENT,1,0,OK,1.0,0.999,150.0,149.999,,1179.893,,,16.0,150.0
2026-08-06 11:14:01.817,996447,149465,149998144,1179.888552,,429.482,0x00,0x00,CURRENT,1,0,OK,1.0,0.997,150.0,149.999,,1179.893,,,16.0,149.0
2026-08-06 11:14:02.632,995460,149317,149998336,1179.890580,,430.297,0x00,0x00,CURRENT,1,0,OK,1.0,0.997,150.0,149.999,,1179.893,,,16.0,149.0
2026-08-06 11:14:03.466,994687,149201,149998416,1179.891425,,431.131,0x00,0x00,CURRENT,1,0,OK,1.0,0.994,149.0,149.998,,1179.89,,,16.0,148.0
2026-08-06 11:14:04.353,993963,149093,149998272,1179.889904,,432.018,0x00,0x00,CURRENT,1,0,OK,1.0,0.994,149.0,149.998,,1179.89,,,16.0,148.0
2026-08-06 11:14:05.168,993273,148989,149998176,1179.888890,,432.833,0x00,0x00,CURRENT,1,0,OK,1.0,0.994,149.0,149.998,,1179.89,,,16.0,148.0
2026-08-06 11:14:06.002,992790,148917,149998192,1179.889059,,433.667,0x00,0x00,CURRENT,1,0,OK,1.0,0.992,149.0,149.998,,1179.89,,,16.0,148.0
2026-08-06 11:14:06.854,992326,148847,149998224,1179.889397,,434.519,0x00,0x00,CURRENT,1,0,OK,1.0,0.992,149.0,149.998,,1179.89,,,16.0,148.0
2026-08-06 11:14:07.688,992050,148806,149998000,1179.887032,,435.353,0x00,0x00,CURRENT,1,0,OK,1.0,0.991,149.0,149.998,,1179.891,,,16.0,147.0
2026-08-06 11:14:08.503,991790,148766,149997808,1179.885004,,436.168,0x00,0x00,CURRENT,1,0,OK,1.0,0.991,149.0,149.998,,1179.891,,,16.0,147.0
2026-08-06 11:14:09.817,991710,148754,149997856,1179.885511,,437.482,0x00,0x00,CURRENT,1,0,OK,1.0,0.991,149.0,149.999,,1179.894,,,16.0,147.0
2026-08-06 11:14:10.632,991810,148769,149997904,1179.886018,,438.297,0x00,0x00,CURRENT,1,0,OK,1.0,0.991,149.0,149.999,,1179.894,,,16.0,147.0
2026-08-06 11:14:11.466,991896,148782,149997936,1179.886356,,439.131,0x00,0x00,CURRENT,1,0,OK,1.0,0.991,149.0,149.999,,1179.893,,,16.0,147.0
2026-08-06 11:14:12.355,992153,148821,149997904,1179.886018,,440.020,0x00,0x00,CURRENT,1,0,OK,1.0,0.991,149.0,149.999,,1179.893,,,16.0,147.0
2026-08-06 11:14:13.170,992397,148857,149997824,1179.885173,,440.835,0x00,0x00,CURRENT,1,0,OK,1.0,0.991,149.0,149.999,,1179.893,,,16.0,147.0
2026-08-06 11:14:14.004,992630,148892,149997712,1179.883991,,441.669,0x00,0x00,CURRENT,1,0,OK,1.0,0.992,149.0,149.999,,1179.893,,,16.0,148.0
2026-08-06 11:14:14.854,993013,148950,149997744,1179.884329,,442.519,0x00,0x00,CURRENT,1,0,OK,1.0,0.992,149.0,149.999,,1179.893,,,16.0,148.0
2026-08-06 11:14:15.688,993375,149004,149997904,1179.886018,,443.353,0x00,0x00,CURRENT,1,0,OK,1.0,0.992,149.0,149.999,,1179.893,,,16.0,148.0
2026-08-06 11:14:16.503,993893,149082,149997808,1179.885004,,444.168,0x00,0x00,CURRENT,1,0,OK,1.0,0.992,149.0,149.999,,1179.893,,,16.0,148.0
2026-08-06 11:14:17.817,994389,149156,149997888,1179.885849,,445.482,0x00,0x00,CURRENT,1,0,OK,1.0,0.993,149.0,149.999,,1179.894,,,16.0,148.0
2026-08-06 11:14:18.632,995021,149251,149997904,1179.886018,,446.297,0x00,0x00,CURRENT,1,0,OK,1.0,0.993,149.0,149.999,,1179.894,,,16.0,148.0
2026-08-06 11:14:19.466,995631,149343,149997952,1179.886525,,447.131,0x00,0x00,CURRENT,1,0,OK,1.0,0.995,149.0,149.998,,1179.89,,,17.0,148.0
2026-08-06 11:14:20.355,996208,149429,149997840,1179.885342,,448.020,0x00,0x00,CURRENT,1,0,OK,1.0,0.995,149.0,149.998,,1179.89,,,17.0,148.0
2026-08-06 11:14:21.170,996760,149512,149997792,1179.884835,,448.835,0x00,0x00,CURRENT,1,0,OK,1.0,0.995,149.0,149.998,,1179.89,,,17.0,148.0
2026-08-06 11:14:22.004,997279,149590,149997744,1179.884329,,449.669,0x00,0x00,CURRENT,1,0,OK,1.0,0.997,150.0,149.998,,1179.887,,,17.0,149.0
2026-08-06 11:14:22.854,997948,149690,149997776,1179.884666,,450.519,0x00,0x00,CURRENT,1,0,OK,1.0,0.997,150.0,149.998,,1179.887,,,17.0,149.0
2026-08-06 11:14:23.688,998580,149785,149997824,1179.885173,,451.353,0x00,0x00,CURRENT,1,0,OK,1.0,0.998,150.0,149.998,,1179.887,,,17.0,149.0
2026-08-06 11:14:24.503,999176,149874,149997696,1179.883822,,452.168,0x00,0x00,CURRENT,1,0,OK,1.0,0.998,150.0,149.998,,1179.887,,,17.0,149.0
2026-08-06 11:14:25.817,999741,149959,149997776,1179.884666,,453.482,0x00,0x00,CURRENT,1,0,OK,1.0,0.999,150.0,149.998,,1179.886,,,17.0,150.0
2026-08-06 11:14:26.632,1000282,150040,149997776,1179.884666,,454.297,0x00,0x00,CURRENT,1,0,OK,1.0,0.999,150.0,149.998,,1179.886,,,17.0,150.0
2026-08-06 11:14:27.466,1000791,150117,149997856,1179.885511,,455.131,0x00,0x00,CURRENT,1,0,OK,1.0,1.001,150.0,149.998,,1179.884,,,17.0,150.0
2026-08-06 11:14:28.355,1001280,150190,149997888,1179.885849,,456.020,0x00,0x00,CURRENT,1,0,OK,1.0,1.001,150.0,149.998,,1179.884,,,17.0,150.0
2026-08-06 11:14:29.170,1001741,150259,149997728,1179.884160,,456.835,0x00,0x00,CURRENT,1,0,OK,1.0,1.001,150.0,149.998,,1179.884,,,17.0,150.0
2026-08-06 11:14:30.004,1002181,150325,149997792,1179.884835,,457.669,0x00,0x00,CURRENT,1,0,OK,1.0,1.002,150.0,149.998,,1179.884,,,17.0,151.0
2026-08-06 11:14:30.854,1002423,150361,149997936,1179.886356,,458.519,0x00,0x00,CURRENT,1,0,OK,1.0,1.002,150.0,149.998,,1179.884,,,17.0,151.0
2026-08-06 11:14:31.688,1002660,150397,149997872,1179.885680,,459.353,0x00,0x00,CURRENT,1,0,OK,1.0,1.003,150.0,149.998,,1179.885,,,17.0,151.0
2026-08-06 11:14:32.503,1002876,150429,149997936,1179.886356,,460.167,0x00,0x00,CURRENT,1,0,OK,1.0,1.003,150.0,149.998,,1179.885,,,17.0,151.0
2026-08-06 11:14:33.817,1003088,150461,149998096,1179.888046,,461.482,0x00,0x00,CURRENT,1,0,OK,1.0,1.003,150.0,149.998,,1179.885,,,17.0,151.0
2026-08-06 11:14:34.632,1003284,150491,149998224,1179.889397,,462.297,0x00,0x00,CURRENT,1,0,OK,1.0,1.003,150.0,149.998,,1179.885,,,17.0,151.0
2026-08-06 11:14:35.466,1003300,150493,149998192,1179.889059,,463.130,0x00,0x00,CURRENT,1,0,OK,1.0,1.004,151.0,149.998,,1179.883,,,17.0,151.0
2026-08-06 11:14:36.354,1003322,150496,149998128,1179.888383,,464.019,0x00,0x00,CURRENT,1,0,OK,1.0,1.004,151.0,149.998,,1179.883,,,17.0,151.0
2026-08-06 11:14:37.169,1003340,150499,149998176,1179.888890,,464.834,0x00,0x00,CURRENT,1,0,OK,1.0,1.004,151.0,149.998,,1179.883,,,17.0,151.0
2026-08-06 11:14:38.003,1003361,150503,149998416,1179.891425,,465.668,0x00,0x00,CURRENT,1,0,OK,1.0,1.004,151.0,149.998,,1179.884,,,16.0,151.0
2026-08-06 11:14:38.854,1003380,150505,149998400,1179.891256,,466.519,0x00,0x00,CURRENT,1,0,OK,1.0,1.004,151.0,149.998,,1179.884,,,16.0,151.0
2026-08-06 11:14:39.688,1003226,150482,149998512,1179.892438,,467.353,0x00,0x00,CURRENT,1,0,OK,1.0,1.004,151.0,149.998,,1179.884,,,16.0,151.0
2026-08-06 11:14:40.503,1003076,150460,149998560,1179.892945,,468.168,0x00,0x00,CURRENT,1,0,OK,1.0,1.004,151.0,149.998,,1179.884,,,16.0,151.0
2026-08-06 11:14:41.817,1002947,150441,149998592,1179.893283,,469.482,0x00,0x00,CURRENT,1,0,OK,1.0,1.003,151.0,149.998,,1179.883,,,16.0,151.0
2026-08-06 11:14:42.632,1002825,150422,149998592,1179.893283,,470.297,0x00,0x00,CURRENT,1,0,OK,1.0,1.003,151.0,149.998,,1179.883,,,16.0,151.0
2026-08-06 11:14:43.466,1002704,150404,149998720,1179.894635,,471.131,0x00,0x00,CURRENT,1,0,OK,1.0,1.003,150.0,149.998,,1179.884,,,16.0,151.0
2026-08-06 11:14:44.354,1002432,150364,149998800,1179.895480,,472.019,0x00,0x00,CURRENT,1,0,OK,1.0,1.003,150.0,149.998,,1179.884,,,16.0,151.0
2026-08-06 11:14:45.169,1002174,150325,149998784,1179.895311,,472.834,0x00,0x00,CURRENT,1,0,OK,1.0,1.003,150.0,149.998,,1179.884,,,16.0,151.0
2026-08-06 11:14:46.003,1001925,150288,149998960,1179.897169,,473.667,0x00,0x00,CURRENT,1,0,OK,2.0,1.002,150.0,149.998,,1179.886,,,16.0,151.0
2026-08-06 11:14:47.226,1175593,176336,149997728,1179.884160,,474.890,0x00,0x00,CURRENT,1,0,OK,2.0,1.002,150.0,149.998,,1179.886,,,16.0,151.0
2026-08-06 11:14:48.060,1184338,177648,149997568,1179.882470,,475.725,0x00,0x00,CURRENT,1,0,OK,2.0,1.006,151.0,150.001,,1179.922,,,24.0,152.0
2026-08-06 11:14:48.875,1201216,180180,149997568,1179.882470,,476.540,0x00,0x00,CURRENT,1,0,OK,2.0,1.006,151.0,150.001,,1179.922,,,24.0,152.0
2026-08-06 11:14:49.709,1225653,183845,149997488,1179.881625,,477.374,0x00,0x00,CURRENT,1,0,OK,2.0,1.048,157.0,150.001,,1179.917,,,32.0,165.0
2026-08-06 11:14:50.524,1256933,188537,149997488,1179.881625,,478.189,0x00,0x00,CURRENT,1,0,OK,2.0,1.048,157.0,150.001,,1179.917,,,32.0,165.0
2026-08-06 11:14:51.419,1294347,194148,149997200,1179.878584,,479.084,0x00,0x00,CURRENT,1,0,OK,2.0,1.119,168.0,150.0,,1179.912,,,39.0,188.0
2026-08-06 11:14:52.733,1344155,201619,149997168,1179.878246,,480.398,0x00,0x00,CURRENT,1,0,OK,2.0,1.119,168.0,150.0,,1179.912,,,39.0,188.0
2026-08-06 11:14:53.567,1398009,209698,149997216,1179.878753,,481.232,0x00,0x00,CURRENT,1,0,OK,2.0,1.266,190.0,149.999,,1179.903,,,49.0,241.0
2026-08-06 11:14:54.382,1455050,218253,149997152,1179.878077,,482.046,0x00,0x00,CURRENT,1,0,OK,2.0,1.266,190.0,149.999,,1179.903,,,49.0,241.0
2026-08-06 11:14:55.197,1514768,227211,149997120,1179.877739,,482.862,0x00,0x00,CURRENT,1,0,OK,2.0,1.266,190.0,149.999,,1179.903,,,49.0,241.0
2026-08-06 11:14:56.031,1576197,236425,149997088,1179.877401,,483.696,0x00,0x00,CURRENT,1,0,OK,2.0,1.448,217.0,149.999,,1179.895,,,56.0,315.0
2026-08-06 11:14:56.854,1638911,245832,149997040,1179.876895,,484.518,0x00,0x00,CURRENT,1,0,OK,2.0,1.448,217.0,149.999,,1179.895,,,56.0,315.0
2026-08-06 11:14:57.688,1702192,255324,149997056,1179.877064,,485.352,0x00,0x00,CURRENT,1,0,OK,2.0,1.579,237.0,149.999,,1179.893,,,60.0,374.0
2026-08-06 11:14:58.503,1765504,264820,149997008,1179.876557,,486.167,0x00,0x00,CURRENT,1,0,OK,2.0,1.579,237.0,149.999,,1179.893,,,60.0,374.0
2026-08-06 11:14:59.817,1830195,274524,149996928,1179.875712,,487.482,0x00,0x00,CURRENT,1,0,OK,2.0,1.711,257.0,149.998,,1179.889,,,62.0,439.0
2026-08-06 11:15:00.632,1892995,283943,149996848,1179.874867,,488.297,0x00,0x00,CURRENT,1,0,OK,2.0,1.711,257.0,149.998,,1179.889,,,62.0,439.0
2026-08-06 11:15:01.466,1953502,293019,149996688,1179.873178,,489.131,0x00,0x00,CURRENT,1,0,OK,2.0,1.903,285.0,149.998,,1179.885,,,64.0,543.0
2026-08-06 11:15:02.355,2011319,301691,149996528,1179.871488,,490.019,0x00,0x00,CURRENT,1,0,OK,2.0,1.903,285.0,149.998,,1179.885,,,64.0,543.0
2026-08-06 11:15:03.170,2066076,309904,149996496,1179.871150,,490.834,0x00,0x00,CURRENT,1,0,OK,2.0,1.903,285.0,149.998,,1179.885,,,64.0,543.0
2026-08-06 11:15:04.004,2117414,317605,149996512,1179.871319,,491.668,0x00,0x00,CURRENT,1,0,OK,2.0,2.075,311.0,149.997,,1179.881,,,64.0,646.0
2026-08-06 11:15:04.854,2165019,324745,149996384,1179.869967,,492.518,0x00,0x00,CURRENT,1,0,OK,2.0,2.075,311.0,149.997,,1179.881,,,64.0,646.0
2026-08-06 11:15:05.688,2208734,331302,149996304,1179.869123,,493.352,0x00,0x00,CURRENT,1,0,OK,2.0,2.173,326.0,149.997,,1179.879,,,63.0,708.0
2026-08-06 11:15:06.503,2248402,337252,149996400,1179.870136,,494.167,0x00,0x00,CURRENT,1,0,OK,2.0,2.173,326.0,149.997,,1179.879,,,63.0,708.0
2026-08-06 11:15:07.817,2281214,342174,149996288,1179.868954,,495.481,0x00,0x00,CURRENT,1,0,OK,2.0,2.255,338.0,149.997,,1179.876,,,61.0,763.0
2026-08-06 11:15:08.632,2309525,346420,149996288,1179.868954,,496.296,0x00,0x00,CURRENT,1,0,OK,2.0,2.255,338.0,149.997,,1179.876,,,61.0,763.0
2026-08-06 11:15:09.466,2333407,350002,149996320,1179.869292,,497.131,0x00,0x00,CURRENT,1,0,OK,2.0,2.348,352.0,149.997,,1179.874,,,57.0,827.0
2026-08-06 11:15:10.355,2352906,352927,149996288,1179.868954,,498.019,0x00,0x00,CURRENT,1,0,OK,2.0,2.348,352.0,149.997,,1179.874,,,57.0,827.0
2026-08-06 11:15:11.169,2368061,355200,149996304,1179.869123,,498.834,0x00,0x00,CURRENT,1,0,OK,2.0,2.348,352.0,149.997,,1179.874,,,57.0,827.0
2026-08-06 11:15:12.004,2378932,356831,149996288,1179.868954,,499.668,0x00,0x00,CURRENT,1,0,OK,2.0,2.401,360.0,149.997,,1179.873,,,52.0,864.0
2026-08-06 11:15:12.855,2385580,357828,149996224,1179.868278,,500.519,0x00,0x00,CURRENT,1,0,OK,2.0,2.401,360.0,149.997,,1179.873,,,52.0,864.0
2026-08-06 11:15:13.688,2388202,358221,149996208,1179.868109,,501.353,0x00,0x00,CURRENT,1,0,OK,2.0,2.415,362.0,149.997,,1179.873,,,49.0,875.0
2026-08-06 11:15:14.503,2386994,358040,149996208,1179.868109,,502.168,0x00,0x00,CURRENT,1,0,OK,2.0,2.415,362.0,149.997,,1179.873,,,49.0,875.0
2026-08-06 11:15:15.818,2378642,356787,149996224,1179.868278,,503.482,0x00,0x00,CURRENT,1,0,OK,2.0,2.414,362.0,149.997,,1179.873,,,46.0,874.0
2026-08-06 11:15:16.633,2367363,355096,149996288,1179.868954,,504.297,0x00,0x00,CURRENT,1,0,OK,2.0,2.414,362.0,149.997,,1179.873,,,46.0,874.0
2026-08-06 11:15:17.466,2353111,352958,149996320,1179.869292,,505.131,0x00,0x00,CURRENT,1,0,OK,2.0,2.386,358.0,149.997,,1179.873,,,41.0,854.0
2026-08-06 11:15:18.355,2336386,350449,149996240,1179.868447,,506.019,0x00,0x00,CURRENT,1,0,OK,2.0,2.386,358.0,149.997,,1179.873,,,41.0,854.0
2026-08-06 11:15:19.169,2317342,347593,149996240,1179.868447,,506.834,0x00,0x00,CURRENT,1,0,OK,2.0,2.386,358.0,149.997,,1179.873,,,41.0,854.0
2026-08-06 11:15:20.003,2296385,344449,149996240,1179.868447,,507.668,0x00,0x00,CURRENT,1,0,OK,2.0,2.333,350.0,149.997,,1179.873,,,37.0,817.0
2026-08-06 11:15:20.853,2273793,341061,149996320,1179.869292,,508.518,0x00,0x00,CURRENT,1,0,OK,2.0,2.333,350.0,149.997,,1179.873,,,37.0,817.0
2026-08-06 11:15:21.687,2249634,337437,149996352,1179.869630,,509.352,0x00,0x00,CURRENT,1,0,OK,2.0,2.288,343.0,149.997,,1179.873,,,34.0,785.0
2026-08-06 11:15:22.502,2224490,333666,149996416,1179.870305,,510.167,0x00,0x00,CURRENT,1,0,OK,2.0,2.288,343.0,149.997,,1179.873,,,34.0,785.0
2026-08-06 11:15:23.816,2196576,329479,149996448,1179.870643,,511.481,0x00,0x00,CURRENT,1,0,OK,2.0,2.237,336.0,149.997,,1179.874,,,32.0,751.0
2026-08-06 11:15:24.631,2168547,325274,149996512,1179.871319,,512.296,0x00,0x00,CURRENT,1,0,OK,2.0,2.237,336.0,149.997,,1179.874,,,32.0,751.0
2026-08-06 11:15:25.465,2140410,321054,149996464,1179.870812,,513.130,0x00,0x00,CURRENT,1,0,OK,2.0,2.156,323.0,149.997,,1179.874,,,30.0,697.0
2026-08-06 11:15:26.355,2112668,316893,149996464,1179.870812,,514.019,0x00,0x00,CURRENT,1,0,OK,2.0,2.156,323.0,149.997,,1179.874,,,30.0,697.0
2026-08-06 11:15:27.170,2085304,312788,149996512,1179.871319,,514.834,0x00,0x00,CURRENT,1,0,OK,2.0,2.156,323.0,149.997,,1179.874,,,30.0,697.0
2026-08-06 11:15:28.004,2058638,308789,149996528,1179.871488,,515.668,0x00,0x00,CURRENT,1,0,OK,2.0,2.075,311.0,149.997,,1179.874,,,29.0,646.0
2026-08-06 11:15:28.853,2032961,304937,149996608,1179.872333,,516.518,0x00,0x00,CURRENT,1,0,OK,2.0,2.075,311.0,149.997,,1179.874,,,29.0,646.0
2026-08-06 11:15:29.688,2008409,301255,149996624,1179.872502,,517.352,0x00,0x00,CURRENT,1,0,OK,2.0,2.023,303.0,149.997,,1179.876,,,29.0,614.0
2026-08-06 11:15:30.502,1985077,297755,149996640,1179.872671,,518.167,0x00,0x00,CURRENT,1,0,OK,2.0,2.023,303.0,149.997,,1179.876,,,29.0,614.0
2026-08-06 11:15:31.817,1963425,294507,149996608,1179.872333,,519.481,0x00,0x00,CURRENT,1,0,OK,2.0,1.976,296.0,149.997,,1179.876,,,29.0,586.0
2026-08-06 11:15:32.632,1943534,291523,149996560,1179.871826,,520.296,0x00,0x00,CURRENT,1,0,OK,2.0,1.976,296.0,149.997,,1179.876,,,29.0,586.0
2026-08-06 11:15:33.466,1925308,288790,149996560,1179.871826,,521.130,0x00,0x00,CURRENT,1,0,OK,2.0,1.916,287.0,149.997,,1179.876,,,30.0,551.0
2026-08-06 11:15:34.353,1908835,286319,149996544,1179.871657,,522.018,0x00,0x00,CURRENT,1,0,OK,2.0,1.916,287.0,149.997,,1179.876,,,30.0,551.0
2026-08-06 11:15:35.168,1894194,284122,149996528,1179.871488,,522.833,0x00,0x00,CURRENT,1,0,OK,2.0,1.916,287.0,149.997,,1179.876,,,30.0,551.0
2026-08-06 11:15:36.002,1881460,282213,149996544,1179.871657,,523.667,0x00,0x00,CURRENT,1,0,OK,2.0,1.871,281.0,149.997,,1179.877,,,31.0,525.0
2026-08-06 11:15:36.855,1870698,280598,149996464,1179.870812,,524.520,0x00,0x00,CURRENT,1,0,OK,2.0,1.871,281.0,149.997,,1179.877,,,31.0,525.0
2026-08-06 11:15:37.689,1861654,279242,149996576,1179.871995,,525.354,0x00,0x00,CURRENT,1,0,OK,2.0,1.85,277.0,149.997,,1179.876,,,32.0,513.0
2026-08-06 11:15:38.504,1854585,278182,149996688,1179.873178,,526.169,0x00,0x00,CURRENT,1,0,OK,2.0,1.85,277.0,149.997,,1179.876,,,32.0,513.0
2026-08-06 11:15:39.818,1850727,277603,149996704,1179.873347,,527.483,0x00,0x00,CURRENT,1,0,OK,2.0,1.836,275.0,149.997,,1179.878,,,33.0,505.0
2026-08-06 11:15:40.633,1848567,277279,149996768,1179.874022,,528.298,0x00,0x00,CURRENT,1,0,OK,2.0,1.836,275.0,149.997,,1179.878,,,33.0,505.0
2026-08-06 11:15:41.467,1848023,277197,149996736,1179.873684,,529.132,0x00,0x00,CURRENT,1,0,OK,2.0,1.827,274.0,149.997,,1179.878,,,35.0,501.0
2026-08-06 11:15:42.354,1849022,277347,149996768,1179.874022,,530.019,0x00,0x00,CURRENT,1,0,OK,2.0,1.827,274.0,149.997,,1179.878,,,35.0,501.0
2026-08-06 11:15:43.169,1851481,277716,149996720,1179.873515,,530.834,0x00,0x00,CURRENT,1,0,OK,2.0,1.827,274.0,149.997,,1179.878,,,35.0,501.0
2026-08-06 11:15:44.003,1855333,278294,149996768,1179.874022,,531.668,0x00,0x00,CURRENT,1,0,OK,2.0,1.833,275.0,149.997,,1179.879,,,37.0,504.0
2026-08-06 11:15:44.854,1860335,279044,149996704,1179.873347,,532.519,0x00,0x00,CURRENT,1,0,OK,2.0,1.833,275.0,149.997,,1179.879,,,37.0,504.0
2026-08-06 11:15:45.688,1866602,279984,149996672,1179.873009,,533.353,0x00,0x00,CURRENT,1,0,OK,2.0,1.844,277.0,149.997,,1179.879,,,39.0,510.0
2026-08-06 11:15:46.503,1873684,281046,149996704,1179.873347,,534.168,0x00,0x00,CURRENT,1,0,OK,2.0,1.844,277.0,149.997,,1179.879,,,39.0,510.0
2026-08-06 11:15:47.817,1882940,282435,149996752,1179.873853,,535.482,0x00,0x00,CURRENT,1,0,OK,2.0,1.859,279.0,149.997,,1179.879,,,40.0,518.0
2026-08-06 11:15:48.632,1892730,283903,149996768,1179.874022,,536.297,0x00,0x00,CURRENT,1,0,OK,2.0,1.859,279.0,149.997,,1179.879,,,40.0,518.0
2026-08-06 11:15:49.466,1903043,285450,149996768,1179.874022,,537.131,0x00,0x00,CURRENT,1,0,OK,2.0,1.887,283.0,149.997,,1179.878,,,41.0,534.0
2026-08-06 11:15:50.355,1913670,287044,149996752,1179.873853,,538.020,0x00,0x00,CURRENT,1,0,OK,2.0,1.887,283.0,149.997,,1179.878,,,41.0,534.0
2026-08-06 11:15:51.170,1924603,288684,149996800,1179.874360,,538.835,0x00,0x00,CURRENT,1,0,OK,2.0,1.887,283.0,149.997,,1179.878,,,41.0,534.0
2026-08-06 11:15:52.004,1935666,290344,149996816,1179.874529,,539.669,0x00,0x00,CURRENT,1,0,OK,2.0,1.92,288.0,149.997,,1179.878,,,42.0,553.0
2026-08-06 11:15:52.854,1946852,292021,149996720,1179.873515,,540.519,0x00,0x00,CURRENT,1,0,OK,2.0,1.92,288.0,149.997,,1179.878,,,42.0,553.0
2026-08-06 11:15:53.688,1957981,293691,149996784,1179.874191,,541.353,0x00,0x00,CURRENT,1,0,OK,2.0,1.943,291.0,149.997,,1179.877,,,43.0,566.0
2026-08-06 11:15:54.503,1968880,295326,149996880,1179.875205,,542.168,0x00,0x00,CURRENT,1,0,OK,2.0,1.943,291.0,149.997,,1179.877,,,43.0,566.0
2026-08-06 11:15:55.817,1979917,296981,149996864,1179.875036,,543.482,0x00,0x00,CURRENT,1,0,OK,2.0,1.965,295.0,149.997,,1179.878,,,43.0,579.0
2026-08-06 11:15:56.632,1990404,298554,149996896,1179.875374,,544.297,0x00,0x00,CURRENT,1,0,OK,2.0,1.965,295.0,149.997,,1179.878,,,43.0,579.0
2026-08-06 11:15:57.466,2000365,300049,149996976,1179.876219,,545.131,0x00,0x00,CURRENT,1,0,OK,2.0,1.997,300.0,149.997,,1179.877,,,43.0,598.0
2026-08-06 11:15:58.354,2009834,301469,149996928,1179.875712,,546.019,0x00,0x00,CURRENT,1,0,OK,2.0,1.997,300.0,149.997,,1179.877,,,43.0,598.0
2026-08-06 11:15:59.169,2018657,302792,149996928,1179.875712,,546.834,0x00,0x00,CURRENT,1,0,OK,2.0,1.997,300.0,149.997,,1179.877,,,43.0,598.0
2026-08-06 11:16:00.003,2026866,304024,149996976,1179.876219,,547.668,0x00,0x00,CURRENT,1,0,OK,2.0,2.024,304.0,149.997,,1179.879,,,43.0,615.0
2026-08-06 11:16:00.854,2034331,305144,149997024,1179.876726,,548.519,0x00,0x00,CURRENT,1,0,OK,2.0,2.024,304.0,149.997,,1179.879,,,43.0,615.0
2026-08-06 11:16:01.688,2041088,306157,149997040,1179.876895,,549.353,0x00,0x00,CURRENT,1,0,OK,2.0,2.039,306.0,149.997,,1179.878,,,43.0,624.0
2026-08-06 11:16:02.503,2047175,307070,149997136,1179.877908,,550.168,0x00,0x00,CURRENT,1,0,OK,2.0,2.039,306.0,149.997,,1179.878,,,43.0,624.0
2026-08-06 11:16:03.817,2051947,307786,149997088,1179.877401,,551.482,0x00,0x00,CURRENT,1,0,OK,2.0,2.052,308.0,149.997,,1179.879,,,43.0,631.0
2026-08-06 11:16:04.632,2055967,308389,149997008,1179.876557,,552.297,0x00,0x00,CURRENT,1,0,OK,2.0,2.052,308.0,149.997,,1179.879,,,43.0,631.0
2026-08-06 11:16:05.466,2059285,308887,149997024,1179.876726,,553.131,0x00,0x00,CURRENT,1,0,OK,2.0,2.065,310.0,149.997,,1179.878,,,42.0,639.0
2026-08-06 11:16:06.354,2061766,309259,149996960,1179.876050,,554.019,0x00,0x00,CURRENT,1,0,OK,2.0,2.065,310.0,149.997,,1179.878,,,42.0,639.0
2026-08-06 11:16:07.169,2063455,309512,149996896,1179.875374,,554.834,0x00,0x00,CURRENT,1,0,OK,2.0,2.065,310.0,149.997,,1179.878,,,42.0,639.0
2026-08-06 11:16:08.003,2064555,309677,149996864,1179.875036,,555.668,0x00,0x00,CURRENT,1,0,OK,2.0,2.071,311.0,149.997,,1179.879,,,41.0,643.0
2026-08-06 11:16:08.855,2064928,309733,149996992,1179.876388,,556.520,0x00,0x00,CURRENT,1,0,OK,2.0,2.071,311.0,149.997,,1179.879,,,41.0,643.0
2026-08-06 11:16:09.689,2064614,309686,149996992,1179.876388,,557.354,0x00,0x00,CURRENT,1,0,OK,2.0,2.072,311.0,149.997,,1179.878,,,40.0,644.0
2026-08-06 11:16:10.504,2063649,309541,149997008,1179.876557,,558.169,0x00,0x00,CURRENT,1,0,OK,2.0,2.072,311.0,149.997,,1179.878,,,40.0,644.0
2026-08-06 11:16:11.818,2061555,309227,149997008,1179.876557,,559.483,0x00,0x00,CURRENT,1,0,OK,2.0,2.07,310.0,149.997,,1179.878,,,40.0,643.0
2026-08-06 11:16:12.633,2059058,308853,149996976,1179.876219,,560.298,0x00,0x00,CURRENT,1,0,OK,2.0,2.07,310.0,149.997,,1179.878,,,40.0,643.0
2026-08-06 11:16:13.467,2056183,308421,149997056,1179.877064,,561.132,0x00,0x00,CURRENT,1,0,OK,2.0,2.063,309.0,149.997,,1179.878,,,39.0,638.0
2026-08-06 11:16:14.355,2052823,307917,149996976,1179.876219,,562.020,0x00,0x00,CURRENT,1,0,OK,2.0,2.063,309.0,149.997,,1179.878,,,39.0,638.0
2026-08-06 11:16:15.170,2049119,307362,149996944,1179.875881,,562.835,0x00,0x00,CURRENT,1,0,OK,2.0,2.063,309.0,149.997,,1179.878,,,39.0,638.0
2026-08-06 11:16:16.004,2045262,306783,149996976,1179.876219,,563.669,0x00,0x00,CURRENT,1,0,OK,2.0,2.052,308.0,149.997,,1179.877,,,38.0,632.0
2026-08-06 11:16:16.855,2041099,306159,149996928,1179.875712,,564.520,0x00,0x00,CURRENT,1,0,OK,2.0,2.052,308.0,149.997,,1179.877,,,38.0,632.0
2026-08-06 11:16:17.689,2036805,305515,149996928,1179.875712,,565.354,0x00,0x00,CURRENT,1,0,OK,2.0,2.044,307.0,149.997,,1179.877,,,38.0,627.0
2026-08-06 11:16:18.504,2032393,304853,149997024,1179.876726,,566.169,0x00,0x00,CURRENT,1,0,OK,2.0,2.044,307.0,149.997,,1179.877,,,38.0,627.0
2026-08-06 11:16:19.818,2027531,304124,149997056,1179.877064,,567.482,0x00,0x00,CURRENT,1,0,OK,2.0,2.035,305.0,149.997,,1179.878,,,38.0,621.0
2026-08-06 11:16:20.633,2022735,303404,149997024,1179.876726,,568.298,0x00,0x00,CURRENT,1,0,OK,2.0,2.035,305.0,149.997,,1179.878,,,38.0,621.0
2026-08-06 11:16:21.467,2018014,302696,149996976,1179.876219,,569.132,0x00,0x00,CURRENT,1,0,OK,2.0,2.021,303.0,149.997,,1179.878,,,37.0,613.0
2026-08-06 11:16:22.354,2013360,301998,149996944,1179.875881,,570.019,0x00,0x00,CURRENT,1,0,OK,2.0,2.021,303.0,149.997,,1179.878,,,37.0,613.0
2026-08-06 11:16:23.169,2008779,301311,149996896,1179.875374,,570.834,0x00,0x00,CURRENT,1,0,OK,2.0,2.021,303.0,149.997,,1179.878,,,37.0,613.0
2026-08-06 11:16:24.003,2004432,300659,149996880,1179.875205,,571.668,0x00,0x00,CURRENT,1,0,OK,2.0,2.007,301.0,149.997,,1179.877,,,37.0,604.0
2026-08-06 11:16:24.854,2000288,300037,149997024,1179.876726,,572.519,0x00,0x00,CURRENT,1,0,OK,2.0,2.007,301.0,149.997,,1179.877,,,37.0,604.0
2026-08-06 11:16:25.688,1996364,299449,149997008,1179.876557,,573.353,0x00,0x00,CURRENT,1,0,OK,2.0,1.999,300.0,149.997,,1179.878,,,37.0,599.0
2026-08-06 11:16:26.503,1992632,298889,149997056,1179.877064,,574.168,0x00,0x00,CURRENT,1,0,OK,2.0,1.999,300.0,149.997,,1179.878,,,37.0,599.0
2026-08-06 11:16:27.817,1989252,298382,149997120,1179.877739,,575.481,0x00,0x00,CURRENT,1,0,OK,2.0,1.991,299.0,149.997,,1179.879,,,37.0,595.0
2026-08-06 11:16:28.632,1986217,297927,149997136,1179.877908,,576.297,0x00,0x00,CURRENT,1,0,OK,2.0,1.991,299.0,149.997,,1179.879,,,37.0,595.0
2026-08-06 11:16:29.466,1983493,297518,149997184,1179.878415,,577.131,0x00,0x00,CURRENT,1,0,OK,2.0,1.982,297.0,149.997,,1179.88,,,38.0,589.0
2026-08-06 11:16:30.355,1981073,297155,149997088,1179.877401,,578.020,0x00,0x00,CURRENT,1,0,OK,2.0,1.982,297.0,149.997,,1179.88,,,38.0,589.0
2026-08-06 11:16:31.170,1978944,296836,149997200,1179.878584,,578.835,0x00,0x00,CURRENT,1,0,OK,2.0,1.982,297.0,149.997,,1179.88,,,38.0,589.0
2026-08-06 11:16:32.004,1977253,296582,149997120,1179.877739,,579.668,0x00,0x00,CURRENT,1,0,OK,2.0,1.975,296.0,149.997,,1179.879,,,38.0,585.0
2026-08-06 11:16:32.854,1975811,296366,149997232,1179.878922,,580.519,0x00,0x00,CURRENT,1,0,OK,2.0,1.975,296.0,149.997,,1179.879,,,38.0,585.0
2026-08-06 11:16:33.688,1974612,296186,149997216,1179.878753,,581.352,0x00,0x00,CURRENT,1,0,OK,2.0,1.973,296.0,149.997,,1179.879,,,38.0,584.0
2026-08-06 11:16:34.502,1973815,296067,149997264,1179.879260,,582.167,0x00,0x00,CURRENT,1,0,OK,2.0,1.973,296.0,149.997,,1179.879,,,38.0,584.0
2026-08-06 11:16:35.817,1973564,296029,149997264,1179.879260,,583.482,0x00,0x00,CURRENT,1,0,OK,2.0,1.971,296.0,149.997,,1179.88,,,38.0,583.0
2026-08-06 11:16:36.632,1973489,296018,149997216,1179.878753,,584.296,0x00,0x00,CURRENT,1,0,OK,2.0,1.971,296.0,149.997,,1179.88,,,38.0,583.0
2026-08-06 11:16:37.466,1973753,296058,149997248,1179.879091,,585.130,0x00,0x00,CURRENT,1,0,OK,2.0,1.97,296.0,149.997,,1179.882,,,39.0,582.0
2026-08-06 11:16:38.354,1974352,296147,149997216,1179.878753,,586.018,0x00,0x00,CURRENT,1,0,OK,2.0,1.97,296.0,149.997,,1179.882,,,39.0,582.0
2026-08-06 11:16:39.168,1975080,296257,149997232,1179.878922,,586.833,0x00,0x00,CURRENT,1,0,OK,2.0,1.97,296.0,149.997,,1179.882,,,39.0,582.0
2026-08-06 11:16:40.003,1975937,296385,149997328,1179.879936,,587.667,0x00,0x00,CURRENT,1,0,OK,2.0,1.973,296.0,149.997,,1179.88,,,39.0,584.0
2026-08-06 11:16:40.854,1977051,296553,149997440,1179.881118,,588.519,0x00,0x00,CURRENT,1,0,OK,2.0,1.973,296.0,149.997,,1179.88,,,39.0,584.0
2026-08-06 11:16:41.688,1978279,296737,149997456,1179.881287,,589.352,0x00,0x00,CURRENT,1,0,OK,2.0,1.975,296.0,149.997,,1179.879,,,39.0,585.0
2026-08-06 11:16:42.503,1979610,296937,149997520,1179.881963,,590.167,0x00,0x00,CURRENT,1,0,OK,2.0,1.975,296.0,149.997,,1179.879,,,39.0,585.0
2026-08-06 11:16:43.817,1981377,297202,149997520,1179.881963,,591.482,0x00,0x00,CURRENT,1,0,OK,2.0,1.978,297.0,149.997,,1179.878,,,39.0,587.0
2026-08-06 11:16:44.631,1983216,297477,149997520,1179.881963,,592.296,0x00,0x00,CURRENT,1,0,OK,2.0,1.978,297.0,149.997,,1179.878,,,39.0,587.0
2026-08-06 11:16:45.465,1985139,297766,149997552,1179.882301,,593.130,0x00,0x00,CURRENT,1,0,OK,2.0,1.983,297.0,149.997,,1179.878,,,40.0,590.0
2026-08-06 11:16:46.354,1986966,298040,149997568,1179.882470,,594.019,0x00,0x00,CURRENT,1,0,OK,2.0,1.983,297.0,149.997,,1179.878,,,40.0,590.0
2026-08-06 11:16:47.169,1988872,298326,149997440,1179.881118,,594.834,0x00,0x00,CURRENT,1,0,OK,2.0,1.983,297.0,149.997,,1179.878,,,40.0,590.0
2026-08-06 11:16:48.004,1990849,298622,149997424,1179.880949,,595.668,0x00,0x00,CURRENT,1,0,OK,2.0,1.989,298.0,149.997,,1179.879,,,40.0,593.0
2026-08-06 11:16:48.854,1992723,298903,149997408,1179.880781,,596.519,0x00,0x00,CURRENT,1,0,OK,2.0,1.989,298.0,149.997,,1179.879,,,40.0,593.0
2026-08-06 11:16:49.689,1994670,299195,149997328,1179.879936,,597.353,0x00,0x00,CURRENT,1,0,OK,2.0,1.992,299.0,149.997,,1179.879,,,40.0,595.0
2026-08-06 11:16:50.504,1996525,299473,149997280,1179.879429,,598.168,0x00,0x00,CURRENT,1,0,OK,2.0,1.992,299.0,149.997,,1179.879,,,40.0,595.0
2026-08-06 11:16:51.818,1998291,299738,149997232,1179.878922,,599.482,0x00,0x00,CURRENT,1,0,OK,2.0,1.996,299.0,149.997,,1179.88,,,40.0,598.0
2026-08-06 11:16:52.633,1999971,299990,149997312,1179.879767,,600.297,0x00,0x00,CURRENT,1,0,OK,2.0,1.996,299.0,149.997,,1179.88,,,40.0,598.0
2026-08-06 11:16:53.467,2001565,300229,149997344,1179.880105,,601.131,0x00,0x00,CURRENT,1,0,OK,2.0,2.001,300.0,149.997,,1179.881,,,40.0,601.0
2026-08-06 11:16:54.355,2003078,300456,149997264,1179.879260,,602.019,0x00,0x00,CURRENT,1,0,OK,2.0,2.001,300.0,149.997,,1179.881,,,40.0,601.0
2026-08-06 11:16:55.170,2004515,300672,149997232,1179.878922,,602.834,0x00,0x00,CURRENT,1,0,OK,2.0,2.001,300.0,149.997,,1179.881,,,40.0,601.0
2026-08-06 11:16:56.004,2005712,300851,149997296,1179.879598,,603.668,0x00,0x00,CURRENT,1,0,OK,2.0,2.006,301.0,149.997,,1179.881,,,40.0,603.0
2026-08-06 11:16:56.855,2006840,301020,149997216,1179.878753,,604.519,0x00,0x00,CURRENT,1,0,OK,2.0,2.006,301.0,149.997,,1179.881,,,40.0,603.0
2026-08-06 11:16:57.689,2007916,301182,149997168,1179.878246,,605.353,0x00,0x00,CURRENT,1,0,OK,2.0,2.008,301.0,149.997,,1179.882,,,40.0,605.0
2026-08-06 11:16:58.504,2008779,301311,149997264,1179.879260,,606.168,0x00,0x00,CURRENT,1,0,OK,2.0,2.008,301.0,149.997,,1179.882,,,40.0,605.0
2026-08-06 11:16:59.818,2009431,301409,149997200,1179.878584,,607.482,0x00,0x00,CURRENT,1,0,OK,2.0,2.01,301.0,149.998,,1179.883,,,40.0,606.0
2026-08-06 11:17:00.633,2010049,301502,149997280,1179.879429,,608.298,0x00,0x00,CURRENT,1,0,OK,2.0,2.01,301.0,149.998,,1179.883,,,40.0,606.0
2026-08-06 11:17:01.467,2010464,301564,149997344,1179.880105,,609.132,0x00,0x00,CURRENT,1,0,OK,2.0,2.012,302.0,149.998,,1179.883,,,40.0,607.0
2026-08-06 11:17:02.355,2010691,301598,149997408,1179.880781,,610.019,0x00,0x00,CURRENT,1,0,OK,2.0,2.012,302.0,149.998,,1179.883,,,40.0,607.0
2026-08-06 11:17:03.169,2010903,301630,149997504,1179.881794,,610.834,0x00,0x00,CURRENT,1,0,OK,2.0,2.012,302.0,149.998,,1179.883,,,40.0,607.0
2026-08-06 11:17:04.003,2010937,301635,149997440,1179.881118,,611.668,0x00,0x00,CURRENT,1,0,OK,2.0,2.012,302.0,149.998,,1179.883,,,39.0,607.0
2026-08-06 11:17:04.855,2010804,301616,149997456,1179.881287,,612.519,0x00,0x00,CURRENT,1,0,OK,2.0,2.012,302.0,149.998,,1179.883,,,39.0,607.0
2026-08-06 11:17:05.688,2010674,301596,149997504,1179.881794,,613.353,0x00,0x00,CURRENT,1,0,OK,2.0,2.012,302.0,149.998,,1179.883,,,39.0,607.0
2026-08-06 11:17:06.503,2010392,301554,149997456,1179.881287,,614.168,0x00,0x00,CURRENT,1,0,OK,2.0,2.012,302.0,149.998,,1179.883,,,39.0,607.0
2026-08-06 11:17:07.817,2009947,301487,149997472,1179.881456,,615.482,0x00,0x00,CURRENT,1,0,OK,2.0,2.011,302.0,149.998,,1179.883,,,39.0,607.0
2026-08-06 11:17:08.632,2009365,301400,149997488,1179.881625,,616.297,0x00,0x00,CURRENT,1,0,OK,2.0,2.011,302.0,149.998,,1179.883,,,39.0,607.0
2026-08-06 11:17:09.466,2008810,301316,149997456,1179.881287,,617.131,0x00,0x00,CURRENT,1,0,OK,2.0,2.01,301.0,149.998,,1179.884,,,39.0,606.0
2026-08-06 11:17:10.354,2008155,301218,149997360,1179.880274,,618.019,0x00,0x00,CURRENT,1,0,OK,2.0,2.01,301.0,149.998,,1179.884,,,39.0,606.0
2026-08-06 11:17:11.169,2007537,301125,149997280,1179.879429,,618.834,0x00,0x00,CURRENT,1,0,OK,2.0,2.01,301.0,149.998,,1179.884,,,39.0,606.0
2026-08-06 11:17:12.003,2006781,301012,149997312,1179.879767,,619.668,0x00,0x00,CURRENT,1,0,OK,2.0,2.008,301.0,149.998,,1179.884,,,39.0,605.0
2026-08-06 11:17:12.854,2006059,300903,149997264,1179.879260,,620.519,0x00,0x00,CURRENT,1,0,OK,2.0,2.008,301.0,149.998,,1179.884,,,39.0,605.0
2026-08-06 11:17:13.688,2005366,300799,149997264,1179.879260,,621.353,0x00,0x00,CURRENT,1,0,OK,2.0,2.006,301.0,149.998,,1179.884,,,39.0,604.0
2026-08-06 11:17:14.503,2004542,300676,149997296,1179.879598,,622.168,0x00,0x00,CURRENT,1,0,OK,2.0,2.006,301.0,149.998,,1179.884,,,39.0,604.0
2026-08-06 11:17:15.817,2003765,300559,149997200,1179.878584,,623.482,0x00,0x00,CURRENT,1,0,OK,2.0,2.005,301.0,149.998,,1179.883,,,39.0,603.0
2026-08-06 11:17:16.632,2003026,300448,149997232,1179.878922,,624.297,0x00,0x00,CURRENT,1,0,OK,2.0,2.005,301.0,149.998,,1179.883,,,39.0,603.0
2026-08-06 11:17:17.466,2002328,300344,149997296,1179.879598,,625.131,0x00,0x00,CURRENT,1,0,OK,2.0,2.003,300.0,149.998,,1179.882,,,39.0,602.0
2026-08-06 11:17:18.354,2001656,300243,149997264,1179.879260,,626.019,0x00,0x00,CURRENT,1,0,OK,2.0,2.003,300.0,149.998,,1179.882,,,39.0,602.0
2026-08-06 11:17:19.169,2001016,300147,149997344,1179.880105,,626.834,0x00,0x00,CURRENT,1,0,OK,2.0,2.003,300.0,149.998,,1179.882,,,39.0,602.0
2026-08-06 11:17:20.003,2000245,300031,149997296,1179.879598,,627.668,0x00,0x00,CURRENT,1,0,OK,2.0,2.001,300.0,149.997,,1179.881,,,39.0,600.0
2026-08-06 11:17:20.854,1999509,299921,149997280,1179.879429,,628.519,0x00,0x00,CURRENT,1,0,OK,2.0,2.001,300.0,149.997,,1179.881,,,39.0,600.0
2026-08-06 11:17:21.688,1998982,299842,149997200,1179.878584,,629.353,0x00,0x00,CURRENT,1,0,OK,2.0,1.999,300.0,149.997,,1179.881,,,39.0,600.0
2026-08-06 11:17:22.503,1998477,299766,149997200,1179.878584,,630.168,0x00,0x00,CURRENT,1,0,OK,2.0,1.999,300.0,149.997,,1179.881,,,39.0,600.0
2026-08-06 11:17:23.817,1997993,299693,149997200,1179.878584,,631.482,0x00,0x00,CURRENT,1,0,OK,2.0,1.998,300.0,149.997,,1179.88,,,39.0,599.0
2026-08-06 11:17:24.632,1997537,299625,149997200,1179.878584,,632.297,0x00,0x00,CURRENT,1,0,OK,2.0,1.998,300.0,149.997,,1179.88,,,39.0,599.0
2026-08-06 11:17:25.466,1997110,299561,149997168,1179.878246,,633.131,0x00,0x00,CURRENT,1,0,OK,2.0,1.997,300.0,149.997,,1179.88,,,39.0,598.0
2026-08-06 11:17:26.355,1996705,299500,149997136,1179.877908,,634.020,0x00,0x00,CURRENT,1,0,OK,2.0,1.997,300.0,149.997,,1179.88,,,39.0,598.0
2026-08-06 11:17:27.170,1996307,299440,149997104,1179.877570,,634.835,0x00,0x00,CURRENT,1,0,OK,2.0,1.997,300.0,149.997,,1179.88,,,39.0,598.0
2026-08-06 11:17:28.004,1996104,299410,149997120,1179.877739,,635.669,0x00,0x00,CURRENT,1,0,OK,2.0,1.996,299.0,149.997,,1179.881,,,39.0,597.0
2026-08-06 11:17:28.853,1995913,299381,149997088,1179.877401,,636.518,0x00,0x00,CURRENT,1,0,OK,2.0,1.996,299.0,149.997,,1179.881,,,39.0,597.0
2026-08-06 11:17:29.687,1995728,299353,149997040,1179.876895,,637.352,0x00,0x00,CURRENT,1,0,OK,2.0,1.995,299.0,149.997,,1179.881,,,39.0,597.0
2026-08-06 11:17:30.502,1995547,299326,149997104,1179.877570,,638.167,0x00,0x00,CURRENT,1,0,OK,2.0,1.995,299.0,149.997,,1179.881,,,39.0,597.0
2026-08-06 11:17:31.816,1995560,299328,149997056,1179.877064,,639.481,0x00,0x00,CURRENT,1,0,OK,2.0,1.995,299.0,149.997,,1179.88,,,39.0,597.0
2026-08-06 11:17:32.631,1995563,299328,149996928,1179.875712,,640.296,0x00,0x00,CURRENT,1,0,OK,2.0,1.995,299.0,149.997,,1179.88,,,39.0,597.0
2026-08-06 11:17:33.465,1995574,299330,149996928,1179.875712,,641.130,0x00,0x00,CURRENT,1,0,OK,2.0,1.995,299.0,149.997,,1179.88,,,39.0,597.0
2026-08-06 11:17:34.354,1995711,299350,149996896,1179.875374,,642.019,0x00,0x00,CURRENT,1,0,OK,2.0,1.995,299.0,149.997,,1179.88,,,39.0,597.0
2026-08-06 11:17:35.169,1995837,299369,149996832,1179.874698,,642.834,0x00,0x00,CURRENT,1,0,OK,2.0,1.995,299.0,149.997,,1179.88,,,39.0,597.0
2026-08-06 11:17:36.003,1995956,299387,149996864,1179.875036,,643.668,0x00,0x00,CURRENT,1,0,OK,2.0,1.995,299.0,149.997,,1179.88,,,39.0,597.0
2026-08-06 11:17:36.855,1996063,299403,149996864,1179.875036,,644.520,0x00,0x00,CURRENT,1,0,OK,2.0,1.995,299.0,149.997,,1179.88,,,39.0,597.0
2026-08-06 11:17:37.689,1996333,299444,149996928,1179.875712,,645.354,0x00,0x00,CURRENT,1,0,OK,2.0,1.996,299.0,149.997,,1179.879,,,39.0,597.0
2026-08-06 11:17:38.504,1996588,299482,149997024,1179.876726,,646.169,0x00,0x00,CURRENT,1,0,OK,2.0,1.996,299.0,149.997,,1179.879,,,39.0,597.0
2026-08-06 11:17:39.818,1996836,299519,149997056,1179.877064,,647.483,0x00,0x00,CURRENT,1,0,OK,2.0,1.996,299.0,149.997,,1179.88,,,39.0,598.0
2026-08-06 11:17:40.633,1997067,299554,149996992,1179.876388,,648.298,0x00,0x00,CURRENT,1,0,OK,2.0,1.996,299.0,149.997,,1179.88,,,39.0,598.0
2026-08-06 11:17:41.467,1997454,299612,149997024,1179.876726,,649.132,0x00,0x00,CURRENT,1,0,OK,2.0,1.997,300.0,149.997,,1179.878,,,39.0,598.0
2026-08-06 11:17:42.354,1997824,299668,149996992,1179.876388,,650.019,0x00,0x00,CURRENT,1,0,OK,2.0,1.997,300.0,149.997,,1179.878,,,39.0,598.0
2026-08-06 11:17:43.169,1998173,299720,149997056,1179.877064,,650.834,0x00,0x00,CURRENT,1,0,OK,2.0,1.997,300.0,149.997,,1179.878,,,39.0,598.0
2026-08-06 11:17:44.003,1998508,299770,149997024,1179.876726,,651.668,0x00,0x00,CURRENT,1,0,OK,2.0,1.998,300.0,149.997,,1179.878,,,39.0,599.0
2026-08-06 11:17:44.855,1998831,299819,149996960,1179.876050,,652.520,0x00,0x00,CURRENT,1,0,OK,2.0,1.998,300.0,149.997,,1179.878,,,39.0,599.0
2026-08-06 11:17:45.689,1999141,299865,149996944,1179.875881,,653.353,0x00,0x00,CURRENT,1,0,OK,2.0,1.999,300.0,149.997,,1179.878,,,39.0,599.0
2026-08-06 11:17:46.504,1999431,299909,149996944,1179.875881,,654.169,0x00,0x00,CURRENT,1,0,OK,2.0,1.999,300.0,149.997,,1179.878,,,39.0,599.0
2026-08-06 11:17:47.818,1999703,299949,149996928,1179.875712,,655.482,0x00,0x00,CURRENT,1,0,OK,2.0,1.999,300.0,149.997,,1179.878,,,39.0,600.0
2026-08-06 11:17:48.633,1999961,299988,149996896,1179.875374,,656.298,0x00,0x00,CURRENT,1,0,OK,2.0,1.999,300.0,149.997,,1179.878,,,39.0,600.0
2026-08-06 11:17:49.467,2000209,300025,149996960,1179.876050,,657.132,0x00,0x00,CURRENT,1,0,OK,2.0,2.0,300.0,149.997,,1179.877,,,39.0,600.0
2026-08-06 11:17:50.354,2000435,300059,149996976,1179.876219,,658.019,0x00,0x00,CURRENT,1,0,OK,2.0,2.0,300.0,149.997,,1179.877,,,39.0,600.0
2026-08-06 11:17:51.169,2000650,300092,149997008,1179.876557,,658.833,0x00,0x00,CURRENT,1,0,OK,2.0,2.0,300.0,149.997,,1179.877,,,39.0,600.0
2026-08-06 11:17:52.003,2000856,300123,149997168,1179.878246,,659.668,0x00,0x00,CURRENT,1,0,OK,2.0,2.001,300.0,149.997,,1179.876,,,39.0,600.0
2026-08-06 11:17:52.855,2001062,300154,149997168,1179.878246,,660.520,0x00,0x00,CURRENT,1,0,OK,2.0,2.001,300.0,149.997,,1179.876,,,39.0,600.0
2026-08-06 11:17:53.689,2001256,300183,149997088,1179.877401,,661.354,0x00,0x00,CURRENT,1,0,OK,2.0,2.001,300.0,149.997,,1179.875,,,39.0,601.0
2026-08-06 11:17:54.504,2001442,300210,149997040,1179.876895,,662.169,0x00,0x00,CURRENT,1,0,OK,2.0,2.001,300.0,149.997,,1179.875,,,39.0,601.0
2026-08-06 11:17:55.818,2001622,300237,149997008,1179.876557,,663.483,0x00,0x00,CURRENT,1,0,OK,2.0,2.002,300.0,149.997,,1179.874,,,39.0,601.0
2026-08-06 11:17:56.633,2001794,300263,149997040,1179.876895,,664.298,0x00,0x00,CURRENT,1,0,OK,2.0,2.002,300.0,149.997,,1179.874,,,39.0,601.0
2026-08-06 11:17:57.467,2001791,300263,149997120,1179.877739,,665.132,0x00,0x00,CURRENT,1,0,OK,2.0,2.002,300.0,149.997,,1179.874,,,39.0,601.0
2026-08-06 11:17:58.353,2001786,300262,149997152,1179.878077,,666.018,0x00,0x00,CURRENT,1,0,OK,2.0,2.002,300.0,149.997,,1179.874,,,39.0,601.0
2026-08-06 11:17:59.169,2001779,300261,149997104,1179.877570,,666.834,0x00,0x00,CURRENT,1,0,OK,2.0,2.002,300.0,149.997,,1179.874,,,39.0,601.0
2026-08-06 11:18:00.003,2001769,300259,149997024,1179.876726,,667.668,0x00,0x00,CURRENT,1,0,OK,2.0,2.002,300.0,149.997,,1179.873,,,39.0,601.0
2026-08-06 11:18:00.855,2001748,300256,149997056,1179.877064,,668.520,0x00,0x00,CURRENT,1,0,OK,2.0,2.002,300.0,149.997,,1179.873,,,39.0,601.0
2026-08-06 11:18:01.689,2001737,300255,149997056,1179.877064,,669.354,0x00,0x00,CURRENT,1,0,OK,2.0,2.002,300.0,149.997,,1179.873,,,39.0,601.0
2026-08-06 11:18:02.504,2001728,300253,149997040,1179.876895,,670.169,0x00,0x00,CURRENT,1,0,OK,2.0,2.002,300.0,149.997,,1179.873,,,39.0,601.0
2026-08-06 11:18:03.818,2001718,300252,149997008,1179.876557,,671.483,0x00,0x00,CURRENT,1,0,OK,2.0,2.002,300.0,149.997,,1179.874,,,39.0,601.0
2026-08-06 11:18:04.633,2001534,300224,149997008,1179.876557,,672.298,0x00,0x00,CURRENT,1,0,OK,2.0,2.002,300.0,149.997,,1179.874,,,39.0,601.0
2026-08-06 11:18:05.467,2001367,300199,149997088,1179.877401,,673.131,0x00,0x00,CURRENT,1,0,OK,2.0,2.002,300.0,149.997,,1179.875,,,39.0,601.0
2026-08-06 11:18:06.354,2001207,300175,149997120,1179.877739,,674.019,0x00,0x00,CURRENT,1,0,OK,2.0,2.002,300.0,149.997,,1179.875,,,39.0,601.0
2026-08-06 11:18:07.169,2001056,300153,149997136,1179.877908,,674.834,0x00,0x00,CURRENT,1,0,OK,2.0,2.002,300.0,149.997,,1179.875,,,39.0,601.0
2026-08-06 11:18:08.003,2000913,300131,149997072,1179.877232,,675.668,0x00,0x00,CURRENT,1,0,OK,2.0,2.001,300.0,149.997,,1179.875,,,39.0,601.0
2026-08-06 11:18:08.854,2000774,300110,149997088,1179.877401,,676.519,0x00,0x00,CURRENT,1,0,OK,2.0,2.001,300.0,149.997,,1179.875,,,39.0,601.0
2026-08-06 11:18:09.688,2000649,300092,149997104,1179.877570,,677.353,0x00,0x00,CURRENT,1,0,OK,2.0,2.001,300.0,149.997,,1179.874,,,39.0,601.0
2026-08-06 11:18:10.503,2000530,300074,149997136,1179.877908,,678.168,0x00,0x00,CURRENT,1,0,OK,2.0,2.001,300.0,149.997,,1179.874,,,39.0,601.0
2026-08-06 11:18:11.817,2000413,300056,149997008,1179.876557,,679.481,0x00,0x00,CURRENT,1,0,OK,2.0,2.001,300.0,149.997,,1179.873,,,39.0,600.0
2026-08-06 11:18:12.632,2000305,300040,149997008,1179.876557,,680.296,0x00,0x00,CURRENT,1,0,OK,2.0,2.001,300.0,149.997,,1179.873,,,39.0,600.0
2026-08-06 11:18:13.466,2000204,300025,149996992,1179.876388,,681.131,0x00,0x00,CURRENT,1,0,OK,2.0,2.0,300.0,149.997,,1179.874,,,39.0,600.0
2026-08-06 11:18:14.353,2000109,300010,149997040,1179.876895,,682.018,0x00,0x00,CURRENT,1,0,OK,2.0,2.0,300.0,149.997,,1179.874,,,39.0,600.0
2026-08-06 11:18:15.169,2000013,299996,149997008,1179.876557,,682.833,0x00,0x00,CURRENT,1,0,OK,2.0,2.0,300.0,149.997,,1179.874,,,39.0,600.0
2026-08-06 11:18:16.003,1999916,299982,149997056,1179.877064,,683.668,0x00,0x00,CURRENT,1,0,OK,2.0,2.0,300.0,149.997,,1179.875,,,39.0,600.0
2026-08-06 11:18:16.853,1999828,299968,149996944,1179.875881,,684.518,0x00,0x00,CURRENT,1,0,OK,2.0,2.0,300.0,149.997,,1179.875,,,39.0,600.0
2026-08-06 11:18:17.688,1999752,299956,149996848,1179.874867,,685.352,0x00,0x00,CURRENT,1,0,OK,2.0,2.0,300.0,149.997,,1179.874,,,39.0,600.0
2026-08-06 11:18:18.503,1999684,299946,149996864,1179.875036,,686.167,0x00,0x00,CURRENT,1,0,OK,2.0,2.0,300.0,149.997,,1179.874,,,39.0,600.0
2026-08-06 11:18:19.817,1999615,299936,149996816,1179.874529,,687.481,0x00,0x00,CURRENT,1,0,OK,2.0,2.0,300.0,149.997,,1179.874,,,39.0,600.0
2026-08-06 11:18:20.632,1999543,299925,149996752,1179.873853,,688.296,0x00,0x00,CURRENT,1,0,OK,2.0,2.0,300.0,149.997,,1179.874,,,39.0,600.0
2026-08-06 11:18:21.466,1999481,299916,149996720,1179.873515,,689.130,0x00,0x00,CURRENT,1,0,OK,2.0,1.999,300.0,149.997,,1179.874,,,39.0,600.0
2026-08-06 11:18:22.353,1999421,299907,149996736,1179.873684,,690.018,0x00,0x00,CURRENT,1,0,OK,2.0,1.999,300.0,149.997,,1179.874,,,39.0,600.0
2026-08-06 11:18:23.169,1999361,299898,149996752,1179.873853,,690.833,0x00,0x00,CURRENT,1,0,OK,2.0,1.999,300.0,149.997,,1179.874,,,39.0,600.0
2026-08-06 11:18:24.003,1999311,299890,149996768,1179.874022,,691.668,0x00,0x00,CURRENT,1,0,OK,2.0,1.999,300.0,149.997,,1179.874,,,39.0,600.0
2026-08-06 11:18:24.854,1999262,299883,149996768,1179.874022,,692.518,0x00,0x00,CURRENT,1,0,OK,2.0,1.999,300.0,149.997,,1179.874,,,39.0,600.0
2026-08-06 11:18:25.688,1999206,299874,149996672,1179.873009,,693.352,0x00,0x00,CURRENT,1,0,OK,2.0,1.999,300.0,149.997,,1179.875,,,39.0,600.0
2026-08-06 11:18:26.503,1999157,299867,149996608,1179.872333,,694.167,0x00,0x00,CURRENT,1,0,OK,2.0,1.999,300.0,149.997,,1179.875,,,39.0,600.0
2026-08-06 11:18:27.817,1999110,299860,149996512,1179.871319,,695.481,0x00,0x00,CURRENT,1,0,OK,2.0,1.999,300.0,149.997,,1179.875,,,39.0,599.0
2026-08-06 11:18:28.632,1999069,299853,149996528,1179.871488,,696.296,0x00,0x00,CURRENT,1,0,OK,2.0,1.999,300.0,149.997,,1179.875,,,39.0,599.0
2026-08-06 11:18:29.466,1999026,299847,149996560,1179.871826,,697.131,0x00,0x00,CURRENT,1,0,OK,2.0,1.999,300.0,149.997,,1179.874,,,39.0,599.0
2026-08-06 11:18:30.353,1999158,299867,149996528,1179.871488,,698.018,0x00,0x00,CURRENT,1,0,OK,2.0,1.999,300.0,149.997,,1179.874,,,39.0,599.0
2026-08-06 11:18:31.168,1999287,299886,149996480,1179.870981,,698.833,0x00,0x00,CURRENT,1,0,OK,2.0,1.999,300.0,149.997,,1179.874,,,39.0,599.0
2026-08-06 11:18:32.002,1999411,299905,149996432,1179.870474,,699.667,0x00,0x00,CURRENT,1,0,OK,2.0,1.999,300.0,149.997,,1179.874,,,39.0,600.0
2026-08-06 11:18:32.853,1999518,299921,149996528,1179.871488,,700.518,0x00,0x00,CURRENT,1,0,OK,2.0,1.999,300.0,149.997,,1179.874,,,39.0,600.0
2026-08-06 11:18:33.687,1999620,299936,149996576,1179.871995,,701.352,0x00,0x00,CURRENT,1,0,OK,2.0,1.999,300.0,149.997,,1179.874,,,39.0,600.0
2026-08-06 11:18:34.502,1999715,299950,149996560,1179.871826,,702.167,0x00,0x00,CURRENT,1,0,OK,2.0,1.999,300.0,149.997,,1179.874,,,39.0,600.0
2026-08-06 11:18:35.816,1999805,299964,149996560,1179.871826,,703.481,0x00,0x00,CURRENT,1,0,OK,2.0,2.0,300.0,149.997,,1179.875,,,39.0,600.0
2026-08-06 11:18:36.631,1999895,299978,149996672,1179.873009,,704.296,0x00,0x00,CURRENT,1,0,OK,2.0,2.0,300.0,149.997,,1179.875,,,39.0,600.0
2026-08-06 11:18:37.465,1999976,299990,149996736,1179.873684,,705.130,0x00,0x00,CURRENT,1,0,OK,2.0,2.0,300.0,149.997,,1179.874,,,39.0,600.0
2026-08-06 11:18:38.353,2000053,300001,149996720,1179.873515,,706.018,0x00,0x00,CURRENT,1,0,OK,2.0,2.0,300.0,149.997,,1179.874,,,39.0,600.0
2026-08-06 11:18:39.168,2000131,300013,149996784,1179.874191,,706.833,0x00,0x00,CURRENT,1,0,OK,2.0,2.0,300.0,149.997,,1179.874,,,39.0,600.0
2026-08-06 11:18:40.003,2000205,300024,149996688,1179.873178,,707.667,0x00,0x00,CURRENT,1,0,OK,2.0,2.0,300.0,149.997,,1179.875,,,39.0,600.0
2026-08-06 11:18:40.853,2000272,300034,149996752,1179.873853,,708.518,0x00,0x00,CURRENT,1,0,OK,2.0,2.0,300.0,149.997,,1179.875,,,39.0,600.0
2026-08-06 11:18:41.688,2000333,300044,149996896,1179.875374,,709.352,0x00,0x00,CURRENT,1,0,OK,2.0,2.0,300.0,149.997,,1179.875,,,39.0,600.0
2026-08-06 11:18:42.502,2000398,300054,149996976,1179.876219,,710.167,0x00,0x00,CURRENT,1,0,OK,2.0,2.0,300.0,149.997,,1179.875,,,39.0,600.0
2026-08-06 11:18:43.816,2000456,300062,149996976,1179.876219,,711.481,0x00,0x00,CURRENT,1,0,OK,2.0,2.0,300.0,149.997,,1179.875,,,39.0,600.0
2026-08-06 11:18:44.631,2000516,300071,149996976,1179.876219,,712.296,0x00,0x00,CURRENT,1,0,OK,3.0,2.0,300.0,149.997,,1179.875,,,39.0,600.0
2026-08-06 11:18:45.873,2176229,326430,149997792,1179.884835,,713.538,0x00,0x00,CURRENT,1,0,OK,3.0,2.002,300.0,149.998,,1179.883,,,43.0,601.0
2026-08-06 11:18:46.688,2184956,327739,149997792,1179.884835,,714.353,0x00,0x00,CURRENT,1,0,OK,3.0,2.002,300.0,149.998,,1179.883,,,43.0,601.0
2026-08-06 11:18:47.522,2201802,330265,149997728,1179.884160,,715.187,0x00,0x00,CURRENT,1,0,OK,3.0,2.027,304.0,149.998,,1179.882,,,51.0,617.0
2026-08-06 11:18:48.355,2226194,333924,149997696,1179.883822,,716.020,0x00,0x00,CURRENT,1,0,OK,3.0,2.027,304.0,149.998,,1179.882,,,51.0,617.0
2026-08-06 11:18:49.170,2257418,338607,149997680,1179.883653,,716.835,0x00,0x00,CURRENT,1,0,OK,3.0,2.027,304.0,149.998,,1179.882,,,51.0,617.0
2026-08-06 11:18:50.004,2294815,344217,149997632,1179.883146,,717.669,0x00,0x00,CURRENT,1,0,OK,3.0,2.122,318.0,149.998,,1179.882,,,62.0,676.0
2026-08-06 11:18:50.853,2337582,350632,149997536,1179.882132,,718.518,0x00,0x00,CURRENT,1,0,OK,3.0,2.122,318.0,149.998,,1179.882,,,62.0,676.0
2026-08-06 11:18:51.687,2385110,357760,149997456,1179.881287,,719.352,0x00,0x00,CURRENT,1,0,OK,3.0,2.216,332.0,149.997,,1179.879,,,68.0,736.0
2026-08-06 11:18:52.502,2436823,365517,149997360,1179.880274,,720.167,0x00,0x00,CURRENT,1,0,OK,3.0,2.216,332.0,149.997,,1179.879,,,68.0,736.0
2026-08-06 11:18:53.408,2491839,373769,149997248,1179.879091,,721.073,0x00,0x00,CURRENT,1,0,OK,3.0,2.327,349.0,149.997,,1179.878,,,74.0,812.0
2026-08-06 11:18:54.723,2554321,383141,149997184,1179.878415,,722.388,0x00,0x00,CURRENT,1,0,OK,3.0,2.327,349.0,149.997,,1179.878,,,74.0,812.0
2026-08-06 11:18:55.557,2617884,392675,149997040,1179.876895,,723.222,0x00,0x00,CURRENT,1,0,OK,3.0,2.515,377.0,149.997,,1179.875,,,81.0,949.0
2026-08-06 11:18:56.372,2681960,402286,149996896,1179.875374,,724.037,0x00,0x00,CURRENT,1,0,OK,3.0,2.515,377.0,149.997,,1179.875,,,81.0,949.0
2026-08-06 11:18:57.187,2746021,411895,149996896,1179.875374,,724.852,0x00,0x00,CURRENT,1,0,OK,3.0,2.515,377.0,149.997,,1179.875,,,81.0,949.0
2026-08-06 11:18:58.021,2809402,421402,149996880,1179.875205,,725.686,0x00,0x00,CURRENT,1,0,OK,3.0,2.712,407.0,149.997,,1179.874,,,85.0,1103.0
2026-08-06 11:18:58.854,2871628,430735,149996800,1179.874360,,726.519,0x00,0x00,CURRENT,1,0,OK,3.0,2.712,407.0,149.997,,1179.874,,,85.0,1103.0
2026-08-06 11:18:59.688,2932083,439803,149996800,1179.874360,,727.353,0x00,0x00,CURRENT,1,0,OK,3.0,2.841,426.0,149.997,,1179.873,,,86.0,1211.0
2026-08-06 11:19:00.504,2990361,448545,149996800,1179.874360,,728.168,0x00,0x00,CURRENT,1,0,OK,3.0,2.841,426.0,149.997,,1179.873,,,86.0,1211.0
2026-08-06 11:19:01.817,3045891,456874,149996736,1179.873684,,729.482,0x00,0x00,CURRENT,1,0,OK,3.0,2.963,444.0,149.997,,1179.872,,,87.0,1317.0
2026-08-06 11:19:02.632,3097973,464686,149996704,1179.873347,,730.297,0x00,0x00,CURRENT,1,0,OK,3.0,2.963,444.0,149.997,,1179.872,,,87.0,1317.0
2026-08-06 11:19:03.466,3146441,471956,149996688,1179.873178,,731.131,0x00,0x00,CURRENT,1,0,OK,3.0,3.125,469.0,149.996,,1179.871,,,86.0,1464.0
2026-08-06 11:19:04.355,3190971,478635,149996624,1179.872502,,732.020,0x00,0x00,CURRENT,1,0,OK,3.0,3.125,469.0,149.996,,1179.871,,,86.0,1464.0
2026-08-06 11:19:05.170,3231267,484679,149996576,1179.871995,,732.835,0x00,0x00,CURRENT,1,0,OK,3.0,3.125,469.0,149.996,,1179.871,,,86.0,1464.0
2026-08-06 11:19:06.004,3267356,490092,149996560,1179.871826,,733.669,0x00,0x00,CURRENT,1,0,OK,3.0,3.254,488.0,149.996,,1179.87,,,83.0,1588.0
2026-08-06 11:19:06.854,3299119,494856,149996512,1179.871319,,734.519,0x00,0x00,CURRENT,1,0,OK,3.0,3.254,488.0,149.996,,1179.87,,,83.0,1588.0
2026-08-06 11:19:07.688,3326435,498954,149996496,1179.871150,,735.353,0x00,0x00,CURRENT,1,0,OK,3.0,3.32,498.0,149.996,,1179.868,,,81.0,1653.0
2026-08-06 11:19:08.503,3349370,502394,149996512,1179.871319,,736.168,0x00,0x00,CURRENT,1,0,OK,3.0,3.32,498.0,149.996,,1179.868,,,81.0,1653.0
2026-08-06 11:19:09.817,3364640,504684,149996464,1179.870812,,737.482,0x00,0x00,CURRENT,1,0,OK,3.0,3.368,505.0,149.996,,1179.87,,,78.0,1701.0
2026-08-06 11:19:10.632,3375609,506330,149996496,1179.871150,,738.297,0x00,0x00,CURRENT,1,0,OK,3.0,3.368,505.0,149.996,,1179.87,,,78.0,1701.0
2026-08-06 11:19:11.466,3382320,507336,149996512,1179.871319,,739.131,0x00,0x00,CURRENT,1,0,OK,3.0,3.408,511.0,149.996,,1179.868,,,73.0,1742.0
2026-08-06 11:19:12.354,3385164,507763,149996464,1179.870812,,740.019,0x00,0x00,CURRENT,1,0,OK,3.0,3.408,511.0,149.996,,1179.868,,,73.0,1742.0
2026-08-06 11:19:13.169,3384160,507612,149996432,1179.870474,,740.834,0x00,0x00,CURRENT,1,0,OK,3.0,3.408,511.0,149.996,,1179.868,,,73.0,1742.0
2026-08-06 11:19:14.003,3379511,506915,149996480,1179.870981,,741.668,0x00,0x00,CURRENT,1,0,OK,3.0,3.412,512.0,149.996,,1179.869,,,68.0,1746.0
2026-08-06 11:19:14.854,3371563,505723,149996496,1179.871150,,742.519,0x00,0x00,CURRENT,1,0,OK,3.0,3.412,512.0,149.996,,1179.869,,,68.0,1746.0
2026-08-06 11:19:15.688,3360481,504060,149996512,1179.871319,,743.353,0x00,0x00,CURRENT,1,0,OK,3.0,3.397,510.0,149.996,,1179.868,,,65.0,1731.0
2026-08-06 11:19:16.503,3346591,501977,149996496,1179.871150,,744.168,0x00,0x00,CURRENT,1,0,OK,3.0,3.397,510.0,149.996,,1179.868,,,65.0,1731.0
2026-08-06 11:19:17.817,3326993,499037,149996512,1179.871319,,745.482,0x00,0x00,CURRENT,1,0,OK,3.0,3.369,505.0,149.996,,1179.869,,,62.0,1703.0
2026-08-06 11:19:18.632,3305522,495817,149996544,1179.871657,,746.297,0x00,0x00,CURRENT,1,0,OK,3.0,3.369,505.0,149.996,,1179.869,,,62.0,1703.0
2026-08-06 11:19:19.466,3282265,492328,149996496,1179.871150,,747.131,0x00,0x00,CURRENT,1,0,OK,3.0,3.31,497.0,149.996,,1179.869,,,58.0,1644.0
2026-08-06 11:19:20.354,3257653,488636,149996432,1179.870474,,748.019,0x00,0x00,CURRENT,1,0,OK,3.0,3.31,497.0,149.996,,1179.869,,,58.0,1644.0
2026-08-06 11:19:21.169,3232088,484802,149996432,1179.870474,,748.834,0x00,0x00,CURRENT,1,0,OK,3.0,3.31,497.0,149.996,,1179.869,,,58.0,1644.0
2026-08-06 11:19:22.003,3205618,480831,149996432,1179.870474,,749.668,0x00,0x00,CURRENT,1,0,OK,3.0,3.236,485.0,149.996,,1179.87,,,55.0,1571.0
2026-08-06 11:19:22.854,3178641,476785,149996384,1179.869967,,750.519,0x00,0x00,CURRENT,1,0,OK,3.0,3.236,485.0,149.996,,1179.87,,,55.0,1571.0
2026-08-06 11:19:23.688,3151495,472713,149996384,1179.869967,,751.353,0x00,0x00,CURRENT,1,0,OK,3.0,3.182,477.0,149.996,,1179.87,,,54.0,1519.0
2026-08-06 11:19:24.503,3124365,468644,149996400,1179.870136,,752.168,0x00,0x00,CURRENT,1,0,OK,3.0,3.182,477.0,149.996,,1179.87,,,54.0,1519.0
2026-08-06 11:19:25.817,3096575,464475,149996352,1179.869630,,753.482,0x00,0x00,CURRENT,1,0,OK,3.0,3.128,469.0,149.996,,1179.87,,,52.0,1467.0
2026-08-06 11:19:26.632,3069504,460414,149996336,1179.869461,,754.296,0x00,0x00,CURRENT,1,0,OK,3.0,3.128,469.0,149.996,,1179.87,,,52.0,1467.0
2026-08-06 11:19:27.466,3043288,456482,149996416,1179.870305,,755.131,0x00,0x00,CURRENT,1,0,OK,3.0,3.048,457.0,149.996,,1179.87,,,52.0,1394.0
2026-08-06 11:19:28.354,3018212,452721,149996416,1179.870305,,756.019,0x00,0x00,CURRENT,1,0,OK,3.0,3.048,457.0,149.996,,1179.87,,,52.0,1394.0
2026-08-06 11:19:29.169,2994390,449148,149996480,1179.870981,,756.834,0x00,0x00,CURRENT,1,0,OK,3.0,3.048,457.0,149.996,,1179.87,,,52.0,1394.0
2026-08-06 11:19:30.003,2971923,445778,149996512,1179.871319,,757.668,0x00,0x00,CURRENT,1,0,OK,3.0,2.976,446.0,149.996,,1179.871,,,52.0,1328.0
2026-08-06 11:19:30.855,2951081,442652,149996544,1179.871657,,758.520,0x00,0x00,CURRENT,1,0,OK,3.0,2.976,446.0,149.996,,1179.871,,,52.0,1328.0
2026-08-06 11:19:31.689,2931782,439757,149996560,1179.871826,,759.353,0x00,0x00,CURRENT,1,0,OK,3.0,2.934,440.0,149.996,,1179.871,,,52.0,1292.0
2026-08-06 11:19:32.503,2914289,437133,149996544,1179.871657,,760.168,0x00,0x00,CURRENT,1,0,OK,3.0,2.934,440.0,149.996,,1179.871,,,52.0,1292.0
2026-08-06 11:19:33.818,2899521,434918,149996544,1179.871657,,761.483,0x00,0x00,CURRENT,1,0,OK,3.0,2.899,435.0,149.996,,1179.871,,,53.0,1261.0
2026-08-06 11:19:34.633,2886665,432990,149996576,1179.871995,,762.298,0x00,0x00,CURRENT,1,0,OK,3.0,2.899,435.0,149.996,,1179.871,,,53.0,1261.0
2026-08-06 11:19:35.467,2875622,431334,149996624,1179.872502,,763.131,0x00,0x00,CURRENT,1,0,OK,3.0,2.86,429.0,149.996,,1179.87,,,54.0,1227.0
2026-08-06 11:19:36.354,2866472,429961,149996608,1179.872333,,764.019,0x00,0x00,CURRENT,1,0,OK,3.0,2.86,429.0,149.996,,1179.87,,,54.0,1227.0
2026-08-06 11:19:37.169,2859119,428858,149996608,1179.872333,,764.833,0x00,0x00,CURRENT,1,0,OK,3.0,2.86,429.0,149.996,,1179.87,,,54.0,1227.0
2026-08-06 11:19:38.003,2853648,428038,149996624,1179.872502,,765.667,0x00,0x00,CURRENT,1,0,OK,3.0,2.836,425.0,149.996,,1179.871,,,56.0,1206.0
2026-08-06 11:19:38.854,2849958,427484,149996624,1179.872502,,766.519,0x00,0x00,CURRENT,1,0,OK,3.0,2.836,425.0,149.996,,1179.871,,,56.0,1206.0
2026-08-06 11:19:39.688,2847968,427186,149996672,1179.873009,,767.352,0x00,0x00,CURRENT,1,0,OK,3.0,2.829,424.0,149.996,,1179.871,,,57.0,1200.0
2026-08-06 11:19:40.503,2847593,427129,149996672,1179.873009,,768.167,0x00,0x00,CURRENT,1,0,OK,3.0,2.829,424.0,149.996,,1179.871,,,57.0,1200.0
2026-08-06 11:19:41.817,2850089,427504,149996608,1179.872333,,769.482,0x00,0x00,CURRENT,1,0,OK,3.0,2.829,424.0,149.997,,1179.872,,,59.0,1200.0
2026-08-06 11:19:42.632,2853963,428085,149996688,1179.873178,,770.297,0x00,0x00,CURRENT,1,0,OK,3.0,2.829,424.0,149.997,,1179.872,,,59.0,1200.0
2026-08-06 11:19:43.466,2859162,428865,149996672,1179.873009,,771.131,0x00,0x00,CURRENT,1,0,OK,3.0,2.839,426.0,149.996,,1179.87,,,61.0,1209.0
2026-08-06 11:19:44.354,2865455,429809,149996656,1179.872840,,772.019,0x00,0x00,CURRENT,1,0,OK,3.0,2.839,426.0,149.996,,1179.87,,,61.0,1209.0
2026-08-06 11:19:45.170,2872775,430907,149996688,1179.873178,,772.835,0x00,0x00,CURRENT,1,0,OK,3.0,2.839,426.0,149.996,,1179.87,,,61.0,1209.0
2026-08-06 11:19:46.004,2880906,432126,149996704,1179.873347,,773.669,0x00,0x00,CURRENT,1,0,OK,3.0,2.86,429.0,149.996,,1179.87,,,63.0,1227.0
2026-08-06 11:19:46.855,2889808,433462,149996704,1179.873347,,774.519,0x00,0x00,CURRENT,1,0,OK,3.0,2.86,429.0,149.996,,1179.87,,,63.0,1227.0
2026-08-06 11:19:47.689,2899279,434882,149996784,1179.874191,,775.353,0x00,0x00,CURRENT,1,0,OK,3.0,2.878,432.0,149.996,,1179.871,,,64.0,1242.0
2026-08-06 11:19:48.503,2909289,436384,149996784,1179.874191,,776.168,0x00,0x00,CURRENT,1,0,OK,3.0,2.878,432.0,149.996,,1179.871,,,64.0,1242.0
2026-08-06 11:19:49.818,2920478,438062,149996736,1179.873684,,777.482,0x00,0x00,CURRENT,1,0,OK,3.0,2.899,435.0,149.997,,1179.871,,,64.0,1260.0
2026-08-06 11:19:50.633,2931784,439758,149996672,1179.873009,,778.297,0x00,0x00,CURRENT,1,0,OK,3.0,2.899,435.0,149.997,,1179.871,,,64.0,1260.0
2026-08-06 11:19:51.467,2943202,441470,149996624,1179.872502,,779.131,0x00,0x00,CURRENT,1,0,OK,3.0,2.932,440.0,149.996,,1179.871,,,65.0,1289.0
2026-08-06 11:19:52.354,2954544,443172,149996640,1179.872671,,780.018,0x00,0x00,CURRENT,1,0,OK,3.0,2.932,440.0,149.996,,1179.871,,,65.0,1289.0
2026-08-06 11:19:53.169,2965657,444839,149996608,1179.872333,,780.833,0x00,0x00,CURRENT,1,0,OK,3.0,2.932,440.0,149.996,,1179.871,,,65.0,1289.0
2026-08-06 11:19:54.003,2976554,446473,149996560,1179.871826,,781.667,0x00,0x00,CURRENT,1,0,OK,3.0,2.966,445.0,149.996,,1179.871,,,66.0,1319.0
2026-08-06 11:19:54.854,2987067,448050,149996624,1179.872502,,782.518,0x00,0x00,CURRENT,1,0,OK,3.0,2.966,445.0,149.996,,1179.871,,,66.0,1319.0
2026-08-06 11:19:55.688,2997224,449573,149996624,1179.872502,,783.352,0x00,0x00,CURRENT,1,0,OK,3.0,2.987,448.0,149.996,,1179.871,,,66.0,1339.0
2026-08-06 11:19:56.503,3006877,451021,149996608,1179.872333,,784.167,0x00,0x00,CURRENT,1,0,OK,3.0,2.987,448.0,149.996,,1179.871,,,66.0,1339.0
2026-08-06 11:19:57.817,3015879,452372,149996608,1179.872333,,785.481,0x00,0x00,CURRENT,1,0,OK,3.0,3.007,451.0,149.996,,1179.871,,,66.0,1356.0
2026-08-06 11:19:58.632,3024101,453605,149996624,1179.872502,,786.297,0x00,0x00,CURRENT,1,0,OK,3.0,3.007,451.0,149.996,,1179.871,,,66.0,1356.0
2026-08-06 11:19:59.466,3031747,454752,149996640,1179.872671,,787.130,0x00,0x00,CURRENT,1,0,OK,3.0,3.033,455.0,149.996,,1179.87,,,66.0,1379.0
2026-08-06 11:20:00.353,3038667,455790,149996560,1179.871826,,788.018,0x00,0x00,CURRENT,1,0,OK,3.0,3.033,455.0,149.996,,1179.87,,,66.0,1379.0
2026-08-06 11:20:01.168,3044747,456701,149996544,1179.871657,,788.833,0x00,0x00,CURRENT,1,0,OK,3.0,3.033,455.0,149.996,,1179.87,,,66.0,1379.0
2026-08-06 11:20:02.003,3050174,457516,149996560,1179.871826,,789.667,0x00,0x00,CURRENT,1,0,OK,3.0,3.052,458.0,149.996,,1179.871,,,65.0,1397.0
2026-08-06 11:20:02.853,3054828,458214,149996560,1179.871826,,790.518,0x00,0x00,CURRENT,1,0,OK,3.0,3.052,458.0,149.996,,1179.871,,,65.0,1397.0
2026-08-06 11:20:03.687,3058580,458777,149996592,1179.872164,,791.352,0x00,0x00,CURRENT,1,0,OK,3.0,3.061,459.0,149.996,,1179.871,,,65.0,1406.0
2026-08-06 11:20:04.503,3061639,459236,149996640,1179.872671,,792.168,0x00,0x00,CURRENT,1,0,OK,3.0,3.061,459.0,149.996,,1179.871,,,65.0,1406.0
2026-08-06 11:20:05.817,3063365,459494,149996560,1179.871826,,793.481,0x00,0x00,CURRENT,1,0,OK,3.0,3.068,460.0,149.996,,1179.871,,,64.0,1411.0
2026-08-06 11:20:06.631,3064328,459639,149996544,1179.871657,,794.296,0x00,0x00,CURRENT,1,0,OK,3.0,3.068,460.0,149.996,,1179.871,,,64.0,1411.0
2026-08-06 11:20:07.465,3064564,459674,149996576,1179.871995,,795.130,0x00,0x00,CURRENT,1,0,OK,3.0,3.071,461.0,149.996,,1179.87,,,63.0,1415.0
2026-08-06 11:20:08.353,3064291,459633,149996576,1179.871995,,796.018,0x00,0x00,CURRENT,1,0,OK,3.0,3.071,461.0,149.996,,1179.87,,,63.0,1415.0
2026-08-06 11:20:09.168,3063356,459493,149996592,1179.872164,,796.833,0x00,0x00,CURRENT,1,0,OK,3.0,3.071,461.0,149.996,,1179.87,,,63.0,1415.0
2026-08-06 11:20:10.002,3061790,459258,149996560,1179.871826,,797.667,0x00,0x00,CURRENT,1,0,OK,3.0,3.069,460.0,149.996,,1179.871,,,63.0,1413.0
2026-08-06 11:20:10.854,3059811,458961,149996608,1179.872333,,798.519,0x00,0x00,CURRENT,1,0,OK,3.0,3.069,460.0,149.996,,1179.871,,,63.0,1413.0
2026-08-06 11:20:11.688,3057262,458579,149996576,1179.871995,,799.353,0x00,0x00,CURRENT,1,0,OK,3.0,3.065,460.0,149.996,,1179.871,,,62.0,1409.0
2026-08-06 11:20:12.503,3054322,458138,149996640,1179.872671,,800.168,0x00,0x00,CURRENT,1,0,OK,3.0,3.065,460.0,149.996,,1179.871,,,62.0,1409.0
2026-08-06 11:20:13.817,3050533,457570,149996640,1179.872671,,801.482,0x00,0x00,CURRENT,1,0,OK,3.0,3.059,459.0,149.996,,1179.871,,,62.0,1404.0
2026-08-06 11:20:14.632,3046418,456952,149996624,1179.872502,,802.297,0x00,0x00,CURRENT,1,0,OK,3.0,3.059,459.0,149.996,,1179.871,,,62.0,1404.0
2026-08-06 11:20:15.466,3042168,456315,149996640,1179.872671,,803.131,0x00,0x00,CURRENT,1,0,OK,3.0,3.048,457.0,149.996,,1179.87,,,61.0,1393.0
2026-08-06 11:20:16.354,3037631,455634,149996656,1179.872840,,804.019,0x00,0x00,CURRENT,1,0,OK,3.0,3.048,457.0,149.996,,1179.87,,,61.0,1393.0
2026-08-06 11:20:17.169,3032983,454937,149996656,1179.872840,,804.834,0x00,0x00,CURRENT,1,0,OK,3.0,3.048,457.0,149.996,,1179.87,,,61.0,1393.0
2026-08-06 11:20:18.003,3028400,454250,149996688,1179.873178,,805.668,0x00,0x00,CURRENT,1,0,OK,3.0,3.034,455.0,149.996,,1179.869,,,60.0,1381.0
2026-08-06 11:20:18.854,3023705,453546,149996688,1179.873178,,806.519,0x00,0x00,CURRENT,1,0,OK,3.0,3.034,455.0,149.996,,1179.869,,,60.0,1381.0
2026-08-06 11:20:19.688,3019078,452852,149996672,1179.873009,,807.353,0x00,0x00,CURRENT,1,0,OK,3.0,3.025,454.0,149.996,,1179.87,,,60.0,1372.0
2026-08-06 11:20:20.503,3014509,452166,149996656,1179.872840,,808.168,0x00,0x00,CURRENT,1,0,OK,3.0,3.025,454.0,149.996,,1179.87,,,60.0,1372.0
2026-08-06 11:20:21.817,3009836,451465,149996592,1179.872164,,809.482,0x00,0x00,CURRENT,1,0,OK,3.0,3.015,452.0,149.996,,1179.87,,,60.0,1364.0
2026-08-06 11:20:22.632,3005401,450800,149996576,1179.871995,,810.297,0x00,0x00,CURRENT,1,0,OK,3.0,3.015,452.0,149.996,,1179.87,,,60.0,1364.0
2026-08-06 11:20:23.466,3001185,450167,149996544,1179.871657,,811.131,0x00,0x00,CURRENT,1,0,OK,3.0,3.002,450.0,149.996,,1179.87,,,60.0,1352.0
2026-08-06 11:20:24.355,2997175,449566,149996512,1179.871319,,812.020,0x00,0x00,CURRENT,1,0,OK,3.0,3.002,450.0,149.996,,1179.87,,,60.0,1352.0
2026-08-06 11:20:25.170,2993362,448994,149996496,1179.871150,,812.835,0x00,0x00,CURRENT,1,0,OK,3.0,3.002,450.0,149.996,,1179.87,,,60.0,1352.0
2026-08-06 11:20:26.004,2989910,448476,149996448,1179.870643,,813.669,0x00,0x00,CURRENT,1,0,OK,3.0,2.991,449.0,149.996,,1179.87,,,60.0,1341.0
2026-08-06 11:20:26.854,2986635,447985,149996432,1179.870474,,814.519,0x00,0x00,CURRENT,1,0,OK,3.0,2.991,449.0,149.996,,1179.87,,,60.0,1341.0
2026-08-06 11:20:27.688,2983688,447543,149996512,1179.871319,,815.353,0x00,0x00,CURRENT,1,0,OK,3.0,2.984,448.0,149.996,,1179.87,,,60.0,1336.0
2026-08-06 11:20:28.503,2981063,447149,149996480,1179.870981,,816.168,0x00,0x00,CURRENT,1,0,OK,3.0,2.984,448.0,149.996,,1179.87,,,60.0,1336.0
2026-08-06 11:20:29.817,2979082,446852,149996448,1179.870643,,817.482,0x00,0x00,CURRENT,1,0,OK,3.0,2.979,447.0,149.996,,1179.87,,,60.0,1331.0
2026-08-06 11:20:30.632,2977362,446594,149996448,1179.870643,,818.297,0x00,0x00,CURRENT,1,0,OK,3.0,2.979,447.0,149.996,,1179.87,,,60.0,1331.0
2026-08-06 11:20:31.466,2975904,446375,149996464,1179.870812,,819.131,0x00,0x00,CURRENT,1,0,OK,3.0,2.973,446.0,149.996,,1179.87,,,61.0,1326.0
2026-08-06 11:20:32.353,2974862,446219,149996432,1179.870474,,820.018,0x00,0x00,CURRENT,1,0,OK,3.0,2.973,446.0,149.996,,1179.87,,,61.0,1326.0
2026-08-06 11:20:33.168,2974041,446096,149996448,1179.870643,,820.833,0x00,0x00,CURRENT,1,0,OK,3.0,2.973,446.0,149.996,,1179.87,,,61.0,1326.0
2026-08-06 11:20:34.002,2973591,446028,149996512,1179.871319,,821.667,0x00,0x00,CURRENT,1,0,OK,3.0,2.971,446.0,149.996,,1179.87,,,61.0,1324.0
2026-08-06 11:20:34.854,2973343,445991,149996448,1179.870643,,822.519,0x00,0x00,CURRENT,1,0,OK,3.0,2.971,446.0,149.996,,1179.87,,,61.0,1324.0
2026-08-06 11:20:35.688,2973434,446005,149996480,1179.870981,,823.353,0x00,0x00,CURRENT,1,0,OK,3.0,2.97,446.0,149.996,,1179.87,,,61.0,1323.0
2026-08-06 11:20:36.503,2973857,446068,149996448,1179.870643,,824.168,0x00,0x00,CURRENT,1,0,OK,3.0,2.97,446.0,149.996,,1179.87,,,61.0,1323.0
2026-08-06 11:20:37.817,2974764,446204,149996464,1179.870812,,825.482,0x00,0x00,CURRENT,1,0,OK,3.0,2.971,446.0,149.996,,1179.87,,,61.0,1324.0
2026-08-06 11:20:38.632,2975791,446358,149996480,1179.870981,,826.297,0x00,0x00,CURRENT,1,0,OK,3.0,2.971,446.0,149.996,,1179.87,,,61.0,1324.0
2026-08-06 11:20:39.466,2976937,446530,149996400,1179.870136,,827.131,0x00,0x00,CURRENT,1,0,OK,3.0,2.974,446.0,149.996,,1179.868,,,62.0,1327.0
2026-08-06 11:20:40.355,2978361,446743,149996352,1179.869630,,828.020,0x00,0x00,CURRENT,1,0,OK,3.0,2.974,446.0,149.996,,1179.868,,,62.0,1327.0
2026-08-06 11:20:41.170,2979885,446972,149996400,1179.870136,,828.835,0x00,0x00,CURRENT,1,0,OK,3.0,2.974,446.0,149.996,,1179.868,,,62.0,1327.0
2026-08-06 11:20:42.004,2981503,447215,149996416,1179.870305,,829.669,0x00,0x00,CURRENT,1,0,OK,3.0,2.978,447.0,149.996,,1179.868,,,62.0,1330.0
2026-08-06 11:20:42.854,2983205,447470,149996432,1179.870474,,830.519,0x00,0x00,CURRENT,1,0,OK,3.0,2.978,447.0,149.996,,1179.868,,,62.0,1330.0
2026-08-06 11:20:43.688,2984991,447738,149996400,1179.870136,,831.353,0x00,0x00,CURRENT,1,0,OK,3.0,2.982,447.0,149.996,,1179.868,,,62.0,1334.0
2026-08-06 11:20:44.503,2986862,448019,149996464,1179.870812,,832.168,0x00,0x00,CURRENT,1,0,OK,3.0,2.982,447.0,149.996,,1179.868,,,62.0,1334.0
2026-08-06 11:20:45.817,2988802,448310,149996416,1179.870305,,833.482,0x00,0x00,CURRENT,1,0,OK,3.0,2.986,448.0,149.996,,1179.869,,,62.0,1337.0
2026-08-06 11:20:46.632,2990818,448612,149996416,1179.870305,,834.297,0x00,0x00,CURRENT,1,0,OK,3.0,2.986,448.0,149.996,,1179.869,,,62.0,1337.0
2026-08-06 11:20:47.466,2992733,448899,149996416,1179.870305,,835.131,0x00,0x00,CURRENT,1,0,OK,3.0,2.991,449.0,149.996,,1179.869,,,63.0,1342.0
2026-08-06 11:20:48.354,2994724,449198,149996304,1179.869123,,836.019,0x00,0x00,CURRENT,1,0,OK,3.0,2.991,449.0,149.996,,1179.869,,,63.0,1342.0
2026-08-06 11:20:49.169,2996616,449481,149996320,1179.869292,,836.834,0x00,0x00,CURRENT,1,0,OK,3.0,2.991,449.0,149.996,,1179.869,,,63.0,1342.0
2026-08-06 11:20:50.003,2998407,449750,149996272,1179.868785,,837.668,0x00,0x00,CURRENT,1,0,OK,3.0,2.997,450.0,149.996,,1179.869,,,63.0,1347.0
2026-08-06 11:20:50.854,3000113,450006,149996304,1179.869123,,838.519,0x00,0x00,CURRENT,1,0,OK,3.0,2.997,450.0,149.996,,1179.869,,,63.0,1347.0
2026-08-06 11:20:51.688,3001734,450249,149996272,1179.868785,,839.353,0x00,0x00,CURRENT,1,0,OK,3.0,3.001,450.0,149.996,,1179.869,,,63.0,1350.0
2026-08-06 11:20:52.503,3003274,450480,149996256,1179.868616,,840.168,0x00,0x00,CURRENT,1,0,OK,3.0,3.001,450.0,149.996,,1179.869,,,63.0,1350.0
2026-08-06 11:20:53.817,3004576,450675,149996240,1179.868447,,841.482,0x00,0x00,CURRENT,1,0,OK,3.0,3.004,451.0,149.996,,1179.869,,,63.0,1353.0
2026-08-06 11:20:54.632,3005808,450860,149996256,1179.868616,,842.297,0x00,0x00,CURRENT,1,0,OK,3.0,3.004,451.0,149.996,,1179.869,,,63.0,1353.0
2026-08-06 11:20:55.466,3006979,451035,149996208,1179.868109,,843.131,0x00,0x00,CURRENT,1,0,OK,3.0,3.007,451.0,149.996,,1179.868,,,62.0,1357.0
2026-08-06 11:20:56.354,3007933,451178,149996160,1179.867602,,844.019,0x00,0x00,CURRENT,1,0,OK,3.0,3.007,451.0,149.996,,1179.868,,,62.0,1357.0
2026-08-06 11:20:57.169,3008830,451313,149996176,1179.867771,,844.834,0x00,0x00,CURRENT,1,0,OK,3.0,3.007,451.0,149.996,,1179.868,,,62.0,1357.0
2026-08-06 11:20:58.003,3009522,451417,149996128,1179.867264,,845.668,0x00,0x00,CURRENT,1,0,OK,3.0,3.01,452.0,149.996,,1179.867,,,62.0,1359.0
2026-08-06 11:20:58.854,3010176,451515,149996112,1179.867095,,846.519,0x00,0x00,CURRENT,1,0,OK,3.0,3.01,452.0,149.996,,1179.867,,,62.0,1359.0
2026-08-06 11:20:59.688,3010632,451583,149996112,1179.867095,,847.353,0x00,0x00,CURRENT,1,0,OK,3.0,3.011,452.0,149.996,,1179.867,,,62.0,1360.0
2026-08-06 11:21:00.503,3010887,451621,149996112,1179.867095,,848.168,0x00,0x00,CURRENT,1,0,OK,3.0,3.011,452.0,149.996,,1179.867,,,62.0,1360.0
2026-08-06 11:21:01.817,3010956,451632,149996096,1179.866926,,849.482,0x00,0x00,CURRENT,1,0,OK,3.0,3.012,452.0,149.996,,1179.868,,,62.0,1361.0
2026-08-06 11:21:02.632,3011029,451643,149996128,1179.867264,,850.297,0x00,0x00,CURRENT,1,0,OK,3.0,3.012,452.0,149.996,,1179.868,,,62.0,1361.0
2026-08-06 11:21:03.466,3010925,451627,149996112,1179.867095,,851.131,0x00,0x00,CURRENT,1,0,OK,3.0,3.012,452.0,149.996,,1179.869,,,62.0,1361.0
2026-08-06 11:21:04.354,3010656,451587,149996096,1179.866926,,852.019,0x00,0x00,CURRENT,1,0,OK,3.0,3.012,452.0,149.996,,1179.869,,,62.0,1361.0
2026-08-06 11:21:05.169,3010403,451549,149996144,1179.867433,,852.833,0x00,0x00,CURRENT,1,0,OK,3.0,3.012,452.0,149.996,,1179.869,,,62.0,1361.0
2026-08-06 11:21:06.003,3009999,451488,149996176,1179.867771,,853.667,0x00,0x00,CURRENT,1,0,OK,3.0,3.011,452.0,149.996,,1179.868,,,62.0,1360.0
2026-08-06 11:21:06.854,3009444,451405,149996176,1179.867771,,854.519,0x00,0x00,CURRENT,1,0,OK,3.0,3.011,452.0,149.996,,1179.868,,,62.0,1360.0
2026-08-06 11:21:07.688,3008911,451325,149996192,1179.867940,,855.353,0x00,0x00,CURRENT,1,0,OK,3.0,3.01,452.0,149.996,,1179.868,,,62.0,1359.0
2026-08-06 11:21:08.503,3008247,451226,149996192,1179.867940,,856.168,0x00,0x00,CURRENT,1,0,OK,3.0,3.01,452.0,149.996,,1179.868,,,62.0,1359.0
2026-08-06 11:21:09.817,3007621,451132,149996176,1179.867771,,857.481,0x00,0x00,CURRENT,1,0,OK,3.0,3.009,451.0,149.996,,1179.868,,,62.0,1358.0
2026-08-06 11:21:10.632,3006854,451016,149996160,1179.867602,,858.297,0x00,0x00,CURRENT,1,0,OK,3.0,3.009,451.0,149.996,,1179.868,,,62.0,1358.0
2026-08-06 11:21:11.466,3006128,450908,149996176,1179.867771,,859.131,0x00,0x00,CURRENT,1,0,OK,3.0,3.007,451.0,149.996,,1179.868,,,62.0,1356.0
2026-08-06 11:21:12.354,3005268,450779,149996128,1179.867264,,860.019,0x00,0x00,CURRENT,1,0,OK,3.0,3.007,451.0,149.996,,1179.868,,,62.0,1356.0
2026-08-06 11:21:13.169,3004452,450656,149996112,1179.867095,,860.834,0x00,0x00,CURRENT,1,0,OK,3.0,3.007,451.0,149.996,,1179.868,,,62.0,1356.0
2026-08-06 11:21:14.003,3003674,450539,149996096,1179.866926,,861.667,0x00,0x00,CURRENT,1,0,OK,3.0,3.005,451.0,149.996,,1179.868,,,62.0,1354.0
2026-08-06 11:21:14.854,3002940,450429,149996064,1179.866588,,862.519,0x00,0x00,CURRENT,1,0,OK,3.0,3.005,451.0,149.996,,1179.868,,,62.0,1354.0
2026-08-06 11:21:15.689,3002236,450324,149996064,1179.866588,,863.354,0x00,0x00,CURRENT,1,0,OK,3.0,3.003,450.0,149.996,,1179.868,,,62.0,1353.0
2026-08-06 11:21:16.504,3001396,450198,149996048,1179.866419,,864.169,0x00,0x00,CURRENT,1,0,OK,3.0,3.003,450.0,149.996,,1179.868,,,62.0,1353.0
2026-08-06 11:21:17.818,3000591,450077,149996016,1179.866081,,865.483,0x00,0x00,CURRENT,1,0,OK,3.0,3.002,450.0,149.996,,1179.868,,,62.0,1351.0
2026-08-06 11:21:18.633,2999835,449963,149996048,1179.866419,,866.297,0x00,0x00,CURRENT,1,0,OK,3.0,3.002,450.0,149.996,,1179.868,,,62.0,1351.0
2026-08-06 11:21:19.467,2999113,449855,149996048,1179.866419,,867.132,0x00,0x00,CURRENT,1,0,OK,3.0,2.999,450.0,149.996,,1179.868,,,62.0,1349.0
2026-08-06 11:21:20.354,2998438,449754,149996016,1179.866081,,868.018,0x00,0x00,CURRENT,1,0,OK,3.0,2.999,450.0,149.996,,1179.868,,,62.0,1349.0
2026-08-06 11:21:21.169,2997960,449682,149996016,1179.866081,,868.833,0x00,0x00,CURRENT,1,0,OK,3.0,2.999,450.0,149.996,,1179.868,,,62.0,1349.0
2026-08-06 11:21:22.003,2997503,449613,149995984,1179.865744,,869.667,0x00,0x00,CURRENT,1,0,OK,3.0,2.997,450.0,149.996,,1179.869,,,62.0,1348.0
2026-08-06 11:21:22.854,2997061,449547,149996000,1179.865913,,870.518,0x00,0x00,CURRENT,1,0,OK,3.0,2.997,450.0,149.996,,1179.869,,,62.0,1348.0
2026-08-06 11:21:23.688,2996646,449485,149996064,1179.866588,,871.352,0x00,0x00,CURRENT,1,0,OK,3.0,2.997,449.0,149.996,,1179.868,,,62.0,1347.0
2026-08-06 11:21:24.503,2996255,449427,149996176,1179.867771,,872.168,0x00,0x00,CURRENT,1,0,OK,3.0,2.997,449.0,149.996,,1179.868,,,62.0,1347.0
2026-08-06 11:21:25.817,2996055,449397,149996192,1179.867940,,873.482,0x00,0x00,CURRENT,1,0,OK,3.0,2.996,449.0,149.996,,1179.869,,,62.0,1346.0
2026-08-06 11:21:26.631,2995868,449368,149996112,1179.867095,,874.296,0x00,0x00,CURRENT,1,0,OK,3.0,2.996,449.0,149.996,,1179.869,,,62.0,1346.0
2026-08-06 11:21:27.466,2995686,449341,149996112,1179.867095,,875.131,0x00,0x00,CURRENT,1,0,OK,3.0,2.995,449.0,149.996,,1179.868,,,62.0,1346.0
2026-08-06 11:21:28.354,2995520,449316,149996112,1179.867095,,876.019,0x00,0x00,CURRENT,1,0,OK,3.0,2.995,449.0,149.996,,1179.868,,,62.0,1346.0
2026-08-06 11:21:29.169,2995526,449318,149996208,1179.868109,,876.833,0x00,0x00,CURRENT,1,0,OK,3.0,2.995,449.0,149.996,,1179.868,,,62.0,1346.0
2026-08-06 11:21:30.003,2995534,449319,149996192,1179.867940,,877.668,0x00,0x00,CURRENT,1,0,OK,3.0,2.995,449.0,149.996,,1179.868,,,62.0,1345.0
2026-08-06 11:21:30.855,2995546,449321,149996208,1179.868109,,878.520,0x00,0x00,CURRENT,1,0,OK,3.0,2.995,449.0,149.996,,1179.868,,,62.0,1345.0
2026-08-06 11:21:31.689,2995560,449323,149996208,1179.868109,,879.354,0x00,0x00,CURRENT,1,0,OK,3.0,2.995,449.0,149.996,,1179.869,,,62.0,1345.0
2026-08-06 11:21:32.504,2995737,449349,149996224,1179.868278,,880.169,0x00,0x00,CURRENT,1,0,OK,3.0,2.995,449.0,149.996,,1179.869,,,62.0,1345.0
2026-08-06 11:21:33.818,2995913,449376,149996224,1179.868278,,881.483,0x00,0x00,CURRENT,1,0,OK,3.0,2.995,449.0,149.996,,1179.869,,,62.0,1346.0
2026-08-06 11:21:34.632,2996067,449399,149996240,1179.868447,,882.297,0x00,0x00,CURRENT,1,0,OK,3.0,2.995,449.0,149.996,,1179.869,,,62.0,1346.0
2026-08-06 11:21:35.467,2996383,449446,149996304,1179.869123,,883.131,0x00,0x00,CURRENT,1,0,OK,3.0,2.996,449.0,149.996,,1179.868,,,62.0,1346.0
2026-08-06 11:21:36.354,2996684,449491,149996288,1179.868954,,884.018,0x00,0x00,CURRENT,1,0,OK,3.0,2.996,449.0,149.996,,1179.868,,,62.0,1346.0
2026-08-06 11:21:37.169,2996974,449535,149996240,1179.868447,,884.833,0x00,0x00,CURRENT,1,0,OK,3.0,2.996,449.0,149.996,,1179.868,,,62.0,1346.0
2026-08-06 11:21:38.002,2997247,449576,149996224,1179.868278,,885.667,0x00,0x00,CURRENT,1,0,OK,3.0,2.997,450.0,149.996,,1179.867,,,62.0,1347.0
2026-08-06 11:21:38.853,2997496,449613,149996224,1179.868278,,886.518,0x00,0x00,CURRENT,1,0,OK,3.0,2.997,450.0,149.996,,1179.867,,,62.0,1347.0
2026-08-06 11:21:39.687,2997902,449674,149996272,1179.868785,,887.352,0x00,0x00,CURRENT,1,0,OK,3.0,2.997,450.0,149.996,,1179.867,,,62.0,1348.0
2026-08-06 11:21:40.502,2998289,449732,149996272,1179.868785,,888.167,0x00,0x00,CURRENT,1,0,OK,3.0,2.997,450.0,149.996,,1179.867,,,62.0,1348.0
2026-08-06 11:21:41.816,2998652,449787,149996240,1179.868447,,889.481,0x00,0x00,CURRENT,1,0,OK,3.0,2.998,450.0,149.996,,1179.867,,,62.0,1348.0
2026-08-06 11:21:42.631,2998998,449839,149996304,1179.869123,,890.296,0x00,0x00,CURRENT,1,0,OK,3.0,2.998,450.0,149.996,,1179.867,,,62.0,1348.0
2026-08-06 11:21:43.465,2999326,449888,149996320,1179.869292,,891.130,0x00,0x00,CURRENT,1,0,OK,3.0,2.999,450.0,149.996,,1179.866,,,62.0,1349.0
2026-08-06 11:21:44.354,2999637,449934,149996320,1179.869292,,892.019,0x00,0x00,CURRENT,1,0,OK,3.0,2.999,450.0,149.996,,1179.866,,,62.0,1349.0
2026-08-06 11:21:45.169,2999938,449980,149996352,1179.869630,,892.834,0x00,0x00,CURRENT,1,0,OK,3.0,2.999,450.0,149.996,,1179.866,,,62.0,1349.0
2026-08-06 11:21:46.003,3000219,450022,149996336,1179.869461,,893.668,0x00,0x00,CURRENT,1,0,OK,3.0,3.0,450.0,149.996,,1179.867,,,62.0,1350.0
2026-08-06 11:21:46.854,3000495,450063,149996336,1179.869461,,894.519,0x00,0x00,CURRENT,1,0,OK,3.0,3.0,450.0,149.996,,1179.867,,,62.0,1350.0
2026-08-06 11:21:47.688,3000753,450102,149996368,1179.869798,,895.353,0x00,0x00,CURRENT,1,0,OK,3.0,3.001,450.0,149.996,,1179.867,,,62.0,1351.0
2026-08-06 11:21:48.503,3000992,450138,149996416,1179.870305,,896.168,0x00,0x00,CURRENT,1,0,OK,3.0,3.001,450.0,149.996,,1179.867,,,62.0,1351.0
2026-08-06 11:21:49.818,3001226,450173,149996416,1179.870305,,897.482,0x00,0x00,CURRENT,1,0,OK,3.0,3.001,450.0,149.996,,1179.867,,,62.0,1351.0
2026-08-06 11:21:50.632,3001451,450207,149996464,1179.870812,,898.297,0x00,0x00,CURRENT,1,0,OK,3.0,3.001,450.0,149.996,,1179.867,,,62.0,1351.0
2026-08-06 11:21:51.466,3001655,450238,149996496,1179.871150,,899.131,0x00,0x00,CURRENT,1,0,OK,3.0,3.002,450.0,149.996,,1179.867,,,62.0,1352.0
2026-08-06 11:21:52.354,3001684,450242,149996464,1179.870812,,900.019,0x00,0x00,CURRENT,1,0,OK,3.0,3.002,450.0,149.996,,1179.867,,,62.0,1352.0
2026-08-06 11:21:53.169,3001709,450246,149996480,1179.870981,,900.834,0x00,0x00,CURRENT,1,0,OK,3.0,3.002,450.0,149.996,,1179.867,,,62.0,1352.0
2026-08-06 11:21:54.003,3001728,450249,149996480,1179.870981,,901.668,0x00,0x00,CURRENT,1,0,OK,3.0,3.002,450.0,149.996,,1179.868,,,62.0,1352.0
2026-08-06 11:21:54.854,3001754,450252,149996464,1179.870812,,902.519,0x00,0x00,CURRENT,1,0,OK,3.0,3.002,450.0,149.996,,1179.868,,,62.0,1352.0
2026-08-06 11:21:55.688,3001774,450256,149996496,1179.871150,,903.353,0x00,0x00,CURRENT,1,0,OK,3.0,3.002,450.0,149.996,,1179.868,,,62.0,1352.0
2026-08-06 11:21:56.503,3001793,450258,149996496,1179.871150,,904.168,0x00,0x00,CURRENT,1,0,OK,3.0,3.002,450.0,149.996,,1179.868,,,62.0,1352.0
2026-08-06 11:21:57.817,3001813,450261,149996464,1179.870812,,905.482,0x00,0x00,CURRENT,1,0,OK,3.0,3.002,450.0,149.996,,1179.868,,,62.0,1352.0
2026-08-06 11:21:58.632,3001833,450264,149996496,1179.871150,,906.297,0x00,0x00,CURRENT,1,0,OK,3.0,3.002,450.0,149.996,,1179.868,,,62.0,1352.0
2026-08-06 11:21:59.466,3001851,450267,149996560,1179.871826,,907.131,0x00,0x00,CURRENT,1,0,OK,3.0,3.002,450.0,149.996,,1179.869,,,62.0,1352.0
2026-08-06 11:22:00.355,3001699,450245,149996608,1179.872333,,908.019,0x00,0x00,CURRENT,1,0,OK,3.0,3.002,450.0,149.996,,1179.869,,,62.0,1352.0
2026-08-06 11:22:01.169,3001560,450224,149996544,1179.871657,,908.834,0x00,0x00,CURRENT,1,0,OK,3.0,3.002,450.0,149.996,,1179.869,,,62.0,1352.0
2026-08-06 11:22:02.003,3001425,450203,149996544,1179.871657,,909.668,0x00,0x00,CURRENT,1,0,OK,3.0,3.002,450.0,149.996,,1179.869,,,62.0,1352.0
2026-08-06 11:22:02.854,3001297,450184,149996528,1179.871488,,910.519,0x00,0x00,CURRENT,1,0,OK,3.0,3.002,450.0,149.996,,1179.869,,,62.0,1352.0
2026-08-06 11:22:03.688,3001175,450166,149996544,1179.871657,,911.353,0x00,0x00,CURRENT,1,0,OK,3.0,3.001,450.0,149.996,,1179.87,,,62.0,1351.0
2026-08-06 11:22:04.503,3001062,450149,149996512,1179.871319,,912.168,0x00,0x00,CURRENT,1,0,OK,3.0,3.001,450.0,149.996,,1179.87,,,62.0,1351.0
2026-08-06 11:22:05.817,3000954,450133,149996528,1179.871488,,913.482,0x00,0x00,CURRENT,1,0,OK,3.0,3.001,450.0,149.996,,1179.87,,,62.0,1351.0
2026-08-06 11:22:06.632,3000854,450118,149996528,1179.871488,,914.297,0x00,0x00,CURRENT,1,0,OK,3.0,3.001,450.0,149.996,,1179.87,,,62.0,1351.0
2026-08-06 11:22:07.466,3000755,450103,149996544,1179.871657,,915.131,0x00,0x00,CURRENT,1,0,OK,3.0,3.001,450.0,149.996,,1179.869,,,62.0,1351.0
2026-08-06 11:22:08.355,3000660,450088,149996480,1179.870981,,916.020,0x00,0x00,CURRENT,1,0,OK,3.0,3.001,450.0,149.996,,1179.869,,,62.0,1351.0
2026-08-06 11:22:09.170,3000567,450075,149996496,1179.871150,,916.835,0x00,0x00,CURRENT,1,0,OK,3.0,3.001,450.0,149.996,,1179.869,,,62.0,1351.0
2026-08-06 11:22:10.004,3000481,450062,149996496,1179.871150,,917.669,0x00,0x00,CURRENT,1,0,OK,3.0,3.001,450.0,149.996,,1179.869,,,62.0,1351.0
2026-08-06 11:22:10.854,3000402,450050,149996496,1179.871150,,918.519,0x00,0x00,CURRENT,1,0,OK,3.0,3.001,450.0,149.996,,1179.869,,,62.0,1351.0
2026-08-06 11:22:11.688,3000324,450038,149996512,1179.871319,,919.353,0x00,0x00,CURRENT,1,0,OK,3.0,3.0,450.0,149.996,,1179.869,,,62.0,1350.0
2026-08-06 11:22:12.503,3000250,450027,149996480,1179.870981,,920.168,0x00,0x00,CURRENT,1,0,OK,3.0,3.0,450.0,149.996,,1179.869,,,62.0,1350.0
2026-08-06 11:22:13.817,3000176,450016,149996464,1179.870812,,921.482,0x00,0x00,CURRENT,1,0,OK,3.0,3.0,450.0,149.996,,1179.87,,,62.0,1350.0
2026-08-06 11:22:14.632,3000105,450005,149996464,1179.870812,,922.297,0x00,0x00,CURRENT,1,0,OK,3.0,3.0,450.0,149.996,,1179.87,,,62.0,1350.0
2026-08-06 11:22:15.466,3000040,449995,149996448,1179.870643,,923.131,0x00,0x00,CURRENT,1,0,OK,3.0,3.0,450.0,149.996,,1179.869,,,62.0,1350.0
2026-08-06 11:22:16.354,2999983,449987,149996416,1179.870305,,924.019,0x00,0x00,CURRENT,1,0,OK,3.0,3.0,450.0,149.996,,1179.869,,,62.0,1350.0
2026-08-06 11:22:17.169,2999938,449980,149996400,1179.870136,,924.834,0x00,0x00,CURRENT,1,0,OK,3.0,3.0,450.0,149.996,,1179.869,,,62.0,1350.0
2026-08-06 11:22:18.003,2999890,449973,149996416,1179.870305,,925.668,0x00,0x00,CURRENT,1,0,OK,3.0,3.0,450.0,149.996,,1179.869,,,62.0,1350.0
2026-08-06 11:22:18.854,2999846,449966,149996352,1179.869630,,926.519,0x00,0x00,CURRENT,1,0,OK,3.0,3.0,450.0,149.996,,1179.869,,,62.0,1350.0
2026-08-06 11:22:19.688,2999812,449961,149996352,1179.869630,,927.353,0x00,0x00,CURRENT,1,0,OK,3.0,3.0,450.0,149.996,,1179.869,,,62.0,1350.0
2026-08-06 11:22:20.503,2999765,449954,149996352,1179.869630,,928.168,0x00,0x00,CURRENT,1,0,OK,3.0,3.0,450.0,149.996,,1179.869,,,62.0,1350.0
2026-08-06 11:22:21.817,2999721,449947,149996352,1179.869630,,929.482,0x00,0x00,CURRENT,1,0,OK,3.0,3.0,450.0,149.996,,1179.869,,,62.0,1350.0
2026-08-06 11:22:22.632,2999676,449941,149996384,1179.869967,,930.297,0x00,0x00,CURRENT,1,0,OK,3.0,3.0,450.0,149.996,,1179.869,,,62.0,1350.0
2026-08-06 11:22:23.466,2999635,449934,149996384,1179.869967,,931.131,0x00,0x00,CURRENT,1,0,OK,3.0,3.0,450.0,149.996,,1179.869,,,62.0,1350.0
2026-08-06 11:22:24.354,2999591,449928,149996304,1179.869123,,932.019,0x00,0x00,CURRENT,1,0,OK,3.0,3.0,450.0,149.996,,1179.869,,,62.0,1350.0
2026-08-06 11:22:25.169,2999556,449922,149996304,1179.869123,,932.834,0x00,0x00,CURRENT,1,0,OK,3.0,3.0,450.0,149.996,,1179.869,,,62.0,1350.0
2026-08-06 11:22:26.003,2999528,449918,149996272,1179.868785,,933.668,0x00,0x00,CURRENT,1,0,OK,3.0,3.0,450.0,149.996,,1179.868,,,62.0,1350.0
2026-08-06 11:22:26.853,2999498,449914,149996272,1179.868785,,934.518,0x00,0x00,CURRENT,1,0,OK,3.0,3.0,450.0,149.996,,1179.868,,,62.0,1350.0
2026-08-06 11:22:27.687,2999473,449910,149996256,1179.868616,,935.352,0x00,0x00,CURRENT,1,0,OK,3.0,2.999,450.0,149.996,,1179.868,,,62.0,1349.0
2026-08-06 11:22:28.502,2999446,449906,149996288,1179.868954,,936.167,0x00,0x00,CURRENT,1,0,OK,3.0,2.999,450.0,149.996,,1179.868,,,62.0,1349.0
2026-08-06 11:22:29.816,2999430,449903,149996288,1179.868954,,937.481,0x00,0x00,CURRENT,1,0,OK,3.0,2.999,450.0,149.996,,1179.869,,,62.0,1349.0
2026-08-06 11:22:30.631,2999409,449900,149996352,1179.869630,,938.296,0x00,0x00,CURRENT,1,0,OK,3.0,2.999,450.0,149.996,,1179.869,,,62.0,1349.0
2026-08-06 11:22:31.465,2999392,449898,149996320,1179.869292,,939.130,0x00,0x00,CURRENT,1,0,OK,3.0,2.999,450.0,149.996,,1179.869,,,62.0,1349.0
2026-08-06 11:22:32.354,2999375,449895,149996304,1179.869123,,940.018,0x00,0x00,CURRENT,1,0,OK,3.0,2.999,450.0,149.996,,1179.869,,,62.0,1349.0
2026-08-06 11:22:33.169,2999358,449892,149996240,1179.868447,,940.834,0x00,0x00,CURRENT,1,0,OK,5.0,2.999,450.0,149.996,,1179.869,,,62.0,1349.0
2026-08-06 11:22:34.412,3352395,502847,149996208,1179.868109,,942.077,0x00,0x00,CURRENT,1,0,OK,3.0,2.999,450.0,149.996,,1179.869,,,62.0,1349.0
2026-08-06 11:22:35.746,3386991,508036,149996160,1179.867602,,943.411,0x00,0x00,CURRENT,1,0,OK,5.0,3.051,458.0,149.996,,1179.866,,,86.0,1396.0
2026-08-06 11:22:36.561,3436655,515485,149996176,1179.867771,,944.226,0x00,0x00,CURRENT,1,0,OK,5.0,3.051,458.0,149.996,,1179.866,,,86.0,1396.0
2026-08-06 11:22:37.421,3499949,524979,149996128,1179.867264,,945.086,0x00,0x00,CURRENT,1,0,OK,5.0,3.165,475.0,149.996,,1179.866,,,100.0,1502.0
2026-08-06 11:22:38.735,3590241,538522,149996016,1179.866081,,946.400,0x00,0x00,CURRENT,1,0,OK,5.0,3.165,475.0,149.996,,1179.866,,,100.0,1502.0
2026-08-06 11:22:39.569,3689740,553446,149995952,1179.865406,,947.234,0x00,0x00,CURRENT,1,0,OK,5.0,3.429,514.0,149.996,,1179.864,,,120.0,1763.0
2026-08-06 11:22:40.384,3797189,569563,149995904,1179.864899,,948.049,0x00,0x00,CURRENT,1,0,OK,5.0,3.429,514.0,149.996,,1179.864,,,120.0,1763.0
2026-08-06 11:22:41.199,3911027,586638,149995840,1179.864223,,948.864,0x00,0x00,CURRENT,1,0,OK,5.0,3.429,514.0,149.996,,1179.864,,,120.0,1763.0
2026-08-06 11:22:42.033,4030093,604497,149995808,1179.863885,,949.698,0x00,0x00,CURRENT,1,0,OK,5.0,3.773,566.0,149.996,,1179.863,,,137.0,2135.0
2026-08-06 11:22:42.855,4152972,622928,149995696,1179.862702,,950.520,0x00,0x00,CURRENT,1,0,OK,5.0,3.773,566.0,149.996,,1179.863,,,137.0,2135.0
2026-08-06 11:22:43.689,4278301,641727,149995680,1179.862533,,951.354,0x00,0x00,CURRENT,1,0,OK,5.0,4.028,604.0,149.996,,1179.862,,,145.0,2434.0
2026-08-06 11:22:44.504,4404769,660696,149995632,1179.862027,,952.169,0x00,0x00,CURRENT,1,0,OK,5.0,4.028,604.0,149.996,,1179.862,,,145.0,2434.0
2026-08-06 11:22:45.818,4536206,680411,149995552,1179.861182,,953.483,0x00,0x00,CURRENT,1,0,OK,5.0,4.292,644.0,149.995,,1179.861,,,151.0,2763.0
2026-08-06 11:22:46.633,4664945,699721,149995472,1179.860337,,954.297,0x00,0x00,CURRENT,1,0,OK,5.0,4.292,644.0,149.995,,1179.861,,,151.0,2763.0
2026-08-06 11:22:47.467,4790071,718488,149995376,1179.859323,,955.132,0x00,0x00,CURRENT,1,0,OK,5.0,4.682,702.0,149.995,,1179.859,,,156.0,3289.0
2026-08-06 11:22:48.354,4910626,736571,149995312,1179.858647,,956.018,0x00,0x00,CURRENT,1,0,OK,5.0,4.682,702.0,149.995,,1179.859,,,156.0,3289.0
2026-08-06 11:22:49.169,5025822,753849,149995248,1179.857972,,956.833,0x00,0x00,CURRENT,1,0,OK,5.0,4.682,702.0,149.995,,1179.859,,,156.0,3289.0
2026-08-06 11:22:50.003,5134920,770213,149995232,1179.857803,,957.668,0x00,0x00,CURRENT,1,0,OK,5.0,5.041,756.0,149.995,,1179.857,,,157.0,3811.0
2026-08-06 11:22:50.854,5237219,785558,149995200,1179.857465,,958.519,0x00,0x00,CURRENT,1,0,OK,5.0,5.041,756.0,149.995,,1179.857,,,157.0,3811.0
2026-08-06 11:22:51.688,5332256,799813,149995200,1179.857465,,959.353,0x00,0x00,CURRENT,1,0,OK,5.0,5.251,788.0,149.995,,1179.856,,,156.0,4135.0
2026-08-06 11:22:52.503,5419509,812900,149995136,1179.856789,,960.168,0x00,0x00,CURRENT,1,0,OK,5.0,5.251,788.0,149.995,,1179.856,,,156.0,4135.0
2026-08-06 11:22:53.817,5493977,824070,149995104,1179.856451,,961.482,0x00,0x00,CURRENT,1,0,OK,5.0,5.432,815.0,149.995,,1179.856,,,153.0,4425.0
2026-08-06 11:22:54.632,5559656,833921,149995040,1179.855775,,962.296,0x00,0x00,CURRENT,1,0,OK,5.0,5.432,815.0,149.995,,1179.856,,,153.0,4425.0
2026-08-06 11:22:55.466,5616324,842421,149995040,1179.855775,,963.130,0x00,0x00,CURRENT,1,0,OK,5.0,5.641,846.0,149.995,,1179.856,,,146.0,4774.0
2026-08-06 11:22:56.354,5664092,849586,149995040,1179.855775,,964.019,0x00,0x00,CURRENT,1,0,OK,5.0,5.641,846.0,149.995,,1179.856,,,146.0,4774.0
2026-08-06 11:22:57.169,5702892,855406,149995040,1179.855775,,964.834,0x00,0x00,CURRENT,1,0,OK,5.0,5.641,846.0,149.995,,1179.856,,,146.0,4774.0
2026-08-06 11:22:58.002,5733024,859925,149995072,1179.856113,,965.667,0x00,0x00,CURRENT,1,0,OK,5.0,5.773,866.0,149.995,,1179.855,,,137.0,4999.0
2026-08-06 11:22:58.854,5754595,863161,149995056,1179.855944,,966.519,0x00,0x00,CURRENT,1,0,OK,5.0,5.773,866.0,149.995,,1179.855,,,137.0,4999.0
2026-08-06 11:22:59.688,5767860,865151,149995056,1179.855944,,967.353,0x00,0x00,CURRENT,1,0,OK,5.0,5.818,873.0,149.995,,1179.855,,,130.0,5077.0
2026-08-06 11:23:00.503,5773242,865958,149995040,1179.855775,,968.168,0x00,0x00,CURRENT,1,0,OK,5.0,5.818,873.0,149.995,,1179.855,,,130.0,5077.0
2026-08-06 11:23:01.817,5763741,864533,149995056,1179.855944,,969.482,0x00,0x00,CURRENT,1,0,OK,5.0,5.83,875.0,149.995,,1179.856,,,124.0,5099.0
2026-08-06 11:23:02.632,5747488,862095,149995040,1179.855775,,970.297,0x00,0x00,CURRENT,1,0,OK,5.0,5.83,875.0,149.995,,1179.856,,,124.0,5099.0
2026-08-06 11:23:03.466,5725051,858729,149995072,1179.856113,,971.130,0x00,0x00,CURRENT,1,0,OK,5.0,5.794,869.0,149.995,,1179.856,,,114.0,5036.0
2026-08-06 11:23:04.355,5697034,854527,149995088,1179.856282,,972.019,0x00,0x00,CURRENT,1,0,OK,5.0,5.794,869.0,149.995,,1179.856,,,114.0,5036.0
2026-08-06 11:23:05.170,5663889,849555,149995056,1179.855944,,972.834,0x00,0x00,CURRENT,1,0,OK,5.0,5.794,869.0,149.995,,1179.856,,,114.0,5036.0
2026-08-06 11:23:06.004,5626203,843903,149995088,1179.856282,,973.668,0x00,0x00,CURRENT,1,0,OK,5.0,5.704,856.0,149.995,,1179.856,,,105.0,4880.0
2026-08-06 11:23:06.853,5584697,837677,149995104,1179.856451,,974.518,0x00,0x00,CURRENT,1,0,OK,5.0,5.704,856.0,149.995,,1179.856,,,105.0,4880.0
2026-08-06 11:23:07.687,5539745,830935,149995104,1179.856451,,975.352,0x00,0x00,CURRENT,1,0,OK,5.0,5.621,843.0,149.995,,1179.857,,,100.0,4739.0
2026-08-06 11:23:08.502,5492013,823775,149995120,1179.856620,,976.167,0x00,0x00,CURRENT,1,0,OK,5.0,5.621,843.0,149.995,,1179.857,,,100.0,4739.0
2026-08-06 11:23:09.816,5437946,815665,149995104,1179.856451,,977.481,0x00,0x00,CURRENT,1,0,OK,5.0,5.525,829.0,149.995,,1179.858,,,96.0,4578.0
2026-08-06 11:23:10.631,5382884,807406,149995120,1179.856620,,978.296,0x00,0x00,CURRENT,1,0,OK,5.0,5.525,829.0,149.995,,1179.858,,,96.0,4578.0
2026-08-06 11:23:11.465,5327216,799056,149995120,1179.856620,,979.130,0x00,0x00,CURRENT,1,0,OK,5.0,5.366,805.0,149.995,,1179.858,,,91.0,4319.0
2026-08-06 11:23:12.355,5271633,790719,149995168,1179.857127,,980.020,0x00,0x00,CURRENT,1,0,OK,5.0,5.366,805.0,149.995,,1179.858,,,91.0,4319.0
2026-08-06 11:23:13.170,5216656,782473,149995216,1179.857634,,980.835,0x00,0x00,CURRENT,1,0,OK,5.0,5.366,805.0,149.995,,1179.858,,,91.0,4319.0
2026-08-06 11:23:14.004,5162568,774361,149995232,1179.857803,,981.669,0x00,0x00,CURRENT,1,0,OK,5.0,5.202,780.0,149.995,,1179.858,,,88.0,4059.0
2026-08-06 11:23:14.854,5109844,766452,149995248,1179.857972,,982.519,0x00,0x00,CURRENT,1,0,OK,5.0,5.202,780.0,149.995,,1179.858,,,88.0,4059.0
2026-08-06 11:23:15.688,5058917,758814,149995264,1179.858141,,983.353,0x00,0x00,CURRENT,1,0,OK,5.0,5.097,764.0,149.995,,1179.859,,,87.0,3896.0
2026-08-06 11:23:16.503,5010200,751506,149995280,1179.858310,,984.168,0x00,0x00,CURRENT,1,0,OK,5.0,5.097,764.0,149.995,,1179.859,,,87.0,3896.0
2026-08-06 11:23:17.817,4964257,744615,149995296,1179.858479,,985.482,0x00,0x00,CURRENT,1,0,OK,5.0,4.998,750.0,149.995,,1179.859,,,86.0,3747.0
2026-08-06 11:23:18.632,4921455,738195,149995344,1179.858985,,986.297,0x00,0x00,CURRENT,1,0,OK,5.0,4.998,750.0,149.995,,1179.859,,,86.0,3747.0
2026-08-06 11:23:19.466,4881964,732272,149995376,1179.859323,,987.131,0x00,0x00,CURRENT,1,0,OK,5.0,4.869,730.0,149.995,,1179.86,,,88.0,3557.0
2026-08-06 11:23:20.354,4845964,726872,149995392,1179.859492,,988.019,0x00,0x00,CURRENT,1,0,OK,5.0,4.869,730.0,149.995,,1179.86,,,88.0,3557.0
2026-08-06 11:23:21.169,4813439,721994,149995376,1179.859323,,988.834,0x00,0x00,CURRENT,1,0,OK,5.0,4.869,730.0,149.995,,1179.86,,,88.0,3557.0
2026-08-06 11:23:22.003,4784552,717661,149995392,1179.859492,,989.668,0x00,0x00,CURRENT,1,0,OK,5.0,4.769,715.0,149.996,,1179.861,,,90.0,3411.0
2026-08-06 11:23:22.854,4759473,713899,149995392,1179.859492,,990.519,0x00,0x00,CURRENT,1,0,OK,5.0,4.769,715.0,149.996,,1179.861,,,90.0,3411.0
2026-08-06 11:23:23.688,4738168,710703,149995408,1179.859661,,991.353,0x00,0x00,CURRENT,1,0,OK,5.0,4.719,708.0,149.996,,1179.862,,,92.0,3341.0
2026-08-06 11:23:24.503,4720448,708046,149995440,1179.859999,,992.168,0x00,0x00,CURRENT,1,0,OK,5.0,4.719,708.0,149.996,,1179.862,,,92.0,3341.0
2026-08-06 11:23:25.817,4709321,706377,149995456,1179.860168,,993.482,0x00,0x00,CURRENT,1,0,OK,5.0,4.684,703.0,149.996,,1179.862,,,95.0,3291.0
2026-08-06 11:23:26.632,4701768,705244,149995424,1179.859830,,994.297,0x00,0x00,CURRENT,1,0,OK,5.0,4.684,703.0,149.996,,1179.862,,,95.0,3291.0
2026-08-06 11:23:27.466,4697621,704622,149995440,1179.859999,,995.131,0x00,0x00,CURRENT,1,0,OK,5.0,4.658,699.0,149.996,,1179.863,,,99.0,3254.0
2026-08-06 11:23:28.353,4696697,704483,149995488,1179.860506,,996.018,0x00,0x00,CURRENT,1,0,OK,5.0,4.658,699.0,149.996,,1179.863,,,99.0,3254.0
2026-08-06 11:23:29.168,4698837,704804,149995472,1179.860337,,996.833,0x00,0x00,CURRENT,1,0,OK,5.0,4.658,699.0,149.996,,1179.863,,,99.0,3254.0
2026-08-06 11:23:30.002,4703710,705535,149995504,1179.860675,,997.667,0x00,0x00,CURRENT,1,0,OK,5.0,4.661,699.0,149.996,,1179.863,,,103.0,3259.0
2026-08-06 11:23:30.854,4711365,706684,149995552,1179.861182,,998.519,0x00,0x00,CURRENT,1,0,OK,5.0,4.661,699.0,149.996,,1179.863,,,103.0,3259.0
2026-08-06 11:23:31.688,4721485,708202,149995536,1179.861013,,999.353,0x00,0x00,CURRENT,1,0,OK,5.0,4.678,702.0,149.996,,1179.863,,,105.0,3282.0
2026-08-06 11:23:32.503,4733774,710045,149995552,1179.861182,,1000.168,0x00,0x00,CURRENT,1,0,OK,5.0,4.678,702.0,149.996,,1179.863,,,105.0,3282.0
2026-08-06 11:23:33.817,4750488,712552,149995552,1179.861182,,1001.482,0x00,0x00,CURRENT,1,0,OK,5.0,4.703,705.0,149.996,,1179.862,,,108.0,3318.0
2026-08-06 11:23:34.632,4768702,715284,149995584,1179.861520,,1002.297,0x00,0x00,CURRENT,1,0,OK,5.0,4.703,705.0,149.996,,1179.862,,,108.0,3318.0
2026-08-06 11:23:35.466,4788186,718207,149995568,1179.861351,,1003.131,0x00,0x00,CURRENT,1,0,OK,5.0,4.755,713.0,149.996,,1179.862,,,111.0,3392.0
2026-08-06 11:23:36.354,4808699,721283,149995536,1179.861013,,1004.019,0x00,0x00,CURRENT,1,0,OK,5.0,4.755,713.0,149.996,,1179.862,,,111.0,3392.0
2026-08-06 11:23:37.169,4829854,724456,149995488,1179.860506,,1004.834,0x00,0x00,CURRENT,1,0,OK,5.0,4.755,713.0,149.996,,1179.862,,,111.0,3392.0
2026-08-06 11:23:38.003,4851627,727722,149995488,1179.860506,,1005.668,0x00,0x00,CURRENT,1,0,OK,5.0,4.819,723.0,149.996,,1179.862,,,113.0,3483.0
2026-08-06 11:23:38.853,4873652,731026,149995488,1179.860506,,1006.518,0x00,0x00,CURRENT,1,0,OK,5.0,4.819,723.0,149.996,,1179.862,,,113.0,3483.0
2026-08-06 11:23:39.687,4895756,734341,149995456,1179.860168,,1007.352,0x00,0x00,CURRENT,1,0,OK,5.0,4.863,729.0,149.996,,1179.862,,,114.0,3548.0
2026-08-06 11:23:40.502,4917761,737642,149995440,1179.859999,,1008.167,0x00,0x00,CURRENT,1,0,OK,5.0,4.863,729.0,149.996,,1179.862,,,114.0,3548.0
2026-08-06 11:23:41.816,4940173,741003,149995440,1179.859999,,1009.481,0x00,0x00,CURRENT,1,0,OK,5.0,4.909,736.0,149.996,,1179.862,,,115.0,3614.0
2026-08-06 11:23:42.631,4961805,744248,149995440,1179.859999,,1010.296,0x00,0x00,CURRENT,1,0,OK,5.0,4.909,736.0,149.996,,1179.862,,,115.0,3614.0
2026-08-06 11:23:43.465,4982698,747382,149995424,1179.859830,,1011.130,0x00,0x00,CURRENT,1,0,OK,5.0,4.974,746.0,149.996,,1179.861,,,116.0,3710.0
2026-08-06 11:23:44.355,5002548,750359,149995392,1179.859492,,1012.020,0x00,0x00,CURRENT,1,0,OK,5.0,4.974,746.0,149.996,,1179.861,,,116.0,3710.0
2026-08-06 11:23:45.170,5021227,753161,149995408,1179.859661,,1012.835,0x00,0x00,CURRENT,1,0,OK,5.0,4.974,746.0,149.996,,1179.861,,,116.0,3710.0
2026-08-06 11:23:46.004,5038796,755797,149995488,1179.860506,,1013.669,0x00,0x00,CURRENT,1,0,OK,5.0,5.031,755.0,149.995,,1179.86,,,116.0,3797.0
2026-08-06 11:23:46.855,5054985,758225,149995472,1179.860337,,1014.520,0x00,0x00,CURRENT,1,0,OK,5.0,5.031,755.0,149.995,,1179.86,,,116.0,3797.0
2026-08-06 11:23:47.689,5069870,760457,149995440,1179.859999,,1015.354,0x00,0x00,CURRENT,1,0,OK,5.0,5.064,760.0,149.995,,1179.86,,,115.0,3847.0
2026-08-06 11:23:48.504,5083340,762478,149995424,1179.859830,,1016.169,0x00,0x00,CURRENT,1,0,OK,5.0,5.064,760.0,149.995,,1179.86,,,115.0,3847.0
2026-08-06 11:23:49.818,5094292,764120,149995392,1179.859492,,1017.483,0x00,0x00,CURRENT,1,0,OK,5.0,5.092,764.0,149.995,,1179.86,,,115.0,3888.0
2026-08-06 11:23:50.633,5103857,765555,149995376,1179.859323,,1018.298,0x00,0x00,CURRENT,1,0,OK,5.0,5.092,764.0,149.995,,1179.86,,,115.0,3888.0
2026-08-06 11:23:51.467,5111776,766743,149995408,1179.859661,,1019.132,0x00,0x00,CURRENT,1,0,OK,5.0,5.122,768.0,149.995,,1179.86,,,113.0,3935.0
2026-08-06 11:23:52.355,5118113,767694,149995424,1179.859830,,1020.020,0x00,0x00,CURRENT,1,0,OK,5.0,5.122,768.0,149.995,,1179.86,,,113.0,3935.0
2026-08-06 11:23:53.170,5122956,768420,149995408,1179.859661,,1020.835,0x00,0x00,CURRENT,1,0,OK,5.0,5.122,768.0,149.995,,1179.86,,,113.0,3935.0
2026-08-06 11:23:54.004,5126393,768935,149995424,1179.859830,,1021.669,0x00,0x00,CURRENT,1,0,OK,5.0,5.138,771.0,149.995,,1179.86,,,112.0,3960.0
2026-08-06 11:23:54.854,5128476,769248,149995456,1179.860168,,1022.519,0x00,0x00,CURRENT,1,0,OK,5.0,5.138,771.0,149.995,,1179.86,,,112.0,3960.0
2026-08-06 11:23:55.688,5129118,769344,149995440,1179.859999,,1023.353,0x00,0x00,CURRENT,1,0,OK,5.0,5.142,771.0,149.996,,1179.861,,,110.0,3966.0
2026-08-06 11:23:56.503,5128553,769260,149995472,1179.860337,,1024.168,0x00,0x00,CURRENT,1,0,OK,5.0,5.142,771.0,149.996,,1179.861,,,110.0,3966.0
2026-08-06 11:23:57.817,5125511,768803,149995440,1179.859999,,1025.482,0x00,0x00,CURRENT,1,0,OK,5.0,5.141,771.0,149.996,,1179.861,,,109.0,3964.0
2026-08-06 11:23:58.632,5121446,768194,149995456,1179.860168,,1026.297,0x00,0x00,CURRENT,1,0,OK,5.0,5.141,771.0,149.996,,1179.861,,,109.0,3964.0
2026-08-06 11:23:59.466,5116407,767438,149995472,1179.860337,,1027.131,0x00,0x00,CURRENT,1,0,OK,5.0,5.13,770.0,149.996,,1179.861,,,108.0,3948.0
2026-08-06 11:24:00.354,5110616,766569,149995472,1179.860337,,1028.019,0x00,0x00,CURRENT,1,0,OK,5.0,5.13,770.0,149.996,,1179.861,,,108.0,3948.0
2026-08-06 11:24:01.169,5104106,765593,149995456,1179.860168,,1028.834,0x00,0x00,CURRENT,1,0,OK,5.0,5.13,770.0,149.996,,1179.861,,,108.0,3948.0
2026-08-06 11:24:02.003,5096920,764515,149995488,1179.860506,,1029.668,0x00,0x00,CURRENT,1,0,OK,5.0,5.112,767.0,149.995,,1179.861,,,106.0,3919.0
2026-08-06 11:24:02.854,5089082,763339,149995488,1179.860506,,1030.519,0x00,0x00,CURRENT,1,0,OK,5.0,5.112,767.0,149.995,,1179.861,,,106.0,3919.0
2026-08-06 11:24:03.688,5080800,762097,149995504,1179.860675,,1031.353,0x00,0x00,CURRENT,1,0,OK,5.0,5.096,764.0,149.996,,1179.861,,,106.0,3895.0
2026-08-06 11:24:04.503,5072258,760816,149995504,1179.860675,,1032.168,0x00,0x00,CURRENT,1,0,OK,5.0,5.096,764.0,149.996,,1179.861,,,106.0,3895.0
2026-08-06 11:24:05.817,5062808,759398,149995504,1179.860675,,1033.482,0x00,0x00,CURRENT,1,0,OK,5.0,5.079,762.0,149.996,,1179.861,,,105.0,3869.0
2026-08-06 11:24:06.632,5053331,757977,149995504,1179.860675,,1034.297,0x00,0x00,CURRENT,1,0,OK,5.0,5.079,762.0,149.996,,1179.861,,,105.0,3869.0
2026-08-06 11:24:07.466,5043819,756550,149995504,1179.860675,,1035.131,0x00,0x00,CURRENT,1,0,OK,5.0,5.051,758.0,149.995,,1179.86,,,104.0,3826.0
2026-08-06 11:24:08.354,5034452,755145,149995536,1179.861013,,1036.019,0x00,0x00,CURRENT,1,0,OK,5.0,5.051,758.0,149.995,,1179.86,,,104.0,3826.0
2026-08-06 11:24:09.169,5025217,753760,149995552,1179.861182,,1036.834,0x00,0x00,CURRENT,1,0,OK,5.0,5.051,758.0,149.995,,1179.86,,,104.0,3826.0
2026-08-06 11:24:10.003,5016269,752418,149995584,1179.861520,,1037.668,0x00,0x00,CURRENT,1,0,OK,5.0,5.023,753.0,149.996,,1179.861,,,104.0,3784.0
2026-08-06 11:24:10.854,5007611,751120,149995600,1179.861689,,1038.519,0x00,0x00,CURRENT,1,0,OK,5.0,5.023,753.0,149.996,,1179.861,,,104.0,3784.0
2026-08-06 11:24:11.688,4999381,749885,149995616,1179.861858,,1039.353,0x00,0x00,CURRENT,1,0,OK,5.0,5.005,751.0,149.996,,1179.861,,,104.0,3758.0
2026-08-06 11:24:12.503,4991558,748712,149995616,1179.861858,,1040.168,0x00,0x00,CURRENT,1,0,OK,5.0,5.005,751.0,149.996,,1179.861,,,104.0,3758.0
2026-08-06 11:24:13.817,4984454,747646,149995616,1179.861858,,1041.482,0x00,0x00,CURRENT,1,0,OK,5.0,4.99,748.0,149.996,,1179.861,,,104.0,3734.0
2026-08-06 11:24:14.632,4977879,746660,149995600,1179.861689,,1042.297,0x00,0x00,CURRENT,1,0,OK,5.0,4.99,748.0,149.996,,1179.861,,,104.0,3734.0
2026-08-06 11:24:15.466,4971804,745749,149995616,1179.861858,,1043.130,0x00,0x00,CURRENT,1,0,OK,5.0,4.97,745.0,149.995,,1179.86,,,104.0,3705.0
2026-08-06 11:24:16.354,4966380,744935,149995600,1179.861689,,1044.019,0x00,0x00,CURRENT,1,0,OK,5.0,4.97,745.0,149.995,,1179.86,,,104.0,3705.0
2026-08-06 11:24:17.169,4961557,744212,149995600,1179.861689,,1044.833,0x00,0x00,CURRENT,1,0,OK,5.0,4.97,745.0,149.995,,1179.86,,,104.0,3705.0
2026-08-06 11:24:18.003,4957467,743598,149995616,1179.861858,,1045.667,0x00,0x00,CURRENT,1,0,OK,5.0,4.955,743.0,149.995,,1179.86,,,105.0,3682.0
2026-08-06 11:24:18.854,4953925,743067,149995600,1179.861689,,1046.518,0x00,0x00,CURRENT,1,0,OK,5.0,4.955,743.0,149.995,,1179.86,,,105.0,3682.0
2026-08-06 11:24:19.688,4951061,742637,149995552,1179.861182,,1047.352,0x00,0x00,CURRENT,1,0,OK,5.0,4.948,742.0,149.995,,1179.86,,,105.0,3672.0
2026-08-06 11:24:20.503,4948839,742304,149995568,1179.861351,,1048.168,0x00,0x00,CURRENT,1,0,OK,5.0,4.948,742.0,149.995,,1179.86,,,105.0,3672.0
2026-08-06 11:24:21.817,4947733,742138,149995568,1179.861351,,1049.482,0x00,0x00,CURRENT,1,0,OK,5.0,4.943,741.0,149.995,,1179.86,,,105.0,3665.0
2026-08-06 11:24:22.632,4947189,742057,149995616,1179.861858,,1050.296,0x00,0x00,CURRENT,1,0,OK,5.0,4.943,741.0,149.995,,1179.86,,,105.0,3665.0
2026-08-06 11:24:23.466,4947177,742055,149995584,1179.861520,,1051.130,0x00,0x00,CURRENT,1,0,OK,5.0,4.941,741.0,149.995,,1179.86,,,106.0,3662.0
2026-08-06 11:24:24.354,4947667,742128,149995584,1179.861520,,1052.018,0x00,0x00,CURRENT,1,0,OK,5.0,4.941,741.0,149.995,,1179.86,,,106.0,3662.0
2026-08-06 11:24:25.169,4948638,742274,149995616,1179.861858,,1052.834,0x00,0x00,CURRENT,1,0,OK,5.0,4.941,741.0,149.995,,1179.86,,,106.0,3662.0
2026-08-06 11:24:26.003,4950060,742487,149995632,1179.862027,,1053.668,0x00,0x00,CURRENT,1,0,OK,5.0,4.943,741.0,149.995,,1179.86,,,107.0,3665.0
2026-08-06 11:24:26.854,4951914,742766,149995648,1179.862196,,1054.519,0x00,0x00,CURRENT,1,0,OK,5.0,4.943,741.0,149.995,,1179.86,,,107.0,3665.0
2026-08-06 11:24:27.688,4954178,743105,149995648,1179.862196,,1055.353,0x00,0x00,CURRENT,1,0,OK,5.0,4.947,742.0,149.995,,1179.86,,,107.0,3671.0
2026-08-06 11:24:28.503,4956835,743504,149995664,1179.862364,,1056.168,0x00,0x00,CURRENT,1,0,OK,5.0,4.947,742.0,149.995,,1179.86,,,107.0,3671.0
2026-08-06 11:24:29.817,4960197,744008,149995632,1179.862027,,1057.482,0x00,0x00,CURRENT,1,0,OK,5.0,4.952,743.0,149.996,,1179.861,,,108.0,3679.0
2026-08-06 11:24:30.632,4963731,744538,149995648,1179.862196,,1058.297,0x00,0x00,CURRENT,1,0,OK,5.0,4.952,743.0,149.996,,1179.861,,,108.0,3679.0
2026-08-06 11:24:31.466,4967418,745091,149995632,1179.862027,,1059.131,0x00,0x00,CURRENT,1,0,OK,5.0,4.963,744.0,149.996,,1179.862,,,108.0,3694.0
2026-08-06 11:24:32.354,4971089,745641,149995584,1179.861520,,1060.019,0x00,0x00,CURRENT,1,0,OK,5.0,4.963,744.0,149.996,,1179.862,,,108.0,3694.0
2026-08-06 11:24:33.169,4974904,746214,149995568,1179.861351,,1060.834,0x00,0x00,CURRENT,1,0,OK,5.0,4.963,744.0,149.996,,1179.862,,,108.0,3694.0
2026-08-06 11:24:34.003,4978697,746783,149995600,1179.861689,,1061.667,0x00,0x00,CURRENT,1,0,OK,5.0,4.974,746.0,149.996,,1179.862,,,108.0,3711.0
2026-08-06 11:24:34.853,4982631,747373,149995616,1179.861858,,1062.518,0x00,0x00,CURRENT,1,0,OK,5.0,4.974,746.0,149.996,,1179.862,,,108.0,3711.0
2026-08-06 11:24:35.688,4986371,747934,149995600,1179.861689,,1063.352,0x00,0x00,CURRENT,1,0,OK,5.0,4.982,747.0,149.996,,1179.861,,,109.0,3722.0
2026-08-06 11:24:36.503,4990086,748491,149995600,1179.861689,,1064.167,0x00,0x00,CURRENT,1,0,OK,5.0,4.982,747.0,149.996,,1179.861,,,109.0,3722.0
2026-08-06 11:24:37.817,4993781,749045,149995600,1179.861689,,1065.481,0x00,0x00,CURRENT,1,0,OK,5.0,4.989,748.0,149.996,,1179.861,,,109.0,3734.0
2026-08-06 11:24:38.632,4997294,749572,149995632,1179.862027,,1066.296,0x00,0x00,CURRENT,1,0,OK,5.0,4.989,748.0,149.996,,1179.861,,,109.0,3734.0
2026-08-06 11:24:39.465,5000636,750074,149995632,1179.862027,,1067.130,0x00,0x00,CURRENT,1,0,OK,5.0,5.0,750.0,149.996,,1179.861,,,109.0,3750.0
2026-08-06 11:24:40.355,5003814,750550,149995632,1179.862027,,1068.019,0x00,0x00,CURRENT,1,0,OK,5.0,5.0,750.0,149.996,,1179.861,,,109.0,3750.0
2026-08-06 11:24:41.170,5006841,751004,149995648,1179.862196,,1068.834,0x00,0x00,CURRENT,1,0,OK,5.0,5.0,750.0,149.996,,1179.861,,,109.0,3750.0
2026-08-06 11:24:42.004,5009553,751411,149995680,1179.862533,,1069.668,0x00,0x00,CURRENT,1,0,OK,5.0,5.009,751.0,149.996,,1179.861,,,109.0,3764.0
2026-08-06 11:24:42.854,5012125,751797,149995680,1179.862533,,1070.518,0x00,0x00,CURRENT,1,0,OK,5.0,5.009,751.0,149.996,,1179.861,,,109.0,3764.0
2026-08-06 11:24:43.688,5014407,752140,149995696,1179.862702,,1071.352,0x00,0x00,CURRENT,1,0,OK,5.0,5.014,752.0,149.996,,1179.862,,,109.0,3771.0
2026-08-06 11:24:44.503,5016407,752440,149995712,1179.862871,,1072.167,0x00,0x00,CURRENT,1,0,OK,5.0,5.014,752.0,149.996,,1179.862,,,109.0,3771.0
2026-08-06 11:24:45.817,5017966,752673,149995696,1179.862702,,1073.481,0x00,0x00,CURRENT,1,0,OK,5.0,5.018,753.0,149.996,,1179.862,,,108.0,3777.0
2026-08-06 11:24:46.631,5019281,752870,149995680,1179.862533,,1074.296,0x00,0x00,CURRENT,1,0,OK,5.0,5.018,753.0,149.996,,1179.862,,,108.0,3777.0
2026-08-06 11:24:47.465,5020355,753032,149995680,1179.862533,,1075.130,0x00,0x00,CURRENT,1,0,OK,5.0,5.022,753.0,149.996,,1179.862,,,108.0,3784.0
2026-08-06 11:24:48.355,5021205,753159,149995664,1179.862364,,1076.020,0x00,0x00,CURRENT,1,0,OK,5.0,5.022,753.0,149.996,,1179.862,,,108.0,3784.0
2026-08-06 11:24:49.170,5021684,753231,149995696,1179.862702,,1076.835,0x00,0x00,CURRENT,1,0,OK,5.0,5.022,753.0,149.996,,1179.862,,,108.0,3784.0
2026-08-06 11:24:50.004,5021971,753274,149995728,1179.863040,,1077.669,0x00,0x00,CURRENT,1,0,OK,5.0,5.024,754.0,149.996,,1179.862,,,108.0,3787.0
2026-08-06 11:24:50.854,5022082,753291,149995696,1179.862702,,1078.519,0x00,0x00,CURRENT,1,0,OK,5.0,5.024,754.0,149.996,,1179.862,,,108.0,3787.0
2026-08-06 11:24:51.688,5022004,753279,149995680,1179.862533,,1079.353,0x00,0x00,CURRENT,1,0,OK,5.0,5.024,754.0,149.996,,1179.862,,,108.0,3787.0
2026-08-06 11:24:52.503,5021594,753218,149995728,1179.863040,,1080.168,0x00,0x00,CURRENT,1,0,OK,5.0,5.024,754.0,149.996,,1179.862,,,108.0,3787.0
2026-08-06 11:24:53.817,5020866,753108,149995712,1179.862871,,1081.482,0x00,0x00,CURRENT,1,0,OK,5.0,5.024,754.0,149.996,,1179.862,,,108.0,3786.0
2026-08-06 11:24:54.632,5020015,752981,149995760,1179.863378,,1082.297,0x00,0x00,CURRENT,1,0,OK,5.0,5.024,754.0,149.996,,1179.862,,,108.0,3786.0
2026-08-06 11:24:55.466,5019045,752835,149995776,1179.863547,,1083.131,0x00,0x00,CURRENT,1,0,OK,5.0,5.021,753.0,149.996,,1179.863,,,107.0,3782.0
2026-08-06 11:24:56.353,5017785,752647,149995776,1179.863547,,1084.018,0x00,0x00,CURRENT,1,0,OK,5.0,5.021,753.0,149.996,,1179.863,,,107.0,3782.0
2026-08-06 11:24:57.168,5016421,752442,149995792,1179.863716,,1084.833,0x00,0x00,CURRENT,1,0,OK,5.0,5.021,753.0,149.996,,1179.863,,,107.0,3782.0
2026-08-06 11:24:58.002,5015123,752247,149995808,1179.863885,,1085.667,0x00,0x00,CURRENT,1,0,OK,5.0,5.018,753.0,149.996,,1179.863,,,107.0,3776.0
2026-08-06 11:24:58.855,5013719,752037,149995808,1179.863885,,1086.519,0x00,0x00,CURRENT,1,0,OK,5.0,5.018,753.0,149.996,,1179.863,,,107.0,3776.0
2026-08-06 11:24:59.688,5012217,751811,149995776,1179.863547,,1087.353,0x00,0x00,CURRENT,1,0,OK,5.0,5.015,752.0,149.996,,1179.863,,,107.0,3772.0
2026-08-06 11:25:00.504,5010621,751572,149995792,1179.863716,,1088.168,0x00,0x00,CURRENT,1,0,OK,5.0,5.015,752.0,149.996,,1179.863,,,107.0,3772.0
2026-08-06 11:25:01.817,5008938,751319,149995744,1179.863209,,1089.482,0x00,0x00,CURRENT,1,0,OK,5.0,5.012,752.0,149.996,,1179.863,,,107.0,3767.0
2026-08-06 11:25:02.632,5007333,751079,149995776,1179.863547,,1090.297,0x00,0x00,CURRENT,1,0,OK,5.0,5.012,752.0,149.996,,1179.863,,,107.0,3767.0
2026-08-06 11:25:03.466,5005647,750826,149995776,1179.863547,,1091.131,0x00,0x00,CURRENT,1,0,OK,5.0,5.007,751.0,149.996,,1179.863,,,107.0,3760.0
2026-08-06 11:25:04.355,5004048,750586,149995744,1179.863209,,1092.019,0x00,0x00,CURRENT,1,0,OK,5.0,5.007,751.0,149.996,,1179.863,,,107.0,3760.0
2026-08-06 11:25:05.170,5002530,750358,149995760,1179.863378,,1092.834,0x00,0x00,CURRENT,1,0,OK,5.0,5.007,751.0,149.996,,1179.863,,,107.0,3760.0
2026-08-06 11:25:06.003,5001089,750142,149995744,1179.863209,,1093.668,0x00,0x00,CURRENT,1,0,OK,5.0,5.002,750.0,149.996,,1179.864,,,107.0,3753.0
2026-08-06 11:25:06.855,4999721,749937,149995744,1179.863209,,1094.519,0x00,0x00,CURRENT,1,0,OK,5.0,5.002,750.0,149.996,,1179.864,,,107.0,3753.0
2026-08-06 11:25:07.688,4998414,749741,149995760,1179.863378,,1095.353,0x00,0x00,CURRENT,1,0,OK,5.0,4.999,750.0,149.996,,1179.863,,,107.0,3749.0
2026-08-06 11:25:08.503,4997177,749555,149995728,1179.863040,,1096.168,0x00,0x00,CURRENT,1,0,OK,5.0,4.999,750.0,149.996,,1179.863,,,107.0,3749.0
2026-08-06 11:25:09.817,4996001,749379,149995760,1179.863378,,1097.482,0x00,0x00,CURRENT,1,0,OK,5.0,4.997,749.0,149.996,,1179.863,,,107.0,3745.0
2026-08-06 11:25:10.632,4995056,749237,149995728,1179.863040,,1098.297,0x00,0x00,CURRENT,1,0,OK,5.0,4.997,749.0,149.996,,1179.863,,,107.0,3745.0
2026-08-06 11:25:11.466,4994153,749101,149995712,1179.862871,,1099.131,0x00,0x00,CURRENT,1,0,OK,5.0,4.994,749.0,149.996,,1179.863,,,107.0,3740.0
2026-08-06 11:25:12.354,4993292,748972,149995696,1179.862702,,1100.019,0x00,0x00,CURRENT,1,0,OK,5.0,4.994,749.0,149.996,,1179.863,,,107.0,3740.0
2026-08-06 11:25:13.169,4992634,748874,149995728,1179.863040,,1100.834,0x00,0x00,CURRENT,1,0,OK,5.0,4.994,749.0,149.996,,1179.863,,,107.0,3740.0
2026-08-06 11:25:14.003,4992019,748782,149995744,1179.863209,,1101.668,0x00,0x00,CURRENT,1,0,OK,5.0,4.991,749.0,149.996,,1179.863,,,107.0,3737.0
2026-08-06 11:25:14.854,4991610,748720,149995744,1179.863209,,1102.519,0x00,0x00,CURRENT,1,0,OK,5.0,4.991,749.0,149.996,,1179.863,,,107.0,3737.0
2026-08-06 11:25:15.688,4991221,748662,149995744,1179.863209,,1103.353,0x00,0x00,CURRENT,1,0,OK,5.0,4.991,749.0,149.996,,1179.864,,,107.0,3736.0
2026-08-06 11:25:16.503,4991028,748633,149995760,1179.863378,,1104.168,0x00,0x00,CURRENT,1,0,OK,5.0,4.991,749.0,149.996,,1179.864,,,107.0,3736.0
2026-08-06 11:25:17.817,4991013,748631,149995728,1179.863040,,1105.482,0x00,0x00,CURRENT,1,0,OK,5.0,4.99,748.0,149.996,,1179.864,,,107.0,3735.0
2026-08-06 11:25:18.632,4990998,748628,149995712,1179.862871,,1106.297,0x00,0x00,CURRENT,1,0,OK,5.0,4.99,748.0,149.996,,1179.864,,,107.0,3735.0
2026-08-06 11:25:19.466,4991147,748651,149995712,1179.862871,,1107.131,0x00,0x00,CURRENT,1,0,OK,5.0,4.99,748.0,149.996,,1179.864,,,107.0,3735.0
2026-08-06 11:25:20.354,4991292,748672,149995712,1179.862871,,1108.019,0x00,0x00,CURRENT,1,0,OK,5.0,4.99,748.0,149.996,,1179.864,,,107.0,3735.0
2026-08-06 11:25:21.169,4991598,748718,149995712,1179.862871,,1108.834,0x00,0x00,CURRENT,1,0,OK,5.0,4.99,748.0,149.996,,1179.864,,,107.0,3735.0
2026-08-06 11:25:22.003,4991888,748762,149995744,1179.863209,,1109.668,0x00,0x00,CURRENT,1,0,OK,5.0,4.991,749.0,149.996,,1179.864,,,107.0,3736.0
2026-08-06 11:25:22.855,4992320,748827,149995760,1179.863378,,1110.520,0x00,0x00,CURRENT,1,0,OK,5.0,4.991,749.0,149.996,,1179.864,,,107.0,3736.0
2026-08-06 11:25:23.689,4992732,748889,149995792,1179.863716,,1111.354,0x00,0x00,CURRENT,1,0,OK,5.0,4.992,749.0,149.996,,1179.864,,,107.0,3737.0
2026-08-06 11:25:24.504,4993291,748973,149995776,1179.863547,,1112.169,0x00,0x00,CURRENT,1,0,OK,5.0,4.992,749.0,149.996,,1179.864,,,107.0,3737.0
2026-08-06 11:25:25.818,4993830,749053,149995792,1179.863716,,1113.483,0x00,0x00,CURRENT,1,0,OK,5.0,4.993,749.0,149.996,,1179.864,,,107.0,3739.0
2026-08-06 11:25:26.633,4994516,749156,149995776,1179.863547,,1114.298,0x00,0x00,CURRENT,1,0,OK,5.0,4.993,749.0,149.996,,1179.864,,,107.0,3739.0
2026-08-06 11:25:27.467,4995155,749252,149995776,1179.863547,,1115.132,0x00,0x00,CURRENT,1,0,OK,5.0,4.994,749.0,149.996,,1179.863,,,107.0,3742.0
2026-08-06 11:25:28.354,4995765,749344,149995776,1179.863547,,1116.019,0x00,0x00,CURRENT,1,0,OK,5.0,4.994,749.0,149.996,,1179.863,,,107.0,3742.0
2026-08-06 11:25:29.169,4996341,749430,149995776,1179.863547,,1116.834,0x00,0x00,CURRENT,1,0,OK,5.0,4.994,749.0,149.996,,1179.863,,,107.0,3742.0
2026-08-06 11:25:30.003,4997051,749536,149995760,1179.863378,,1117.668,0x00,0x00,CURRENT,1,0,OK,5.0,4.996,749.0,149.996,,1179.863,,,107.0,3744.0
2026-08-06 11:25:30.854,4997734,749639,149995760,1179.863378,,1118.519,0x00,0x00,CURRENT,1,0,OK,5.0,4.996,749.0,149.996,,1179.863,,,107.0,3744.0
2026-08-06 11:25:31.688,4998371,749734,149995760,1179.863378,,1119.353,0x00,0x00,CURRENT,1,0,OK,5.0,4.998,750.0,149.996,,1179.863,,,107.0,3746.0
2026-08-06 11:25:32.503,4998979,749826,149995776,1179.863547,,1120.168,0x00,0x00,CURRENT,1,0,OK,5.0,4.998,750.0,149.996,,1179.863,,,107.0,3746.0
2026-08-06 11:25:33.817,4999558,749913,149995760,1179.863378,,1121.482,0x00,0x00,CURRENT,1,0,OK,5.0,4.999,750.0,149.996,,1179.863,,,108.0,3748.0
2026-08-06 11:25:34.632,5000106,749995,149995760,1179.863378,,1122.297,0x00,0x00,CURRENT,1,0,OK,5.0,4.999,750.0,149.996,,1179.863,,,108.0,3748.0
2026-08-06 11:25:35.466,5000628,750073,149995776,1179.863547,,1123.131,0x00,0x00,CURRENT,1,0,OK,5.0,5.001,750.0,149.996,,1179.863,,,108.0,3751.0
2026-08-06 11:25:36.354,5001119,750147,149995776,1179.863547,,1124.019,0x00,0x00,CURRENT,1,0,OK,5.0,5.001,750.0,149.996,,1179.863,,,108.0,3751.0
2026-08-06 11:25:37.169,5001588,750217,149995808,1179.863885,,1124.834,0x00,0x00,CURRENT,1,0,OK,5.0,5.001,750.0,149.996,,1179.863,,,108.0,3751.0
2026-08-06 11:25:38.003,5002023,750283,149995808,1179.863885,,1125.667,0x00,0x00,CURRENT,1,0,OK,5.0,5.002,750.0,149.996,,1179.864,,,107.0,3753.0
2026-08-06 11:25:38.854,5002449,750346,149995808,1179.863885,,1126.519,0x00,0x00,CURRENT,1,0,OK,5.0,5.002,750.0,149.996,,1179.864,,,107.0,3753.0
2026-08-06 11:25:39.688,5002857,750408,149995840,1179.864223,,1127.353,0x00,0x00,CURRENT,1,0,OK,5.0,5.003,750.0,149.996,,1179.864,,,107.0,3754.0
2026-08-06 11:25:40.503,5003077,750441,149995824,1179.864054,,1128.168,0x00,0x00,CURRENT,1,0,OK,5.0,5.003,750.0,149.996,,1179.864,,,107.0,3754.0
2026-08-06 11:25:41.817,5003285,750472,149995824,1179.864054,,1129.482,0x00,0x00,CURRENT,1,0,OK,5.0,5.003,750.0,149.996,,1179.864,,,107.0,3755.0
2026-08-06 11:25:42.632,5003487,750502,149995792,1179.863716,,1130.297,0x00,0x00,CURRENT,1,0,OK,5.0,5.003,750.0,149.996,,1179.864,,,107.0,3755.0
2026-08-06 11:25:43.466,5003672,750530,149995776,1179.863547,,1131.131,0x00,0x00,CURRENT,1,0,OK,5.0,5.004,751.0,149.996,,1179.865,,,107.0,3756.0
2026-08-06 11:25:44.355,5003682,750531,149995744,1179.863209,,1132.020,0x00,0x00,CURRENT,1,0,OK,5.0,5.004,751.0,149.996,,1179.865,,,107.0,3756.0
2026-08-06 11:25:45.170,5003690,750532,149995760,1179.863378,,1132.835,0x00,0x00,CURRENT,1,0,OK,5.0,5.004,751.0,149.996,,1179.865,,,107.0,3756.0
2026-08-06 11:25:46.004,5003691,750532,149995760,1179.863378,,1133.669,0x00,0x00,CURRENT,1,0,OK,5.0,5.004,751.0,149.996,,1179.865,,,107.0,3756.0
2026-08-06 11:25:46.855,5003697,750533,149995744,1179.863209,,1134.520,0x00,0x00,CURRENT,1,0,OK,5.0,5.004,751.0,149.996,,1179.865,,,107.0,3756.0
2026-08-06 11:25:47.689,5003530,750508,149995760,1179.863378,,1135.354,0x00,0x00,CURRENT,1,0,OK,5.0,5.004,751.0,149.996,,1179.864,,,107.0,3756.0
2026-08-06 11:25:48.504,5003370,750484,149995792,1179.863716,,1136.169,0x00,0x00,CURRENT,1,0,OK,5.0,5.004,751.0,149.996,,1179.864,,,107.0,3756.0
2026-08-06 11:25:49.818,5003231,750464,149995840,1179.864223,,1137.483,0x00,0x00,CURRENT,1,0,OK,5.0,5.004,751.0,149.996,,1179.864,,,107.0,3755.0
2026-08-06 11:25:50.633,5003094,750443,149995872,1179.864561,,1138.298,0x00,0x00,CURRENT,1,0,OK,5.0,5.004,751.0,149.996,,1179.864,,,107.0,3755.0
2026-08-06 11:25:51.467,5002968,750425,149995872,1179.864561,,1139.132,0x00,0x00,CURRENT,1,0,OK,5.0,5.003,750.0,149.996,,1179.865,,,107.0,3755.0
2026-08-06 11:25:52.354,5002693,750383,149995872,1179.864561,,1140.019,0x00,0x00,CURRENT,1,0,OK,5.0,5.003,750.0,149.996,,1179.865,,,107.0,3755.0
2026-08-06 11:25:53.169,5002424,750343,149995888,1179.864730,,1140.833,0x00,0x00,CURRENT,1,0,OK,5.0,5.003,750.0,149.996,,1179.865,,,107.0,3755.0
2026-08-06 11:25:54.003,5002166,750304,149995888,1179.864730,,1141.668,0x00,0x00,CURRENT,1,0,OK,5.0,5.003,750.0,149.996,,1179.865,,,107.0,3754.0
2026-08-06 11:25:54.855,5001926,750268,149995872,1179.864561,,1142.520,0x00,0x00,CURRENT,1,0,OK,5.0,5.003,750.0,149.996,,1179.865,,,107.0,3754.0
2026-08-06 11:25:55.689,5001695,750234,149995872,1179.864561,,1143.354,0x00,0x00,CURRENT,1,0,OK,5.0,5.002,750.0,149.996,,1179.865,,,107.0,3753.0
2026-08-06 11:25:56.504,5001480,750201,149995872,1179.864561,,1144.169,0x00,0x00,CURRENT,1,0,OK,5.0,5.002,750.0,149.996,,1179.865,,,107.0,3753.0
2026-08-06 11:25:57.818,5001263,750169,149995888,1179.864730,,1145.483,0x00,0x00,CURRENT,1,0,OK,5.0,5.002,750.0,149.996,,1179.865,,,107.0,3752.0
2026-08-06 11:25:58.633,5001062,750139,149995904,1179.864899,,1146.297,0x00,0x00,CURRENT,1,0,OK,5.0,5.002,750.0,149.996,,1179.865,,,107.0,3752.0
2026-08-06 11:25:59.467,5000866,750110,149995952,1179.865406,,1147.132,0x00,0x00,CURRENT,1,0,OK,5.0,5.001,750.0,149.996,,1179.866,,,107.0,3751.0
2026-08-06 11:26:00.355,5000686,750083,149995952,1179.865406,,1148.020,0x00,0x00,CURRENT,1,0,OK,5.0,5.001,750.0,149.996,,1179.866,,,107.0,3751.0
2026-08-06 11:26:01.170,5000345,750031,149995936,1179.865237,,1148.834,0x00,0x00,CURRENT,1,0,OK,5.0,5.001,750.0,149.996,,1179.866,,,107.0,3751.0
2026-08-06 11:26:02.004,5000020,749982,149995888,1179.864730,,1149.669,0x00,0x00,CURRENT,1,0,OK,5.0,5.0,750.0,149.996,,1179.865,,,107.0,3750.0
2026-08-06 11:26:02.854,4999709,749936,149995888,1179.864730,,1150.519,0x00,0x00,CURRENT,1,0,OK,5.0,5.0,750.0,149.996,,1179.865,,,107.0,3750.0
2026-08-06 11:26:03.688,4999422,749893,149995872,1179.864561,,1151.353,0x00,0x00,CURRENT,1,0,OK,5.0,5.0,750.0,149.996,,1179.865,,,107.0,3749.0
2026-08-06 11:26:04.503,4999306,749875,149995888,1179.864730,,1152.168,0x00,0x00,CURRENT,1,0,OK,5.0,5.0,750.0,149.996,,1179.865,,,107.0,3749.0
2026-08-06 11:26:05.817,4999194,749858,149995888,1179.864730,,1153.481,0x00,0x00,CURRENT,1,0,OK,5.0,4.999,750.0,149.996,,1179.865,,,107.0,3749.0
2026-08-06 11:26:06.632,4999096,749844,149995840,1179.864223,,1154.296,0x00,0x00,CURRENT,1,0,OK,5.0,4.999,750.0,149.996,,1179.865,,,107.0,3749.0
2026-08-06 11:26:07.466,4999004,749830,149995872,1179.864561,,1155.130,0x00,0x00,CURRENT,1,0,OK,5.0,4.999,750.0,149.996,,1179.864,,,107.0,3748.0
2026-08-06 11:26:08.354,4998917,749817,149995824,1179.864054,,1156.019,0x00,0x00,CURRENT,1,0,OK,5.0,4.999,750.0,149.996,,1179.864,,,107.0,3748.0
2026-08-06 11:26:09.169,4998829,749803,149995808,1179.863885,,1156.834,0x00,0x00,CURRENT,1,0,OK,5.0,4.999,750.0,149.996,,1179.864,,,107.0,3748.0
2026-08-06 11:26:10.003,4998740,749790,149995808,1179.863885,,1157.667,0x00,0x00,CURRENT,1,0,OK,5.0,4.999,750.0,149.996,,1179.864,,,107.0,3748.0
2026-08-06 11:26:10.855,4998662,749778,149995840,1179.864223,,1158.519,0x00,0x00,CURRENT,1,0,OK,5.0,4.999,750.0,149.996,,1179.864,,,107.0,3748.0
2026-08-06 11:26:11.688,4998588,749767,149995824,1179.864054,,1159.353,0x00,0x00,CURRENT,1,0,OK,5.0,4.999,750.0,149.996,,1179.864,,,107.0,3748.0
2026-08-06 11:26:12.503,4998530,749759,149995824,1179.864054,,1160.168,0x00,0x00,CURRENT,1,0,OK,5.0,4.999,750.0,149.996,,1179.864,,,107.0,3748.0
2026-08-06 11:26:13.818,4998477,749751,149995840,1179.864223,,1161.482,0x00,0x00,CURRENT,1,0,OK,5.0,4.998,750.0,149.996,,1179.864,,,107.0,3747.0
2026-08-06 11:26:14.633,4998425,749743,149995856,1179.864392,,1162.297,0x00,0x00,CURRENT,1,0,OK,5.0,4.998,750.0,149.996,,1179.864,,,107.0,3747.0
2026-08-06 11:26:15.467,4998551,749762,149995824,1179.864054,,1163.131,0x00,0x00,CURRENT,1,0,OK,5.0,4.998,750.0,149.996,,1179.864,,,107.0,3747.0
2026-08-06 11:26:16.353,4998667,749779,149995808,1179.863885,,1164.018,0x00,0x00,CURRENT,1,0,OK,5.0,4.998,750.0,149.996,,1179.864,,,107.0,3747.0
2026-08-06 11:26:17.169,4998776,749795,149995776,1179.863547,,1164.833,0x00,0x00,CURRENT,1,0,OK,5.0,4.998,750.0,149.996,,1179.864,,,107.0,3747.0
2026-08-06 11:26:18.003,4998870,749810,149995808,1179.863885,,1165.667,0x00,0x00,CURRENT,1,0,OK,5.0,4.999,750.0,149.996,,1179.865,,,107.0,3748.0
2026-08-06 11:26:18.852,4998967,749824,149995872,1179.864561,,1166.517,0x00,0x00,CURRENT,1,0,OK,5.0,4.999,750.0,149.996,,1179.865,,,107.0,3748.0
2026-08-06 11:26:19.687,4999059,749838,149995888,1179.864730,,1167.351,0x00,0x00,CURRENT,1,0,OK,5.0,4.999,750.0,149.996,,1179.864,,,107.0,3748.0
2026-08-06 11:26:20.502,4999140,749850,149995872,1179.864561,,1168.166,0x00,0x00,CURRENT,1,0,OK,5.0,4.999,750.0,149.996,,1179.864,,,107.0,3748.0
2026-08-06 11:26:21.815,4999222,749863,149995888,1179.864730,,1169.480,0x00,0x00,CURRENT,1,0,OK,5.0,4.999,750.0,149.996,,1179.864,,,107.0,3748.0
2026-08-06 11:26:22.630,4999303,749875,149995872,1179.864561,,1170.295,0x00,0x00,CURRENT,1,0,OK,5.0,4.999,750.0,149.996,,1179.864,,,107.0,3748.0
2026-08-06 11:26:23.465,4999376,749886,149995888,1179.864730,,1171.129,0x00,0x00,CURRENT,1,0,OK,5.0,4.999,750.0,149.996,,1179.864,,,107.0,3749.0
2026-08-06 11:26:24.353,4999452,749897,149995888,1179.864730,,1172.018,0x00,0x00,CURRENT,1,0,OK,5.0,4.999,750.0,149.996,,1179.864,,,107.0,3749.0
2026-08-06 11:26:25.168,4999527,749908,149995888,1179.864730,,1172.833,0x00,0x00,CURRENT,1,0,OK,5.0,4.999,750.0,149.996,,1179.864,,,107.0,3749.0
2026-08-06 11:26:26.002,4999598,749919,149995888,1179.864730,,1173.667,0x00,0x00,CURRENT,1,0,OK,5.0,5.0,750.0,149.996,,1179.864,,,107.0,3749.0
2026-08-06 11:26:26.854,4999666,749929,149995920,1179.865068,,1174.518,0x00,0x00,CURRENT,1,0,OK,7.0,5.0,750.0,149.996,,1179.864,,,107.0,3749.0
2026-08-06 11:26:28.096,5352717,802884,149995648,1179.862196,,1175.760,0x00,0x00,CURRENT,1,0,OK,7.0,5.001,750.0,149.996,,1179.869,,,115.0,3751.0
2026-08-06 11:26:28.910,5370139,805498,149995664,1179.862364,,1176.575,0x00,0x00,CURRENT,1,0,OK,7.0,5.001,750.0,149.996,,1179.869,,,115.0,3751.0
2026-08-06 11:26:30.225,5420625,813070,149995648,1179.862196,,1177.890,0x00,0x00,CURRENT,1,0,OK,7.0,5.053,758.0,149.996,,1179.869,,,131.0,3829.0
2026-08-06 11:26:31.041,5484752,822689,149995632,1179.862027,,1178.705,0x00,0x00,CURRENT,1,0,OK,7.0,5.053,758.0,149.996,,1179.869,,,131.0,3829.0
2026-08-06 11:26:31.874,5561180,834152,149995600,1179.861689,,1179.539,0x00,0x00,CURRENT,1,0,OK,7.0,5.243,786.0,149.996,,1179.867,,,153.0,4123.0
2026-08-06 11:26:32.689,5648362,847229,149995552,1179.861182,,1180.354,0x00,0x00,CURRENT,1,0,OK,7.0,5.243,786.0,149.996,,1179.867,,,153.0,4123.0
2026-08-06 11:26:33.524,5745110,861741,149995488,1179.860506,,1181.188,0x00,0x00,CURRENT,1,0,OK,7.0,5.43,814.0,149.996,,1179.866,,,166.0,4423.0
2026-08-06 11:26:34.354,5849776,877440,149995424,1179.859830,,1182.018,0x00,0x00,CURRENT,1,0,OK,7.0,5.43,814.0,149.996,,1179.866,,,166.0,4423.0
2026-08-06 11:26:35.168,5961112,894139,149995376,1179.859323,,1182.833,0x00,0x00,CURRENT,1,0,OK,7.0,5.43,814.0,149.996,,1179.866,,,166.0,4423.0
2026-08-06 11:26:36.002,6077586,911609,149995312,1179.858647,,1183.667,0x00,0x00,CURRENT,1,0,OK,7.0,5.774,866.0,149.996,,1179.863,,,182.0,5001.0
2026-08-06 11:26:36.855,6197935,929661,149995248,1179.857972,,1184.520,0x00,0x00,CURRENT,1,0,OK,7.0,5.774,866.0,149.996,,1179.863,,,182.0,5001.0
2026-08-06 11:26:37.690,6320801,948090,149995216,1179.857634,,1185.354,0x00,0x00,CURRENT,1,0,OK,7.0,6.029,904.0,149.996,,1179.862,,,190.0,5452.0
2026-08-06 11:26:38.504,6444904,966704,149995120,1179.856620,,1186.169,0x00,0x00,CURRENT,1,0,OK,7.0,6.029,904.0,149.996,,1179.862,,,190.0,5452.0
2026-08-06 11:26:39.818,6573998,986067,149995056,1179.855944,,1187.483,0x00,0x00,CURRENT,1,0,OK,7.0,6.292,944.0,149.995,,1179.86,,,197.0,5939.0
2026-08-06 11:26:40.634,6700488,1005040,149995008,1179.855437,,1188.298,0x00,0x00,CURRENT,1,0,OK,7.0,6.292,944.0,149.995,,1179.86,,,197.0,5939.0
2026-08-06 11:26:41.468,6823507,1023492,149994960,1179.854930,,1189.133,0x00,0x00,CURRENT,1,0,OK,7.0,6.682,1002.0,149.995,,1179.857,,,202.0,6697.0
2026-08-06 11:26:42.353,6942052,1041272,149994880,1179.854086,,1190.018,0x00,0x00,CURRENT,1,0,OK,7.0,6.682,1002.0,149.995,,1179.857,,,202.0,6697.0
2026-08-06 11:26:43.168,7055357,1058267,149994800,1179.853241,,1190.833,0x00,0x00,CURRENT,1,0,OK,7.0,6.682,1002.0,149.995,,1179.857,,,202.0,6697.0
2026-08-06 11:26:44.002,7162662,1074362,149994752,1179.852734,,1191.667,0x00,0x00,CURRENT,1,0,OK,7.0,7.039,1056.0,149.995,,1179.855,,,203.0,7432.0
2026-08-06 11:26:44.853,7263257,1089450,149994704,1179.852227,,1192.518,0x00,0x00,CURRENT,1,0,OK,7.0,7.039,1056.0,149.995,,1179.855,,,203.0,7432.0
2026-08-06 11:26:45.688,7356626,1103455,149994672,1179.851889,,1193.353,0x00,0x00,CURRENT,1,0,OK,7.0,7.249,1087.0,149.995,,1179.853,,,201.0,7881.0
2026-08-06 11:26:46.503,7442323,1116309,149994624,1179.851382,,1194.168,0x00,0x00,CURRENT,1,0,OK,7.0,7.249,1087.0,149.995,,1179.853,,,201.0,7881.0
2026-08-06 11:26:47.817,7515499,1127284,149994576,1179.850876,,1195.482,0x00,0x00,CURRENT,1,0,OK,7.0,7.429,1114.0,149.995,,1179.852,,,198.0,8279.0
2026-08-06 11:26:48.632,7580033,1136964,149994560,1179.850707,,1196.297,0x00,0x00,CURRENT,1,0,OK,7.0,7.429,1114.0,149.995,,1179.852,,,198.0,8279.0
2026-08-06 11:26:49.467,7635814,1145331,149994560,1179.850707,,1197.132,0x00,0x00,CURRENT,1,0,OK,7.0,7.639,1146.0,149.995,,1179.851,,,191.0,8753.0
2026-08-06 11:26:50.354,7682611,1152350,149994560,1179.850707,,1198.019,0x00,0x00,CURRENT,1,0,OK,7.0,7.639,1146.0,149.995,,1179.851,,,191.0,8753.0
2026-08-06 11:26:51.169,7720708,1158064,149994560,1179.850707,,1198.834,0x00,0x00,CURRENT,1,0,OK,7.0,7.639,1146.0,149.995,,1179.851,,,191.0,8753.0
2026-08-06 11:26:52.004,7750032,1162463,149994576,1179.850876,,1199.669,0x00,0x00,CURRENT,1,0,OK,7.0,7.771,1166.0,149.995,,1179.851,,,182.0,9058.0
2026-08-06 11:26:52.854,7770873,1165589,149994560,1179.850707,,1200.519,0x00,0x00,CURRENT,1,0,OK,7.0,7.771,1166.0,149.995,,1179.851,,,182.0,9058.0
2026-08-06 11:26:53.689,7783645,1167504,149994560,1179.850707,,1201.354,0x00,0x00,CURRENT,1,0,OK,7.0,7.816,1172.0,149.995,,1179.85,,,176.0,9164.0
2026-08-06 11:26:54.504,7788391,1168216,149994544,1179.850538,,1202.169,0x00,0x00,CURRENT,1,0,OK,7.0,7.816,1172.0,149.995,,1179.85,,,176.0,9164.0
2026-08-06 11:26:55.818,7778448,1166725,149994560,1179.850707,,1203.483,0x00,0x00,CURRENT,1,0,OK,7.0,7.83,1174.0,149.995,,1179.851,,,169.0,9195.0
2026-08-06 11:26:56.633,7761785,1164226,149994576,1179.850876,,1204.298,0x00,0x00,CURRENT,1,0,OK,7.0,7.83,1174.0,149.995,,1179.851,,,169.0,9195.0
2026-08-06 11:26:57.468,7738905,1160794,149994576,1179.850876,,1205.133,0x00,0x00,CURRENT,1,0,OK,7.0,7.795,1169.0,149.995,,1179.851,,,160.0,9113.0
2026-08-06 11:26:58.355,7710462,1156528,149994608,1179.851213,,1206.020,0x00,0x00,CURRENT,1,0,OK,7.0,7.795,1169.0,149.995,,1179.851,,,160.0,9113.0
2026-08-06 11:26:59.170,7676921,1151497,149994592,1179.851044,,1206.835,0x00,0x00,CURRENT,1,0,OK,7.0,7.795,1169.0,149.995,,1179.851,,,160.0,9113.0
2026-08-06 11:27:00.004,7638827,1145783,149994608,1179.851213,,1207.669,0x00,0x00,CURRENT,1,0,OK,7.0,7.705,1156.0,149.995,,1179.852,,,151.0,8905.0
2026-08-06 11:27:00.854,7596736,1139470,149994640,1179.851551,,1208.519,0x00,0x00,CURRENT,1,0,OK,7.0,7.705,1156.0,149.995,,1179.852,,,151.0,8905.0
2026-08-06 11:27:01.689,7551364,1132664,149994672,1179.851889,,1209.354,0x00,0x00,CURRENT,1,0,OK,7.0,7.622,1143.0,149.995,,1179.852,,,146.0,8714.0
2026-08-06 11:27:02.504,7503033,1125415,149994704,1179.852227,,1210.169,0x00,0x00,CURRENT,1,0,OK,7.0,7.622,1143.0,149.995,,1179.852,,,146.0,8714.0
2026-08-06 11:27:03.818,7448365,1117215,149994720,1179.852396,,1211.483,0x00,0x00,CURRENT,1,0,OK,7.0,7.526,1129.0,149.995,,1179.852,,,141.0,8496.0
2026-08-06 11:27:04.633,7392720,1108869,149994752,1179.852734,,1212.298,0x00,0x00,CURRENT,1,0,OK,7.0,7.526,1129.0,149.995,,1179.852,,,141.0,8496.0
2026-08-06 11:27:05.468,7336661,1100461,149994752,1179.852734,,1213.133,0x00,0x00,CURRENT,1,0,OK,7.0,7.367,1105.0,149.995,,1179.853,,,136.0,8140.0
2026-08-06 11:27:06.355,7280552,1092044,149994736,1179.852565,,1214.019,0x00,0x00,CURRENT,1,0,OK,7.0,7.367,1105.0,149.995,,1179.853,,,136.0,8140.0
2026-08-06 11:27:07.169,7225073,1083723,149994784,1179.853072,,1214.834,0x00,0x00,CURRENT,1,0,OK,7.0,7.367,1105.0,149.995,,1179.853,,,136.0,8140.0
2026-08-06 11:27:08.003,7170516,1075540,149994800,1179.853241,,1215.668,0x00,0x00,CURRENT,1,0,OK,7.0,7.203,1080.0,149.995,,1179.853,,,133.0,7782.0
2026-08-06 11:27:08.854,7117352,1067566,149994816,1179.853410,,1216.519,0x00,0x00,CURRENT,1,0,OK,7.0,7.203,1080.0,149.995,,1179.853,,,133.0,7782.0
2026-08-06 11:27:09.689,7066001,1059864,149994848,1179.853748,,1217.354,0x00,0x00,CURRENT,1,0,OK,7.0,7.097,1065.0,149.995,,1179.854,,,132.0,7556.0
2026-08-06 11:27:10.504,7016873,1052495,149994864,1179.853917,,1218.169,0x00,0x00,CURRENT,1,0,OK,7.0,7.097,1065.0,149.995,,1179.854,,,132.0,7556.0
2026-08-06 11:27:11.818,6970542,1045545,149994880,1179.854086,,1219.483,0x00,0x00,CURRENT,1,0,OK,7.0,6.999,1050.0,149.995,,1179.855,,,132.0,7347.0
2026-08-06 11:27:12.633,6927361,1039069,149994912,1179.854424,,1220.298,0x00,0x00,CURRENT,1,0,OK,7.0,6.999,1050.0,149.995,,1179.855,,,132.0,7347.0
2026-08-06 11:27:13.468,6887523,1033094,149994912,1179.854424,,1221.133,0x00,0x00,CURRENT,1,0,OK,7.0,6.87,1030.0,149.995,,1179.855,,,133.0,7079.0
2026-08-06 11:27:14.354,6851192,1027644,149994928,1179.854593,,1222.019,0x00,0x00,CURRENT,1,0,OK,7.0,6.87,1030.0,149.995,,1179.855,,,133.0,7079.0
2026-08-06 11:27:15.169,6818365,1022720,149994944,1179.854762,,1222.834,0x00,0x00,CURRENT,1,0,OK,7.0,6.87,1030.0,149.995,,1179.855,,,133.0,7079.0
2026-08-06 11:27:16.004,6789195,1018345,149994960,1179.854930,,1223.669,0x00,0x00,CURRENT,1,0,OK,7.0,6.769,1015.0,149.995,,1179.856,,,135.0,6873.0
2026-08-06 11:27:16.854,6763829,1014540,149994992,1179.855268,,1224.519,0x00,0x00,CURRENT,1,0,OK,7.0,6.769,1015.0,149.995,,1179.856,,,135.0,6873.0
2026-08-06 11:27:17.689,6742264,1011306,149995024,1179.855606,,1225.354,0x00,0x00,CURRENT,1,0,OK,7.0,6.719,1008.0,149.995,,1179.856,,,138.0,6772.0
2026-08-06 11:27:18.504,6724296,1008611,149995040,1179.855775,,1226.169,0x00,0x00,CURRENT,1,0,OK,7.0,6.719,1008.0,149.995,,1179.856,,,138.0,6772.0
2026-08-06 11:27:19.818,6712948,1006909,149995024,1179.855606,,1227.483,0x00,0x00,CURRENT,1,0,OK,7.0,6.684,1003.0,149.995,,1179.856,,,140.0,6701.0
2026-08-06 11:27:20.633,6705188,1005745,149995040,1179.855775,,1228.298,0x00,0x00,CURRENT,1,0,OK,7.0,6.684,1003.0,149.995,,1179.856,,,140.0,6701.0
2026-08-06 11:27:21.467,6700856,1005095,149995008,1179.855437,,1229.132,0x00,0x00,CURRENT,1,0,OK,7.0,6.658,999.0,149.995,,1179.856,,,144.0,6649.0
2026-08-06 11:27:22.354,6699770,1004932,149995040,1179.855775,,1230.019,0x00,0x00,CURRENT,1,0,OK,7.0,6.658,999.0,149.995,,1179.856,,,144.0,6649.0
2026-08-06 11:27:23.169,6701777,1005233,149995040,1179.855775,,1230.834,0x00,0x00,CURRENT,1,0,OK,7.0,6.658,999.0,149.995,,1179.856,,,144.0,6649.0
2026-08-06 11:27:24.003,6706545,1005948,149995024,1179.855606,,1231.668,0x00,0x00,CURRENT,1,0,OK,7.0,6.661,999.0,149.995,,1179.857,,,148.0,6656.0
2026-08-06 11:27:24.854,6714106,1007082,149995024,1179.855606,,1232.519,0x00,0x00,CURRENT,1,0,OK,7.0,6.661,999.0,149.995,,1179.857,,,148.0,6656.0
2026-08-06 11:27:25.689,6724145,1008588,149995040,1179.855775,,1233.354,0x00,0x00,CURRENT,1,0,OK,7.0,6.677,1002.0,149.995,,1179.856,,,151.0,6688.0
2026-08-06 11:27:26.504,6736379,1010423,149995040,1179.855775,,1234.169,0x00,0x00,CURRENT,1,0,OK,7.0,6.677,1002.0,149.995,,1179.856,,,151.0,6688.0
2026-08-06 11:27:27.818,6753044,1012923,149995024,1179.855606,,1235.483,0x00,0x00,CURRENT,1,0,OK,7.0,6.703,1005.0,149.995,,1179.856,,,153.0,6740.0
2026-08-06 11:27:28.633,6771239,1015652,149995008,1179.855437,,1236.298,0x00,0x00,CURRENT,1,0,OK,7.0,6.703,1005.0,149.995,,1179.856,,,153.0,6740.0
2026-08-06 11:27:29.468,6790677,1018568,149995008,1179.855437,,1237.133,0x00,0x00,CURRENT,1,0,OK,7.0,6.756,1013.0,149.995,,1179.856,,,156.0,6846.0
2026-08-06 11:27:30.355,6811154,1021639,149994992,1179.855268,,1238.020,0x00,0x00,CURRENT,1,0,OK,7.0,6.756,1013.0,149.995,,1179.856,,,156.0,6846.0
2026-08-06 11:27:31.170,6832294,1024810,149994976,1179.855099,,1238.835,0x00,0x00,CURRENT,1,0,OK,7.0,6.756,1013.0,149.995,,1179.856,,,156.0,6846.0
2026-08-06 11:27:32.005,6854043,1028072,149994992,1179.855268,,1239.670,0x00,0x00,CURRENT,1,0,OK,7.0,6.819,1023.0,149.995,,1179.856,,,159.0,6975.0
2026-08-06 11:27:32.855,6876049,1031373,149994960,1179.854930,,1240.520,0x00,0x00,CURRENT,1,0,OK,7.0,6.819,1023.0,149.995,,1179.856,,,159.0,6975.0
2026-08-06 11:27:33.690,6898123,1034684,149994960,1179.854930,,1241.355,0x00,0x00,CURRENT,1,0,OK,7.0,6.864,1030.0,149.995,,1179.856,,,160.0,7067.0
2026-08-06 11:27:34.505,6920110,1037981,149994928,1179.854593,,1242.170,0x00,0x00,CURRENT,1,0,OK,7.0,6.864,1030.0,149.995,,1179.856,,,160.0,7067.0
2026-08-06 11:27:35.819,6942333,1041315,149994928,1179.854593,,1243.484,0x00,0x00,CURRENT,1,0,OK,7.0,6.909,1036.0,149.995,,1179.856,,,161.0,7161.0
2026-08-06 11:27:36.634,6963954,1044558,149994944,1179.854762,,1244.299,0x00,0x00,CURRENT,1,0,OK,7.0,6.909,1036.0,149.995,,1179.856,,,161.0,7161.0
2026-08-06 11:27:37.469,6984663,1047664,149994928,1179.854593,,1245.134,0x00,0x00,CURRENT,1,0,OK,7.0,6.974,1046.0,149.995,,1179.856,,,161.0,7296.0
2026-08-06 11:27:38.354,7004511,1050641,149994912,1179.854424,,1246.019,0x00,0x00,CURRENT,1,0,OK,7.0,6.974,1046.0,149.995,,1179.856,,,161.0,7296.0
2026-08-06 11:27:39.169,7023193,1053443,149994896,1179.854255,,1246.834,0x00,0x00,CURRENT,1,0,OK,7.0,6.974,1046.0,149.995,,1179.856,,,161.0,7296.0
2026-08-06 11:27:40.003,7040609,1056055,149994912,1179.854424,,1247.668,0x00,0x00,CURRENT,1,0,OK,7.0,7.032,1055.0,149.995,,1179.855,,,161.0,7417.0
2026-08-06 11:27:40.854,7056815,1058486,149994896,1179.854255,,1248.519,0x00,0x00,CURRENT,1,0,OK,7.0,7.032,1055.0,149.995,,1179.855,,,161.0,7417.0
2026-08-06 11:27:41.689,7071551,1060696,149994880,1179.854086,,1249.354,0x00,0x00,CURRENT,1,0,OK,7.0,7.065,1060.0,149.995,,1179.855,,,161.0,7487.0
2026-08-06 11:27:42.504,7084876,1062695,149994880,1179.854086,,1250.169,0x00,0x00,CURRENT,1,0,OK,7.0,7.065,1060.0,149.995,,1179.855,,,161.0,7487.0
2026-08-06 11:27:43.818,7095852,1064341,149994896,1179.854255,,1251.483,0x00,0x00,CURRENT,1,0,OK,7.0,7.092,1064.0,149.995,,1179.856,,,160.0,7544.0
2026-08-06 11:27:44.633,7105266,1065754,149994896,1179.854255,,1252.298,0x00,0x00,CURRENT,1,0,OK,7.0,7.092,1064.0,149.995,,1179.856,,,160.0,7544.0
2026-08-06 11:27:45.468,7113038,1066919,149994896,1179.854255,,1253.133,0x00,0x00,CURRENT,1,0,OK,7.0,7.122,1068.0,149.995,,1179.855,,,159.0,7609.0
2026-08-06 11:27:46.354,7119416,1067876,149994912,1179.854424,,1254.019,0x00,0x00,CURRENT,1,0,OK,7.0,7.122,1068.0,149.995,,1179.855,,,159.0,7609.0
2026-08-06 11:27:47.169,7124302,1068609,149994912,1179.854424,,1254.834,0x00,0x00,CURRENT,1,0,OK,7.0,7.122,1068.0,149.995,,1179.855,,,159.0,7609.0
2026-08-06 11:27:48.003,7127610,1069105,149994912,1179.854424,,1255.668,0x00,0x00,CURRENT,1,0,OK,7.0,7.139,1071.0,149.995,,1179.855,,,157.0,7644.0
2026-08-06 11:27:48.855,7129573,1069400,149994928,1179.854593,,1256.520,0x00,0x00,CURRENT,1,0,OK,7.0,7.139,1071.0,149.995,,1179.855,,,157.0,7644.0
2026-08-06 11:27:49.690,7130128,1069483,149994928,1179.854593,,1257.355,0x00,0x00,CURRENT,1,0,OK,7.0,7.143,1071.0,149.995,,1179.855,,,156.0,7652.0
2026-08-06 11:27:50.505,7129480,1069386,149994944,1179.854762,,1258.170,0x00,0x00,CURRENT,1,0,OK,7.0,7.143,1071.0,149.995,,1179.855,,,156.0,7652.0
2026-08-06 11:27:51.819,7126332,1068914,149994944,1179.854762,,1259.484,0x00,0x00,CURRENT,1,0,OK,7.0,7.141,1071.0,149.995,,1179.855,,,155.0,7649.0
2026-08-06 11:27:52.634,7122171,1068290,149994960,1179.854930,,1260.298,0x00,0x00,CURRENT,1,0,OK,7.0,7.141,1071.0,149.995,,1179.855,,,155.0,7649.0
2026-08-06 11:27:53.469,7117045,1067521,149995008,1179.855437,,1261.134,0x00,0x00,CURRENT,1,0,OK,7.0,7.131,1070.0,149.995,,1179.855,,,153.0,7627.0
2026-08-06 11:27:54.354,7111163,1066639,149994976,1179.855099,,1262.019,0x00,0x00,CURRENT,1,0,OK,7.0,7.131,1070.0,149.995,,1179.855,,,153.0,7627.0
2026-08-06 11:27:55.169,7104558,1065648,149995008,1179.855437,,1262.833,0x00,0x00,CURRENT,1,0,OK,7.0,7.131,1070.0,149.995,,1179.855,,,153.0,7627.0
2026-08-06 11:27:56.004,7097274,1064556,149995008,1179.855437,,1263.669,0x00,0x00,CURRENT,1,0,OK,7.0,7.112,1067.0,149.995,,1179.856,,,152.0,7587.0
2026-08-06 11:27:56.856,7089335,1063365,149995040,1179.855775,,1264.520,0x00,0x00,CURRENT,1,0,OK,7.0,7.112,1067.0,149.995,,1179.856,,,152.0,7587.0
2026-08-06 11:27:57.691,7080953,1062108,149995024,1179.855606,,1265.355,0x00,0x00,CURRENT,1,0,OK,7.0,7.096,1064.0,149.995,,1179.856,,,151.0,7553.0
2026-08-06 11:27:58.506,7072322,1060813,149995040,1179.855775,,1266.170,0x00,0x00,CURRENT,1,0,OK,7.0,7.096,1064.0,149.995,,1179.856,,,151.0,7553.0
2026-08-06 11:27:59.820,7062777,1059381,149995024,1179.855606,,1267.484,0x00,0x00,CURRENT,1,0,OK,7.0,7.078,1062.0,149.995,,1179.856,,,150.0,7515.0
2026-08-06 11:28:00.634,7053201,1057945,149995056,1179.855944,,1268.299,0x00,0x00,CURRENT,1,0,OK,7.0,7.078,1062.0,149.995,,1179.856,,,150.0,7515.0
2026-08-06 11:28:01.470,7043595,1056504,149995040,1179.855775,,1269.134,0x00,0x00,CURRENT,1,0,OK,7.0,7.05,1057.0,149.995,,1179.856,,,150.0,7455.0
2026-08-06 11:28:02.355,7034131,1055085,149995040,1179.855775,,1270.020,0x00,0x00,CURRENT,1,0,OK,7.0,7.05,1057.0,149.995,,1179.856,,,150.0,7455.0
2026-08-06 11:28:03.170,7024800,1053685,149995040,1179.855775,,1270.835,0x00,0x00,CURRENT,1,0,OK,7.0,7.05,1057.0,149.995,,1179.856,,,150.0,7455.0
2026-08-06 11:28:04.004,7015765,1052330,149995024,1179.855606,,1271.669,0x00,0x00,CURRENT,1,0,OK,7.0,7.022,1053.0,149.995,,1179.856,,,149.0,7396.0
2026-08-06 11:28:04.854,7007018,1051018,149995040,1179.855775,,1272.519,0x00,0x00,CURRENT,1,0,OK,7.0,7.022,1053.0,149.995,,1179.856,,,149.0,7396.0
2026-08-06 11:28:05.690,6998709,1049772,149995056,1179.855944,,1273.355,0x00,0x00,CURRENT,1,0,OK,7.0,7.005,1051.0,149.995,,1179.856,,,149.0,7360.0
2026-08-06 11:28:06.505,6990811,1048587,149995088,1179.856282,,1274.170,0x00,0x00,CURRENT,1,0,OK,7.0,7.005,1051.0,149.995,,1179.856,,,149.0,7360.0
2026-08-06 11:28:07.819,6983648,1047513,149995072,1179.856113,,1275.483,0x00,0x00,CURRENT,1,0,OK,7.0,6.989,1048.0,149.995,,1179.856,,,149.0,7326.0
2026-08-06 11:28:08.634,6977012,1046517,149995056,1179.855944,,1276.299,0x00,0x00,CURRENT,1,0,OK,7.0,6.989,1048.0,149.995,,1179.856,,,149.0,7326.0
2026-08-06 11:28:09.469,6971047,1045622,149995040,1179.855775,,1277.133,0x00,0x00,CURRENT,1,0,OK,7.0,6.969,1045.0,149.995,,1179.856,,,149.0,7284.0
2026-08-06 11:28:10.356,6965722,1044824,149995056,1179.855944,,1278.021,0x00,0x00,CURRENT,1,0,OK,7.0,6.969,1045.0,149.995,,1179.856,,,149.0,7284.0
2026-08-06 11:28:11.170,6961003,1044116,149995040,1179.855775,,1278.835,0x00,0x00,CURRENT,1,0,OK,7.0,6.969,1045.0,149.995,,1179.856,,,149.0,7284.0
2026-08-06 11:28:12.004,6957028,1043520,149995040,1179.855775,,1279.669,0x00,0x00,CURRENT,1,0,OK,7.0,6.954,1043.0,149.995,,1179.856,,,150.0,7253.0
2026-08-06 11:28:12.854,6953594,1043005,149995040,1179.855775,,1280.519,0x00,0x00,CURRENT,1,0,OK,7.0,6.954,1043.0,149.995,,1179.856,,,150.0,7253.0
2026-08-06 11:28:13.690,6950833,1042590,149995056,1179.855944,,1281.354,0x00,0x00,CURRENT,1,0,OK,7.0,6.947,1042.0,149.995,,1179.856,,,150.0,7239.0
2026-08-06 11:28:14.504,6948703,1042271,149995056,1179.855944,,1282.169,0x00,0x00,CURRENT,1,0,OK,7.0,6.947,1042.0,149.995,,1179.856,,,150.0,7239.0
2026-08-06 11:28:15.819,6947695,1042120,149995056,1179.855944,,1283.483,0x00,0x00,CURRENT,1,0,OK,7.0,6.943,1041.0,149.995,,1179.857,,,151.0,7230.0
2026-08-06 11:28:16.633,6947239,1042052,149995072,1179.856113,,1284.298,0x00,0x00,CURRENT,1,0,OK,7.0,6.943,1041.0,149.995,,1179.857,,,151.0,7230.0
2026-08-06 11:28:17.468,6947308,1042062,149995056,1179.855944,,1285.133,0x00,0x00,CURRENT,1,0,OK,7.0,6.941,1041.0,149.995,,1179.857,,,152.0,7226.0
2026-08-06 11:28:18.355,6947882,1042148,149995056,1179.855944,,1286.020,0x00,0x00,CURRENT,1,0,OK,7.0,6.941,1041.0,149.995,,1179.857,,,152.0,7226.0
2026-08-06 11:28:19.170,6948938,1042306,149995040,1179.855775,,1286.835,0x00,0x00,CURRENT,1,0,OK,7.0,6.941,1041.0,149.995,,1179.857,,,152.0,7226.0
2026-08-06 11:28:20.005,6950452,1042533,149995056,1179.855944,,1287.670,0x00,0x00,CURRENT,1,0,OK,7.0,6.943,1041.0,149.995,,1179.857,,,152.0,7231.0
2026-08-06 11:28:20.853,6952393,1042824,149995056,1179.855944,,1288.518,0x00,0x00,CURRENT,1,0,OK,7.0,6.943,1041.0,149.995,,1179.857,,,152.0,7231.0
2026-08-06 11:28:21.688,6954747,1043178,149995056,1179.855944,,1289.353,0x00,0x00,CURRENT,1,0,OK,7.0,6.947,1042.0,149.995,,1179.857,,,153.0,7240.0
2026-08-06 11:28:22.503,6957316,1043563,149995072,1179.856113,,1290.168,0x00,0x00,CURRENT,1,0,OK,7.0,6.947,1042.0,149.995,,1179.857,,,153.0,7240.0
2026-08-06 11:28:23.817,6960595,1044055,149995040,1179.855775,,1291.482,0x00,0x00,CURRENT,1,0,OK,7.0,6.953,1043.0,149.995,,1179.857,,,153.0,7251.0
2026-08-06 11:28:24.632,6964046,1044573,149995072,1179.856113,,1292.297,0x00,0x00,CURRENT,1,0,OK,7.0,6.953,1043.0,149.995,,1179.857,,,153.0,7251.0
2026-08-06 11:28:25.467,6967665,1045116,149995088,1179.856282,,1293.132,0x00,0x00,CURRENT,1,0,OK,7.0,6.963,1044.0,149.995,,1179.856,,,154.0,7272.0
2026-08-06 11:28:26.354,6971424,1045679,149995088,1179.856282,,1294.019,0x00,0x00,CURRENT,1,0,OK,7.0,6.963,1044.0,149.995,,1179.856,,,154.0,7272.0
2026-08-06 11:28:27.169,6975336,1046266,149995056,1179.855944,,1294.834,0x00,0x00,CURRENT,1,0,OK,7.0,6.963,1044.0,149.995,,1179.856,,,154.0,7272.0
2026-08-06 11:28:28.004,6979214,1046848,149995072,1179.856113,,1295.669,0x00,0x00,CURRENT,1,0,OK,7.0,6.974,1046.0,149.995,,1179.857,,,154.0,7296.0
2026-08-06 11:28:28.854,6983072,1047426,149995072,1179.856113,,1296.519,0x00,0x00,CURRENT,1,0,OK,7.0,6.974,1046.0,149.995,,1179.857,,,154.0,7296.0
2026-08-06 11:28:29.689,6986912,1048003,149995104,1179.856451,,1297.354,0x00,0x00,CURRENT,1,0,OK,7.0,6.982,1047.0,149.995,,1179.857,,,154.0,7312.0
2026-08-06 11:28:30.504,6990735,1048576,149995120,1179.856620,,1298.169,0x00,0x00,CURRENT,1,0,OK,7.0,6.982,1047.0,149.995,,1179.857,,,154.0,7312.0
2026-08-06 11:28:31.818,6994541,1049147,149995088,1179.856282,,1299.483,0x00,0x00,CURRENT,1,0,OK,7.0,6.99,1048.0,149.995,,1179.856,,,154.0,7329.0
2026-08-06 11:28:32.633,6998158,1049689,149995072,1179.856113,,1300.298,0x00,0x00,CURRENT,1,0,OK,7.0,6.99,1048.0,149.995,,1179.856,,,154.0,7329.0
2026-08-06 11:28:33.468,7001593,1050204,149995088,1179.856282,,1301.133,0x00,0x00,CURRENT,1,0,OK,7.0,7.001,1050.0,149.995,,1179.857,,,154.0,7351.0
2026-08-06 11:28:34.354,7004688,1050669,149995040,1179.855775,,1302.019,0x00,0x00,CURRENT,1,0,OK,7.0,7.001,1050.0,149.995,,1179.857,,,154.0,7351.0
2026-08-06 11:28:35.169,7007632,1051110,149995040,1179.855775,,1302.834,0x00,0x00,CURRENT,1,0,OK,7.0,7.001,1050.0,149.995,,1179.857,,,154.0,7351.0
2026-08-06 11:28:36.004,7010424,1051529,149995056,1179.855944,,1303.669,0x00,0x00,CURRENT,1,0,OK,7.0,7.01,1051.0,149.995,,1179.856,,,154.0,7370.0
2026-08-06 11:28:36.854,7012906,1051901,149995088,1179.856282,,1304.519,0x00,0x00,CURRENT,1,0,OK,7.0,7.01,1051.0,149.995,,1179.856,,,154.0,7370.0
2026-08-06 11:28:37.689,7015094,1052230,149995120,1179.856620,,1305.354,0x00,0x00,CURRENT,1,0,OK,7.0,7.015,1052.0,149.995,,1179.856,,,154.0,7381.0
2026-08-06 11:28:38.504,7017008,1052517,149995136,1179.856789,,1306.169,0x00,0x00,CURRENT,1,0,OK,7.0,7.015,1052.0,149.995,,1179.856,,,154.0,7381.0
2026-08-06 11:28:39.818,7018497,1052740,149995120,1179.856620,,1307.483,0x00,0x00,CURRENT,1,0,OK,7.0,7.019,1053.0,149.995,,1179.857,,,154.0,7389.0
2026-08-06 11:28:40.633,7019737,1052926,149995120,1179.856620,,1308.298,0x00,0x00,CURRENT,1,0,OK,7.0,7.019,1053.0,149.995,,1179.857,,,154.0,7389.0
2026-08-06 11:28:41.468,7020748,1053078,149995088,1179.856282,,1309.133,0x00,0x00,CURRENT,1,0,OK,7.0,7.023,1053.0,149.995,,1179.857,,,154.0,7398.0
2026-08-06 11:28:42.354,7021538,1053196,149995072,1179.856113,,1310.019,0x00,0x00,CURRENT,1,0,OK,7.0,7.023,1053.0,149.995,,1179.857,,,154.0,7398.0
2026-08-06 11:28:43.169,7021952,1053258,149995040,1179.855775,,1310.834,0x00,0x00,CURRENT,1,0,OK,7.0,7.023,1053.0,149.995,,1179.857,,,154.0,7398.0
2026-08-06 11:28:44.004,7022171,1053291,149995040,1179.855775,,1311.669,0x00,0x00,CURRENT,1,0,OK,7.0,7.025,1054.0,149.995,,1179.857,,,153.0,7401.0
2026-08-06 11:28:44.855,7022214,1053297,149995040,1179.855775,,1312.520,0x00,0x00,CURRENT,1,0,OK,7.0,7.025,1054.0,149.995,,1179.857,,,153.0,7401.0
2026-08-06 11:28:45.690,7022092,1053279,149995024,1179.855606,,1313.355,0x00,0x00,CURRENT,1,0,OK,7.0,7.025,1054.0,149.995,,1179.857,,,153.0,7401.0
2026-08-06 11:28:46.505,7021639,1053211,149994992,1179.855268,,1314.170,0x00,0x00,CURRENT,1,0,OK,7.0,7.025,1054.0,149.995,,1179.857,,,153.0,7401.0
2026-08-06 11:28:47.819,7020875,1053096,149994976,1179.855099,,1315.484,0x00,0x00,CURRENT,1,0,OK,7.0,7.024,1054.0,149.995,,1179.857,,,153.0,7400.0
2026-08-06 11:28:48.634,7019983,1052962,149994992,1179.855268,,1316.299,0x00,0x00,CURRENT,1,0,OK,7.0,7.024,1054.0,149.995,,1179.857,,,153.0,7400.0
2026-08-06 11:28:49.469,7018804,1052785,149994992,1179.855268,,1317.134,0x00,0x00,CURRENT,1,0,OK,7.0,7.021,1053.0,149.995,,1179.858,,,153.0,7394.0
2026-08-06 11:28:50.354,7017518,1052593,149995008,1179.855437,,1318.019,0x00,0x00,CURRENT,1,0,OK,7.0,7.021,1053.0,149.995,,1179.858,,,153.0,7394.0
2026-08-06 11:28:51.169,7016120,1052383,149994976,1179.855099,,1318.834,0x00,0x00,CURRENT,1,0,OK,7.0,7.021,1053.0,149.995,,1179.858,,,153.0,7394.0
2026-08-06 11:28:52.004,7014802,1052185,149994992,1179.855268,,1319.669,0x00,0x00,CURRENT,1,0,OK,7.0,7.017,1053.0,149.995,,1179.857,,,152.0,7386.0
2026-08-06 11:28:52.855,7013374,1051971,149994992,1179.855268,,1320.520,0x00,0x00,CURRENT,1,0,OK,7.0,7.017,1053.0,149.995,,1179.857,,,152.0,7386.0
2026-08-06 11:28:53.690,7011847,1051742,149995008,1179.855437,,1321.355,0x00,0x00,CURRENT,1,0,OK,7.0,7.014,1052.0,149.995,,1179.858,,,152.0,7380.0
2026-08-06 11:28:54.505,7010229,1051499,149994960,1179.854930,,1322.170,0x00,0x00,CURRENT,1,0,OK,7.0,7.014,1052.0,149.995,,1179.858,,,152.0,7380.0
2026-08-06 11:28:55.819,7008522,1051243,149994976,1179.855099,,1323.484,0x00,0x00,CURRENT,1,0,OK,7.0,7.011,1052.0,149.995,,1179.858,,,152.0,7373.0
2026-08-06 11:28:56.634,7006896,1050999,149994992,1179.855268,,1324.299,0x00,0x00,CURRENT,1,0,OK,7.0,7.011,1052.0,149.995,,1179.858,,,152.0,7373.0
2026-08-06 11:28:57.469,7005177,1050742,149995008,1179.855437,,1325.134,0x00,0x00,CURRENT,1,0,OK,7.0,7.006,1051.0,149.995,,1179.857,,,152.0,7363.0
2026-08-06 11:28:58.354,7003543,1050497,149995008,1179.855437,,1326.019,0x00,0x00,CURRENT,1,0,OK,7.0,7.006,1051.0,149.995,,1179.857,,,152.0,7363.0
2026-08-06 11:28:59.169,7001990,1050263,149994992,1179.855268,,1326.834,0x00,0x00,CURRENT,1,0,OK,7.0,7.006,1051.0,149.995,,1179.857,,,152.0,7363.0
2026-08-06 11:29:00.003,7000515,1050042,149994992,1179.855268,,1327.668,0x00,0x00,CURRENT,1,0,OK,7.0,7.001,1050.0,149.995,,1179.857,,,152.0,7353.0
2026-08-06 11:29:00.855,6999113,1049832,149995024,1179.855606,,1328.520,0x00,0x00,CURRENT,1,0,OK,7.0,7.001,1050.0,149.995,,1179.857,,,152.0,7353.0
2026-08-06 11:29:01.690,6997786,1049633,149995040,1179.855775,,1329.355,0x00,0x00,CURRENT,1,0,OK,7.0,6.999,1050.0,149.995,,1179.857,,,152.0,7347.0
2026-08-06 11:29:02.505,6996526,1049444,149995024,1179.855606,,1330.170,0x00,0x00,CURRENT,1,0,OK,7.0,6.999,1050.0,149.995,,1179.857,,,152.0,7347.0
2026-08-06 11:29:03.819,6995490,1049289,149995008,1179.855437,,1331.483,0x00,0x00,CURRENT,1,0,OK,7.0,6.996,1049.0,149.995,,1179.857,,,152.0,7342.0
2026-08-06 11:29:04.634,6994512,1049142,149995008,1179.855437,,1332.299,0x00,0x00,CURRENT,1,0,OK,7.0,6.996,1049.0,149.995,,1179.857,,,152.0,7342.0
2026-08-06 11:29:05.469,6993580,1049002,149995008,1179.855437,,1333.134,0x00,0x00,CURRENT,1,0,OK,7.0,6.993,1049.0,149.995,,1179.857,,,152.0,7335.0
2026-08-06 11:29:06.355,6992865,1048895,149995024,1179.855606,,1334.020,0x00,0x00,CURRENT,1,0,OK,7.0,6.993,1049.0,149.995,,1179.857,,,152.0,7335.0
2026-08-06 11:29:07.170,6992193,1048794,149995024,1179.855606,,1334.835,0x00,0x00,CURRENT,1,0,OK,7.0,6.993,1049.0,149.995,,1179.857,,,152.0,7335.0
2026-08-06 11:29:08.005,6991727,1048724,149995024,1179.855606,,1335.669,0x00,0x00,CURRENT,1,0,OK,7.0,6.991,1049.0,149.995,,1179.857,,,152.0,7331.0
2026-08-06 11:29:08.854,6991278,1048657,149995008,1179.855437,,1336.519,0x00,0x00,CURRENT,1,0,OK,7.0,6.991,1049.0,149.995,,1179.857,,,152.0,7331.0
2026-08-06 11:29:09.689,6991020,1048618,149995008,1179.855437,,1337.354,0x00,0x00,CURRENT,1,0,OK,7.0,6.99,1048.0,149.995,,1179.857,,,152.0,7329.0
2026-08-06 11:29:10.504,6990771,1048581,149995024,1179.855606,,1338.169,0x00,0x00,CURRENT,1,0,OK,7.0,6.99,1048.0,149.995,,1179.857,,,152.0,7329.0
2026-08-06 11:29:11.818,6990698,1048570,149995040,1179.855775,,1339.483,0x00,0x00,CURRENT,1,0,OK,7.0,6.99,1048.0,149.995,,1179.857,,,152.0,7328.0
2026-08-06 11:29:12.633,6990811,1048587,149995056,1179.855944,,1340.298,0x00,0x00,CURRENT,1,0,OK,7.0,6.99,1048.0,149.995,,1179.857,,,152.0,7328.0
2026-08-06 11:29:13.468,6990915,1048603,149995072,1179.856113,,1341.133,0x00,0x00,CURRENT,1,0,OK,7.0,6.99,1048.0,149.995,,1179.857,,,153.0,7329.0
2026-08-06 11:29:14.354,6991185,1048643,149995056,1179.855944,,1342.019,0x00,0x00,CURRENT,1,0,OK,7.0,6.99,1048.0,149.995,,1179.857,,,153.0,7329.0
2026-08-06 11:29:15.169,6991436,1048681,149995056,1179.855944,,1342.834,0x00,0x00,CURRENT,1,0,OK,7.0,6.99,1048.0,149.995,,1179.857,,,153.0,7329.0
2026-08-06 11:29:16.003,6991842,1048742,149995072,1179.856113,,1343.668,0x00,0x00,CURRENT,1,0,OK,7.0,6.991,1049.0,149.995,,1179.856,,,153.0,7330.0
2026-08-06 11:29:16.854,6992227,1048800,149995072,1179.856113,,1344.519,0x00,0x00,CURRENT,1,0,OK,7.0,6.991,1049.0,149.995,,1179.856,,,153.0,7330.0
2026-08-06 11:29:17.689,6992756,1048879,149995088,1179.856282,,1345.354,0x00,0x00,CURRENT,1,0,OK,7.0,6.992,1049.0,149.995,,1179.856,,,153.0,7332.0
2026-08-06 11:29:18.504,6993260,1048955,149995104,1179.856451,,1346.169,0x00,0x00,CURRENT,1,0,OK,7.0,6.992,1049.0,149.995,,1179.856,,,153.0,7332.0
2026-08-06 11:29:19.818,6993914,1049053,149995088,1179.856282,,1347.483,0x00,0x00,CURRENT,1,0,OK,7.0,6.993,1049.0,149.995,,1179.856,,,153.0,7334.0
2026-08-06 11:29:20.632,6994539,1049146,149995088,1179.856282,,1348.297,0x00,0x00,CURRENT,1,0,OK,7.0,6.993,1049.0,149.995,,1179.856,,,153.0,7334.0
2026-08-06 11:29:21.468,6995292,1049260,149995104,1179.856451,,1349.132,0x00,0x00,CURRENT,1,0,OK,7.0,6.995,1049.0,149.995,,1179.856,,,153.0,7338.0
2026-08-06 11:29:22.354,6996008,1049367,149995056,1179.855944,,1350.019,0x00,0x00,CURRENT,1,0,OK,7.0,6.995,1049.0,149.995,,1179.856,,,153.0,7338.0
2026-08-06 11:29:23.169,6996690,1049469,149995072,1179.856113,,1350.834,0x00,0x00,CURRENT,1,0,OK,7.0,6.995,1049.0,149.995,,1179.856,,,153.0,7338.0
2026-08-06 11:29:24.004,6997337,1049566,149995024,1179.855606,,1351.668,0x00,0x00,CURRENT,1,0,OK,7.0,6.997,1049.0,149.995,,1179.856,,,153.0,7343.0
2026-08-06 11:29:24.854,6997956,1049659,149995040,1179.855775,,1352.518,0x00,0x00,CURRENT,1,0,OK,7.0,6.997,1049.0,149.995,,1179.856,,,153.0,7343.0
2026-08-06 11:29:25.689,6998546,1049747,149995056,1179.855944,,1353.353,0x00,0x00,CURRENT,1,0,OK,7.0,6.998,1050.0,149.995,,1179.856,,,153.0,7346.0
2026-08-06 11:29:26.504,6999276,1049857,149995040,1179.855775,,1354.168,0x00,0x00,CURRENT,1,0,OK,7.0,6.998,1050.0,149.995,,1179.856,,,153.0,7346.0
2026-08-06 11:29:27.818,6999960,1049959,149995040,1179.855775,,1355.482,0x00,0x00,CURRENT,1,0,OK,7.0,6.999,1050.0,149.995,,1179.856,,,153.0,7348.0
2026-08-06 11:29:28.633,7000610,1050057,149995056,1179.855944,,1356.297,0x00,0x00,CURRENT,1,0,OK,7.0,6.999,1050.0,149.995,,1179.856,,,153.0,7348.0
2026-08-06 11:29:29.468,7001073,1050126,149995024,1179.855606,,1357.133,0x00,0x00,CURRENT,1,0,OK,7.0,7.001,1050.0,149.995,,1179.855,,,153.0,7352.0
2026-08-06 11:29:30.355,7001502,1050190,149995024,1179.855606,,1358.019,0x00,0x00,CURRENT,1,0,OK,7.0,7.001,1050.0,149.995,,1179.855,,,153.0,7352.0
2026-08-06 11:29:31.170,7001914,1050253,149995056,1179.855944,,1358.835,0x00,0x00,CURRENT,1,0,OK,7.0,7.001,1050.0,149.995,,1179.855,,,153.0,7352.0
2026-08-06 11:29:32.004,7002294,1050310,149995072,1179.856113,,1359.669,0x00,0x00,CURRENT,1,0,OK,7.0,7.002,1050.0,149.995,,1179.856,,,153.0,7355.0
2026-08-06 11:29:32.855,7002654,1050364,149995072,1179.856113,,1360.520,0x00,0x00,CURRENT,1,0,OK,7.0,7.002,1050.0,149.995,,1179.856,,,153.0,7355.0
2026-08-06 11:29:33.690,7002990,1050414,149995072,1179.856113,,1361.354,0x00,0x00,CURRENT,1,0,OK,7.0,7.003,1050.0,149.995,,1179.856,,,153.0,7356.0
2026-08-06 11:29:34.505,7003311,1050462,149995072,1179.856113,,1362.169,0x00,0x00,CURRENT,1,0,OK,7.0,7.003,1050.0,149.995,,1179.856,,,153.0,7356.0
2026-08-06 11:29:35.819,7003447,1050483,149995072,1179.856113,,1363.484,0x00,0x00,CURRENT,1,0,OK,7.0,7.004,1051.0,149.995,,1179.856,,,153.0,7358.0
2026-08-06 11:29:36.634,7003580,1050503,149995072,1179.856113,,1364.299,0x00,0x00,CURRENT,1,0,OK,7.0,7.004,1051.0,149.995,,1179.856,,,153.0,7358.0
2026-08-06 11:29:37.469,7003718,1050523,149995072,1179.856113,,1365.134,0x00,0x00,CURRENT,1,0,OK,7.0,7.004,1051.0,149.995,,1179.855,,,153.0,7358.0
2026-08-06 11:29:38.354,7003846,1050542,149995072,1179.856113,,1366.018,0x00,0x00,CURRENT,1,0,OK,7.0,7.004,1051.0,149.995,,1179.855,,,153.0,7358.0
2026-08-06 11:29:39.169,7003810,1050537,149995056,1179.855944,,1366.834,0x00,0x00,CURRENT,1,0,OK,7.0,7.004,1051.0,149.995,,1179.855,,,153.0,7358.0
2026-08-06 11:29:40.003,7003770,1050531,149995024,1179.855606,,1367.668,0x00,0x00,CURRENT,1,0,OK,7.0,7.004,1051.0,149.995,,1179.855,,,153.0,7359.0
2026-08-06 11:29:40.855,7003731,1050525,149995024,1179.855606,,1368.519,0x00,0x00,CURRENT,1,0,OK,7.0,7.004,1051.0,149.995,,1179.855,,,153.0,7359.0
2026-08-06 11:29:41.690,7003698,1050520,149994992,1179.855268,,1369.354,0x00,0x00,CURRENT,1,0,OK,7.0,7.004,1051.0,149.995,,1179.855,,,153.0,7358.0
2026-08-06 11:29:42.505,7003667,1050515,149994992,1179.855268,,1370.169,0x00,0x00,CURRENT,1,0,OK,7.0,7.004,1051.0,149.995,,1179.855,,,153.0,7358.0
2026-08-06 11:29:43.819,7003468,1050485,149994960,1179.854930,,1371.483,0x00,0x00,CURRENT,1,0,OK,7.0,7.004,1051.0,149.995,,1179.855,,,153.0,7358.0
2026-08-06 11:29:44.634,7003279,1050457,149994960,1179.854930,,1372.298,0x00,0x00,CURRENT,1,0,OK,7.0,7.004,1051.0,149.995,,1179.855,,,153.0,7358.0
2026-08-06 11:29:45.468,7003106,1050431,149994944,1179.854762,,1373.133,0x00,0x00,CURRENT,1,0,OK,7.0,7.003,1050.0,149.995,,1179.855,,,153.0,7357.0
2026-08-06 11:29:46.355,7002936,1050405,149994944,1179.854762,,1374.020,0x00,0x00,CURRENT,1,0,OK,7.0,7.003,1050.0,149.995,,1179.855,,,153.0,7357.0
2026-08-06 11:29:47.171,7002610,1050356,149994928,1179.854593,,1374.835,0x00,0x00,CURRENT,1,0,OK,7.0,7.003,1050.0,149.995,,1179.855,,,153.0,7357.0
2026-08-06 11:29:48.004,7002291,1050308,149994944,1179.854762,,1375.669,0x00,0x00,CURRENT,1,0,OK,7.0,7.003,1050.0,149.995,,1179.855,,,153.0,7355.0
2026-08-06 11:29:48.855,7001997,1050264,149994928,1179.854593,,1376.519,0x00,0x00,CURRENT,1,0,OK,7.0,7.003,1050.0,149.995,,1179.855,,,153.0,7355.0
2026-08-06 11:29:49.689,7001716,1050222,149994928,1179.854593,,1377.354,0x00,0x00,CURRENT,1,0,OK,7.0,7.002,1050.0,149.995,,1179.855,,,153.0,7354.0
2026-08-06 11:29:50.504,7001442,1050181,149994944,1179.854762,,1378.169,0x00,0x00,CURRENT,1,0,OK,7.0,7.002,1050.0,149.995,,1179.855,,,153.0,7354.0
2026-08-06 11:29:51.819,7001176,1050141,149994944,1179.854762,,1379.483,0x00,0x00,CURRENT,1,0,OK,7.0,7.002,1050.0,149.995,,1179.855,,,153.0,7353.0
2026-08-06 11:29:52.633,7000913,1050102,149994960,1179.854930,,1380.298,0x00,0x00,CURRENT,1,0,OK,7.0,7.002,1050.0,149.995,,1179.855,,,153.0,7353.0
2026-08-06 11:29:53.468,7000672,1050066,149994960,1179.854930,,1381.133,0x00,0x00,CURRENT,1,0,OK,7.0,7.001,1050.0,149.995,,1179.855,,,153.0,7351.0
2026-08-06 11:29:54.355,7000438,1050030,149994944,1179.854762,,1382.019,0x00,0x00,CURRENT,1,0,OK,7.0,7.001,1050.0,149.995,,1179.855,,,153.0,7351.0
2026-08-06 11:29:55.169,7000224,1049998,149994960,1179.854930,,1382.834,0x00,0x00,CURRENT,1,0,OK,7.0,7.001,1050.0,149.995,,1179.855,,,153.0,7351.0
2026-08-06 11:29:56.004,7000030,1049969,149994960,1179.854930,,1383.669,0x00,0x00,CURRENT,1,0,OK,7.0,7.0,1050.0,149.995,,1179.855,,,153.0,7350.0
2026-08-06 11:29:56.854,6999842,1049941,149994960,1179.854930,,1384.519,0x00,0x00,CURRENT,1,0,OK,7.0,7.0,1050.0,149.995,,1179.855,,,153.0,7350.0
2026-08-06 11:29:57.689,6999659,1049914,149994976,1179.855099,,1385.354,0x00,0x00,CURRENT,1,0,OK,7.0,7.0,1050.0,149.995,,1179.855,,,153.0,7349.0
2026-08-06 11:29:58.504,6999486,1049888,149994992,1179.855268,,1386.169,0x00,0x00,CURRENT,1,0,OK,7.0,7.0,1050.0,149.995,,1179.855,,,153.0,7349.0
2026-08-06 11:29:59.818,6999327,1049864,149994976,1179.855099,,1387.483,0x00,0x00,CURRENT,1,0,OK,7.0,6.999,1050.0,149.995,,1179.855,,,153.0,7348.0
2026-08-06 11:30:00.633,6999169,1049840,149994992,1179.855268,,1388.298,0x00,0x00,CURRENT,1,0,OK,7.0,6.999,1050.0,149.995,,1179.855,,,153.0,7348.0
2026-08-06 11:30:01.468,6999019,1049818,149995008,1179.855437,,1389.133,0x00,0x00,CURRENT,1,0,OK,7.0,6.999,1050.0,149.995,,1179.855,,,153.0,7348.0
2026-08-06 11:30:02.354,6998879,1049797,149994976,1179.855099,,1390.019,0x00,0x00,CURRENT,1,0,OK,7.0,6.999,1050.0,149.995,,1179.855,,,153.0,7348.0
2026-08-06 11:30:03.169,6998746,1049777,149994992,1179.855268,,1390.834,0x00,0x00,CURRENT,1,0,OK,7.0,6.999,1050.0,149.995,,1179.855,,,153.0,7348.0
2026-08-06 11:30:04.003,6998619,1049758,149994992,1179.855268,,1391.668,0x00,0x00,CURRENT,1,0,OK,7.0,6.999,1050.0,149.995,,1179.855,,,153.0,7347.0
2026-08-06 11:30:04.855,6998499,1049740,149994976,1179.855099,,1392.519,0x00,0x00,CURRENT,1,0,OK,7.0,6.999,1050.0,149.995,,1179.855,,,153.0,7347.0
2026-08-06 11:30:05.689,6998386,1049723,149994992,1179.855268,,1393.354,0x00,0x00,CURRENT,1,0,OK,7.0,6.998,1050.0,149.995,,1179.855,,,153.0,7346.0
2026-08-06 11:30:06.505,6998278,1049707,149994992,1179.855268,,1394.169,0x00,0x00,CURRENT,1,0,OK,7.0,6.998,1050.0,149.995,,1179.855,,,153.0,7346.0
2026-08-06 11:30:07.818,6998342,1049716,149994976,1179.855099,,1395.483,0x00,0x00,CURRENT,1,0,OK,7.0,6.998,1050.0,149.995,,1179.855,,,153.0,7346.0
2026-08-06 11:30:08.633,6998405,1049726,149994960,1179.854930,,1396.298,0x00,0x00,CURRENT,1,0,OK,7.0,6.998,1050.0,149.995,,1179.855,,,153.0,7346.0
2026-08-06 11:30:09.468,6998452,1049732,149994944,1179.854762,,1397.133,0x00,0x00,CURRENT,1,0,OK,7.0,6.998,1050.0,149.995,,1179.855,,,153.0,7346.0
2026-08-06 11:30:10.354,6998496,1049739,149994944,1179.854762,,1398.019,0x00,0x00,CURRENT,1,0,OK,7.0,6.998,1050.0,149.995,,1179.855,,,153.0,7346.0
2026-08-06 11:30:11.170,6998550,1049747,149994960,1179.854930,,1398.834,0x00,0x00,CURRENT,1,0,OK,7.0,6.998,1050.0,149.995,,1179.855,,,153.0,7346.0
2026-08-06 11:30:12.003,6998601,1049755,149994960,1179.854930,,1399.668,0x00,0x00,CURRENT,1,0,OK,7.0,6.998,1050.0,149.995,,1179.855,,,153.0,7346.0
2026-08-06 11:30:12.854,6998642,1049761,149994960,1179.854930,,1400.519,0x00,0x00,CURRENT,1,0,OK,7.0,6.998,1050.0,149.995,,1179.855,,,153.0,7346.0
2026-08-06 11:30:13.689,6998681,1049767,149994960,1179.854930,,1401.354,0x00,0x00,CURRENT,1,0,OK,7.0,6.998,1050.0,149.995,,1179.855,,,153.0,7346.0
2026-08-06 11:30:14.504,6998726,1049774,149994960,1179.854930,,1402.169,0x00,0x00,CURRENT,1,0,OK,7.0,6.998,1050.0,149.995,,1179.855,,,153.0,7346.0
2026-08-06 11:30:15.818,6998775,1049781,149994928,1179.854593,,1403.483,0x00,0x00,CURRENT,1,0,OK,7.0,6.999,1050.0,149.995,,1179.855,,,153.0,7347.0
2026-08-06 11:30:16.633,6998814,1049787,149994944,1179.854762,,1404.298,0x00,0x00,CURRENT,1,0,OK,7.0,6.999,1050.0,149.995,,1179.855,,,153.0,7347.0
2026-08-06 11:30:17.468,6999021,1049818,149994960,1179.854930,,1405.133,0x00,0x00,CURRENT,1,0,OK,7.0,6.999,1050.0,149.995,,1179.855,,,153.0,7347.0
2026-08-06 11:30:18.354,6999224,1049848,149994976,1179.855099,,1406.019,0x00,0x00,CURRENT,1,0,OK,7.0,6.999,1050.0,149.995,,1179.855,,,153.0,7347.0
2026-08-06 11:30:19.169,6999411,1049877,149994976,1179.855099,,1406.834,0x00,0x00,CURRENT,1,0,OK,7.0,6.999,1050.0,149.995,,1179.855,,,153.0,7347.0
2026-08-06 11:30:20.003,6999587,1049903,149994976,1179.855099,,1407.668,0x00,0x00,CURRENT,1,0,OK,7.0,6.999,1050.0,149.995,,1179.855,,,153.0,7348.0
2026-08-06 11:30:20.854,6999750,1049927,149994976,1179.855099,,1408.519,0x00,0x00,CURRENT,1,0,OK,7.0,6.999,1050.0,149.995,,1179.855,,,153.0,7348.0
2026-08-06 11:30:21.689,6999893,1049949,149994976,1179.855099,,1409.354,0x00,0x00,CURRENT,1,0,OK,7.0,7.0,1050.0,149.995,,1179.855,,,153.0,7349.0
2026-08-06 11:30:22.504,7000042,1049971,149994960,1179.854930,,1410.169,0x00,0x00,CURRENT,1,0,OK,7.0,7.0,1050.0,149.995,,1179.855,,,153.0,7349.0
2026-08-06 11:30:23.818,7000174,1049991,149994944,1179.854762,,1411.483,0x00,0x00,CURRENT,1,0,OK,7.0,7.0,1050.0,149.995,,1179.855,,,153.0,7350.0
2026-08-06 11:30:24.633,7000298,1050009,149994928,1179.854593,,1412.298,0x00,0x00,CURRENT,1,0,OK,7.0,7.0,1050.0,149.995,,1179.855,,,153.0,7350.0
2026-08-06 11:30:25.468,7000416,1050027,149994944,1179.854762,,1413.133,0x00,0x00,CURRENT,1,0,OK,7.0,7.0,1050.0,149.995,,1179.855,,,153.0,7350.0
2026-08-06 11:30:26.354,7000534,1050045,149994928,1179.854593,,1414.019,0x00,0x00,CURRENT,1,0,OK,7.0,7.0,1050.0,149.995,,1179.855,,,153.0,7350.0
2026-08-06 11:30:27.169,7000646,1050061,149994912,1179.854424,,1414.834,0x00,0x00,CURRENT,1,0,OK,7.0,7.0,1050.0,149.995,,1179.855,,,153.0,7350.0
2026-08-06 11:30:28.003,7000753,1050077,149994912,1179.854424,,1415.668,0x00,0x00,CURRENT,1,0,OK,7.0,7.001,1050.0,149.995,,1179.855,,,153.0,7351.0
2026-08-06 11:30:28.854,7000853,1050092,149994928,1179.854593,,1416.519,0x00,0x00,CURRENT,1,0,OK,7.0,7.001,1050.0,149.995,,1179.855,,,153.0,7351.0
2026-08-06 11:30:29.689,7000949,1050107,149994912,1179.854424,,1417.354,0x00,0x00,CURRENT,1,0,OK,7.0,7.001,1050.0,149.995,,1179.855,,,153.0,7352.0
2026-08-06 11:30:30.504,7000874,1050096,149994928,1179.854593,,1418.169,0x00,0x00,CURRENT,1,0,OK,7.0,7.001,1050.0,149.995,,1179.855,,,153.0,7352.0
2026-08-06 11:30:31.818,7000812,1050086,149994912,1179.854424,,1419.483,0x00,0x00,CURRENT,1,0,OK,7.0,7.001,1050.0,149.995,,1179.855,,,153.0,7352.0
2026-08-06 11:30:32.633,7000742,1050076,149994912,1179.854424,,1420.298,0x00,0x00,CURRENT,1,0,OK,7.0,7.001,1050.0,149.995,,1179.855,,,153.0,7352.0
2026-08-06 11:30:33.468,7000682,1050067,149994944,1179.854762,,1421.133,0x00,0x00,CURRENT,1,0,OK,7.0,7.001,1050.0,149.995,,1179.856,,,153.0,7351.0
2026-08-06 11:30:34.355,7000622,1050058,149994960,1179.854930,,1422.020,0x00,0x00,CURRENT,1,0,OK,7.0,7.001,1050.0,149.995,,1179.856,,,153.0,7351.0
2026-08-06 11:30:35.170,7000563,1050049,149994960,1179.854930,,1422.835,0x00,0x00,CURRENT,1,0,OK,7.0,7.001,1050.0,149.995,,1179.856,,,153.0,7351.0
2026-08-06 11:30:36.004,7000508,1050041,149994960,1179.854930,,1423.669,0x00,0x00,CURRENT,1,0,OK,7.0,7.001,1050.0,149.995,,1179.856,,,153.0,7351.0
2026-08-06 11:30:36.854,7000449,1050032,149994960,1179.854930,,1424.519,0x00,0x00,CURRENT,1,0,OK,7.0,7.001,1050.0,149.995,,1179.856,,,153.0,7351.0
2026-08-06 11:30:37.689,7000405,1050025,149994928,1179.854593,,1425.354,0x00,0x00,CURRENT,1,0,OK,7.0,7.0,1050.0,149.995,,1179.856,,,153.0,7351.0
2026-08-06 11:30:38.504,7000361,1050019,149994960,1179.854930,,1426.169,0x00,0x00,CURRENT,1,0,OK,7.0,7.0,1050.0,149.995,,1179.856,,,153.0,7351.0
2026-08-06 11:30:39.818,7000317,1050012,149994944,1179.854762,,1427.483,0x00,0x00,CURRENT,1,0,OK,7.0,7.0,1050.0,149.995,,1179.856,,,153.0,7350.0
2026-08-06 11:30:40.633,7000271,1050005,149994944,1179.854762,,1428.298,0x00,0x00,CURRENT,1,0,OK,7.0,7.0,1050.0,149.995,,1179.856,,,153.0,7350.0
2026-08-06 11:30:41.468,7000226,1049998,149994912,1179.854424,,1429.133,0x00,0x00,CURRENT,1,0,OK,7.0,7.0,1050.0,149.995,,1179.857,,,153.0,7350.0
2026-08-06 11:30:42.354,7000188,1049993,149994928,1179.854593,,1430.019,0x00,0x00,CURRENT,1,0,OK,7.0,7.0,1050.0,149.995,,1179.857,,,153.0,7350.0
2026-08-06 11:30:43.168,7000163,1049989,149994960,1179.854930,,1430.833,0x00,0x00,CURRENT,1,0,OK,7.0,7.0,1050.0,149.995,,1179.857,,,153.0,7350.0
2026-08-06 11:30:44.003,7000127,1049984,149994960,1179.854930,,1431.668,0x00,0x00,CURRENT,1,0,OK,7.0,7.0,1050.0,149.995,,1179.856,,,153.0,7350.0
2026-08-06 11:30:44.854,7000093,1049979,149994992,1179.855268,,1432.518,0x00,0x00,CURRENT,1,0,OK,7.0,7.0,1050.0,149.995,,1179.856,,,153.0,7350.0
2026-08-06 11:30:45.689,7000058,1049974,149994992,1179.855268,,1433.354,0x00,0x00,CURRENT,1,0,OK,7.0,7.0,1050.0,149.995,,1179.856,,,153.0,7350.0
2026-08-06 11:30:46.504,7000024,1049969,149994992,1179.855268,,1434.169,0x00,0x00,CURRENT,1,0,OK,7.0,7.0,1050.0,149.995,,1179.856,,,153.0,7350.0
2026-08-06 11:30:47.818,6999994,1049964,149995008,1179.855437,,1435.482,0x00,0x00,CURRENT,1,0,OK,7.0,7.0,1050.0,149.995,,1179.856,,,153.0,7350.0
2026-08-06 11:30:48.633,6999966,1049960,149995024,1179.855606,,1436.297,0x00,0x00,CURRENT,1,0,OK,7.0,7.0,1050.0,149.995,,1179.856,,,153.0,7350.0
2026-08-06 11:30:49.468,6999943,1049957,149995040,1179.855775,,1437.133,0x00,0x00,CURRENT,1,0,OK,7.0,7.0,1050.0,149.995,,1179.856,,,153.0,7350.0
2026-08-06 11:30:50.354,6999924,1049954,149995008,1179.855437,,1438.019,0x00,0x00,CURRENT,1,0,OK,7.0,7.0,1050.0,149.995,,1179.856,,,153.0,7350.0
2026-08-06 11:30:51.169,6999910,1049952,149995024,1179.855606,,1438.834,0x00,0x00,CURRENT,1,0,OK,7.0,7.0,1050.0,149.995,,1179.856,,,153.0,7350.0
2026-08-06 11:30:52.004,6999899,1049950,149995056,1179.855944,,1439.669,0x00,0x00,CURRENT,1,0,OK,7.0,7.0,1050.0,149.995,,1179.856,,,153.0,7349.0
2026-08-06 11:30:52.854,6999889,1049949,149995072,1179.856113,,1440.519,0x00,0x00,CURRENT,1,0,OK,7.0,7.0,1050.0,149.995,,1179.856,,,153.0,7349.0
2026-08-06 11:30:53.689,6999881,1049948,149995072,1179.856113,,1441.354,0x00,0x00,CURRENT,1,0,OK,7.0,7.0,1050.0,149.995,,1179.856,,,153.0,7349.0
2026-08-06 11:30:54.504,6999870,1049946,149995088,1179.856282,,1442.169,0x00,0x00,CURRENT,1,0,OK,7.0,7.0,1050.0,149.995,,1179.856,,,153.0,7349.0
2026-08-06 11:30:55.818,6999858,1049944,149995088,1179.856282,,1443.482,0x00,0x00,CURRENT,1,0,OK,7.0,7.0,1050.0,149.995,,1179.857,,,153.0,7349.0
2026-08-06 11:30:56.633,6999848,1049943,149995072,1179.856113,,1444.297,0x00,0x00,CURRENT,1,0,OK,7.0,7.0,1050.0,149.995,,1179.857,,,153.0,7349.0
2026-08-06 11:30:57.468,6999839,1049942,149995104,1179.856451,,1445.133,0x00,0x00,CURRENT,1,0,OK,7.0,7.0,1050.0,149.995,,1179.857,,,153.0,7349.0
2026-08-06 11:30:58.355,6999838,1049941,149995072,1179.856113,,1446.020,0x00,0x00,CURRENT,1,0,OK,7.0,7.0,1050.0,149.995,,1179.857,,,153.0,7349.0
2026-08-06 11:30:59.170,6999820,1049939,149995104,1179.856451,,1446.835,0x00,0x00,CURRENT,1,0,OK,7.0,7.0,1050.0,149.995,,1179.857,,,153.0,7349.0
2026-08-06 11:31:00.005,6999806,1049937,149995120,1179.856620,,1447.670,0x00,0x00,CURRENT,1,0,OK,7.0,7.0,1050.0,149.995,,1179.857,,,153.0,7349.0
2026-08-06 11:31:00.855,6999789,1049934,149995152,1179.856958,,1448.519,0x00,0x00,CURRENT,1,0,OK,7.0,7.0,1050.0,149.995,,1179.857,,,153.0,7349.0
2026-08-06 11:31:01.690,6999764,1049931,149995152,1179.856958,,1449.354,0x00,0x00,CURRENT,1,0,OK,7.0,7.0,1050.0,149.995,,1179.857,,,153.0,7349.0
2026-08-06 11:31:02.505,6999740,1049927,149995168,1179.857127,,1450.169,0x00,0x00,CURRENT,1,0,OK,7.0,7.0,1050.0,149.995,,1179.857,,,153.0,7349.0
2026-08-06 11:31:03.818,6999717,1049924,149995168,1179.857127,,1451.483,0x00,0x00,CURRENT,1,0,OK,7.0,7.0,1050.0,149.995,,1179.857,,,153.0,7349.0
2026-08-06 11:31:04.634,6999702,1049922,149995216,1179.857634,,1452.299,0x00,0x00,CURRENT,1,0,OK,7.0,7.0,1050.0,149.995,,1179.857,,,153.0,7349.0
2026-08-06 11:31:05.469,6999693,1049920,149995216,1179.857634,,1453.134,0x00,0x00,CURRENT,1,0,OK,7.0,7.0,1050.0,149.995,,1179.857,,,153.0,7349.0
2026-08-06 11:31:06.355,6999675,1049918,149995200,1179.857465,,1454.020,0x00,0x00,CURRENT,1,0,OK,7.0,7.0,1050.0,149.995,,1179.857,,,153.0,7349.0
2026-08-06 11:31:07.170,6999657,1049915,149995184,1179.857296,,1454.835,0x00,0x00,CURRENT,1,0,OK,7.0,7.0,1050.0,149.995,,1179.857,,,153.0,7349.0
2026-08-06 11:31:08.004,6999647,1049913,149995184,1179.857296,,1455.668,0x00,0x00,CURRENT,1,0,OK,7.0,7.0,1050.0,149.995,,1179.857,,,153.0,7349.0
2026-08-06 11:31:09.253,7351616,1102711,149995776,1179.863547,,1456.918,0x00,0x00,CURRENT,1,0,OK,9.0,7.0,1050.0,149.995,,1179.857,,,153.0,7349.0
2026-08-06 11:31:10.089,7369057,1105327,149995744,1179.863209,,1457.754,0x00,0x00,CURRENT,1,0,OK,9.0,7.017,1053.0,149.995,,1179.859,,,169.0,7385.0
2026-08-06 11:31:10.904,7402737,1110379,149995712,1179.862871,,1458.568,0x00,0x00,CURRENT,1,0,OK,9.0,7.017,1053.0,149.995,,1179.859,,,169.0,7385.0
2026-08-06 11:31:12.219,7467531,1120097,149995648,1179.862196,,1459.883,0x00,0x00,CURRENT,1,0,OK,9.0,7.101,1065.0,149.995,,1179.859,,,184.0,7563.0
2026-08-06 11:31:13.033,7544465,1131636,149995552,1179.861182,,1460.698,0x00,0x00,CURRENT,1,0,OK,9.0,7.101,1065.0,149.995,,1179.859,,,184.0,7563.0
2026-08-06 11:31:13.869,7632321,1144814,149995504,1179.860675,,1461.533,0x00,0x00,CURRENT,1,0,OK,9.0,7.33,1099.0,149.995,,1179.858,,,205.0,8058.0
2026-08-06 11:31:14.684,7729559,1159398,149995408,1179.859661,,1462.348,0x00,0x00,CURRENT,1,0,OK,9.0,7.33,1099.0,149.995,,1179.858,,,205.0,8058.0
2026-08-06 11:31:15.519,7834864,1175193,149995312,1179.858647,,1463.183,0x00,0x00,CURRENT,1,0,OK,9.0,7.536,1130.0,149.995,,1179.856,,,217.0,8517.0
2026-08-06 11:31:16.353,7946843,1191988,149995216,1179.857634,,1464.018,0x00,0x00,CURRENT,1,0,OK,9.0,7.536,1130.0,149.995,,1179.856,,,217.0,8517.0
2026-08-06 11:31:17.169,8063989,1209559,149995120,1179.856620,,1464.833,0x00,0x00,CURRENT,1,0,OK,9.0,7.536,1130.0,149.995,,1179.856,,,217.0,8517.0
2026-08-06 11:31:18.003,8185045,1227716,149995008,1179.855437,,1465.667,0x00,0x00,CURRENT,1,0,OK,9.0,7.898,1185.0,149.995,,1179.854,,,232.0,9356.0
2026-08-06 11:31:18.854,8308576,1246244,149994896,1179.854255,,1466.518,0x00,0x00,CURRENT,1,0,OK,9.0,7.898,1185.0,149.995,,1179.854,,,232.0,9356.0
2026-08-06 11:31:19.689,8433316,1264954,149994800,1179.853241,,1467.353,0x00,0x00,CURRENT,1,0,OK,9.0,8.158,1224.0,149.995,,1179.852,,,239.0,9984.0
2026-08-06 11:31:20.503,8558020,1283658,149994688,1179.852058,,1468.168,0x00,0x00,CURRENT,1,0,OK,9.0,8.158,1224.0,149.995,,1179.852,,,239.0,9984.0
2026-08-06 11:31:21.817,8685546,1302785,149994576,1179.850876,,1469.482,0x00,0x00,CURRENT,1,0,OK,9.0,8.423,1263.0,149.995,,1179.85,,,244.0,10640.0
2026-08-06 11:31:22.633,8809552,1321384,149994464,1179.849693,,1470.297,0x00,0x00,CURRENT,1,0,OK,9.0,8.423,1263.0,149.995,,1179.85,,,244.0,10640.0
2026-08-06 11:31:23.468,8929028,1339304,149994400,1179.849017,,1471.132,0x00,0x00,CURRENT,1,0,OK,9.0,8.805,1321.0,149.994,,1179.848,,,248.0,11629.0
2026-08-06 11:31:24.354,9043206,1356429,149994288,1179.847834,,1472.019,0x00,0x00,CURRENT,1,0,OK,9.0,8.805,1321.0,149.994,,1179.848,,,248.0,11629.0
2026-08-06 11:31:25.169,9151332,1372647,149994224,1179.847159,,1472.834,0x00,0x00,CURRENT,1,0,OK,9.0,8.805,1321.0,149.994,,1179.848,,,248.0,11629.0
2026-08-06 11:31:26.004,9252702,1387851,149994144,1179.846314,,1473.669,0x00,0x00,CURRENT,1,0,OK,9.0,9.147,1372.0,149.994,,1179.845,,,248.0,12551.0
2026-08-06 11:31:26.853,9346828,1401969,149994080,1179.845638,,1474.518,0x00,0x00,CURRENT,1,0,OK,9.0,9.147,1372.0,149.994,,1179.845,,,248.0,12551.0
2026-08-06 11:31:27.688,9433234,1414929,149994016,1179.844962,,1475.353,0x00,0x00,CURRENT,1,0,OK,9.0,9.343,1401.0,149.994,,1179.844,,,245.0,13094.0
2026-08-06 11:31:28.503,9511622,1426686,149993968,1179.844455,,1476.168,0x00,0x00,CURRENT,1,0,OK,9.0,9.343,1401.0,149.994,,1179.844,,,245.0,13094.0
2026-08-06 11:31:29.817,9576516,1436419,149993952,1179.844286,,1477.482,0x00,0x00,CURRENT,1,0,OK,9.0,9.508,1426.0,149.994,,1179.843,,,242.0,13561.0
2026-08-06 11:31:30.633,9632460,1444810,149993920,1179.843948,,1478.297,0x00,0x00,CURRENT,1,0,OK,9.0,9.508,1426.0,149.994,,1179.843,,,242.0,13561.0
2026-08-06 11:31:31.467,9679608,1451882,149993872,1179.843442,,1479.132,0x00,0x00,CURRENT,1,0,OK,9.0,9.693,1454.0,149.994,,1179.842,,,234.0,14092.0
2026-08-06 11:31:32.354,9717848,1457617,149993840,1179.843104,,1480.019,0x00,0x00,CURRENT,1,0,OK,9.0,9.693,1454.0,149.994,,1179.842,,,234.0,14092.0
2026-08-06 11:31:33.170,9747454,1462058,149993808,1179.842766,,1480.834,0x00,0x00,CURRENT,1,0,OK,9.0,9.693,1454.0,149.994,,1179.842,,,234.0,14092.0
2026-08-06 11:31:34.004,9768504,1465215,149993808,1179.842766,,1481.669,0x00,0x00,CURRENT,1,0,OK,9.0,9.799,1470.0,149.994,,1179.841,,,225.0,14403.0
2026-08-06 11:31:34.854,9781274,1467130,149993808,1179.842766,,1482.519,0x00,0x00,CURRENT,1,0,OK,9.0,9.799,1470.0,149.994,,1179.841,,,225.0,14403.0
2026-08-06 11:31:35.689,9786166,1467864,149993792,1179.842597,,1483.354,0x00,0x00,CURRENT,1,0,OK,9.0,9.828,1474.0,149.994,,1179.841,,,218.0,14488.0
2026-08-06 11:31:36.504,9783432,1467454,149993792,1179.842597,,1484.169,0x00,0x00,CURRENT,1,0,OK,9.0,9.828,1474.0,149.994,,1179.841,,,218.0,14488.0
2026-08-06 11:31:37.819,9766400,1464900,149993792,1179.842597,,1485.483,0x00,0x00,CURRENT,1,0,OK,9.0,9.826,1474.0,149.994,,1179.841,,,212.0,14481.0
2026-08-06 11:31:38.634,9743176,1461416,149993808,1179.842766,,1486.298,0x00,0x00,CURRENT,1,0,OK,9.0,9.826,1474.0,149.994,,1179.841,,,212.0,14481.0
2026-08-06 11:31:39.469,9714396,1457100,149993840,1179.843104,,1487.133,0x00,0x00,CURRENT,1,0,OK,9.0,9.77,1466.0,149.994,,1179.842,,,202.0,14319.0
2026-08-06 11:31:40.354,9680518,1452018,149993840,1179.843104,,1488.019,0x00,0x00,CURRENT,1,0,OK,9.0,9.77,1466.0,149.994,,1179.842,,,202.0,14319.0
2026-08-06 11:31:41.169,9642116,1446258,149993872,1179.843442,,1488.834,0x00,0x00,CURRENT,1,0,OK,9.0,9.77,1466.0,149.994,,1179.842,,,202.0,14319.0
2026-08-06 11:31:42.004,9599802,1439912,149993888,1179.843610,,1489.669,0x00,0x00,CURRENT,1,0,OK,9.0,9.666,1450.0,149.994,,1179.842,,,194.0,14013.0
2026-08-06 11:31:42.855,9554252,1433080,149993920,1179.843948,,1490.519,0x00,0x00,CURRENT,1,0,OK,9.0,9.666,1450.0,149.994,,1179.842,,,194.0,14013.0
2026-08-06 11:31:43.689,9505956,1425836,149993968,1179.844455,,1491.354,0x00,0x00,CURRENT,1,0,OK,9.0,9.575,1436.0,149.994,,1179.843,,,189.0,13753.0
2026-08-06 11:31:44.504,9455376,1418250,149994000,1179.844793,,1492.169,0x00,0x00,CURRENT,1,0,OK,9.0,9.575,1436.0,149.994,,1179.843,,,189.0,13753.0
2026-08-06 11:31:45.818,9399476,1409865,149994032,1179.845131,,1493.483,0x00,0x00,CURRENT,1,0,OK,9.0,9.474,1421.0,149.994,,1179.844,,,185.0,13464.0
2026-08-06 11:31:46.633,9343190,1401423,149994064,1179.845469,,1494.298,0x00,0x00,CURRENT,1,0,OK,9.0,9.474,1421.0,149.994,,1179.844,,,185.0,13464.0
2026-08-06 11:31:47.468,9286882,1392977,149994112,1179.845976,,1495.133,0x00,0x00,CURRENT,1,0,OK,9.0,9.312,1397.0,149.994,,1179.845,,,180.0,13008.0
2026-08-06 11:31:48.355,9231224,1384629,149994144,1179.846314,,1496.020,0x00,0x00,CURRENT,1,0,OK,9.0,9.312,1397.0,149.994,,1179.845,,,180.0,13008.0
2026-08-06 11:31:49.170,9176504,1376422,149994192,1179.846821,,1496.835,0x00,0x00,CURRENT,1,0,OK,9.0,9.312,1397.0,149.994,,1179.845,,,180.0,13008.0
2026-08-06 11:31:50.005,9123178,1368424,149994240,1179.847327,,1497.670,0x00,0x00,CURRENT,1,0,OK,9.0,9.15,1372.0,149.994,,1179.846,,,178.0,12558.0
2026-08-06 11:31:50.855,9071680,1360700,149994304,1179.848003,,1498.520,0x00,0x00,CURRENT,1,0,OK,9.0,9.15,1372.0,149.994,,1179.846,,,178.0,12558.0
2026-08-06 11:31:51.690,9022412,1353311,149994336,1179.848341,,1499.355,0x00,0x00,CURRENT,1,0,OK,9.0,9.048,1357.0,149.994,,1179.847,,,177.0,12279.0
2026-08-06 11:31:52.505,8975616,1346292,149994368,1179.848679,,1500.170,0x00,0x00,CURRENT,1,0,OK,9.0,9.048,1357.0,149.994,,1179.847,,,177.0,12279.0
2026-08-06 11:31:53.819,8932330,1339799,149994368,1179.848679,,1501.484,0x00,0x00,CURRENT,1,0,OK,9.0,8.954,1343.0,149.994,,1179.847,,,178.0,12026.0
2026-08-06 11:31:54.634,8892384,1333808,149994400,1179.849017,,1502.299,0x00,0x00,CURRENT,1,0,OK,9.0,8.954,1343.0,149.994,,1179.847,,,178.0,12026.0
2026-08-06 11:31:55.469,8855770,1328316,149994400,1179.849017,,1503.134,0x00,0x00,CURRENT,1,0,OK,9.0,8.834,1325.0,149.994,,1179.848,,,179.0,11706.0
2026-08-06 11:31:56.355,8822820,1323374,149994432,1179.849355,,1504.020,0x00,0x00,CURRENT,1,0,OK,9.0,8.834,1325.0,149.994,,1179.848,,,179.0,11706.0
2026-08-06 11:31:57.170,8793532,1318981,149994448,1179.849524,,1504.835,0x00,0x00,CURRENT,1,0,OK,9.0,8.834,1325.0,149.994,,1179.848,,,179.0,11706.0
2026-08-06 11:31:58.005,8767866,1315132,149994464,1179.849693,,1505.670,0x00,0x00,CURRENT,1,0,OK,9.0,8.744,1311.0,149.994,,1179.849,,,182.0,11467.0
2026-08-06 11:31:58.854,8746006,1311852,149994480,1179.849862,,1506.519,0x00,0x00,CURRENT,1,0,OK,9.0,8.744,1311.0,149.994,,1179.849,,,182.0,11467.0
2026-08-06 11:31:59.689,8727738,1309112,149994480,1179.849862,,1507.354,0x00,0x00,CURRENT,1,0,OK,9.0,8.701,1305.0,149.994,,1179.849,,,184.0,11355.0
2026-08-06 11:32:00.504,8713232,1306937,149994512,1179.850200,,1508.169,0x00,0x00,CURRENT,1,0,OK,9.0,8.701,1305.0,149.994,,1179.849,,,184.0,11355.0
2026-08-06 11:32:01.818,8705320,1305750,149994512,1179.850200,,1509.483,0x00,0x00,CURRENT,1,0,OK,9.0,8.673,1301.0,149.994,,1179.849,,,187.0,11282.0
2026-08-06 11:32:02.633,8700806,1305073,149994512,1179.850200,,1510.298,0x00,0x00,CURRENT,1,0,OK,9.0,8.673,1301.0,149.994,,1179.849,,,187.0,11282.0
2026-08-06 11:32:03.468,8699528,1304882,149994528,1179.850369,,1511.133,0x00,0x00,CURRENT,1,0,OK,9.0,8.656,1298.0,149.994,,1179.85,,,191.0,11239.0
2026-08-06 11:32:04.354,8701322,1305151,149994528,1179.850369,,1512.019,0x00,0x00,CURRENT,1,0,OK,9.0,8.656,1298.0,149.994,,1179.85,,,191.0,11239.0
2026-08-06 11:32:05.169,8706048,1305860,149994528,1179.850369,,1512.834,0x00,0x00,CURRENT,1,0,OK,9.0,8.656,1298.0,149.994,,1179.85,,,191.0,11239.0
2026-08-06 11:32:06.004,8713388,1306960,149994528,1179.850369,,1513.669,0x00,0x00,CURRENT,1,0,OK,9.0,8.668,1300.0,149.994,,1179.85,,,195.0,11269.0
2026-08-06 11:32:06.854,8723168,1308427,149994512,1179.850200,,1514.519,0x00,0x00,CURRENT,1,0,OK,9.0,8.668,1300.0,149.994,,1179.85,,,195.0,11269.0
2026-08-06 11:32:07.689,8735150,1310224,149994496,1179.850031,,1515.354,0x00,0x00,CURRENT,1,0,OK,9.0,8.689,1303.0,149.994,,1179.85,,,197.0,11323.0
2026-08-06 11:32:08.504,8749218,1312334,149994480,1179.849862,,1516.169,0x00,0x00,CURRENT,1,0,OK,9.0,8.689,1303.0,149.994,,1179.85,,,197.0,11323.0
2026-08-06 11:32:09.818,8767274,1315042,149994464,1179.849693,,1517.483,0x00,0x00,CURRENT,1,0,OK,9.0,8.718,1308.0,149.994,,1179.85,,,200.0,11400.0
2026-08-06 11:32:10.633,8786602,1317941,149994432,1179.849355,,1518.298,0x00,0x00,CURRENT,1,0,OK,9.0,8.718,1308.0,149.994,,1179.85,,,200.0,11400.0
2026-08-06 11:32:11.468,8806996,1321000,149994400,1179.849017,,1519.133,0x00,0x00,CURRENT,1,0,OK,9.0,8.774,1316.0,149.994,,1179.849,,,203.0,11547.0
2026-08-06 11:32:12.354,8828212,1324182,149994352,1179.848510,,1520.019,0x00,0x00,CURRENT,1,0,OK,9.0,8.774,1316.0,149.994,,1179.849,,,203.0,11547.0
2026-08-06 11:32:13.169,8850032,1327455,149994336,1179.848341,,1520.834,0x00,0x00,CURRENT,1,0,OK,9.0,8.774,1316.0,149.994,,1179.849,,,203.0,11547.0
2026-08-06 11:32:14.004,8872102,1330765,149994352,1179.848510,,1521.669,0x00,0x00,CURRENT,1,0,OK,9.0,8.839,1326.0,149.994,,1179.849,,,205.0,11720.0
2026-08-06 11:32:14.855,8894236,1334085,149994352,1179.848510,,1522.520,0x00,0x00,CURRENT,1,0,OK,9.0,8.839,1326.0,149.994,,1179.849,,,205.0,11720.0
2026-08-06 11:32:15.690,8916276,1337391,149994320,1179.848172,,1523.355,0x00,0x00,CURRENT,1,0,OK,9.0,8.885,1333.0,149.994,,1179.849,,,206.0,11840.0
2026-08-06 11:32:16.505,8938062,1340659,149994336,1179.848341,,1524.170,0x00,0x00,CURRENT,1,0,OK,9.0,8.885,1333.0,149.994,,1179.849,,,206.0,11840.0
2026-08-06 11:32:17.819,8959764,1343914,149994304,1179.848003,,1525.484,0x00,0x00,CURRENT,1,0,OK,9.0,8.929,1339.0,149.994,,1179.849,,,207.0,11960.0
2026-08-06 11:32:18.634,8980726,1347058,149994288,1179.847834,,1526.299,0x00,0x00,CURRENT,1,0,OK,9.0,8.929,1339.0,149.994,,1179.849,,,207.0,11960.0
2026-08-06 11:32:19.469,9000634,1350044,149994288,1179.847834,,1527.134,0x00,0x00,CURRENT,1,0,OK,9.0,8.993,1349.0,149.994,,1179.848,,,207.0,12129.0
2026-08-06 11:32:20.355,9019540,1352879,149994272,1179.847665,,1528.020,0x00,0x00,CURRENT,1,0,OK,9.0,8.993,1349.0,149.994,,1179.848,,,207.0,12129.0
2026-08-06 11:32:21.170,9037172,1355524,149994288,1179.847834,,1528.835,0x00,0x00,CURRENT,1,0,OK,9.0,8.993,1349.0,149.994,,1179.848,,,207.0,12129.0
2026-08-06 11:32:22.005,9053588,1357986,149994256,1179.847496,,1529.670,0x00,0x00,CURRENT,1,0,OK,9.0,9.047,1357.0,149.994,,1179.848,,,206.0,12278.0
2026-08-06 11:32:22.855,9068524,1360227,149994240,1179.847327,,1530.520,0x00,0x00,CURRENT,1,0,OK,9.0,9.047,1357.0,149.994,,1179.848,,,206.0,12278.0
2026-08-06 11:32:23.690,9082046,1362254,149994224,1179.847159,,1531.354,0x00,0x00,CURRENT,1,0,OK,9.0,9.078,1362.0,149.994,,1179.848,,,206.0,12360.0
2026-08-06 11:32:24.505,9094046,1364054,149994208,1179.846990,,1532.170,0x00,0x00,CURRENT,1,0,OK,9.0,9.078,1362.0,149.994,,1179.848,,,206.0,12360.0
2026-08-06 11:32:25.819,9103604,1365488,149994208,1179.846990,,1533.484,0x00,0x00,CURRENT,1,0,OK,9.0,9.102,1365.0,149.994,,1179.848,,,205.0,12427.0
2026-08-06 11:32:26.634,9111668,1366697,149994208,1179.846990,,1534.299,0x00,0x00,CURRENT,1,0,OK,9.0,9.102,1365.0,149.994,,1179.848,,,205.0,12427.0
2026-08-06 11:32:27.469,9118162,1367671,149994192,1179.846821,,1535.134,0x00,0x00,CURRENT,1,0,OK,9.0,9.128,1369.0,149.994,,1179.848,,,204.0,12498.0
2026-08-06 11:32:28.354,9123156,1368420,149994160,1179.846483,,1536.019,0x00,0x00,CURRENT,1,0,OK,9.0,9.128,1369.0,149.994,,1179.848,,,204.0,12498.0
2026-08-06 11:32:29.169,9126718,1368954,149994160,1179.846483,,1536.834,0x00,0x00,CURRENT,1,0,OK,9.0,9.128,1369.0,149.994,,1179.848,,,204.0,12498.0
2026-08-06 11:32:30.003,9128772,1369263,149994192,1179.846821,,1537.668,0x00,0x00,CURRENT,1,0,OK,9.0,9.141,1371.0,149.994,,1179.848,,,202.0,12533.0
2026-08-06 11:32:30.854,9129548,1369379,149994192,1179.846821,,1538.519,0x00,0x00,CURRENT,1,0,OK,9.0,9.141,1371.0,149.994,,1179.848,,,202.0,12533.0
2026-08-06 11:32:31.689,9128938,1369287,149994176,1179.846652,,1539.354,0x00,0x00,CURRENT,1,0,OK,9.0,9.142,1371.0,149.994,,1179.847,,,201.0,12537.0
2026-08-06 11:32:32.504,9127190,1369025,149994160,1179.846483,,1540.168,0x00,0x00,CURRENT,1,0,OK,9.0,9.142,1371.0,149.994,,1179.847,,,201.0,12537.0
2026-08-06 11:32:33.818,9123190,1368425,149994160,1179.846483,,1541.483,0x00,0x00,CURRENT,1,0,OK,9.0,9.139,1371.0,149.994,,1179.848,,,200.0,12527.0
2026-08-06 11:32:34.633,9118218,1367679,149994176,1179.846652,,1542.298,0x00,0x00,CURRENT,1,0,OK,9.0,9.139,1371.0,149.994,,1179.848,,,200.0,12527.0
2026-08-06 11:32:35.468,9112310,1366793,149994176,1179.846652,,1543.133,0x00,0x00,CURRENT,1,0,OK,9.0,9.126,1369.0,149.994,,1179.848,,,198.0,12491.0
2026-08-06 11:32:36.354,9105688,1365800,149994192,1179.846821,,1544.019,0x00,0x00,CURRENT,1,0,OK,9.0,9.126,1369.0,149.994,,1179.848,,,198.0,12491.0
2026-08-06 11:32:37.169,9098388,1364705,149994192,1179.846821,,1544.834,0x00,0x00,CURRENT,1,0,OK,9.0,9.126,1369.0,149.994,,1179.848,,,198.0,12491.0
2026-08-06 11:32:38.004,9090616,1363540,149994208,1179.846990,,1545.669,0x00,0x00,CURRENT,1,0,OK,9.0,9.105,1366.0,149.994,,1179.848,,,197.0,12434.0
2026-08-06 11:32:38.854,9082394,1362306,149994192,1179.846821,,1546.519,0x00,0x00,CURRENT,1,0,OK,9.0,9.105,1366.0,149.994,,1179.848,,,197.0,12434.0
2026-08-06 11:32:39.689,9073754,1361010,149994208,1179.846990,,1547.353,0x00,0x00,CURRENT,1,0,OK,9.0,9.088,1363.0,149.994,,1179.848,,,196.0,12389.0
2026-08-06 11:32:40.504,9064876,1359679,149994240,1179.847327,,1548.169,0x00,0x00,CURRENT,1,0,OK,9.0,9.088,1363.0,149.994,,1179.848,,,196.0,12389.0
2026-08-06 11:32:41.818,9055270,1358238,149994240,1179.847327,,1549.482,0x00,0x00,CURRENT,1,0,OK,9.0,9.07,1360.0,149.994,,1179.848,,,196.0,12339.0
2026-08-06 11:32:42.633,9045684,1356800,149994240,1179.847327,,1550.298,0x00,0x00,CURRENT,1,0,OK,9.0,9.07,1360.0,149.994,,1179.848,,,196.0,12339.0
2026-08-06 11:32:43.468,9036230,1355383,149994272,1179.847665,,1551.132,0x00,0x00,CURRENT,1,0,OK,9.0,9.042,1356.0,149.994,,1179.847,,,195.0,12263.0
2026-08-06 11:32:44.354,9026922,1353987,149994288,1179.847834,,1552.019,0x00,0x00,CURRENT,1,0,OK,9.0,9.042,1356.0,149.994,,1179.847,,,195.0,12263.0
2026-08-06 11:32:45.169,9017900,1352633,149994288,1179.847834,,1552.834,0x00,0x00,CURRENT,1,0,OK,9.0,9.042,1356.0,149.994,,1179.847,,,195.0,12263.0
2026-08-06 11:32:46.004,9009170,1351324,149994288,1179.847834,,1553.668,0x00,0x00,CURRENT,1,0,OK,9.0,9.015,1352.0,149.994,,1179.847,,,195.0,12189.0
2026-08-06 11:32:46.855,9000880,1350081,149994288,1179.847834,,1554.519,0x00,0x00,CURRENT,1,0,OK,9.0,9.015,1352.0,149.994,,1179.847,,,195.0,12189.0
2026-08-06 11:32:47.689,8992998,1348899,149994288,1179.847834,,1555.354,0x00,0x00,CURRENT,1,0,OK,9.0,8.998,1350.0,149.994,,1179.847,,,195.0,12144.0
2026-08-06 11:32:48.505,8985676,1347800,149994304,1179.848003,,1556.170,0x00,0x00,CURRENT,1,0,OK,9.0,8.998,1350.0,149.994,,1179.847,,,195.0,12144.0
2026-08-06 11:32:49.819,8979058,1346808,149994320,1179.848172,,1557.483,0x00,0x00,CURRENT,1,0,OK,9.0,8.983,1347.0,149.994,,1179.848,,,195.0,12104.0
2026-08-06 11:32:50.634,8972934,1345889,149994320,1179.848172,,1558.298,0x00,0x00,CURRENT,1,0,OK,9.0,8.983,1347.0,149.994,,1179.848,,,195.0,12104.0
2026-08-06 11:32:51.468,8967454,1345068,149994352,1179.848510,,1559.133,0x00,0x00,CURRENT,1,0,OK,9.0,8.965,1345.0,149.994,,1179.848,,,195.0,12054.0
2026-08-06 11:32:52.355,8962576,1344336,149994336,1179.848341,,1560.019,0x00,0x00,CURRENT,1,0,OK,9.0,8.965,1345.0,149.994,,1179.848,,,195.0,12054.0
2026-08-06 11:32:53.170,8958400,1343709,149994336,1179.848341,,1560.834,0x00,0x00,CURRENT,1,0,OK,9.0,8.965,1345.0,149.994,,1179.848,,,195.0,12054.0
2026-08-06 11:32:54.005,8954766,1343164,149994304,1179.848003,,1561.669,0x00,0x00,CURRENT,1,0,OK,9.0,8.951,1343.0,149.994,,1179.848,,,196.0,12018.0
2026-08-06 11:32:54.855,8951818,1342722,149994336,1179.848341,,1562.519,0x00,0x00,CURRENT,1,0,OK,9.0,8.951,1343.0,149.994,,1179.848,,,196.0,12018.0
2026-08-06 11:32:55.690,8949516,1342376,149994304,1179.848003,,1563.354,0x00,0x00,CURRENT,1,0,OK,9.0,8.945,1342.0,149.994,,1179.848,,,196.0,12002.0
2026-08-06 11:32:56.505,8947824,1342123,149994304,1179.848003,,1564.169,0x00,0x00,CURRENT,1,0,OK,9.0,8.945,1342.0,149.994,,1179.848,,,196.0,12002.0
2026-08-06 11:32:57.819,8947232,1342034,149994272,1179.847665,,1565.483,0x00,0x00,CURRENT,1,0,OK,9.0,8.942,1341.0,149.994,,1179.848,,,197.0,11993.0
2026-08-06 11:32:58.633,8947176,1342025,149994288,1179.847834,,1566.298,0x00,0x00,CURRENT,1,0,OK,9.0,8.942,1341.0,149.994,,1179.848,,,197.0,11993.0
2026-08-06 11:32:59.468,8947644,1342095,149994272,1179.847665,,1567.133,0x00,0x00,CURRENT,1,0,OK,9.0,8.941,1341.0,149.994,,1179.848,,,197.0,11991.0
2026-08-06 11:33:00.355,8948596,1342238,149994256,1179.847496,,1568.019,0x00,0x00,CURRENT,1,0,OK,9.0,8.941,1341.0,149.994,,1179.848,,,197.0,11991.0
2026-08-06 11:33:01.170,8949990,1342447,149994240,1179.847327,,1568.834,0x00,0x00,CURRENT,1,0,OK,9.0,8.941,1341.0,149.994,,1179.848,,,197.0,11991.0
2026-08-06 11:33:02.004,8951818,1342721,149994256,1179.847496,,1569.669,0x00,0x00,CURRENT,1,0,OK,9.0,8.945,1342.0,149.994,,1179.848,,,198.0,12001.0
2026-08-06 11:33:02.854,8954072,1343060,149994272,1179.847665,,1570.518,0x00,0x00,CURRENT,1,0,OK,9.0,8.945,1342.0,149.994,,1179.848,,,198.0,12001.0
2026-08-06 11:33:03.689,8956542,1343430,149994256,1179.847496,,1571.353,0x00,0x00,CURRENT,1,0,OK,9.0,8.949,1342.0,149.994,,1179.848,,,198.0,12013.0
2026-08-06 11:33:04.504,8959386,1343856,149994256,1179.847496,,1572.168,0x00,0x00,CURRENT,1,0,OK,9.0,8.949,1342.0,149.994,,1179.848,,,198.0,12013.0
2026-08-06 11:33:05.817,8962758,1344362,149994272,1179.847665,,1573.482,0x00,0x00,CURRENT,1,0,OK,9.0,8.955,1343.0,149.994,,1179.848,,,199.0,12029.0
2026-08-06 11:33:06.632,8966290,1344892,149994240,1179.847327,,1574.297,0x00,0x00,CURRENT,1,0,OK,9.0,8.955,1343.0,149.994,,1179.848,,,199.0,12029.0
2026-08-06 11:33:07.467,8969986,1345446,149994240,1179.847327,,1575.132,0x00,0x00,CURRENT,1,0,OK,9.0,8.965,1345.0,149.994,,1179.848,,,199.0,12056.0
2026-08-06 11:33:08.354,8973832,1346023,149994256,1179.847496,,1576.019,0x00,0x00,CURRENT,1,0,OK,9.0,8.965,1345.0,149.994,,1179.848,,,199.0,12056.0
2026-08-06 11:33:09.169,8977656,1346597,149994240,1179.847327,,1576.834,0x00,0x00,CURRENT,1,0,OK,9.0,8.965,1345.0,149.994,,1179.848,,,199.0,12056.0
2026-08-06 11:33:10.005,8981612,1347190,149994256,1179.847496,,1577.669,0x00,0x00,CURRENT,1,0,OK,9.0,8.977,1346.0,149.994,,1179.847,,,199.0,12087.0
2026-08-06 11:33:10.854,8985538,1347779,149994256,1179.847496,,1578.519,0x00,0x00,CURRENT,1,0,OK,9.0,8.977,1346.0,149.994,,1179.847,,,199.0,12087.0
2026-08-06 11:33:11.690,8989272,1348339,149994240,1179.847327,,1579.354,0x00,0x00,CURRENT,1,0,OK,9.0,8.985,1348.0,149.994,,1179.848,,,200.0,12109.0
2026-08-06 11:33:12.505,8992978,1348895,149994256,1179.847496,,1580.169,0x00,0x00,CURRENT,1,0,OK,9.0,8.985,1348.0,149.994,,1179.848,,,200.0,12109.0
2026-08-06 11:33:13.818,8996662,1349447,149994240,1179.847327,,1581.483,0x00,0x00,CURRENT,1,0,OK,9.0,8.992,1349.0,149.994,,1179.848,,,200.0,12129.0
2026-08-06 11:33:14.633,9000170,1349973,149994208,1179.846990,,1582.298,0x00,0x00,CURRENT,1,0,OK,9.0,8.992,1349.0,149.994,,1179.848,,,200.0,12129.0
2026-08-06 11:33:15.468,9003338,1350448,149994208,1179.846990,,1583.133,0x00,0x00,CURRENT,1,0,OK,9.0,9.003,1350.0,149.994,,1179.848,,,200.0,12157.0
2026-08-06 11:33:16.353,9006352,1350900,149994176,1179.846652,,1584.018,0x00,0x00,CURRENT,1,0,OK,9.0,9.003,1350.0,149.994,,1179.848,,,200.0,12157.0
2026-08-06 11:33:17.168,9009214,1351330,149994192,1179.846821,,1584.833,0x00,0x00,CURRENT,1,0,OK,9.0,9.003,1350.0,149.994,,1179.848,,,200.0,12157.0
2026-08-06 11:33:18.003,9011768,1351713,149994192,1179.846821,,1585.668,0x00,0x00,CURRENT,1,0,OK,9.0,9.011,1352.0,149.994,,1179.847,,,200.0,12181.0
2026-08-06 11:33:18.854,9014030,1352052,149994176,1179.846652,,1586.519,0x00,0x00,CURRENT,1,0,OK,9.0,9.011,1352.0,149.994,,1179.847,,,200.0,12181.0
2026-08-06 11:33:19.689,9016008,1352349,149994176,1179.846652,,1587.354,0x00,0x00,CURRENT,1,0,OK,9.0,9.016,1352.0,149.994,,1179.847,,,199.0,12193.0
2026-08-06 11:33:20.504,9017882,1352630,149994192,1179.846821,,1588.169,0x00,0x00,CURRENT,1,0,OK,9.0,9.016,1352.0,149.994,,1179.847,,,199.0,12193.0
2026-08-06 11:33:21.818,9019168,1352823,149994192,1179.846821,,1589.483,0x00,0x00,CURRENT,1,0,OK,9.0,9.02,1353.0,149.994,,1179.848,,,199.0,12203.0
2026-08-06 11:33:22.633,9020224,1352981,149994208,1179.846990,,1590.298,0x00,0x00,CURRENT,1,0,OK,9.0,9.02,1353.0,149.994,,1179.848,,,199.0,12203.0
2026-08-06 11:33:23.468,9021058,1353106,149994224,1179.847159,,1591.133,0x00,0x00,CURRENT,1,0,OK,9.0,9.023,1353.0,149.994,,1179.847,,,199.0,12212.0
2026-08-06 11:33:24.354,9021680,1353200,149994224,1179.847159,,1592.019,0x00,0x00,CURRENT,1,0,OK,9.0,9.023,1353.0,149.994,,1179.847,,,199.0,12212.0
2026-08-06 11:33:25.169,9021920,1353236,149994208,1179.846990,,1592.834,0x00,0x00,CURRENT,1,0,OK,9.0,9.023,1353.0,149.994,,1179.847,,,199.0,12212.0
2026-08-06 11:33:26.004,9021986,1353246,149994224,1179.847159,,1593.669,0x00,0x00,CURRENT,1,0,OK,9.0,9.025,1354.0,149.994,,1179.847,,,199.0,12216.0
2026-08-06 11:33:26.854,9021886,1353231,149994208,1179.846990,,1594.519,0x00,0x00,CURRENT,1,0,OK,9.0,9.025,1354.0,149.994,,1179.847,,,199.0,12216.0
2026-08-06 11:33:27.689,9021626,1353192,149994208,1179.846990,,1595.354,0x00,0x00,CURRENT,1,0,OK,9.0,9.024,1354.0,149.994,,1179.847,,,199.0,12215.0
2026-08-06 11:33:28.504,9021050,1353105,149994224,1179.847159,,1596.169,0x00,0x00,CURRENT,1,0,OK,9.0,9.024,1354.0,149.994,,1179.847,,,199.0,12215.0
2026-08-06 11:33:29.818,9020168,1352973,149994208,1179.846990,,1597.483,0x00,0x00,CURRENT,1,0,OK,9.0,9.023,1353.0,149.994,,1179.847,,,198.0,12212.0
2026-08-06 11:33:30.633,9019160,1352822,149994208,1179.846990,,1598.298,0x00,0x00,CURRENT,1,0,OK,9.0,9.023,1353.0,149.994,,1179.847,,,198.0,12212.0
2026-08-06 11:33:31.468,9018038,1352654,149994208,1179.846990,,1599.133,0x00,0x00,CURRENT,1,0,OK,9.0,9.02,1353.0,149.994,,1179.847,,,198.0,12205.0
2026-08-06 11:33:32.354,9016802,1352468,149994208,1179.846990,,1600.019,0x00,0x00,CURRENT,1,0,OK,9.0,9.02,1353.0,149.994,,1179.847,,,198.0,12205.0
2026-08-06 11:33:33.169,9015458,1352266,149994208,1179.846990,,1600.834,0x00,0x00,CURRENT,1,0,OK,9.0,9.02,1353.0,149.994,,1179.847,,,198.0,12205.0
2026-08-06 11:33:34.004,9014010,1352049,149994192,1179.846821,,1601.669,0x00,0x00,CURRENT,1,0,OK,9.0,9.016,1352.0,149.994,,1179.847,,,198.0,12194.0
2026-08-06 11:33:34.854,9012476,1351819,149994192,1179.846821,,1602.519,0x00,0x00,CURRENT,1,0,OK,9.0,9.016,1352.0,149.994,,1179.847,,,198.0,12194.0
2026-08-06 11:33:35.689,9011020,1351601,149994208,1179.846990,,1603.354,0x00,0x00,CURRENT,1,0,OK,9.0,9.013,1352.0,149.994,,1179.847,,,198.0,12186.0
2026-08-06 11:33:36.504,9009468,1351368,149994224,1179.847159,,1604.169,0x00,0x00,CURRENT,1,0,OK,9.0,9.013,1352.0,149.994,,1179.847,,,198.0,12186.0
2026-08-06 11:33:37.818,9007816,1351120,149994192,1179.846821,,1605.483,0x00,0x00,CURRENT,1,0,OK,9.0,9.01,1351.0,149.994,,1179.847,,,198.0,12177.0
2026-08-06 11:33:38.633,9006250,1350885,149994208,1179.846990,,1606.298,0x00,0x00,CURRENT,1,0,OK,9.0,9.01,1351.0,149.994,,1179.847,,,198.0,12177.0
2026-08-06 11:33:39.468,9004594,1350637,149994192,1179.846821,,1607.133,0x00,0x00,CURRENT,1,0,OK,9.0,9.005,1351.0,149.994,,1179.847,,,198.0,12164.0
2026-08-06 11:33:40.355,9003002,1350398,149994208,1179.846990,,1608.020,0x00,0x00,CURRENT,1,0,OK,9.0,9.005,1351.0,149.994,,1179.847,,,198.0,12164.0
2026-08-06 11:33:41.170,9001494,1350172,149994224,1179.847159,,1608.835,0x00,0x00,CURRENT,1,0,OK,9.0,9.005,1351.0,149.994,,1179.847,,,198.0,12164.0
2026-08-06 11:33:42.005,9000060,1349957,149994240,1179.847327,,1609.670,0x00,0x00,CURRENT,1,0,OK,9.0,9.001,1350.0,149.994,,1179.847,,,198.0,12152.0
2026-08-06 11:33:42.854,8998698,1349753,149994240,1179.847327,,1610.519,0x00,0x00,CURRENT,1,0,OK,9.0,9.001,1350.0,149.994,,1179.847,,,198.0,12152.0
2026-08-06 11:33:43.689,8997408,1349560,149994240,1179.847327,,1611.354,0x00,0x00,CURRENT,1,0,OK,9.0,8.998,1350.0,149.994,,1179.848,,,198.0,12144.0
2026-08-06 11:33:44.504,8996192,1349377,149994240,1179.847327,,1612.169,0x00,0x00,CURRENT,1,0,OK,9.0,8.998,1350.0,149.994,,1179.848,,,198.0,12144.0
2026-08-06 11:33:45.818,8995204,1349229,149994240,1179.847327,,1613.483,0x00,0x00,CURRENT,1,0,OK,9.0,8.996,1349.0,149.994,,1179.848,,,198.0,12138.0
2026-08-06 11:33:46.633,8994266,1349088,149994256,1179.847496,,1614.298,0x00,0x00,CURRENT,1,0,OK,9.0,8.996,1349.0,149.994,,1179.848,,,198.0,12138.0
2026-08-06 11:33:47.468,8993380,1348956,149994272,1179.847665,,1615.133,0x00,0x00,CURRENT,1,0,OK,9.0,8.993,1349.0,149.994,,1179.848,,,198.0,12130.0
2026-08-06 11:33:48.354,8992698,1348853,149994272,1179.847665,,1616.019,0x00,0x00,CURRENT,1,0,OK,9.0,8.993,1349.0,149.994,,1179.848,,,198.0,12130.0
2026-08-06 11:33:49.169,8992048,1348756,149994272,1179.847665,,1616.834,0x00,0x00,CURRENT,1,0,OK,9.0,8.993,1349.0,149.994,,1179.848,,,198.0,12130.0
2026-08-06 11:33:50.004,8991602,1348689,149994272,1179.847665,,1617.669,0x00,0x00,CURRENT,1,0,OK,9.0,8.991,1349.0,149.994,,1179.848,,,198.0,12125.0
2026-08-06 11:33:50.854,8991172,1348624,149994272,1179.847665,,1618.519,0x00,0x00,CURRENT,1,0,OK,9.0,8.991,1349.0,149.994,,1179.848,,,198.0,12125.0
2026-08-06 11:33:51.689,8990924,1348587,149994288,1179.847834,,1619.354,0x00,0x00,CURRENT,1,0,OK,9.0,8.99,1348.0,149.994,,1179.848,,,198.0,12123.0
2026-08-06 11:33:52.504,8990700,1348554,149994288,1179.847834,,1620.169,0x00,0x00,CURRENT,1,0,OK,9.0,8.99,1348.0,149.994,,1179.848,,,198.0,12123.0
2026-08-06 11:33:53.818,8990638,1348544,149994304,1179.848003,,1621.483,0x00,0x00,CURRENT,1,0,OK,9.0,8.99,1348.0,149.994,,1179.848,,,198.0,12122.0
2026-08-06 11:33:54.633,8990750,1348561,149994288,1179.847834,,1622.298,0x00,0x00,CURRENT,1,0,OK,9.0,8.99,1348.0,149.994,,1179.848,,,198.0,12122.0
2026-08-06 11:33:55.468,8990856,1348577,149994288,1179.847834,,1623.133,0x00,0x00,CURRENT,1,0,OK,9.0,8.99,1348.0,149.994,,1179.848,,,198.0,12122.0
2026-08-06 11:33:56.354,8991132,1348619,149994320,1179.848172,,1624.019,0x00,0x00,CURRENT,1,0,OK,9.0,8.99,1348.0,149.994,,1179.848,,,198.0,12122.0
2026-08-06 11:33:57.169,8991566,1348684,149994288,1179.847834,,1624.834,0x00,0x00,CURRENT,1,0,OK,9.0,8.99,1348.0,149.994,,1179.848,,,198.0,12122.0
2026-08-06 11:33:58.004,8991980,1348746,149994288,1179.847834,,1625.669,0x00,0x00,CURRENT,1,0,OK,9.0,8.991,1349.0,149.994,,1179.848,,,198.0,12125.0
2026-08-06 11:33:58.854,8992354,1348802,149994288,1179.847834,,1626.518,0x00,0x00,CURRENT,1,0,OK,9.0,8.991,1349.0,149.994,,1179.848,,,198.0,12125.0
2026-08-06 11:33:59.689,8992890,1348882,149994288,1179.847834,,1627.354,0x00,0x00,CURRENT,1,0,OK,9.0,8.992,1349.0,149.994,,1179.848,,,198.0,12127.0
2026-08-06 11:34:00.504,8993406,1348960,149994288,1179.847834,,1628.169,0x00,0x00,CURRENT,1,0,OK,9.0,8.992,1349.0,149.994,,1179.848,,,198.0,12127.0
2026-08-06 11:34:01.818,8994060,1349058,149994272,1179.847665,,1629.482,0x00,0x00,CURRENT,1,0,OK,9.0,8.993,1349.0,149.994,,1179.848,,,198.0,12130.0
2026-08-06 11:34:02.633,8994688,1349152,149994304,1179.848003,,1630.297,0x00,0x00,CURRENT,1,0,OK,9.0,8.993,1349.0,149.994,,1179.848,,,198.0,12130.0
2026-08-06 11:34:03.468,8995440,1349265,149994304,1179.848003,,1631.133,0x00,0x00,CURRENT,1,0,OK,9.0,8.995,1349.0,149.994,,1179.848,,,198.0,12135.0
2026-08-06 11:34:04.354,8996146,1349371,149994304,1179.848003,,1632.018,0x00,0x00,CURRENT,1,0,OK,9.0,8.995,1349.0,149.994,,1179.848,,,198.0,12135.0
2026-08-06 11:34:05.169,8996828,1349473,149994304,1179.848003,,1632.834,0x00,0x00,CURRENT,1,0,OK,9.0,8.995,1349.0,149.994,,1179.848,,,198.0,12135.0
2026-08-06 11:34:06.004,8997480,1349571,149994304,1179.848003,,1633.669,0x00,0x00,CURRENT,1,0,OK,9.0,8.997,1349.0,149.994,,1179.848,,,198.0,12141.0
2026-08-06 11:34:06.854,8998094,1349663,149994288,1179.847834,,1634.519,0x00,0x00,CURRENT,1,0,OK,9.0,8.997,1349.0,149.994,,1179.848,,,198.0,12141.0
2026-08-06 11:34:07.689,8998674,1349750,149994288,1179.847834,,1635.354,0x00,0x00,CURRENT,1,0,OK,9.0,8.998,1350.0,149.994,,1179.848,,,198.0,12144.0
2026-08-06 11:34:08.504,8999398,1349858,149994304,1179.848003,,1636.168,0x00,0x00,CURRENT,1,0,OK,9.0,8.998,1350.0,149.994,,1179.848,,,198.0,12144.0
2026-08-06 11:34:09.818,9000096,1349963,149994304,1179.848003,,1637.483,0x00,0x00,CURRENT,1,0,OK,9.0,8.999,1350.0,149.994,,1179.848,,,198.0,12148.0
2026-08-06 11:34:10.633,9000752,1350062,149994320,1179.848172,,1638.298,0x00,0x00,CURRENT,1,0,OK,9.0,8.999,1350.0,149.994,,1179.848,,,198.0,12148.0
2026-08-06 11:34:11.468,9001204,1350130,149994336,1179.848341,,1639.133,0x00,0x00,CURRENT,1,0,OK,9.0,9.001,1350.0,149.994,,1179.848,,,198.0,12153.0
2026-08-06 11:34:12.354,9001632,1350194,149994336,1179.848341,,1640.018,0x00,0x00,CURRENT,1,0,OK,9.0,9.001,1350.0,149.994,,1179.848,,,198.0,12153.0
2026-08-06 11:34:13.169,9002040,1350255,149994352,1179.848510,,1640.833,0x00,0x00,CURRENT,1,0,OK,9.0,9.001,1350.0,149.994,,1179.848,,,198.0,12153.0
2026-08-06 11:34:14.004,9002434,1350314,149994368,1179.848679,,1641.668,0x00,0x00,CURRENT,1,0,OK,9.0,9.003,1350.0,149.994,,1179.848,,,198.0,12157.0
2026-08-06 11:34:14.854,9002810,1350371,149994352,1179.848510,,1642.518,0x00,0x00,CURRENT,1,0,OK,9.0,9.003,1350.0,149.994,,1179.848,,,198.0,12157.0
2026-08-06 11:34:15.689,9003172,1350425,149994368,1179.848679,,1643.354,0x00,0x00,CURRENT,1,0,OK,9.0,9.003,1350.0,149.994,,1179.848,,,198.0,12159.0
2026-08-06 11:34:16.503,9003518,1350477,149994368,1179.848679,,1644.168,0x00,0x00,CURRENT,1,0,OK,9.0,9.003,1350.0,149.994,,1179.848,,,198.0,12159.0
2026-08-06 11:34:17.818,9003656,1350497,149994352,1179.848510,,1645.483,0x00,0x00,CURRENT,1,0,OK,9.0,9.004,1351.0,149.994,,1179.848,,,198.0,12160.0
2026-08-06 11:34:18.633,9003794,1350518,149994352,1179.848510,,1646.298,0x00,0x00,CURRENT,1,0,OK,9.0,9.004,1351.0,149.994,,1179.848,,,198.0,12160.0
2026-08-06 11:34:19.468,9003926,1350538,149994368,1179.848679,,1647.132,0x00,0x00,CURRENT,1,0,OK,9.0,9.004,1351.0,149.994,,1179.848,,,198.0,12161.0
2026-08-06 11:34:20.354,9003884,1350532,149994336,1179.848341,,1648.019,0x00,0x00,CURRENT,1,0,OK,9.0,9.004,1351.0,149.994,,1179.848,,,198.0,12161.0
2026-08-06 11:34:21.169,9003856,1350528,149994336,1179.848341,,1648.834,0x00,0x00,CURRENT,1,0,OK,9.0,9.004,1351.0,149.994,,1179.848,,,198.0,12161.0
2026-08-06 11:34:22.004,9003826,1350523,149994336,1179.848341,,1649.669,0x00,0x00,CURRENT,1,0,OK,9.0,9.004,1351.0,149.994,,1179.848,,,198.0,12161.0
2026-08-06 11:34:22.855,9003788,1350517,149994320,1179.848172,,1650.519,0x00,0x00,CURRENT,1,0,OK,9.0,9.004,1351.0,149.994,,1179.848,,,198.0,12161.0
2026-08-06 11:34:23.690,9003752,1350512,149994352,1179.848510,,1651.354,0x00,0x00,CURRENT,1,0,OK,9.0,9.004,1351.0,149.994,,1179.848,,,198.0,12161.0
2026-08-06 11:34:24.504,9003542,1350481,149994352,1179.848510,,1652.169,0x00,0x00,CURRENT,1,0,OK,9.0,9.004,1351.0,149.994,,1179.848,,,198.0,12161.0
2026-08-06 11:34:25.819,9003346,1350451,149994352,1179.848510,,1653.484,0x00,0x00,CURRENT,1,0,OK,9.0,9.004,1351.0,149.994,,1179.848,,,198.0,12160.0
2026-08-06 11:34:26.634,9003150,1350422,149994368,1179.848679,,1654.298,0x00,0x00,CURRENT,1,0,OK,9.0,9.004,1351.0,149.994,,1179.848,,,198.0,12160.0
2026-08-06 11:34:27.469,9002972,1350395,149994336,1179.848341,,1655.133,0x00,0x00,CURRENT,1,0,OK,9.0,9.003,1350.0,149.994,,1179.848,,,198.0,12158.0
2026-08-06 11:34:28.355,9002630,1350343,149994320,1179.848172,,1656.019,0x00,0x00,CURRENT,1,0,OK,9.0,9.003,1350.0,149.994,,1179.848,,,198.0,12158.0
2026-08-06 11:34:29.170,9002308,1350295,149994336,1179.848341,,1656.834,0x00,0x00,CURRENT,1,0,OK,9.0,9.003,1350.0,149.994,,1179.848,,,198.0,12158.0
2026-08-06 11:34:30.005,9002004,1350250,149994320,1179.848172,,1657.669,0x00,0x00,CURRENT,1,0,OK,9.0,9.002,1350.0,149.994,,1179.848,,,198.0,12156.0
2026-08-06 11:34:30.854,9001712,1350206,149994336,1179.848341,,1658.519,0x00,0x00,CURRENT,1,0,OK,9.0,9.002,1350.0,149.994,,1179.848,,,198.0,12156.0
2026-08-06 11:34:31.690,9001446,1350166,149994320,1179.848172,,1659.354,0x00,0x00,CURRENT,1,0,OK,9.0,9.002,1350.0,149.994,,1179.849,,,198.0,12155.0
2026-08-06 11:34:32.505,9001184,1350127,149994352,1179.848510,,1660.169,0x00,0x00,CURRENT,1,0,OK,9.0,9.002,1350.0,149.994,,1179.849,,,198.0,12155.0
2026-08-06 11:34:33.819,9000952,1350092,149994352,1179.848510,,1661.483,0x00,0x00,CURRENT,1,0,OK,9.0,9.001,1350.0,149.994,,1179.849,,,198.0,12153.0
2026-08-06 11:34:34.634,9000716,1350057,149994384,1179.848848,,1662.298,0x00,0x00,CURRENT,1,0,OK,9.0,9.001,1350.0,149.994,,1179.849,,,198.0,12153.0
2026-08-06 11:34:35.468,9000504,1350025,149994352,1179.848510,,1663.133,0x00,0x00,CURRENT,1,0,OK,9.0,9.001,1350.0,149.994,,1179.849,,,198.0,12151.0
2026-08-06 11:34:36.355,9000298,1349994,149994336,1179.848341,,1664.019,0x00,0x00,CURRENT,1,0,OK,9.0,9.001,1350.0,149.994,,1179.849,,,198.0,12151.0
2026-08-06 11:34:37.170,9000112,1349966,149994320,1179.848172,,1664.835,0x00,0x00,CURRENT,1,0,OK,9.0,9.001,1350.0,149.994,,1179.849,,,198.0,12151.0
2026-08-06 11:34:38.004,8999940,1349940,149994320,1179.848172,,1665.669,0x00,0x00,CURRENT,1,0,OK,9.0,9.0,1350.0,149.994,,1179.849,,,198.0,12150.0
2026-08-06 11:34:38.854,8999768,1349914,149994336,1179.848341,,1666.519,0x00,0x00,CURRENT,1,0,OK,9.0,9.0,1350.0,149.994,,1179.849,,,198.0,12150.0
2026-08-06 11:34:39.690,8999604,1349890,149994320,1179.848172,,1667.355,0x00,0x00,CURRENT,1,0,OK,9.0,9.0,1350.0,149.994,,1179.848,,,198.0,12149.0
2026-08-06 11:34:40.504,8999458,1349867,149994304,1179.848003,,1668.169,0x00,0x00,CURRENT,1,0,OK,9.0,9.0,1350.0,149.994,,1179.848,,,198.0,12149.0
2026-08-06 11:34:41.819,8999308,1349845,149994304,1179.848003,,1669.484,0x00,0x00,CURRENT,1,0,OK,9.0,8.999,1350.0,149.994,,1179.849,,,198.0,12148.0
2026-08-06 11:34:42.633,8999170,1349824,149994304,1179.848003,,1670.298,0x00,0x00,CURRENT,1,0,OK,9.0,8.999,1350.0,149.994,,1179.849,,,198.0,12148.0
2026-08-06 11:34:43.468,8999032,1349803,149994288,1179.847834,,1671.133,0x00,0x00,CURRENT,1,0,OK,9.0,8.999,1350.0,149.994,,1179.849,,,198.0,12147.0
2026-08-06 11:34:44.354,8998906,1349785,149994288,1179.847834,,1672.019,0x00,0x00,CURRENT,1,0,OK,9.0,8.999,1350.0,149.994,,1179.849,,,198.0,12147.0
2026-08-06 11:34:45.170,8998794,1349768,149994288,1179.847834,,1672.834,0x00,0x00,CURRENT,1,0,OK,9.0,8.999,1350.0,149.994,,1179.849,,,198.0,12147.0
2026-08-06 11:34:46.004,8998676,1349750,149994304,1179.848003,,1673.669,0x00,0x00,CURRENT,1,0,OK,9.0,8.999,1350.0,149.994,,1179.849,,,198.0,12146.0
2026-08-06 11:34:46.854,8998562,1349733,149994336,1179.848341,,1674.519,0x00,0x00,CURRENT,1,0,OK,9.0,8.999,1350.0,149.994,,1179.849,,,198.0,12146.0
2026-08-06 11:34:47.689,8998444,1349716,149994336,1179.848341,,1675.354,0x00,0x00,CURRENT,1,0,OK,9.0,8.998,1350.0,149.994,,1179.849,,,198.0,12145.0
2026-08-06 11:34:48.504,8998334,1349699,149994336,1179.848341,,1676.169,0x00,0x00,CURRENT,1,0,OK,9.0,8.998,1350.0,149.994,,1179.849,,,198.0,12145.0
2026-08-06 11:34:49.818,8998390,1349708,149994336,1179.848341,,1677.483,0x00,0x00,CURRENT,1,0,OK,9.0,8.998,1350.0,149.994,,1179.849,,,198.0,12145.0
2026-08-06 11:34:50.633,8998460,1349718,149994320,1179.848172,,1678.298,0x00,0x00,CURRENT,1,0,OK,9.0,8.998,1350.0,149.994,,1179.849,,,198.0,12145.0
2026-08-06 11:34:51.468,8998528,1349728,149994336,1179.848341,,1679.133,0x00,0x00,CURRENT,1,0,OK,9.0,8.998,1350.0,149.994,,1179.849,,,198.0,12145.0
2026-08-06 11:34:52.354,8998604,1349739,149994320,1179.848172,,1680.019,0x00,0x00,CURRENT,1,0,OK,9.0,8.998,1350.0,149.994,,1179.849,,,198.0,12145.0
2026-08-06 11:34:53.169,8998676,1349750,149994320,1179.848172,,1680.834,0x00,0x00,CURRENT,1,0,OK,9.0,8.998,1350.0,149.994,,1179.849,,,198.0,12145.0
2026-08-06 11:34:54.004,8998748,1349761,149994320,1179.848172,,1681.669,0x00,0x00,CURRENT,1,0,OK,9.0,8.998,1350.0,149.994,,1179.849,,,198.0,12145.0
2026-08-06 11:34:54.853,8998814,1349771,149994320,1179.848172,,1682.518,0x00,0x00,CURRENT,1,0,OK,9.0,8.998,1350.0,149.994,,1179.849,,,198.0,12145.0
2026-08-06 11:34:55.688,8998872,1349780,149994320,1179.848172,,1683.353,0x00,0x00,CURRENT,1,0,OK,9.0,8.999,1350.0,149.994,,1179.848,,,198.0,12146.0
2026-08-06 11:34:56.503,8998934,1349789,149994320,1179.848172,,1684.168,0x00,0x00,CURRENT,1,0,OK,9.0,8.999,1350.0,149.994,,1179.848,,,198.0,12146.0
2026-08-06 11:34:57.817,8998988,1349797,149994320,1179.848172,,1685.482,0x00,0x00,CURRENT,1,0,OK,9.0,8.999,1350.0,149.994,,1179.848,,,198.0,12146.0
2026-08-06 11:34:58.632,8999038,1349805,149994320,1179.848172,,1686.297,0x00,0x00,CURRENT,1,0,OK,9.0,8.999,1350.0,149.994,,1179.848,,,198.0,12146.0
2026-08-06 11:34:59.467,8999084,1349811,149994320,1179.848172,,1687.132,0x00,0x00,CURRENT,1,0,OK,9.0,8.999,1350.0,149.994,,1179.848,,,198.0,12147.0
2026-08-06 11:35:00.354,8999122,1349817,149994320,1179.848172,,1688.019,0x00,0x00,CURRENT,1,0,OK,9.0,8.999,1350.0,149.994,,1179.848,,,198.0,12147.0
2026-08-06 11:35:01.169,8999322,1349847,149994304,1179.848003,,1688.834,0x00,0x00,CURRENT,1,0,OK,9.0,8.999,1350.0,149.994,,1179.848,,,198.0,12147.0
2026-08-06 11:35:02.004,8999514,1349876,149994320,1179.848172,,1689.669,0x00,0x00,CURRENT,1,0,OK,9.0,8.999,1350.0,149.994,,1179.849,,,198.0,12148.0
2026-08-06 11:35:02.854,8999696,1349903,149994304,1179.848003,,1690.519,0x00,0x00,CURRENT,1,0,OK,9.0,8.999,1350.0,149.994,,1179.849,,,198.0,12148.0
2026-08-06 11:35:03.689,8999876,1349930,149994304,1179.848003,,1691.354,0x00,0x00,CURRENT,1,0,OK,9.0,9.0,1350.0,149.994,,1179.849,,,198.0,12149.0
2026-08-06 11:35:04.504,9000042,1349955,149994304,1179.848003,,1692.169,0x00,0x00,CURRENT,1,0,OK,9.0,9.0,1350.0,149.994,,1179.849,,,198.0,12149.0
2026-08-06 11:35:05.818,9000190,1349978,149994336,1179.848341,,1693.483,0x00,0x00,CURRENT,1,0,OK,9.0,9.0,1350.0,149.994,,1179.848,,,198.0,12150.0
2026-08-06 11:35:06.633,9000324,1349998,149994352,1179.848510,,1694.298,0x00,0x00,CURRENT,1,0,OK,9.0,9.0,1350.0,149.994,,1179.848,,,198.0,12150.0
2026-08-06 11:35:07.468,9000446,1350016,149994352,1179.848510,,1695.133,0x00,0x00,CURRENT,1,0,OK,9.0,9.0,1350.0,149.994,,1179.849,,,198.0,12151.0
2026-08-06 11:35:08.355,9000548,1350031,149994336,1179.848341,,1696.020,0x00,0x00,CURRENT,1,0,OK,9.0,9.0,1350.0,149.994,,1179.849,,,198.0,12151.0
2026-08-06 11:35:09.170,9000648,1350046,149994336,1179.848341,,1696.835,0x00,0x00,CURRENT,1,0,OK,9.0,9.0,1350.0,149.994,,1179.849,,,198.0,12151.0
2026-08-06 11:35:10.005,9000582,1350036,149994320,1179.848172,,1697.670,0x00,0x00,CURRENT,1,0,OK,9.0,9.001,1350.0,149.994,,1179.849,,,198.0,12151.0
2026-08-06 11:35:10.854,9000512,1350026,149994336,1179.848341,,1698.519,0x00,0x00,CURRENT,1,0,OK,9.0,9.001,1350.0,149.994,,1179.849,,,198.0,12151.0
2026-08-06 11:35:11.689,9000442,1350015,149994336,1179.848341,,1699.354,0x00,0x00,CURRENT,1,0,OK,9.0,9.001,1350.0,149.994,,1179.849,,,198.0,12151.0
2026-08-06 11:35:12.504,9000380,1350006,149994320,1179.848172,,1700.169,0x00,0x00,CURRENT,1,0,OK,9.0,9.001,1350.0,149.994,,1179.849,,,198.0,12151.0
2026-08-06 11:35:13.818,9000318,1349997,149994320,1179.848172,,1701.483,0x00,0x00,CURRENT,1,0,OK,9.0,9.0,1350.0,149.994,,1179.848,,,198.0,12151.0
2026-08-06 11:35:14.633,9000260,1349988,149994320,1179.848172,,1702.298,0x00,0x00,CURRENT,1,0,OK,9.0,9.0,1350.0,149.994,,1179.848,,,198.0,12151.0
2026-08-06 11:35:15.468,9000206,1349980,149994320,1179.848172,,1703.133,0x00,0x00,CURRENT,1,0,OK,9.0,9.0,1350.0,149.994,,1179.848,,,198.0,12150.0
2026-08-06 11:35:16.354,9000158,1349973,149994304,1179.848003,,1704.019,0x00,0x00,CURRENT,1,0,OK,9.0,9.0,1350.0,149.994,,1179.848,,,198.0,12150.0
2026-08-06 11:35:17.169,9000112,1349966,149994320,1179.848172,,1704.834,0x00,0x00,CURRENT,1,0,OK,9.0,9.0,1350.0,149.994,,1179.848,,,198.0,12150.0
2026-08-06 11:35:18.004,9000070,1349960,149994336,1179.848341,,1705.669,0x00,0x00,CURRENT,1,0,OK,9.0,9.0,1350.0,149.994,,1179.849,,,198.0,12150.0
2026-08-06 11:35:18.854,9000034,1349954,149994368,1179.848679,,1706.519,0x00,0x00,CURRENT,1,0,OK,9.0,9.0,1350.0,149.994,,1179.849,,,198.0,12150.0
2026-08-06 11:35:19.689,8999994,1349948,149994368,1179.848679,,1707.354,0x00,0x00,CURRENT,1,0,OK,9.0,9.0,1350.0,149.994,,1179.849,,,198.0,12150.0
2026-08-06 11:35:20.504,8999956,1349943,149994400,1179.849017,,1708.169,0x00,0x00,CURRENT,1,0,OK,9.0,9.0,1350.0,149.994,,1179.849,,,198.0,12150.0
2026-08-06 11:35:21.818,8999924,1349938,149994384,1179.848848,,1709.483,0x00,0x00,CURRENT,1,0,OK,9.0,9.0,1350.0,149.994,,1179.85,,,198.0,12149.0
2026-08-06 11:35:22.633,8999900,1349934,149994384,1179.848848,,1710.298,0x00,0x00,CURRENT,1,0,OK,9.0,9.0,1350.0,149.994,,1179.85,,,198.0,12149.0
2026-08-06 11:35:23.468,8999870,1349930,149994400,1179.849017,,1711.133,0x00,0x00,CURRENT,1,0,OK,9.0,9.0,1350.0,149.994,,1179.849,,,198.0,12149.0
2026-08-06 11:35:24.354,8999844,1349926,149994384,1179.848848,,1712.019,0x00,0x00,CURRENT,1,0,OK,9.0,9.0,1350.0,149.994,,1179.849,,,198.0,12149.0
2026-08-06 11:35:25.169,8999810,1349921,149994400,1179.849017,,1712.834,0x00,0x00,CURRENT,1,0,OK,9.0,9.0,1350.0,149.994,,1179.849,,,198.0,12149.0
2026-08-06 11:35:26.004,8999778,1349916,149994384,1179.848848,,1713.669,0x00,0x00,CURRENT,1,0,OK,9.0,9.0,1350.0,149.994,,1179.85,,,198.0,12149.0
2026-08-06 11:35:26.854,8999750,1349912,149994400,1179.849017,,1714.519,0x00,0x00,CURRENT,1,0,OK,9.0,9.0,1350.0,149.994,,1179.85,,,198.0,12149.0
2026-08-06 11:35:27.689,8999720,1349908,149994400,1179.849017,,1715.354,0x00,0x00,CURRENT,1,0,OK,9.0,9.0,1350.0,149.994,,1179.85,,,198.0,12149.0
2026-08-06 11:35:28.504,8999688,1349903,149994384,1179.848848,,1716.169,0x00,0x00,CURRENT,1,0,OK,9.0,9.0,1350.0,149.994,,1179.85,,,198.0,12149.0
2026-08-06 11:35:29.818,8999660,1349898,149994368,1179.848679,,1717.483,0x00,0x00,CURRENT,1,0,OK,9.0,9.0,1350.0,149.994,,1179.85,,,198.0,12149.0
2026-08-06 11:35:30.633,8999634,1349894,149994352,1179.848510,,1718.298,0x00,0x00,CURRENT,1,0,OK,9.0,9.0,1350.0,149.994,,1179.85,,,198.0,12149.0
2026-08-06 11:35:31.468,8999608,1349890,149994352,1179.848510,,1719.133,0x00,0x00,CURRENT,1,0,OK,9.0,9.0,1350.0,149.994,,1179.85,,,198.0,12148.0
2026-08-06 11:35:32.354,8999600,1349889,149994368,1179.848679,,1720.019,0x00,0x00,CURRENT,1,0,OK,9.0,9.0,1350.0,149.994,,1179.85,,,198.0,12148.0
2026-08-06 11:35:33.169,8999584,1349887,149994384,1179.848848,,1720.834,0x00,0x00,CURRENT,1,0,OK,9.0,9.0,1350.0,149.994,,1179.85,,,198.0,12148.0
2026-08-06 11:35:34.004,8999734,1349909,149994368,1179.848679,,1721.669,0x00,0x00,CURRENT,1,0,OK,9.0,9.0,1350.0,149.994,,1179.85,,,198.0,12148.0
2026-08-06 11:35:34.854,8999882,1349932,149994368,1179.848679,,1722.519,0x00,0x00,CURRENT,1,0,OK,9.0,9.0,1350.0,149.994,,1179.85,,,198.0,12148.0
2026-08-06 11:35:35.689,9000022,1349952,149994336,1179.848341,,1723.354,0x00,0x00,CURRENT,1,0,OK,9.0,9.0,1350.0,149.994,,1179.85,,,198.0,12149.0
2026-08-06 11:35:36.504,9000154,1349972,149994336,1179.848341,,1724.169,0x00,0x00,CURRENT,1,0,OK,9.0,9.0,1350.0,149.994,,1179.85,,,198.0,12149.0
2026-08-06 11:35:37.818,9000286,1349992,149994336,1179.848341,,1725.483,0x00,0x00,CURRENT,1,0,OK,9.0,9.0,1350.0,149.994,,1179.85,,,198.0,12150.0
2026-08-06 11:35:38.633,9000416,1350011,149994336,1179.848341,,1726.298,0x00,0x00,CURRENT,1,0,OK,9.0,9.0,1350.0,149.994,,1179.85,,,198.0,12150.0
2026-08-06 11:35:39.468,9000370,1350005,149994336,1179.848341,,1727.133,0x00,0x00,CURRENT,1,0,OK,9.0,9.001,1350.0,149.994,,1179.85,,,198.0,12151.0
2026-08-06 11:35:40.354,9000332,1349999,149994352,1179.848510,,1728.019,0x00,0x00,CURRENT,1,0,OK,9.0,9.001,1350.0,149.994,,1179.85,,,198.0,12151.0
2026-08-06 11:35:41.169,9000290,1349993,149994368,1179.848679,,1728.833,0x00,0x00,CURRENT,1,0,OK,9.0,9.001,1350.0,149.994,,1179.85,,,198.0,12151.0
2026-08-06 11:35:42.004,9000250,1349987,149994368,1179.848679,,1729.668,0x00,0x00,CURRENT,1,0,OK,9.0,9.0,1350.0,149.994,,1179.85,,,198.0,12151.0
2026-08-06 11:35:42.853,9000212,1349981,149994368,1179.848679,,1730.518,0x00,0x00,CURRENT,1,0,OK,9.0,9.0,1350.0,149.994,,1179.85,,,198.0,12151.0
2026-08-06 11:35:43.688,9000176,1349976,149994368,1179.848679,,1731.353,0x00,0x00,CURRENT,1,0,OK,9.0,9.0,1350.0,149.994,,1179.85,,,198.0,12150.0
2026-08-06 11:35:44.503,9000146,1349971,149994384,1179.848848,,1732.168,0x00,0x00,CURRENT,1,0,OK,9.0,9.0,1350.0,149.994,,1179.85,,,198.0,12150.0
2026-08-06 11:35:45.817,9000126,1349968,149994384,1179.848848,,1733.481,0x00,0x00,CURRENT,1,0,OK,9.0,9.0,1350.0,149.994,,1179.85,,,198.0,12150.0
2026-08-06 11:35:46.631,9000116,1349967,149994368,1179.848679,,1734.296,0x00,0x00,CURRENT,1,0,OK,9.0,9.0,1350.0,149.994,,1179.85,,,198.0,12150.0
2026-08-06 11:35:47.467,9000098,1349964,149994352,1179.848510,,1735.132,0x00,0x00,CURRENT,1,0,OK,9.0,9.0,1350.0,149.994,,1179.85,,,198.0,12150.0
2026-08-06 11:35:48.354,9000078,1349961,149994336,1179.848341,,1736.019,0x00,0x00,CURRENT,1,0,OK,9.0,9.0,1350.0,149.994,,1179.85,,,198.0,12150.0
2026-08-06 11:35:49.169,9000060,1349958,149994336,1179.848341,,1736.834,0x00,0x00,CURRENT,1,0,OK,9.0,9.0,1350.0,149.994,,1179.85,,,198.0,12150.0
2026-08-06 11:35:50.004,9000042,1349956,149994336,1179.848341,,1737.669,0x00,0x00,CURRENT,1,0,OK,9.0,9.0,1350.0,149.994,,1179.85,,,198.0,12150.0
2026-08-06 11:35:50.854,9000030,1349954,149994352,1179.848510,,1738.518,0x00,0x00,CURRENT,1,0,OK,9.0,9.0,1350.0,149.994,,1179.85,,,198.0,12150.0
2026-08-06 11:35:51.689,9000020,1349952,149994352,1179.848510,,1739.354,0x00,0x00,CURRENT,1,0,OK,9.0,9.0,1350.0,149.994,,1179.85,,,198.0,12150.0
2026-08-06 11:35:52.504,9000004,1349950,149994368,1179.848679,,1740.169,0x00,0x00,CURRENT,1,0,OK,9.0,9.0,1350.0,149.994,,1179.85,,,198.0,12150.0
2026-08-06 11:35:53.818,8999988,1349948,149994368,1179.848679,,1741.483,0x00,0x00,CURRENT,1,0,OK,9.0,9.0,1350.0,149.994,,1179.85,,,198.0,12150.0
2026-08-06 11:35:54.632,8999980,1349946,149994352,1179.848510,,1742.297,0x00,0x00,CURRENT,1,0,OK,10.0,9.0,1350.0,149.994,,1179.85,,,198.0,12150.0
2026-08-06 11:35:55.876,9177594,1376588,149994400,1179.849017,,1743.540,0x00,0x00,CURRENT,1,0,OK,10.0,9.0,1350.0,149.995,,1179.85,,,202.0,12149.0
2026-08-06 11:35:56.691,9186316,1377896,149994384,1179.848848,,1744.356,0x00,0x00,CURRENT,1,0,OK,10.0,9.0,1350.0,149.995,,1179.85,,,202.0,12149.0
2026-08-06 11:35:57.525,9203156,1380422,149994368,1179.848679,,1745.190,0x00,0x00,CURRENT,1,0,OK,10.0,9.026,1354.0,149.995,,1179.85,,,210.0,12219.0
2026-08-06 11:35:58.354,9227540,1384079,149994336,1179.848341,,1746.019,0x00,0x00,CURRENT,1,0,OK,10.0,9.026,1354.0,149.995,,1179.85,,,210.0,12219.0
2026-08-06 11:35:59.169,9258758,1388761,149994336,1179.848341,,1746.834,0x00,0x00,CURRENT,1,0,OK,10.0,9.026,1354.0,149.995,,1179.85,,,210.0,12219.0
2026-08-06 11:36:00.004,9296160,1394371,149994304,1179.848003,,1747.668,0x00,0x00,CURRENT,1,0,OK,10.0,9.121,1368.0,149.994,,1179.85,,,221.0,12479.0
2026-08-06 11:36:00.854,9338932,1400786,149994256,1179.847496,,1748.518,0x00,0x00,CURRENT,1,0,OK,10.0,9.121,1368.0,149.994,,1179.85,,,221.0,12479.0
2026-08-06 11:36:01.689,9386636,1407941,149994240,1179.847327,,1749.353,0x00,0x00,CURRENT,1,0,OK,10.0,9.215,1382.0,149.994,,1179.849,,,228.0,12736.0
2026-08-06 11:36:02.504,9438352,1415698,149994192,1179.846821,,1750.168,0x00,0x00,CURRENT,1,0,OK,10.0,9.215,1382.0,149.994,,1179.849,,,228.0,12736.0
2026-08-06 11:36:03.818,9498706,1424750,149994144,1179.846314,,1751.482,0x00,0x00,CURRENT,1,0,OK,10.0,9.326,1399.0,149.994,,1179.848,,,233.0,13046.0
2026-08-06 11:36:04.633,9560910,1434080,149994112,1179.845976,,1752.297,0x00,0x00,CURRENT,1,0,OK,10.0,9.326,1399.0,149.994,,1179.848,,,233.0,13046.0
2026-08-06 11:36:05.468,9624362,1443597,149994080,1179.845638,,1753.132,0x00,0x00,CURRENT,1,0,OK,10.0,9.514,1427.0,149.994,,1179.847,,,240.0,13578.0
2026-08-06 11:36:06.354,9688330,1453192,149994016,1179.844962,,1754.019,0x00,0x00,CURRENT,1,0,OK,10.0,9.514,1427.0,149.994,,1179.847,,,240.0,13578.0
2026-08-06 11:36:07.168,9752132,1462761,149993984,1179.844624,,1754.833,0x00,0x00,CURRENT,1,0,OK,10.0,9.514,1427.0,149.994,,1179.847,,,240.0,13578.0
2026-08-06 11:36:08.004,9815262,1472230,149993936,1179.844117,,1755.669,0x00,0x00,CURRENT,1,0,OK,10.0,9.712,1457.0,149.994,,1179.846,,,244.0,14149.0
2026-08-06 11:36:08.855,9877256,1481528,149993904,1179.843779,,1756.519,0x00,0x00,CURRENT,1,0,OK,10.0,9.712,1457.0,149.994,,1179.846,,,244.0,14149.0
2026-08-06 11:36:09.690,9937500,1490564,149993904,1179.843779,,1757.354,0x00,0x00,CURRENT,1,0,OK,10.0,9.841,1476.0,149.994,,1179.845,,,246.0,14527.0
2026-08-06 11:36:10.505,9995560,1499273,149993888,1179.843610,,1758.169,0x00,0x00,CURRENT,1,0,OK,10.0,9.841,1476.0,149.994,,1179.845,,,246.0,14527.0
2026-08-06 11:36:11.818,10050876,1507570,149993840,1179.843104,,1759.483,0x00,0x00,CURRENT,1,0,OK,10.0,9.963,1494.0,149.994,,1179.844,,,246.0,14889.0
2026-08-06 11:36:12.634,10102762,1515352,149993808,1179.842766,,1760.299,0x00,0x00,CURRENT,1,0,OK,10.0,9.963,1494.0,149.994,,1179.844,,,246.0,14889.0
2026-08-06 11:36:13.471,10151038,1522593,149993792,1179.842597,,1761.136,0x00,0x00,CURRENT,1,0,OK,10.0,10.125,1519.0,149.994,,1179.843,,,245.0,15377.0
2026-08-06 11:36:14.355,10195398,1529247,149993792,1179.842597,,1762.020,0x00,0x00,CURRENT,1,0,OK,10.0,10.125,1519.0,149.994,,1179.843,,,245.0,15377.0
2026-08-06 11:36:15.171,10235692,1535290,149993744,1179.842090,,1762.836,0x00,0x00,CURRENT,1,0,OK,10.0,10.125,1519.0,149.994,,1179.843,,,245.0,15377.0
2026-08-06 11:36:16.007,10271614,1540678,149993728,1179.841921,,1763.672,0x00,0x00,CURRENT,1,0,OK,10.0,10.255,1538.0,149.994,,1179.842,,,243.0,15773.0
2026-08-06 11:36:16.854,10303220,1545418,149993696,1179.841583,,1764.519,0x00,0x00,CURRENT,1,0,OK,10.0,10.255,1538.0,149.994,,1179.842,,,243.0,15773.0
2026-08-06 11:36:17.691,10330392,1549493,149993680,1179.841414,,1765.356,0x00,0x00,CURRENT,1,0,OK,10.0,10.32,1548.0,149.994,,1179.842,,,240.0,15976.0
2026-08-06 11:36:18.507,10353186,1552912,149993680,1179.841414,,1766.171,0x00,0x00,CURRENT,1,0,OK,10.0,10.32,1548.0,149.994,,1179.842,,,240.0,15976.0
2026-08-06 11:36:19.417,10371640,1555680,149993664,1179.841245,,1767.082,0x00,0x00,CURRENT,1,0,OK,10.0,10.369,1555.0,149.994,,1179.842,,,237.0,16126.0
2026-08-06 11:36:20.733,10382186,1557262,149993664,1179.841245,,1768.397,0x00,0x00,CURRENT,1,0,OK,10.0,10.369,1555.0,149.994,,1179.842,,,237.0,16126.0
2026-08-06 11:36:21.568,10388686,1558237,149993648,1179.841076,,1769.233,0x00,0x00,CURRENT,1,0,OK,10.0,10.409,1561.0,149.994,,1179.841,,,233.0,16251.0
2026-08-06 11:36:22.384,10391168,1558609,149993632,1179.840907,,1770.049,0x00,0x00,CURRENT,1,0,OK,10.0,10.409,1561.0,149.994,,1179.841,,,233.0,16251.0
2026-08-06 11:36:23.200,10389994,1558433,149993632,1179.840907,,1770.865,0x00,0x00,CURRENT,1,0,OK,10.0,10.409,1561.0,149.994,,1179.841,,,233.0,16251.0
2026-08-06 11:36:24.036,10385178,1557711,149993632,1179.840907,,1771.701,0x00,0x00,CURRENT,1,0,OK,10.0,10.413,1562.0,149.994,,1179.841,,,228.0,16263.0
2026-08-06 11:36:24.854,10377074,1556495,149993648,1179.841076,,1772.519,0x00,0x00,CURRENT,1,0,OK,10.0,10.413,1562.0,149.994,,1179.841,,,228.0,16263.0
2026-08-06 11:36:25.690,10365848,1554811,149993648,1179.841076,,1773.355,0x00,0x00,CURRENT,1,0,OK,10.0,10.398,1560.0,149.994,,1179.841,,,224.0,16216.0
2026-08-06 11:36:26.507,10351812,1552706,149993664,1179.841245,,1774.171,0x00,0x00,CURRENT,1,0,OK,10.0,10.398,1560.0,149.994,,1179.841,,,224.0,16216.0
2026-08-06 11:36:27.417,10335114,1550201,149993648,1179.841076,,1775.081,0x00,0x00,CURRENT,1,0,OK,10.0,10.37,1555.0,149.994,,1179.841,,,221.0,16131.0
2026-08-06 11:36:28.731,10313196,1546914,149993648,1179.841076,,1776.396,0x00,0x00,CURRENT,1,0,OK,10.0,10.37,1555.0,149.994,,1179.841,,,221.0,16131.0
2026-08-06 11:36:29.567,10289682,1543387,149993648,1179.841076,,1777.232,0x00,0x00,CURRENT,1,0,OK,10.0,10.311,1547.0,149.994,,1179.841,,,217.0,15947.0
2026-08-06 11:36:30.383,10264808,1539656,149993664,1179.841245,,1778.048,0x00,0x00,CURRENT,1,0,OK,10.0,10.311,1547.0,149.994,,1179.841,,,217.0,15947.0
2026-08-06 11:36:31.200,10238824,1535759,149993680,1179.841414,,1778.864,0x00,0x00,CURRENT,1,0,OK,10.0,10.311,1547.0,149.994,,1179.841,,,217.0,15947.0
2026-08-06 11:36:32.036,10212116,1531753,149993712,1179.841752,,1779.700,0x00,0x00,CURRENT,1,0,OK,10.0,10.237,1536.0,149.994,,1179.841,,,214.0,15719.0
2026-08-06 11:36:32.853,10184726,1527645,149993712,1179.841752,,1780.518,0x00,0x00,CURRENT,1,0,OK,10.0,10.237,1536.0,149.994,,1179.841,,,214.0,15719.0
2026-08-06 11:36:33.689,10157192,1523515,149993744,1179.842090,,1781.354,0x00,0x00,CURRENT,1,0,OK,10.0,10.183,1527.0,149.994,,1179.842,,,213.0,15554.0
2026-08-06 11:36:34.505,10129696,1519391,149993744,1179.842090,,1782.170,0x00,0x00,CURRENT,1,0,OK,10.0,10.183,1527.0,149.994,,1179.842,,,213.0,15554.0
2026-08-06 11:36:35.820,10101550,1515170,149993776,1179.842428,,1783.485,0x00,0x00,CURRENT,1,0,OK,10.0,10.128,1519.0,149.994,,1179.843,,,211.0,15387.0
2026-08-06 11:36:36.636,10074146,1511059,149993792,1179.842597,,1784.301,0x00,0x00,CURRENT,1,0,OK,10.0,10.128,1519.0,149.994,,1179.843,,,211.0,15387.0
2026-08-06 11:36:37.472,10047614,1507080,149993792,1179.842597,,1785.137,0x00,0x00,CURRENT,1,0,OK,10.0,10.048,1507.0,149.994,,1179.843,,,211.0,15145.0
2026-08-06 11:36:38.354,10022230,1503273,149993808,1179.842766,,1786.019,0x00,0x00,CURRENT,1,0,OK,10.0,10.048,1507.0,149.994,,1179.843,,,211.0,15145.0
2026-08-06 11:36:39.170,9998108,1499654,149993824,1179.842935,,1786.835,0x00,0x00,CURRENT,1,0,OK,10.0,10.048,1507.0,149.994,,1179.843,,,211.0,15145.0
2026-08-06 11:36:40.006,9975352,1496241,149993824,1179.842935,,1787.670,0x00,0x00,CURRENT,1,0,OK,10.0,9.976,1496.0,149.994,,1179.844,,,211.0,14927.0
2026-08-06 11:36:40.855,9954236,1493074,149993856,1179.843273,,1788.519,0x00,0x00,CURRENT,1,0,OK,10.0,9.976,1496.0,149.994,,1179.844,,,211.0,14927.0
2026-08-06 11:36:41.689,9934694,1490143,149993872,1179.843442,,1789.354,0x00,0x00,CURRENT,1,0,OK,10.0,9.934,1490.0,149.994,,1179.844,,,211.0,14803.0
2026-08-06 11:36:42.504,9916972,1487485,149993904,1179.843779,,1790.169,0x00,0x00,CURRENT,1,0,OK,10.0,9.934,1490.0,149.994,,1179.844,,,211.0,14803.0
2026-08-06 11:36:43.818,9901976,1485236,149993904,1179.843779,,1791.483,0x00,0x00,CURRENT,1,0,OK,10.0,9.899,1485.0,149.994,,1179.844,,,212.0,14698.0
2026-08-06 11:36:44.633,9888912,1483276,149993904,1179.843779,,1792.298,0x00,0x00,CURRENT,1,0,OK,10.0,9.899,1485.0,149.994,,1179.844,,,212.0,14698.0
2026-08-06 11:36:45.468,9877674,1481591,149993904,1179.843779,,1793.133,0x00,0x00,CURRENT,1,0,OK,10.0,9.859,1479.0,149.994,,1179.844,,,213.0,14579.0
2026-08-06 11:36:46.355,9868346,1480192,149993904,1179.843779,,1794.020,0x00,0x00,CURRENT,1,0,OK,10.0,9.859,1479.0,149.994,,1179.844,,,213.0,14579.0
2026-08-06 11:36:47.170,9860828,1479064,149993888,1179.843610,,1794.835,0x00,0x00,CURRENT,1,0,OK,10.0,9.859,1479.0,149.994,,1179.844,,,213.0,14579.0
2026-08-06 11:36:48.005,9855200,1478220,149993888,1179.843610,,1795.670,0x00,0x00,CURRENT,1,0,OK,10.0,9.835,1475.0,149.994,,1179.844,,,215.0,14509.0
2026-08-06 11:36:48.854,9851368,1477645,149993904,1179.843779,,1796.519,0x00,0x00,CURRENT,1,0,OK,10.0,9.835,1475.0,149.994,,1179.844,,,215.0,14509.0
2026-08-06 11:36:49.689,9849238,1477326,149993904,1179.843779,,1797.354,0x00,0x00,CURRENT,1,0,OK,10.0,9.828,1474.0,149.994,,1179.844,,,217.0,14489.0
2026-08-06 11:36:50.504,9848712,1477247,149993904,1179.843779,,1798.169,0x00,0x00,CURRENT,1,0,OK,10.0,9.828,1474.0,149.994,,1179.844,,,217.0,14489.0
2026-08-06 11:36:51.818,9851248,1477627,149993888,1179.843610,,1799.483,0x00,0x00,CURRENT,1,0,OK,10.0,9.828,1474.0,149.994,,1179.844,,,218.0,14487.0
2026-08-06 11:36:52.633,9855168,1478215,149993904,1179.843779,,1800.298,0x00,0x00,CURRENT,1,0,OK,10.0,9.828,1474.0,149.994,,1179.844,,,218.0,14487.0
2026-08-06 11:36:53.468,9860232,1478975,149993904,1179.843779,,1801.133,0x00,0x00,CURRENT,1,0,OK,10.0,9.838,1476.0,149.994,,1179.844,,,220.0,14518.0
2026-08-06 11:36:54.354,9866408,1479901,149993904,1179.843779,,1802.019,0x00,0x00,CURRENT,1,0,OK,10.0,9.838,1476.0,149.994,,1179.844,,,220.0,14518.0
2026-08-06 11:36:55.169,9873626,1480984,149993888,1179.843610,,1802.834,0x00,0x00,CURRENT,1,0,OK,10.0,9.838,1476.0,149.994,,1179.844,,,220.0,14518.0
2026-08-06 11:36:56.004,9881820,1482212,149993888,1179.843610,,1803.669,0x00,0x00,CURRENT,1,0,OK,10.0,9.859,1479.0,149.994,,1179.844,,,222.0,14580.0
2026-08-06 11:36:56.854,9890618,1483532,149993872,1179.843442,,1804.519,0x00,0x00,CURRENT,1,0,OK,10.0,9.859,1479.0,149.994,,1179.844,,,222.0,14580.0
2026-08-06 11:36:57.689,9900150,1484962,149993856,1179.843273,,1805.354,0x00,0x00,CURRENT,1,0,OK,10.0,9.877,1482.0,149.994,,1179.844,,,223.0,14634.0
2026-08-06 11:36:58.504,9910218,1486472,149993888,1179.843610,,1806.168,0x00,0x00,CURRENT,1,0,OK,10.0,9.877,1482.0,149.994,,1179.844,,,223.0,14634.0
2026-08-06 11:36:59.818,9921470,1488160,149993872,1179.843442,,1807.483,0x00,0x00,CURRENT,1,0,OK,10.0,9.898,1485.0,149.994,,1179.844,,,224.0,14696.0
2026-08-06 11:37:00.633,9932828,1489863,149993872,1179.843442,,1808.298,0x00,0x00,CURRENT,1,0,OK,10.0,9.898,1485.0,149.994,,1179.844,,,224.0,14696.0
2026-08-06 11:37:01.468,9944286,1491582,149993872,1179.843442,,1809.133,0x00,0x00,CURRENT,1,0,OK,10.0,9.932,1490.0,149.994,,1179.844,,,225.0,14796.0
2026-08-06 11:37:02.354,9955676,1493290,149993856,1179.843273,,1810.019,0x00,0x00,CURRENT,1,0,OK,10.0,9.932,1490.0,149.994,,1179.844,,,225.0,14796.0
2026-08-06 11:37:03.169,9966832,1494963,149993872,1179.843442,,1810.834,0x00,0x00,CURRENT,1,0,OK,10.0,9.932,1490.0,149.994,,1179.844,,,225.0,14796.0
2026-08-06 11:37:04.004,9977762,1496603,149993856,1179.843273,,1811.669,0x00,0x00,CURRENT,1,0,OK,10.0,9.966,1495.0,149.994,,1179.844,,,225.0,14898.0
2026-08-06 11:37:04.854,9988318,1498186,149993856,1179.843273,,1812.519,0x00,0x00,CURRENT,1,0,OK,10.0,9.966,1495.0,149.994,,1179.844,,,225.0,14898.0
2026-08-06 11:37:05.689,9998358,1499692,149993856,1179.843273,,1813.354,0x00,0x00,CURRENT,1,0,OK,10.0,9.988,1498.0,149.994,,1179.844,,,225.0,14963.0
2026-08-06 11:37:06.504,10008068,1501149,149993856,1179.843273,,1814.169,0x00,0x00,CURRENT,1,0,OK,10.0,9.988,1498.0,149.994,,1179.844,,,225.0,14963.0
2026-08-06 11:37:07.416,10017120,1502507,149993856,1179.843273,,1815.081,0x00,0x00,CURRENT,1,0,OK,10.0,10.008,1501.0,149.994,,1179.844,,,225.0,15022.0
2026-08-06 11:37:08.732,10025384,1503746,149993824,1179.842935,,1816.397,0x00,0x00,CURRENT,1,0,OK,10.0,10.008,1501.0,149.994,,1179.844,,,225.0,15022.0
2026-08-06 11:37:09.568,10032898,1504873,149993824,1179.842935,,1817.233,0x00,0x00,CURRENT,1,0,OK,10.0,10.033,1505.0,149.994,,1179.844,,,225.0,15098.0
2026-08-06 11:37:10.384,10039706,1505894,149993808,1179.842766,,1818.049,0x00,0x00,CURRENT,1,0,OK,10.0,10.033,1505.0,149.994,,1179.844,,,225.0,15098.0
2026-08-06 11:37:11.200,10045842,1506814,149993840,1179.843104,,1818.865,0x00,0x00,CURRENT,1,0,OK,10.0,10.033,1505.0,149.994,,1179.844,,,225.0,15098.0
2026-08-06 11:37:12.036,10051164,1507612,149993824,1179.842935,,1819.701,0x00,0x00,CURRENT,1,0,OK,10.0,10.052,1508.0,149.994,,1179.844,,,224.0,15157.0
2026-08-06 11:37:12.854,10055710,1508295,149993856,1179.843273,,1820.519,0x00,0x00,CURRENT,1,0,OK,10.0,10.052,1508.0,149.994,,1179.844,,,224.0,15157.0
2026-08-06 11:37:13.690,10059522,1508867,149993856,1179.843273,,1821.355,0x00,0x00,CURRENT,1,0,OK,10.0,10.062,1509.0,149.994,,1179.843,,,224.0,15185.0
2026-08-06 11:37:14.506,10062472,1509309,149993856,1179.843273,,1822.171,0x00,0x00,CURRENT,1,0,OK,10.0,10.062,1509.0,149.994,,1179.843,,,224.0,15185.0
2026-08-06 11:37:15.417,10064766,1509653,149993872,1179.843442,,1823.082,0x00,0x00,CURRENT,1,0,OK,10.0,10.068,1510.0,149.994,,1179.843,,,223.0,15203.0
2026-08-06 11:37:16.732,10065614,1509780,149993856,1179.843273,,1824.397,0x00,0x00,CURRENT,1,0,OK,10.0,10.068,1510.0,149.994,,1179.843,,,223.0,15203.0
2026-08-06 11:37:17.568,10065910,1509825,149993872,1179.843442,,1825.233,0x00,0x00,CURRENT,1,0,OK,10.0,10.072,1511.0,149.994,,1179.843,,,223.0,15215.0
2026-08-06 11:37:18.384,10065518,1509766,149993872,1179.843442,,1826.049,0x00,0x00,CURRENT,1,0,OK,10.0,10.072,1511.0,149.994,,1179.843,,,223.0,15215.0
2026-08-06 11:37:19.200,10064466,1509608,149993888,1179.843610,,1826.865,0x00,0x00,CURRENT,1,0,OK,10.0,10.072,1511.0,149.994,,1179.843,,,223.0,15215.0
2026-08-06 11:37:20.036,10062966,1509383,149993888,1179.843610,,1827.701,0x00,0x00,CURRENT,1,0,OK,10.0,10.07,1510.0,149.994,,1179.843,,,222.0,15209.0
2026-08-06 11:37:20.854,10060874,1509069,149993872,1179.843442,,1828.519,0x00,0x00,CURRENT,1,0,OK,10.0,10.07,1510.0,149.994,,1179.843,,,222.0,15209.0
2026-08-06 11:37:21.690,10058378,1508695,149993872,1179.843442,,1829.355,0x00,0x00,CURRENT,1,0,OK,10.0,10.065,1510.0,149.994,,1179.843,,,221.0,15196.0
2026-08-06 11:37:22.506,10055336,1508239,149993872,1179.843442,,1830.171,0x00,0x00,CURRENT,1,0,OK,10.0,10.065,1510.0,149.994,,1179.843,,,221.0,15196.0
2026-08-06 11:37:23.417,10051940,1507729,149993856,1179.843273,,1831.081,0x00,0x00,CURRENT,1,0,OK,10.0,10.059,1509.0,149.994,,1179.843,,,221.0,15178.0
2026-08-06 11:37:24.732,10047874,1507119,149993856,1179.843273,,1832.396,0x00,0x00,CURRENT,1,0,OK,10.0,10.059,1509.0,149.994,,1179.843,,,221.0,15178.0
2026-08-06 11:37:25.568,10043504,1506464,149993856,1179.843273,,1833.232,0x00,0x00,CURRENT,1,0,OK,10.0,10.048,1507.0,149.994,,1179.843,,,220.0,15143.0
2026-08-06 11:37:26.384,10039024,1505792,149993856,1179.843273,,1834.049,0x00,0x00,CURRENT,1,0,OK,10.0,10.048,1507.0,149.994,,1179.843,,,220.0,15143.0
2026-08-06 11:37:27.200,10034432,1505103,149993872,1179.843442,,1834.865,0x00,0x00,CURRENT,1,0,OK,10.0,10.048,1507.0,149.994,,1179.843,,,220.0,15143.0
2026-08-06 11:37:28.036,10029730,1504398,149993872,1179.843442,,1835.700,0x00,0x00,CURRENT,1,0,OK,10.0,10.034,1505.0,149.994,,1179.844,,,220.0,15103.0
2026-08-06 11:37:28.855,10024920,1503676,149993856,1179.843273,,1836.519,0x00,0x00,CURRENT,1,0,OK,10.0,10.034,1505.0,149.994,,1179.844,,,220.0,15103.0
2026-08-06 11:37:29.691,10020190,1502967,149993856,1179.843273,,1837.356,0x00,0x00,CURRENT,1,0,OK,10.0,10.025,1504.0,149.994,,1179.844,,,219.0,15074.0
2026-08-06 11:37:30.507,10015520,1502266,149993840,1179.843104,,1838.172,0x00,0x00,CURRENT,1,0,OK,10.0,10.025,1504.0,149.994,,1179.844,,,219.0,15074.0
2026-08-06 11:37:31.416,10010918,1501576,149993840,1179.843104,,1839.081,0x00,0x00,CURRENT,1,0,OK,10.0,10.016,1502.0,149.994,,1179.844,,,219.0,15046.0
2026-08-06 11:37:32.732,10006378,1500895,149993856,1179.843273,,1840.396,0x00,0x00,CURRENT,1,0,OK,10.0,10.016,1502.0,149.994,,1179.844,,,219.0,15046.0
2026-08-06 11:37:33.568,10002072,1500249,149993872,1179.843442,,1841.233,0x00,0x00,CURRENT,1,0,OK,10.0,10.002,1500.0,149.994,,1179.844,,,219.0,15006.0
2026-08-06 11:37:34.384,9997980,1499636,149993856,1179.843273,,1842.048,0x00,0x00,CURRENT,1,0,OK,10.0,10.002,1500.0,149.994,,1179.844,,,219.0,15006.0
2026-08-06 11:37:35.199,9994256,1499077,149993872,1179.843442,,1842.863,0x00,0x00,CURRENT,1,0,OK,10.0,10.002,1500.0,149.994,,1179.844,,,219.0,15006.0
2026-08-06 11:37:36.034,9990716,1498546,149993872,1179.843442,,1843.699,0x00,0x00,CURRENT,1,0,OK,10.0,9.991,1499.0,149.994,,1179.844,,,219.0,14972.0
2026-08-06 11:37:36.855,9987522,1498067,149993872,1179.843442,,1844.520,0x00,0x00,CURRENT,1,0,OK,10.0,9.991,1499.0,149.994,,1179.844,,,219.0,14972.0
2026-08-06 11:37:37.690,9984490,1497612,149993872,1179.843442,,1845.355,0x00,0x00,CURRENT,1,0,OK,10.0,9.984,1498.0,149.994,,1179.844,,,219.0,14952.0
2026-08-06 11:37:38.505,9981772,1497204,149993856,1179.843273,,1846.169,0x00,0x00,CURRENT,1,0,OK,10.0,9.984,1498.0,149.994,,1179.844,,,219.0,14952.0
2026-08-06 11:37:39.819,9979682,1496890,149993824,1179.842935,,1847.484,0x00,0x00,CURRENT,1,0,OK,10.0,9.979,1497.0,149.994,,1179.844,,,219.0,14936.0
2026-08-06 11:37:40.633,9977864,1496618,149993856,1179.843273,,1848.298,0x00,0x00,CURRENT,1,0,OK,10.0,9.979,1497.0,149.994,,1179.844,,,219.0,14936.0
2026-08-06 11:37:41.469,9976304,1496384,149993872,1179.843442,,1849.134,0x00,0x00,CURRENT,1,0,OK,10.0,9.973,1496.0,149.994,,1179.844,,,220.0,14920.0
2026-08-06 11:37:42.354,9975160,1496213,149993840,1179.843104,,1850.019,0x00,0x00,CURRENT,1,0,OK,10.0,9.973,1496.0,149.994,,1179.844,,,220.0,14920.0
2026-08-06 11:37:43.169,9974244,1496075,149993840,1179.843104,,1850.833,0x00,0x00,CURRENT,1,0,OK,10.0,9.973,1496.0,149.994,,1179.844,,,220.0,14920.0
2026-08-06 11:37:44.003,9973730,1495998,149993824,1179.842935,,1851.668,0x00,0x00,CURRENT,1,0,OK,10.0,9.97,1495.0,149.994,,1179.844,,,220.0,14911.0
2026-08-06 11:37:44.855,9973570,1495974,149993840,1179.843104,,1852.519,0x00,0x00,CURRENT,1,0,OK,10.0,9.97,1495.0,149.994,,1179.844,,,220.0,14911.0
2026-08-06 11:37:45.690,9973598,1495978,149993824,1179.842935,,1853.355,0x00,0x00,CURRENT,1,0,OK,10.0,9.97,1495.0,149.994,,1179.844,,,220.0,14910.0
2026-08-06 11:37:46.505,9973960,1496033,149993840,1179.843104,,1854.169,0x00,0x00,CURRENT,1,0,OK,10.0,9.97,1495.0,149.994,,1179.844,,,220.0,14910.0
2026-08-06 11:37:47.819,9974802,1496159,149993840,1179.843104,,1855.484,0x00,0x00,CURRENT,1,0,OK,10.0,9.971,1496.0,149.994,,1179.844,,,221.0,14912.0
2026-08-06 11:37:48.633,9975762,1496303,149993840,1179.843104,,1856.298,0x00,0x00,CURRENT,1,0,OK,10.0,9.971,1496.0,149.994,,1179.844,,,221.0,14912.0
2026-08-06 11:37:49.469,9977016,1496491,149993824,1179.842935,,1857.133,0x00,0x00,CURRENT,1,0,OK,10.0,9.974,1496.0,149.994,,1179.843,,,221.0,14920.0
2026-08-06 11:37:50.354,9978390,1496697,149993824,1179.842935,,1858.019,0x00,0x00,CURRENT,1,0,OK,10.0,9.974,1496.0,149.994,,1179.843,,,221.0,14920.0
2026-08-06 11:37:51.169,9979854,1496916,149993840,1179.843104,,1858.834,0x00,0x00,CURRENT,1,0,OK,10.0,9.974,1496.0,149.994,,1179.843,,,221.0,14920.0
2026-08-06 11:37:52.004,9981412,1497151,149993856,1179.843273,,1859.669,0x00,0x00,CURRENT,1,0,OK,10.0,9.978,1497.0,149.994,,1179.843,,,221.0,14933.0
2026-08-06 11:37:52.853,9983060,1497398,149993856,1179.843273,,1860.518,0x00,0x00,CURRENT,1,0,OK,10.0,9.978,1497.0,149.994,,1179.843,,,221.0,14933.0
2026-08-06 11:37:53.688,9984804,1497659,149993872,1179.843442,,1861.353,0x00,0x00,CURRENT,1,0,OK,10.0,9.981,1497.0,149.994,,1179.844,,,221.0,14943.0
2026-08-06 11:37:54.504,9986632,1497933,149993872,1179.843442,,1862.168,0x00,0x00,CURRENT,1,0,OK,10.0,9.981,1497.0,149.994,,1179.844,,,221.0,14943.0
2026-08-06 11:37:55.818,9988706,1498244,149993856,1179.843273,,1863.482,0x00,0x00,CURRENT,1,0,OK,10.0,9.985,1498.0,149.994,,1179.844,,,221.0,14955.0
2026-08-06 11:37:56.633,9990674,1498539,149993856,1179.843273,,1864.297,0x00,0x00,CURRENT,1,0,OK,10.0,9.985,1498.0,149.994,,1179.844,,,221.0,14955.0
2026-08-06 11:37:57.467,9992716,1498846,149993888,1179.843610,,1865.132,0x00,0x00,CURRENT,1,0,OK,10.0,9.991,1499.0,149.994,,1179.843,,,222.0,14973.0
2026-08-06 11:37:58.353,9994660,1499138,149993888,1179.843610,,1866.018,0x00,0x00,CURRENT,1,0,OK,10.0,9.991,1499.0,149.994,,1179.843,,,222.0,14973.0
2026-08-06 11:37:59.168,9996500,1499414,149993872,1179.843442,,1866.833,0x00,0x00,CURRENT,1,0,OK,10.0,9.991,1499.0,149.994,,1179.843,,,222.0,14973.0
2026-08-06 11:38:00.003,9998408,1499700,149993888,1179.843610,,1867.668,0x00,0x00,CURRENT,1,0,OK,10.0,9.997,1499.0,149.994,,1179.843,,,222.0,14990.0
2026-08-06 11:38:00.855,10000222,1499972,149993856,1179.843273,,1868.519,0x00,0x00,CURRENT,1,0,OK,10.0,9.997,1499.0,149.994,,1179.843,,,222.0,14990.0
2026-08-06 11:38:01.691,10001950,1500231,149993840,1179.843104,,1869.355,0x00,0x00,CURRENT,1,0,OK,10.0,10.001,1500.0,149.994,,1179.843,,,222.0,15001.0
2026-08-06 11:38:02.506,10003420,1500451,149993872,1179.843442,,1870.171,0x00,0x00,CURRENT,1,0,OK,10.0,10.001,1500.0,149.994,,1179.843,,,222.0,15001.0
2026-08-06 11:38:03.415,10004822,1500662,149993856,1179.843273,,1871.080,0x00,0x00,CURRENT,1,0,OK,10.0,10.004,1500.0,149.994,,1179.843,,,222.0,15010.0
2026-08-06 11:38:04.731,10006156,1500862,149993840,1179.843104,,1872.396,0x00,0x00,CURRENT,1,0,OK,10.0,10.004,1500.0,149.994,,1179.843,,,222.0,15010.0
2026-08-06 11:38:05.567,10007248,1501025,149993824,1179.842935,,1873.232,0x00,0x00,CURRENT,1,0,OK,10.0,10.008,1501.0,149.994,,1179.843,,,222.0,15022.0
2026-08-06 11:38:06.383,10008294,1501182,149993808,1179.842766,,1874.048,0x00,0x00,CURRENT,1,0,OK,10.0,10.008,1501.0,149.994,,1179.843,,,222.0,15022.0
2026-08-06 11:38:07.199,10009116,1501306,149993824,1179.842935,,1874.864,0x00,0x00,CURRENT,1,0,OK,10.0,10.008,1501.0,149.994,,1179.843,,,222.0,15022.0
2026-08-06 11:38:08.035,10009898,1501423,149993808,1179.842766,,1875.700,0x00,0x00,CURRENT,1,0,OK,10.0,10.01,1501.0,149.994,,1179.843,,,221.0,15031.0
2026-08-06 11:38:08.853,10010478,1501509,149993808,1179.842766,,1876.518,0x00,0x00,CURRENT,1,0,OK,10.0,10.01,1501.0,149.994,,1179.843,,,221.0,15031.0
2026-08-06 11:38:09.690,10011018,1501591,149993792,1179.842597,,1877.354,0x00,0x00,CURRENT,1,0,OK,10.0,10.012,1502.0,149.994,,1179.843,,,221.0,15034.0
2026-08-06 11:38:10.506,10011362,1501642,149993792,1179.842597,,1878.170,0x00,0x00,CURRENT,1,0,OK,10.0,10.012,1502.0,149.994,,1179.843,,,221.0,15034.0
2026-08-06 11:38:11.416,10011510,1501664,149993808,1179.842766,,1879.081,0x00,0x00,CURRENT,1,0,OK,10.0,10.012,1502.0,149.994,,1179.843,,,221.0,15037.0
2026-08-06 11:38:12.732,10011482,1501660,149993792,1179.842597,,1880.397,0x00,0x00,CURRENT,1,0,OK,10.0,10.012,1502.0,149.994,,1179.843,,,221.0,15037.0
2026-08-06 11:38:13.568,10011280,1501630,149993792,1179.842597,,1881.233,0x00,0x00,CURRENT,1,0,OK,10.0,10.013,1502.0,149.994,,1179.843,,,221.0,15037.0
2026-08-06 11:38:14.385,10011088,1501601,149993808,1179.842766,,1882.049,0x00,0x00,CURRENT,1,0,OK,10.0,10.013,1502.0,149.994,,1179.843,,,221.0,15037.0
2026-08-06 11:38:15.200,10010730,1501548,149993808,1179.842766,,1882.865,0x00,0x00,CURRENT,1,0,OK,10.0,10.013,1502.0,149.994,,1179.843,,,221.0,15037.0
2026-08-06 11:38:16.037,10010224,1501472,149993824,1179.842935,,1883.701,0x00,0x00,CURRENT,1,0,OK,10.0,10.012,1502.0,149.994,,1179.843,,,221.0,15034.0
2026-08-06 11:38:16.855,10009750,1501401,149993840,1179.843104,,1884.519,0x00,0x00,CURRENT,1,0,OK,10.0,10.012,1502.0,149.994,,1179.843,,,221.0,15034.0
2026-08-06 11:38:17.690,10009128,1501307,149993840,1179.843104,,1885.355,0x00,0x00,CURRENT,1,0,OK,10.0,10.011,1502.0,149.994,,1179.843,,,221.0,15031.0
2026-08-06 11:38:18.506,10008538,1501219,149993856,1179.843273,,1886.171,0x00,0x00,CURRENT,1,0,OK,10.0,10.011,1502.0,149.994,,1179.843,,,221.0,15031.0
2026-08-06 11:38:19.416,10007810,1501110,149993840,1179.843104,,1887.081,0x00,0x00,CURRENT,1,0,OK,10.0,10.009,1501.0,149.994,,1179.843,,,221.0,15027.0
2026-08-06 11:38:20.731,10006952,1500981,149993824,1179.842935,,1888.396,0x00,0x00,CURRENT,1,0,OK,10.0,10.009,1501.0,149.994,,1179.843,,,221.0,15027.0
2026-08-06 11:38:21.567,10006136,1500858,149993824,1179.842935,,1889.232,0x00,0x00,CURRENT,1,0,OK,10.0,10.007,1501.0,149.994,,1179.843,,,221.0,15020.0
2026-08-06 11:38:22.383,10005374,1500744,149993824,1179.842935,,1890.048,0x00,0x00,CURRENT,1,0,OK,10.0,10.007,1501.0,149.994,,1179.843,,,221.0,15020.0
2026-08-06 11:38:23.199,10004474,1500609,149993840,1179.843104,,1890.864,0x00,0x00,CURRENT,1,0,OK,10.0,10.007,1501.0,149.994,,1179.843,,,221.0,15020.0
2026-08-06 11:38:24.035,10003624,1500482,149993840,1179.843104,,1891.700,0x00,0x00,CURRENT,1,0,OK,10.0,10.004,1501.0,149.994,,1179.843,,,221.0,15013.0
2026-08-06 11:38:24.853,10002812,1500360,149993840,1179.843104,,1892.518,0x00,0x00,CURRENT,1,0,OK,10.0,10.004,1501.0,149.994,,1179.843,,,221.0,15013.0
2026-08-06 11:38:25.689,10002038,1500244,149993840,1179.843104,,1893.354,0x00,0x00,CURRENT,1,0,OK,10.0,10.003,1500.0,149.994,,1179.843,,,221.0,15008.0
2026-08-06 11:38:26.505,10001302,1500134,149993824,1179.842935,,1894.170,0x00,0x00,CURRENT,1,0,OK,10.0,10.003,1500.0,149.994,,1179.843,,,221.0,15008.0
2026-08-06 11:38:27.417,10000608,1500029,149993824,1179.842935,,1895.082,0x00,0x00,CURRENT,1,0,OK,10.0,10.001,1500.0,149.994,,1179.843,,,221.0,15003.0
2026-08-06 11:38:28.732,9999964,1499933,149993824,1179.842935,,1896.397,0x00,0x00,CURRENT,1,0,OK,10.0,10.001,1500.0,149.994,,1179.843,,,221.0,15003.0
2026-08-06 11:38:29.567,9999352,1499841,149993824,1179.842935,,1897.232,0x00,0x00,CURRENT,1,0,OK,10.0,9.999,1500.0,149.994,,1179.842,,,221.0,14997.0
2026-08-06 11:38:30.382,9998782,1499756,149993824,1179.842935,,1898.047,0x00,0x00,CURRENT,1,0,OK,10.0,9.999,1500.0,149.994,,1179.842,,,221.0,14997.0
2026-08-06 11:38:31.197,9998230,1499672,149993824,1179.842935,,1898.862,0x00,0x00,CURRENT,1,0,OK,10.0,9.999,1500.0,149.994,,1179.842,,,221.0,14997.0
2026-08-06 11:38:32.032,9997702,1499594,149993840,1179.843104,,1899.697,0x00,0x00,CURRENT,1,0,OK,10.0,9.998,1500.0,149.994,,1179.842,,,221.0,14992.0
2026-08-06 11:38:32.854,9997200,1499518,149993840,1179.843104,,1900.519,0x00,0x00,CURRENT,1,0,OK,10.0,9.998,1500.0,149.994,,1179.842,,,221.0,14992.0
2026-08-06 11:38:33.689,9996730,1499448,149993856,1179.843273,,1901.354,0x00,0x00,CURRENT,1,0,OK,10.0,9.997,1499.0,149.994,,1179.843,,,221.0,14990.0
2026-08-06 11:38:34.504,9996284,1499381,149993856,1179.843273,,1902.169,0x00,0x00,CURRENT,1,0,OK,10.0,9.997,1499.0,149.994,,1179.843,,,221.0,14990.0
2026-08-06 11:38:35.818,9996022,1499342,149993840,1179.843104,,1903.483,0x00,0x00,CURRENT,1,0,OK,10.0,9.996,1499.0,149.994,,1179.843,,,221.0,14987.0
2026-08-06 11:38:36.633,9995764,1499303,149993824,1179.842935,,1904.298,0x00,0x00,CURRENT,1,0,OK,10.0,9.996,1499.0,149.994,,1179.843,,,221.0,14987.0
2026-08-06 11:38:37.468,9995512,1499265,149993840,1179.843104,,1905.133,0x00,0x00,CURRENT,1,0,OK,10.0,9.995,1499.0,149.994,,1179.843,,,221.0,14985.0
2026-08-06 11:38:38.354,9995444,1499255,149993808,1179.842766,,1906.019,0x00,0x00,CURRENT,1,0,OK,10.0,9.995,1499.0,149.994,,1179.843,,,221.0,14985.0
2026-08-06 11:38:39.169,9995374,1499244,149993824,1179.842935,,1906.834,0x00,0x00,CURRENT,1,0,OK,10.0,9.995,1499.0,149.994,,1179.843,,,221.0,14985.0
2026-08-06 11:38:40.004,9995310,1499235,149993824,1179.842935,,1907.669,0x00,0x00,CURRENT,1,0,OK,10.0,9.995,1499.0,149.994,,1179.843,,,221.0,14984.0
2026-08-06 11:38:40.854,9995418,1499251,149993808,1179.842766,,1908.519,0x00,0x00,CURRENT,1,0,OK,10.0,9.995,1499.0,149.994,,1179.843,,,221.0,14984.0
2026-08-06 11:38:41.689,9995522,1499267,149993840,1179.843104,,1909.354,0x00,0x00,CURRENT,1,0,OK,10.0,9.995,1499.0,149.994,,1179.843,,,221.0,14984.0
2026-08-06 11:38:42.504,9995618,1499281,149993856,1179.843273,,1910.169,0x00,0x00,CURRENT,1,0,OK,10.0,9.995,1499.0,149.994,,1179.843,,,221.0,14984.0
2026-08-06 11:38:43.818,9995882,1499321,149993872,1179.843442,,1911.483,0x00,0x00,CURRENT,1,0,OK,10.0,9.995,1499.0,149.994,,1179.843,,,221.0,14985.0
2026-08-06 11:38:44.633,9996138,1499359,149993872,1179.843442,,1912.298,0x00,0x00,CURRENT,1,0,OK,10.0,9.995,1499.0,149.994,,1179.843,,,221.0,14985.0
2026-08-06 11:38:45.468,9996372,1499394,149993872,1179.843442,,1913.133,0x00,0x00,CURRENT,1,0,OK,10.0,9.996,1499.0,149.994,,1179.843,,,221.0,14987.0
2026-08-06 11:38:46.354,9996600,1499429,149993872,1179.843442,,1914.019,0x00,0x00,CURRENT,1,0,OK,10.0,9.996,1499.0,149.994,,1179.843,,,221.0,14987.0
2026-08-06 11:38:47.169,9996810,1499460,149993888,1179.843610,,1914.834,0x00,0x00,CURRENT,1,0,OK,10.0,9.996,1499.0,149.994,,1179.843,,,221.0,14987.0
2026-08-06 11:38:48.004,9997178,1499515,149993872,1179.843442,,1915.669,0x00,0x00,CURRENT,1,0,OK,10.0,9.997,1499.0,149.994,,1179.843,,,221.0,14989.0
2026-08-06 11:38:48.853,9997516,1499566,149993872,1179.843442,,1916.517,0x00,0x00,CURRENT,1,0,OK,10.0,9.997,1499.0,149.994,,1179.843,,,221.0,14989.0
2026-08-06 11:38:49.688,9997842,1499615,149993872,1179.843442,,1917.353,0x00,0x00,CURRENT,1,0,OK,10.0,9.997,1500.0,149.994,,1179.843,,,221.0,14991.0
2026-08-06 11:38:50.503,9998152,1499662,149993872,1179.843442,,1918.168,0x00,0x00,CURRENT,1,0,OK,10.0,9.997,1500.0,149.994,,1179.843,,,221.0,14991.0
2026-08-06 11:38:51.817,9998448,1499706,149993856,1179.843273,,1919.482,0x00,0x00,CURRENT,1,0,OK,10.0,9.998,1500.0,149.994,,1179.843,,,221.0,14993.0
2026-08-06 11:38:52.632,9998728,1499748,149993872,1179.843442,,1920.297,0x00,0x00,CURRENT,1,0,OK,10.0,9.998,1500.0,149.994,,1179.843,,,221.0,14993.0
2026-08-06 11:38:53.467,9998980,1499786,149993872,1179.843442,,1921.132,0x00,0x00,CURRENT,1,0,OK,10.0,9.999,1500.0,149.994,,1179.843,,,221.0,14996.0
2026-08-06 11:38:54.354,9999218,1499821,149993856,1179.843273,,1922.019,0x00,0x00,CURRENT,1,0,OK,10.0,9.999,1500.0,149.994,,1179.843,,,221.0,14996.0
2026-08-06 11:38:55.169,9999448,1499856,149993872,1179.843442,,1922.834,0x00,0x00,CURRENT,1,0,OK,10.0,9.999,1500.0,149.994,,1179.843,,,221.0,14996.0
2026-08-06 11:38:56.004,9999666,1499888,149993872,1179.843442,,1923.669,0x00,0x00,CURRENT,1,0,OK,10.0,10.0,1500.0,149.994,,1179.843,,,221.0,14998.0
2026-08-06 11:38:56.855,9999866,1499919,149993872,1179.843442,,1924.520,0x00,0x00,CURRENT,1,0,OK,10.0,10.0,1500.0,149.994,,1179.843,,,221.0,14998.0
2026-08-06 11:38:57.690,10000068,1499949,149993856,1179.843273,,1925.355,0x00,0x00,CURRENT,1,0,OK,10.0,10.0,1500.0,149.994,,1179.843,,,221.0,14999.0
2026-08-06 11:38:58.506,10000254,1499977,149993856,1179.843273,,1926.171,0x00,0x00,CURRENT,1,0,OK,10.0,10.0,1500.0,149.994,,1179.843,,,221.0,14999.0
2026-08-06 11:38:59.416,10000430,1500003,149993872,1179.843442,,1927.081,0x00,0x00,CURRENT,1,0,OK,10.0,10.0,1500.0,149.994,,1179.843,,,221.0,15000.0
2026-08-06 11:39:00.732,10000582,1500026,149993872,1179.843442,,1928.397,0x00,0x00,CURRENT,1,0,OK,10.0,10.0,1500.0,149.994,,1179.843,,,221.0,15000.0
2026-08-06 11:39:01.568,10000722,1500047,149993856,1179.843273,,1929.233,0x00,0x00,CURRENT,1,0,OK,10.0,10.001,1500.0,149.994,,1179.843,,,221.0,15002.0
2026-08-06 11:39:02.384,10000860,1500067,149993856,1179.843273,,1930.049,0x00,0x00,CURRENT,1,0,OK,10.0,10.001,1500.0,149.994,,1179.843,,,221.0,15002.0
2026-08-06 11:39:03.200,10000990,1500087,149993856,1179.843273,,1930.865,0x00,0x00,CURRENT,1,0,OK,10.0,10.001,1500.0,149.994,,1179.843,,,221.0,15002.0
2026-08-06 11:39:04.036,10001110,1500105,149993856,1179.843273,,1931.701,0x00,0x00,CURRENT,1,0,OK,10.0,10.001,1500.0,149.994,,1179.843,,,221.0,15003.0
2026-08-06 11:39:04.854,10001228,1500123,149993856,1179.843273,,1932.519,0x00,0x00,CURRENT,1,0,OK,10.0,10.001,1500.0,149.994,,1179.843,,,221.0,15003.0
2026-08-06 11:39:05.690,10001336,1500139,149993856,1179.843273,,1933.354,0x00,0x00,CURRENT,1,0,OK,10.0,10.001,1500.0,149.994,,1179.843,,,221.0,15004.0
2026-08-06 11:39:06.506,10001452,1500156,149993872,1179.843442,,1934.171,0x00,0x00,CURRENT,1,0,OK,10.0,10.001,1500.0,149.994,,1179.843,,,221.0,15004.0
2026-08-06 11:39:07.416,10001562,1500173,149993856,1179.843273,,1935.081,0x00,0x00,CURRENT,1,0,OK,10.0,10.002,1500.0,149.994,,1179.844,,,221.0,15004.0
2026-08-06 11:39:08.732,10001656,1500187,149993856,1179.843273,,1936.397,0x00,0x00,CURRENT,1,0,OK,10.0,10.002,1500.0,149.994,,1179.844,,,221.0,15004.0
2026-08-06 11:39:09.568,10001752,1500201,149993872,1179.843442,,1937.233,0x00,0x00,CURRENT,1,0,OK,10.0,10.002,1500.0,149.994,,1179.843,,,221.0,15005.0
2026-08-06 11:39:10.384,10001846,1500216,149993856,1179.843273,,1938.049,0x00,0x00,CURRENT,1,0,OK,10.0,10.002,1500.0,149.994,,1179.843,,,221.0,15005.0
2026-08-06 11:39:11.200,10001760,1500203,149993856,1179.843273,,1938.865,0x00,0x00,CURRENT,1,0,OK,10.0,10.002,1500.0,149.994,,1179.843,,,221.0,15005.0
2026-08-06 11:39:12.036,10001686,1500191,149993872,1179.843442,,1939.701,0x00,0x00,CURRENT,1,0,OK,10.0,10.002,1500.0,149.994,,1179.844,,,221.0,15005.0
2026-08-06 11:39:12.854,10001608,1500180,149993856,1179.843273,,1940.519,0x00,0x00,CURRENT,1,0,OK,10.0,10.002,1500.0,149.994,,1179.844,,,221.0,15005.0
2026-08-06 11:39:13.690,10001540,1500169,149993840,1179.843104,,1941.355,0x00,0x00,CURRENT,1,0,OK,10.0,10.002,1500.0,149.994,,1179.844,,,221.0,15005.0
2026-08-06 11:39:14.505,10001484,1500161,149993840,1179.843104,,1942.170,0x00,0x00,CURRENT,1,0,OK,10.0,10.002,1500.0,149.994,,1179.844,,,221.0,15005.0
2026-08-06 11:39:15.417,10001438,1500154,149993840,1179.843104,,1943.082,0x00,0x00,CURRENT,1,0,OK,10.0,10.002,1500.0,149.994,,1179.844,,,221.0,15004.0
2026-08-06 11:39:16.732,10001396,1500148,149993856,1179.843273,,1944.397,0x00,0x00,CURRENT,1,0,OK,10.0,10.002,1500.0,149.994,,1179.844,,,221.0,15004.0
2026-08-06 11:39:17.568,10001344,1500140,149993840,1179.843104,,1945.233,0x00,0x00,CURRENT,1,0,OK,10.0,10.001,1500.0,149.994,,1179.844,,,221.0,15004.0
2026-08-06 11:39:18.384,10001308,1500135,149993856,1179.843273,,1946.049,0x00,0x00,CURRENT,1,0,OK,10.0,10.001,1500.0,149.994,,1179.844,,,221.0,15004.0
2026-08-06 11:39:19.200,10001268,1500129,149993856,1179.843273,,1946.865,0x00,0x00,CURRENT,1,0,OK,10.0,10.001,1500.0,149.994,,1179.844,,,221.0,15004.0
2026-08-06 11:39:20.036,10001062,1500098,149993872,1179.843442,,1947.700,0x00,0x00,CURRENT,1,0,OK,10.0,10.001,1500.0,149.994,,1179.844,,,221.0,15003.0
2026-08-06 11:39:20.854,10000884,1500071,149993888,1179.843610,,1948.519,0x00,0x00,CURRENT,1,0,OK,10.0,10.001,1500.0,149.994,,1179.844,,,221.0,15003.0
2026-08-06 11:39:21.690,10000710,1500045,149993904,1179.843779,,1949.354,0x00,0x00,CURRENT,1,0,OK,10.0,10.001,1500.0,149.994,,1179.844,,,221.0,15002.0
2026-08-06 11:39:22.506,10000528,1500018,149993904,1179.843779,,1950.171,0x00,0x00,CURRENT,1,0,OK,10.0,10.001,1500.0,149.994,,1179.844,,,221.0,15002.0
2026-08-06 11:39:23.416,10000348,1499991,149993904,1179.843779,,1951.080,0x00,0x00,CURRENT,1,0,OK,10.0,10.001,1500.0,149.994,,1179.844,,,221.0,15001.0
2026-08-06 11:39:24.732,10000174,1499965,149993904,1179.843779,,1952.396,0x00,0x00,CURRENT,1,0,OK,10.0,10.001,1500.0,149.994,,1179.844,,,221.0,15001.0
2026-08-06 11:39:25.568,10000006,1499940,149993904,1179.843779,,1953.232,0x00,0x00,CURRENT,1,0,OK,10.0,10.0,1500.0,149.994,,1179.844,,,221.0,15000.0
2026-08-06 11:39:26.384,9999850,1499916,149993904,1179.843779,,1954.048,0x00,0x00,CURRENT,1,0,OK,10.0,10.0,1500.0,149.994,,1179.844,,,221.0,15000.0
2026-08-06 11:39:27.199,9999704,1499894,149993888,1179.843610,,1954.863,0x00,0x00,CURRENT,1,0,OK,10.0,10.0,1500.0,149.994,,1179.844,,,221.0,15000.0
2026-08-06 11:39:28.034,9999564,1499873,149993872,1179.843442,,1955.698,0x00,0x00,CURRENT,1,0,OK,10.0,10.0,1500.0,149.994,,1179.844,,,221.0,14998.0
2026-08-06 11:39:28.855,9999424,1499853,149993904,1179.843779,,1956.519,0x00,0x00,CURRENT,1,0,OK,10.0,10.0,1500.0,149.994,,1179.844,,,221.0,14998.0
2026-08-06 11:39:29.689,9999290,1499832,149993888,1179.843610,,1957.354,0x00,0x00,CURRENT,1,0,OK,10.0,9.999,1500.0,149.994,,1179.844,,,221.0,14997.0
2026-08-06 11:39:30.504,9999148,1499811,149993904,1179.843779,,1958.169,0x00,0x00,CURRENT,1,0,OK,10.0,9.999,1500.0,149.994,,1179.844,,,221.0,14997.0
2026-08-06 11:39:31.818,9999028,1499793,149993904,1179.843779,,1959.483,0x00,0x00,CURRENT,1,0,OK,10.0,9.999,1500.0,149.994,,1179.844,,,221.0,14997.0
2026-08-06 11:39:32.634,9999084,1499801,149993888,1179.843610,,1960.298,0x00,0x00,CURRENT,1,0,OK,10.0,9.999,1500.0,149.994,,1179.844,,,221.0,14997.0
2026-08-06 11:39:33.468,9999128,1499808,149993872,1179.843442,,1961.133,0x00,0x00,CURRENT,1,0,OK,10.0,9.999,1500.0,149.994,,1179.844,,,221.0,14996.0
2026-08-06 11:39:34.355,9999168,1499814,149993856,1179.843273,,1962.019,0x00,0x00,CURRENT,1,0,OK,10.0,9.999,1500.0,149.994,,1179.844,,,221.0,14996.0
2026-08-06 11:39:35.169,9999206,1499820,149993872,1179.843442,,1962.834,0x00,0x00,CURRENT,1,0,OK,10.0,9.999,1500.0,149.994,,1179.844,,,221.0,14996.0
2026-08-06 11:39:36.004,9999248,1499826,149993872,1179.843442,,1963.669,0x00,0x00,CURRENT,1,0,OK,10.0,9.999,1500.0,149.994,,1179.844,,,221.0,14997.0
2026-08-06 11:39:36.854,9999288,1499832,149993888,1179.843610,,1964.519,0x00,0x00,CURRENT,1,0,OK,10.0,9.999,1500.0,149.994,,1179.844,,,221.0,14997.0
2026-08-06 11:39:37.689,9999326,1499838,149993904,1179.843779,,1965.354,0x00,0x00,CURRENT,1,0,OK,10.0,9.999,1500.0,149.994,,1179.844,,,221.0,14997.0
2026-08-06 11:39:38.504,9999370,1499844,149993904,1179.843779,,1966.169,0x00,0x00,CURRENT,1,0,OK,10.0,9.999,1500.0,149.994,,1179.844,,,221.0,14997.0
2026-08-06 11:39:39.818,9999420,1499852,149993904,1179.843779,,1967.483,0x00,0x00,CURRENT,1,0,OK,10.0,9.999,1500.0,149.994,,1179.844,,,221.0,14997.0
2026-08-06 11:39:40.633,9999472,1499860,149993888,1179.843610,,1968.298,0x00,0x00,CURRENT,1,0,OK,10.0,9.999,1500.0,149.994,,1179.844,,,221.0,14997.0
2026-08-06 11:39:41.468,9999522,1499867,149993904,1179.843779,,1969.133,0x00,0x00,CURRENT,1,0,OK,10.0,9.999,1500.0,149.994,,1179.844,,,221.0,14998.0
2026-08-06 11:39:42.354,9999584,1499877,149993888,1179.843610,,1970.019,0x00,0x00,CURRENT,1,0,OK,10.0,9.999,1500.0,149.994,,1179.844,,,221.0,14998.0
2026-08-06 11:39:43.169,9999630,1499883,149993904,1179.843779,,1970.834,0x00,0x00,CURRENT,1,0,OK,10.0,9.999,1500.0,149.994,,1179.844,,,221.0,14998.0
2026-08-06 11:39:44.005,9999670,1499889,149993888,1179.843610,,1971.669,0x00,0x00,CURRENT,1,0,OK,10.0,10.0,1500.0,149.994,,1179.844,,,221.0,14998.0
2026-08-06 11:39:44.855,9999710,1499895,149993904,1179.843779,,1972.519,0x00,0x00,CURRENT,1,0,OK,10.0,10.0,1500.0,149.994,,1179.844,,,221.0,14998.0
2026-08-06 11:39:45.689,9999746,1499901,149993904,1179.843779,,1973.354,0x00,0x00,CURRENT,1,0,OK,10.0,10.0,1500.0,149.994,,1179.845,,,221.0,14998.0
2026-08-06 11:39:46.504,9999778,1499906,149993936,1179.844117,,1974.169,0x00,0x00,CURRENT,1,0,OK,10.0,10.0,1500.0,149.994,,1179.845,,,221.0,14998.0
2026-08-06 11:39:47.416,9999814,1499911,149993920,1179.843948,,1975.080,0x00,0x00,CURRENT,1,0,OK,10.0,10.0,1500.0,149.994,,1179.845,,,221.0,14999.0
2026-08-06 11:39:48.730,9999846,1499916,149993920,1179.843948,,1976.395,0x00,0x00,CURRENT,1,0,OK,10.0,10.0,1500.0,149.994,,1179.845,,,221.0,14999.0
2026-08-06 11:39:49.565,9999874,1499920,149993904,1179.843779,,1977.230,0x00,0x00,CURRENT,1,0,OK,10.0,10.0,1500.0,149.994,,1179.844,,,221.0,14999.0
2026-08-06 11:39:50.380,9999896,1499924,149993904,1179.843779,,1978.045,0x00,0x00,CURRENT,1,0,OK,10.0,10.0,1500.0,149.994,,1179.844,,,221.0,14999.0
2026-08-06 11:39:51.195,9999904,1499925,149993920,1179.843948,,1978.860,0x00,0x00,CURRENT,1,0,OK,10.0,10.0,1500.0,149.994,,1179.844,,,221.0,14999.0
2026-08-06 11:39:52.030,9999912,1499926,149993952,1179.844286,,1979.695,0x00,0x00,CURRENT,1,0,OK,10.0,10.0,1500.0,149.994,,1179.844,,,221.0,14999.0
2026-08-06 11:39:52.854,9999930,1499929,149994000,1179.844793,,1980.519,0x00,0x00,CURRENT,1,0,OK,10.0,10.0,1500.0,149.994,,1179.844,,,221.0,14999.0
2026-08-06 11:39:53.689,9999950,1499932,149994000,1179.844793,,1981.354,0x00,0x00,CURRENT,1,0,OK,10.0,10.0,1500.0,149.994,,1179.845,,,221.0,14999.0
2026-08-06 11:39:54.504,9999968,1499935,149993984,1179.844624,,1982.169,0x00,0x00,CURRENT,1,0,OK,10.0,10.0,1500.0,149.994,,1179.845,,,221.0,14999.0
2026-08-06 11:39:55.415,9999996,1499939,149993984,1179.844624,,1983.080,0x00,0x00,CURRENT,1,0,OK,10.0,10.0,1500.0,149.994,,1179.845,,,221.0,14999.0
2026-08-06 11:39:56.730,10000028,1499944,149993984,1179.844624,,1984.395,0x00,0x00,CURRENT,1,0,OK,10.0,10.0,1500.0,149.994,,1179.845,,,221.0,14999.0
2026-08-06 11:39:57.566,10000062,1499949,149993984,1179.844624,,1985.231,0x00,0x00,CURRENT,1,0,OK,10.0,10.0,1500.0,149.994,,1179.845,,,221.0,15000.0
2026-08-06 11:39:58.790,10179046,1526796,149994000,1179.844793,,1986.455,0x00,0x00,CURRENT,1,0,OK,11.0,10.0,1500.0,149.994,,1179.845,,,221.0,15000.0
2026-08-06 11:39:59.626,10187796,1528108,149993984,1179.844624,,1987.291,0x00,0x00,CURRENT,1,0,OK,11.0,10.01,1501.0,149.994,,1179.845,,,229.0,15028.0
2026-08-06 11:40:00.442,10204688,1530642,149993984,1179.844624,,1988.107,0x00,0x00,CURRENT,1,0,OK,11.0,10.01,1501.0,149.994,,1179.845,,,229.0,15028.0
2026-08-06 11:40:01.777,10236986,1535486,149993968,1179.844455,,1989.442,0x00,0x00,CURRENT,1,0,OK,11.0,10.084,1512.0,149.994,,1179.844,,,240.0,15251.0
2026-08-06 11:40:02.593,10275374,1541244,149993952,1179.844286,,1990.258,0x00,0x00,CURRENT,1,0,OK,11.0,10.084,1512.0,149.994,,1179.844,,,240.0,15251.0
2026-08-06 11:40:03.429,10319224,1547821,149993936,1179.844117,,1991.094,0x00,0x00,CURRENT,1,0,OK,11.0,10.166,1525.0,149.994,,1179.844,,,247.0,15502.0
2026-08-06 11:40:04.744,10374298,1556081,149993904,1179.843779,,1992.409,0x00,0x00,CURRENT,1,0,OK,11.0,10.166,1525.0,149.994,,1179.844,,,247.0,15502.0
2026-08-06 11:40:05.580,10432472,1564807,149993904,1179.843779,,1993.245,0x00,0x00,CURRENT,1,0,OK,11.0,10.327,1549.0,149.994,,1179.843,,,256.0,15996.0
2026-08-06 11:40:06.396,10493092,1573899,149993872,1179.843442,,1994.061,0x00,0x00,CURRENT,1,0,OK,11.0,10.327,1549.0,149.994,,1179.843,,,256.0,15996.0
2026-08-06 11:40:07.212,10555530,1583265,149993840,1179.843104,,1994.877,0x00,0x00,CURRENT,1,0,OK,11.0,10.327,1549.0,149.994,,1179.843,,,256.0,15996.0
2026-08-06 11:40:08.048,10619028,1592789,149993840,1179.843104,,1995.713,0x00,0x00,CURRENT,1,0,OK,11.0,10.515,1577.0,149.994,,1179.842,,,262.0,16583.0
2026-08-06 11:40:08.864,10683032,1602389,149993824,1179.842935,,1996.529,0x00,0x00,CURRENT,1,0,OK,11.0,10.515,1577.0,149.994,,1179.842,,,262.0,16583.0
2026-08-06 11:40:09.700,10747006,1611984,149993808,1179.842766,,1997.365,0x00,0x00,CURRENT,1,0,OK,11.0,10.646,1597.0,149.994,,1179.841,,,266.0,17001.0
2026-08-06 11:40:10.516,10810298,1621477,149993760,1179.842259,,1998.181,0x00,0x00,CURRENT,1,0,OK,11.0,10.646,1597.0,149.994,,1179.841,,,266.0,17001.0
2026-08-06 11:40:11.417,10872430,1630796,149993712,1179.841752,,1999.082,0x00,0x00,CURRENT,1,0,OK,11.0,10.777,1616.0,149.994,,1179.841,,,268.0,17421.0
2026-08-06 11:40:12.732,10933622,1639974,149993680,1179.841414,,2000.397,0x00,0x00,CURRENT,1,0,OK,11.0,10.777,1616.0,149.994,,1179.841,,,268.0,17421.0
2026-08-06 11:40:13.568,10992092,1648744,149993664,1179.841245,,2001.233,0x00,0x00,CURRENT,1,0,OK,11.0,10.962,1644.0,149.994,,1179.84,,,269.0,18026.0
2026-08-06 11:40:14.384,11047478,1657052,149993648,1179.841076,,2002.049,0x00,0x00,CURRENT,1,0,OK,11.0,10.962,1644.0,149.994,,1179.84,,,269.0,18026.0
2026-08-06 11:40:15.200,11099422,1664843,149993648,1179.841076,,2002.865,0x00,0x00,CURRENT,1,0,OK,11.0,10.962,1644.0,149.994,,1179.84,,,269.0,18026.0
2026-08-06 11:40:16.036,11147764,1672094,149993632,1179.840907,,2003.701,0x00,0x00,CURRENT,1,0,OK,11.0,11.124,1669.0,149.994,,1179.84,,,268.0,18561.0
2026-08-06 11:40:16.854,11192184,1678756,149993616,1179.840738,,2004.519,0x00,0x00,CURRENT,1,0,OK,11.0,11.124,1669.0,149.994,,1179.84,,,268.0,18561.0
2026-08-06 11:40:17.690,11232368,1684784,149993616,1179.840738,,2005.355,0x00,0x00,CURRENT,1,0,OK,11.0,11.214,1682.0,149.994,,1179.84,,,266.0,18864.0
2026-08-06 11:40:18.506,11268360,1690182,149993600,1179.840569,,2006.171,0x00,0x00,CURRENT,1,0,OK,11.0,11.214,1682.0,149.994,,1179.84,,,266.0,18864.0
2026-08-06 11:40:19.417,11300040,1694934,149993600,1179.840569,,2007.082,0x00,0x00,CURRENT,1,0,OK,11.0,11.288,1693.0,149.994,,1179.84,,,264.0,19114.0
2026-08-06 11:40:20.733,11324284,1698570,149993584,1179.840400,,2008.397,0x00,0x00,CURRENT,1,0,OK,11.0,11.288,1693.0,149.994,,1179.84,,,264.0,19114.0
2026-08-06 11:40:21.568,11344146,1701549,149993552,1179.840062,,2009.233,0x00,0x00,CURRENT,1,0,OK,11.0,11.367,1705.0,149.993,,1179.839,,,260.0,19382.0
2026-08-06 11:40:22.384,11359672,1703878,149993568,1179.840231,,2010.049,0x00,0x00,CURRENT,1,0,OK,11.0,11.367,1705.0,149.993,,1179.839,,,260.0,19382.0
2026-08-06 11:40:23.200,11370914,1705564,149993568,1179.840231,,2010.865,0x00,0x00,CURRENT,1,0,OK,11.0,11.367,1705.0,149.993,,1179.839,,,260.0,19382.0
2026-08-06 11:40:24.036,11377918,1706614,149993568,1179.840231,,2011.701,0x00,0x00,CURRENT,1,0,OK,11.0,11.408,1711.0,149.993,,1179.84,,,255.0,19520.0
2026-08-06 11:40:24.854,11381050,1707084,149993584,1179.840400,,2012.519,0x00,0x00,CURRENT,1,0,OK,11.0,11.408,1711.0,149.993,,1179.84,,,255.0,19520.0
2026-08-06 11:40:25.690,11380334,1706977,149993568,1179.840231,,2013.355,0x00,0x00,CURRENT,1,0,OK,11.0,11.414,1712.0,149.993,,1179.839,,,252.0,19543.0
2026-08-06 11:40:26.506,11375964,1706322,149993584,1179.840400,,2014.171,0x00,0x00,CURRENT,1,0,OK,11.0,11.414,1712.0,149.993,,1179.839,,,252.0,19543.0
2026-08-06 11:40:27.417,11368286,1705170,149993584,1179.840400,,2015.082,0x00,0x00,CURRENT,1,0,OK,11.0,11.406,1711.0,149.993,,1179.84,,,249.0,19514.0
2026-08-06 11:40:28.732,11354108,1703044,149993584,1179.840400,,2016.397,0x00,0x00,CURRENT,1,0,OK,11.0,11.406,1711.0,149.993,,1179.84,,,249.0,19514.0
2026-08-06 11:40:29.568,11337454,1700546,149993616,1179.840738,,2017.233,0x00,0x00,CURRENT,1,0,OK,11.0,11.37,1705.0,149.994,,1179.84,,,244.0,19390.0
2026-08-06 11:40:30.384,11318438,1697694,149993632,1179.840907,,2018.049,0x00,0x00,CURRENT,1,0,OK,11.0,11.37,1705.0,149.994,,1179.84,,,244.0,19390.0
2026-08-06 11:40:31.200,11297526,1694557,149993648,1179.841076,,2018.865,0x00,0x00,CURRENT,1,0,OK,11.0,11.37,1705.0,149.994,,1179.84,,,244.0,19390.0
2026-08-06 11:40:32.036,11274802,1691149,149993664,1179.841245,,2019.701,0x00,0x00,CURRENT,1,0,OK,11.0,11.311,1697.0,149.994,,1179.84,,,240.0,19190.0
2026-08-06 11:40:32.854,11250700,1687534,149993664,1179.841245,,2020.519,0x00,0x00,CURRENT,1,0,OK,11.0,11.311,1697.0,149.994,,1179.84,,,240.0,19190.0
2026-08-06 11:40:33.690,11225616,1683772,149993680,1179.841414,,2021.355,0x00,0x00,CURRENT,1,0,OK,11.0,11.263,1689.0,149.994,,1179.84,,,238.0,19027.0
2026-08-06 11:40:34.506,11199612,1679871,149993696,1179.841583,,2022.171,0x00,0x00,CURRENT,1,0,OK,11.0,11.263,1689.0,149.994,,1179.84,,,238.0,19027.0
2026-08-06 11:40:35.417,11173056,1675888,149993696,1179.841583,,2023.081,0x00,0x00,CURRENT,1,0,OK,11.0,11.21,1682.0,149.994,,1179.841,,,236.0,18850.0
2026-08-06 11:40:36.732,11144808,1671651,149993680,1179.841414,,2024.397,0x00,0x00,CURRENT,1,0,OK,11.0,11.21,1682.0,149.994,,1179.841,,,236.0,18850.0
2026-08-06 11:40:37.568,11117002,1667480,149993696,1179.841583,,2025.233,0x00,0x00,CURRENT,1,0,OK,11.0,11.129,1669.0,149.994,,1179.841,,,234.0,18576.0
2026-08-06 11:40:38.384,11089590,1663368,149993696,1179.841583,,2026.049,0x00,0x00,CURRENT,1,0,OK,11.0,11.129,1669.0,149.994,,1179.841,,,234.0,18576.0
2026-08-06 11:40:39.200,11062884,1659363,149993712,1179.841752,,2026.865,0x00,0x00,CURRENT,1,0,OK,11.0,11.129,1669.0,149.994,,1179.841,,,234.0,18576.0
2026-08-06 11:40:40.036,11037184,1655508,149993728,1179.841921,,2027.701,0x00,0x00,CURRENT,1,0,OK,11.0,11.049,1657.0,149.994,,1179.841,,,233.0,18312.0
2026-08-06 11:40:40.854,11012586,1651819,149993728,1179.841921,,2028.519,0x00,0x00,CURRENT,1,0,OK,11.0,11.049,1657.0,149.994,,1179.841,,,233.0,18312.0
2026-08-06 11:40:41.690,10989226,1648315,149993728,1179.841921,,2029.355,0x00,0x00,CURRENT,1,0,OK,11.0,11.0,1650.0,149.994,,1179.841,,,233.0,18150.0
2026-08-06 11:40:42.506,10967204,1645012,149993744,1179.842090,,2030.171,0x00,0x00,CURRENT,1,0,OK,11.0,11.0,1650.0,149.994,,1179.841,,,233.0,18150.0
2026-08-06 11:40:43.416,10946610,1641923,149993744,1179.842090,,2031.081,0x00,0x00,CURRENT,1,0,OK,11.0,10.956,1643.0,149.994,,1179.842,,,234.0,18004.0
2026-08-06 11:40:44.732,10928388,1639190,149993760,1179.842259,,2032.397,0x00,0x00,CURRENT,1,0,OK,11.0,10.956,1643.0,149.994,,1179.842,,,234.0,18004.0
2026-08-06 11:40:45.568,10911876,1636714,149993792,1179.842597,,2033.233,0x00,0x00,CURRENT,1,0,OK,11.0,10.901,1635.0,149.994,,1179.842,,,235.0,17823.0
2026-08-06 11:40:46.384,10897204,1634513,149993792,1179.842597,,2034.049,0x00,0x00,CURRENT,1,0,OK,11.0,10.901,1635.0,149.994,,1179.842,,,235.0,17823.0
2026-08-06 11:40:47.200,10884432,1632597,149993808,1179.842766,,2034.865,0x00,0x00,CURRENT,1,0,OK,11.0,10.901,1635.0,149.994,,1179.842,,,235.0,17823.0
2026-08-06 11:40:48.036,10873468,1630953,149993840,1179.843104,,2035.701,0x00,0x00,CURRENT,1,0,OK,11.0,10.861,1629.0,149.994,,1179.842,,,236.0,17692.0
2026-08-06 11:40:48.854,10864388,1629591,149993840,1179.843104,,2036.519,0x00,0x00,CURRENT,1,0,OK,11.0,10.861,1629.0,149.994,,1179.842,,,236.0,17692.0
2026-08-06 11:40:49.690,10857112,1628500,149993824,1179.842935,,2037.355,0x00,0x00,CURRENT,1,0,OK,11.0,10.843,1626.0,149.994,,1179.843,,,237.0,17635.0
2026-08-06 11:40:50.506,10851718,1627691,149993840,1179.843104,,2038.171,0x00,0x00,CURRENT,1,0,OK,11.0,10.843,1626.0,149.994,,1179.843,,,237.0,17635.0
2026-08-06 11:40:51.417,10847942,1627124,149993824,1179.842935,,2039.082,0x00,0x00,CURRENT,1,0,OK,11.0,10.832,1625.0,149.994,,1179.843,,,239.0,17600.0
2026-08-06 11:40:52.732,10847378,1627039,149993824,1179.842935,,2040.397,0x00,0x00,CURRENT,1,0,OK,11.0,10.832,1625.0,149.994,,1179.843,,,239.0,17600.0
2026-08-06 11:40:53.568,10848352,1627186,149993824,1179.842935,,2041.233,0x00,0x00,CURRENT,1,0,OK,11.0,10.829,1624.0,149.994,,1179.842,,,241.0,17589.0
2026-08-06 11:40:54.384,10850782,1627550,149993824,1179.842935,,2042.048,0x00,0x00,CURRENT,1,0,OK,11.0,10.829,1624.0,149.994,,1179.842,,,241.0,17589.0
2026-08-06 11:40:55.200,10854604,1628123,149993824,1179.842935,,2042.864,0x00,0x00,CURRENT,1,0,OK,11.0,10.829,1624.0,149.994,,1179.842,,,241.0,17589.0
2026-08-06 11:40:56.035,10859568,1628868,149993824,1179.842935,,2043.700,0x00,0x00,CURRENT,1,0,OK,11.0,10.839,1626.0,149.994,,1179.842,,,243.0,17621.0
2026-08-06 11:40:56.854,10865620,1629776,149993840,1179.843104,,2044.518,0x00,0x00,CURRENT,1,0,OK,11.0,10.839,1626.0,149.994,,1179.842,,,243.0,17621.0
2026-08-06 11:40:57.690,10872704,1630839,149993840,1179.843104,,2045.355,0x00,0x00,CURRENT,1,0,OK,11.0,10.851,1628.0,149.994,,1179.842,,,244.0,17662.0
2026-08-06 11:40:58.506,10880782,1632050,149993824,1179.842935,,2046.171,0x00,0x00,CURRENT,1,0,OK,11.0,10.851,1628.0,149.994,,1179.842,,,244.0,17662.0
2026-08-06 11:40:59.417,10889636,1633378,149993824,1179.842935,,2047.081,0x00,0x00,CURRENT,1,0,OK,11.0,10.868,1630.0,149.994,,1179.842,,,245.0,17716.0
2026-08-06 11:41:00.732,10900072,1634943,149993792,1179.842597,,2048.397,0x00,0x00,CURRENT,1,0,OK,11.0,10.868,1630.0,149.994,,1179.842,,,245.0,17716.0
2026-08-06 11:41:01.568,10910830,1636557,149993792,1179.842597,,2049.232,0x00,0x00,CURRENT,1,0,OK,11.0,10.898,1635.0,149.994,,1179.842,,,246.0,17814.0
2026-08-06 11:41:02.384,10921886,1638215,149993792,1179.842597,,2050.048,0x00,0x00,CURRENT,1,0,OK,11.0,10.898,1635.0,149.994,,1179.842,,,246.0,17814.0
2026-08-06 11:41:03.200,10933062,1639891,149993776,1179.842428,,2050.864,0x00,0x00,CURRENT,1,0,OK,11.0,10.898,1635.0,149.994,,1179.842,,,246.0,17814.0
2026-08-06 11:41:04.036,10944348,1641584,149993776,1179.842428,,2051.700,0x00,0x00,CURRENT,1,0,OK,11.0,10.931,1640.0,149.994,,1179.842,,,247.0,17923.0
2026-08-06 11:41:04.855,10955570,1643267,149993776,1179.842428,,2052.520,0x00,0x00,CURRENT,1,0,OK,11.0,10.931,1640.0,149.994,,1179.842,,,247.0,17923.0
2026-08-06 11:41:05.690,10966578,1644919,149993776,1179.842428,,2053.355,0x00,0x00,CURRENT,1,0,OK,11.0,10.954,1643.0,149.994,,1179.842,,,248.0,17997.0
2026-08-06 11:41:06.507,10977370,1646537,149993776,1179.842428,,2054.171,0x00,0x00,CURRENT,1,0,OK,11.0,10.954,1643.0,149.994,,1179.842,,,248.0,17997.0
2026-08-06 11:41:07.417,10987800,1648101,149993760,1179.842259,,2055.081,0x00,0x00,CURRENT,1,0,OK,11.0,10.976,1646.0,149.994,,1179.842,,,248.0,18070.0
2026-08-06 11:41:08.731,10997870,1649612,149993728,1179.841921,,2056.396,0x00,0x00,CURRENT,1,0,OK,11.0,10.976,1646.0,149.994,,1179.842,,,248.0,18070.0
2026-08-06 11:41:09.568,11007440,1651047,149993728,1179.841921,,2057.232,0x00,0x00,CURRENT,1,0,OK,11.0,11.006,1651.0,149.994,,1179.841,,,248.0,18170.0
2026-08-06 11:41:10.384,11016372,1652387,149993712,1179.841752,,2058.048,0x00,0x00,CURRENT,1,0,OK,11.0,11.006,1651.0,149.994,,1179.841,,,248.0,18170.0
2026-08-06 11:41:11.200,11024702,1653636,149993712,1179.841752,,2058.864,0x00,0x00,CURRENT,1,0,OK,11.0,11.006,1651.0,149.994,,1179.841,,,248.0,18170.0
2026-08-06 11:41:12.036,11032272,1654771,149993728,1179.841921,,2059.700,0x00,0x00,CURRENT,1,0,OK,11.0,11.032,1655.0,149.994,,1179.841,,,248.0,18254.0
2026-08-06 11:41:12.854,11039110,1655798,149993744,1179.842090,,2060.518,0x00,0x00,CURRENT,1,0,OK,11.0,11.032,1655.0,149.994,,1179.841,,,248.0,18254.0
2026-08-06 11:41:13.689,11045276,1656722,149993728,1179.841921,,2061.354,0x00,0x00,CURRENT,1,0,OK,11.0,11.046,1657.0,149.994,,1179.841,,,247.0,18300.0
2026-08-06 11:41:14.506,11050630,1657525,149993728,1179.841921,,2062.170,0x00,0x00,CURRENT,1,0,OK,11.0,11.046,1657.0,149.994,,1179.841,,,247.0,18300.0
2026-08-06 11:41:15.417,11055202,1658211,149993712,1179.841752,,2063.082,0x00,0x00,CURRENT,1,0,OK,11.0,11.056,1658.0,149.994,,1179.841,,,247.0,18336.0
2026-08-06 11:41:16.732,11058540,1658711,149993712,1179.841752,,2064.396,0x00,0x00,CURRENT,1,0,OK,11.0,11.056,1658.0,149.994,,1179.841,,,247.0,18336.0
2026-08-06 11:41:17.568,11061050,1659088,149993712,1179.841752,,2065.233,0x00,0x00,CURRENT,1,0,OK,11.0,11.067,1660.0,149.994,,1179.841,,,246.0,18372.0
2026-08-06 11:41:18.384,11062770,1659346,149993696,1179.841583,,2066.049,0x00,0x00,CURRENT,1,0,OK,11.0,11.067,1660.0,149.994,,1179.841,,,246.0,18372.0
2026-08-06 11:41:19.200,11063886,1659513,149993696,1179.841583,,2066.864,0x00,0x00,CURRENT,1,0,OK,11.0,11.067,1660.0,149.994,,1179.841,,,246.0,18372.0
2026-08-06 11:41:20.035,11064278,1659572,149993696,1179.841583,,2067.700,0x00,0x00,CURRENT,1,0,OK,11.0,11.071,1661.0,149.994,,1179.841,,,245.0,18385.0
2026-08-06 11:41:20.854,11063974,1659526,149993680,1179.841414,,2068.518,0x00,0x00,CURRENT,1,0,OK,11.0,11.071,1661.0,149.994,,1179.841,,,245.0,18385.0
2026-08-06 11:41:21.690,11063186,1659408,149993664,1179.841245,,2069.355,0x00,0x00,CURRENT,1,0,OK,11.0,11.071,1661.0,149.994,,1179.841,,,245.0,18383.0
2026-08-06 11:41:22.505,11061758,1659193,149993648,1179.841076,,2070.170,0x00,0x00,CURRENT,1,0,OK,11.0,11.071,1661.0,149.994,,1179.841,,,245.0,18383.0
2026-08-06 11:41:23.417,11059722,1658888,149993648,1179.841076,,2071.081,0x00,0x00,CURRENT,1,0,OK,11.0,11.068,1660.0,149.994,,1179.841,,,244.0,18373.0
2026-08-06 11:41:24.731,11056786,1658448,149993664,1179.841245,,2072.396,0x00,0x00,CURRENT,1,0,OK,11.0,11.068,1660.0,149.994,,1179.841,,,244.0,18373.0
2026-08-06 11:41:25.568,11053510,1657956,149993664,1179.841245,,2073.232,0x00,0x00,CURRENT,1,0,OK,11.0,11.06,1659.0,149.994,,1179.841,,,243.0,18347.0
2026-08-06 11:41:26.383,11049906,1657416,149993648,1179.841076,,2074.048,0x00,0x00,CURRENT,1,0,OK,11.0,11.06,1659.0,149.994,,1179.841,,,243.0,18347.0
2026-08-06 11:41:27.199,11045972,1656826,149993632,1179.840907,,2074.864,0x00,0x00,CURRENT,1,0,OK,11.0,11.06,1659.0,149.994,,1179.841,,,243.0,18347.0
2026-08-06 11:41:28.035,11041734,1656190,149993648,1179.841076,,2075.700,0x00,0x00,CURRENT,1,0,OK,11.0,11.048,1657.0,149.994,,1179.841,,,243.0,18309.0
2026-08-06 11:41:28.854,11037382,1655537,149993632,1179.840907,,2076.519,0x00,0x00,CURRENT,1,0,OK,11.0,11.048,1657.0,149.994,,1179.841,,,243.0,18309.0
2026-08-06 11:41:29.690,11032924,1654869,149993648,1179.841076,,2077.355,0x00,0x00,CURRENT,1,0,OK,11.0,11.04,1656.0,149.994,,1179.841,,,242.0,18280.0
2026-08-06 11:41:30.506,11028360,1654184,149993648,1179.841076,,2078.171,0x00,0x00,CURRENT,1,0,OK,11.0,11.04,1656.0,149.994,,1179.841,,,242.0,18280.0
2026-08-06 11:41:31.416,11023686,1653483,149993632,1179.840907,,2079.081,0x00,0x00,CURRENT,1,0,OK,11.0,11.03,1654.0,149.994,,1179.841,,,242.0,18250.0
2026-08-06 11:41:32.731,11018898,1652764,149993616,1179.840738,,2080.396,0x00,0x00,CURRENT,1,0,OK,11.0,11.03,1654.0,149.994,,1179.841,,,242.0,18250.0
2026-08-06 11:41:33.567,11014182,1652057,149993616,1179.840738,,2081.232,0x00,0x00,CURRENT,1,0,OK,11.0,11.016,1652.0,149.994,,1179.84,,,242.0,18203.0
2026-08-06 11:41:34.383,11009710,1651386,149993632,1179.840907,,2082.048,0x00,0x00,CURRENT,1,0,OK,11.0,11.016,1652.0,149.994,,1179.84,,,242.0,18203.0
2026-08-06 11:41:35.199,11005296,1650724,149993632,1179.840907,,2082.864,0x00,0x00,CURRENT,1,0,OK,11.0,11.016,1652.0,149.994,,1179.84,,,242.0,18203.0
2026-08-06 11:41:36.035,11001096,1650094,149993616,1179.840738,,2083.700,0x00,0x00,CURRENT,1,0,OK,11.0,11.003,1650.0,149.994,,1179.841,,,242.0,18159.0
2026-08-06 11:41:36.854,10997100,1649495,149993616,1179.840738,,2084.519,0x00,0x00,CURRENT,1,0,OK,11.0,11.003,1650.0,149.994,,1179.841,,,242.0,18159.0
2026-08-06 11:41:37.690,10993300,1648925,149993616,1179.840738,,2085.355,0x00,0x00,CURRENT,1,0,OK,11.0,10.995,1649.0,149.994,,1179.841,,,242.0,18133.0
2026-08-06 11:41:38.506,10989860,1648409,149993616,1179.840738,,2086.171,0x00,0x00,CURRENT,1,0,OK,11.0,10.995,1649.0,149.994,,1179.841,,,242.0,18133.0
2026-08-06 11:41:39.416,10986590,1647918,149993584,1179.840400,,2087.081,0x00,0x00,CURRENT,1,0,OK,11.0,10.988,1648.0,149.994,,1179.841,,,242.0,18110.0
2026-08-06 11:41:40.731,10983826,1647504,149993584,1179.840400,,2088.396,0x00,0x00,CURRENT,1,0,OK,11.0,10.988,1648.0,149.994,,1179.841,,,242.0,18110.0
2026-08-06 11:41:41.567,10981372,1647135,149993584,1179.840400,,2089.232,0x00,0x00,CURRENT,1,0,OK,11.0,10.979,1647.0,149.994,,1179.84,,,242.0,18081.0
2026-08-06 11:41:42.383,10979208,1646811,149993584,1179.840400,,2090.048,0x00,0x00,CURRENT,1,0,OK,11.0,10.979,1647.0,149.994,,1179.84,,,242.0,18081.0
2026-08-06 11:41:43.199,10977474,1646551,149993584,1179.840400,,2090.864,0x00,0x00,CURRENT,1,0,OK,11.0,10.979,1647.0,149.994,,1179.84,,,242.0,18081.0
2026-08-06 11:41:44.035,10976002,1646330,149993584,1179.840400,,2091.700,0x00,0x00,CURRENT,1,0,OK,11.0,10.974,1646.0,149.994,,1179.841,,,242.0,18062.0
2026-08-06 11:41:44.854,10974944,1646171,149993584,1179.840400,,2092.519,0x00,0x00,CURRENT,1,0,OK,11.0,10.974,1646.0,149.994,,1179.841,,,242.0,18062.0
2026-08-06 11:41:45.690,10974124,1646048,149993584,1179.840400,,2093.355,0x00,0x00,CURRENT,1,0,OK,11.0,10.972,1646.0,149.994,,1179.841,,,243.0,18055.0
2026-08-06 11:41:46.506,10973674,1645981,149993584,1179.840400,,2094.171,0x00,0x00,CURRENT,1,0,OK,11.0,10.972,1646.0,149.994,,1179.841,,,243.0,18055.0
2026-08-06 11:41:47.416,10973404,1645940,149993584,1179.840400,,2095.081,0x00,0x00,CURRENT,1,0,OK,11.0,10.971,1646.0,149.994,,1179.841,,,243.0,18052.0
2026-08-06 11:41:48.732,10973648,1645977,149993568,1179.840231,,2096.397,0x00,0x00,CURRENT,1,0,OK,11.0,10.971,1646.0,149.994,,1179.841,,,243.0,18052.0
2026-08-06 11:41:49.568,10974218,1646062,149993568,1179.840231,,2097.233,0x00,0x00,CURRENT,1,0,OK,11.0,10.971,1646.0,149.994,,1179.841,,,243.0,18054.0
2026-08-06 11:41:50.384,10974938,1646170,149993552,1179.840062,,2098.049,0x00,0x00,CURRENT,1,0,OK,11.0,10.971,1646.0,149.994,,1179.841,,,243.0,18054.0
2026-08-06 11:41:51.200,10975946,1646321,149993552,1179.840062,,2098.865,0x00,0x00,CURRENT,1,0,OK,11.0,10.971,1646.0,149.994,,1179.841,,,243.0,18054.0
2026-08-06 11:41:52.036,10977064,1646489,149993552,1179.840062,,2099.701,0x00,0x00,CURRENT,1,0,OK,11.0,10.974,1646.0,149.994,,1179.841,,,244.0,18063.0
2026-08-06 11:41:52.854,10978298,1646674,149993552,1179.840062,,2100.519,0x00,0x00,CURRENT,1,0,OK,11.0,10.974,1646.0,149.994,,1179.841,,,244.0,18063.0
2026-08-06 11:41:53.690,10979808,1646900,149993552,1179.840062,,2101.355,0x00,0x00,CURRENT,1,0,OK,11.0,10.976,1646.0,149.994,,1179.841,,,244.0,18071.0
2026-08-06 11:41:54.506,10981422,1647143,149993568,1179.840231,,2102.171,0x00,0x00,CURRENT,1,0,OK,11.0,10.976,1646.0,149.994,,1179.841,,,244.0,18071.0
2026-08-06 11:41:55.416,10983128,1647399,149993584,1179.840400,,2103.081,0x00,0x00,CURRENT,1,0,OK,11.0,10.98,1647.0,149.994,,1179.841,,,244.0,18082.0
2026-08-06 11:41:56.732,10985080,1647691,149993584,1179.840400,,2104.397,0x00,0x00,CURRENT,1,0,OK,11.0,10.98,1647.0,149.994,,1179.841,,,244.0,18082.0
2026-08-06 11:41:57.568,10986940,1647971,149993584,1179.840400,,2105.233,0x00,0x00,CURRENT,1,0,OK,11.0,10.985,1648.0,149.994,,1179.841,,,244.0,18101.0
2026-08-06 11:41:58.384,10988860,1648258,149993584,1179.840400,,2106.049,0x00,0x00,CURRENT,1,0,OK,11.0,10.985,1648.0,149.994,,1179.841,,,244.0,18101.0
2026-08-06 11:41:59.200,10990852,1648557,149993584,1179.840400,,2106.865,0x00,0x00,CURRENT,1,0,OK,11.0,10.985,1648.0,149.994,,1179.841,,,244.0,18101.0
2026-08-06 11:42:00.036,10992748,1648841,149993568,1179.840231,,2107.701,0x00,0x00,CURRENT,1,0,OK,11.0,10.991,1649.0,149.994,,1179.841,,,244.0,18119.0
2026-08-06 11:42:00.854,10994730,1649139,149993568,1179.840231,,2108.519,0x00,0x00,CURRENT,1,0,OK,11.0,10.991,1649.0,149.994,,1179.841,,,244.0,18119.0
2026-08-06 11:42:01.690,10996610,1649421,149993584,1179.840400,,2109.355,0x00,0x00,CURRENT,1,0,OK,11.0,10.995,1649.0,149.994,,1179.841,,,244.0,18132.0
2026-08-06 11:42:02.506,10998396,1649689,149993584,1179.840400,,2110.171,0x00,0x00,CURRENT,1,0,OK,11.0,10.995,1649.0,149.994,,1179.841,,,244.0,18132.0
2026-08-06 11:42:03.417,11000092,1649943,149993568,1179.840231,,2111.082,0x00,0x00,CURRENT,1,0,OK,11.0,10.998,1650.0,149.994,,1179.841,,,244.0,18144.0
2026-08-06 11:42:04.732,11001708,1650185,149993584,1179.840400,,2112.397,0x00,0x00,CURRENT,1,0,OK,11.0,10.998,1650.0,149.994,,1179.841,,,244.0,18144.0
2026-08-06 11:42:05.568,11003230,1650413,149993552,1179.840062,,2113.233,0x00,0x00,CURRENT,1,0,OK,11.0,11.003,1650.0,149.994,,1179.841,,,244.0,18160.0
2026-08-06 11:42:06.384,11004668,1650629,149993552,1179.840062,,2114.049,0x00,0x00,CURRENT,1,0,OK,11.0,11.003,1650.0,149.994,,1179.841,,,244.0,18160.0
2026-08-06 11:42:07.200,11005870,1650810,149993552,1179.840062,,2114.865,0x00,0x00,CURRENT,1,0,OK,11.0,11.003,1650.0,149.994,,1179.841,,,244.0,18160.0
2026-08-06 11:42:08.036,11007018,1650982,149993552,1179.840062,,2115.701,0x00,0x00,CURRENT,1,0,OK,11.0,11.007,1651.0,149.994,,1179.841,,,244.0,18173.0
2026-08-06 11:42:08.854,11007954,1651122,149993552,1179.840062,,2116.519,0x00,0x00,CURRENT,1,0,OK,11.0,11.007,1651.0,149.994,,1179.841,,,244.0,18173.0
2026-08-06 11:42:09.690,11008836,1651254,149993536,1179.839893,,2117.355,0x00,0x00,CURRENT,1,0,OK,11.0,11.009,1651.0,149.994,,1179.841,,,244.0,18180.0
2026-08-06 11:42:10.506,11009502,1651354,149993552,1179.840062,,2118.171,0x00,0x00,CURRENT,1,0,OK,11.0,11.009,1651.0,149.994,,1179.841,,,244.0,18180.0
2026-08-06 11:42:11.417,11010130,1651448,149993536,1179.839893,,2119.082,0x00,0x00,CURRENT,1,0,OK,11.0,11.011,1652.0,149.994,,1179.841,,,244.0,18184.0
2026-08-06 11:42:12.732,11010552,1651512,149993552,1179.840062,,2120.397,0x00,0x00,CURRENT,1,0,OK,11.0,11.011,1652.0,149.994,,1179.841,,,244.0,18184.0
2026-08-06 11:42:13.568,11010788,1651547,149993568,1179.840231,,2121.233,0x00,0x00,CURRENT,1,0,OK,11.0,11.012,1652.0,149.994,,1179.84,,,244.0,18189.0
2026-08-06 11:42:14.384,11010850,1651557,149993568,1179.840231,,2122.049,0x00,0x00,CURRENT,1,0,OK,11.0,11.012,1652.0,149.994,,1179.84,,,244.0,18189.0
2026-08-06 11:42:15.200,11010904,1651565,149993568,1179.840231,,2122.865,0x00,0x00,CURRENT,1,0,OK,11.0,11.012,1652.0,149.994,,1179.84,,,244.0,18189.0
2026-08-06 11:42:16.036,11010788,1651547,149993584,1179.840400,,2123.701,0x00,0x00,CURRENT,1,0,OK,11.0,11.012,1652.0,149.994,,1179.84,,,244.0,18189.0
2026-08-06 11:42:16.854,11010514,1651506,149993584,1179.840400,,2124.519,0x00,0x00,CURRENT,1,0,OK,11.0,11.012,1652.0,149.994,,1179.84,,,244.0,18189.0
2026-08-06 11:42:17.690,11010250,1651466,149993568,1179.840231,,2125.355,0x00,0x00,CURRENT,1,0,OK,11.0,11.012,1652.0,149.994,,1179.841,,,244.0,18187.0
2026-08-06 11:42:18.506,11009828,1651404,149993584,1179.840400,,2126.171,0x00,0x00,CURRENT,1,0,OK,11.0,11.012,1652.0,149.994,,1179.841,,,244.0,18187.0
2026-08-06 11:42:19.416,11009420,1651342,149993584,1179.840400,,2127.081,0x00,0x00,CURRENT,1,0,OK,11.0,11.011,1652.0,149.994,,1179.841,,,244.0,18185.0
2026-08-06 11:42:20.731,11008874,1651260,149993568,1179.840231,,2128.396,0x00,0x00,CURRENT,1,0,OK,11.0,11.011,1652.0,149.994,,1179.841,,,244.0,18185.0
2026-08-06 11:42:21.567,11008192,1651158,149993568,1179.840231,,2129.232,0x00,0x00,CURRENT,1,0,OK,11.0,11.009,1651.0,149.994,,1179.841,,,244.0,18179.0
2026-08-06 11:42:22.383,11007534,1651059,149993552,1179.840062,,2130.048,0x00,0x00,CURRENT,1,0,OK,11.0,11.009,1651.0,149.994,,1179.841,,,244.0,18179.0
2026-08-06 11:42:23.199,11006744,1650941,149993568,1179.840231,,2130.864,0x00,0x00,CURRENT,1,0,OK,11.0,11.009,1651.0,149.994,,1179.841,,,244.0,18179.0
2026-08-06 11:42:24.035,11005994,1650829,149993584,1179.840400,,2131.700,0x00,0x00,CURRENT,1,0,OK,11.0,11.007,1651.0,149.994,,1179.841,,,243.0,18172.0
2026-08-06 11:42:24.854,11005274,1650720,149993584,1179.840400,,2132.519,0x00,0x00,CURRENT,1,0,OK,11.0,11.007,1651.0,149.994,,1179.841,,,243.0,18172.0
2026-08-06 11:42:25.690,11004422,1650593,149993584,1179.840400,,2133.355,0x00,0x00,CURRENT,1,0,OK,11.0,11.005,1651.0,149.994,,1179.841,,,243.0,18167.0
2026-08-06 11:42:26.505,11003616,1650472,149993584,1179.840400,,2134.170,0x00,0x00,CURRENT,1,0,OK,11.0,11.005,1651.0,149.994,,1179.841,,,243.0,18167.0
2026-08-06 11:42:27.419,11002856,1650358,149993584,1179.840400,,2135.083,0x00,0x00,CURRENT,1,0,OK,11.0,11.004,1650.0,149.994,,1179.841,,,243.0,18162.0
2026-08-06 11:42:28.734,11002142,1650250,149993568,1179.840231,,2136.398,0x00,0x00,CURRENT,1,0,OK,11.0,11.004,1650.0,149.994,,1179.841,,,243.0,18162.0
2026-08-06 11:42:29.570,11001468,1650149,149993568,1179.840231,,2137.234,0x00,0x00,CURRENT,1,0,OK,11.0,11.002,1650.0,149.994,,1179.841,,,243.0,18155.0
2026-08-06 11:42:30.386,11000820,1650052,149993584,1179.840400,,2138.050,0x00,0x00,CURRENT,1,0,OK,11.0,11.002,1650.0,149.994,,1179.841,,,243.0,18155.0
2026-08-06 11:42:31.202,11000194,1649959,149993584,1179.840400,,2138.867,0x00,0x00,CURRENT,1,0,OK,11.0,11.002,1650.0,149.994,,1179.841,,,243.0,18155.0
2026-08-06 11:42:32.038,10999600,1649869,149993584,1179.840400,,2139.703,0x00,0x00,CURRENT,1,0,OK,11.0,11.0,1650.0,149.994,,1179.841,,,243.0,18148.0
2026-08-06 11:42:32.855,10999032,1649784,149993584,1179.840400,,2140.520,0x00,0x00,CURRENT,1,0,OK,11.0,11.0,1650.0,149.994,,1179.841,,,243.0,18148.0
2026-08-06 11:42:33.691,10998490,1649703,149993584,1179.840400,,2141.355,0x00,0x00,CURRENT,1,0,OK,11.0,10.999,1650.0,149.994,,1179.841,,,243.0,18145.0
2026-08-06 11:42:34.507,10997978,1649626,149993584,1179.840400,,2142.172,0x00,0x00,CURRENT,1,0,OK,11.0,10.999,1650.0,149.994,,1179.841,,,243.0,18145.0
2026-08-06 11:42:35.822,10997492,1649553,149993584,1179.840400,,2143.487,0x00,0x00,CURRENT,1,0,OK,11.0,10.998,1650.0,149.994,,1179.841,,,243.0,18141.0
2026-08-06 11:42:36.637,10997044,1649486,149993584,1179.840400,,2144.302,0x00,0x00,CURRENT,1,0,OK,11.0,10.998,1650.0,149.994,,1179.841,,,243.0,18141.0
2026-08-06 11:42:37.474,10996624,1649423,149993584,1179.840400,,2145.139,0x00,0x00,CURRENT,1,0,OK,11.0,10.996,1649.0,149.994,,1179.841,,,243.0,18137.0
2026-08-06 11:42:38.354,10996392,1649388,149993584,1179.840400,,2146.019,0x00,0x00,CURRENT,1,0,OK,11.0,10.996,1649.0,149.994,,1179.841,,,243.0,18137.0
2026-08-06 11:42:39.170,10996184,1649357,149993584,1179.840400,,2146.834,0x00,0x00,CURRENT,1,0,OK,11.0,10.996,1649.0,149.994,,1179.841,,,243.0,18137.0
2026-08-06 11:42:40.006,10995980,1649327,149993584,1179.840400,,2147.670,0x00,0x00,CURRENT,1,0,OK,11.0,10.996,1649.0,149.994,,1179.841,,,243.0,18135.0
2026-08-06 11:42:40.854,10995788,1649298,149993584,1179.840400,,2148.519,0x00,0x00,CURRENT,1,0,OK,11.0,10.996,1649.0,149.994,,1179.841,,,243.0,18135.0
2026-08-06 11:42:41.691,10995764,1649294,149993584,1179.840400,,2149.356,0x00,0x00,CURRENT,1,0,OK,11.0,10.995,1649.0,149.994,,1179.841,,,243.0,18133.0
2026-08-06 11:42:42.507,10995740,1649291,149993600,1179.840569,,2150.172,0x00,0x00,CURRENT,1,0,OK,11.0,10.995,1649.0,149.994,,1179.841,,,243.0,18133.0
2026-08-06 11:42:43.415,10995722,1649288,149993584,1179.840400,,2151.080,0x00,0x00,CURRENT,1,0,OK,11.0,10.995,1649.0,149.994,,1179.841,,,244.0,18133.0
2026-08-06 11:42:44.731,10995868,1649309,149993568,1179.840231,,2152.396,0x00,0x00,CURRENT,1,0,OK,11.0,10.995,1649.0,149.994,,1179.841,,,244.0,18133.0
2026-08-06 11:42:45.567,10996008,1649330,149993552,1179.840062,,2153.231,0x00,0x00,CURRENT,1,0,OK,11.0,10.995,1649.0,149.994,,1179.841,,,244.0,18134.0
2026-08-06 11:42:46.383,10996148,1649351,149993552,1179.840062,,2154.047,0x00,0x00,CURRENT,1,0,OK,11.0,10.995,1649.0,149.994,,1179.841,,,244.0,18134.0
2026-08-06 11:42:47.199,10996276,1649371,149993552,1179.840062,,2154.864,0x00,0x00,CURRENT,1,0,OK,11.0,10.995,1649.0,149.994,,1179.841,,,244.0,18134.0
2026-08-06 11:42:48.035,10996410,1649391,149993568,1179.840231,,2155.699,0x00,0x00,CURRENT,1,0,OK,11.0,10.996,1649.0,149.994,,1179.841,,,244.0,18136.0
2026-08-06 11:42:48.853,10996706,1649435,149993568,1179.840231,,2156.518,0x00,0x00,CURRENT,1,0,OK,11.0,10.996,1649.0,149.994,,1179.841,,,244.0,18136.0
2026-08-06 11:42:49.690,10996986,1649477,149993552,1179.840062,,2157.355,0x00,0x00,CURRENT,1,0,OK,11.0,10.996,1649.0,149.994,,1179.841,,,244.0,18137.0
2026-08-06 11:42:50.506,10997248,1649516,149993552,1179.840062,,2158.171,0x00,0x00,CURRENT,1,0,OK,11.0,10.996,1649.0,149.994,,1179.841,,,244.0,18137.0
2026-08-06 11:42:51.416,10997490,1649553,149993552,1179.840062,,2159.081,0x00,0x00,CURRENT,1,0,OK,11.0,10.997,1649.0,149.994,,1179.841,,,244.0,18139.0
2026-08-06 11:42:52.732,10997728,1649588,149993520,1179.839725,,2160.396,0x00,0x00,CURRENT,1,0,OK,11.0,10.997,1649.0,149.994,,1179.841,,,244.0,18139.0
2026-08-06 11:42:53.567,10998118,1649646,149993520,1179.839725,,2161.232,0x00,0x00,CURRENT,1,0,OK,11.0,10.998,1650.0,149.994,,1179.841,,,244.0,18141.0
2026-08-06 11:42:54.384,10998480,1649701,149993520,1179.839725,,2162.048,0x00,0x00,CURRENT,1,0,OK,11.0,10.998,1650.0,149.994,,1179.841,,,244.0,18141.0
2026-08-06 11:42:55.199,10998822,1649752,149993536,1179.839893,,2162.864,0x00,0x00,CURRENT,1,0,OK,11.0,10.998,1650.0,149.994,,1179.841,,,244.0,18141.0
2026-08-06 11:42:56.035,10999152,1649802,149993536,1179.839893,,2163.700,0x00,0x00,CURRENT,1,0,OK,11.0,10.999,1650.0,149.994,,1179.841,,,244.0,18145.0
2026-08-06 11:42:56.853,10999470,1649849,149993536,1179.839893,,2164.518,0x00,0x00,CURRENT,1,0,OK,11.0,10.999,1650.0,149.994,,1179.841,,,244.0,18145.0
2026-08-06 11:42:57.690,10999772,1649895,149993552,1179.840062,,2165.354,0x00,0x00,CURRENT,1,0,OK,11.0,10.999,1650.0,149.994,,1179.841,,,244.0,18147.0
2026-08-06 11:42:58.506,11000054,1649937,149993536,1179.839893,,2166.170,0x00,0x00,CURRENT,1,0,OK,11.0,10.999,1650.0,149.994,,1179.841,,,244.0,18147.0
2026-08-06 11:42:59.416,11000318,1649976,149993520,1179.839725,,2167.081,0x00,0x00,CURRENT,1,0,OK,11.0,11.0,1650.0,149.994,,1179.841,,,244.0,18149.0
2026-08-06 11:43:00.731,11000578,1650015,149993504,1179.839556,,2168.396,0x00,0x00,CURRENT,1,0,OK,11.0,11.0,1650.0,149.994,,1179.841,,,244.0,18149.0
2026-08-06 11:43:01.567,11000824,1650052,149993520,1179.839725,,2169.232,0x00,0x00,CURRENT,1,0,OK,11.0,11.001,1650.0,149.994,,1179.841,,,244.0,18152.0
2026-08-06 11:43:02.383,11001070,1650089,149993488,1179.839387,,2170.048,0x00,0x00,CURRENT,1,0,OK,11.0,11.001,1650.0,149.994,,1179.841,,,244.0,18152.0
2026-08-06 11:43:03.200,11001298,1650123,149993488,1179.839387,,2170.864,0x00,0x00,CURRENT,1,0,OK,11.0,11.001,1650.0,149.994,,1179.841,,,244.0,18152.0
2026-08-06 11:43:04.035,11001518,1650156,149993520,1179.839725,,2171.700,0x00,0x00,CURRENT,1,0,OK,11.0,11.001,1650.0,149.994,,1179.841,,,244.0,18154.0
2026-08-06 11:43:04.853,11001724,1650187,149993536,1179.839893,,2172.518,0x00,0x00,CURRENT,1,0,OK,11.0,11.001,1650.0,149.994,,1179.841,,,244.0,18154.0
2026-08-06 11:43:05.689,11001758,1650193,149993536,1179.839893,,2173.354,0x00,0x00,CURRENT,1,0,OK,11.0,11.002,1650.0,149.994,,1179.841,,,244.0,18155.0
2026-08-06 11:43:06.506,11001792,1650197,149993520,1179.839725,,2174.170,0x00,0x00,CURRENT,1,0,OK,11.0,11.002,1650.0,149.994,,1179.841,,,244.0,18155.0
2026-08-06 11:43:07.416,11001836,1650204,149993504,1179.839556,,2175.081,0x00,0x00,CURRENT,1,0,OK,11.0,11.002,1650.0,149.994,,1179.841,,,244.0,18156.0
2026-08-06 11:43:08.731,11001876,1650210,149993504,1179.839556,,2176.396,0x00,0x00,CURRENT,1,0,OK,11.0,11.002,1650.0,149.994,,1179.841,,,244.0,18156.0
2026-08-06 11:43:09.567,11001916,1650216,149993504,1179.839556,,2177.232,0x00,0x00,CURRENT,1,0,OK,11.0,11.002,1650.0,149.994,,1179.84,,,244.0,18156.0
2026-08-06 11:43:10.383,11001950,1650221,149993504,1179.839556,,2178.048,0x00,0x00,CURRENT,1,0,OK,11.0,11.002,1650.0,149.994,,1179.84,,,244.0,18156.0
2026-08-06 11:43:11.199,11001996,1650228,149993504,1179.839556,,2178.864,0x00,0x00,CURRENT,1,0,OK,11.0,11.002,1650.0,149.994,,1179.84,,,244.0,18156.0
2026-08-06 11:43:12.035,11002028,1650233,149993504,1179.839556,,2179.700,0x00,0x00,CURRENT,1,0,OK,11.0,11.002,1650.0,149.994,,1179.84,,,244.0,18156.0
2026-08-06 11:43:12.853,11002060,1650237,149993520,1179.839725,,2180.518,0x00,0x00,CURRENT,1,0,OK,11.0,11.002,1650.0,149.994,,1179.84,,,244.0,18156.0
2026-08-06 11:43:13.689,11001928,1650218,149993520,1179.839725,,2181.354,0x00,0x00,CURRENT,1,0,OK,11.0,11.002,1650.0,149.994,,1179.84,,,244.0,18156.0
2026-08-06 11:43:14.505,11001790,1650197,149993520,1179.839725,,2182.170,0x00,0x00,CURRENT,1,0,OK,11.0,11.002,1650.0,149.994,,1179.84,,,244.0,18156.0
2026-08-06 11:43:15.416,11001650,1650176,149993536,1179.839893,,2183.081,0x00,0x00,CURRENT,1,0,OK,11.0,11.002,1650.0,149.994,,1179.84,,,244.0,18155.0
2026-08-06 11:43:16.732,11001514,1650156,149993520,1179.839725,,2184.397,0x00,0x00,CURRENT,1,0,OK,11.0,11.002,1650.0,149.994,,1179.84,,,244.0,18155.0
2026-08-06 11:43:17.568,11001378,1650135,149993520,1179.839725,,2185.233,0x00,0x00,CURRENT,1,0,OK,11.0,11.001,1650.0,149.994,,1179.84,,,244.0,18154.0
2026-08-06 11:43:18.384,11001252,1650117,149993536,1179.839893,,2186.049,0x00,0x00,CURRENT,1,0,OK,11.0,11.001,1650.0,149.994,,1179.84,,,244.0,18154.0
2026-08-06 11:43:19.200,11001144,1650100,149993536,1179.839893,,2186.865,0x00,0x00,CURRENT,1,0,OK,11.0,11.001,1650.0,149.994,,1179.84,,,244.0,18154.0
2026-08-06 11:43:20.037,11001036,1650084,149993536,1179.839893,,2187.701,0x00,0x00,CURRENT,1,0,OK,11.0,11.001,1650.0,149.994,,1179.84,,,244.0,18153.0
2026-08-06 11:43:20.854,11000940,1650070,149993536,1179.839893,,2188.519,0x00,0x00,CURRENT,1,0,OK,11.0,11.001,1650.0,149.994,,1179.84,,,244.0,18153.0
2026-08-06 11:43:21.690,11000840,1650055,149993536,1179.839893,,2189.355,0x00,0x00,CURRENT,1,0,OK,11.0,11.001,1650.0,149.994,,1179.841,,,244.0,18152.0
2026-08-06 11:43:22.506,11000734,1650039,149993552,1179.840062,,2190.171,0x00,0x00,CURRENT,1,0,OK,11.0,11.001,1650.0,149.994,,1179.841,,,244.0,18152.0
2026-08-06 11:43:23.416,11000632,1650024,149993552,1179.840062,,2191.081,0x00,0x00,CURRENT,1,0,OK,11.0,11.001,1650.0,149.994,,1179.841,,,244.0,18152.0
2026-08-06 11:43:24.731,11000542,1650010,149993552,1179.840062,,2192.396,0x00,0x00,CURRENT,1,0,OK,11.0,11.001,1650.0,149.994,,1179.841,,,244.0,18152.0
2026-08-06 11:43:25.567,11000456,1649997,149993536,1179.839893,,2193.232,0x00,0x00,CURRENT,1,0,OK,11.0,11.0,1650.0,149.994,,1179.84,,,244.0,18151.0
2026-08-06 11:43:26.383,11000206,1649960,149993552,1179.840062,,2194.048,0x00,0x00,CURRENT,1,0,OK,11.0,11.0,1650.0,149.994,,1179.84,,,244.0,18151.0
2026-08-06 11:43:27.199,10999966,1649924,149993568,1179.840231,,2194.864,0x00,0x00,CURRENT,1,0,OK,11.0,11.0,1650.0,149.994,,1179.84,,,244.0,18151.0
2026-08-06 11:43:28.035,10999736,1649890,149993584,1179.840400,,2195.700,0x00,0x00,CURRENT,1,0,OK,11.0,11.0,1650.0,149.994,,1179.841,,,244.0,18149.0
2026-08-06 11:43:28.855,10999680,1649881,149993568,1179.840231,,2196.520,0x00,0x00,CURRENT,1,0,OK,11.0,11.0,1650.0,149.994,,1179.841,,,244.0,18149.0
2026-08-06 11:43:29.691,10999612,1649871,149993568,1179.840231,,2197.356,0x00,0x00,CURRENT,1,0,OK,11.0,11.0,1650.0,149.994,,1179.841,,,244.0,18148.0
2026-08-06 11:43:30.507,10999560,1649863,149993584,1179.840400,,2198.172,0x00,0x00,CURRENT,1,0,OK,11.0,11.0,1650.0,149.994,,1179.841,,,244.0,18148.0
2026-08-06 11:43:31.416,10999506,1649855,149993568,1179.840231,,2199.081,0x00,0x00,CURRENT,1,0,OK,11.0,10.999,1650.0,149.994,,1179.841,,,244.0,18147.0
2026-08-06 11:43:32.732,10999480,1649851,149993568,1179.840231,,2200.397,0x00,0x00,CURRENT,1,0,OK,11.0,10.999,1650.0,149.994,,1179.841,,,244.0,18147.0
2026-08-06 11:43:33.568,10999458,1649848,149993552,1179.840062,,2201.233,0x00,0x00,CURRENT,1,0,OK,11.0,10.999,1650.0,149.994,,1179.841,,,244.0,18147.0
2026-08-06 11:43:34.384,10999438,1649845,149993568,1179.840231,,2202.049,0x00,0x00,CURRENT,1,0,OK,11.0,10.999,1650.0,149.994,,1179.841,,,244.0,18147.0
2026-08-06 11:43:35.200,10999422,1649843,149993584,1179.840400,,2202.865,0x00,0x00,CURRENT,1,0,OK,11.0,10.999,1650.0,149.994,,1179.841,,,244.0,18147.0
2026-08-06 11:43:36.036,10999400,1649839,149993584,1179.840400,,2203.701,0x00,0x00,CURRENT,1,0,OK,11.0,10.999,1650.0,149.994,,1179.841,,,244.0,18147.0
2026-08-06 11:43:36.854,10999370,1649835,149993584,1179.840400,,2204.519,0x00,0x00,CURRENT,1,0,OK,11.0,10.999,1650.0,149.994,,1179.841,,,244.0,18147.0
2026-08-06 11:43:37.690,10999338,1649831,149993616,1179.840738,,2205.355,0x00,0x00,CURRENT,1,0,OK,11.0,10.999,1650.0,149.994,,1179.841,,,244.0,18147.0
2026-08-06 11:43:38.506,10999310,1649826,149993632,1179.840907,,2206.171,0x00,0x00,CURRENT,1,0,OK,11.0,10.999,1650.0,149.994,,1179.841,,,244.0,18147.0
2026-08-06 11:43:39.416,10999272,1649821,149993616,1179.840738,,2207.081,0x00,0x00,CURRENT,1,0,OK,11.0,10.999,1650.0,149.994,,1179.841,,,244.0,18147.0
2026-08-06 11:43:40.731,10999242,1649816,149993600,1179.840569,,2208.396,0x00,0x00,CURRENT,1,0,OK,11.0,10.999,1650.0,149.994,,1179.841,,,244.0,18147.0
2026-08-06 11:43:41.567,10999220,1649813,149993616,1179.840738,,2209.232,0x00,0x00,CURRENT,1,0,OK,11.0,10.999,1650.0,149.994,,1179.841,,,244.0,18146.0
2026-08-06 11:43:42.383,10999200,1649810,149993600,1179.840569,,2210.048,0x00,0x00,CURRENT,1,0,OK,11.0,10.999,1650.0,149.994,,1179.841,,,244.0,18146.0
2026-08-06 11:43:43.199,10999182,1649807,149993600,1179.840569,,2210.864,0x00,0x00,CURRENT,1,0,OK,11.0,10.999,1650.0,149.994,,1179.841,,,244.0,18146.0
2026-08-06 11:43:44.035,10999152,1649803,149993632,1179.840907,,2211.700,0x00,0x00,CURRENT,1,0,OK,11.0,10.999,1650.0,149.994,,1179.841,,,244.0,18146.0
2026-08-06 11:43:44.855,10999120,1649798,149993632,1179.840907,,2212.520,0x00,0x00,CURRENT,1,0,OK,11.0,10.999,1650.0,149.994,,1179.841,,,244.0,18146.0
2026-08-06 11:43:45.691,10999084,1649793,149993648,1179.841076,,2213.356,0x00,0x00,CURRENT,1,0,OK,11.0,10.999,1650.0,149.994,,1179.842,,,244.0,18146.0
2026-08-06 11:43:46.507,10999052,1649788,149993648,1179.841076,,2214.172,0x00,0x00,CURRENT,1,0,OK,11.0,10.999,1650.0,149.994,,1179.842,,,244.0,18146.0
2026-08-06 11:43:47.417,10999026,1649784,149993648,1179.841076,,2215.082,0x00,0x00,CURRENT,1,0,OK,11.0,10.999,1650.0,149.994,,1179.842,,,244.0,18146.0
2026-08-06 11:43:48.732,10999160,1649804,149993648,1179.841076,,2216.397,0x00,0x00,CURRENT,1,0,OK,11.0,10.999,1650.0,149.994,,1179.842,,,244.0,18146.0
2026-08-06 11:43:49.568,10999276,1649822,149993664,1179.841245,,2217.233,0x00,0x00,CURRENT,1,0,OK,11.0,10.999,1650.0,149.994,,1179.841,,,244.0,18146.0
2026-08-06 11:43:50.384,10999400,1649841,149993696,1179.841583,,2218.049,0x00,0x00,CURRENT,1,0,OK,11.0,10.999,1650.0,149.994,,1179.841,,,244.0,18146.0
2026-08-06 11:43:51.200,10999524,1649859,149993712,1179.841752,,2218.865,0x00,0x00,CURRENT,1,0,OK,11.0,10.999,1650.0,149.994,,1179.841,,,244.0,18146.0
2026-08-06 11:43:52.036,10999634,1649876,149993696,1179.841583,,2219.701,0x00,0x00,CURRENT,1,0,OK,11.0,10.999,1650.0,149.994,,1179.842,,,244.0,18147.0
2026-08-06 11:43:52.854,10999734,1649891,149993696,1179.841583,,2220.518,0x00,0x00,CURRENT,1,0,OK,11.0,10.999,1650.0,149.994,,1179.842,,,244.0,18147.0
2026-08-06 11:43:53.689,10999840,1649907,149993696,1179.841583,,2221.354,0x00,0x00,CURRENT,1,0,OK,11.0,11.0,1650.0,149.994,,1179.842,,,244.0,18148.0
2026-08-06 11:43:54.506,10999936,1649921,149993680,1179.841414,,2222.171,0x00,0x00,CURRENT,1,0,OK,11.0,11.0,1650.0,149.994,,1179.842,,,244.0,18148.0
2026-08-06 11:43:55.415,11000024,1649934,149993680,1179.841414,,2223.080,0x00,0x00,CURRENT,1,0,OK,11.0,11.0,1650.0,149.994,,1179.842,,,244.0,18149.0
2026-08-06 11:43:56.731,11000116,1649948,149993680,1179.841414,,2224.396,0x00,0x00,CURRENT,1,0,OK,11.0,11.0,1650.0,149.994,,1179.842,,,244.0,18149.0
2026-08-06 11:43:57.567,11000208,1649962,149993680,1179.841414,,2225.232,0x00,0x00,CURRENT,1,0,OK,11.0,11.0,1650.0,149.994,,1179.842,,,244.0,18150.0
2026-08-06 11:43:58.383,11000298,1649975,149993664,1179.841245,,2226.048,0x00,0x00,CURRENT,1,0,OK,11.0,11.0,1650.0,149.994,,1179.842,,,244.0,18150.0
2026-08-06 11:43:59.199,11000388,1649988,149993664,1179.841245,,2226.864,0x00,0x00,CURRENT,1,0,OK,11.0,11.0,1650.0,149.994,,1179.842,,,244.0,18150.0
2026-08-06 11:44:00.035,11000480,1650002,149993680,1179.841414,,2227.700,0x00,0x00,CURRENT,1,0,OK,11.0,11.0,1650.0,149.994,,1179.842,,,244.0,18151.0
2026-08-06 11:44:00.855,11000572,1650016,149993664,1179.841245,,2228.520,0x00,0x00,CURRENT,1,0,OK,11.0,11.0,1650.0,149.994,,1179.842,,,244.0,18151.0
2026-08-06 11:44:01.691,11000656,1650029,149993664,1179.841245,,2229.355,0x00,0x00,CURRENT,1,0,OK,11.0,11.001,1650.0,149.994,,1179.842,,,244.0,18151.0
2026-08-06 11:44:02.507,11000732,1650040,149993680,1179.841414,,2230.172,0x00,0x00,CURRENT,1,0,OK,12.0,11.001,1650.0,149.994,,1179.842,,,244.0,18151.0
2026-08-06 11:44:03.751,11176354,1676384,149993856,1179.843273,,2231.416,0x00,0x00,CURRENT,1,0,OK,12.0,11.002,1650.0,149.994,,1179.842,,,248.0,18156.0
2026-08-06 11:44:04.567,11185082,1677693,149993840,1179.843104,,2232.232,0x00,0x00,CURRENT,1,0,OK,12.0,11.002,1650.0,149.994,,1179.842,,,248.0,18156.0
2026-08-06 11:44:05.416,11201930,1680220,149993824,1179.842935,,2233.081,0x00,0x00,CURRENT,1,0,OK,12.0,11.028,1654.0,149.994,,1179.841,,,255.0,18241.0
2026-08-06 11:44:06.731,11234170,1685056,149993792,1179.842597,,2234.396,0x00,0x00,CURRENT,1,0,OK,12.0,11.028,1654.0,149.994,,1179.841,,,255.0,18241.0
2026-08-06 11:44:07.567,11272500,1690805,149993776,1179.842428,,2235.232,0x00,0x00,CURRENT,1,0,OK,12.0,11.122,1668.0,149.994,,1179.841,,,266.0,18555.0
2026-08-06 11:44:08.383,11316280,1697371,149993760,1179.842259,,2236.047,0x00,0x00,CURRENT,1,0,OK,12.0,11.122,1668.0,149.994,,1179.841,,,266.0,18555.0
2026-08-06 11:44:09.199,11364732,1704638,149993728,1179.841921,,2236.863,0x00,0x00,CURRENT,1,0,OK,12.0,11.122,1668.0,149.994,,1179.841,,,266.0,18555.0
2026-08-06 11:44:10.035,11417270,1712519,149993712,1179.841752,,2237.700,0x00,0x00,CURRENT,1,0,OK,12.0,11.269,1690.0,149.994,,1179.841,,,276.0,19047.0
2026-08-06 11:44:10.855,11473054,1720886,149993696,1179.841583,,2238.520,0x00,0x00,CURRENT,1,0,OK,12.0,11.269,1690.0,149.994,,1179.841,,,276.0,19047.0
2026-08-06 11:44:11.691,11531414,1729639,149993680,1179.841414,,2239.356,0x00,0x00,CURRENT,1,0,OK,12.0,11.386,1708.0,149.994,,1179.84,,,281.0,19447.0
2026-08-06 11:44:12.507,11591720,1738685,149993648,1179.841076,,2240.172,0x00,0x00,CURRENT,1,0,OK,12.0,11.386,1708.0,149.994,,1179.84,,,281.0,19447.0
2026-08-06 11:44:13.418,11653366,1747931,149993632,1179.840907,,2241.083,0x00,0x00,CURRENT,1,0,OK,12.0,11.514,1727.0,149.994,,1179.84,,,285.0,19883.0
2026-08-06 11:44:14.733,11718638,1757721,149993600,1179.840569,,2242.398,0x00,0x00,CURRENT,1,0,OK,12.0,11.514,1727.0,149.994,,1179.84,,,285.0,19883.0
2026-08-06 11:44:15.569,11783170,1767400,149993584,1179.840400,,2243.233,0x00,0x00,CURRENT,1,0,OK,12.0,11.711,1757.0,149.993,,1179.839,,,289.0,20570.0
2026-08-06 11:44:16.385,11846486,1776897,149993568,1179.840231,,2244.050,0x00,0x00,CURRENT,1,0,OK,12.0,11.711,1757.0,149.993,,1179.839,,,289.0,20570.0
2026-08-06 11:44:17.201,11908142,1786145,149993552,1179.840062,,2244.866,0x00,0x00,CURRENT,1,0,OK,12.0,11.711,1757.0,149.993,,1179.839,,,289.0,20570.0
2026-08-06 11:44:18.037,11967558,1795056,149993536,1179.839893,,2245.702,0x00,0x00,CURRENT,1,0,OK,12.0,11.901,1785.0,149.993,,1179.839,,,291.0,21245.0
2026-08-06 11:44:18.855,12024334,1803572,149993520,1179.839725,,2246.520,0x00,0x00,CURRENT,1,0,OK,12.0,11.901,1785.0,149.993,,1179.839,,,291.0,21245.0
2026-08-06 11:44:19.691,12078112,1811638,149993504,1179.839556,,2247.356,0x00,0x00,CURRENT,1,0,OK,12.0,12.018,1803.0,149.993,,1179.839,,,291.0,21665.0
2026-08-06 11:44:20.507,12128518,1819199,149993504,1179.839556,,2248.172,0x00,0x00,CURRENT,1,0,OK,12.0,12.018,1803.0,149.993,,1179.839,,,291.0,21665.0
2026-08-06 11:44:21.417,12175402,1826231,149993488,1179.839387,,2249.082,0x00,0x00,CURRENT,1,0,OK,12.0,12.123,1818.0,149.993,,1179.839,,,291.0,22044.0
2026-08-06 11:44:22.732,12216418,1832383,149993456,1179.839049,,2250.397,0x00,0x00,CURRENT,1,0,OK,12.0,12.123,1818.0,149.993,,1179.839,,,291.0,22044.0
2026-08-06 11:44:23.567,12253208,1837901,149993440,1179.838880,,2251.232,0x00,0x00,CURRENT,1,0,OK,12.0,12.253,1838.0,149.993,,1179.838,,,288.0,22518.0
2026-08-06 11:44:24.383,12285626,1842763,149993440,1179.838880,,2252.048,0x00,0x00,CURRENT,1,0,OK,12.0,12.253,1838.0,149.993,,1179.838,,,288.0,22518.0
2026-08-06 11:44:25.200,12313576,1846956,149993440,1179.838880,,2252.865,0x00,0x00,CURRENT,1,0,OK,12.0,12.253,1838.0,149.993,,1179.838,,,288.0,22518.0
2026-08-06 11:44:26.035,12337102,1850484,149993440,1179.838880,,2253.700,0x00,0x00,CURRENT,1,0,OK,12.0,12.345,1852.0,149.993,,1179.838,,,284.0,22857.0
2026-08-06 11:44:26.853,12356266,1853359,149993456,1179.839049,,2254.518,0x00,0x00,CURRENT,1,0,OK,12.0,12.345,1852.0,149.993,,1179.838,,,284.0,22857.0
2026-08-06 11:44:27.690,12371116,1855586,149993440,1179.838880,,2255.354,0x00,0x00,CURRENT,1,0,OK,12.0,12.384,1858.0,149.993,,1179.839,,,281.0,23004.0
2026-08-06 11:44:28.506,12381696,1857173,149993440,1179.838880,,2256.170,0x00,0x00,CURRENT,1,0,OK,12.0,12.384,1858.0,149.993,,1179.839,,,281.0,23004.0
2026-08-06 11:44:29.418,12388242,1858155,149993408,1179.838542,,2257.082,0x00,0x00,CURRENT,1,0,OK,12.0,12.407,1861.0,149.993,,1179.839,,,278.0,23089.0
2026-08-06 11:44:30.732,12387256,1858007,149993392,1179.838373,,2258.397,0x00,0x00,CURRENT,1,0,OK,12.0,12.407,1861.0,149.993,,1179.839,,,278.0,23089.0
2026-08-06 11:44:31.568,12382670,1857319,149993392,1179.838373,,2259.233,0x00,0x00,CURRENT,1,0,OK,12.0,12.411,1862.0,149.993,,1179.839,,,273.0,23105.0
2026-08-06 11:44:32.385,12374788,1856137,149993408,1179.838542,,2260.049,0x00,0x00,CURRENT,1,0,OK,12.0,12.411,1862.0,149.993,,1179.839,,,273.0,23105.0
2026-08-06 11:44:33.201,12363782,1854486,149993424,1179.838711,,2260.865,0x00,0x00,CURRENT,1,0,OK,12.0,12.411,1862.0,149.993,,1179.839,,,273.0,23105.0
2026-08-06 11:44:34.037,12349976,1852415,149993424,1179.838711,,2261.701,0x00,0x00,CURRENT,1,0,OK,12.0,12.384,1858.0,149.993,,1179.839,,,268.0,23005.0
2026-08-06 11:44:34.855,12333510,1849945,149993440,1179.838880,,2262.519,0x00,0x00,CURRENT,1,0,OK,12.0,12.384,1858.0,149.993,,1179.839,,,268.0,23005.0
2026-08-06 11:44:35.691,12314860,1847149,149993456,1179.839049,,2263.356,0x00,0x00,CURRENT,1,0,OK,12.0,12.352,1853.0,149.993,,1179.839,,,266.0,22885.0
2026-08-06 11:44:36.506,12294296,1844064,149993456,1179.839049,,2264.171,0x00,0x00,CURRENT,1,0,OK,12.0,12.352,1853.0,149.993,,1179.839,,,266.0,22885.0
2026-08-06 11:44:37.416,12271920,1840708,149993456,1179.839049,,2265.081,0x00,0x00,CURRENT,1,0,OK,12.0,12.311,1847.0,149.993,,1179.839,,,263.0,22733.0
2026-08-06 11:44:38.731,12245822,1836793,149993456,1179.839049,,2266.396,0x00,0x00,CURRENT,1,0,OK,12.0,12.311,1847.0,149.993,,1179.839,,,263.0,22733.0
2026-08-06 11:44:39.567,12219020,1832773,149993456,1179.839049,,2267.232,0x00,0x00,CURRENT,1,0,OK,12.0,12.238,1836.0,149.993,,1179.839,,,260.0,22463.0
2026-08-06 11:44:40.383,12191708,1828677,149993488,1179.839387,,2268.048,0x00,0x00,CURRENT,1,0,OK,12.0,12.238,1836.0,149.993,,1179.839,,,260.0,22463.0
2026-08-06 11:44:41.200,12164086,1824534,149993504,1179.839556,,2268.864,0x00,0x00,CURRENT,1,0,OK,12.0,12.238,1836.0,149.993,,1179.839,,,260.0,22463.0
2026-08-06 11:44:42.035,12136500,1820396,149993536,1179.839893,,2269.700,0x00,0x00,CURRENT,1,0,OK,12.0,12.157,1823.0,149.993,,1179.84,,,258.0,22168.0
2026-08-06 11:44:42.853,12109126,1816290,149993520,1179.839725,,2270.518,0x00,0x00,CURRENT,1,0,OK,12.0,12.157,1823.0,149.993,,1179.84,,,258.0,22168.0
2026-08-06 11:44:43.689,12082280,1812264,149993536,1179.839893,,2271.354,0x00,0x00,CURRENT,1,0,OK,12.0,12.103,1815.0,149.994,,1179.84,,,257.0,21971.0
2026-08-06 11:44:44.505,12056124,1808341,149993536,1179.839893,,2272.170,0x00,0x00,CURRENT,1,0,OK,12.0,12.103,1815.0,149.994,,1179.84,,,257.0,21971.0
2026-08-06 11:44:45.417,12030780,1804539,149993552,1179.840062,,2273.082,0x00,0x00,CURRENT,1,0,OK,12.0,12.05,1807.0,149.994,,1179.84,,,256.0,21781.0
2026-08-06 11:44:46.733,12006544,1800904,149993568,1179.840231,,2274.397,0x00,0x00,CURRENT,1,0,OK,12.0,12.05,1807.0,149.994,,1179.84,,,256.0,21781.0
2026-08-06 11:44:47.569,11983668,1797473,149993552,1179.840062,,2275.233,0x00,0x00,CURRENT,1,0,OK,12.0,11.979,1797.0,149.994,,1179.84,,,256.0,21522.0
2026-08-06 11:44:48.384,11962258,1794261,149993552,1179.840062,,2276.049,0x00,0x00,CURRENT,1,0,OK,12.0,11.979,1797.0,149.994,,1179.84,,,256.0,21522.0
2026-08-06 11:44:49.201,11942422,1791286,149993568,1179.840231,,2276.865,0x00,0x00,CURRENT,1,0,OK,12.0,11.979,1797.0,149.994,,1179.84,,,256.0,21522.0
2026-08-06 11:44:50.036,11924422,1788587,149993584,1179.840400,,2277.701,0x00,0x00,CURRENT,1,0,OK,12.0,11.918,1788.0,149.994,,1179.84,,,257.0,21307.0
2026-08-06 11:44:50.854,11908166,1786149,149993584,1179.840400,,2278.519,0x00,0x00,CURRENT,1,0,OK,12.0,11.918,1788.0,149.994,,1179.84,,,257.0,21307.0
2026-08-06 11:44:51.691,11893720,1783982,149993600,1179.840569,,2279.355,0x00,0x00,CURRENT,1,0,OK,12.0,11.887,1783.0,149.994,,1179.84,,,258.0,21193.0
2026-08-06 11:44:52.507,11880998,1782074,149993600,1179.840569,,2280.171,0x00,0x00,CURRENT,1,0,OK,12.0,11.887,1783.0,149.994,,1179.84,,,258.0,21193.0
2026-08-06 11:44:53.417,11870252,1780462,149993584,1179.840400,,2281.082,0x00,0x00,CURRENT,1,0,OK,12.0,11.861,1779.0,149.994,,1179.84,,,259.0,21103.0
2026-08-06 11:44:54.732,11862724,1779333,149993616,1179.840738,,2282.397,0x00,0x00,CURRENT,1,0,OK,12.0,11.861,1779.0,149.994,,1179.84,,,259.0,21103.0
2026-08-06 11:44:55.568,11856896,1778459,149993600,1179.840569,,2283.233,0x00,0x00,CURRENT,1,0,OK,12.0,11.837,1776.0,149.994,,1179.84,,,261.0,21018.0
2026-08-06 11:44:56.384,11852860,1777853,149993600,1179.840569,,2284.049,0x00,0x00,CURRENT,1,0,OK,12.0,11.837,1776.0,149.994,,1179.84,,,261.0,21018.0
2026-08-06 11:44:57.200,11850546,1777506,149993600,1179.840569,,2284.865,0x00,0x00,CURRENT,1,0,OK,12.0,11.837,1776.0,149.994,,1179.84,,,261.0,21018.0
2026-08-06 11:44:58.036,11849854,1777402,149993584,1179.840400,,2285.701,0x00,0x00,CURRENT,1,0,OK,12.0,11.829,1774.0,149.994,,1179.84,,,263.0,20987.0
2026-08-06 11:44:58.854,11850706,1777530,149993584,1179.840400,,2286.519,0x00,0x00,CURRENT,1,0,OK,12.0,11.829,1774.0,149.994,,1179.84,,,263.0,20987.0
2026-08-06 11:44:59.690,11853020,1777877,149993584,1179.840400,,2287.355,0x00,0x00,CURRENT,1,0,OK,12.0,11.831,1775.0,149.994,,1179.84,,,264.0,20995.0
2026-08-06 11:45:00.506,11856564,1778409,149993584,1179.840400,,2288.171,0x00,0x00,CURRENT,1,0,OK,12.0,11.831,1775.0,149.994,,1179.84,,,264.0,20995.0
2026-08-06 11:45:01.416,11861448,1779141,149993568,1179.840231,,2289.081,0x00,0x00,CURRENT,1,0,OK,12.0,11.839,1776.0,149.994,,1179.84,,,265.0,21023.0
2026-08-06 11:45:02.731,11868772,1780239,149993568,1179.840231,,2290.396,0x00,0x00,CURRENT,1,0,OK,12.0,11.839,1776.0,149.994,,1179.84,,,265.0,21023.0
2026-08-06 11:45:03.567,11876902,1781459,149993568,1179.840231,,2291.232,0x00,0x00,CURRENT,1,0,OK,12.0,11.859,1779.0,149.994,,1179.84,,,267.0,21096.0
2026-08-06 11:45:04.383,11885800,1782793,149993568,1179.840231,,2292.048,0x00,0x00,CURRENT,1,0,OK,12.0,11.859,1779.0,149.994,,1179.84,,,267.0,21096.0
2026-08-06 11:45:05.199,11895250,1784211,149993568,1179.840231,,2292.864,0x00,0x00,CURRENT,1,0,OK,12.0,11.859,1779.0,149.994,,1179.84,,,267.0,21096.0
2026-08-06 11:45:06.035,11905238,1785709,149993568,1179.840231,,2293.700,0x00,0x00,CURRENT,1,0,OK,12.0,11.887,1783.0,149.994,,1179.84,,,269.0,21195.0
2026-08-06 11:45:06.855,11915730,1787283,149993584,1179.840400,,2294.520,0x00,0x00,CURRENT,1,0,OK,12.0,11.887,1783.0,149.994,,1179.84,,,269.0,21195.0
2026-08-06 11:45:07.691,11926370,1788879,149993584,1179.840400,,2295.356,0x00,0x00,CURRENT,1,0,OK,12.0,11.908,1786.0,149.994,,1179.84,,,269.0,21271.0
2026-08-06 11:45:08.507,11937304,1790519,149993584,1179.840400,,2296.172,0x00,0x00,CURRENT,1,0,OK,12.0,11.908,1786.0,149.994,,1179.84,,,269.0,21271.0
2026-08-06 11:45:09.416,11948188,1792151,149993568,1179.840231,,2297.081,0x00,0x00,CURRENT,1,0,OK,12.0,11.931,1790.0,149.994,,1179.84,,,270.0,21350.0
2026-08-06 11:45:10.731,11959538,1793854,149993568,1179.840231,,2298.396,0x00,0x00,CURRENT,1,0,OK,12.0,11.931,1790.0,149.994,,1179.84,,,270.0,21350.0
2026-08-06 11:45:11.567,11970662,1795522,149993568,1179.840231,,2299.232,0x00,0x00,CURRENT,1,0,OK,12.0,11.964,1795.0,149.994,,1179.84,,,271.0,21470.0
2026-08-06 11:45:12.383,11981396,1797132,149993584,1179.840400,,2300.048,0x00,0x00,CURRENT,1,0,OK,12.0,11.964,1795.0,149.994,,1179.84,,,271.0,21470.0
2026-08-06 11:45:13.199,11991760,1798687,149993568,1179.840231,,2300.864,0x00,0x00,CURRENT,1,0,OK,12.0,11.964,1795.0,149.994,,1179.84,,,271.0,21470.0
2026-08-06 11:45:14.035,12001600,1800163,149993568,1179.840231,,2301.700,0x00,0x00,CURRENT,1,0,OK,12.0,11.996,1799.0,149.994,,1179.84,,,271.0,21584.0
2026-08-06 11:45:14.854,12010952,1801566,149993568,1179.840231,,2302.519,0x00,0x00,CURRENT,1,0,OK,12.0,11.996,1799.0,149.994,,1179.84,,,271.0,21584.0
2026-08-06 11:45:15.690,12019670,1802873,149993568,1179.840231,,2303.355,0x00,0x00,CURRENT,1,0,OK,12.0,12.015,1802.0,149.994,,1179.84,,,271.0,21651.0
2026-08-06 11:45:16.506,12027784,1804090,149993584,1179.840400,,2304.171,0x00,0x00,CURRENT,1,0,OK,12.0,12.015,1802.0,149.994,,1179.84,,,271.0,21651.0
2026-08-06 11:45:17.416,12035154,1805196,149993584,1179.840400,,2305.081,0x00,0x00,CURRENT,1,0,OK,12.0,12.031,1805.0,149.994,,1179.84,,,270.0,21711.0
2026-08-06 11:45:18.731,12041486,1806146,149993584,1179.840400,,2306.396,0x00,0x00,CURRENT,1,0,OK,12.0,12.031,1805.0,149.994,,1179.84,,,270.0,21711.0
2026-08-06 11:45:19.567,12047008,1806974,149993584,1179.840400,,2307.232,0x00,0x00,CURRENT,1,0,OK,12.0,12.051,1808.0,149.994,,1179.84,,,270.0,21782.0
2026-08-06 11:45:20.383,12051742,1807684,149993584,1179.840400,,2308.048,0x00,0x00,CURRENT,1,0,OK,12.0,12.051,1808.0,149.994,,1179.84,,,270.0,21782.0
2026-08-06 11:45:21.199,12055734,1808283,149993584,1179.840400,,2308.864,0x00,0x00,CURRENT,1,0,OK,12.0,12.051,1808.0,149.994,,1179.84,,,270.0,21782.0
2026-08-06 11:45:22.035,12059020,1808776,149993584,1179.840400,,2309.700,0x00,0x00,CURRENT,1,0,OK,12.0,12.064,1809.0,149.994,,1179.84,,,269.0,21828.0
2026-08-06 11:45:22.854,12061470,1809143,149993584,1179.840400,,2310.519,0x00,0x00,CURRENT,1,0,OK,12.0,12.064,1809.0,149.994,,1179.84,,,269.0,21828.0
2026-08-06 11:45:23.690,12063298,1809417,149993584,1179.840400,,2311.355,0x00,0x00,CURRENT,1,0,OK,12.0,12.069,1810.0,149.994,,1179.84,,,269.0,21846.0
2026-08-06 11:45:24.506,12064360,1809577,149993584,1179.840400,,2312.171,0x00,0x00,CURRENT,1,0,OK,12.0,12.069,1810.0,149.994,,1179.84,,,269.0,21846.0
2026-08-06 11:45:25.821,12064200,1809553,149993584,1179.840400,,2313.486,0x00,0x00,CURRENT,1,0,OK,12.0,12.071,1811.0,149.994,,1179.84,,,268.0,21854.0
2026-08-06 11:45:26.637,12063372,1809429,149993584,1179.840400,,2314.302,0x00,0x00,CURRENT,1,0,OK,12.0,12.071,1811.0,149.994,,1179.84,,,268.0,21854.0
2026-08-06 11:45:27.473,12061908,1809209,149993584,1179.840400,,2315.138,0x00,0x00,CURRENT,1,0,OK,12.0,12.069,1810.0,149.994,,1179.84,,,267.0,21849.0
2026-08-06 11:45:28.354,12060008,1808924,149993584,1179.840400,,2316.019,0x00,0x00,CURRENT,1,0,OK,12.0,12.069,1810.0,149.994,,1179.84,,,267.0,21849.0
2026-08-06 11:45:29.170,12057538,1808553,149993584,1179.840400,,2316.835,0x00,0x00,CURRENT,1,0,OK,12.0,12.069,1810.0,149.994,,1179.84,,,267.0,21849.0
2026-08-06 11:45:30.006,12054680,1808125,149993584,1179.840400,,2317.671,0x00,0x00,CURRENT,1,0,OK,12.0,12.062,1809.0,149.994,,1179.84,,,266.0,21825.0
2026-08-06 11:45:30.855,12051470,1807643,149993584,1179.840400,,2318.520,0x00,0x00,CURRENT,1,0,OK,12.0,12.062,1809.0,149.994,,1179.84,,,266.0,21825.0
2026-08-06 11:45:31.691,12047918,1807110,149993568,1179.840231,,2319.356,0x00,0x00,CURRENT,1,0,OK,12.0,12.056,1808.0,149.994,,1179.84,,,266.0,21801.0
2026-08-06 11:45:32.507,12044056,1806531,149993568,1179.840231,,2320.172,0x00,0x00,CURRENT,1,0,OK,12.0,12.056,1808.0,149.994,,1179.84,,,266.0,21801.0
2026-08-06 11:45:33.415,12040048,1805930,149993552,1179.840062,,2321.080,0x00,0x00,CURRENT,1,0,OK,12.0,12.048,1807.0,149.994,,1179.84,,,266.0,21773.0
2026-08-06 11:45:34.731,12035396,1805232,149993552,1179.840062,,2322.396,0x00,0x00,CURRENT,1,0,OK,12.0,12.048,1807.0,149.994,,1179.84,,,266.0,21773.0
2026-08-06 11:45:35.567,12030632,1804517,149993536,1179.839893,,2323.232,0x00,0x00,CURRENT,1,0,OK,12.0,12.035,1805.0,149.994,,1179.84,,,265.0,21724.0
2026-08-06 11:45:36.383,12025930,1803812,149993536,1179.839893,,2324.048,0x00,0x00,CURRENT,1,0,OK,12.0,12.035,1805.0,149.994,,1179.84,,,265.0,21724.0
2026-08-06 11:45:37.199,12021314,1803119,149993536,1179.839893,,2324.864,0x00,0x00,CURRENT,1,0,OK,12.0,12.035,1805.0,149.994,,1179.84,,,265.0,21724.0
2026-08-06 11:45:38.035,12016782,1802440,149993536,1179.839893,,2325.700,0x00,0x00,CURRENT,1,0,OK,12.0,12.021,1803.0,149.994,,1179.84,,,265.0,21674.0
2026-08-06 11:45:38.855,12012298,1801767,149993552,1179.840062,,2326.520,0x00,0x00,CURRENT,1,0,OK,12.0,12.021,1803.0,149.994,,1179.84,,,265.0,21674.0
2026-08-06 11:45:39.691,12007854,1801101,149993552,1179.840062,,2327.355,0x00,0x00,CURRENT,1,0,OK,12.0,12.012,1802.0,149.994,,1179.84,,,265.0,21642.0
2026-08-06 11:45:40.507,12003624,1800466,149993568,1179.840231,,2328.172,0x00,0x00,CURRENT,1,0,OK,12.0,12.012,1802.0,149.994,,1179.84,,,265.0,21642.0
2026-08-06 11:45:41.417,11999432,1799838,149993584,1179.840400,,2329.082,0x00,0x00,CURRENT,1,0,OK,12.0,12.003,1800.0,149.994,,1179.841,,,265.0,21611.0
2026-08-06 11:45:42.732,11995624,1799267,149993584,1179.840400,,2330.397,0x00,0x00,CURRENT,1,0,OK,12.0,12.003,1800.0,149.994,,1179.841,,,265.0,21611.0
2026-08-06 11:45:43.568,11992014,1798725,149993568,1179.840231,,2331.232,0x00,0x00,CURRENT,1,0,OK,12.0,11.992,1799.0,149.994,,1179.84,,,265.0,21569.0
2026-08-06 11:45:44.384,11988752,1798236,149993584,1179.840400,,2332.049,0x00,0x00,CURRENT,1,0,OK,12.0,11.992,1799.0,149.994,,1179.84,,,265.0,21569.0
2026-08-06 11:45:45.200,11985822,1797797,149993584,1179.840400,,2332.864,0x00,0x00,CURRENT,1,0,OK,12.0,11.992,1799.0,149.994,,1179.84,,,265.0,21569.0
2026-08-06 11:45:46.036,11983210,1797405,149993584,1179.840400,,2333.700,0x00,0x00,CURRENT,1,0,OK,12.0,11.982,1797.0,149.994,,1179.84,,,265.0,21536.0
2026-08-06 11:45:46.854,11980896,1797058,149993584,1179.840400,,2334.519,0x00,0x00,CURRENT,1,0,OK,12.0,11.982,1797.0,149.994,,1179.84,,,265.0,21536.0
2026-08-06 11:45:47.690,11978864,1796753,149993584,1179.840400,,2335.354,0x00,0x00,CURRENT,1,0,OK,12.0,11.978,1797.0,149.994,,1179.84,,,265.0,21519.0
2026-08-06 11:45:48.506,11977102,1796488,149993584,1179.840400,,2336.171,0x00,0x00,CURRENT,1,0,OK,12.0,11.978,1797.0,149.994,,1179.84,,,265.0,21519.0
2026-08-06 11:45:49.417,11975610,1796265,149993584,1179.840400,,2337.081,0x00,0x00,CURRENT,1,0,OK,12.0,11.974,1796.0,149.994,,1179.84,,,265.0,21507.0
2026-08-06 11:45:50.732,11974690,1796127,149993584,1179.840400,,2338.397,0x00,0x00,CURRENT,1,0,OK,12.0,11.974,1796.0,149.994,,1179.84,,,265.0,21507.0
2026-08-06 11:45:51.567,11974132,1796043,149993584,1179.840400,,2339.232,0x00,0x00,CURRENT,1,0,OK,12.0,11.971,1796.0,149.994,,1179.84,,,266.0,21496.0
2026-08-06 11:45:52.384,11973778,1795990,149993568,1179.840231,,2340.049,0x00,0x00,CURRENT,1,0,OK,12.0,11.971,1796.0,149.994,,1179.84,,,266.0,21496.0
2026-08-06 11:45:53.199,11973778,1795990,149993584,1179.840400,,2340.864,0x00,0x00,CURRENT,1,0,OK,12.0,11.971,1796.0,149.994,,1179.84,,,266.0,21496.0
2026-08-06 11:45:54.036,11973952,1796016,149993584,1179.840400,,2341.701,0x00,0x00,CURRENT,1,0,OK,12.0,11.971,1796.0,149.994,,1179.84,,,266.0,21494.0
2026-08-06 11:45:54.854,11974448,1796091,149993600,1179.840569,,2342.518,0x00,0x00,CURRENT,1,0,OK,12.0,11.971,1796.0,149.994,,1179.84,,,266.0,21494.0
2026-08-06 11:45:55.690,11975092,1796187,149993600,1179.840569,,2343.354,0x00,0x00,CURRENT,1,0,OK,12.0,11.972,1796.0,149.994,,1179.841,,,266.0,21498.0
2026-08-06 11:45:56.506,11976036,1796329,149993600,1179.840569,,2344.170,0x00,0x00,CURRENT,1,0,OK,12.0,11.972,1796.0,149.994,,1179.841,,,266.0,21498.0
2026-08-06 11:45:57.417,11977080,1796486,149993600,1179.840569,,2345.081,0x00,0x00,CURRENT,1,0,OK,12.0,11.974,1796.0,149.994,,1179.841,,,266.0,21504.0
2026-08-06 11:45:58.732,11978596,1796713,149993600,1179.840569,,2346.396,0x00,0x00,CURRENT,1,0,OK,12.0,11.974,1796.0,149.994,,1179.841,,,266.0,21504.0
2026-08-06 11:45:59.568,11980208,1796955,149993600,1179.840569,,2347.232,0x00,0x00,CURRENT,1,0,OK,12.0,11.978,1797.0,149.994,,1179.841,,,267.0,21519.0
2026-08-06 11:46:00.384,11981902,1797209,149993616,1179.840738,,2348.048,0x00,0x00,CURRENT,1,0,OK,12.0,11.978,1797.0,149.994,,1179.841,,,267.0,21519.0
2026-08-06 11:46:01.200,11983688,1797477,149993616,1179.840738,,2348.864,0x00,0x00,CURRENT,1,0,OK,12.0,11.978,1797.0,149.994,,1179.841,,,267.0,21519.0
2026-08-06 11:46:02.036,11985552,1797756,149993600,1179.840569,,2349.700,0x00,0x00,CURRENT,1,0,OK,12.0,11.983,1797.0,149.994,,1179.841,,,267.0,21538.0
2026-08-06 11:46:02.854,11987478,1798045,149993616,1179.840738,,2350.519,0x00,0x00,CURRENT,1,0,OK,12.0,11.983,1797.0,149.994,,1179.841,,,267.0,21538.0
2026-08-06 11:46:03.690,11989310,1798320,149993600,1179.840569,,2351.354,0x00,0x00,CURRENT,1,0,OK,12.0,11.987,1798.0,149.994,,1179.841,,,267.0,21551.0
2026-08-06 11:46:04.506,11991226,1798607,149993616,1179.840738,,2352.170,0x00,0x00,CURRENT,1,0,OK,12.0,11.987,1798.0,149.994,,1179.841,,,267.0,21551.0
2026-08-06 11:46:05.417,11993048,1798881,149993616,1179.840738,,2353.081,0x00,0x00,CURRENT,1,0,OK,12.0,11.991,1799.0,149.994,,1179.841,,,267.0,21565.0
2026-08-06 11:46:06.731,11994936,1799164,149993600,1179.840569,,2354.396,0x00,0x00,CURRENT,1,0,OK,12.0,11.991,1799.0,149.994,,1179.841,,,267.0,21565.0
2026-08-06 11:46:07.567,11996722,1799431,149993600,1179.840569,,2355.232,0x00,0x00,CURRENT,1,0,OK,12.0,11.996,1799.0,149.994,,1179.841,,,267.0,21585.0
2026-08-06 11:46:08.383,11998414,1799685,149993600,1179.840569,,2356.048,0x00,0x00,CURRENT,1,0,OK,12.0,11.996,1799.0,149.994,,1179.841,,,267.0,21585.0
2026-08-06 11:46:09.199,12000024,1799927,149993600,1179.840569,,2356.864,0x00,0x00,CURRENT,1,0,OK,12.0,11.996,1799.0,149.994,,1179.841,,,267.0,21585.0
2026-08-06 11:46:10.035,12001558,1800157,149993616,1179.840738,,2357.700,0x00,0x00,CURRENT,1,0,OK,12.0,12.001,1800.0,149.994,,1179.841,,,267.0,21603.0
2026-08-06 11:46:10.853,12003016,1800376,149993616,1179.840738,,2358.518,0x00,0x00,CURRENT,1,0,OK,12.0,12.001,1800.0,149.994,,1179.841,,,267.0,21603.0
2026-08-06 11:46:11.689,12004400,1800583,149993600,1179.840569,,2359.354,0x00,0x00,CURRENT,1,0,OK,12.0,12.004,1801.0,149.994,,1179.841,,,267.0,21613.0
2026-08-06 11:46:12.505,12005724,1800782,149993616,1179.840738,,2360.170,0x00,0x00,CURRENT,1,0,OK,12.0,12.004,1801.0,149.994,,1179.841,,,267.0,21613.0
2026-08-06 11:46:13.417,12006808,1800945,149993616,1179.840738,,2361.082,0x00,0x00,CURRENT,1,0,OK,12.0,12.007,1801.0,149.994,,1179.841,,,267.0,21623.0
2026-08-06 11:46:14.732,12007856,1801102,149993616,1179.840738,,2362.397,0x00,0x00,CURRENT,1,0,OK,12.0,12.007,1801.0,149.994,,1179.841,,,267.0,21623.0
2026-08-06 11:46:15.568,12008678,1801225,149993616,1179.840738,,2363.233,0x00,0x00,CURRENT,1,0,OK,12.0,12.01,1801.0,149.994,,1179.841,,,267.0,21634.0
2026-08-06 11:46:16.384,12009448,1801341,149993632,1179.840907,,2364.049,0x00,0x00,CURRENT,1,0,OK,12.0,12.01,1801.0,149.994,,1179.841,,,267.0,21634.0
2026-08-06 11:46:17.201,12010004,1801424,149993616,1179.840738,,2364.865,0x00,0x00,CURRENT,1,0,OK,12.0,12.01,1801.0,149.994,,1179.841,,,267.0,21634.0
2026-08-06 11:46:18.037,12010356,1801477,149993616,1179.840738,,2365.701,0x00,0x00,CURRENT,1,0,OK,12.0,12.011,1802.0,149.994,,1179.841,,,267.0,21640.0
2026-08-06 11:46:18.854,12010686,1801526,149993632,1179.840907,,2366.519,0x00,0x00,CURRENT,1,0,OK,12.0,12.011,1802.0,149.994,,1179.841,,,267.0,21640.0
2026-08-06 11:46:19.691,12010848,1801551,149993632,1179.840907,,2367.355,0x00,0x00,CURRENT,1,0,OK,12.0,12.012,1802.0,149.994,,1179.841,,,267.0,21642.0
2026-08-06 11:46:20.507,12010836,1801549,149993632,1179.840907,,2368.171,0x00,0x00,CURRENT,1,0,OK,12.0,12.012,1802.0,149.994,,1179.841,,,267.0,21642.0
2026-08-06 11:46:21.417,12010832,1801548,149993632,1179.840907,,2369.081,0x00,0x00,CURRENT,1,0,OK,12.0,12.012,1802.0,149.994,,1179.841,,,267.0,21643.0
2026-08-06 11:46:22.732,12010656,1801522,149993616,1179.840738,,2370.396,0x00,0x00,CURRENT,1,0,OK,12.0,12.012,1802.0,149.994,,1179.841,,,267.0,21643.0
2026-08-06 11:46:23.568,12010312,1801470,149993616,1179.840738,,2371.232,0x00,0x00,CURRENT,1,0,OK,12.0,12.012,1802.0,149.994,,1179.841,,,266.0,21641.0
2026-08-06 11:46:24.383,12009824,1801397,149993616,1179.840738,,2372.048,0x00,0x00,CURRENT,1,0,OK,12.0,12.012,1802.0,149.994,,1179.841,,,266.0,21641.0
2026-08-06 11:46:25.199,12009362,1801328,149993616,1179.840738,,2372.864,0x00,0x00,CURRENT,1,0,OK,12.0,12.012,1802.0,149.994,,1179.841,,,266.0,21641.0
2026-08-06 11:46:26.035,12008764,1801238,149993616,1179.840738,,2373.700,0x00,0x00,CURRENT,1,0,OK,12.0,12.01,1801.0,149.994,,1179.841,,,266.0,21636.0
2026-08-06 11:46:26.853,12008196,1801153,149993632,1179.840907,,2374.518,0x00,0x00,CURRENT,1,0,OK,12.0,12.01,1801.0,149.994,,1179.841,,,266.0,21636.0
2026-08-06 11:46:27.689,12007492,1801047,149993632,1179.840907,,2375.354,0x00,0x00,CURRENT,1,0,OK,12.0,12.009,1801.0,149.994,,1179.841,,,266.0,21631.0
2026-08-06 11:46:28.505,12006818,1800946,149993648,1179.841076,,2376.170,0x00,0x00,CURRENT,1,0,OK,12.0,12.009,1801.0,149.994,,1179.841,,,266.0,21631.0
2026-08-06 11:46:29.417,12006184,1800851,149993632,1179.840907,,2377.082,0x00,0x00,CURRENT,1,0,OK,12.0,12.007,1801.0,149.994,,1179.841,,,266.0,21626.0
2026-08-06 11:46:30.732,12005402,1800734,149993648,1179.841076,,2378.397,0x00,0x00,CURRENT,1,0,OK,12.0,12.007,1801.0,149.994,,1179.841,,,266.0,21626.0
2026-08-06 11:46:31.568,12004652,1800622,149993648,1179.841076,,2379.233,0x00,0x00,CURRENT,1,0,OK,12.0,12.005,1801.0,149.994,,1179.841,,,266.0,21618.0
2026-08-06 11:46:32.384,12003772,1800490,149993648,1179.841076,,2380.049,0x00,0x00,CURRENT,1,0,OK,12.0,12.005,1801.0,149.994,,1179.841,,,266.0,21618.0
2026-08-06 11:46:33.200,12002938,1800365,149993664,1179.841245,,2380.865,0x00,0x00,CURRENT,1,0,OK,12.0,12.005,1801.0,149.994,,1179.841,,,266.0,21618.0
2026-08-06 11:46:34.036,12002152,1800247,149993680,1179.841414,,2381.701,0x00,0x00,CURRENT,1,0,OK,12.0,12.003,1800.0,149.994,,1179.842,,,266.0,21609.0
2026-08-06 11:46:34.854,12001400,1800134,149993664,1179.841245,,2382.519,0x00,0x00,CURRENT,1,0,OK,12.0,12.003,1800.0,149.994,,1179.842,,,266.0,21609.0
2026-08-06 11:46:35.690,12000688,1800027,149993696,1179.841583,,2383.355,0x00,0x00,CURRENT,1,0,OK,12.0,12.001,1800.0,149.994,,1179.842,,,266.0,21604.0
2026-08-06 11:46:36.506,12000018,1799927,149993696,1179.841583,,2384.171,0x00,0x00,CURRENT,1,0,OK,12.0,12.001,1800.0,149.994,,1179.842,,,266.0,21604.0
2026-08-06 11:46:37.415,11999398,1799834,149993680,1179.841414,,2385.080,0x00,0x00,CURRENT,1,0,OK,12.0,12.0,1800.0,149.994,,1179.842,,,266.0,21599.0
2026-08-06 11:46:38.731,11998822,1799747,149993680,1179.841414,,2386.396,0x00,0x00,CURRENT,1,0,OK,12.0,12.0,1800.0,149.994,,1179.842,,,266.0,21599.0
2026-08-06 11:46:39.567,11998272,1799665,149993664,1179.841245,,2387.232,0x00,0x00,CURRENT,1,0,OK,12.0,11.998,1800.0,149.994,,1179.841,,,266.0,21592.0
2026-08-06 11:46:40.383,11997742,1799586,149993664,1179.841245,,2388.048,0x00,0x00,CURRENT,1,0,OK,12.0,11.998,1800.0,149.994,,1179.841,,,266.0,21592.0
2026-08-06 11:46:41.199,11997230,1799508,149993664,1179.841245,,2388.864,0x00,0x00,CURRENT,1,0,OK,12.0,11.998,1800.0,149.994,,1179.841,,,266.0,21592.0
2026-08-06 11:46:42.035,11996738,1799435,149993648,1179.841076,,2389.700,0x00,0x00,CURRENT,1,0,OK,12.0,11.997,1799.0,149.994,,1179.841,,,266.0,21587.0
2026-08-06 11:46:42.854,11996430,1799388,149993648,1179.841076,,2390.519,0x00,0x00,CURRENT,1,0,OK,12.0,11.997,1799.0,149.994,,1179.841,,,266.0,21587.0
2026-08-06 11:46:43.690,11996138,1799345,149993664,1179.841245,,2391.355,0x00,0x00,CURRENT,1,0,OK,12.0,11.996,1799.0,149.994,,1179.841,,,266.0,21584.0
2026-08-06 11:46:44.506,11995846,1799301,149993664,1179.841245,,2392.171,0x00,0x00,CURRENT,1,0,OK,12.0,11.996,1799.0,149.994,,1179.841,,,266.0,21584.0
2026-08-06 11:46:45.417,11995580,1799261,149993648,1179.841076,,2393.082,0x00,0x00,CURRENT,1,0,OK,12.0,11.995,1799.0,149.994,,1179.841,,,266.0,21582.0
2026-08-06 11:46:46.732,11995500,1799248,149993632,1179.840907,,2394.397,0x00,0x00,CURRENT,1,0,OK,12.0,11.995,1799.0,149.994,,1179.841,,,266.0,21582.0
2026-08-06 11:46:47.568,11995416,1799236,149993616,1179.840738,,2395.233,0x00,0x00,CURRENT,1,0,OK,12.0,11.995,1799.0,149.994,,1179.841,,,266.0,21581.0
2026-08-06 11:46:48.384,11995346,1799225,149993632,1179.840907,,2396.049,0x00,0x00,CURRENT,1,0,OK,12.0,11.995,1799.0,149.994,,1179.841,,,266.0,21581.0
2026-08-06 11:46:49.200,11995440,1799240,149993632,1179.840907,,2396.865,0x00,0x00,CURRENT,1,0,OK,12.0,11.995,1799.0,149.994,,1179.841,,,266.0,21581.0
2026-08-06 11:46:50.036,11995538,1799254,149993632,1179.840907,,2397.701,0x00,0x00,CURRENT,1,0,OK,12.0,11.995,1799.0,149.994,,1179.841,,,266.0,21581.0
2026-08-06 11:46:50.854,11995638,1799269,149993616,1179.840738,,2398.519,0x00,0x00,CURRENT,1,0,OK,12.0,11.995,1799.0,149.994,,1179.841,,,266.0,21581.0
2026-08-06 11:46:51.690,11995724,1799282,149993616,1179.840738,,2399.355,0x00,0x00,CURRENT,1,0,OK,12.0,11.995,1799.0,149.994,,1179.841,,,266.0,21582.0
2026-08-06 11:46:52.506,11995956,1799317,149993616,1179.840738,,2400.171,0x00,0x00,CURRENT,1,0,OK,12.0,11.995,1799.0,149.994,,1179.841,,,266.0,21582.0
2026-08-06 11:46:53.416,11996180,1799351,149993632,1179.840907,,2401.081,0x00,0x00,CURRENT,1,0,OK,12.0,11.996,1799.0,149.994,,1179.841,,,266.0,21583.0
2026-08-06 11:46:54.731,11996412,1799385,149993632,1179.840907,,2402.396,0x00,0x00,CURRENT,1,0,OK,12.0,11.996,1799.0,149.994,,1179.841,,,266.0,21583.0
2026-08-06 11:46:55.567,11996796,1799443,149993616,1179.840738,,2403.232,0x00,0x00,CURRENT,1,0,OK,12.0,11.996,1799.0,149.994,,1179.842,,,266.0,21586.0
2026-08-06 11:46:56.383,11997172,1799499,149993616,1179.840738,,2404.048,0x00,0x00,CURRENT,1,0,OK,12.0,11.996,1799.0,149.994,,1179.842,,,266.0,21586.0
2026-08-06 11:46:57.199,11997524,1799552,149993648,1179.841076,,2404.864,0x00,0x00,CURRENT,1,0,OK,12.0,11.996,1799.0,149.994,,1179.842,,,266.0,21586.0
2026-08-06 11:46:58.035,11997858,1799602,149993648,1179.841076,,2405.700,0x00,0x00,CURRENT,1,0,OK,12.0,11.997,1800.0,149.994,,1179.841,,,266.0,21590.0
2026-08-06 11:46:58.853,11998168,1799649,149993648,1179.841076,,2406.518,0x00,0x00,CURRENT,1,0,OK,12.0,11.997,1800.0,149.994,,1179.841,,,266.0,21590.0
2026-08-06 11:46:59.689,11998456,1799692,149993648,1179.841076,,2407.354,0x00,0x00,CURRENT,1,0,OK,12.0,11.998,1800.0,149.994,,1179.841,,,267.0,21592.0
2026-08-06 11:47:00.505,11998724,1799732,149993632,1179.840907,,2408.170,0x00,0x00,CURRENT,1,0,OK,12.0,11.998,1800.0,149.994,,1179.841,,,267.0,21592.0
2026-08-06 11:47:01.416,11998974,1799770,149993632,1179.840907,,2409.081,0x00,0x00,CURRENT,1,0,OK,12.0,11.999,1800.0,149.994,,1179.842,,,267.0,21594.0
2026-08-06 11:47:02.731,11999206,1799805,149993632,1179.840907,,2410.396,0x00,0x00,CURRENT,1,0,OK,12.0,11.999,1800.0,149.994,,1179.842,,,267.0,21594.0
2026-08-06 11:47:03.567,11999428,1799838,149993616,1179.840738,,2411.232,0x00,0x00,CURRENT,1,0,OK,12.0,11.999,1800.0,149.994,,1179.841,,,267.0,21597.0
2026-08-06 11:47:04.383,11999810,1799895,149993616,1179.840738,,2412.048,0x00,0x00,CURRENT,1,0,OK,12.0,11.999,1800.0,149.994,,1179.841,,,267.0,21597.0
2026-08-06 11:47:05.199,12000174,1799950,149993632,1179.840907,,2412.864,0x00,0x00,CURRENT,1,0,OK,12.0,11.999,1800.0,149.994,,1179.841,,,267.0,21597.0
2026-08-06 11:47:06.035,12000522,1800002,149993648,1179.841076,,2413.700,0x00,0x00,CURRENT,1,0,OK,12.0,12.0,1800.0,149.994,,1179.842,,,267.0,21600.0
2026-08-06 11:47:06.855,12000700,1800029,149993648,1179.841076,,2414.520,0x00,0x00,CURRENT,1,0,OK,12.0,12.0,1800.0,149.994,,1179.842,,,267.0,21600.0
2026-08-06 11:47:07.691,12000872,1800055,149993648,1179.841076,,2415.356,0x00,0x00,CURRENT,1,0,OK,12.0,12.001,1800.0,149.994,,1179.842,,,267.0,21602.0
2026-08-06 11:47:08.507,12001040,1800080,149993632,1179.840907,,2416.172,0x00,0x00,CURRENT,1,0,OK,12.0,12.001,1800.0,149.994,,1179.842,,,267.0,21602.0
2026-08-06 11:47:09.416,12001206,1800105,149993648,1179.841076,,2417.081,0x00,0x00,CURRENT,1,0,OK,12.0,12.001,1800.0,149.994,,1179.842,,,267.0,21603.0
2026-08-06 11:47:10.732,12001368,1800129,149993632,1179.840907,,2418.397,0x00,0x00,CURRENT,1,0,OK,12.0,12.001,1800.0,149.994,,1179.842,,,267.0,21603.0
2026-08-06 11:47:11.568,12001524,1800153,149993632,1179.840907,,2419.232,0x00,0x00,CURRENT,1,0,OK,12.0,12.002,1800.0,149.994,,1179.842,,,267.0,21605.0
2026-08-06 11:47:12.384,12001668,1800174,149993632,1179.840907,,2420.048,0x00,0x00,CURRENT,1,0,OK,12.0,12.002,1800.0,149.994,,1179.842,,,267.0,21605.0
2026-08-06 11:47:13.200,12001814,1800196,149993632,1179.840907,,2420.865,0x00,0x00,CURRENT,1,0,OK,12.0,12.002,1800.0,149.994,,1179.842,,,267.0,21605.0
2026-08-06 11:47:14.036,12001944,1800216,149993648,1179.841076,,2421.701,0x00,0x00,CURRENT,1,0,OK,12.0,12.002,1800.0,149.994,,1179.841,,,266.0,21606.0
2026-08-06 11:47:14.854,12002064,1800234,149993648,1179.841076,,2422.519,0x00,0x00,CURRENT,1,0,OK,12.0,12.002,1800.0,149.994,,1179.841,,,266.0,21606.0
2026-08-06 11:47:15.690,12002184,1800252,149993648,1179.841076,,2423.355,0x00,0x00,CURRENT,1,0,OK,12.0,12.002,1800.0,149.994,,1179.841,,,266.0,21607.0
2026-08-06 11:47:16.506,12002120,1800242,149993664,1179.841245,,2424.170,0x00,0x00,CURRENT,1,0,OK,12.0,12.002,1800.0,149.994,,1179.841,,,266.0,21607.0
2026-08-06 11:47:17.417,12002064,1800233,149993648,1179.841076,,2425.081,0x00,0x00,CURRENT,1,0,OK,12.0,12.002,1800.0,149.994,,1179.841,,,266.0,21607.0
2026-08-06 11:47:18.732,12002004,1800224,149993648,1179.841076,,2426.397,0x00,0x00,CURRENT,1,0,OK,12.0,12.002,1800.0,149.994,,1179.841,,,266.0,21607.0
2026-08-06 11:47:19.568,12001952,1800217,149993648,1179.841076,,2427.233,0x00,0x00,CURRENT,1,0,OK,12.0,12.002,1800.0,149.994,,1179.841,,,266.0,21607.0
2026-08-06 11:47:20.384,12001902,1800209,149993648,1179.841076,,2428.049,0x00,0x00,CURRENT,1,0,OK,12.0,12.002,1800.0,149.994,,1179.841,,,266.0,21607.0
2026-08-06 11:47:21.200,12001868,1800204,149993680,1179.841414,,2428.865,0x00,0x00,CURRENT,1,0,OK,12.0,12.002,1800.0,149.994,,1179.841,,,266.0,21607.0
2026-08-06 11:47:22.036,12001842,1800200,149993680,1179.841414,,2429.701,0x00,0x00,CURRENT,1,0,OK,12.0,12.002,1800.0,149.994,,1179.841,,,266.0,21606.0
2026-08-06 11:47:22.854,12001822,1800197,149993680,1179.841414,,2430.519,0x00,0x00,CURRENT,1,0,OK,12.0,12.002,1800.0,149.994,,1179.841,,,266.0,21606.0
2026-08-06 11:47:23.690,12001632,1800169,149993680,1179.841414,,2431.355,0x00,0x00,CURRENT,1,0,OK,12.0,12.002,1800.0,149.994,,1179.842,,,266.0,21606.0
2026-08-06 11:47:24.506,12001450,1800142,149993696,1179.841583,,2432.170,0x00,0x00,CURRENT,1,0,OK,12.0,12.002,1800.0,149.994,,1179.842,,,266.0,21606.0
2026-08-06 11:47:25.415,12001286,1800117,149993680,1179.841414,,2433.080,0x00,0x00,CURRENT,1,0,OK,12.0,12.002,1800.0,149.994,,1179.842,,,266.0,21605.0
2026-08-06 11:47:26.731,12001114,1800091,149993696,1179.841583,,2434.396,0x00,0x00,CURRENT,1,0,OK,12.0,12.002,1800.0,149.994,,1179.842,,,266.0,21605.0
2026-08-06 11:47:27.567,12000944,1800066,149993696,1179.841583,,2435.232,0x00,0x00,CURRENT,1,0,OK,12.0,12.001,1800.0,149.994,,1179.841,,,266.0,21603.0
2026-08-06 11:47:28.382,12000776,1800041,149993696,1179.841583,,2436.047,0x00,0x00,CURRENT,1,0,OK,12.0,12.001,1800.0,149.994,,1179.841,,,266.0,21603.0
2026-08-06 11:47:29.199,12000618,1800017,149993712,1179.841752,,2436.863,0x00,0x00,CURRENT,1,0,OK,12.0,12.001,1800.0,149.994,,1179.841,,,266.0,21603.0
2026-08-06 11:47:30.035,12000466,1799995,149993744,1179.842090,,2437.699,0x00,0x00,CURRENT,1,0,OK,12.0,12.001,1800.0,149.994,,1179.841,,,266.0,21601.0
2026-08-06 11:47:30.854,12000314,1799972,149993728,1179.841921,,2438.518,0x00,0x00,CURRENT,1,0,OK,12.0,12.001,1800.0,149.994,,1179.841,,,266.0,21601.0
2026-08-06 11:47:31.690,12000178,1799951,149993728,1179.841921,,2439.354,0x00,0x00,CURRENT,1,0,OK,12.0,12.0,1800.0,149.994,,1179.842,,,266.0,21600.0
2026-08-06 11:47:32.506,12000046,1799932,149993728,1179.841921,,2440.170,0x00,0x00,CURRENT,1,0,OK,12.0,12.0,1800.0,149.994,,1179.842,,,266.0,21600.0
2026-08-06 11:47:33.417,11999928,1799914,149993728,1179.841921,,2441.081,0x00,0x00,CURRENT,1,0,OK,12.0,12.0,1800.0,149.994,,1179.842,,,266.0,21599.0
2026-08-06 11:47:34.732,11999814,1799897,149993728,1179.841921,,2442.396,0x00,0x00,CURRENT,1,0,OK,12.0,12.0,1800.0,149.994,,1179.842,,,266.0,21599.0
2026-08-06 11:47:35.568,11999704,1799880,149993728,1179.841921,,2443.232,0x00,0x00,CURRENT,1,0,OK,12.0,12.0,1800.0,149.994,,1179.842,,,266.0,21598.0
2026-08-06 11:47:36.384,11999604,1799865,149993744,1179.842090,,2444.048,0x00,0x00,CURRENT,1,0,OK,12.0,12.0,1800.0,149.994,,1179.842,,,266.0,21598.0
2026-08-06 11:47:37.199,11999508,1799851,149993760,1179.842259,,2444.864,0x00,0x00,CURRENT,1,0,OK,12.0,12.0,1800.0,149.994,,1179.842,,,266.0,21598.0
2026-08-06 11:47:38.036,11999418,1799838,149993760,1179.842259,,2445.700,0x00,0x00,CURRENT,1,0,OK,12.0,11.999,1800.0,149.994,,1179.842,,,266.0,21597.0
2026-08-06 11:47:38.854,11999338,1799826,149993776,1179.842428,,2446.518,0x00,0x00,CURRENT,1,0,OK,12.0,11.999,1800.0,149.994,,1179.842,,,266.0,21597.0
2026-08-06 11:47:39.690,11999252,1799813,149993776,1179.842428,,2447.354,0x00,0x00,CURRENT,1,0,OK,12.0,11.999,1800.0,149.994,,1179.842,,,266.0,21596.0
2026-08-06 11:47:40.506,11999162,1799800,149993792,1179.842597,,2448.170,0x00,0x00,CURRENT,1,0,OK,12.0,11.999,1800.0,149.994,,1179.842,,,266.0,21596.0
2026-08-06 11:47:41.416,11999082,1799788,149993792,1179.842597,,2449.080,0x00,0x00,CURRENT,1,0,OK,12.0,11.999,1800.0,149.994,,1179.842,,,266.0,21596.0
2026-08-06 11:47:42.732,11999004,1799776,149993808,1179.842766,,2450.396,0x00,0x00,CURRENT,1,0,OK,12.0,11.999,1800.0,149.994,,1179.842,,,266.0,21596.0
2026-08-06 11:47:43.568,11998928,1799765,149993824,1179.842935,,2451.232,0x00,0x00,CURRENT,1,0,OK,12.0,11.999,1800.0,149.994,,1179.842,,,266.0,21595.0
2026-08-06 11:47:44.383,11998860,1799755,149993808,1179.842766,,2452.048,0x00,0x00,CURRENT,1,0,OK,12.0,11.999,1800.0,149.994,,1179.842,,,266.0,21595.0
2026-08-06 11:47:45.199,11998954,1799769,149993824,1179.842935,,2452.864,0x00,0x00,CURRENT,1,0,OK,12.0,11.999,1800.0,149.994,,1179.842,,,266.0,21595.0
2026-08-06 11:47:46.035,11999064,1799785,149993824,1179.842935,,2453.700,0x00,0x00,CURRENT,1,0,OK,12.0,11.999,1800.0,149.994,,1179.842,,,266.0,21595.0
2026-08-06 11:47:46.853,11999158,1799800,149993840,1179.843104,,2454.518,0x00,0x00,CURRENT,1,0,OK,12.0,11.999,1800.0,149.994,,1179.842,,,266.0,21595.0
2026-08-06 11:47:47.690,11999256,1799814,149993840,1179.843104,,2455.354,0x00,0x00,CURRENT,1,0,OK,12.0,11.999,1800.0,149.994,,1179.842,,,266.0,21596.0
2026-08-06 11:47:48.505,11999346,1799828,149993856,1179.843273,,2456.170,0x00,0x00,CURRENT,1,0,OK,12.0,11.999,1800.0,149.994,,1179.842,,,266.0,21596.0
2026-08-06 11:47:49.821,11999438,1799842,149993856,1179.843273,,2457.485,0x00,0x00,CURRENT,1,0,OK,12.0,11.999,1800.0,149.994,,1179.842,,,266.0,21596.0
2026-08-06 11:47:50.637,11999530,1799856,149993856,1179.843273,,2458.301,0x00,0x00,CURRENT,1,0,OK,12.0,11.999,1800.0,149.994,,1179.842,,,266.0,21596.0
2026-08-06 11:47:51.473,11999618,1799869,149993840,1179.843104,,2459.137,0x00,0x00,CURRENT,1,0,OK,12.0,12.0,1800.0,149.994,,1179.842,,,266.0,21597.0
2026-08-06 11:47:52.355,11999704,1799882,149993840,1179.843104,,2460.020,0x00,0x00,CURRENT,1,0,OK,12.0,12.0,1800.0,149.994,,1179.842,,,266.0,21597.0
2026-08-06 11:47:53.171,11999780,1799893,149993840,1179.843104,,2460.836,0x00,0x00,CURRENT,1,0,OK,12.0,12.0,1800.0,149.994,,1179.842,,,266.0,21597.0
2026-08-06 11:47:54.007,11999852,1799904,149993840,1179.843104,,2461.671,0x00,0x00,CURRENT,1,0,OK,12.0,12.0,1800.0,149.994,,1179.843,,,266.0,21598.0
2026-08-06 11:47:54.855,11999926,1799915,149993856,1179.843273,,2462.520,0x00,0x00,CURRENT,1,0,OK,12.0,12.0,1800.0,149.994,,1179.843,,,266.0,21598.0
2026-08-06 11:47:55.690,11999992,1799925,149993840,1179.843104,,2463.355,0x00,0x00,CURRENT,1,0,OK,12.0,12.0,1800.0,149.994,,1179.843,,,266.0,21599.0
2026-08-06 11:47:56.507,12000046,1799933,149993840,1179.843104,,2464.172,0x00,0x00,CURRENT,1,0,OK,12.0,12.0,1800.0,149.994,,1179.843,,,266.0,21599.0
2026-08-06 11:47:57.417,12000090,1799940,149993840,1179.843104,,2465.082,0x00,0x00,CURRENT,1,0,OK,12.0,12.0,1800.0,149.994,,1179.843,,,266.0,21599.0
2026-08-06 11:47:58.732,12000140,1799947,149993824,1179.842935,,2466.397,0x00,0x00,CURRENT,1,0,OK,12.0,12.0,1800.0,149.994,,1179.843,,,266.0,21599.0
2026-08-06 11:47:59.568,12000176,1799952,149993808,1179.842766,,2467.233,0x00,0x00,CURRENT,1,0,OK,12.0,12.0,1800.0,149.994,,1179.843,,,266.0,21600.0
2026-08-06 11:48:00.385,12000212,1799958,149993824,1179.842935,,2468.049,0x00,0x00,CURRENT,1,0,OK,12.0,12.0,1800.0,149.994,,1179.843,,,266.0,21600.0
2026-08-06 11:48:01.200,12000252,1799964,149993808,1179.842766,,2468.865,0x00,0x00,CURRENT,1,0,OK,12.0,12.0,1800.0,149.994,,1179.843,,,266.0,21600.0
2026-08-06 11:48:02.036,12000288,1799969,149993824,1179.842935,,2469.701,0x00,0x00,CURRENT,1,0,OK,12.0,12.0,1800.0,149.994,,1179.843,,,266.0,21600.0
2026-08-06 11:48:02.854,12000322,1799974,149993824,1179.842935,,2470.519,0x00,0x00,CURRENT,1,0,OK,12.0,12.0,1800.0,149.994,,1179.843,,,266.0,21600.0
2026-08-06 11:48:03.690,12000358,1799980,149993824,1179.842935,,2471.355,0x00,0x00,CURRENT,1,0,OK,12.0,12.0,1800.0,149.994,,1179.843,,,266.0,21600.0
2026-08-06 11:48:04.506,12000396,1799985,149993824,1179.842935,,2472.171,0x00,0x00,CURRENT,1,0,OK,12.0,12.0,1800.0,149.994,,1179.843,,,266.0,21600.0
2026-08-06 11:48:05.416,12000430,1799990,149993824,1179.842935,,2473.081,0x00,0x00,CURRENT,1,0,OK,12.0,12.0,1800.0,149.994,,1179.843,,,266.0,21601.0
2026-08-06 11:48:06.731,12000458,1799995,149993808,1179.842766,,2474.396,0x00,0x00,CURRENT,1,0,OK,12.0,12.0,1800.0,149.994,,1179.843,,,266.0,21601.0
2026-08-06 11:48:07.567,12000492,1800000,149993824,1179.842935,,2475.232,0x00,0x00,CURRENT,1,0,OK,12.0,12.001,1800.0,149.994,,1179.843,,,266.0,21601.0
2026-08-06 11:48:08.383,12000524,1800005,149993840,1179.843104,,2476.048,0x00,0x00,CURRENT,1,0,OK,12.0,12.001,1800.0,149.994,,1179.843,,,266.0,21601.0
2026-08-06 11:48:09.199,12000548,1800008,149993856,1179.843273,,2476.864,0x00,0x00,CURRENT,1,0,OK,12.0,12.001,1800.0,149.994,,1179.843,,,266.0,21601.0
2026-08-06 11:48:10.035,12000568,1800011,149993872,1179.843442,,2477.700,0x00,0x00,CURRENT,1,0,OK,12.0,12.001,1800.0,149.994,,1179.842,,,266.0,21601.0
2026-08-06 11:48:10.854,12000568,1800012,149993872,1179.843442,,2478.519,0x00,0x00,CURRENT,1,0,OK,12.0,12.001,1800.0,149.994,,1179.842,,,266.0,21601.0
2026-08-06 11:48:11.690,12000570,1800012,149993888,1179.843610,,2479.355,0x00,0x00,CURRENT,1,0,OK,12.0,12.001,1800.0,149.994,,1179.843,,,266.0,21601.0
2026-08-06 11:48:12.506,12000568,1800012,149993872,1179.843442,,2480.171,0x00,0x00,CURRENT,1,0,OK,12.0,12.001,1800.0,149.994,,1179.843,,,266.0,21601.0
2026-08-06 11:48:13.415,12000562,1800011,149993872,1179.843442,,2481.080,0x00,0x00,CURRENT,1,0,OK,12.0,12.001,1800.0,149.994,,1179.843,,,266.0,21601.0
2026-08-06 11:48:14.730,12000376,1799983,149993888,1179.843610,,2482.395,0x00,0x00,CURRENT,1,0,OK,12.0,12.001,1800.0,149.994,,1179.843,,,266.0,21601.0
2026-08-06 11:48:15.566,12000212,1799958,149993888,1179.843610,,2483.231,0x00,0x00,CURRENT,1,0,OK,12.0,12.0,1800.0,149.994,,1179.843,,,266.0,21600.0
2026-08-06 11:48:16.382,12000050,1799934,149993888,1179.843610,,2484.047,0x00,0x00,CURRENT,1,0,OK,12.0,12.0,1800.0,149.994,,1179.843,,,266.0,21600.0
2026-08-06 11:48:17.198,11999912,1799913,149993872,1179.843442,,2484.863,0x00,0x00,CURRENT,1,0,OK,12.0,12.0,1800.0,149.994,,1179.843,,,266.0,21600.0
2026-08-06 11:48:18.034,11999792,1799895,149993872,1179.843442,,2485.699,0x00,0x00,CURRENT,1,0,OK,12.0,12.0,1800.0,149.994,,1179.843,,,266.0,21598.0
2026-08-06 11:48:18.853,11999678,1799878,149993888,1179.843610,,2486.518,0x00,0x00,CURRENT,1,0,OK,12.0,12.0,1800.0,149.994,,1179.843,,,266.0,21598.0
2026-08-06 11:48:19.689,11999576,1799863,149993888,1179.843610,,2487.354,0x00,0x00,CURRENT,1,0,OK,12.0,12.0,1800.0,149.994,,1179.843,,,266.0,21598.0
2026-08-06 11:48:20.505,11999640,1799873,149993904,1179.843779,,2488.170,0x00,0x00,CURRENT,1,0,OK,12.0,12.0,1800.0,149.994,,1179.843,,,266.0,21598.0
2026-08-06 11:48:21.415,11999698,1799881,149993904,1179.843779,,2489.080,0x00,0x00,CURRENT,1,0,OK,12.0,12.0,1800.0,149.994,,1179.843,,,266.0,21597.0
2026-08-06 11:48:22.731,11999770,1799892,149993904,1179.843779,,2490.396,0x00,0x00,CURRENT,1,0,OK,12.0,12.0,1800.0,149.994,,1179.843,,,266.0,21597.0
2026-08-06 11:48:23.567,11999832,1799902,149993904,1179.843779,,2491.232,0x00,0x00,CURRENT,1,0,OK,12.0,12.0,1800.0,149.994,,1179.843,,,266.0,21598.0
2026-08-06 11:48:24.383,11999892,1799910,149993888,1179.843610,,2492.048,0x00,0x00,CURRENT,1,0,OK,12.0,12.0,1800.0,149.994,,1179.843,,,266.0,21598.0
2026-08-06 11:48:25.199,11999946,1799919,149993888,1179.843610,,2492.864,0x00,0x00,CURRENT,1,0,OK,12.0,12.0,1800.0,149.994,,1179.843,,,266.0,21598.0
2026-08-06 11:48:26.035,11999998,1799926,149993888,1179.843610,,2493.700,0x00,0x00,CURRENT,1,0,OK,12.0,12.0,1800.0,149.994,,1179.843,,,266.0,21599.0
2026-08-06 11:48:26.853,12000058,1799935,149993888,1179.843610,,2494.518,0x00,0x00,CURRENT,1,0,OK,12.0,12.0,1800.0,149.994,,1179.843,,,266.0,21599.0
2026-08-06 11:48:27.689,12000114,1799944,149993888,1179.843610,,2495.354,0x00,0x00,CURRENT,1,0,OK,12.0,12.0,1800.0,149.994,,1179.843,,,266.0,21599.0
2026-08-06 11:48:28.505,12000160,1799950,149993872,1179.843442,,2496.170,0x00,0x00,CURRENT,1,0,OK,12.0,12.0,1800.0,149.994,,1179.843,,,266.0,21599.0
2026-08-06 11:48:29.416,12000198,1799956,149993856,1179.843273,,2497.081,0x00,0x00,CURRENT,1,0,OK,12.0,12.0,1800.0,149.994,,1179.843,,,266.0,21600.0
2026-08-06 11:48:30.731,12000222,1799960,149993856,1179.843273,,2498.396,0x00,0x00,CURRENT,1,0,OK,0.3,12.0,1800.0,149.994,,1179.843,,,266.0,21600.0
2026-08-06 11:48:31.975,11119466,1667855,149994208,1179.846990,,2499.640,0x00,0x00,CURRENT,1,0,OK,0.3,12.001,1800.0,149.994,,1179.842,,,246.0,21602.0
2026-08-06 11:48:32.855,11075494,1661260,149994224,1179.847159,,2500.520,0x00,0x00,CURRENT,1,0,OK,0.3,12.001,1800.0,149.994,,1179.842,,,246.0,21602.0
2026-08-06 11:48:33.691,10989698,1648392,149994256,1179.847496,,2501.356,0x00,0x00,CURRENT,1,0,OK,0.3,11.871,1781.0,149.994,,1179.842,,,206.0,21137.0
2026-08-06 11:48:34.507,10864326,1629587,149994288,1179.847834,,2502.172,0x00,0x00,CURRENT,1,0,OK,0.3,11.871,1781.0,149.994,,1179.842,,,206.0,21137.0
2026-08-06 11:48:35.418,10701330,1605139,149994336,1179.848341,,2503.083,0x00,0x00,CURRENT,1,0,OK,0.3,11.582,1737.0,149.994,,1179.844,,,166.0,20121.0
2026-08-06 11:48:36.733,10458388,1568699,149994384,1179.848848,,2504.398,0x00,0x00,CURRENT,1,0,OK,0.3,11.582,1737.0,149.994,,1179.844,,,166.0,20121.0
2026-08-06 11:48:37.569,10183508,1527470,149994448,1179.849524,,2505.234,0x00,0x00,CURRENT,1,0,OK,0.3,10.885,1633.0,149.994,,1179.845,,,106.0,17772.0
2026-08-06 11:48:38.385,9878400,1481706,149994480,1179.849862,,2506.050,0x00,0x00,CURRENT,1,0,OK,0.3,10.885,1633.0,149.994,,1179.845,,,106.0,17772.0
2026-08-06 11:48:39.200,9544528,1431627,149994512,1179.850200,,2506.865,0x00,0x00,CURRENT,1,0,OK,0.3,10.885,1633.0,149.994,,1179.845,,,106.0,17772.0
2026-08-06 11:48:40.034,9183340,1377451,149994544,1179.850538,,2507.699,0x00,0x00,CURRENT,1,0,OK,0.3,9.91,1486.0,149.994,,1179.847,,,46.0,14731.0
2026-08-06 11:48:40.855,8796242,1319389,149994560,1179.850707,,2508.519,0x00,0x00,CURRENT,1,0,OK,0.3,9.91,1486.0,149.994,,1179.847,,,46.0,14731.0
2026-08-06 11:48:41.689,8384379,1257611,149994560,1179.850707,,2509.354,0x00,0x00,CURRENT,1,0,OK,0.3,9.126,1369.0,149.994,,1179.848,,,6.0,12493.0
2026-08-06 11:48:42.504,7978948,1196799,149994576,1179.850876,,2510.169,0x00,0x00,CURRENT,1,0,OK,0.3,9.126,1369.0,149.994,,1179.848,,,6.0,12493.0
2026-08-06 11:48:43.818,7593785,1139027,149994592,1179.851044,,2511.482,0x00,0x00,CURRENT,1,0,OK,0.3,8.277,1241.0,149.994,,1179.848,,,0.0,10275.0
2026-08-06 11:48:44.633,7227886,1084144,149994624,1179.851382,,2512.298,0x00,0x00,CURRENT,1,0,OK,0.3,8.277,1241.0,149.994,,1179.848,,,0.0,10275.0
2026-08-06 11:48:45.467,6880275,1032005,149994656,1179.851720,,2513.132,0x00,0x00,CURRENT,1,0,OK,0.3,7.136,1070.0,149.994,,1179.848,,,0.0,7637.0
2026-08-06 11:48:46.355,6550048,982472,149994672,1179.851889,,2514.019,0x00,0x00,CURRENT,1,0,OK,0.3,7.136,1070.0,149.994,,1179.848,,,0.0,7637.0
2026-08-06 11:48:47.170,6236331,935417,149994688,1179.852058,,2514.835,0x00,0x00,CURRENT,1,0,OK,0.3,7.136,1070.0,149.994,,1179.848,,,0.0,7637.0
2026-08-06 11:48:48.004,5938305,890714,149994704,1179.852227,,2515.669,0x00,0x00,CURRENT,1,0,OK,0.3,6.157,924.0,149.994,,1179.848,,,0.0,5687.0
2026-08-06 11:48:48.854,5655167,848245,149994720,1179.852396,,2516.518,0x00,0x00,CURRENT,1,0,OK,0.3,6.157,924.0,149.994,,1179.848,,,0.0,5687.0
2026-08-06 11:48:49.688,5386183,807899,149994768,1179.852903,,2517.353,0x00,0x00,CURRENT,1,0,OK,0.3,5.584,838.0,149.994,,1179.849,,,0.0,4677.0
2026-08-06 11:48:50.503,5130655,769572,149994800,1179.853241,,2518.167,0x00,0x00,CURRENT,1,0,OK,0.3,5.584,838.0,149.994,,1179.849,,,0.0,4677.0
2026-08-06 11:48:51.817,4887907,733161,149994864,1179.853917,,2519.481,0x00,0x00,CURRENT,1,0,OK,0.3,5.066,760.0,149.994,,1179.849,,,0.0,3850.0
2026-08-06 11:48:52.631,4657295,698570,149994896,1179.854255,,2520.296,0x00,0x00,CURRENT,1,0,OK,0.3,5.066,760.0,149.994,,1179.849,,,0.0,3850.0
2026-08-06 11:48:53.466,4438208,665709,149994928,1179.854593,,2521.130,0x00,0x00,CURRENT,1,0,OK,0.3,4.383,657.0,149.994,,1179.85,,,0.0,2882.0
2026-08-06 11:48:54.353,4230076,634490,149994976,1179.855099,,2522.018,0x00,0x00,CURRENT,1,0,OK,0.3,4.383,657.0,149.994,,1179.85,,,0.0,2882.0
2026-08-06 11:48:55.168,4032356,604833,149995008,1179.855437,,2522.833,0x00,0x00,CURRENT,1,0,OK,0.3,4.383,657.0,149.994,,1179.85,,,0.0,2882.0
2026-08-06 11:48:56.003,3844523,576660,149995072,1179.856113,,2523.668,0x00,0x00,CURRENT,1,0,OK,0.3,3.797,570.0,149.995,,1179.852,,,0.0,2163.0
2026-08-06 11:48:56.855,3666081,549894,149995104,1179.856451,,2524.520,0x00,0x00,CURRENT,1,0,OK,0.3,3.797,570.0,149.995,,1179.852,,,0.0,2163.0
2026-08-06 11:48:57.689,3496565,524468,149995152,1179.856958,,2525.353,0x00,0x00,CURRENT,1,0,OK,0.3,3.454,518.0,149.995,,1179.853,,,0.0,1789.0
2026-08-06 11:48:58.504,3335515,500311,149995216,1179.857634,,2526.168,0x00,0x00,CURRENT,1,0,OK,0.3,3.454,518.0,149.995,,1179.853,,,0.0,1789.0
2026-08-06 11:48:59.818,3182521,477363,149995280,1179.858310,,2527.482,0x00,0x00,CURRENT,1,0,OK,0.3,3.144,472.0,149.995,,1179.855,,,0.0,1483.0
2026-08-06 11:49:00.632,3037181,455563,149995296,1179.858479,,2528.297,0x00,0x00,CURRENT,1,0,OK,0.3,3.144,472.0,149.995,,1179.855,,,0.0,1483.0
2026-08-06 11:49:01.466,2899097,434851,149995408,1179.859661,,2529.131,0x00,0x00,CURRENT,1,0,OK,0.3,2.735,410.0,149.995,,1179.857,,,0.0,1122.0
2026-08-06 11:49:02.354,2767920,415175,149995488,1179.860506,,2530.018,0x00,0x00,CURRENT,1,0,OK,0.3,2.735,410.0,149.995,,1179.857,,,0.0,1122.0
2026-08-06 11:49:03.168,2643301,396484,149995584,1179.861520,,2530.833,0x00,0x00,CURRENT,1,0,OK,0.3,2.735,410.0,149.995,,1179.857,,,0.0,1122.0
2026-08-06 11:49:04.002,2524917,378727,149995680,1179.862533,,2531.667,0x00,0x00,CURRENT,1,0,OK,0.3,2.384,358.0,149.995,,1179.86,,,0.0,853.0
2026-08-06 11:49:04.855,2412450,361857,149995824,1179.864054,,2532.519,0x00,0x00,CURRENT,1,0,OK,0.3,2.384,358.0,149.995,,1179.86,,,0.0,853.0
2026-08-06 11:49:05.688,2305606,345831,149995888,1179.864730,,2533.353,0x00,0x00,CURRENT,1,0,OK,0.3,2.179,327.0,149.996,,1179.862,,,0.0,712.0
2026-08-06 11:49:06.503,2204107,330607,149995968,1179.865575,,2534.168,0x00,0x00,CURRENT,1,0,OK,0.3,2.179,327.0,149.996,,1179.862,,,0.0,712.0
2026-08-06 11:49:07.818,2107688,316145,149996112,1179.867095,,2535.482,0x00,0x00,CURRENT,1,0,OK,0.3,1.993,299.0,149.996,,1179.866,,,0.0,596.0
2026-08-06 11:49:08.632,2016079,302404,149996208,1179.868109,,2536.297,0x00,0x00,CURRENT,1,0,OK,0.3,1.993,299.0,149.996,,1179.866,,,0.0,596.0
2026-08-06 11:49:09.466,1929060,289352,149996336,1179.869461,,2537.131,0x00,0x00,CURRENT,1,0,OK,0.3,1.748,262.0,149.996,,1179.87,,,0.0,458.0
2026-08-06 11:49:10.354,1846388,276952,149996448,1179.870643,,2538.019,0x00,0x00,CURRENT,1,0,OK,0.3,1.748,262.0,149.996,,1179.87,,,0.0,458.0
2026-08-06 11:49:11.169,1767850,265171,149996544,1179.871657,,2538.834,0x00,0x00,CURRENT,1,0,OK,0.3,1.748,262.0,149.996,,1179.87,,,0.0,458.0
2026-08-06 11:49:12.003,1693235,253980,149996848,1179.874867,,2539.668,0x00,0x00,CURRENT,1,0,OK,0.3,1.538,231.0,149.997,,1179.873,,,0.0,355.0
2026-08-06 11:49:12.854,1622359,243349,149996992,1179.876388,,2540.519,0x00,0x00,CURRENT,1,0,OK,0.3,1.538,231.0,149.997,,1179.873,,,0.0,355.0
2026-08-06 11:49:13.688,1555022,233249,149997216,1179.878753,,2541.353,0x00,0x00,CURRENT,1,0,OK,0.3,1.415,212.0,149.997,,1179.874,,,0.0,300.0
2026-08-06 11:49:14.503,1491055,223654,149997472,1179.881456,,2542.168,0x00,0x00,CURRENT,1,0,OK,0.3,1.415,212.0,149.997,,1179.874,,,0.0,300.0
2026-08-06 11:49:15.818,1430286,214539,149997552,1179.882301,,2543.482,0x00,0x00,CURRENT,1,0,OK,0.3,1.304,196.0,149.997,,1179.879,,,0.0,255.0
2026-08-06 11:49:16.632,1372548,205879,149997792,1179.884835,,2544.297,0x00,0x00,CURRENT,1,0,OK,0.3,1.304,196.0,149.997,,1179.879,,,0.0,255.0
2026-08-06 11:49:17.467,1317703,197653,149998000,1179.887032,,2545.131,0x00,0x00,CURRENT,1,0,OK,0.3,1.157,174.0,149.998,,1179.886,,,0.0,201.0
2026-08-06 11:49:18.354,1265599,189837,149998160,1179.888721,,2546.018,0x00,0x00,CURRENT,1,0,OK,0.3,1.157,174.0,149.998,,1179.886,,,0.0,201.0
2026-08-06 11:49:19.168,1216100,182413,149998400,1179.891256,,2546.833,0x00,0x00,CURRENT,1,0,OK,0.3,1.157,174.0,149.998,,1179.886,,,0.0,201.0
2026-08-06 11:49:20.002,1169077,175360,149998528,1179.892607,,2547.667,0x00,0x00,CURRENT,1,0,OK,0.3,1.031,155.0,149.999,,1179.893,,,0.0,160.0
2026-08-06 11:49:20.855,1124401,168659,149998624,1179.893621,,2548.519,0x00,0x00,CURRENT,1,0,OK,0.3,1.031,155.0,149.999,,1179.893,,,0.0,160.0
2026-08-06 11:49:21.689,1081957,162292,149998896,1179.896493,,2549.353,0x00,0x00,CURRENT,1,0,OK,0.3,0.958,144.0,149.999,,1179.898,,,0.0,138.0
2026-08-06 11:49:22.503,1041635,156244,149999184,1179.899535,,2550.168,0x00,0x00,CURRENT,1,0,OK,0.3,0.958,144.0,149.999,,1179.898,,,0.0,138.0
2026-08-06 11:49:23.817,1003328,150499,149999376,1179.901562,,2551.482,0x00,0x00,CURRENT,1,0,OK,0.3,0.891,134.0,149.999,,1179.902,,,0.0,119.0
2026-08-06 11:49:24.632,966934,145040,149999568,1179.903589,,2552.297,0x00,0x00,CURRENT,1,0,OK,0.3,0.891,134.0,149.999,,1179.902,,,0.0,119.0
2026-08-06 11:49:25.466,932365,139854,149999632,1179.904265,,2553.131,0x00,0x00,CURRENT,1,0,OK,0.3,0.803,121.0,150.0,,1179.912,,,0.0,97.0
2026-08-06 11:49:26.353,899527,134929,149999680,1179.904772,,2554.018,0x00,0x00,CURRENT,1,0,OK,0.3,0.803,121.0,150.0,,1179.912,,,0.0,97.0
2026-08-06 11:49:27.168,868333,130250,149999904,1179.907137,,2554.833,0x00,0x00,CURRENT,1,0,OK,0.3,0.803,121.0,150.0,,1179.912,,,0.0,97.0
2026-08-06 11:49:28.002,838701,125805,149999920,1179.907306,,2555.667,0x00,0x00,CURRENT,1,0,OK,0.3,0.728,109.0,150.001,,1179.918,,,0.0,80.0
2026-08-06 11:49:28.854,810545,121582,150000256,1179.910854,,2556.519,0x00,0x00,CURRENT,1,0,OK,0.3,0.728,109.0,150.001,,1179.918,,,0.0,80.0
2026-08-06 11:49:29.688,783798,117570,150000464,1179.913051,,2557.353,0x00,0x00,CURRENT,1,0,OK,0.3,0.684,103.0,150.002,,1179.925,,,0.0,70.0
2026-08-06 11:49:30.503,758391,113759,150000960,1179.918288,,2558.168,0x00,0x00,CURRENT,1,0,OK,0.3,0.684,103.0,150.002,,1179.925,,,0.0,70.0
2026-08-06 11:49:31.817,734252,110139,150001344,1179.922343,,2559.482,0x00,0x00,CURRENT,1,0,OK,0.3,0.644,97.0,150.002,,1179.932,,,0.0,62.0
2026-08-06 11:49:32.632,711320,106699,150001632,1179.925385,,2560.297,0x00,0x00,CURRENT,1,0,OK,0.3,0.644,97.0,150.002,,1179.932,,,0.0,62.0
2026-08-06 11:49:33.466,689530,103431,150002128,1179.930622,,2561.131,0x00,0x00,CURRENT,1,0,OK,0.3,0.592,89.0,150.003,,1179.939,,,0.0,53.0
2026-08-06 11:49:34.353,668827,100326,150002304,1179.932481,,2562.018,0x00,0x00,CURRENT,1,0,OK,0.3,0.592,89.0,150.003,,1179.939,,,0.0,53.0
2026-08-06 11:49:35.168,649162,97376,150002672,1179.936367,,2562.833,0x00,0x00,CURRENT,1,0,OK,0.3,0.592,89.0,150.003,,1179.939,,,0.0,53.0
2026-08-06 11:49:36.002,630478,94574,150002944,1179.939239,,2563.667,0x00,0x00,CURRENT,1,0,OK,0.3,0.547,82.0,150.004,,1179.948,,,0.0,45.0
2026-08-06 11:49:36.853,612731,91912,150003376,1179.943801,,2564.518,0x00,0x00,CURRENT,1,0,OK,0.3,0.547,82.0,150.004,,1179.948,,,0.0,45.0
2026-08-06 11:49:37.687,595870,89383,150003920,1179.949545,,2565.352,0x00,0x00,CURRENT,1,0,OK,0.3,0.52,78.0,150.004,,1179.953,,,0.0,41.0
2026-08-06 11:49:38.502,579853,86980,150004192,1179.952417,,2566.167,0x00,0x00,CURRENT,1,0,OK,0.3,0.52,78.0,150.004,,1179.953,,,0.0,41.0
2026-08-06 11:49:39.816,564640,84698,150004336,1179.953938,,2567.481,0x00,0x00,CURRENT,1,0,OK,0.3,0.496,74.0,150.005,,1179.966,,,0.0,37.0
2026-08-06 11:49:40.631,550187,82531,150004672,1179.957486,,2568.295,0x00,0x00,CURRENT,1,0,OK,0.3,0.496,74.0,150.005,,1179.966,,,0.0,37.0
2026-08-06 11:49:41.465,536459,80472,150005008,1179.961034,,2569.130,0x00,0x00,CURRENT,1,0,OK,0.3,0.465,70.0,150.006,,1179.968,,,0.0,32.0
2026-08-06 11:49:42.354,523421,78516,150005152,1179.962555,,2570.018,0x00,0x00,CURRENT,1,0,OK,0.3,0.465,70.0,150.006,,1179.968,,,0.0,32.0
2026-08-06 11:49:43.169,511033,76658,150005584,1179.967116,,2570.834,0x00,0x00,CURRENT,1,0,OK,0.3,0.465,70.0,150.006,,1179.968,,,0.0,32.0
2026-08-06 11:49:44.003,499263,74892,150006000,1179.971509,,2571.667,0x00,0x00,CURRENT,1,0,OK,0.3,0.438,66.0,150.007,,1179.979,,,0.0,29.0
2026-08-06 11:49:44.853,488079,73215,150006272,1179.974381,,2572.518,0x00,0x00,CURRENT,1,0,OK,0.3,0.438,66.0,150.007,,1179.979,,,0.0,29.0
2026-08-06 11:49:45.687,477452,71621,150006608,1179.977929,,2573.352,0x00,0x00,CURRENT,1,0,OK,0.3,0.422,63.0,150.008,,1179.988,,,0.0,27.0
2026-08-06 11:49:46.502,467356,70107,150006976,1179.981815,,2574.167,0x00,0x00,CURRENT,1,0,OK,0.3,0.422,63.0,150.008,,1179.988,,,0.0,27.0
2026-08-06 11:49:47.816,457774,68669,150007120,1179.983336,,2575.481,0x00,0x00,CURRENT,1,0,OK,0.3,0.408,61.0,150.008,,1179.99,,,0.0,25.0
2026-08-06 11:49:48.631,448662,67303,150007376,1179.986039,,2576.296,0x00,0x00,CURRENT,1,0,OK,0.3,0.408,61.0,150.008,,1179.99,,,0.0,25.0
2026-08-06 11:49:49.465,440005,66004,150007680,1179.989249,,2577.130,0x00,0x00,CURRENT,1,0,OK,0.3,0.389,58.0,150.009,,1180.0,,,0.0,23.0
2026-08-06 11:49:50.354,431783,64771,150007840,1179.990939,,2578.018,0x00,0x00,CURRENT,1,0,OK,0.3,0.389,58.0,150.009,,1180.0,,,0.0,23.0
2026-08-06 11:49:51.169,423969,63599,150008144,1179.994149,,2578.834,0x00,0x00,CURRENT,1,0,OK,0.3,0.389,58.0,150.009,,1180.0,,,0.0,23.0
2026-08-06 11:49:52.003,416545,62485,150008112,1179.993811,,2579.668,0x00,0x00,CURRENT,1,0,OK,0.3,0.373,56.0,150.009,,1180.008,,,0.0,21.0
2026-08-06 11:49:52.855,409492,61427,150008512,1179.998035,,2580.520,0x00,0x00,CURRENT,1,0,OK,0.3,0.373,56.0,150.009,,1180.008,,,0.0,21.0
2026-08-06 11:49:53.689,402793,60422,150008528,1179.998204,,2581.354,0x00,0x00,CURRENT,1,0,OK,0.3,0.363,54.0,150.01,,1180.01,,,0.0,20.0
2026-08-06 11:49:54.504,396422,59467,150008848,1180.001583,,2582.169,0x00,0x00,CURRENT,1,0,OK,0.3,0.363,54.0,150.01,,1180.01,,,0.0,20.0
2026-08-06 11:49:55.818,390383,58561,150008704,1180.000063,,2583.483,0x00,0x00,CURRENT,1,0,OK,0.3,0.355,53.0,150.01,,1180.018,,,0.0,19.0
2026-08-06 11:49:56.633,384646,57701,150009472,1180.008172,,2584.298,0x00,0x00,CURRENT,1,0,OK,0.3,0.355,53.0,150.01,,1180.018,,,0.0,19.0
2026-08-06 11:49:57.467,379193,56882,150009440,1180.007834,,2585.132,0x00,0x00,CURRENT,1,0,OK,0.3,0.343,52.0,150.01,,1180.017,,,0.0,18.0
2026-08-06 11:49:58.355,374008,56105,150009712,1180.010707,,2586.020,0x00,0x00,CURRENT,1,0,OK,0.3,0.343,52.0,150.01,,1180.017,,,0.0,18.0
2026-08-06 11:49:59.170,369088,55367,150009696,1180.010538,,2586.834,0x00,0x00,CURRENT,1,0,OK,0.3,0.343,52.0,150.01,,1180.017,,,0.0,18.0
2026-08-06 11:50:00.004,364416,54666,150010256,1180.016451,,2587.668,0x00,0x00,CURRENT,1,0,OK,0.3,0.334,50.0,150.011,,1180.026,,,0.0,17.0
2026-08-06 11:50:00.854,359982,54001,150010576,1180.019830,,2588.518,0x00,0x00,CURRENT,1,0,OK,0.3,0.334,50.0,150.011,,1180.026,,,0.0,17.0
2026-08-06 11:50:01.688,355770,53369,150010720,1180.021351,,2589.353,0x00,0x00,CURRENT,1,0,OK,0.3,0.328,49.0,150.012,,1180.032,,,0.0,16.0
2026-08-06 11:50:02.503,351767,52769,150011392,1180.028447,,2590.167,0x00,0x00,CURRENT,1,0,OK,0.3,0.328,49.0,150.012,,1180.032,,,0.0,16.0
2026-08-06 11:50:03.817,347962,52198,150011520,1180.029799,,2591.482,0x00,0x00,CURRENT,1,0,OK,0.3,0.323,48.0,150.013,,1180.042,,,0.0,16.0
2026-08-06 11:50:04.632,344340,51655,150011008,1180.024392,,2592.297,0x00,0x00,CURRENT,1,0,OK,0.3,0.323,48.0,150.013,,1180.042,,,0.0,16.0
2026-08-06 11:50:05.466,340898,51138,150010912,1180.023378,,2593.130,0x00,0x00,CURRENT,1,0,OK,0.3,0.316,47.0,150.013,,1180.046,,,0.0,15.0
2026-08-06 11:50:06.355,337631,50648,150010576,1180.019830,,2594.020,0x00,0x00,CURRENT,1,0,OK,0.3,0.316,47.0,150.013,,1180.046,,,0.0,15.0
2026-08-06 11:50:07.170,334525,50182,150010800,1180.022196,,2594.834,0x00,0x00,CURRENT,1,0,OK,0.3,0.316,47.0,150.013,,1180.046,,,0.0,15.0
2026-08-06 11:50:08.004,331577,49740,150011008,1180.024392,,2595.668,0x00,0x00,CURRENT,1,0,OK,0.3,0.31,47.0,150.014,,1180.052,,,0.0,14.0
2026-08-06 11:50:08.853,328773,49320,150011392,1180.028447,,2596.518,0x00,0x00,CURRENT,1,0,OK,0.3,0.31,47.0,150.014,,1180.052,,,0.0,14.0
2026-08-06 11:50:09.688,326117,48921,150011040,1180.024730,,2597.353,0x00,0x00,CURRENT,1,0,OK,0.3,0.307,46.0,150.014,,1180.054,,,0.0,14.0
2026-08-06 11:50:10.503,323588,48542,150011200,1180.026420,,2598.168,0x00,0x00,CURRENT,1,0,OK,0.3,0.307,46.0,150.014,,1180.054,,,0.0,14.0
2026-08-06 11:50:11.817,321185,48181,150011696,1180.031657,,2599.482,0x00,0x00,CURRENT,1,0,OK,0.3,0.304,46.0,150.014,,1180.061,,,0.0,14.0
2026-08-06 11:50:12.632,318904,47839,150011152,1180.025913,,2600.297,0x00,0x00,CURRENT,1,0,OK,0.3,0.304,46.0,150.014,,1180.061,,,0.0,14.0
2026-08-06 11:50:13.466,316728,47513,150011904,1180.033854,,2601.131,0x00,0x00,CURRENT,1,0,OK,0.3,0.3,45.0,150.015,,1180.064,,,0.0,13.0
2026-08-06 11:50:14.354,314669,47204,150012048,1180.035374,,2602.018,0x00,0x00,CURRENT,1,0,OK,0.3,0.3,45.0,150.015,,1180.064,,,0.0,13.0
2026-08-06 11:50:15.169,312719,46912,150011984,1180.034698,,2602.834,0x00,0x00,CURRENT,1,0,OK,0.3,0.3,45.0,150.015,,1180.064,,,0.0,13.0
2026-08-06 11:50:16.002,310864,46633,150012352,1180.038584,,2603.667,0x00,0x00,CURRENT,1,0,OK,0.3,0.296,44.0,150.015,,1180.067,,,0.0,13.0
2026-08-06 11:50:16.853,309263,46393,150012144,1180.036388,,2604.517,0x00,0x00,CURRENT,1,0,OK,0.3,0.296,44.0,150.015,,1180.067,,,0.0,13.0
2026-08-06 11:50:17.687,307747,46166,150012048,1180.035374,,2605.351,0x00,0x00,CURRENT,1,0,OK,0.3,0.295,44.0,150.015,,1180.072,,,0.0,13.0
2026-08-06 11:50:18.502,306307,45950,150012624,1180.041456,,2606.166,0x00,0x00,CURRENT,1,0,OK,0.3,0.295,44.0,150.015,,1180.072,,,0.0,13.0
2026-08-06 11:50:19.816,305105,45770,150012528,1180.040443,,2607.480,0x00,0x00,CURRENT,1,0,OK,0.3,0.293,44.0,150.015,,1180.07,,,0.0,13.0
2026-08-06 11:50:20.630,303963,45598,150012720,1180.042470,,2608.295,0x00,0x00,CURRENT,1,0,OK,0.3,0.293,44.0,150.015,,1180.07,,,0.0,13.0
2026-08-06 11:50:21.464,303049,45461,150013344,1180.049059,,2609.129,0x00,0x00,CURRENT,1,0,OK,0.3,0.291,44.0,150.015,,1180.07,,,0.0,13.0
2026-08-06 11:50:22.354,302181,45331,150013200,1180.047539,,2610.019,0x00,0x00,CURRENT,1,0,OK,0.3,0.291,44.0,150.015,,1180.07,,,0.0,13.0
2026-08-06 11:50:23.169,301525,45233,150013440,1180.050073,,2610.834,0x00,0x00,CURRENT,1,0,OK,0.3,0.291,44.0,150.015,,1180.07,,,0.0,13.0
2026-08-06 11:50:24.004,300903,45140,150013952,1180.055480,,2611.668,0x00,0x00,CURRENT,1,0,OK,0.3,0.291,44.0,150.016,,1180.075,,,0.0,13.0
2026-08-06 11:50:24.855,300479,45076,150013808,1180.053959,,2612.519,0x00,0x00,CURRENT,1,0,OK,0.3,0.291,44.0,150.016,,1180.075,,,0.0,13.0
2026-08-06 11:50:25.689,300082,45016,150013696,1180.052776,,2613.353,0x00,0x00,CURRENT,1,0,OK,0.3,0.291,44.0,150.016,,1180.078,,,0.0,13.0
2026-08-06 11:50:26.504,299870,44984,150013280,1180.048384,,2614.168,0x00,0x00,CURRENT,1,0,OK,0.3,0.291,44.0,150.016,,1180.078,,,0.0,13.0
2026-08-06 11:50:27.817,299830,44978,150013056,1180.046018,,2615.482,0x00,0x00,CURRENT,1,0,OK,0.3,0.291,44.0,150.017,,1180.084,,,0.0,13.0
2026-08-06 11:50:28.633,299794,44973,150013536,1180.051087,,2616.297,0x00,0x00,CURRENT,1,0,OK,0.3,0.291,44.0,150.017,,1180.084,,,0.0,13.0
2026-08-06 11:50:29.466,299766,44969,150013008,1180.045511,,2617.131,0x00,0x00,CURRENT,1,0,OK,0.3,0.292,44.0,150.017,,1180.086,,,1.0,13.0
2026-08-06 11:50:30.354,299905,44990,150013840,1180.054297,,2618.019,0x00,0x00,CURRENT,1,0,OK,0.3,0.292,44.0,150.017,,1180.086,,,1.0,13.0
2026-08-06 11:50:31.169,300039,45010,150013680,1180.052607,,2618.834,0x00,0x00,CURRENT,1,0,OK,0.3,0.292,44.0,150.017,,1180.086,,,1.0,13.0
2026-08-06 11:50:32.003,300330,45054,150014160,1180.057676,,2619.668,0x00,0x00,CURRENT,1,0,OK,0.3,0.293,44.0,150.017,,1180.083,,,1.0,13.0
2026-08-06 11:50:32.853,300611,45096,150014432,1180.060548,,2620.518,0x00,0x00,CURRENT,1,0,OK,0.3,0.293,44.0,150.017,,1180.083,,,1.0,13.0
2026-08-06 11:50:33.688,300879,45136,150014832,1180.064772,,2621.352,0x00,0x00,CURRENT,1,0,OK,0.3,0.295,44.0,150.017,,1180.084,,,1.0,13.0
2026-08-06 11:50:34.502,301126,45173,150014944,1180.065955,,2622.167,0x00,0x00,CURRENT,1,0,OK,0.3,0.295,44.0,150.017,,1180.084,,,1.0,13.0
2026-08-06 11:50:35.816,301527,45233,150014640,1180.062745,,2623.481,0x00,0x00,CURRENT,1,0,OK,0.3,0.296,44.0,150.017,,1180.086,,,1.0,13.0
2026-08-06 11:50:36.631,301906,45290,150014704,1180.063421,,2624.296,0x00,0x00,CURRENT,1,0,OK,0.3,0.296,44.0,150.017,,1180.086,,,1.0,13.0
2026-08-06 11:50:37.465,302263,45344,150014720,1180.063590,,2625.130,0x00,0x00,CURRENT,1,0,OK,0.3,0.298,45.0,150.017,,1180.092,,,1.0,13.0
2026-08-06 11:50:38.354,302601,45395,150014880,1180.065279,,2626.019,0x00,0x00,CURRENT,1,0,OK,0.3,0.298,45.0,150.017,,1180.092,,,1.0,13.0
2026-08-06 11:50:39.169,302924,45443,150014928,1180.065786,,2626.834,0x00,0x00,CURRENT,1,0,OK,0.3,0.298,45.0,150.017,,1180.092,,,1.0,13.0
2026-08-06 11:50:40.003,303230,45489,150014736,1180.063758,,2627.668,0x00,0x00,CURRENT,1,0,OK,0.3,0.299,45.0,150.017,,1180.089,,,1.0,13.0
2026-08-06 11:50:40.855,303522,45533,150014800,1180.064434,,2628.519,0x00,0x00,CURRENT,1,0,OK,0.3,0.299,45.0,150.017,,1180.089,,,1.0,13.0
2026-08-06 11:50:41.688,303800,45575,150014848,1180.064941,,2629.353,0x00,0x00,CURRENT,1,0,OK,0.3,0.3,45.0,150.017,,1180.085,,,1.0,14.0
2026-08-06 11:50:42.504,304064,45614,150015056,1180.067138,,2630.168,0x00,0x00,CURRENT,1,0,OK,0.3,0.3,45.0,150.017,,1180.085,,,1.0,14.0
2026-08-06 11:50:43.818,304321,45653,150014992,1180.066462,,2631.482,0x00,0x00,CURRENT,1,0,OK,0.3,0.301,45.0,150.017,,1180.087,,,1.0,14.0
2026-08-06 11:50:44.633,304565,45689,150014720,1180.063590,,2632.297,0x00,0x00,CURRENT,1,0,OK,0.3,0.301,45.0,150.017,,1180.087,,,1.0,14.0
2026-08-06 11:50:45.467,304790,45723,150014896,1180.065448,,2633.131,0x00,0x00,CURRENT,1,0,OK,0.3,0.302,45.0,150.017,,1180.084,,,1.0,14.0
2026-08-06 11:50:46.355,305012,45756,150015024,1180.066800,,2634.020,0x00,0x00,CURRENT,1,0,OK,0.3,0.302,45.0,150.017,,1180.084,,,1.0,14.0
2026-08-06 11:50:47.170,305215,45787,150015392,1180.070686,,2634.835,0x00,0x00,CURRENT,1,0,OK,0.3,0.302,45.0,150.017,,1180.084,,,1.0,14.0
2026-08-06 11:50:48.004,305236,45790,150015312,1180.069841,,2635.669,0x00,0x00,CURRENT,1,0,OK,0.3,0.303,45.0,150.017,,1180.09,,,1.0,14.0
2026-08-06 11:50:48.855,305259,45793,150015200,1180.068658,,2636.520,0x00,0x00,CURRENT,1,0,OK,0.3,0.303,45.0,150.017,,1180.09,,,1.0,14.0
2026-08-06 11:50:49.689,305287,45798,150015488,1180.071699,,2637.354,0x00,0x00,CURRENT,1,0,OK,0.3,0.303,46.0,150.017,,1180.088,,,1.0,14.0
2026-08-06 11:50:50.504,305318,45802,150015456,1180.071361,,2638.169,0x00,0x00,CURRENT,1,0,OK,0.3,0.303,46.0,150.017,,1180.088,,,1.0,14.0
2026-08-06 11:50:51.818,305345,45806,150015744,1180.074403,,2639.483,0x00,0x00,CURRENT,1,0,OK,0.3,0.304,46.0,150.017,,1180.09,,,1.0,14.0
2026-08-06 11:50:52.633,305198,45785,150015984,1180.076937,,2640.298,0x00,0x00,CURRENT,1,0,OK,0.3,0.304,46.0,150.017,,1180.09,,,1.0,14.0
2026-08-06 11:50:53.467,305069,45765,150016592,1180.083357,,2641.132,0x00,0x00,CURRENT,1,0,OK,0.3,0.304,46.0,150.017,,1180.089,,,1.0,14.0
2026-08-06 11:50:54.354,304943,45746,150016496,1180.082344,,2642.019,0x00,0x00,CURRENT,1,0,OK,0.3,0.304,46.0,150.017,,1180.089,,,1.0,14.0
2026-08-06 11:50:55.169,304814,45727,150016656,1180.084033,,2642.834,0x00,0x00,CURRENT,1,0,OK,0.3,0.304,46.0,150.017,,1180.089,,,1.0,14.0
2026-08-06 11:50:56.003,304705,45711,150016912,1180.086736,,2643.668,0x00,0x00,CURRENT,1,0,OK,0.3,0.304,46.0,150.018,,1180.095,,,1.0,14.0
2026-08-06 11:50:56.854,304420,45668,150017360,1180.091467,,2644.519,0x00,0x00,CURRENT,1,0,OK,0.3,0.304,46.0,150.018,,1180.095,,,1.0,14.0
2026-08-06 11:50:57.688,304147,45627,150017600,1180.094001,,2645.353,0x00,0x00,CURRENT,1,0,OK,0.3,0.303,46.0,150.018,,1180.095,,,1.0,14.0
2026-08-06 11:50:58.503,303882,45588,150017920,1180.097380,,2646.168,0x00,0x00,CURRENT,1,0,OK,0.3,0.303,46.0,150.018,,1180.095,,,1.0,14.0
2026-08-06 11:50:59.817,303643,45552,150017520,1180.093157,,2647.482,0x00,0x00,CURRENT,1,0,OK,0.3,0.303,45.0,150.018,,1180.097,,,1.0,14.0
2026-08-06 11:51:00.632,303406,45516,150017440,1180.092312,,2648.297,0x00,0x00,CURRENT,1,0,OK,0.3,0.303,45.0,150.018,,1180.097,,,1.0,14.0
2026-08-06 11:51:01.466,303011,45457,150017616,1180.094170,,2649.131,0x00,0x00,CURRENT,1,0,OK,0.3,0.302,45.0,150.019,,1180.108,,,0.0,14.0
2026-08-06 11:51:02.354,302642,45401,150016944,1180.087074,,2650.019,0x00,0x00,CURRENT,1,0,OK,0.3,0.302,45.0,150.019,,1180.108,,,0.0,14.0
2026-08-06 11:51:03.169,302292,45349,150017392,1180.091805,,2650.834,0x00,0x00,CURRENT,1,0,OK,0.3,0.302,45.0,150.019,,1180.108,,,0.0,14.0
2026-08-06 11:51:04.003,301965,45300,150017312,1180.090960,,2651.668,0x00,0x00,CURRENT,1,0,OK,0.3,0.301,45.0,150.02,,1180.115,,,0.0,14.0
2026-08-06 11:51:04.903,301662,45254,150016960,1180.087243,,2652.568,0x00,0x00,CURRENT,1,0,OK,0.3,0.301,45.0,150.02,,1180.115,,,0.0,14.0
2026-08-06 11:51:06.218,301361,45209,150017136,1180.089102,,2653.883,0x00,0x00,CURRENT,1,0,OK,0.3,0.301,45.0,150.02,,1180.116,,,0.0,14.0
2026-08-06 11:51:07.033,301082,45168,150017568,1180.093663,,2654.698,0x00,0x00,CURRENT,1,0,OK,0.3,0.301,45.0,150.02,,1180.116,,,0.0,14.0
2026-08-06 11:51:07.867,300819,45128,150017632,1180.094339,,2655.532,0x00,0x00,CURRENT,1,0,OK,0.3,0.3,45.0,150.019,,1180.114,,,0.0,14.0
2026-08-06 11:51:08.682,300570,45091,150017440,1180.092312,,2656.347,0x00,0x00,CURRENT,1,0,OK,0.3,0.3,45.0,150.019,,1180.114,,,0.0,14.0
2026-08-06 11:51:09.516,300328,45055,150017584,1180.093832,,2657.181,0x00,0x00,CURRENT,1,0,OK,0.3,0.3,45.0,150.02,,1180.117,,,0.0,13.0
2026-08-06 11:51:10.354,300098,45020,150017856,1180.096705,,2658.019,0x00,0x00,CURRENT,1,0,OK,0.3,0.3,45.0,150.02,,1180.117,,,0.0,13.0
2026-08-06 11:51:11.169,299871,44986,150018000,1180.098225,,2658.834,0x00,0x00,CURRENT,1,0,OK,0.3,0.3,45.0,150.02,,1180.117,,,0.0,13.0
2026-08-06 11:51:12.003,299655,44954,150018640,1180.104983,,2659.668,0x00,0x00,CURRENT,1,0,OK,0.3,0.299,45.0,150.02,,1180.122,,,0.0,13.0
2026-08-06 11:51:12.854,299451,44923,150019168,1180.110559,,2660.519,0x00,0x00,CURRENT,1,0,OK,0.3,0.299,45.0,150.02,,1180.122,,,0.0,13.0
2026-08-06 11:51:13.688,299254,44894,150019264,1180.111573,,2661.353,0x00,0x00,CURRENT,1,0,OK,0.3,0.299,45.0,150.021,,1180.128,,,0.0,13.0
2026-08-06 11:51:14.503,299073,44867,150018992,1180.108700,,2662.168,0x00,0x00,CURRENT,1,0,OK,0.3,0.299,45.0,150.021,,1180.128,,,0.0,13.0
2026-08-06 11:51:15.817,298906,44842,150018928,1180.108025,,2663.482,0x00,0x00,CURRENT,1,0,OK,0.3,0.298,45.0,150.021,,1180.132,,,0.0,13.0
2026-08-06 11:51:16.632,298913,44843,150018800,1180.106673,,2664.296,0x00,0x00,CURRENT,1,0,OK,0.3,0.298,45.0,150.021,,1180.132,,,0.0,13.0
2026-08-06 11:51:17.466,298929,44845,150018768,1180.106335,,2665.131,0x00,0x00,CURRENT,1,0,OK,0.3,0.298,45.0,150.02,,1180.124,,,1.0,13.0
2026-08-06 11:51:18.353,298928,44845,150018464,1180.103125,,2666.017,0x00,0x00,CURRENT,1,0,OK,0.3,0.298,45.0,150.02,,1180.124,,,1.0,13.0
2026-08-06 11:51:19.168,298941,44847,150018752,1180.106166,,2666.832,0x00,0x00,CURRENT,1,0,OK,0.3,0.298,45.0,150.02,,1180.124,,,1.0,13.0
2026-08-06 11:51:20.002,298947,44848,150018608,1180.104646,,2667.666,0x00,0x00,CURRENT,1,0,OK,0.3,0.298,45.0,150.02,,1180.119,,,1.0,13.0
2026-08-06 11:51:20.854,298961,44850,150018592,1180.104477,,2668.519,0x00,0x00,CURRENT,1,0,OK,0.3,0.298,45.0,150.02,,1180.119,,,1.0,13.0
2026-08-06 11:51:21.688,298971,44851,150018176,1180.100084,,2669.352,0x00,0x00,CURRENT,1,0,OK,0.3,0.298,45.0,150.021,,1180.128,,,1.0,13.0
2026-08-06 11:51:22.503,298973,44852,150018496,1180.103463,,2670.168,0x00,0x00,CURRENT,1,0,OK,0.3,0.298,45.0,150.021,,1180.128,,,1.0,13.0
2026-08-06 11:51:23.817,298986,44853,150018592,1180.104477,,2671.482,0x00,0x00,CURRENT,1,0,OK,0.3,0.299,45.0,150.022,,1180.137,,,1.0,13.0
2026-08-06 11:51:24.632,298986,44853,150018464,1180.103125,,2672.297,0x00,0x00,CURRENT,1,0,OK,0.3,0.299,45.0,150.022,,1180.137,,,1.0,13.0
2026-08-06 11:51:25.466,298986,44853,150018192,1180.100253,,2673.131,0x00,0x00,CURRENT,1,0,OK,0.3,0.299,45.0,150.02,,1180.117,,,1.0,13.0
2026-08-06 11:51:26.355,299151,44878,150018144,1180.099746,,2674.020,0x00,0x00,CURRENT,1,0,OK,0.3,0.299,45.0,150.02,,1180.117,,,1.0,13.0
2026-08-06 11:51:27.170,299313,44902,150018128,1180.099577,,2674.835,0x00,0x00,CURRENT,1,0,OK,0.3,0.299,45.0,150.02,,1180.117,,,1.0,13.0
2026-08-06 11:51:28.004,299474,44927,150018256,1180.100929,,2675.669,0x00,0x00,CURRENT,1,0,OK,0.3,0.299,45.0,150.02,,1180.12,,,1.0,13.0
2026-08-06 11:51:28.854,299625,44949,150018352,1180.101942,,2676.519,0x00,0x00,CURRENT,1,0,OK,0.3,0.299,45.0,150.02,,1180.12,,,1.0,13.0
2026-08-06 11:51:29.688,299762,44970,150018272,1180.101097,,2677.353,0x00,0x00,CURRENT,1,0,OK,0.3,0.299,45.0,150.02,,1180.122,,,1.0,13.0
2026-08-06 11:51:30.503,299886,44988,150018800,1180.106673,,2678.167,0x00,0x00,CURRENT,1,0,OK,0.3,0.299,45.0,150.02,,1180.122,,,1.0,13.0
2026-08-06 11:51:31.817,300011,45007,150019184,1180.110728,,2679.481,0x00,0x00,CURRENT,1,0,OK,0.3,0.3,45.0,150.02,,1180.123,,,1.0,13.0
2026-08-06 11:51:32.632,300128,45025,150019232,1180.111235,,2680.296,0x00,0x00,CURRENT,1,0,OK,0.3,0.3,45.0,150.02,,1180.123,,,1.0,13.0
2026-08-06 11:51:33.466,300240,45042,150019152,1180.110390,,2681.130,0x00,0x00,CURRENT,1,0,OK,0.3,0.3,45.0,150.02,,1180.121,,,1.0,14.0
2026-08-06 11:51:34.354,300346,45058,150019072,1180.109545,,2682.018,0x00,0x00,CURRENT,1,0,OK,0.3,0.3,45.0,150.02,,1180.121,,,1.0,14.0
2026-08-06 11:51:35.169,300448,45073,150019056,1180.109376,,2682.834,0x00,0x00,CURRENT,1,0,OK,0.3,0.3,45.0,150.02,,1180.121,,,1.0,14.0
2026-08-06 11:51:36.003,300541,45087,150018944,1180.108194,,2683.667,0x00,0x00,CURRENT,1,0,OK,0.3,0.3,45.0,150.02,,1180.121,,,1.0,14.0
2026-08-06 11:51:36.854,300632,45101,150019024,1180.109038,,2684.518,0x00,0x00,CURRENT,1,0,OK,0.3,0.3,45.0,150.02,,1180.121,,,1.0,14.0
2026-08-06 11:51:37.687,300721,45114,150019232,1180.111235,,2685.352,0x00,0x00,CURRENT,1,0,OK,0.3,0.301,45.0,150.019,,1180.114,,,1.0,14.0
2026-08-06 11:51:38.503,300801,45126,150019152,1180.110390,,2686.167,0x00,0x00,CURRENT,1,0,OK,0.3,0.301,45.0,150.019,,1180.114,,,1.0,14.0
2026-08-06 11:51:39.817,300887,45139,150018928,1180.108025,,2687.481,0x00,0x00,CURRENT,1,0,OK,0.3,0.301,45.0,150.019,,1180.111,,,1.0,14.0
2026-08-06 11:51:40.632,300969,45151,150018944,1180.108194,,2688.296,0x00,0x00,CURRENT,1,0,OK,0.3,0.301,45.0,150.019,,1180.111,,,1.0,14.0
2026-08-06 11:51:41.465,300880,45138,150019024,1180.109038,,2689.130,0x00,0x00,CURRENT,1,0,OK,0.3,0.301,45.0,150.02,,1180.115,,,1.0,14.0
2026-08-06 11:51:42.354,300788,45124,150018864,1180.107349,,2690.018,0x00,0x00,CURRENT,1,0,OK,0.3,0.301,45.0,150.02,,1180.115,,,1.0,14.0
2026-08-06 11:51:43.169,300696,45110,150019600,1180.115121,,2690.833,0x00,0x00,CURRENT,1,0,OK,0.3,0.301,45.0,150.02,,1180.115,,,1.0,14.0
2026-08-06 11:51:44.002,300613,45098,150019264,1180.111573,,2691.667,0x00,0x00,CURRENT,1,0,OK,0.3,0.301,45.0,150.019,,1180.108,,,1.0,14.0
2026-08-06 11:51:44.854,300531,45085,150018848,1180.107180,,2692.519,0x00,0x00,CURRENT,1,0,OK,0.3,0.301,45.0,150.019,,1180.108,,,1.0,14.0
2026-08-06 11:51:45.689,300453,45074,150018928,1180.108025,,2693.353,0x00,0x00,CURRENT,1,0,OK,0.3,0.301,45.0,150.019,,1180.105,,,1.0,14.0
2026-08-06 11:51:46.504,300381,45063,150018464,1180.103125,,2694.168,0x00,0x00,CURRENT,1,0,OK,0.3,0.301,45.0,150.019,,1180.105,,,1.0,14.0
2026-08-06 11:51:47.818,300319,45054,150018672,1180.105321,,2695.482,0x00,0x00,CURRENT,1,0,OK,0.3,0.3,45.0,150.019,,1180.109,,,1.0,14.0
2026-08-06 11:51:48.632,300253,45044,150018864,1180.107349,,2696.297,0x00,0x00,CURRENT,1,0,OK,0.3,0.3,45.0,150.019,,1180.109,,,1.0,14.0
2026-08-06 11:51:49.466,300194,45035,150019504,1180.114107,,2697.131,0x00,0x00,CURRENT,1,0,OK,0.3,0.3,45.0,150.019,,1180.104,,,1.0,14.0
2026-08-06 11:51:50.354,300141,45027,150019168,1180.110559,,2698.019,0x00,0x00,CURRENT,1,0,OK,0.3,0.3,45.0,150.019,,1180.104,,,1.0,14.0
2026-08-06 11:51:51.169,300085,45018,150018880,1180.107518,,2698.834,0x00,0x00,CURRENT,1,0,OK,0.3,0.3,45.0,150.019,,1180.104,,,1.0,14.0
2026-08-06 11:51:52.004,300036,45011,150018512,1180.103632,,2699.668,0x00,0x00,CURRENT,1,0,OK,0.3,0.3,45.0,150.018,,1180.095,,,1.0,14.0
2026-08-06 11:51:52.854,299981,45003,150018384,1180.102280,,2700.518,0x00,0x00,CURRENT,1,0,OK,0.3,0.3,45.0,150.018,,1180.095,,,1.0,14.0
2026-08-06 11:51:53.688,299933,44996,150018288,1180.101266,,2701.352,0x00,0x00,CURRENT,1,0,OK,0.3,0.3,45.0,150.017,,1180.088,,,1.0,13.0
2026-08-06 11:51:54.502,299881,44988,150018432,1180.102787,,2702.167,0x00,0x00,CURRENT,1,0,OK,0.3,0.3,45.0,150.017,,1180.088,,,1.0,13.0
2026-08-06 11:51:55.816,299834,44981,150018896,1180.107687,,2703.481,0x00,0x00,CURRENT,1,0,OK,0.3,0.3,45.0,150.017,,1180.091,,,1.0,13.0
2026-08-06 11:51:56.632,299800,44975,150018256,1180.100929,,2704.296,0x00,0x00,CURRENT,1,0,OK,0.3,0.3,45.0,150.017,,1180.091,,,1.0,13.0
2026-08-06 11:51:57.465,299767,44970,150017920,1180.097380,,2705.130,0x00,0x00,CURRENT,1,0,OK,0.3,0.3,45.0,150.017,,1180.091,,,1.0,13.0
2026-08-06 11:51:58.355,299732,44965,150018080,1180.099070,,2706.019,0x00,0x00,CURRENT,1,0,OK,0.3,0.3,45.0,150.017,,1180.091,,,1.0,13.0
2026-08-06 11:51:59.170,299701,44961,150017840,1180.096536,,2706.834,0x00,0x00,CURRENT,1,0,OK,0.3,0.3,45.0,150.017,,1180.091,,,1.0,13.0
2026-08-06 11:52:00.003,299672,44956,150017888,1180.097043,,2707.668,0x00,0x00,CURRENT,1,0,OK,0.3,0.3,45.0,150.016,,1180.078,,,1.0,13.0
2026-08-06 11:52:00.854,299636,44951,150017936,1180.097549,,2708.519,0x00,0x00,CURRENT,1,0,OK,0.3,0.3,45.0,150.016,,1180.078,,,1.0,13.0
2026-08-06 11:52:01.688,299602,44946,150018544,1180.103970,,2709.353,0x00,0x00,CURRENT,1,0,OK,0.3,0.3,45.0,150.016,,1180.08,,,1.0,13.0
2026-08-06 11:52:02.504,299583,44943,150018688,1180.105490,,2710.168,0x00,0x00,CURRENT,1,0,OK,0.3,0.3,45.0,150.016,,1180.08,,,1.0,13.0
2026-08-06 11:52:03.817,299560,44940,150018704,1180.105659,,2711.482,0x00,0x00,CURRENT,1,0,OK,0.3,0.3,45.0,150.016,,1180.08,,,1.0,13.0
2026-08-06 11:52:04.632,299538,44936,150018592,1180.104477,,2712.297,0x00,0x00,CURRENT,1,0,OK,0.3,0.3,45.0,150.016,,1180.08,,,1.0,13.0
2026-08-06 11:52:05.467,299516,44933,150018368,1180.102111,,2713.131,0x00,0x00,CURRENT,1,0,OK,0.3,0.299,45.0,150.016,,1180.08,,,1.0,13.0
2026-08-06 11:52:06.353,299498,44930,150017808,1180.096198,,2714.018,0x00,0x00,CURRENT,1,0,OK,0.3,0.299,45.0,150.016,,1180.08,,,1.0,13.0
2026-08-06 11:52:07.168,299645,44952,150018240,1180.100760,,2714.833,0x00,0x00,CURRENT,1,0,OK,0.3,0.299,45.0,150.016,,1180.08,,,1.0,13.0
2026-08-06 11:52:08.002,299788,44974,150017936,1180.097549,,2715.667,0x00,0x00,CURRENT,1,0,OK,0.3,0.3,45.0,150.016,,1180.077,,,1.0,13.0
2026-08-06 11:52:08.855,299919,44993,150018176,1180.100084,,2716.519,0x00,0x00,CURRENT,1,0,OK,0.3,0.3,45.0,150.016,,1180.077,,,1.0,13.0
2026-08-06 11:52:09.689,300050,45013,150017728,1180.095353,,2717.353,0x00,0x00,CURRENT,1,0,OK,0.3,0.3,45.0,150.017,,1180.084,,,1.0,13.0
2026-08-06 11:52:10.504,300171,45031,150017360,1180.091467,,2718.168,0x00,0x00,CURRENT,1,0,OK,0.3,0.3,45.0,150.017,,1180.084,,,1.0,13.0
2026-08-06 11:52:11.817,300282,45048,150017760,1180.095691,,2719.482,0x00,0x00,CURRENT,1,0,OK,0.3,0.3,45.0,150.018,,1180.094,,,1.0,14.0
2026-08-06 11:52:12.632,300388,45063,150017424,1180.092143,,2720.297,0x00,0x00,CURRENT,1,0,OK,0.3,0.3,45.0,150.018,,1180.094,,,1.0,14.0
2026-08-06 11:52:13.466,300315,45052,150017408,1180.091974,,2721.131,0x00,0x00,CURRENT,1,0,OK,0.3,0.3,45.0,150.017,,1180.093,,,1.0,14.0
2026-08-06 11:52:14.355,300256,45044,150017168,1180.089440,,2722.019,0x00,0x00,CURRENT,1,0,OK,0.3,0.3,45.0,150.017,,1180.093,,,1.0,14.0
2026-08-06 11:52:15.169,300200,45035,150017200,1180.089778,,2722.834,0x00,0x00,CURRENT,1,0,OK,0.3,0.3,45.0,150.017,,1180.093,,,1.0,14.0
2026-08-06 11:52:16.003,300150,45028,150017152,1180.089271,,2723.668,0x00,0x00,CURRENT,1,0,OK,0.3,0.3,45.0,150.017,,1180.084,,,1.0,14.0
2026-08-06 11:52:16.855,300099,45020,150017216,1180.089946,,2724.519,0x00,0x00,CURRENT,1,0,OK,0.3,0.3,45.0,150.017,,1180.084,,,1.0,14.0
2026-08-06 11:52:17.688,300057,45014,150017104,1180.088764,,2725.353,0x00,0x00,CURRENT,1,0,OK,0.3,0.3,45.0,150.017,,1180.084,,,1.0,14.0
2026-08-06 11:52:18.503,300004,45006,150017392,1180.091805,,2726.168,0x00,0x00,CURRENT,1,0,OK,0.3,0.3,45.0,150.017,,1180.084,,,1.0,14.0
2026-08-06 11:52:19.817,299954,44998,150016784,1180.085385,,2727.482,0x00,0x00,CURRENT,1,0,OK,0.3,0.3,45.0,150.016,,1180.077,,,1.0,14.0
2026-08-06 11:52:20.632,299908,44991,150016864,1180.086229,,2728.297,0x00,0x00,CURRENT,1,0,OK,0.3,0.3,45.0,150.016,,1180.077,,,1.0,14.0
2026-08-06 11:52:21.466,299864,44985,150017136,1180.089102,,2729.131,0x00,0x00,CURRENT,1,0,OK,0.3,0.3,45.0,150.017,,1180.089,,,1.0,13.0
2026-08-06 11:52:22.354,299826,44979,150016560,1180.083019,,2730.019,0x00,0x00,CURRENT,1,0,OK,0.3,0.3,45.0,150.017,,1180.089,,,1.0,13.0
2026-08-06 11:52:23.169,299790,44973,150016160,1180.078795,,2730.834,0x00,0x00,CURRENT,1,0,OK,0.3,0.3,45.0,150.017,,1180.089,,,1.0,13.0
2026-08-06 11:52:24.003,299759,44969,150016368,1180.080992,,2731.668,0x00,0x00,CURRENT,1,0,OK,0.3,0.3,45.0,150.016,,1180.08,,,1.0,13.0
2026-08-06 11:52:24.855,299723,44963,150016640,1180.083864,,2732.520,0x00,0x00,CURRENT,1,0,OK,0.3,0.3,45.0,150.016,,1180.08,,,1.0,13.0
2026-08-06 11:52:25.689,299689,44959,150017424,1180.092143,,2733.354,0x00,0x00,CURRENT,1,0,OK,0.3,0.3,45.0,150.016,,1180.082,,,1.0,13.0
2026-08-06 11:52:26.504,299647,44952,150017424,1180.092143,,2734.169,0x00,0x00,CURRENT,1,0,OK,0.3,0.3,45.0,150.016,,1180.082,,,1.0,13.0
2026-08-06 11:52:27.818,299786,44973,150017664,1180.094677,,2735.483,0x00,0x00,CURRENT,1,0,OK,0.3,0.3,45.0,150.017,,1180.091,,,1.0,13.0
2026-08-06 11:52:28.633,299920,44993,150017872,1180.096874,,2736.298,0x00,0x00,CURRENT,1,0,OK,0.3,0.3,45.0,150.017,,1180.091,,,1.0,13.0
2026-08-06 11:52:29.467,300048,45013,150017744,1180.095522,,2737.132,0x00,0x00,CURRENT,1,0,OK,0.3,0.3,45.0,150.017,,1180.086,,,1.0,14.0
2026-08-06 11:52:30.354,300170,45031,150017712,1180.095184,,2738.019,0x00,0x00,CURRENT,1,0,OK,0.3,0.3,45.0,150.017,,1180.086,,,1.0,14.0
2026-08-06 11:52:31.169,300282,45048,150017776,1180.095860,,2738.834,0x00,0x00,CURRENT,1,0,OK,0.3,0.3,45.0,150.017,,1180.086,,,1.0,14.0
2026-08-06 11:52:32.003,300216,45038,150017616,1180.094170,,2739.668,0x00,0x00,CURRENT,1,0,OK,0.3,0.3,45.0,150.017,,1180.088,,,1.0,14.0
2026-08-06 11:52:32.853,300154,45028,150017376,1180.091636,,2740.518,0x00,0x00,CURRENT,1,0,OK,0.3,0.3,45.0,150.017,,1180.088,,,1.0,14.0
2026-08-06 11:52:33.687,300097,45020,150016736,1180.084878,,2741.352,0x00,0x00,CURRENT,1,0,OK,0.3,0.3,45.0,150.016,,1180.082,,,1.0,14.0
2026-08-06 11:52:34.502,300052,45013,150016704,1180.084540,,2742.167,0x00,0x00,CURRENT,1,0,OK,0.3,0.3,45.0,150.016,,1180.082,,,1.0,14.0
2026-08-06 11:52:35.816,300000,45005,150016720,1180.084709,,2743.481,0x00,0x00,CURRENT,1,0,OK,0.3,0.3,45.0,150.017,,1180.086,,,1.0,14.0
2026-08-06 11:52:36.631,299951,44998,150016672,1180.084202,,2744.296,0x00,0x00,CURRENT,1,0,OK,0.3,0.3,45.0,150.017,,1180.086,,,1.0,14.0
2026-08-06 11:52:37.465,299902,44990,150016752,1180.085047,,2745.130,0x00,0x00,CURRENT,1,0,OK,0.3,0.3,45.0,150.018,,1180.094,,,1.0,14.0
2026-08-06 11:52:38.354,299858,44984,150016496,1180.082344,,2746.019,0x00,0x00,CURRENT,1,0,OK,0.3,0.3,45.0,150.018,,1180.094,,,1.0,14.0
2026-08-06 11:52:39.169,299813,44977,150016304,1180.080316,,2746.834,0x00,0x00,CURRENT,1,0,OK,0.3,0.3,45.0,150.018,,1180.094,,,1.0,14.0
2026-08-06 11:52:40.003,299770,44970,150016448,1180.081837,,2747.668,0x00,0x00,CURRENT,1,0,OK,0.3,0.3,45.0,150.017,,1180.089,,,1.0,13.0
2026-08-06 11:52:40.854,299734,44965,150016304,1180.080316,,2748.519,0x00,0x00,CURRENT,1,0,OK,0.3,0.3,45.0,150.017,,1180.089,,,1.0,13.0
2026-08-06 11:52:41.688,299702,44960,150015696,1180.073896,,2749.353,0x00,0x00,CURRENT,1,0,OK,0.3,0.3,45.0,150.018,,1180.095,,,1.0,13.0
2026-08-06 11:52:42.503,299670,44955,150016176,1180.078964,,2750.168,0x00,0x00,CURRENT,1,0,OK,0.3,0.3,45.0,150.018,,1180.095,,,1.0,13.0
2026-08-06 11:52:43.817,299807,44976,150015680,1180.073727,,2751.482,0x00,0x00,CURRENT,1,0,OK,0.3,0.3,45.0,150.018,,1180.097,,,1.0,13.0
2026-08-06 11:52:44.632,299940,44996,150016064,1180.077782,,2752.297,0x00,0x00,CURRENT,1,0,OK,0.3,0.3,45.0,150.018,,1180.097,,,1.0,13.0
2026-08-06 11:52:45.466,300062,45014,150016368,1180.080992,,2753.131,0x00,0x00,CURRENT,1,0,OK,0.3,0.3,45.0,150.017,,1180.091,,,1.0,14.0
2026-08-06 11:52:46.354,300181,45032,150016352,1180.080823,,2754.019,0x00,0x00,CURRENT,1,0,OK,0.3,0.3,45.0,150.017,,1180.091,,,1.0,14.0
2026-08-06 11:52:47.169,300123,45023,150016816,1180.085723,,2754.834,0x00,0x00,CURRENT,1,0,OK,0.3,0.3,45.0,150.017,,1180.091,,,1.0,14.0
2026-08-06 11:52:48.003,300071,45015,150016080,1180.077951,,2755.668,0x00,0x00,CURRENT,1,0,OK,0.3,0.3,45.0,150.017,,1180.092,,,1.0,14.0
2026-08-06 11:52:48.854,300013,45007,150016576,1180.083188,,2756.519,0x00,0x00,CURRENT,1,0,OK,0.3,0.3,45.0,150.017,,1180.092,,,1.0,14.0
2026-08-06 11:52:49.688,299973,45001,150016336,1180.080654,,2757.353,0x00,0x00,CURRENT,1,0,OK,0.3,0.3,45.0,150.018,,1180.093,,,1.0,14.0
2026-08-06 11:52:50.503,299929,44994,150016432,1180.081668,,2758.168,0x00,0x00,CURRENT,1,0,OK,0.3,0.3,45.0,150.018,,1180.093,,,1.0,14.0
2026-08-06 11:52:51.817,299886,44988,150016128,1180.078458,,2759.482,0x00,0x00,CURRENT,1,0,OK,0.3,0.3,45.0,150.018,,1180.101,,,1.0,14.0
2026-08-06 11:52:52.632,299834,44980,150015968,1180.076768,,2760.296,0x00,0x00,CURRENT,1,0,OK,0.3,0.3,45.0,150.018,,1180.101,,,1.0,14.0
2026-08-06 11:52:53.466,299789,44973,150015744,1180.074403,,2761.131,0x00,0x00,CURRENT,1,0,OK,0.3,0.3,45.0,150.018,,1180.097,,,1.0,13.0
2026-08-06 11:52:54.352,299752,44967,150015392,1180.070686,,2762.017,0x00,0x00,CURRENT,1,0,OK,0.3,0.3,45.0,150.018,,1180.097,,,1.0,13.0
2026-08-06 11:52:55.167,299720,44962,150015008,1180.066631,,2762.831,0x00,0x00,CURRENT,1,0,OK,0.3,0.3,45.0,150.018,,1180.097,,,1.0,13.0
2026-08-06 11:52:56.001,299855,44983,150015344,1180.070179,,2763.665,0x00,0x00,CURRENT,1,0,OK,0.3,0.3,45.0,150.018,,1180.094,,,1.0,13.0
2026-08-06 11:52:56.853,299991,45003,150014736,1180.063758,,2764.517,0x00,0x00,CURRENT,1,0,OK,0.3,0.3,45.0,150.018,,1180.094,,,1.0,13.0
2026-08-06 11:52:57.687,300109,45021,150014656,1180.062914,,2765.352,0x00,0x00,CURRENT,1,0,OK,0.3,0.3,45.0,150.018,,1180.093,,,1.0,14.0
2026-08-06 11:52:58.502,300231,45039,150015040,1180.066969,,2766.167,0x00,0x00,CURRENT,1,0,OK,0.3,0.3,45.0,150.018,,1180.093,,,1.0,14.0
2026-08-06 11:52:59.816,300178,45031,150015072,1180.067307,,2767.481,0x00,0x00,CURRENT,1,0,OK,0.3,0.3,45.0,150.017,,1180.092,,,1.0,14.0
2026-08-06 11:53:00.631,300128,45024,150014992,1180.066462,,2768.296,0x00,0x00,CURRENT,1,0,OK,0.3,0.3,45.0,150.017,,1180.092,,,1.0,14.0
2026-08-06 11:53:01.465,300079,45016,150014416,1180.060379,,2769.130,0x00,0x00,CURRENT,1,0,OK,0.3,0.3,45.0,150.017,,1180.083,,,1.0,14.0
2026-08-06 11:53:02.355,300041,45011,150014640,1180.062745,,2770.020,0x00,0x00,CURRENT,1,0,OK,0.3,0.3,45.0,150.017,,1180.083,,,1.0,14.0
2026-08-06 11:53:03.170,300008,45006,150014656,1180.062914,,2770.834,0x00,0x00,CURRENT,1,0,OK,0.3,0.3,45.0,150.017,,1180.083,,,1.0,14.0
2026-08-06 11:53:04.004,299965,44999,150014848,1180.064941,,2771.668,0x00,0x00,CURRENT,1,0,OK,0.3,0.3,45.0,150.016,,1180.081,,,1.0,13.0
2026-08-06 11:53:04.852,299919,44992,150014464,1180.060886,,2772.517,0x00,0x00,CURRENT,1,0,OK,13.0,0.3,45.0,150.016,,1180.081,,,1.0,13.0
2026-08-06 11:53:06.095,1185566,177837,150001488,1179.923864,,2773.760,0x00,0x00,CURRENT,1,0,OK,13.0,0.299,45.0,150.004,,1179.951,,,21.0,13.0
2026-08-06 11:53:06.910,1229553,184435,150001392,1179.922850,,2774.575,0x00,0x00,CURRENT,1,0,OK,13.0,0.299,45.0,150.004,,1179.951,,,21.0,13.0
2026-08-06 11:53:08.225,1359354,203904,150000944,1179.918120,,2775.890,0x00,0x00,CURRENT,1,0,OK,13.0,0.43,64.0,150.003,,1179.939,,,61.0,28.0
2026-08-06 11:53:09.040,1526664,229000,150000416,1179.912544,,2776.705,0x00,0x00,CURRENT,1,0,OK,13.0,0.43,64.0,150.003,,1179.939,,,61.0,28.0
2026-08-06 11:53:09.874,1729484,259422,149999952,1179.907644,,2777.539,0x00,0x00,CURRENT,1,0,OK,13.0,0.918,138.0,150.0,,1179.912,,,121.0,126.0
2026-08-06 11:53:10.689,1966192,294928,149999488,1179.902745,,2778.354,0x00,0x00,CURRENT,1,0,OK,13.0,0.918,138.0,150.0,,1179.912,,,121.0,126.0
2026-08-06 11:53:11.523,2235300,335293,149999024,1179.897845,,2779.188,0x00,0x00,CURRENT,1,0,OK,13.0,1.417,213.0,149.999,,1179.899,,,161.0,301.0
2026-08-06 11:53:12.355,2534897,380231,149998592,1179.893283,,2780.020,0x00,0x00,CURRENT,1,0,OK,13.0,1.417,213.0,149.999,,1179.899,,,161.0,301.0
2026-08-06 11:53:13.170,2863363,429499,149998144,1179.888552,,2780.835,0x00,0x00,CURRENT,1,0,OK,13.0,1.417,213.0,149.999,,1179.899,,,161.0,301.0
2026-08-06 11:53:14.004,3219398,482902,149997664,1179.883484,,2781.668,0x00,0x00,CURRENT,1,0,OK,13.0,2.393,359.0,149.998,,1179.883,,,221.0,859.0
2026-08-06 11:53:14.854,3601641,540236,149997168,1179.878246,,2782.518,0x00,0x00,CURRENT,1,0,OK,13.0,2.393,359.0,149.998,,1179.883,,,221.0,859.0
2026-08-06 11:53:15.689,4008705,601293,149996736,1179.873684,,2783.354,0x00,0x00,CURRENT,1,0,OK,13.0,3.177,476.0,149.997,,1179.873,,,261.0,1514.0
2026-08-06 11:53:16.504,4439255,665872,149996336,1179.869461,,2784.169,0x00,0x00,CURRENT,1,0,OK,13.0,3.177,476.0,149.997,,1179.873,,,261.0,1514.0
2026-08-06 11:53:17.822,4231077,634646,149996368,1179.869798,,2785.487,0x00,0x00,CURRENT,1,0,OK,13.0,4.056,608.0,149.996,,1179.865,,,301.0,2467.0
2026-08-06 11:53:18.355,4033305,604981,149996336,1179.869461,,2786.020,0x00,0x00,CURRENT,1,0,OK,13.0,4.056,608.0,149.996,,1179.865,,,301.0,2467.0
2026-08-06 11:53:18.854,3845422,576799,149996288,1179.868954,,2786.519,0x00,0x00,CURRENT,1,0,OK,13.0,4.056,608.0,149.996,,1179.865,,,301.0,2467.0
2026-08-06 11:53:19.417,3666930,550026,149996208,1179.868109,,2787.082,0x00,0x00,CURRENT,0,1,OVERVOLTAGE,0.0,4.528,679.0,149.996,,1179.862,,,0.0,3075.0
2026-08-06 11:53:20.355,3497368,524591,149996048,1179.866419,,2788.020,0x00,0x00,CURRENT,0,1,OVERVOLTAGE,0.0,4.528,679.0,149.996,,1179.862,,,0.0,3075.0
2026-08-06 11:53:20.855,3336277,500428,149995936,1179.865237,,2788.520,0x00,0x00,CURRENT,0,1,OVERVOLTAGE,0.0,4.528,679.0,149.996,,1179.862,,,0.0,3075.0
2026-08-06 11:53:21.417,3183247,477474,149995776,1179.863547,,2789.082,0x00,0x00,CURRENT,0,1,OVERVOLTAGE,0.0,4.528,679.0,149.996,,1179.862,,,0.0,3075.0
2026-08-06 11:53:22.354,3037865,455666,149995584,1179.861520,,2790.019,0x00,0x00,CURRENT,0,1,OVERVOLTAGE,0.0,4.528,679.0,149.996,,1179.862,,,0.0,3075.0
2026-08-06 11:53:22.854,2899754,434950,149995440,1179.859999,,2790.519,0x00,0x00,CURRENT,0,1,OVERVOLTAGE,0.0,4.528,679.0,149.996,,1179.862,,,0.0,3075.0
2026-08-06 11:53:23.417,2768546,415269,149995280,1179.858310,,2791.082,0x00,0x00,CURRENT,0,1,OVERVOLTAGE,0.0,4.528,679.0,149.996,,1179.862,,,0.0,3075.0
2026-08-06 11:53:24.355,2643899,396572,149994976,1179.855099,,2792.020,0x00,0x00,CURRENT,0,1,OVERVOLTAGE,0.0,4.528,679.0,149.996,,1179.862,,,0.0,3075.0
2026-08-06 11:53:24.854,2525487,378810,149994752,1179.852734,,2792.518,0x00,0x00,CURRENT,0,1,OVERVOLTAGE,0.0,4.528,679.0,149.996,,1179.862,,,0.0,3075.0
2026-08-06 11:53:25.416,2412997,361937,149994592,1179.851044,,2793.081,0x00,0x00,CURRENT,0,1,OVERVOLTAGE,0.0,4.528,679.0,149.996,,1179.862,,,0.0,3075.0
2026-08-06 11:53:26.355,2306135,345907,149994288,1179.847834,,2794.020,0x00,0x00,CURRENT,0,1,OVERVOLTAGE,0.0,4.528,679.0,149.996,,1179.862,,,0.0,3075.0
2026-08-06 11:53:26.854,2204611,330679,149994048,1179.845300,,2794.519,0x00,0x00,CURRENT,0,1,OVERVOLTAGE,0.0,4.528,679.0,149.996,,1179.862,,,0.0,3075.0
2026-08-06 11:53:27.416,2108163,316212,149993856,1179.843273,,2795.081,0x00,0x00,CURRENT,0,1,OVERVOLTAGE,0.0,4.528,679.0,149.996,,1179.862,,,0.0,3075.0
2026-08-06 11:53:28.355,2016540,302468,149993456,1179.839049,,2796.020,0x00,0x00,CURRENT,0,1,OVERVOLTAGE,0.0,4.528,679.0,149.996,,1179.862,,,0.0,3075.0
2026-08-06 11:53:28.854,1929490,289410,149993216,1179.836514,,2796.519,0x00,0x00,CURRENT,0,1,OVERVOLTAGE,0.0,4.528,679.0,149.996,,1179.862,,,0.0,3075.0
2026-08-06 11:53:29.416,1846793,277006,149992976,1179.833980,,2797.081,0x00,0x00,CURRENT,0,1,OVERVOLTAGE,0.0,4.528,679.0,149.996,,1179.862,,,0.0,3075.0
2026-08-06 11:53:30.355,1768240,265223,149992640,1179.830432,,2798.020,0x00,0x00,CURRENT,0,1,OVERVOLTAGE,0.0,4.528,679.0,149.996,,1179.862,,,0.0,3075.0
2026-08-06 11:53:30.854,1693609,254028,149992384,1179.827729,,2798.519,0x00,0x00,CURRENT,0,1,OVERVOLTAGE,0.0,4.528,679.0,149.996,,1179.862,,,0.0,3075.0
2026-08-06 11:53:31.417,1622704,243393,149992208,1179.825870,,2799.081,0x00,0x00,CURRENT,0,1,OVERVOLTAGE,0.0,4.528,679.0,149.996,,1179.862,,,0.0,3075.0
2026-08-06 11:53:32.354,1555355,233290,149991792,1179.821477,,2800.019,0x00,0x00,CURRENT,0,1,OVERVOLTAGE,0.0,4.528,679.0,149.996,,1179.862,,,0.0,3075.0
2026-08-06 11:53:32.855,1491365,223692,149991472,1179.818098,,2800.519,0x00,0x00,CURRENT,0,1,OVERVOLTAGE,0.0,4.528,679.0,149.996,,1179.862,,,0.0,3075.0
2026-08-06 11:53:33.417,1430572,214573,149991136,1179.814550,,2801.081,0x00,0x00,CURRENT,0,1,OVERVOLTAGE,0.0,4.528,679.0,149.996,,1179.862,,,0.0,3075.0
2026-08-06 11:53:34.355,1372815,205910,149990752,1179.810495,,2802.019,0x00,0x00,CURRENT,0,1,OVERVOLTAGE,0.0,4.528,679.0,149.996,,1179.862,,,0.0,3075.0
2026-08-06 11:53:34.854,1317948,197680,149990448,1179.807285,,2802.518,0x00,0x00,CURRENT,0,1,OVERVOLTAGE,0.0,4.528,679.0,149.996,,1179.862,,,0.0,3075.0
2026-08-06 11:53:35.417,1265833,189863,149990192,1179.804582,,2803.081,0x00,0x00,CURRENT,0,1,OVERVOLTAGE,0.0,4.528,679.0,149.996,,1179.862,,,0.0,3075.0
2026-08-06 11:53:36.354,1216326,182437,149989824,1179.800696,,2804.018,0x00,0x00,CURRENT,0,1,OVERVOLTAGE,0.0,4.528,679.0,149.996,,1179.862,,,0.0,3075.0
2026-08-06 11:53:36.854,1169287,175381,149989488,1179.797148,,2804.519,0x00,0x00,CURRENT,0,1,OVERVOLTAGE,0.0,4.528,679.0,149.996,,1179.862,,,0.0,3075.0
2026-08-06 11:53:37.416,1124597,168677,149989296,1179.795120,,2805.080,0x00,0x00,CURRENT,0,1,OVERVOLTAGE,0.0,4.528,679.0,149.996,,1179.862,,,0.0,3075.0
2026-08-06 11:53:38.354,1082142,162309,149988848,1179.790390,,2806.019,0x00,0x00,CURRENT,0,1,OVERVOLTAGE,0.0,4.528,679.0,149.996,,1179.862,,,0.0,3075.0
2026-08-06 11:53:38.853,1041808,156259,149988576,1179.787518,,2806.518,0x00,0x00,CURRENT,0,1,OVERVOLTAGE,0.0,4.528,679.0,149.996,,1179.862,,,0.0,3075.0
2026-08-06 11:53:39.415,1003496,150513,149988288,1179.784476,,2807.080,0x00,0x00,CURRENT,0,1,OVERVOLTAGE,0.0,4.528,679.0,149.996,,1179.862,,,0.0,3075.0
2026-08-06 11:53:40.353,967104,145054,149987696,1179.778225,,2808.018,0x00,0x00,CURRENT,0,1,OVERVOLTAGE,0.0,4.528,679.0,149.996,,1179.862,,,0.0,3075.0
2026-08-06 11:53:40.853,932528,139868,149987408,1179.775184,,2808.518,0x00,0x00,CURRENT,0,1,OVERVOLTAGE,0.0,4.528,679.0,149.996,,1179.862,,,0.0,3075.0
2026-08-06 11:53:41.416,899677,134940,149987184,1179.772818,,2809.081,0x00,0x00,CURRENT,0,1,OVERVOLTAGE,0.0,4.528,679.0,149.996,,1179.862,,,0.0,3075.0
2026-08-06 11:53:42.354,868479,130260,149986432,1179.764878,,2810.019,0x00,0x00,CURRENT,0,1,OVERVOLTAGE,0.0,4.528,679.0,149.996,,1179.862,,,0.0,3075.0
2026-08-06 11:53:42.855,838834,125813,149986176,1179.762174,,2810.519,0x00,0x00,CURRENT,0,1,OVERVOLTAGE,0.0,4.528,679.0,149.996,,1179.862,,,0.0,3075.0
2026-08-06 11:53:43.416,810670,121589,149985824,1179.758457,,2811.080,0x00,0x00,CURRENT,0,1,OVERVOLTAGE,0.0,4.528,679.0,149.996,,1179.862,,,0.0,3075.0
2026-08-06 11:53:44.354,783905,117574,149985408,1179.754064,,2812.019,0x00,0x00,CURRENT,0,1,OVERVOLTAGE,0.0,4.528,679.0,149.996,,1179.862,,,0.0,3075.0
2026-08-06 11:53:44.855,758484,113761,149984976,1179.749503,,2812.519,0x00,0x00,CURRENT,0,1,OVERVOLTAGE,0.0,4.528,679.0,149.996,,1179.862,,,0.0,3075.0
2026-08-06 11:53:45.416,734334,110139,149984944,1179.749165,,2813.080,0x00,0x00,CURRENT,0,1,OVERVOLTAGE,0.0,4.528,679.0,149.996,,1179.862,,,0.0,3075.0
2026-08-06 11:53:46.354,711387,106697,149984224,1179.741562,,2814.019,0x00,0x00,CURRENT,0,1,OVERVOLTAGE,0.0,4.528,679.0,149.996,,1179.862,,,0.0,3075.0
2026-08-06 11:53:46.854,689589,103427,149983888,1179.738014,,2814.519,0x00,0x00,CURRENT,0,1,OVERVOLTAGE,0.0,4.528,679.0,149.996,,1179.862,,,0.0,3075.0
2026-08-06 11:53:47.415,668882,100321,149983488,1179.733790,,2815.080,0x00,0x00,CURRENT,0,1,OVERVOLTAGE,0.0,4.528,679.0,149.996,,1179.862,,,0.0,3075.0
2026-08-06 11:53:48.355,649217,97371,149982720,1179.725680,,2816.019,0x00,0x00,CURRENT,0,1,OVERVOLTAGE,0.0,4.528,679.0,149.996,,1179.862,,,0.0,3075.0
2026-08-06 11:53:48.853,630523,94567,149982384,1179.722132,,2816.518,0x00,0x00,CURRENT,0,1,OVERVOLTAGE,0.0,4.528,679.0,149.996,,1179.862,,,0.0,3075.0
2026-08-06 11:53:49.416,612770,91905,149982336,1179.721625,,2817.081,0x00,0x00,CURRENT,0,1,OVERVOLTAGE,0.0,4.528,679.0,149.996,,1179.862,,,0.0,3075.0
2026-08-06 11:53:50.354,595905,89375,149981472,1179.712502,,2818.019,0x00,0x00,CURRENT,0,1,OVERVOLTAGE,0.0,4.528,679.0,149.996,,1179.862,,,0.0,3075.0
2026-08-06 11:53:50.854,579877,86970,149980944,1179.706926,,2818.519,0x00,0x00,CURRENT,0,1,OVERVOLTAGE,0.0,4.528,679.0,149.996,,1179.862,,,0.0,3075.0
2026-08-06 11:53:51.416,564652,84687,149980480,1179.702026,,2819.081,0x00,0x00,CURRENT,0,1,OVERVOLTAGE,0.0,4.528,679.0,149.996,,1179.862,,,0.0,3075.0
2026-08-06 11:53:52.354,550196,82518,149979712,1179.693917,,2820.019,0x00,0x00,CURRENT,0,1,OVERVOLTAGE,0.0,4.528,679.0,149.996,,1179.862,,,0.0,3075.0
2026-08-06 11:53:52.854,536461,80458,149979440,1179.691044,,2820.519,0x00,0x00,CURRENT,0,1,OVERVOLTAGE,0.0,4.528,679.0,149.996,,1179.862,,,0.0,3075.0
2026-08-06 11:53:53.416,523410,78501,149979136,1179.687834,,2821.081,0x00,0x00,CURRENT,0,1,OVERVOLTAGE,0.0,4.528,679.0,149.996,,1179.862,,,0.0,3075.0
2026-08-06 11:53:54.354,511009,76640,149978352,1179.679555,,2822.019,0x00,0x00,CURRENT,0,1,OVERVOLTAGE,0.0,4.528,679.0,149.996,,1179.862,,,0.0,3075.0
2026-08-06 11:53:54.853,499222,74872,149977808,1179.673811,,2822.518,0x00,0x00,CURRENT,0,1,OVERVOLTAGE,0.0,4.528,679.0,149.996,,1179.862,,,0.0,3075.0
2026-08-06 11:53:55.416,488043,73195,149977376,1179.669249,,2823.081,0x00,0x00,CURRENT,0,1,OVERVOLTAGE,0.0,4.528,679.0,149.996,,1179.862,,,0.0,3075.0
2026-08-06 11:53:56.355,477418,71602,149976752,1179.662660,,2824.020,0x00,0x00,CURRENT,0,1,OVERVOLTAGE,0.0,4.528,679.0,149.996,,1179.862,,,0.0,3075.0
2026-08-06 11:53:56.854,467323,70087,149976112,1179.655902,,2824.519,0x00,0x00,CURRENT,0,1,OVERVOLTAGE,0.0,4.528,679.0,149.996,,1179.862,,,0.0,3075.0
2026-08-06 11:53:57.415,457731,68649,149975760,1179.652185,,2825.080,0x00,0x00,CURRENT,0,1,OVERVOLTAGE,0.0,4.528,679.0,149.996,,1179.862,,,0.0,3075.0
2026-08-06 11:53:58.355,448612,67281,149975120,1179.645427,,2826.020,0x00,0x00,CURRENT,0,1,OVERVOLTAGE,0.0,4.528,679.0,149.996,,1179.862,,,0.0,3075.0
2026-08-06 11:53:58.854,439951,65982,149974880,1179.642892,,2826.519,0x00,0x00,CURRENT,0,1,OVERVOLTAGE,0.0,4.528,679.0,149.996,,1179.862,,,0.0,3075.0
2026-08-06 11:53:59.416,431719,64747,149974912,1179.643230,,2827.081,0x00,0x00,CURRENT,0,1,OVERVOLTAGE,0.0,4.528,679.0,149.996,,1179.862,,,0.0,3075.0
2026-08-06 11:54:00.355,423905,63575,149974272,1179.636472,,2828.020,0x00,0x00,CURRENT,0,1,OVERVOLTAGE,0.0,4.528,679.0,149.996,,1179.862,,,0.0,3075.0
2026-08-06 11:54:00.854,416477,62461,149974016,1179.633769,,2828.519,0x00,0x00,CURRENT,0,1,OVERVOLTAGE,0.0,4.528,679.0,149.996,,1179.862,,,0.0,3075.0
2026-08-06 11:54:01.417,409433,61404,149973344,1179.626673,,2829.082,0x00,0x00,CURRENT,0,1,OVERVOLTAGE,0.0,4.528,679.0,149.996,,1179.862,,,0.0,3075.0
2026-08-06 11:54:02.354,402740,60400,149972480,1179.617549,,2830.019,0x00,0x00,CURRENT,0,1,OVERVOLTAGE,0.0,4.528,679.0,149.996,,1179.862,,,0.0,3075.0
2026-08-06 11:54:02.854,396384,59446,149971776,1179.610115,,2830.519,0x00,0x00,CURRENT,0,1,OVERVOLTAGE,0.0,4.528,679.0,149.996,,1179.862,,,0.0,3075.0
2026-08-06 11:54:03.418,390340,58540,149971376,1179.605891,,2831.083,0x00,0x00,CURRENT,0,1,OVERVOLTAGE,0.0,4.528,679.0,149.996,,1179.862,,,0.0,3075.0
2026-08-06 11:54:04.355,384599,57679,149970800,1179.599809,,2832.020,0x00,0x00,CURRENT,0,1,OVERVOLTAGE,0.0,4.528,679.0,149.996,,1179.862,,,0.0,3075.0
2026-08-06 11:54:04.854,379145,56860,149970320,1179.594740,,2832.519,0x00,0x00,CURRENT,0,1,OVERVOLTAGE,0.0,4.528,679.0,149.996,,1179.862,,,0.0,3075.0
2026-08-06 11:54:05.416,373961,56083,149970352,1179.595078,,2833.081,0x00,0x00,CURRENT,0,1,OVERVOLTAGE,0.0,4.528,679.0,149.996,,1179.862,,,0.0,3075.0
2026-08-06 11:54:06.354,369035,55344,149969920,1179.590516,,2834.019,0x00,0x00,CURRENT,0,1,OVERVOLTAGE,0.0,4.528,679.0,149.996,,1179.862,,,0.0,3075.0
2026-08-06 11:54:06.854,364364,54643,149969168,1179.582575,,2834.519,0x00,0x00,CURRENT,0,1,OVERVOLTAGE,0.0,4.528,679.0,149.996,,1179.862,,,0.0,3075.0
2026-08-06 11:54:07.416,359919,53977,149968544,1179.575986,,2835.081,0x00,0x00,CURRENT,0,1,OVERVOLTAGE,0.0,4.528,679.0,149.996,,1179.862,,,0.0,3075.0
2026-08-06 11:54:08.354,355699,53343,149968240,1179.572776,,2836.019,0x00,0x00,CURRENT,0,1,OVERVOLTAGE,0.0,4.528,679.0,149.996,,1179.862,,,0.0,3075.0
2026-08-06 11:54:08.853,351689,52742,149967760,1179.567707,,2836.518,0x00,0x00,CURRENT,0,1,OVERVOLTAGE,0.0,4.528,679.0,149.996,,1179.862,,,0.0,3075.0
2026-08-06 11:54:09.417,347877,52170,149968016,1179.570411,,2837.082,0x00,0x00,CURRENT,0,1,OVERVOLTAGE,0.0,4.528,679.0,149.996,,1179.862,,,0.0,3075.0
2026-08-06 11:54:10.355,344267,51629,149967248,1179.562301,,2838.020,0x00,0x00,CURRENT,0,1,OVERVOLTAGE,0.0,4.528,679.0,149.996,,1179.862,,,0.0,3075.0
2026-08-06 11:54:10.854,340828,51113,149967280,1179.562639,,2838.519,0x00,0x00,CURRENT,0,1,OVERVOLTAGE,0.0,4.528,679.0,149.996,,1179.862,,,0.0,3075.0
2026-08-06 11:54:11.416,337568,50624,149967072,1179.560442,,2839.081,0x00,0x00,CURRENT,0,1,OVERVOLTAGE,0.0,4.528,679.0,149.996,,1179.862,,,0.0,3075.0
2026-08-06 11:54:12.355,334474,50160,149966000,1179.549122,,2840.019,0x00,0x00,CURRENT,0,1,OVERVOLTAGE,0.0,4.528,679.0,149.996,,1179.862,,,0.0,3075.0
2026-08-06 11:54:12.853,331533,49719,149965504,1179.543885,,2840.518,0x00,0x00,CURRENT,0,1,OVERVOLTAGE,0.0,4.528,679.0,149.996,,1179.862,,,0.0,3075.0
2026-08-06 11:54:13.416,328739,49299,149965664,1179.545574,,2841.080,0x00,0x00,CURRENT,0,1,OVERVOLTAGE,0.0,4.528,679.0,149.996,,1179.862,,,0.0,3075.0
2026-08-06 11:54:14.354,326080,48901,149964976,1179.538309,,2842.019,0x00,0x00,CURRENT,0,1,OVERVOLTAGE,0.0,4.528,679.0,149.996,,1179.862,,,0.0,3075.0
2026-08-06 11:54:14.854,323556,48522,149964768,1179.536113,,2842.519,0x00,0x00,CURRENT,0,1,OVERVOLTAGE,0.0,4.528,679.0,149.996,,1179.862,,,0.0,3075.0
2026-08-06 11:54:15.417,321152,48162,149964992,1179.538478,,2843.082,0x00,0x00,CURRENT,0,1,OVERVOLTAGE,0.0,4.528,679.0,149.996,,1179.862,,,0.0,3075.0
2026-08-06 11:54:16.354,318876,47820,149964144,1179.529524,,2844.019,0x00,0x00,CURRENT,0,1,OVERVOLTAGE,0.0,4.528,679.0,149.996,,1179.862,,,0.0,3075.0
2026-08-06 11:54:16.853,316715,47496,149964048,1179.528510,,2844.517,0x00,0x00,CURRENT,0,1,OVERVOLTAGE,0.0,4.528,679.0,149.996,,1179.862,,,0.0,3075.0
2026-08-06 11:54:17.415,314657,47187,149964080,1179.528848,,2845.080,0x00,0x00,CURRENT,0,1,OVERVOLTAGE,0.0,4.528,679.0,149.996,,1179.862,,,0.0,3075.0
2026-08-06 11:54:18.354,312697,46893,149963600,1179.523779,,2846.019,0x00,0x00,CURRENT,0,1,OVERVOLTAGE,0.0,4.528,679.0,149.996,,1179.862,,,0.0,3075.0
2026-08-06 11:54:18.854,310840,46615,149963776,1179.525638,,2846.519,0x00,0x00,CURRENT,0,1,OVERVOLTAGE,0.0,4.528,679.0,149.996,,1179.862,,,0.0,3075.0
2026-08-06 11:54:19.417,309073,46350,149963968,1179.527665,,2847.082,0x00,0x00,CURRENT,0,1,OVERVOLTAGE,0.0,4.528,679.0,149.996,,1179.862,,,0.0,3075.0
2026-08-06 11:54:20.355,307400,46099,149963312,1179.520738,,2848.020,0x00,0x00,CURRENT,0,1,OVERVOLTAGE,0.0,4.528,679.0,149.996,,1179.862,,,0.0,3075.0
2026-08-06 11:54:20.854,305808,45860,149963712,1179.524962,,2848.519,0x00,0x00,CURRENT,0,1,OVERVOLTAGE,0.0,4.528,679.0,149.996,,1179.862,,,0.0,3075.0
2026-08-06 11:54:21.417,304289,45632,149963920,1179.527158,,2849.082,0x00,0x00,CURRENT,0,1,OVERVOLTAGE,0.0,4.528,679.0,149.996,,1179.862,,,0.0,3075.0
2026-08-06 11:54:22.354,302849,45416,149962720,1179.514487,,2850.019,0x00,0x00,CURRENT,0,1,OVERVOLTAGE,0.0,4.528,679.0,149.996,,1179.862,,,0.0,3075.0
2026-08-06 11:54:22.854,301480,45211,149963344,1179.521076,,2850.519,0x00,0x00,CURRENT,0,1,OVERVOLTAGE,0.0,4.528,679.0,149.996,,1179.862,,,0.0,3075.0
2026-08-06 11:54:23.415,300178,45016,149963920,1179.527158,,2851.080,0x00,0x00,CURRENT,0,1,OVERVOLTAGE,0.0,4.528,679.0,149.996,,1179.862,,,0.0,3075.0
