timestamp,I_nA,V_uV,R_uOhm,chip_temp_C,note,elapsed_s,current_adc_status,voltage_adc_status,control_mode,control_enabled,control_fault,control_status,target_current_mA,measured_current_mA,measured_voltage_mV,measured_resistance_ohm,target_temp_C,measured_temp_C,temperature_error_C,temperature_integral_mA,drive_mV,power_uW
2026-08-07 11:29:57.706,299514,44927,150001008,1179.918795,,0.325,0x00,0x00,CURRENT,1,0,OK,0.3,0.3,45.0,150.002,,1179.934,,,1.0,14.0
2026-08-07 11:29:58.521,299485,44923,150000816,1179.916768,,1.140,0x00,0x00,CURRENT,1,0,OK,0.3,0.3,45.0,150.002,,1179.934,,,1.0,14.0
2026-08-07 11:29:59.427,299460,44919,150000688,1179.915416,,2.046,0x00,0x00,CURRENT,1,0,OK,0.3,0.3,45.0,150.004,,1179.949,,,1.0,14.0
2026-08-07 11:30:00.742,299432,44915,150000800,1179.916599,,3.361,0x00,0x00,CURRENT,1,0,OK,0.3,0.3,45.0,150.004,,1179.949,,,1.0,14.0
2026-08-07 11:30:01.576,299574,44936,149999600,1179.903927,,4.195,0x00,0x00,CURRENT,1,0,OK,0.3,0.299,45.0,150.0,,1179.904,,,1.0,13.0
2026-08-07 11:30:02.391,299710,44957,149999888,1179.906969,,5.010,0x00,0x00,CURRENT,1,0,OK,0.3,0.299,45.0,150.0,,1179.904,,,1.0,13.0
2026-08-07 11:30:03.206,299671,44951,149999856,1179.906631,,5.825,0x00,0x00,CURRENT,1,0,OK,0.3,0.299,45.0,150.0,,1179.904,,,1.0,13.0
2026-08-07 11:30:04.040,299628,44944,150000128,1179.909503,,6.659,0x00,0x00,CURRENT,1,0,OK,0.3,0.3,45.0,150.002,,1179.933,,,1.0,14.0
2026-08-07 11:30:04.872,299591,44939,150000464,1179.913051,,7.491,0x00,0x00,CURRENT,1,0,OK,0.3,0.3,45.0,150.002,,1179.933,,,1.0,14.0
2026-08-07 11:30:05.706,299555,44933,150000352,1179.911868,,8.325,0x00,0x00,CURRENT,1,0,OK,0.3,0.3,45.0,150.0,,1179.913,,,1.0,13.0
2026-08-07 11:30:06.521,299695,44954,150000160,1179.909841,,9.140,0x00,0x00,CURRENT,1,0,OK,0.3,0.3,45.0,150.0,,1179.913,,,1.0,13.0
2026-08-07 11:30:07.427,299827,44974,149999200,1179.899703,,10.046,0x00,0x00,CURRENT,1,0,OK,0.3,0.3,45.0,149.999,,1179.901,,,1.0,14.0
2026-08-07 11:30:08.742,299775,44966,149998864,1179.896155,,11.361,0x00,0x00,CURRENT,1,0,OK,0.3,0.3,45.0,149.999,,1179.901,,,1.0,14.0
2026-08-07 11:30:09.575,299729,44959,149999232,1179.900041,,12.195,0x00,0x00,CURRENT,1,0,OK,0.3,0.3,45.0,149.997,,1179.875,,,1.0,13.0
2026-08-07 11:30:10.391,299693,44954,149998912,1179.896662,,13.010,0x00,0x00,CURRENT,1,0,OK,0.3,0.3,45.0,149.997,,1179.875,,,1.0,13.0
2026-08-07 11:30:11.206,299817,44972,149999632,1179.904265,,13.825,0x00,0x00,CURRENT,1,0,OK,0.3,0.3,45.0,149.997,,1179.875,,,1.0,13.0
2026-08-07 11:30:12.040,299939,44991,149999824,1179.906293,,14.659,0x00,0x00,CURRENT,1,0,OK,0.3,0.3,45.0,149.997,,1179.875,,,1.0,14.0
2026-08-07 11:30:12.873,299879,44982,149999680,1179.904772,,15.492,0x00,0x00,CURRENT,1,0,OK,0.3,0.3,45.0,149.997,,1179.875,,,1.0,14.0
2026-08-07 11:30:13.707,299830,44974,149999648,1179.904434,,16.326,0x00,0x00,CURRENT,1,0,OK,0.3,0.3,45.0,150.002,,1179.929,,,1.0,14.0
2026-08-07 11:30:14.522,299779,44967,149999632,1179.904265,,17.141,0x00,0x00,CURRENT,1,0,OK,0.3,0.3,45.0,150.002,,1179.929,,,1.0,14.0
2026-08-07 11:30:15.426,299737,44960,149999680,1179.904772,,18.046,0x00,0x00,CURRENT,1,0,OK,0.3,0.3,45.0,150.001,,1179.92,,,1.0,13.0
2026-08-07 11:30:16.742,299863,44979,149999200,1179.899703,,19.361,0x00,0x00,CURRENT,1,0,OK,0.3,0.3,45.0,150.001,,1179.92,,,1.0,13.0
2026-08-07 11:30:17.576,299822,44973,149998704,1179.894466,,20.195,0x00,0x00,CURRENT,1,0,OK,0.3,0.301,45.0,149.997,,1179.876,,,1.0,14.0
2026-08-07 11:30:18.391,299775,44966,149998672,1179.894128,,21.010,0x00,0x00,CURRENT,1,0,OK,0.3,0.301,45.0,149.997,,1179.876,,,1.0,14.0
2026-08-07 11:30:19.205,299726,44959,149999536,1179.903252,,21.825,0x00,0x00,CURRENT,1,0,OK,0.3,0.301,45.0,149.997,,1179.876,,,1.0,14.0
2026-08-07 11:30:20.040,299687,44953,149999632,1179.904265,,22.659,0x00,0x00,CURRENT,1,0,OK,0.3,0.3,45.0,150.0,,1179.904,,,1.0,13.0
2026-08-07 11:30:20.872,299817,44972,149999600,1179.903927,,23.492,0x00,0x00,CURRENT,1,0,OK,0.3,0.3,45.0,150.0,,1179.904,,,1.0,13.0
2026-08-07 11:30:21.707,299944,44991,149999712,1179.905110,,24.326,0x00,0x00,CURRENT,1,0,OK,0.3,0.3,45.0,149.999,,1179.898,,,1.0,14.0
2026-08-07 11:30:22.521,299894,44984,150000112,1179.909334,,25.141,0x00,0x00,CURRENT,1,0,OK,0.3,0.3,45.0,149.999,,1179.898,,,1.0,14.0
2026-08-07 11:30:23.426,299850,44977,149999824,1179.906293,,26.045,0x00,0x00,CURRENT,1,0,OK,0.3,0.3,45.0,150.0,,1179.908,,,1.0,14.0
2026-08-07 11:30:24.741,299802,44970,149999552,1179.903420,,27.361,0x00,0x00,CURRENT,1,0,OK,0.3,0.3,45.0,150.0,,1179.908,,,1.0,14.0
2026-08-07 11:30:25.575,299764,44964,149999376,1179.901562,,28.195,0x00,0x00,CURRENT,1,0,OK,0.3,0.3,45.0,149.997,,1179.874,,,1.0,13.0
2026-08-07 11:30:26.390,299891,44984,149999728,1179.905279,,29.010,0x00,0x00,CURRENT,1,0,OK,0.3,0.3,45.0,149.997,,1179.874,,,1.0,13.0
2026-08-07 11:30:27.205,300014,45002,149999744,1179.905448,,29.825,0x00,0x00,CURRENT,1,0,OK,0.3,0.3,45.0,149.997,,1179.874,,,1.0,13.0
2026-08-07 11:30:28.039,299961,44994,149999808,1179.906124,,30.659,0x00,0x00,CURRENT,1,0,OK,0.3,0.301,45.0,149.994,,1179.847,,,1.0,14.0
2026-08-07 11:30:28.872,299918,44988,150000096,1179.909165,,31.492,0x00,0x00,CURRENT,1,0,OK,0.3,0.301,45.0,149.994,,1179.847,,,1.0,14.0
2026-08-07 11:30:29.706,299876,44981,149999440,1179.902238,,32.326,0x00,0x00,CURRENT,1,0,OK,0.3,0.3,45.0,149.995,,1179.857,,,1.0,13.0
2026-08-07 11:30:30.521,299829,44974,149999184,1179.899535,,33.141,0x00,0x00,CURRENT,1,0,OK,0.3,0.3,45.0,149.995,,1179.857,,,1.0,13.0
2026-08-07 11:30:31.427,299791,44968,149999328,1179.901055,,34.046,0x00,0x00,CURRENT,1,0,OK,0.3,0.3,45.0,149.999,,1179.901,,,1.0,13.0
2026-08-07 11:30:32.741,299914,44987,149999056,1179.898183,,35.361,0x00,0x00,CURRENT,1,0,OK,0.3,0.3,45.0,149.999,,1179.901,,,1.0,13.0
2026-08-07 11:30:33.576,299872,44980,149998832,1179.895817,,36.195,0x00,0x00,CURRENT,1,0,OK,0.3,0.301,45.0,149.998,,1179.892,,,1.0,14.0
2026-08-07 11:30:34.390,299825,44973,149998640,1179.893790,,37.010,0x00,0x00,CURRENT,1,0,OK,0.3,0.301,45.0,149.998,,1179.892,,,1.0,14.0
2026-08-07 11:30:35.205,299786,44968,149999056,1179.898183,,37.825,0x00,0x00,CURRENT,1,0,OK,0.3,0.301,45.0,149.998,,1179.892,,,1.0,14.0
2026-08-07 11:30:36.039,299750,44962,149998992,1179.897507,,38.659,0x00,0x00,CURRENT,1,0,OK,0.3,0.3,45.0,150.0,,1179.907,,,1.0,13.0
2026-08-07 11:30:36.872,299884,44982,149999264,1179.900379,,39.492,0x00,0x00,CURRENT,1,0,OK,0.3,0.3,45.0,150.0,,1179.907,,,1.0,13.0
2026-08-07 11:30:37.706,299846,44976,149998864,1179.896155,,40.326,0x00,0x00,CURRENT,1,0,OK,0.3,0.3,45.0,149.997,,1179.881,,,1.0,14.0
2026-08-07 11:30:38.521,299805,44970,149999104,1179.898690,,41.140,0x00,0x00,CURRENT,1,0,OK,0.3,0.3,45.0,149.997,,1179.881,,,1.0,14.0
2026-08-07 11:30:39.427,299928,44989,149999216,1179.899872,,42.047,0x00,0x00,CURRENT,1,0,OK,0.3,0.3,45.0,150.002,,1179.928,,,1.0,13.0
2026-08-07 11:30:40.742,299887,44983,149999408,1179.901900,,43.362,0x00,0x00,CURRENT,1,0,OK,0.3,0.3,45.0,150.002,,1179.928,,,1.0,13.0
2026-08-07 11:30:41.576,300014,45002,149999424,1179.902069,,44.196,0x00,0x00,CURRENT,1,0,OK,0.3,0.3,45.0,150.0,,1179.907,,,1.0,13.0
2026-08-07 11:30:42.391,299967,44995,149998912,1179.896662,,45.010,0x00,0x00,CURRENT,1,0,OK,0.3,0.3,45.0,150.0,,1179.907,,,1.0,13.0
2026-08-07 11:30:43.206,299918,44987,149998704,1179.894466,,45.826,0x00,0x00,CURRENT,1,0,OK,0.3,0.3,45.0,150.0,,1179.907,,,1.0,13.0
2026-08-07 11:30:44.040,299876,44981,149998544,1179.892776,,46.659,0x00,0x00,CURRENT,1,0,OK,0.3,0.3,45.0,150.001,,1179.916,,,1.0,13.0
2026-08-07 11:30:44.872,300005,45000,149997984,1179.886863,,47.492,0x00,0x00,CURRENT,1,0,OK,0.3,0.3,45.0,150.001,,1179.916,,,1.0,13.0
2026-08-07 11:30:45.706,299950,44992,149998240,1179.889566,,48.326,0x00,0x00,CURRENT,1,0,OK,0.3,0.3,45.0,150.001,,1179.917,,,1.0,14.0
2026-08-07 11:30:46.521,299908,44986,149998240,1179.889566,,49.140,0x00,0x00,CURRENT,1,0,OK,0.3,0.3,45.0,150.001,,1179.917,,,1.0,14.0
2026-08-07 11:30:47.427,299866,44979,149998480,1179.892100,,50.047,0x00,0x00,CURRENT,1,0,OK,0.3,0.3,45.0,150.001,,1179.921,,,1.0,13.0
2026-08-07 11:30:48.742,300007,45001,149998320,1179.890411,,51.362,0x00,0x00,CURRENT,1,0,OK,0.3,0.3,45.0,150.001,,1179.921,,,1.0,13.0
2026-08-07 11:30:49.576,299968,44995,149998944,1179.897000,,52.195,0x00,0x00,CURRENT,1,0,OK,0.3,0.301,45.0,149.997,,1179.878,,,1.0,14.0
2026-08-07 11:30:50.391,299921,44988,149999056,1179.898183,,53.010,0x00,0x00,CURRENT,1,0,OK,0.3,0.301,45.0,149.997,,1179.878,,,1.0,14.0
2026-08-07 11:30:51.206,299882,44982,149998768,1179.895142,,53.826,0x00,0x00,CURRENT,1,0,OK,0.3,0.301,45.0,149.997,,1179.878,,,1.0,14.0
2026-08-07 11:30:52.040,299847,44977,149999040,1179.898014,,54.659,0x00,0x00,CURRENT,1,0,OK,0.3,0.3,45.0,150.001,,1179.919,,,1.0,13.0
2026-08-07 11:30:52.872,299811,44971,149999024,1179.897845,,55.491,0x00,0x00,CURRENT,1,0,OK,0.3,0.3,45.0,150.001,,1179.919,,,1.0,13.0
2026-08-07 11:30:53.706,299780,44967,149999008,1179.897676,,56.326,0x00,0x00,CURRENT,1,0,OK,0.3,0.3,45.0,150.001,,1179.917,,,1.0,13.0
2026-08-07 11:30:54.521,299916,44987,149999376,1179.901562,,57.140,0x00,0x00,CURRENT,1,0,OK,0.3,0.3,45.0,150.001,,1179.917,,,1.0,13.0
2026-08-07 11:30:55.427,299870,44980,149999376,1179.901562,,58.046,0x00,0x00,CURRENT,1,0,OK,0.3,0.3,45.0,150.001,,1179.921,,,1.0,14.0
2026-08-07 11:30:56.742,299998,45000,149999392,1179.901731,,59.362,0x00,0x00,CURRENT,1,0,OK,0.3,0.3,45.0,150.001,,1179.921,,,1.0,14.0
2026-08-07 11:30:57.576,299943,44991,149999168,1179.899366,,60.195,0x00,0x00,CURRENT,1,0,OK,0.3,0.3,45.0,150.0,,1179.904,,,1.0,14.0
2026-08-07 11:30:58.391,299898,44984,149999200,1179.899703,,61.010,0x00,0x00,CURRENT,1,0,OK,0.3,0.3,45.0,150.0,,1179.904,,,1.0,14.0
2026-08-07 11:30:59.206,300024,45004,150000032,1179.908489,,61.825,0x00,0x00,CURRENT,1,0,OK,0.3,0.3,45.0,150.0,,1179.904,,,1.0,14.0
2026-08-07 11:31:00.040,299979,44997,150000016,1179.908320,,62.659,0x00,0x00,CURRENT,1,0,OK,0.3,0.3,45.0,150.0,,1179.912,,,1.0,14.0
2026-08-07 11:31:00.872,299941,44991,150000032,1179.908489,,63.491,0x00,0x00,CURRENT,1,0,OK,0.3,0.3,45.0,150.0,,1179.912,,,1.0,14.0
2026-08-07 11:31:01.706,299908,44986,149999968,1179.907813,,64.326,0x00,0x00,CURRENT,1,0,OK,0.3,0.3,45.0,150.005,,1179.96,,,1.0,13.0
2026-08-07 11:31:02.521,300028,45004,150000336,1179.911699,,65.140,0x00,0x00,CURRENT,1,0,OK,0.3,0.3,45.0,150.005,,1179.96,,,1.0,13.0
2026-08-07 11:31:03.427,299982,44997,150000064,1179.908827,,66.046,0x00,0x00,CURRENT,1,0,OK,0.3,0.3,45.0,150.006,,1179.973,,,1.0,14.0
2026-08-07 11:31:04.742,299936,44990,149999488,1179.902745,,67.361,0x00,0x00,CURRENT,1,0,OK,0.3,0.3,45.0,150.006,,1179.973,,,1.0,14.0
2026-08-07 11:31:05.576,300061,45009,149999104,1179.898690,,68.195,0x00,0x00,CURRENT,1,0,OK,0.3,0.3,45.0,150.001,,1179.919,,,1.0,13.0
2026-08-07 11:31:06.391,300016,45002,149999440,1179.902238,,69.010,0x00,0x00,CURRENT,1,0,OK,0.3,0.3,45.0,150.001,,1179.919,,,1.0,13.0
2026-08-07 11:31:07.206,299968,44995,149999040,1179.898014,,69.825,0x00,0x00,CURRENT,1,0,OK,0.3,0.3,45.0,150.001,,1179.919,,,1.0,13.0
2026-08-07 11:31:08.040,300087,45013,149998944,1179.897000,,70.659,0x00,0x00,CURRENT,1,0,OK,0.3,0.3,45.0,149.997,,1179.881,,,1.0,13.0
2026-08-07 11:31:08.871,300032,45004,149998880,1179.896324,,71.490,0x00,0x00,CURRENT,1,0,OK,0.3,0.3,45.0,149.997,,1179.881,,,1.0,13.0
2026-08-07 11:31:09.705,299992,44999,149999072,1179.898352,,72.324,0x00,0x00,CURRENT,1,0,OK,0.3,0.3,45.0,149.996,,1179.871,,,1.0,14.0
2026-08-07 11:31:10.520,299950,44992,149999408,1179.901900,,73.139,0x00,0x00,CURRENT,1,0,OK,0.3,0.3,45.0,149.996,,1179.871,,,1.0,14.0
2026-08-07 11:31:11.427,300083,45012,149999072,1179.898352,,74.046,0x00,0x00,CURRENT,1,0,OK,0.3,0.3,45.0,150.0,,1179.908,,,1.0,13.0
2026-08-07 11:31:12.742,300025,45003,149998912,1179.896662,,75.361,0x00,0x00,CURRENT,1,0,OK,0.3,0.3,45.0,150.0,,1179.908,,,1.0,13.0
2026-08-07 11:31:13.576,299977,44996,149998720,1179.894635,,76.195,0x00,0x00,CURRENT,1,0,OK,0.3,0.3,45.0,149.996,,1179.868,,,1.0,13.0
2026-08-07 11:31:14.391,300100,45015,149998864,1179.896155,,77.010,0x00,0x00,CURRENT,1,0,OK,0.3,0.3,45.0,149.996,,1179.868,,,1.0,13.0
2026-08-07 11:31:15.205,300221,45033,149998528,1179.892607,,77.825,0x00,0x00,CURRENT,1,0,OK,0.3,0.3,45.0,149.996,,1179.868,,,1.0,13.0
2026-08-07 11:31:16.040,300162,45024,149998768,1179.895142,,78.659,0x00,0x00,CURRENT,1,0,OK,0.3,0.301,45.0,149.998,,1179.884,,,1.0,14.0
2026-08-07 11:31:16.872,300103,45015,149998352,1179.890749,,79.491,0x00,0x00,CURRENT,1,0,OK,0.3,0.301,45.0,149.998,,1179.884,,,1.0,14.0
2026-08-07 11:31:17.706,300054,45007,149997936,1179.886356,,80.325,0x00,0x00,CURRENT,1,0,OK,0.3,0.3,45.0,150.002,,1179.933,,,1.0,14.0
2026-08-07 11:31:18.520,300009,45001,149997856,1179.885511,,81.140,0x00,0x00,CURRENT,1,0,OK,0.3,0.3,45.0,150.002,,1179.933,,,1.0,14.0
2026-08-07 11:31:19.425,299966,44994,149998352,1179.890749,,82.045,0x00,0x00,CURRENT,1,0,OK,0.3,0.3,45.0,150.004,,1179.949,,,1.0,13.0
2026-08-07 11:31:20.740,300097,45014,149998192,1179.889059,,83.360,0x00,0x00,CURRENT,1,0,OK,0.3,0.3,45.0,150.004,,1179.949,,,1.0,13.0
2026-08-07 11:31:21.575,300223,45033,149998192,1179.889059,,84.194,0x00,0x00,CURRENT,1,0,OK,0.3,0.3,45.0,149.999,,1179.898,,,1.0,14.0
2026-08-07 11:31:22.390,300172,45025,149997888,1179.885849,,85.009,0x00,0x00,CURRENT,1,0,OK,0.3,0.3,45.0,149.999,,1179.898,,,1.0,14.0
2026-08-07 11:31:23.204,300119,45017,149998064,1179.887708,,85.824,0x00,0x00,CURRENT,1,0,OK,0.3,0.3,45.0,149.999,,1179.898,,,1.0,14.0
2026-08-07 11:31:24.039,300062,45009,149998720,1179.894635,,86.658,0x00,0x00,CURRENT,1,0,OK,0.3,0.3,45.0,150.0,,1179.909,,,1.0,14.0
2026-08-07 11:31:24.872,300015,45002,149998656,1179.893959,,87.491,0x00,0x00,CURRENT,1,0,OK,0.3,0.3,45.0,150.0,,1179.909,,,1.0,14.0
2026-08-07 11:31:25.705,299967,44995,149999264,1179.900379,,88.325,0x00,0x00,CURRENT,1,0,OK,0.3,0.3,45.0,150.0,,1179.906,,,1.0,13.0
2026-08-07 11:31:26.520,299925,44988,149998864,1179.896155,,89.140,0x00,0x00,CURRENT,1,0,OK,0.3,0.3,45.0,150.0,,1179.906,,,1.0,13.0
2026-08-07 11:31:27.425,300058,45008,149998848,1179.895986,,90.045,0x00,0x00,CURRENT,1,0,OK,0.3,0.299,45.0,149.998,,1179.885,,,1.0,13.0
2026-08-07 11:31:28.740,300011,45001,149998672,1179.894128,,91.360,0x00,0x00,CURRENT,1,0,OK,0.3,0.299,45.0,149.998,,1179.885,,,1.0,13.0
2026-08-07 11:31:29.575,299973,44996,149998800,1179.895480,,92.194,0x00,0x00,CURRENT,1,0,OK,0.3,0.3,45.0,149.998,,1179.882,,,1.0,14.0
2026-08-07 11:31:30.389,299936,44990,149998864,1179.896155,,93.009,0x00,0x00,CURRENT,1,0,OK,0.3,0.3,45.0,149.998,,1179.882,,,1.0,14.0
2026-08-07 11:31:31.204,299898,44985,149999328,1179.901055,,93.824,0x00,0x00,CURRENT,1,0,OK,0.3,0.3,45.0,149.998,,1179.882,,,1.0,14.0
2026-08-07 11:31:32.039,299862,44979,149999760,1179.905617,,94.658,0x00,0x00,CURRENT,1,0,OK,0.3,0.3,45.0,149.999,,1179.896,,,1.0,13.0
2026-08-07 11:31:32.871,299995,44999,149999584,1179.903758,,95.491,0x00,0x00,CURRENT,1,0,OK,0.3,0.3,45.0,149.999,,1179.896,,,1.0,13.0
2026-08-07 11:31:33.706,299948,44992,149999840,1179.906462,,96.325,0x00,0x00,CURRENT,1,0,OK,0.3,0.3,45.0,150.003,,1179.935,,,1.0,14.0
2026-08-07 11:31:34.521,299905,44986,150000160,1179.909841,,97.140,0x00,0x00,CURRENT,1,0,OK,0.3,0.3,45.0,150.003,,1179.935,,,1.0,14.0
2026-08-07 11:31:35.427,300034,45005,150000160,1179.909841,,98.047,0x00,0x00,CURRENT,1,0,OK,0.3,0.3,45.0,150.002,,1179.929,,,1.0,13.0
2026-08-07 11:31:36.743,299995,44999,150000400,1179.912375,,99.362,0x00,0x00,CURRENT,1,0,OK,0.3,0.3,45.0,150.002,,1179.929,,,1.0,13.0
2026-08-07 11:31:37.577,299947,44992,150000384,1179.912206,,100.196,0x00,0x00,CURRENT,1,0,OK,0.3,0.3,45.0,150.004,,1179.947,,,1.0,13.0
2026-08-07 11:31:38.392,300067,45010,150000704,1179.915585,,101.011,0x00,0x00,CURRENT,1,0,OK,0.3,0.3,45.0,150.004,,1179.947,,,1.0,13.0
2026-08-07 11:31:39.206,300017,45003,150001504,1179.924033,,101.826,0x00,0x00,CURRENT,1,0,OK,0.3,0.3,45.0,150.004,,1179.947,,,1.0,13.0
2026-08-07 11:31:40.040,299966,44995,150001600,1179.925047,,102.660,0x00,0x00,CURRENT,1,0,OK,0.3,0.3,45.0,150.001,,1179.924,,,1.0,14.0
2026-08-07 11:31:40.871,300088,45014,150001744,1179.926567,,103.491,0x00,0x00,CURRENT,1,0,OK,0.3,0.3,45.0,150.001,,1179.924,,,1.0,14.0
2026-08-07 11:31:41.706,300032,45005,150002032,1179.929608,,104.325,0x00,0x00,CURRENT,1,0,OK,0.3,0.3,45.0,150.001,,1179.919,,,1.0,14.0
2026-08-07 11:31:42.521,299986,44999,150002384,1179.933325,,105.140,0x00,0x00,CURRENT,1,0,OK,0.3,0.3,45.0,150.001,,1179.919,,,1.0,14.0
2026-08-07 11:31:43.428,299940,44992,150002304,1179.932481,,106.047,0x00,0x00,CURRENT,1,0,OK,0.3,0.3,45.0,150.002,,1179.931,,,1.0,13.0
2026-08-07 11:31:44.742,299895,44985,150002192,1179.931298,,107.362,0x00,0x00,CURRENT,1,0,OK,0.3,0.3,45.0,150.002,,1179.931,,,1.0,13.0
2026-08-07 11:31:45.576,299853,44979,150002096,1179.930284,,108.196,0x00,0x00,CURRENT,1,0,OK,0.3,0.3,45.0,149.997,,1179.873,,,1.0,14.0
2026-08-07 11:31:46.391,299816,44973,150002128,1179.930622,,109.011,0x00,0x00,CURRENT,1,0,OK,0.3,0.3,45.0,149.997,,1179.873,,,1.0,14.0
2026-08-07 11:31:47.206,299944,44992,150002064,1179.929946,,109.826,0x00,0x00,CURRENT,1,0,OK,0.3,0.3,45.0,149.997,,1179.873,,,1.0,14.0
2026-08-07 11:31:48.040,299903,44986,150001952,1179.928764,,110.660,0x00,0x00,CURRENT,1,0,OK,0.3,0.3,45.0,150.004,,1179.946,,,1.0,14.0
2026-08-07 11:31:48.872,299866,44981,150002016,1179.929439,,111.492,0x00,0x00,CURRENT,1,0,OK,0.3,0.3,45.0,150.004,,1179.946,,,1.0,14.0
2026-08-07 11:31:49.706,299994,45000,150002240,1179.931805,,112.326,0x00,0x00,CURRENT,1,0,OK,0.3,0.3,45.0,150.006,,1179.968,,,1.0,13.0
2026-08-07 11:31:50.521,299951,44993,150002464,1179.934170,,113.141,0x00,0x00,CURRENT,1,0,OK,0.3,0.3,45.0,150.006,,1179.968,,,1.0,13.0
2026-08-07 11:31:51.426,299912,44987,150002288,1179.932312,,114.046,0x00,0x00,CURRENT,1,0,OK,0.3,0.3,45.0,150.007,,1179.977,,,1.0,14.0
2026-08-07 11:31:52.741,299874,44982,150002256,1179.931974,,115.361,0x00,0x00,CURRENT,1,0,OK,0.3,0.3,45.0,150.007,,1179.977,,,1.0,14.0
2026-08-07 11:31:53.575,300008,45002,150001952,1179.928764,,116.195,0x00,0x00,CURRENT,1,0,OK,0.3,0.3,45.0,150.005,,1179.964,,,1.0,13.0
2026-08-07 11:31:54.390,300130,45020,150001936,1179.928595,,117.010,0x00,0x00,CURRENT,1,0,OK,0.3,0.3,45.0,150.005,,1179.964,,,1.0,13.0
2026-08-07 11:31:55.205,300079,45013,150002288,1179.932312,,117.825,0x00,0x00,CURRENT,1,0,OK,0.3,0.3,45.0,150.005,,1179.964,,,1.0,13.0
2026-08-07 11:31:56.039,300026,45005,150002336,1179.932819,,118.659,0x00,0x00,CURRENT,1,0,OK,0.3,0.3,45.0,150.002,,1179.927,,,1.0,14.0
2026-08-07 11:31:56.872,299978,44997,150002672,1179.936367,,119.492,0x00,0x00,CURRENT,1,0,OK,0.3,0.3,45.0,150.002,,1179.927,,,1.0,14.0
2026-08-07 11:31:57.706,299934,44991,150002336,1179.932819,,120.326,0x00,0x00,CURRENT,1,0,OK,0.3,0.3,45.0,150.004,,1179.946,,,1.0,13.0
2026-08-07 11:31:58.521,299890,44984,150002752,1179.937211,,121.141,0x00,0x00,CURRENT,1,0,OK,0.3,0.3,45.0,150.004,,1179.946,,,1.0,13.0
2026-08-07 11:31:59.427,299852,44979,150002480,1179.934339,,122.047,0x00,0x00,CURRENT,1,0,OK,0.3,0.299,45.0,150.004,,1179.956,,,1.0,13.0
2026-08-07 11:32:00.742,299982,44998,150001904,1179.928257,,123.362,0x00,0x00,CURRENT,1,0,OK,0.3,0.299,45.0,150.004,,1179.956,,,1.0,13.0
2026-08-07 11:32:01.576,299937,44991,150001840,1179.927581,,124.196,0x00,0x00,CURRENT,1,0,OK,0.3,0.301,45.0,150.004,,1179.948,,,1.0,14.0
2026-08-07 11:32:02.391,299891,44984,150001728,1179.926398,,125.010,0x00,0x00,CURRENT,1,0,OK,0.3,0.301,45.0,150.004,,1179.948,,,1.0,14.0
2026-08-07 11:32:03.206,299849,44978,150002400,1179.933494,,125.826,0x00,0x00,CURRENT,1,0,OK,0.3,0.301,45.0,150.004,,1179.948,,,1.0,14.0
2026-08-07 11:32:04.040,299814,44973,150001744,1179.926567,,126.660,0x00,0x00,CURRENT,1,0,OK,0.3,0.3,45.0,150.001,,1179.918,,,1.0,13.0
2026-08-07 11:32:04.872,299781,44968,150001952,1179.928764,,127.491,0x00,0x00,CURRENT,1,0,OK,0.3,0.3,45.0,150.001,,1179.918,,,1.0,13.0
2026-08-07 11:32:05.706,299913,44988,150001680,1179.925891,,128.326,0x00,0x00,CURRENT,1,0,OK,0.3,0.299,45.0,150.0,,1179.912,,,1.0,13.0
2026-08-07 11:32:06.521,300043,45007,150001552,1179.924540,,129.141,0x00,0x00,CURRENT,1,0,OK,0.3,0.299,45.0,150.0,,1179.912,,,1.0,13.0
2026-08-07 11:32:07.426,300000,45000,150001504,1179.924033,,130.046,0x00,0x00,CURRENT,1,0,OK,0.3,0.301,45.0,150.004,,1179.954,,,1.0,14.0
2026-08-07 11:32:08.741,299953,44993,150001664,1179.925722,,131.361,0x00,0x00,CURRENT,1,0,OK,0.3,0.301,45.0,150.004,,1179.954,,,1.0,14.0
2026-08-07 11:32:09.575,299905,44986,150000816,1179.916768,,132.195,0x00,0x00,CURRENT,1,0,OK,0.3,0.3,45.0,150.0,,1179.906,,,1.0,13.0
2026-08-07 11:32:10.390,299856,44979,150000992,1179.918626,,133.010,0x00,0x00,CURRENT,1,0,OK,0.3,0.3,45.0,150.0,,1179.906,,,1.0,13.0
2026-08-07 11:32:11.205,299981,44997,150000896,1179.917613,,133.825,0x00,0x00,CURRENT,1,0,OK,0.3,0.3,45.0,150.0,,1179.906,,,1.0,13.0
2026-08-07 11:32:12.039,300105,45016,150001072,1179.919471,,134.659,0x00,0x00,CURRENT,1,0,OK,0.3,0.3,45.0,149.998,,1179.886,,,1.0,14.0
2026-08-07 11:32:12.873,300057,45009,150001408,1179.923019,,135.492,0x00,0x00,CURRENT,1,0,OK,0.3,0.3,45.0,149.998,,1179.886,,,1.0,14.0
2026-08-07 11:32:13.707,300003,45001,150001456,1179.923526,,136.327,0x00,0x00,CURRENT,1,0,OK,0.3,0.3,45.0,149.999,,1179.9,,,1.0,14.0
2026-08-07 11:32:14.522,299952,44993,150001584,1179.924878,,137.141,0x00,0x00,CURRENT,1,0,OK,0.3,0.3,45.0,149.999,,1179.9,,,1.0,14.0
2026-08-07 11:32:15.427,299903,44986,150001952,1179.928764,,138.047,0x00,0x00,CURRENT,1,0,OK,0.3,0.3,45.0,150.003,,1179.939,,,1.0,13.0
2026-08-07 11:32:16.742,300027,45005,150001888,1179.928088,,139.361,0x00,0x00,CURRENT,1,0,OK,0.3,0.3,45.0,150.003,,1179.939,,,1.0,13.0
2026-08-07 11:32:17.576,299976,44997,150001808,1179.927243,,140.195,0x00,0x00,CURRENT,1,0,OK,0.3,0.301,45.0,150.002,,1179.926,,,1.0,14.0
2026-08-07 11:32:18.391,299923,44989,150002016,1179.929439,,141.010,0x00,0x00,CURRENT,1,0,OK,0.3,0.301,45.0,150.002,,1179.926,,,1.0,14.0
2026-08-07 11:32:19.206,299867,44981,150001824,1179.927412,,141.825,0x00,0x00,CURRENT,1,0,OK,0.3,0.301,45.0,150.002,,1179.926,,,1.0,14.0
2026-08-07 11:32:20.040,299818,44973,150002000,1179.929271,,142.659,0x00,0x00,CURRENT,1,0,OK,0.3,0.3,45.0,150.001,,1179.916,,,1.0,13.0
2026-08-07 11:32:20.873,299770,44966,150002064,1179.929946,,143.492,0x00,0x00,CURRENT,1,0,OK,0.3,0.3,45.0,150.001,,1179.916,,,1.0,13.0
2026-08-07 11:32:21.707,299894,44985,150002016,1179.929439,,144.326,0x00,0x00,CURRENT,1,0,OK,0.3,0.299,45.0,150.003,,1179.939,,,1.0,13.0
2026-08-07 11:32:22.522,300014,45003,150002336,1179.932819,,145.141,0x00,0x00,CURRENT,1,0,OK,0.3,0.299,45.0,150.003,,1179.939,,,1.0,13.0
2026-08-07 11:32:23.427,299957,44994,150002464,1179.934170,,146.046,0x00,0x00,CURRENT,1,0,OK,0.3,0.301,45.0,150.001,,1179.915,,,1.0,14.0
2026-08-07 11:32:24.742,299911,44987,150002368,1179.933156,,147.361,0x00,0x00,CURRENT,1,0,OK,0.3,0.301,45.0,150.001,,1179.915,,,1.0,14.0
2026-08-07 11:32:25.576,300031,45005,150002416,1179.933663,,148.195,0x00,0x00,CURRENT,1,0,OK,0.3,0.3,45.0,149.999,,1179.901,,,1.0,13.0
2026-08-07 11:32:26.391,299977,44997,150002336,1179.932819,,149.010,0x00,0x00,CURRENT,1,0,OK,0.3,0.3,45.0,149.999,,1179.901,,,1.0,13.0
2026-08-07 11:32:27.206,299931,44990,150002240,1179.931805,,149.825,0x00,0x00,CURRENT,1,0,OK,0.3,0.3,45.0,149.999,,1179.901,,,1.0,13.0
2026-08-07 11:32:28.040,299877,44982,150001856,1179.927750,,150.660,0x00,0x00,CURRENT,1,0,OK,0.3,0.3,45.0,149.998,,1179.891,,,1.0,13.0
2026-08-07 11:32:28.872,300005,45001,150002256,1179.931974,,151.491,0x00,0x00,CURRENT,1,0,OK,0.3,0.3,45.0,149.998,,1179.891,,,1.0,13.0
2026-08-07 11:32:29.706,300131,45020,150002512,1179.934677,,152.326,0x00,0x00,CURRENT,1,0,OK,0.3,0.3,45.0,150.003,,1179.939,,,1.0,14.0
2026-08-07 11:32:30.521,300076,45012,150002512,1179.934677,,153.141,0x00,0x00,CURRENT,1,0,OK,0.3,0.3,45.0,150.003,,1179.939,,,1.0,14.0
2026-08-07 11:32:31.428,300021,45004,150002400,1179.933494,,154.047,0x00,0x00,CURRENT,1,0,OK,0.3,0.3,45.0,150.006,,1179.968,,,1.0,14.0
2026-08-07 11:32:32.743,299965,44995,150002080,1179.930115,,155.362,0x00,0x00,CURRENT,1,0,OK,0.3,0.3,45.0,150.006,,1179.968,,,1.0,14.0
2026-08-07 11:32:33.577,299912,44988,150002464,1179.934170,,156.196,0x00,0x00,CURRENT,1,0,OK,0.3,0.3,45.0,150.004,,1179.949,,,1.0,13.0
2026-08-07 11:32:34.392,300027,45005,150002896,1179.938732,,157.011,0x00,0x00,CURRENT,1,0,OK,0.3,0.3,45.0,150.004,,1179.949,,,1.0,13.0
2026-08-07 11:32:35.207,300141,45022,150003376,1179.943801,,157.826,0x00,0x00,CURRENT,1,0,OK,0.3,0.3,45.0,150.004,,1179.949,,,1.0,13.0
2026-08-07 11:32:36.041,300081,45013,150003792,1179.948193,,158.660,0x00,0x00,CURRENT,1,0,OK,0.3,0.301,45.0,150.008,,1179.996,,,1.0,14.0
2026-08-07 11:32:36.873,300025,45005,150003424,1179.944308,,159.492,0x00,0x00,CURRENT,1,0,OK,0.3,0.301,45.0,150.008,,1179.996,,,1.0,14.0
2026-08-07 11:32:37.707,299974,44997,150003312,1179.943125,,160.326,0x00,0x00,CURRENT,1,0,OK,0.3,0.3,45.0,150.005,,1179.963,,,1.0,13.0
2026-08-07 11:32:38.522,299917,44989,150004064,1179.951066,,161.141,0x00,0x00,CURRENT,1,0,OK,0.3,0.3,45.0,150.005,,1179.963,,,1.0,13.0
2026-08-07 11:32:39.427,300041,45007,150003776,1179.948025,,162.046,0x00,0x00,CURRENT,1,0,OK,0.3,0.299,45.0,150.005,,1179.961,,,1.0,13.0
2026-08-07 11:32:40.742,299987,44999,150003328,1179.943294,,163.361,0x00,0x00,CURRENT,1,0,OK,0.3,0.299,45.0,150.005,,1179.961,,,1.0,13.0
2026-08-07 11:32:41.576,299931,44991,150003520,1179.945321,,164.195,0x00,0x00,CURRENT,1,0,OK,0.3,0.3,45.0,150.003,,1179.935,,,1.0,14.0
2026-08-07 11:32:42.391,299882,44983,150002960,1179.939408,,165.010,0x00,0x00,CURRENT,1,0,OK,0.3,0.3,45.0,150.003,,1179.935,,,1.0,14.0
2026-08-07 11:32:43.206,299831,44975,150002592,1179.935522,,165.825,0x00,0x00,CURRENT,1,0,OK,0.3,0.3,45.0,150.003,,1179.935,,,1.0,14.0
2026-08-07 11:32:44.040,299786,44969,150002496,1179.934508,,166.659,0x00,0x00,CURRENT,1,0,OK,0.3,0.3,45.0,150.003,,1179.938,,,1.0,13.0
2026-08-07 11:32:44.872,299904,44986,150002608,1179.935691,,167.491,0x00,0x00,CURRENT,1,0,OK,0.3,0.3,45.0,150.003,,1179.938,,,1.0,13.0
2026-08-07 11:32:45.706,300021,45004,150002560,1179.935184,,168.325,0x00,0x00,CURRENT,1,0,OK,0.3,0.3,45.0,150.004,,1179.948,,,1.0,14.0
2026-08-07 11:32:46.521,299965,44996,150002480,1179.934339,,169.140,0x00,0x00,CURRENT,1,0,OK,0.3,0.3,45.0,150.004,,1179.948,,,1.0,14.0
2026-08-07 11:32:47.428,299916,44988,150002416,1179.933663,,170.047,0x00,0x00,CURRENT,1,0,OK,0.3,0.3,45.0,150.004,,1179.947,,,1.0,14.0
2026-08-07 11:32:48.742,299863,44980,150002800,1179.937718,,171.362,0x00,0x00,CURRENT,1,0,OK,0.3,0.3,45.0,150.004,,1179.947,,,1.0,14.0
2026-08-07 11:32:49.577,299981,44998,150002208,1179.931467,,172.196,0x00,0x00,CURRENT,1,0,OK,0.3,0.299,45.0,149.998,,1179.886,,,1.0,13.0
2026-08-07 11:32:50.391,300097,45015,150002096,1179.930284,,173.011,0x00,0x00,CURRENT,1,0,OK,0.3,0.299,45.0,149.998,,1179.886,,,1.0,13.0
2026-08-07 11:32:51.207,300037,45006,150002608,1179.935691,,173.826,0x00,0x00,CURRENT,1,0,OK,0.3,0.299,45.0,149.998,,1179.886,,,1.0,13.0
2026-08-07 11:32:52.041,299984,44998,150002464,1179.934170,,174.660,0x00,0x00,CURRENT,1,0,OK,0.3,0.3,45.0,150.004,,1179.951,,,1.0,14.0
2026-08-07 11:32:52.872,299931,44990,150002144,1179.930791,,175.491,0x00,0x00,CURRENT,1,0,OK,0.3,0.3,45.0,150.004,,1179.951,,,1.0,14.0
2026-08-07 11:32:53.706,299883,44983,150002416,1179.933663,,176.325,0x00,0x00,CURRENT,1,0,OK,0.3,0.3,45.0,150.002,,1179.934,,,1.0,13.0
2026-08-07 11:32:54.521,300005,45002,150002784,1179.937549,,177.140,0x00,0x00,CURRENT,1,0,OK,0.3,0.3,45.0,150.002,,1179.934,,,1.0,13.0
2026-08-07 11:32:55.427,300122,45019,150003024,1179.940084,,178.046,0x00,0x00,CURRENT,1,0,OK,0.3,0.3,45.0,150.004,,1179.946,,,1.0,14.0
2026-08-07 11:32:56.742,300063,45010,150002960,1179.939408,,179.361,0x00,0x00,CURRENT,1,0,OK,0.3,0.3,45.0,150.004,,1179.946,,,1.0,14.0
2026-08-07 11:32:57.576,300009,45002,150002720,1179.936873,,180.195,0x00,0x00,CURRENT,1,0,OK,0.3,0.3,45.0,150.002,,1179.926,,,1.0,13.0
2026-08-07 11:32:58.391,299961,44995,150003296,1179.942956,,181.010,0x00,0x00,CURRENT,1,0,OK,0.3,0.3,45.0,150.002,,1179.926,,,1.0,13.0
2026-08-07 11:32:59.206,299911,44988,150003312,1179.943125,,181.825,0x00,0x00,CURRENT,1,0,OK,0.3,0.3,45.0,150.002,,1179.926,,,1.0,13.0
2026-08-07 11:33:00.040,300036,45007,150003616,1179.946335,,182.659,0x00,0x00,CURRENT,1,0,OK,0.3,0.299,45.0,150.0,,1179.907,,,1.0,13.0
2026-08-07 11:33:00.871,300153,45024,150002992,1179.939746,,183.491,0x00,0x00,CURRENT,1,0,OK,0.3,0.299,45.0,150.0,,1179.907,,,1.0,13.0
2026-08-07 11:33:01.705,300089,45014,150002992,1179.939746,,184.325,0x00,0x00,CURRENT,1,0,OK,0.3,0.301,45.0,150.004,,1179.948,,,1.0,14.0
2026-08-07 11:33:02.520,300030,45005,150002800,1179.937718,,185.140,0x00,0x00,CURRENT,1,0,OK,0.3,0.301,45.0,150.004,,1179.948,,,1.0,14.0
2026-08-07 11:33:03.428,299975,44997,150002672,1179.936367,,186.047,0x00,0x00,CURRENT,1,0,OK,0.3,0.3,45.0,150.004,,1179.946,,,1.0,13.0
2026-08-07 11:33:04.742,299919,44989,150002368,1179.933156,,187.362,0x00,0x00,CURRENT,1,0,OK,0.3,0.3,45.0,150.004,,1179.946,,,1.0,13.0
2026-08-07 11:33:05.577,299872,44981,150002496,1179.934508,,188.196,0x00,0x00,CURRENT,1,0,OK,0.3,0.3,45.0,150.003,,1179.939,,,1.0,13.0
2026-08-07 11:33:06.391,299997,45000,150002112,1179.930453,,189.011,0x00,0x00,CURRENT,1,0,OK,0.3,0.3,45.0,150.003,,1179.939,,,1.0,13.0
2026-08-07 11:33:07.206,299943,44992,150002208,1179.931467,,189.826,0x00,0x00,CURRENT,1,0,OK,0.3,0.3,45.0,150.003,,1179.939,,,1.0,13.0
2026-08-07 11:33:08.040,299895,44985,150002288,1179.932312,,190.660,0x00,0x00,CURRENT,1,0,OK,0.3,0.3,45.0,150.005,,1179.961,,,1.0,14.0
2026-08-07 11:33:08.871,299852,44979,150002256,1179.931974,,191.491,0x00,0x00,CURRENT,1,0,OK,0.3,0.3,45.0,150.005,,1179.961,,,1.0,14.0
2026-08-07 11:33:09.706,299983,44998,150002656,1179.936198,,192.325,0x00,0x00,CURRENT,1,0,OK,0.3,0.3,45.0,150.01,,1180.012,,,1.0,13.0
2026-08-07 11:33:10.520,300104,45016,150002672,1179.936367,,193.140,0x00,0x00,CURRENT,1,0,OK,0.3,0.3,45.0,150.01,,1180.012,,,1.0,13.0
2026-08-07 11:33:11.426,300049,45008,150002288,1179.932312,,194.046,0x00,0x00,CURRENT,1,0,OK,0.3,0.301,45.0,150.011,,1180.027,,,1.0,14.0
2026-08-07 11:33:12.741,299995,45000,150001952,1179.928764,,195.361,0x00,0x00,CURRENT,1,0,OK,0.3,0.301,45.0,150.011,,1180.027,,,1.0,14.0
2026-08-07 11:33:13.575,299938,44991,150001696,1179.926060,,196.195,0x00,0x00,CURRENT,1,0,OK,0.3,0.3,45.0,150.007,,1179.979,,,1.0,13.0
2026-08-07 11:33:14.390,299885,44983,150002032,1179.929608,,197.010,0x00,0x00,CURRENT,1,0,OK,0.3,0.3,45.0,150.007,,1179.979,,,1.0,13.0
2026-08-07 11:33:15.205,300006,45001,150002048,1179.929777,,197.825,0x00,0x00,CURRENT,1,0,OK,0.3,0.3,45.0,150.007,,1179.979,,,1.0,13.0
2026-08-07 11:33:16.039,300110,45017,150002464,1179.934170,,198.659,0x00,0x00,CURRENT,1,0,OK,0.3,0.3,45.0,150.006,,1179.974,,,1.0,14.0
2026-08-07 11:33:16.872,300051,45009,150003136,1179.941266,,199.492,0x00,0x00,CURRENT,1,0,OK,0.3,0.3,45.0,150.006,,1179.974,,,1.0,14.0
2026-08-07 11:33:17.706,299996,45000,150003040,1179.940253,,200.326,0x00,0x00,CURRENT,1,0,OK,0.3,0.3,45.0,150.006,,1179.969,,,1.0,14.0
2026-08-07 11:33:18.521,299938,44992,150003360,1179.943632,,201.141,0x00,0x00,CURRENT,1,0,OK,0.3,0.3,45.0,150.006,,1179.969,,,1.0,14.0
2026-08-07 11:33:19.426,299893,44985,150003104,1179.940928,,202.046,0x00,0x00,CURRENT,1,0,OK,0.3,0.3,45.0,150.007,,1179.978,,,1.0,13.0
2026-08-07 11:33:20.741,300019,45004,150002768,1179.937380,,203.361,0x00,0x00,CURRENT,1,0,OK,0.3,0.3,45.0,150.007,,1179.978,,,1.0,13.0
2026-08-07 11:33:21.575,299968,44996,150002416,1179.933663,,204.195,0x00,0x00,CURRENT,1,0,OK,0.3,0.301,45.0,150.003,,1179.937,,,1.0,14.0
2026-08-07 11:33:22.390,299915,44988,150003152,1179.941435,,205.010,0x00,0x00,CURRENT,1,0,OK,0.3,0.301,45.0,150.003,,1179.937,,,1.0,14.0
2026-08-07 11:33:23.205,299865,44981,150003584,1179.945997,,205.825,0x00,0x00,CURRENT,1,0,OK,0.3,0.301,45.0,150.003,,1179.937,,,1.0,14.0
2026-08-07 11:33:24.039,299817,44974,150003984,1179.950221,,206.659,0x00,0x00,CURRENT,1,0,OK,0.3,0.3,45.0,150.001,,1179.916,,,1.0,13.0
2026-08-07 11:33:24.871,299942,44992,150003680,1179.947011,,207.491,0x00,0x00,CURRENT,1,0,OK,0.3,0.3,45.0,150.001,,1179.916,,,1.0,13.0
2026-08-07 11:33:25.705,300067,45011,150003520,1179.945321,,208.324,0x00,0x00,CURRENT,1,0,OK,0.3,0.3,45.0,150.002,,1179.931,,,1.0,14.0
2026-08-07 11:33:26.520,300014,45003,150003280,1179.942787,,209.140,0x00,0x00,CURRENT,1,0,OK,0.3,0.3,45.0,150.002,,1179.931,,,1.0,14.0
2026-08-07 11:33:27.428,299960,44995,150002960,1179.939408,,210.048,0x00,0x00,CURRENT,1,0,OK,0.3,0.3,45.0,150.002,,1179.93,,,1.0,14.0
2026-08-07 11:33:28.743,299917,44988,150002976,1179.939577,,211.362,0x00,0x00,CURRENT,1,0,OK,0.3,0.3,45.0,150.002,,1179.93,,,1.0,14.0
2026-08-07 11:33:29.577,299874,44982,150002672,1179.936367,,212.197,0x00,0x00,CURRENT,1,0,OK,0.3,0.3,45.0,150.003,,1179.942,,,1.0,13.0
2026-08-07 11:33:30.392,299993,45000,150003312,1179.943125,,213.012,0x00,0x00,CURRENT,1,0,OK,0.3,0.3,45.0,150.003,,1179.942,,,1.0,13.0
2026-08-07 11:33:31.207,300105,45017,150003296,1179.942956,,213.826,0x00,0x00,CURRENT,1,0,OK,0.3,0.3,45.0,150.003,,1179.942,,,1.0,13.0
2026-08-07 11:33:32.041,300057,45010,150003184,1179.941773,,214.660,0x00,0x00,CURRENT,1,0,OK,0.3,0.301,45.0,150.009,,1179.998,,,1.0,14.0
2026-08-07 11:33:32.872,300011,45003,150002784,1179.937549,,215.491,0x00,0x00,CURRENT,1,0,OK,0.3,0.301,45.0,150.009,,1179.998,,,1.0,14.0
2026-08-07 11:33:33.706,299969,44996,150002496,1179.934508,,216.325,0x00,0x00,CURRENT,1,0,OK,0.3,0.3,45.0,150.005,,1179.966,,,1.0,14.0
2026-08-07 11:33:34.521,299920,44989,150002864,1179.938394,,217.141,0x00,0x00,CURRENT,1,0,OK,0.3,0.3,45.0,150.005,,1179.966,,,1.0,14.0
2026-08-07 11:33:35.426,299877,44982,150002720,1179.936873,,218.045,0x00,0x00,CURRENT,1,0,OK,0.3,0.3,45.0,150.007,,1179.987,,,1.0,13.0
2026-08-07 11:33:36.741,300004,45002,150003008,1179.939915,,219.361,0x00,0x00,CURRENT,1,0,OK,0.3,0.3,45.0,150.007,,1179.987,,,1.0,13.0
2026-08-07 11:33:37.575,299958,44995,150003248,1179.942449,,220.195,0x00,0x00,CURRENT,1,0,OK,0.3,0.301,45.0,150.002,,1179.927,,,1.0,14.0
2026-08-07 11:33:38.390,299910,44987,150002848,1179.938225,,221.009,0x00,0x00,CURRENT,1,0,OK,0.3,0.301,45.0,150.002,,1179.927,,,1.0,14.0
2026-08-07 11:33:39.205,299862,44980,150003328,1179.943294,,221.824,0x00,0x00,CURRENT,1,0,OK,0.3,0.301,45.0,150.002,,1179.927,,,1.0,14.0
2026-08-07 11:33:40.039,299816,44974,150003616,1179.946335,,222.658,0x00,0x00,CURRENT,1,0,OK,0.3,0.3,45.0,150.006,,1179.968,,,1.0,13.0
2026-08-07 11:33:40.871,299778,44968,150003472,1179.944814,,223.490,0x00,0x00,CURRENT,1,0,OK,0.3,0.3,45.0,150.006,,1179.968,,,1.0,13.0
2026-08-07 11:33:41.705,299908,44987,150003536,1179.945490,,224.324,0x00,0x00,CURRENT,1,0,OK,0.3,0.299,45.0,150.008,,1179.998,,,1.0,13.0
2026-08-07 11:33:42.520,299867,44981,150003504,1179.945152,,225.139,0x00,0x00,CURRENT,1,0,OK,0.3,0.299,45.0,150.008,,1179.998,,,1.0,13.0
2026-08-07 11:33:43.426,299830,44976,150003904,1179.949376,,226.045,0x00,0x00,CURRENT,1,0,OK,0.3,0.3,45.0,150.008,,1179.992,,,1.0,13.0
2026-08-07 11:33:44.741,299793,44970,150003440,1179.944476,,227.360,0x00,0x00,CURRENT,1,0,OK,0.3,0.3,45.0,150.008,,1179.992,,,1.0,13.0
2026-08-07 11:33:45.575,299753,44964,150003264,1179.942618,,228.194,0x00,0x00,CURRENT,1,0,OK,0.3,0.3,45.0,150.004,,1179.955,,,1.0,14.0
2026-08-07 11:33:46.390,299717,44959,150003024,1179.940084,,229.009,0x00,0x00,CURRENT,1,0,OK,0.3,0.3,45.0,150.004,,1179.955,,,1.0,14.0
2026-08-07 11:33:47.205,299859,44980,150002880,1179.938563,,229.824,0x00,0x00,CURRENT,1,0,OK,0.3,0.3,45.0,150.004,,1179.955,,,1.0,14.0
2026-08-07 11:33:48.039,299988,44999,150003104,1179.940928,,230.658,0x00,0x00,CURRENT,1,0,OK,0.3,0.3,45.0,150.005,,1179.965,,,1.0,14.0
2026-08-07 11:33:48.871,299940,44992,150003136,1179.941266,,231.490,0x00,0x00,CURRENT,1,0,OK,0.3,0.3,45.0,150.005,,1179.965,,,1.0,14.0
2026-08-07 11:33:49.705,299893,44985,150003040,1179.940253,,232.324,0x00,0x00,CURRENT,1,0,OK,0.3,0.3,45.0,150.005,,1179.965,,,1.0,14.0
2026-08-07 11:33:50.520,299847,44978,150002656,1179.936198,,233.139,0x00,0x00,CURRENT,1,0,OK,0.3,0.3,45.0,150.005,,1179.965,,,1.0,14.0
2026-08-07 11:33:51.427,299800,44971,150003088,1179.940759,,234.046,0x00,0x00,CURRENT,1,0,OK,0.3,0.3,45.0,150.007,,1179.978,,,1.0,13.0
2026-08-07 11:33:52.742,299932,44991,150002928,1179.939070,,235.361,0x00,0x00,CURRENT,1,0,OK,0.3,0.3,45.0,150.007,,1179.978,,,1.0,13.0
2026-08-07 11:33:53.576,299875,44982,150002592,1179.935522,,236.195,0x00,0x00,CURRENT,1,0,OK,0.3,0.3,45.0,150.007,,1179.978,,,1.0,14.0
2026-08-07 11:33:54.391,299992,45000,150002816,1179.937887,,237.010,0x00,0x00,CURRENT,1,0,OK,0.3,0.3,45.0,150.007,,1179.978,,,1.0,14.0
2026-08-07 11:33:55.206,299937,44992,150003344,1179.943463,,237.825,0x00,0x00,CURRENT,1,0,OK,0.3,0.3,45.0,150.007,,1179.978,,,1.0,14.0
2026-08-07 11:33:56.040,299890,44985,150003808,1179.948362,,238.659,0x00,0x00,CURRENT,1,0,OK,0.3,0.3,45.0,150.006,,1179.969,,,1.0,14.0
2026-08-07 11:33:56.872,299847,44978,150004016,1179.950559,,239.491,0x00,0x00,CURRENT,1,0,OK,0.3,0.3,45.0,150.006,,1179.969,,,1.0,14.0
2026-08-07 11:33:57.706,299971,44997,150003872,1179.949038,,240.325,0x00,0x00,CURRENT,1,0,OK,0.3,0.3,45.0,150.004,,1179.956,,,1.0,13.0
2026-08-07 11:33:58.521,300088,45014,150004224,1179.952755,,241.141,0x00,0x00,CURRENT,1,0,OK,0.3,0.3,45.0,150.004,,1179.956,,,1.0,13.0
2026-08-07 11:33:59.427,300040,45007,150004352,1179.954107,,242.046,0x00,0x00,CURRENT,1,0,OK,0.3,0.301,45.0,150.006,,1179.972,,,1.0,14.0
2026-08-07 11:34:00.742,299981,44998,150003296,1179.942956,,243.361,0x00,0x00,CURRENT,1,0,OK,0.3,0.301,45.0,150.006,,1179.972,,,1.0,14.0
2026-08-07 11:34:01.576,299929,44990,150003168,1179.941604,,244.195,0x00,0x00,CURRENT,1,0,OK,0.3,0.3,45.0,150.002,,1179.935,,,1.0,13.0
2026-08-07 11:34:02.390,299877,44983,150003440,1179.944476,,245.010,0x00,0x00,CURRENT,1,0,OK,0.3,0.3,45.0,150.002,,1179.935,,,1.0,13.0
2026-08-07 11:34:03.206,300008,45002,150003104,1179.940928,,245.825,0x00,0x00,CURRENT,1,0,OK,0.3,0.3,45.0,150.002,,1179.935,,,1.0,13.0
2026-08-07 11:34:04.040,299955,44994,150002416,1179.933663,,246.659,0x00,0x00,CURRENT,1,0,OK,0.3,0.3,45.0,150.002,,1179.926,,,1.0,14.0
2026-08-07 11:34:04.871,300078,45012,150002208,1179.931467,,247.491,0x00,0x00,CURRENT,1,0,OK,0.3,0.3,45.0,150.002,,1179.926,,,1.0,14.0
2026-08-07 11:34:05.706,300023,45004,150002720,1179.936873,,248.325,0x00,0x00,CURRENT,1,0,OK,0.3,0.3,45.0,150.003,,1179.945,,,1.0,14.0
2026-08-07 11:34:06.521,299971,44996,150003056,1179.940422,,249.140,0x00,0x00,CURRENT,1,0,OK,0.3,0.3,45.0,150.003,,1179.945,,,1.0,14.0
2026-08-07 11:34:07.432,299920,44989,150002688,1179.936536,,250.051,0x00,0x00,CURRENT,1,0,OK,0.3,0.3,45.0,150.007,,1179.981,,,1.0,13.0
2026-08-07 11:34:08.746,299872,44981,150002272,1179.932143,,251.366,0x00,0x00,CURRENT,1,0,OK,0.3,0.3,45.0,150.007,,1179.981,,,1.0,13.0
2026-08-07 11:34:09.581,299824,44974,150002080,1179.930115,,252.200,0x00,0x00,CURRENT,1,0,OK,0.3,0.3,45.0,150.005,,1179.957,,,1.0,13.0
2026-08-07 11:34:10.396,299948,44993,150002048,1179.929777,,253.015,0x00,0x00,CURRENT,1,0,OK,0.3,0.3,45.0,150.005,,1179.957,,,1.0,13.0
2026-08-07 11:34:11.211,299891,44984,150002320,1179.932650,,253.830,0x00,0x00,CURRENT,1,0,OK,0.3,0.3,45.0,150.005,,1179.957,,,1.0,13.0
2026-08-07 11:34:12.044,299851,44978,150002336,1179.932819,,254.664,0x00,0x00,CURRENT,1,0,OK,0.3,0.3,45.0,150.006,,1179.973,,,1.0,14.0
2026-08-07 11:34:12.872,299970,44996,150002416,1179.933663,,255.491,0x00,0x00,CURRENT,1,0,OK,0.3,0.3,45.0,150.006,,1179.973,,,1.0,14.0
2026-08-07 11:34:13.705,299927,44990,150002048,1179.929777,,256.325,0x00,0x00,CURRENT,1,0,OK,0.3,0.3,45.0,150.006,,1179.97,,,1.0,14.0
2026-08-07 11:34:14.521,299879,44983,150002368,1179.933156,,257.140,0x00,0x00,CURRENT,1,0,OK,0.3,0.3,45.0,150.006,,1179.97,,,1.0,14.0
2026-08-07 11:34:15.427,299839,44977,150002432,1179.933832,,258.046,0x00,0x00,CURRENT,1,0,OK,0.3,0.3,45.0,150.005,,1179.957,,,1.0,13.0
2026-08-07 11:34:16.741,299797,44970,150001856,1179.927750,,259.361,0x00,0x00,CURRENT,1,0,OK,0.3,0.3,45.0,150.005,,1179.957,,,1.0,13.0
2026-08-07 11:34:17.576,299768,44966,150001568,1179.924709,,260.195,0x00,0x00,CURRENT,1,0,OK,0.3,0.3,45.0,150.0,,1179.909,,,1.0,14.0
2026-08-07 11:34:18.390,299732,44960,150001440,1179.923357,,261.010,0x00,0x00,CURRENT,1,0,OK,0.3,0.3,45.0,150.0,,1179.909,,,1.0,14.0
2026-08-07 11:34:19.206,299867,44981,150001728,1179.926398,,261.825,0x00,0x00,CURRENT,1,0,OK,0.3,0.3,45.0,150.0,,1179.909,,,1.0,14.0
2026-08-07 11:34:20.039,299997,45000,150001808,1179.927243,,262.659,0x00,0x00,CURRENT,1,0,OK,0.3,0.3,45.0,150.003,,1179.939,,,1.0,14.0
2026-08-07 11:34:20.872,299947,44993,150001728,1179.926398,,263.492,0x00,0x00,CURRENT,1,0,OK,0.3,0.3,45.0,150.003,,1179.939,,,1.0,14.0
2026-08-07 11:34:21.707,299899,44985,150001904,1179.928257,,264.326,0x00,0x00,CURRENT,1,0,OK,0.3,0.3,45.0,150.005,,1179.963,,,1.0,14.0
2026-08-07 11:34:22.521,299858,44979,150001408,1179.923019,,265.141,0x00,0x00,CURRENT,1,0,OK,0.3,0.3,45.0,150.005,,1179.963,,,1.0,14.0
2026-08-07 11:34:23.427,299815,44972,150000816,1179.916768,,266.046,0x00,0x00,CURRENT,1,0,OK,0.3,0.3,45.0,150.007,,1179.983,,,1.0,13.0
2026-08-07 11:34:24.741,299943,44992,150001680,1179.925891,,267.361,0x00,0x00,CURRENT,1,0,OK,0.3,0.3,45.0,150.007,,1179.983,,,1.0,13.0
2026-08-07 11:34:25.576,299899,44985,150001920,1179.928426,,268.195,0x00,0x00,CURRENT,1,0,OK,0.3,0.3,45.0,150.002,,1179.927,,,1.0,14.0
2026-08-07 11:34:26.391,300026,45004,150001520,1179.924202,,269.010,0x00,0x00,CURRENT,1,0,OK,0.3,0.3,45.0,150.002,,1179.927,,,1.0,14.0
2026-08-07 11:34:27.206,299978,44997,150001920,1179.928426,,269.825,0x00,0x00,CURRENT,1,0,OK,0.3,0.3,45.0,150.002,,1179.927,,,1.0,14.0
2026-08-07 11:34:28.039,299937,44991,150002016,1179.929439,,270.659,0x00,0x00,CURRENT,1,0,OK,0.3,0.3,45.0,150.006,,1179.97,,,1.0,14.0
2026-08-07 11:34:28.871,299879,44983,150002368,1179.933156,,271.491,0x00,0x00,CURRENT,1,0,OK,0.3,0.3,45.0,150.006,,1179.97,,,1.0,14.0
2026-08-07 11:34:29.706,299835,44976,150002480,1179.934339,,272.325,0x00,0x00,CURRENT,1,0,OK,0.3,0.3,45.0,150.006,,1179.972,,,1.0,13.0
2026-08-07 11:34:30.520,299962,44995,150002784,1179.937549,,273.140,0x00,0x00,CURRENT,1,0,OK,0.3,0.3,45.0,150.006,,1179.972,,,1.0,13.0
2026-08-07 11:34:31.835,299912,44987,150002224,1179.931636,,274.454,0x00,0x00,CURRENT,1,0,OK,0.3,0.3,45.0,150.004,,1179.95,,,1.0,14.0
2026-08-07 11:34:32.650,299863,44980,150001968,1179.928933,,275.269,0x00,0x00,CURRENT,1,0,OK,0.3,0.3,45.0,150.004,,1179.95,,,1.0,14.0
2026-08-07 11:34:33.483,299811,44972,150002320,1179.932650,,276.103,0x00,0x00,CURRENT,1,0,OK,0.3,0.3,45.0,150.001,,1179.922,,,1.0,13.0
2026-08-07 11:34:34.372,299768,44966,150001632,1179.925385,,276.992,0x00,0x00,CURRENT,1,0,OK,0.3,0.3,45.0,150.001,,1179.922,,,1.0,13.0
2026-08-07 11:34:35.187,299733,44961,150002160,1179.930960,,277.806,0x00,0x00,CURRENT,1,0,OK,0.3,0.3,45.0,150.001,,1179.922,,,1.0,13.0
2026-08-07 11:34:36.021,299859,44980,150002448,1179.934001,,278.641,0x00,0x00,CURRENT,1,0,OK,0.3,0.299,45.0,150.001,,1179.92,,,1.0,13.0
2026-08-07 11:34:36.871,299977,44997,150002624,1179.935860,,279.491,0x00,0x00,CURRENT,1,0,OK,0.3,0.299,45.0,150.001,,1179.92,,,1.0,13.0
2026-08-07 11:34:37.705,299928,44990,150003152,1179.941435,,280.325,0x00,0x00,CURRENT,1,0,OK,0.3,0.301,45.0,149.999,,1179.896,,,1.0,14.0
2026-08-07 11:34:38.520,299877,44982,150002944,1179.939239,,281.140,0x00,0x00,CURRENT,1,0,OK,0.3,0.301,45.0,149.999,,1179.896,,,1.0,14.0
2026-08-07 11:34:39.834,299988,44999,150003200,1179.941942,,282.454,0x00,0x00,CURRENT,1,0,OK,0.3,0.3,45.0,150.002,,1179.932,,,1.0,13.0
2026-08-07 11:34:40.649,299933,44991,150003440,1179.944476,,283.268,0x00,0x00,CURRENT,1,0,OK,0.3,0.3,45.0,150.002,,1179.932,,,1.0,13.0
2026-08-07 11:34:41.483,300051,45009,150003344,1179.943463,,284.103,0x00,0x00,CURRENT,1,0,OK,0.3,0.3,45.0,150.003,,1179.937,,,1.0,13.0
2026-08-07 11:34:42.372,299989,44999,150003136,1179.941266,,284.992,0x00,0x00,CURRENT,1,0,OK,0.3,0.3,45.0,150.003,,1179.937,,,1.0,13.0
2026-08-07 11:34:43.187,299932,44991,150003008,1179.939915,,285.807,0x00,0x00,CURRENT,1,0,OK,0.3,0.3,45.0,150.003,,1179.937,,,1.0,13.0
2026-08-07 11:34:44.021,299878,44983,150003216,1179.942111,,286.641,0x00,0x00,CURRENT,1,0,OK,0.3,0.3,45.0,150.006,,1179.97,,,1.0,13.0
2026-08-07 11:34:44.872,299832,44976,150002992,1179.939746,,287.491,0x00,0x00,CURRENT,1,0,OK,0.3,0.3,45.0,150.006,,1179.97,,,1.0,13.0
2026-08-07 11:34:45.706,299953,44994,150002992,1179.939746,,288.325,0x00,0x00,CURRENT,1,0,OK,0.3,0.299,45.0,150.004,,1179.947,,,1.0,13.0
2026-08-07 11:34:46.521,300063,45010,150002656,1179.936198,,289.141,0x00,0x00,CURRENT,1,0,OK,0.3,0.299,45.0,150.004,,1179.947,,,1.0,13.0
2026-08-07 11:34:47.433,300005,45001,150002496,1179.934508,,290.052,0x00,0x00,CURRENT,1,0,OK,0.3,0.301,45.0,150.007,,1179.978,,,1.0,14.0
2026-08-07 11:34:48.748,299941,44992,150001936,1179.928595,,291.367,0x00,0x00,CURRENT,1,0,OK,0.3,0.301,45.0,150.007,,1179.978,,,1.0,14.0
2026-08-07 11:34:49.582,300052,45008,150001520,1179.924202,,292.201,0x00,0x00,CURRENT,1,0,OK,0.3,0.3,45.0,150.001,,1179.923,,,1.0,13.0
2026-08-07 11:34:50.397,300156,45024,150001840,1179.927581,,293.016,0x00,0x00,CURRENT,1,0,OK,0.3,0.3,45.0,150.001,,1179.923,,,1.0,13.0
2026-08-07 11:34:51.212,300094,45015,150002144,1179.930791,,293.831,0x00,0x00,CURRENT,1,0,OK,0.3,0.3,45.0,150.001,,1179.923,,,1.0,13.0
2026-08-07 11:34:52.046,300027,45005,150002416,1179.933663,,294.666,0x00,0x00,CURRENT,1,0,OK,0.3,0.3,45.0,150.002,,1179.934,,,1.0,14.0
2026-08-07 11:34:52.872,299963,44995,150002848,1179.938225,,295.491,0x00,0x00,CURRENT,1,0,OK,0.3,0.3,45.0,150.002,,1179.934,,,1.0,14.0
2026-08-07 11:34:53.706,299903,44986,150003136,1179.941266,,296.325,0x00,0x00,CURRENT,1,0,OK,0.3,0.3,45.0,150.003,,1179.936,,,1.0,13.0
2026-08-07 11:34:54.521,300011,45003,150003024,1179.940084,,297.140,0x00,0x00,CURRENT,1,0,OK,0.3,0.3,45.0,150.003,,1179.936,,,1.0,13.0
2026-08-07 11:34:55.427,300122,45019,150003008,1179.939915,,298.047,0x00,0x00,CURRENT,1,0,OK,0.3,0.3,45.0,150.001,,1179.919,,,1.0,14.0
2026-08-07 11:34:56.742,300055,45009,150003136,1179.941266,,299.361,0x00,0x00,CURRENT,1,0,OK,0.3,0.3,45.0,150.001,,1179.919,,,1.0,14.0
2026-08-07 11:34:57.576,300006,45002,150002864,1179.938394,,300.195,0x00,0x00,CURRENT,1,0,OK,0.3,0.3,45.0,150.0,,1179.904,,,1.0,13.0
2026-08-07 11:34:58.391,299946,44993,150002688,1179.936536,,301.010,0x00,0x00,CURRENT,1,0,OK,0.3,0.3,45.0,150.0,,1179.904,,,1.0,13.0
2026-08-07 11:34:59.206,300061,45010,150001808,1179.927243,,301.825,0x00,0x00,CURRENT,1,0,OK,0.3,0.3,45.0,150.0,,1179.904,,,1.0,13.0
2026-08-07 11:35:00.040,300177,45027,150002048,1179.929777,,302.659,0x00,0x00,CURRENT,1,0,OK,0.3,0.3,45.0,150.004,,1179.955,,,1.0,14.0
2026-08-07 11:35:00.872,300109,45017,150002208,1179.931467,,303.491,0x00,0x00,CURRENT,1,0,OK,0.3,0.3,45.0,150.004,,1179.955,,,1.0,14.0
2026-08-07 11:35:01.706,300050,45008,150002144,1179.930791,,304.325,0x00,0x00,CURRENT,1,0,OK,0.3,0.3,45.0,150.006,,1179.975,,,1.0,14.0
2026-08-07 11:35:02.521,299988,44999,150002160,1179.930960,,305.140,0x00,0x00,CURRENT,1,0,OK,0.3,0.3,45.0,150.006,,1179.975,,,1.0,14.0
2026-08-07 11:35:03.428,299932,44991,150002368,1179.933156,,306.047,0x00,0x00,CURRENT,1,0,OK,0.3,0.3,45.0,150.007,,1179.978,,,1.0,13.0
2026-08-07 11:35:04.743,300053,45008,150001808,1179.927243,,307.363,0x00,0x00,CURRENT,1,0,OK,0.3,0.3,45.0,150.007,,1179.978,,,1.0,13.0
2026-08-07 11:35:05.577,299994,45000,150001696,1179.926060,,308.196,0x00,0x00,CURRENT,1,0,OK,0.3,0.301,45.0,150.001,,1179.914,,,1.0,14.0
2026-08-07 11:35:06.392,299929,44990,150001600,1179.925047,,309.011,0x00,0x00,CURRENT,1,0,OK,0.3,0.301,45.0,150.001,,1179.914,,,1.0,14.0
2026-08-07 11:35:07.207,299875,44982,150002144,1179.930791,,309.826,0x00,0x00,CURRENT,1,0,OK,0.3,0.301,45.0,150.001,,1179.914,,,1.0,14.0
2026-08-07 11:35:08.041,299827,44975,150001872,1179.927919,,310.660,0x00,0x00,CURRENT,1,0,OK,0.3,0.3,45.0,150.001,,1179.917,,,1.0,13.0
2026-08-07 11:35:08.872,299946,44992,150001808,1179.927243,,311.491,0x00,0x00,CURRENT,1,0,OK,0.3,0.3,45.0,150.001,,1179.917,,,1.0,13.0
2026-08-07 11:35:09.706,300063,45010,150001856,1179.927750,,312.325,0x00,0x00,CURRENT,1,0,OK,0.3,0.3,45.0,150.002,,1179.924,,,1.0,14.0
2026-08-07 11:35:10.521,300002,45001,150002144,1179.930791,,313.140,0x00,0x00,CURRENT,1,0,OK,0.3,0.3,45.0,150.002,,1179.924,,,1.0,14.0
2026-08-07 11:35:11.835,299935,44991,150002032,1179.929608,,314.454,0x00,0x00,CURRENT,1,0,OK,0.3,0.3,45.0,150.003,,1179.935,,,1.0,14.0
2026-08-07 11:35:12.650,299874,44982,150001792,1179.927074,,315.269,0x00,0x00,CURRENT,1,0,OK,0.3,0.3,45.0,150.003,,1179.935,,,1.0,14.0
2026-08-07 11:35:13.484,299988,44999,150001648,1179.925554,,316.103,0x00,0x00,CURRENT,1,0,OK,0.3,0.299,45.0,150.004,,1179.947,,,1.0,13.0
2026-08-07 11:35:14.372,300104,45016,150001536,1179.924371,,316.991,0x00,0x00,CURRENT,1,0,OK,0.3,0.299,45.0,150.004,,1179.947,,,1.0,13.0
2026-08-07 11:35:15.187,300034,45006,150001696,1179.926060,,317.806,0x00,0x00,CURRENT,1,0,OK,0.3,0.299,45.0,150.004,,1179.947,,,1.0,13.0
2026-08-07 11:35:16.021,299974,44997,150001488,1179.923864,,318.640,0x00,0x00,CURRENT,1,0,OK,0.3,0.3,45.0,150.001,,1179.924,,,1.0,14.0
2026-08-07 11:35:16.871,299912,44987,150001920,1179.928426,,319.491,0x00,0x00,CURRENT,1,0,OK,0.3,0.3,45.0,150.001,,1179.924,,,1.0,14.0
2026-08-07 11:35:17.706,300025,45004,150001904,1179.928257,,320.325,0x00,0x00,CURRENT,1,0,OK,0.3,0.3,45.0,150.001,,1179.914,,,1.0,13.0
2026-08-07 11:35:18.521,300127,45020,150002048,1179.929777,,321.140,0x00,0x00,CURRENT,1,0,OK,0.3,0.3,45.0,150.001,,1179.914,,,1.0,13.0
2026-08-07 11:35:19.427,300061,45010,150002112,1179.930453,,322.046,0x00,0x00,CURRENT,1,0,OK,0.3,0.301,45.0,150.005,,1179.957,,,1.0,14.0
2026-08-07 11:35:20.741,300004,45001,150001968,1179.928933,,323.361,0x00,0x00,CURRENT,1,0,OK,0.3,0.301,45.0,150.005,,1179.957,,,1.0,14.0
2026-08-07 11:35:21.576,299949,44993,150002528,1179.934846,,324.195,0x00,0x00,CURRENT,1,0,OK,0.3,0.3,45.0,150.0,,1179.911,,,1.0,13.0
2026-08-07 11:35:22.391,300062,45010,150003024,1179.940084,,325.010,0x00,0x00,CURRENT,1,0,OK,0.3,0.3,45.0,150.0,,1179.911,,,1.0,13.0
2026-08-07 11:35:23.206,300176,45027,150002960,1179.939408,,325.825,0x00,0x00,CURRENT,1,0,OK,0.3,0.3,45.0,150.0,,1179.911,,,1.0,13.0
2026-08-07 11:35:24.039,300106,45017,150003248,1179.942449,,326.659,0x00,0x00,CURRENT,1,0,OK,0.3,0.301,45.0,150.001,,1179.924,,,1.0,14.0
2026-08-07 11:35:24.872,300044,45007,150002368,1179.933156,,327.491,0x00,0x00,CURRENT,1,0,OK,0.3,0.301,45.0,150.001,,1179.924,,,1.0,14.0
2026-08-07 11:35:25.706,299982,44998,150002624,1179.935860,,328.325,0x00,0x00,CURRENT,1,0,OK,0.3,0.3,45.0,150.003,,1179.941,,,1.0,13.0
2026-08-07 11:35:26.521,299920,44989,150002592,1179.935522,,329.140,0x00,0x00,CURRENT,1,0,OK,0.3,0.3,45.0,150.003,,1179.941,,,1.0,13.0
2026-08-07 11:35:27.428,300036,45006,150003152,1179.941435,,330.047,0x00,0x00,CURRENT,1,0,OK,0.3,0.299,45.0,150.006,,1179.971,,,1.0,13.0
2026-08-07 11:35:28.743,299975,44997,150003376,1179.943801,,331.362,0x00,0x00,CURRENT,1,0,OK,0.3,0.299,45.0,150.006,,1179.971,,,1.0,13.0
2026-08-07 11:35:29.577,299921,44989,150003040,1179.940253,,332.196,0x00,0x00,CURRENT,1,0,OK,0.3,0.3,45.0,150.004,,1179.95,,,1.0,14.0
2026-08-07 11:35:30.391,299864,44981,150003328,1179.943294,,333.011,0x00,0x00,CURRENT,1,0,OK,0.3,0.3,45.0,150.004,,1179.95,,,1.0,14.0
2026-08-07 11:35:31.207,299983,44998,150003056,1179.940422,,333.826,0x00,0x00,CURRENT,1,0,OK,0.3,0.3,45.0,150.004,,1179.95,,,1.0,14.0
2026-08-07 11:35:32.041,299929,44990,150002944,1179.939239,,334.660,0x00,0x00,CURRENT,1,0,OK,0.3,0.3,45.0,150.005,,1179.963,,,1.0,14.0
2026-08-07 11:35:32.872,299879,44983,150002880,1179.938563,,335.491,0x00,0x00,CURRENT,1,0,OK,0.3,0.3,45.0,150.005,,1179.963,,,1.0,14.0
2026-08-07 11:35:33.706,299997,45001,150003136,1179.941266,,336.325,0x00,0x00,CURRENT,1,0,OK,0.3,0.3,45.0,150.002,,1179.93,,,1.0,13.0
2026-08-07 11:35:34.521,300113,45018,150003232,1179.942280,,337.140,0x00,0x00,CURRENT,1,0,OK,0.3,0.3,45.0,150.002,,1179.93,,,1.0,13.0
2026-08-07 11:35:35.834,300056,45009,150003136,1179.941266,,338.454,0x00,0x00,CURRENT,1,0,OK,0.3,0.301,45.0,150.002,,1179.93,,,1.0,14.0
2026-08-07 11:35:36.649,299998,45001,150003200,1179.941942,,339.269,0x00,0x00,CURRENT,1,0,OK,0.3,0.301,45.0,150.002,,1179.93,,,1.0,14.0
2026-08-07 11:35:37.484,299937,44992,150003312,1179.943125,,340.103,0x00,0x00,CURRENT,1,0,OK,0.3,0.3,45.0,150.003,,1179.938,,,1.0,13.0
2026-08-07 11:35:38.371,299876,44982,150002928,1179.939070,,340.991,0x00,0x00,CURRENT,1,0,OK,0.3,0.3,45.0,150.003,,1179.938,,,1.0,13.0
2026-08-07 11:35:39.186,299998,45001,150003440,1179.944476,,341.806,0x00,0x00,CURRENT,1,0,OK,0.3,0.3,45.0,150.003,,1179.938,,,1.0,13.0
2026-08-07 11:35:40.020,300111,45018,150003632,1179.946504,,342.640,0x00,0x00,CURRENT,1,0,OK,0.3,0.3,45.0,150.003,,1179.945,,,1.0,14.0
2026-08-07 11:35:40.871,300045,45008,150004048,1179.950897,,343.491,0x00,0x00,CURRENT,1,0,OK,0.3,0.3,45.0,150.003,,1179.945,,,1.0,14.0
2026-08-07 11:35:41.706,299981,44998,150003552,1179.945659,,344.325,0x00,0x00,CURRENT,1,0,OK,0.3,0.3,45.0,150.002,,1179.932,,,1.0,14.0
2026-08-07 11:35:42.520,299921,44989,150004128,1179.951742,,345.140,0x00,0x00,CURRENT,1,0,OK,0.3,0.3,45.0,150.002,,1179.932,,,1.0,14.0
2026-08-07 11:35:43.834,300037,45007,150003760,1179.947856,,346.454,0x00,0x00,CURRENT,1,0,OK,0.3,0.3,45.0,150.004,,1179.955,,,1.0,13.0
2026-08-07 11:35:44.649,299980,44998,150003696,1179.947180,,347.269,0x00,0x00,CURRENT,1,0,OK,0.3,0.3,45.0,150.004,,1179.955,,,1.0,13.0
2026-08-07 11:35:45.483,299920,44989,150003568,1179.945828,,348.103,0x00,0x00,CURRENT,1,0,OK,0.3,0.3,45.0,149.999,,1179.896,,,1.0,14.0
2026-08-07 11:35:46.372,299860,44980,150003536,1179.945490,,348.992,0x00,0x00,CURRENT,1,0,OK,0.3,0.3,45.0,149.999,,1179.896,,,1.0,14.0
2026-08-07 11:35:47.187,299812,44973,150003792,1179.948193,,349.807,0x00,0x00,CURRENT,1,0,OK,0.3,0.3,45.0,149.999,,1179.896,,,1.0,14.0
2026-08-07 11:35:48.021,299936,44992,150003648,1179.946673,,350.641,0x00,0x00,CURRENT,1,0,OK,0.3,0.299,45.0,150.001,,1179.916,,,1.0,13.0
2026-08-07 11:35:48.872,300060,45010,150003968,1179.950052,,351.491,0x00,0x00,CURRENT,1,0,OK,0.3,0.299,45.0,150.001,,1179.916,,,1.0,13.0
2026-08-07 11:35:49.706,300002,45001,150003600,1179.946166,,352.325,0x00,0x00,CURRENT,1,0,OK,0.3,0.301,45.0,150.007,,1179.98,,,1.0,14.0
2026-08-07 11:35:50.521,299943,44993,150003888,1179.949207,,353.140,0x00,0x00,CURRENT,1,0,OK,0.3,0.301,45.0,150.007,,1179.98,,,1.0,14.0
2026-08-07 11:35:51.834,300054,45009,150003808,1179.948362,,354.454,0x00,0x00,CURRENT,1,0,OK,0.3,0.3,45.0,150.005,,1179.966,,,1.0,13.0
2026-08-07 11:35:52.649,299988,44999,150003984,1179.950221,,355.269,0x00,0x00,CURRENT,1,0,OK,0.3,0.3,45.0,150.005,,1179.966,,,1.0,13.0
2026-08-07 11:35:53.483,299931,44991,150004160,1179.952079,,356.103,0x00,0x00,CURRENT,1,0,OK,0.3,0.3,45.0,150.004,,1179.948,,,1.0,13.0
2026-08-07 11:35:54.372,300047,45008,150003840,1179.948700,,356.992,0x00,0x00,CURRENT,1,0,OK,0.3,0.3,45.0,150.004,,1179.948,,,1.0,13.0
2026-08-07 11:35:55.187,300155,45024,150003824,1179.948531,,357.807,0x00,0x00,CURRENT,1,0,OK,0.3,0.3,45.0,150.004,,1179.948,,,1.0,13.0
2026-08-07 11:35:56.021,300092,45015,150003552,1179.945659,,358.640,0x00,0x00,CURRENT,1,0,OK,0.3,0.301,45.0,150.005,,1179.964,,,1.0,14.0
2026-08-07 11:35:56.872,300033,45006,150003280,1179.942787,,359.492,0x00,0x00,CURRENT,1,0,OK,0.3,0.301,45.0,150.005,,1179.964,,,1.0,14.0
2026-08-07 11:35:57.706,299970,44996,150003168,1179.941604,,360.325,0x00,0x00,CURRENT,1,0,OK,0.3,0.3,45.0,150.003,,1179.943,,,1.0,13.0
2026-08-07 11:35:58.522,299916,44989,150003648,1179.946673,,361.141,0x00,0x00,CURRENT,1,0,OK,0.3,0.3,45.0,150.003,,1179.943,,,1.0,13.0
2026-08-07 11:35:59.433,299863,44980,150003152,1179.941435,,362.053,0x00,0x00,CURRENT,1,0,OK,0.3,0.299,45.0,150.003,,1179.944,,,1.0,13.0
2026-08-07 11:36:00.748,299978,44998,150002944,1179.939239,,363.368,0x00,0x00,CURRENT,1,0,OK,0.3,0.299,45.0,150.003,,1179.944,,,1.0,13.0
2026-08-07 11:36:01.582,300095,45015,150003488,1179.944983,,364.202,0x00,0x00,CURRENT,1,0,OK,0.3,0.301,45.0,150.001,,1179.921,,,1.0,14.0
2026-08-07 11:36:02.397,300031,45006,150003344,1179.943463,,365.017,0x00,0x00,CURRENT,1,0,OK,0.3,0.301,45.0,150.001,,1179.921,,,1.0,14.0
2026-08-07 11:36:03.212,299975,44997,150004080,1179.951235,,365.832,0x00,0x00,CURRENT,1,0,OK,0.3,0.301,45.0,150.001,,1179.921,,,1.0,14.0
2026-08-07 11:36:04.046,299924,44990,150004048,1179.950897,,366.666,0x00,0x00,CURRENT,1,0,OK,0.3,0.3,45.0,150.006,,1179.974,,,1.0,14.0
2026-08-07 11:36:04.872,299876,44983,150003840,1179.948700,,367.492,0x00,0x00,CURRENT,1,0,OK,0.3,0.3,45.0,150.006,,1179.974,,,1.0,14.0
2026-08-07 11:36:05.706,299830,44976,150003696,1179.947180,,368.326,0x00,0x00,CURRENT,1,0,OK,0.3,0.3,45.0,150.005,,1179.962,,,1.0,13.0
2026-08-07 11:36:06.521,299784,44969,150003760,1179.947856,,369.141,0x00,0x00,CURRENT,1,0,OK,0.3,0.3,45.0,150.005,,1179.962,,,1.0,13.0
2026-08-07 11:36:07.433,299904,44987,150003472,1179.944814,,370.053,0x00,0x00,CURRENT,1,0,OK,0.3,0.299,45.0,150.007,,1179.981,,,1.0,13.0
2026-08-07 11:36:08.748,299852,44979,150003072,1179.940591,,371.368,0x00,0x00,CURRENT,1,0,OK,0.3,0.299,45.0,150.007,,1179.981,,,1.0,13.0
2026-08-07 11:36:09.582,299796,44970,150003376,1179.943801,,372.202,0x00,0x00,CURRENT,1,0,OK,0.3,0.3,45.0,150.005,,1179.956,,,1.0,14.0
2026-08-07 11:36:10.397,299755,44964,150003584,1179.945997,,373.017,0x00,0x00,CURRENT,1,0,OK,0.3,0.3,45.0,150.005,,1179.956,,,1.0,14.0
2026-08-07 11:36:11.212,299885,44984,150003904,1179.949376,,373.832,0x00,0x00,CURRENT,1,0,OK,0.3,0.3,45.0,150.005,,1179.956,,,1.0,14.0
2026-08-07 11:36:12.046,299842,44978,150004384,1179.954445,,374.666,0x00,0x00,CURRENT,1,0,OK,0.3,0.3,45.0,150.006,,1179.976,,,1.0,14.0
2026-08-07 11:36:12.872,299795,44971,150004240,1179.952924,,375.491,0x00,0x00,CURRENT,1,0,OK,0.3,0.3,45.0,150.006,,1179.976,,,1.0,14.0
2026-08-07 11:36:13.706,299918,44989,150004592,1179.956641,,376.325,0x00,0x00,CURRENT,1,0,OK,0.3,0.3,45.0,150.006,,1179.974,,,1.0,13.0
2026-08-07 11:36:14.521,299861,44980,150004576,1179.956472,,377.140,0x00,0x00,CURRENT,1,0,OK,0.3,0.3,45.0,150.006,,1179.974,,,1.0,13.0
2026-08-07 11:36:15.427,299975,44998,150004608,1179.956810,,378.046,0x00,0x00,CURRENT,1,0,OK,0.3,0.3,45.0,150.01,,1180.015,,,1.0,13.0
2026-08-07 11:36:16.742,299916,44989,150003888,1179.949207,,379.361,0x00,0x00,CURRENT,1,0,OK,0.3,0.3,45.0,150.01,,1180.015,,,1.0,13.0
2026-08-07 11:36:17.576,300030,45006,150003472,1179.944814,,380.195,0x00,0x00,CURRENT,1,0,OK,0.3,0.3,45.0,150.004,,1179.953,,,1.0,13.0
2026-08-07 11:36:18.391,299968,44996,150003696,1179.947180,,381.010,0x00,0x00,CURRENT,1,0,OK,0.3,0.3,45.0,150.004,,1179.953,,,1.0,13.0
2026-08-07 11:36:19.206,299916,44989,150004080,1179.951235,,381.826,0x00,0x00,CURRENT,1,0,OK,0.3,0.3,45.0,150.004,,1179.953,,,1.0,13.0
2026-08-07 11:36:20.040,300038,45007,150004464,1179.955290,,382.660,0x00,0x00,CURRENT,1,0,OK,0.3,0.3,45.0,150.005,,1179.957,,,1.0,13.0
2026-08-07 11:36:20.872,299973,44997,150004624,1179.956979,,383.491,0x00,0x00,CURRENT,1,0,OK,0.3,0.3,45.0,150.005,,1179.957,,,1.0,13.0
2026-08-07 11:36:21.706,299916,44989,150005056,1179.961541,,384.326,0x00,0x00,CURRENT,1,0,OK,0.3,0.3,45.0,150.005,,1179.966,,,1.0,13.0
2026-08-07 11:36:22.521,300028,45006,150005440,1179.965596,,385.141,0x00,0x00,CURRENT,1,0,OK,0.3,0.3,45.0,150.005,,1179.966,,,1.0,13.0
2026-08-07 11:36:23.835,299964,44997,150006208,1179.973706,,386.454,0x00,0x00,CURRENT,1,0,OK,0.3,0.3,45.0,150.008,,1179.997,,,1.0,14.0
2026-08-07 11:36:24.650,300083,45014,150006048,1179.972016,,387.269,0x00,0x00,CURRENT,1,0,OK,0.3,0.3,45.0,150.008,,1179.997,,,1.0,14.0
2026-08-07 11:36:25.484,300026,45006,150006048,1179.972016,,388.104,0x00,0x00,CURRENT,1,0,OK,0.3,0.3,45.0,150.005,,1179.96,,,1.0,14.0
2026-08-07 11:36:26.372,299961,44996,150006000,1179.971509,,388.992,0x00,0x00,CURRENT,1,0,OK,0.3,0.3,45.0,150.005,,1179.96,,,1.0,14.0
2026-08-07 11:36:27.187,300074,45013,150005360,1179.964751,,389.806,0x00,0x00,CURRENT,1,0,OK,0.3,0.3,45.0,150.005,,1179.96,,,1.0,14.0
2026-08-07 11:36:28.021,300015,45004,150005232,1179.963399,,390.640,0x00,0x00,CURRENT,1,0,OK,0.3,0.3,45.0,150.006,,1179.971,,,1.0,14.0
2026-08-07 11:36:28.872,299962,44996,150005440,1179.965596,,391.491,0x00,0x00,CURRENT,1,0,OK,0.3,0.3,45.0,150.006,,1179.971,,,1.0,14.0
2026-08-07 11:36:29.706,300077,45013,150005568,1179.966947,,392.326,0x00,0x00,CURRENT,1,0,OK,0.3,0.3,45.0,150.008,,1179.996,,,1.0,13.0
2026-08-07 11:36:30.521,300021,45005,150005648,1179.967792,,393.140,0x00,0x00,CURRENT,1,0,OK,0.3,0.3,45.0,150.008,,1179.996,,,1.0,13.0
2026-08-07 11:36:31.835,299958,44995,150005536,1179.966610,,394.454,0x00,0x00,CURRENT,1,0,OK,0.3,0.3,45.0,150.004,,1179.956,,,1.0,13.0
2026-08-07 11:36:32.650,299904,44987,150005504,1179.966272,,395.269,0x00,0x00,CURRENT,1,0,OK,0.3,0.3,45.0,150.004,,1179.956,,,1.0,13.0
2026-08-07 11:36:33.484,299855,44980,150005184,1179.962893,,396.103,0x00,0x00,CURRENT,1,0,OK,0.3,0.3,45.0,150.005,,1179.961,,,1.0,13.0
2026-08-07 11:36:34.373,299975,44998,150005072,1179.961710,,396.992,0x00,0x00,CURRENT,1,0,OK,0.3,0.3,45.0,150.005,,1179.961,,,1.0,13.0
2026-08-07 11:36:35.188,299915,44989,150005408,1179.965258,,397.807,0x00,0x00,CURRENT,1,0,OK,0.3,0.3,45.0,150.005,,1179.961,,,1.0,13.0
2026-08-07 11:36:36.022,300025,45006,150005792,1179.969313,,398.641,0x00,0x00,CURRENT,1,0,OK,0.3,0.3,45.0,150.002,,1179.931,,,1.0,13.0
2026-08-07 11:36:36.871,299956,44995,150005680,1179.968130,,399.490,0x00,0x00,CURRENT,1,0,OK,0.3,0.3,45.0,150.002,,1179.931,,,1.0,13.0
2026-08-07 11:36:37.705,299904,44987,150005920,1179.970664,,400.324,0x00,0x00,CURRENT,1,0,OK,0.3,0.3,45.0,150.004,,1179.947,,,1.0,14.0
2026-08-07 11:36:38.520,299856,44980,150006240,1179.974044,,401.139,0x00,0x00,CURRENT,1,0,OK,0.3,0.3,45.0,150.004,,1179.947,,,1.0,14.0
2026-08-07 11:36:39.834,299976,44998,150005760,1179.968975,,402.453,0x00,0x00,CURRENT,1,0,OK,0.3,0.3,45.0,150.001,,1179.914,,,1.0,13.0
2026-08-07 11:36:40.649,299921,44990,150005584,1179.967116,,403.268,0x00,0x00,CURRENT,1,0,OK,0.3,0.3,45.0,150.001,,1179.914,,,1.0,13.0
2026-08-07 11:36:41.483,299861,44981,150005520,1179.966441,,404.102,0x00,0x00,CURRENT,1,0,OK,0.3,0.3,45.0,150.001,,1179.924,,,1.0,14.0
2026-08-07 11:36:42.372,299810,44973,150004688,1179.957655,,404.991,0x00,0x00,CURRENT,1,0,OK,0.3,0.3,45.0,150.001,,1179.924,,,1.0,14.0
2026-08-07 11:36:43.187,299753,44964,150005008,1179.961034,,405.806,0x00,0x00,CURRENT,1,0,OK,0.3,0.3,45.0,150.001,,1179.924,,,1.0,14.0
2026-08-07 11:36:44.021,299868,44982,150005344,1179.964582,,406.640,0x00,0x00,CURRENT,1,0,OK,0.3,0.299,45.0,150.001,,1179.922,,,1.0,13.0
2026-08-07 11:36:44.873,299984,44999,150005408,1179.965258,,407.492,0x00,0x00,CURRENT,1,0,OK,0.3,0.299,45.0,150.001,,1179.922,,,1.0,13.0
2026-08-07 11:36:45.707,299923,44990,150004976,1179.960696,,408.326,0x00,0x00,CURRENT,1,0,OK,0.3,0.301,45.0,150.004,,1179.953,,,1.0,14.0
2026-08-07 11:36:46.522,299865,44981,150004800,1179.958838,,409.141,0x00,0x00,CURRENT,1,0,OK,0.3,0.301,45.0,150.004,,1179.953,,,1.0,14.0
2026-08-07 11:36:47.836,299802,44972,150004960,1179.960527,,410.455,0x00,0x00,CURRENT,1,0,OK,0.3,0.3,45.0,150.006,,1179.971,,,1.0,13.0
2026-08-07 11:36:48.651,299924,44990,150005008,1179.961034,,411.270,0x00,0x00,CURRENT,1,0,OK,0.3,0.3,45.0,150.006,,1179.971,,,1.0,13.0
2026-08-07 11:36:49.485,300039,45007,150004688,1179.957655,,412.104,0x00,0x00,CURRENT,1,0,OK,0.3,0.3,45.0,150.005,,1179.965,,,1.0,14.0
2026-08-07 11:36:50.372,299983,44999,150004480,1179.955459,,412.991,0x00,0x00,CURRENT,1,0,OK,0.3,0.3,45.0,150.005,,1179.965,,,1.0,14.0
2026-08-07 11:36:51.187,299923,44990,150004320,1179.953769,,413.806,0x00,0x00,CURRENT,1,0,OK,0.3,0.3,45.0,150.005,,1179.965,,,1.0,14.0
2026-08-07 11:36:52.021,299861,44980,150004512,1179.955796,,414.640,0x00,0x00,CURRENT,1,0,OK,0.3,0.3,45.0,150.007,,1179.979,,,1.0,13.0
2026-08-07 11:36:52.872,299979,44998,150004448,1179.955121,,415.491,0x00,0x00,CURRENT,1,0,OK,0.3,0.3,45.0,150.007,,1179.979,,,1.0,13.0
2026-08-07 11:36:53.706,300091,45015,150003936,1179.949714,,416.325,0x00,0x00,CURRENT,1,0,OK,0.3,0.3,45.0,150.007,,1179.985,,,1.0,14.0
2026-08-07 11:36:54.520,300025,45005,150003840,1179.948700,,417.140,0x00,0x00,CURRENT,1,0,OK,0.3,0.3,45.0,150.007,,1179.985,,,1.0,14.0
2026-08-07 11:36:55.835,299965,44996,150003632,1179.946504,,418.454,0x00,0x00,CURRENT,1,0,OK,0.3,0.3,45.0,150.006,,1179.972,,,1.0,14.0
2026-08-07 11:36:56.650,299909,44988,150003856,1179.948869,,419.269,0x00,0x00,CURRENT,1,0,OK,0.3,0.3,45.0,150.006,,1179.972,,,1.0,14.0
2026-08-07 11:36:57.484,300031,45006,150004080,1179.951235,,420.103,0x00,0x00,CURRENT,1,0,OK,0.3,0.299,45.0,150.005,,1179.965,,,1.0,13.0
2026-08-07 11:36:58.372,300137,45022,150004208,1179.952586,,420.991,0x00,0x00,CURRENT,1,0,OK,0.3,0.299,45.0,150.005,,1179.965,,,1.0,13.0
2026-08-07 11:36:59.187,300071,45012,150003824,1179.948531,,421.806,0x00,0x00,CURRENT,1,0,OK,0.3,0.299,45.0,150.005,,1179.965,,,1.0,13.0
2026-08-07 11:37:00.021,300014,45003,150004192,1179.952417,,422.640,0x00,0x00,CURRENT,1,0,OK,0.3,0.3,45.0,150.004,,1179.947,,,1.0,14.0
2026-08-07 11:37:00.872,299950,44994,150004720,1179.957993,,423.491,0x00,0x00,CURRENT,1,0,OK,0.3,0.3,45.0,150.004,,1179.947,,,1.0,14.0
2026-08-07 11:37:01.706,299894,44986,150004864,1179.959513,,424.325,0x00,0x00,CURRENT,1,0,OK,0.3,0.3,45.0,150.002,,1179.931,,,1.0,13.0
2026-08-07 11:37:02.520,300009,45003,150004704,1179.957824,,425.140,0x00,0x00,CURRENT,1,0,OK,0.3,0.3,45.0,150.002,,1179.931,,,1.0,13.0
2026-08-07 11:37:03.834,299951,44994,150003888,1179.949207,,426.454,0x00,0x00,CURRENT,1,0,OK,0.3,0.3,45.0,150.002,,1179.927,,,1.0,14.0
2026-08-07 11:37:04.649,299888,44984,150004096,1179.951404,,427.269,0x00,0x00,CURRENT,1,0,OK,0.3,0.3,45.0,150.002,,1179.927,,,1.0,14.0
2026-08-07 11:37:05.484,299827,44975,150004544,1179.956134,,428.103,0x00,0x00,CURRENT,1,0,OK,0.3,0.3,45.0,150.0,,1179.91,,,1.0,13.0
2026-08-07 11:37:06.372,299938,44992,150004128,1179.951742,,428.991,0x00,0x00,CURRENT,1,0,OK,0.3,0.3,45.0,150.0,,1179.91,,,1.0,13.0
2026-08-07 11:37:07.187,300043,45008,150003856,1179.948869,,429.806,0x00,0x00,CURRENT,1,0,OK,0.3,0.3,45.0,150.0,,1179.91,,,1.0,13.0
2026-08-07 11:37:08.020,299973,44997,150004304,1179.953600,,430.640,0x00,0x00,CURRENT,1,0,OK,0.3,0.301,45.0,149.999,,1179.903,,,1.0,14.0
2026-08-07 11:37:08.871,299908,44988,150004656,1179.957317,,431.491,0x00,0x00,CURRENT,1,0,OK,0.3,0.301,45.0,149.999,,1179.903,,,1.0,14.0
2026-08-07 11:37:09.706,299849,44979,150004784,1179.958669,,432.325,0x00,0x00,CURRENT,1,0,OK,0.3,0.3,45.0,150.001,,1179.921,,,1.0,13.0
2026-08-07 11:37:10.520,299964,44996,150004400,1179.954614,,433.140,0x00,0x00,CURRENT,1,0,OK,0.3,0.3,45.0,150.001,,1179.921,,,1.0,13.0
2026-08-07 11:37:11.834,299902,44987,150004720,1179.957993,,434.454,0x00,0x00,CURRENT,1,0,OK,0.3,0.3,45.0,150.002,,1179.929,,,1.0,14.0
2026-08-07 11:37:12.649,299846,44978,150004816,1179.959007,,435.269,0x00,0x00,CURRENT,1,0,OK,0.3,0.3,45.0,150.002,,1179.929,,,1.0,14.0
2026-08-07 11:37:13.483,299798,44971,150004448,1179.955121,,436.103,0x00,0x00,CURRENT,1,0,OK,0.3,0.3,45.0,150.004,,1179.954,,,1.0,13.0
2026-08-07 11:37:14.372,299750,44964,150003792,1179.948193,,436.992,0x00,0x00,CURRENT,1,0,OK,0.3,0.3,45.0,150.004,,1179.954,,,1.0,13.0
2026-08-07 11:37:15.187,299872,44982,150004288,1179.953431,,437.807,0x00,0x00,CURRENT,1,0,OK,0.3,0.3,45.0,150.004,,1179.954,,,1.0,13.0
2026-08-07 11:37:16.021,299992,45000,150004576,1179.956472,,438.641,0x00,0x00,CURRENT,1,0,OK,0.3,0.3,45.0,150.0,,1179.904,,,1.0,14.0
2026-08-07 11:37:16.872,299934,44991,150004224,1179.952755,,439.492,0x00,0x00,CURRENT,1,0,OK,0.3,0.3,45.0,150.0,,1179.904,,,1.0,14.0
2026-08-07 11:37:17.706,299877,44983,150003200,1179.941942,,440.326,0x00,0x00,CURRENT,1,0,OK,0.3,0.3,45.0,150.0,,1179.907,,,1.0,14.0
2026-08-07 11:37:18.521,299822,44974,150003232,1179.942280,,441.141,0x00,0x00,CURRENT,1,0,OK,0.3,0.3,45.0,150.0,,1179.907,,,1.0,14.0
2026-08-07 11:37:19.835,299939,44992,150003296,1179.942956,,442.455,0x00,0x00,CURRENT,1,0,OK,0.3,0.3,45.0,150.001,,1179.922,,,1.0,13.0
2026-08-07 11:37:20.650,300047,45008,150003216,1179.942111,,443.270,0x00,0x00,CURRENT,1,0,OK,0.3,0.3,45.0,150.001,,1179.922,,,1.0,13.0
2026-08-07 11:37:21.484,299985,44999,150003264,1179.942618,,444.103,0x00,0x00,CURRENT,1,0,OK,0.3,0.301,45.0,150.0,,1179.913,,,1.0,14.0
2026-08-07 11:37:22.372,299923,44989,150002944,1179.939239,,444.992,0x00,0x00,CURRENT,1,0,OK,0.3,0.301,45.0,150.0,,1179.913,,,1.0,14.0
2026-08-07 11:37:23.187,300035,45006,150002720,1179.936873,,445.807,0x00,0x00,CURRENT,1,0,OK,0.3,0.301,45.0,150.0,,1179.913,,,1.0,14.0
2026-08-07 11:37:24.021,299973,44997,150002416,1179.933663,,446.641,0x00,0x00,CURRENT,1,0,OK,0.3,0.3,45.0,150.004,,1179.951,,,1.0,14.0
2026-08-07 11:37:24.871,299917,44988,150002720,1179.936873,,447.491,0x00,0x00,CURRENT,1,0,OK,0.3,0.3,45.0,150.004,,1179.951,,,1.0,14.0
2026-08-07 11:37:25.705,300023,45004,150002496,1179.934508,,448.325,0x00,0x00,CURRENT,1,0,OK,0.3,0.3,45.0,150.001,,1179.92,,,1.0,13.0
2026-08-07 11:37:26.520,299965,44995,150002448,1179.934001,,449.140,0x00,0x00,CURRENT,1,0,OK,0.3,0.3,45.0,150.001,,1179.92,,,1.0,13.0
2026-08-07 11:37:27.834,300080,45013,150002912,1179.938901,,450.453,0x00,0x00,CURRENT,1,0,OK,0.3,0.3,45.0,150.004,,1179.95,,,1.0,13.0
2026-08-07 11:37:28.649,300020,45004,150003216,1179.942111,,451.268,0x00,0x00,CURRENT,1,0,OK,0.3,0.3,45.0,150.004,,1179.95,,,1.0,13.0
2026-08-07 11:37:29.483,299958,44995,150003264,1179.942618,,452.103,0x00,0x00,CURRENT,1,0,OK,0.3,0.3,45.0,150.006,,1179.966,,,1.0,13.0
2026-08-07 11:37:30.371,300066,45011,150002624,1179.935860,,452.991,0x00,0x00,CURRENT,1,0,OK,0.3,0.3,45.0,150.006,,1179.966,,,1.0,13.0
2026-08-07 11:37:31.186,299997,45000,150002848,1179.938225,,453.806,0x00,0x00,CURRENT,1,0,OK,0.3,0.3,45.0,150.006,,1179.966,,,1.0,13.0
2026-08-07 11:37:32.020,300105,45017,150002816,1179.937887,,454.640,0x00,0x00,CURRENT,1,0,OK,0.3,0.3,45.0,150.001,,1179.917,,,1.0,13.0
2026-08-07 11:37:32.872,300035,45006,150002432,1179.933832,,455.491,0x00,0x00,CURRENT,1,0,OK,0.3,0.3,45.0,150.001,,1179.917,,,1.0,13.0
2026-08-07 11:37:33.706,299966,44996,150003120,1179.941097,,456.326,0x00,0x00,CURRENT,1,0,OK,0.3,0.3,45.0,150.003,,1179.936,,,1.0,14.0
2026-08-07 11:37:34.521,299903,44987,150003472,1179.944814,,457.141,0x00,0x00,CURRENT,1,0,OK,0.3,0.3,45.0,150.003,,1179.936,,,1.0,14.0
2026-08-07 11:37:35.835,300014,45003,150003264,1179.942618,,458.455,0x00,0x00,CURRENT,1,0,OK,0.3,0.299,45.0,150.003,,1179.94,,,1.0,13.0
2026-08-07 11:37:36.650,299952,44994,150003872,1179.949038,,459.270,0x00,0x00,CURRENT,1,0,OK,0.3,0.299,45.0,150.003,,1179.94,,,1.0,13.0
2026-08-07 11:37:37.484,299893,44985,150004160,1179.952079,,460.103,0x00,0x00,CURRENT,1,0,OK,0.3,0.3,45.0,150.005,,1179.959,,,1.0,14.0
2026-08-07 11:37:38.373,299833,44976,150003840,1179.948700,,460.993,0x00,0x00,CURRENT,1,0,OK,0.3,0.3,45.0,150.005,,1179.959,,,1.0,14.0
2026-08-07 11:37:39.188,299945,44993,150004448,1179.955121,,461.808,0x00,0x00,CURRENT,1,0,OK,0.3,0.3,45.0,150.005,,1179.959,,,1.0,14.0
2026-08-07 11:37:40.022,299888,44985,150004576,1179.956472,,462.641,0x00,0x00,CURRENT,1,0,OK,0.3,0.3,45.0,150.005,,1179.959,,,1.0,14.0
2026-08-07 11:37:40.872,299986,44999,150004592,1179.956641,,463.492,0x00,0x00,CURRENT,1,0,OK,0.3,0.3,45.0,150.005,,1179.959,,,1.0,14.0
2026-08-07 11:37:41.706,299917,44989,150004176,1179.952248,,464.325,0x00,0x00,CURRENT,1,0,OK,0.3,0.3,45.0,150.004,,1179.951,,,1.0,14.0
2026-08-07 11:37:42.521,299853,44979,150004368,1179.954276,,465.141,0x00,0x00,CURRENT,1,0,OK,0.3,0.3,45.0,150.004,,1179.951,,,1.0,14.0
2026-08-07 11:37:43.835,299964,44996,150003776,1179.948025,,466.454,0x00,0x00,CURRENT,1,0,OK,0.3,0.3,45.0,150.005,,1179.96,,,1.0,13.0
2026-08-07 11:37:44.650,299902,44986,150003504,1179.945152,,467.270,0x00,0x00,CURRENT,1,0,OK,0.3,0.3,45.0,150.005,,1179.96,,,1.0,13.0
2026-08-07 11:37:45.484,299842,44977,150003760,1179.947856,,468.104,0x00,0x00,CURRENT,1,0,OK,0.3,0.3,45.0,150.004,,1179.952,,,1.0,14.0
2026-08-07 11:37:46.372,299781,44968,150003328,1179.943294,,468.991,0x00,0x00,CURRENT,1,0,OK,0.3,0.3,45.0,150.004,,1179.952,,,1.0,14.0
2026-08-07 11:37:47.187,299723,44959,150003280,1179.942787,,469.806,0x00,0x00,CURRENT,1,0,OK,0.3,0.3,45.0,150.004,,1179.952,,,1.0,14.0
2026-08-07 11:37:48.021,299842,44977,150003632,1179.946504,,470.640,0x00,0x00,CURRENT,1,0,OK,0.3,0.299,45.0,150.011,,1180.028,,,1.0,13.0
2026-08-07 11:37:48.873,299960,44995,150003504,1179.945152,,471.492,0x00,0x00,CURRENT,1,0,OK,0.3,0.299,45.0,150.011,,1180.028,,,1.0,13.0
2026-08-07 11:37:49.707,300068,45011,150003792,1179.948193,,472.326,0x00,0x00,CURRENT,1,0,OK,0.3,0.301,45.0,150.011,,1180.022,,,1.0,14.0
2026-08-07 11:37:50.522,300004,45002,150003712,1179.947349,,473.142,0x00,0x00,CURRENT,1,0,OK,0.3,0.301,45.0,150.011,,1180.022,,,1.0,14.0
2026-08-07 11:37:51.836,299946,44993,150003280,1179.942787,,474.456,0x00,0x00,CURRENT,1,0,OK,0.3,0.3,45.0,150.008,,1179.989,,,1.0,14.0
2026-08-07 11:37:52.651,299885,44984,150003760,1179.947856,,475.270,0x00,0x00,CURRENT,1,0,OK,0.3,0.3,45.0,150.008,,1179.989,,,1.0,14.0
2026-08-07 11:37:53.485,299830,44976,150003440,1179.944476,,476.105,0x00,0x00,CURRENT,1,0,OK,0.3,0.299,45.0,150.006,,1179.975,,,1.0,13.0
2026-08-07 11:37:54.371,299946,44993,150003168,1179.941604,,476.991,0x00,0x00,CURRENT,1,0,OK,0.3,0.299,45.0,150.006,,1179.975,,,1.0,13.0
2026-08-07 11:37:55.186,300059,45010,150003152,1179.941435,,477.806,0x00,0x00,CURRENT,1,0,OK,0.3,0.299,45.0,150.006,,1179.975,,,1.0,13.0
2026-08-07 11:37:56.020,299998,45001,150003472,1179.944814,,478.640,0x00,0x00,CURRENT,1,0,OK,0.3,0.301,45.0,150.007,,1179.981,,,1.0,14.0
2026-08-07 11:37:56.872,299943,44993,150003856,1179.948869,,479.492,0x00,0x00,CURRENT,1,0,OK,0.3,0.301,45.0,150.007,,1179.981,,,1.0,14.0
2026-08-07 11:37:57.706,299881,44983,150004144,1179.951910,,480.326,0x00,0x00,CURRENT,1,0,OK,0.3,0.3,45.0,150.008,,1179.989,,,1.0,13.0
2026-08-07 11:37:58.521,299992,45000,150004256,1179.953093,,481.141,0x00,0x00,CURRENT,1,0,OK,0.3,0.3,45.0,150.008,,1179.989,,,1.0,13.0
2026-08-07 11:37:59.835,299932,44991,150003728,1179.947518,,482.454,0x00,0x00,CURRENT,1,0,OK,0.3,0.3,45.0,150.007,,1179.986,,,1.0,14.0
2026-08-07 11:38:00.650,299870,44982,150004496,1179.955627,,483.269,0x00,0x00,CURRENT,1,0,OK,0.3,0.3,45.0,150.007,,1179.986,,,1.0,14.0
2026-08-07 11:38:01.484,299804,44972,150004480,1179.955459,,484.103,0x00,0x00,CURRENT,1,0,OK,0.3,0.3,45.0,150.007,,1179.981,,,1.0,13.0
2026-08-07 11:38:02.371,299922,44990,150005008,1179.961034,,484.990,0x00,0x00,CURRENT,1,0,OK,0.3,0.3,45.0,150.007,,1179.981,,,1.0,13.0
2026-08-07 11:38:03.186,300029,45006,150005504,1179.966272,,485.805,0x00,0x00,CURRENT,1,0,OK,0.3,0.3,45.0,150.007,,1179.981,,,1.0,13.0
2026-08-07 11:38:04.020,299974,44998,150004944,1179.960358,,486.639,0x00,0x00,CURRENT,1,0,OK,0.3,0.301,45.0,150.007,,1179.979,,,1.0,14.0
2026-08-07 11:38:04.872,299918,44989,150004400,1179.954614,,487.491,0x00,0x00,CURRENT,1,0,OK,0.3,0.301,45.0,150.007,,1179.979,,,1.0,14.0
2026-08-07 11:38:05.706,299855,44980,150004624,1179.956979,,488.325,0x00,0x00,CURRENT,1,0,OK,0.3,0.3,45.0,150.004,,1179.955,,,1.0,13.0
2026-08-07 11:38:06.521,299797,44971,150004672,1179.957486,,489.140,0x00,0x00,CURRENT,1,0,OK,0.3,0.3,45.0,150.004,,1179.955,,,1.0,13.0
2026-08-07 11:38:07.835,299914,44988,150004288,1179.953431,,490.454,0x00,0x00,CURRENT,1,0,OK,0.3,0.299,45.0,150.006,,1179.972,,,1.0,13.0
2026-08-07 11:38:08.650,300023,45005,150005104,1179.962048,,491.269,0x00,0x00,CURRENT,1,0,OK,0.3,0.299,45.0,150.006,,1179.972,,,1.0,13.0
2026-08-07 11:38:09.484,299955,44995,150005232,1179.963399,,492.103,0x00,0x00,CURRENT,1,0,OK,0.3,0.301,45.0,150.007,,1179.982,,,1.0,14.0
2026-08-07 11:38:10.372,299896,44986,150005248,1179.963568,,492.991,0x00,0x00,CURRENT,1,0,OK,0.3,0.301,45.0,150.007,,1179.982,,,1.0,14.0
2026-08-07 11:38:11.187,299844,44978,150005120,1179.962217,,493.806,0x00,0x00,CURRENT,1,0,OK,0.3,0.301,45.0,150.007,,1179.982,,,1.0,14.0
2026-08-07 11:38:12.021,299789,44970,150005328,1179.964413,,494.640,0x00,0x00,CURRENT,1,0,OK,0.3,0.3,45.0,150.003,,1179.943,,,1.0,13.0
2026-08-07 11:38:12.872,299737,44962,150005264,1179.963737,,495.491,0x00,0x00,CURRENT,1,0,OK,0.3,0.3,45.0,150.003,,1179.943,,,1.0,13.0
2026-08-07 11:38:13.706,299859,44980,150005200,1179.963061,,496.325,0x00,0x00,CURRENT,1,0,OK,0.3,0.299,45.0,150.006,,1179.966,,,1.0,13.0
2026-08-07 11:38:14.521,299976,44998,150005408,1179.965258,,497.140,0x00,0x00,CURRENT,1,0,OK,0.3,0.299,45.0,150.006,,1179.966,,,1.0,13.0
2026-08-07 11:38:15.835,299913,44989,150005344,1179.964582,,498.454,0x00,0x00,CURRENT,1,0,OK,0.3,0.301,45.0,150.001,,1179.923,,,1.0,14.0
2026-08-07 11:38:16.650,300022,45005,150005232,1179.963399,,499.269,0x00,0x00,CURRENT,1,0,OK,0.3,0.301,45.0,150.001,,1179.923,,,1.0,14.0
2026-08-07 11:38:17.484,299959,44995,150004832,1179.959176,,500.103,0x00,0x00,CURRENT,1,0,OK,0.3,0.3,45.0,150.0,,1179.903,,,1.0,14.0
2026-08-07 11:38:18.373,299900,44986,150004768,1179.958500,,500.992,0x00,0x00,CURRENT,1,0,OK,0.3,0.3,45.0,150.0,,1179.903,,,1.0,14.0
2026-08-07 11:38:19.188,300017,45004,150004608,1179.956810,,501.807,0x00,0x00,CURRENT,1,0,OK,0.3,0.3,45.0,150.0,,1179.903,,,1.0,14.0
2026-08-07 11:38:20.022,299960,44995,150004448,1179.955121,,502.641,0x00,0x00,CURRENT,1,0,OK,0.3,0.3,45.0,150.006,,1179.968,,,1.0,14.0
2026-08-07 11:38:20.872,299904,44987,150004592,1179.956641,,503.491,0x00,0x00,CURRENT,1,0,OK,0.3,0.3,45.0,150.006,,1179.968,,,1.0,14.0
2026-08-07 11:38:21.705,300007,45003,150005040,1179.961372,,504.325,0x00,0x00,CURRENT,1,0,OK,0.3,0.3,45.0,150.006,,1179.976,,,1.0,13.0
2026-08-07 11:38:22.520,299944,44993,150005296,1179.964075,,505.140,0x00,0x00,CURRENT,1,0,OK,0.3,0.3,45.0,150.006,,1179.976,,,1.0,13.0
2026-08-07 11:38:23.835,299895,44986,150004752,1179.958331,,506.454,0x00,0x00,CURRENT,1,0,OK,0.3,0.3,45.0,150.012,,1180.03,,,1.0,13.0
2026-08-07 11:38:24.650,299851,44979,150005232,1179.963399,,507.269,0x00,0x00,CURRENT,1,0,OK,0.3,0.3,45.0,150.012,,1180.03,,,1.0,13.0
2026-08-07 11:38:25.484,299790,44970,150005264,1179.963737,,508.103,0x00,0x00,CURRENT,1,0,OK,0.3,0.3,45.0,150.007,,1179.986,,,1.0,13.0
2026-08-07 11:38:26.372,299905,44987,150005264,1179.963737,,508.991,0x00,0x00,CURRENT,1,0,OK,0.3,0.3,45.0,150.007,,1179.986,,,1.0,13.0
2026-08-07 11:38:27.187,299843,44978,150005280,1179.963906,,509.806,0x00,0x00,CURRENT,1,0,OK,0.3,0.3,45.0,150.007,,1179.986,,,1.0,13.0
2026-08-07 11:38:28.020,299963,44996,150005312,1179.964244,,510.640,0x00,0x00,CURRENT,1,0,OK,0.3,0.3,45.0,150.004,,1179.953,,,1.0,13.0
2026-08-07 11:38:28.873,299904,44987,150005424,1179.965427,,511.492,0x00,0x00,CURRENT,1,0,OK,0.3,0.3,45.0,150.004,,1179.953,,,1.0,13.0
2026-08-07 11:38:29.707,299851,44979,150005440,1179.965596,,512.326,0x00,0x00,CURRENT,1,0,OK,0.3,0.3,45.0,150.003,,1179.94,,,1.0,14.0
2026-08-07 11:38:30.521,299799,44971,150005104,1179.962048,,513.141,0x00,0x00,CURRENT,1,0,OK,0.3,0.3,45.0,150.003,,1179.94,,,1.0,14.0
2026-08-07 11:38:31.836,299914,44989,150004784,1179.958669,,514.455,0x00,0x00,CURRENT,1,0,OK,0.3,0.299,45.0,150.004,,1179.947,,,1.0,13.0
2026-08-07 11:38:32.650,299855,44980,150004416,1179.954783,,515.270,0x00,0x00,CURRENT,1,0,OK,0.3,0.299,45.0,150.004,,1179.947,,,1.0,13.0
2026-08-07 11:38:33.484,299806,44972,150004368,1179.954276,,516.104,0x00,0x00,CURRENT,1,0,OK,0.3,0.3,45.0,150.004,,1179.954,,,1.0,14.0
2026-08-07 11:38:34.372,299754,44964,150004448,1179.955121,,516.992,0x00,0x00,CURRENT,1,0,OK,0.3,0.3,45.0,150.004,,1179.954,,,1.0,14.0
2026-08-07 11:38:35.187,299879,44983,150004128,1179.951742,,517.807,0x00,0x00,CURRENT,1,0,OK,0.3,0.3,45.0,150.004,,1179.954,,,1.0,14.0
2026-08-07 11:38:36.022,299826,44975,150004240,1179.952924,,518.641,0x00,0x00,CURRENT,1,0,OK,0.3,0.3,45.0,149.999,,1179.896,,,1.0,14.0
2026-08-07 11:38:36.871,299774,44967,150003920,1179.949545,,519.491,0x00,0x00,CURRENT,1,0,OK,0.3,0.3,45.0,149.999,,1179.896,,,1.0,14.0
2026-08-07 11:38:37.705,299897,44986,150003920,1179.949545,,520.325,0x00,0x00,CURRENT,1,0,OK,0.3,0.3,45.0,150.003,,1179.939,,,1.0,13.0
2026-08-07 11:38:38.520,300009,45003,150003888,1179.949207,,521.140,0x00,0x00,CURRENT,1,0,OK,0.3,0.3,45.0,150.003,,1179.939,,,1.0,13.0
2026-08-07 11:38:39.834,299943,44993,150003680,1179.947011,,522.454,0x00,0x00,CURRENT,1,0,OK,0.3,0.301,45.0,150.006,,1179.969,,,1.0,14.0
2026-08-07 11:38:40.649,299875,44982,150003200,1179.941942,,523.269,0x00,0x00,CURRENT,1,0,OK,0.3,0.301,45.0,150.006,,1179.969,,,1.0,14.0
2026-08-07 11:38:41.483,299812,44973,150003760,1179.947856,,524.103,0x00,0x00,CURRENT,1,0,OK,0.3,0.3,45.0,150.001,,1179.921,,,1.0,13.0
2026-08-07 11:38:42.371,299926,44990,150003328,1179.943294,,524.991,0x00,0x00,CURRENT,1,0,OK,0.3,0.3,45.0,150.001,,1179.921,,,1.0,13.0
2026-08-07 11:38:43.186,300028,45005,150003552,1179.945659,,525.806,0x00,0x00,CURRENT,1,0,OK,0.3,0.3,45.0,150.001,,1179.921,,,1.0,13.0
2026-08-07 11:38:44.020,299958,44995,150003680,1179.947011,,526.640,0x00,0x00,CURRENT,1,0,OK,0.3,0.301,45.0,150.004,,1179.948,,,1.0,14.0
2026-08-07 11:38:44.872,299894,44985,150003968,1179.950052,,527.492,0x00,0x00,CURRENT,1,0,OK,0.3,0.301,45.0,150.004,,1179.948,,,1.0,14.0
2026-08-07 11:38:45.706,300001,45001,150004096,1179.951404,,528.326,0x00,0x00,CURRENT,1,0,OK,0.3,0.3,45.0,150.003,,1179.943,,,1.0,13.0
2026-08-07 11:38:46.521,299932,44991,150003520,1179.945321,,529.141,0x00,0x00,CURRENT,1,0,OK,0.3,0.3,45.0,150.003,,1179.943,,,1.0,13.0
2026-08-07 11:38:47.835,300041,45007,150003376,1179.943801,,530.455,0x00,0x00,CURRENT,1,0,OK,0.3,0.3,45.0,150.001,,1179.919,,,1.0,13.0
2026-08-07 11:38:48.650,300139,45022,150003248,1179.942449,,531.270,0x00,0x00,CURRENT,1,0,OK,0.3,0.3,45.0,150.001,,1179.919,,,1.0,13.0
2026-08-07 11:38:49.484,300071,45012,150003504,1179.945152,,532.104,0x00,0x00,CURRENT,1,0,OK,0.3,0.301,45.0,150.006,,1179.967,,,1.0,14.0
2026-08-07 11:38:50.372,300013,45003,150003712,1179.947349,,532.991,0x00,0x00,CURRENT,1,0,OK,0.3,0.301,45.0,150.006,,1179.967,,,1.0,14.0
2026-08-07 11:38:51.187,299956,44995,150004032,1179.950728,,533.806,0x00,0x00,CURRENT,1,0,OK,0.3,0.301,45.0,150.006,,1179.967,,,1.0,14.0
2026-08-07 11:38:52.021,299902,44986,150003616,1179.946335,,534.641,0x00,0x00,CURRENT,1,0,OK,0.3,0.3,45.0,150.005,,1179.958,,,1.0,13.0
2026-08-07 11:38:52.873,300016,45003,150003456,1179.944645,,535.492,0x00,0x00,CURRENT,1,0,OK,0.3,0.3,45.0,150.005,,1179.958,,,1.0,13.0
2026-08-07 11:38:53.707,300127,45020,150003312,1179.943125,,536.327,0x00,0x00,CURRENT,1,0,OK,0.3,0.3,45.0,150.003,,1179.944,,,1.0,14.0
2026-08-07 11:38:54.522,300061,45010,150003504,1179.945152,,537.142,0x00,0x00,CURRENT,1,0,OK,0.3,0.3,45.0,150.003,,1179.944,,,1.0,14.0
2026-08-07 11:38:55.836,300001,45001,150003296,1179.942956,,538.456,0x00,0x00,CURRENT,1,0,OK,0.3,0.3,45.0,150.006,,1179.977,,,1.0,14.0
2026-08-07 11:38:56.651,299938,44992,150003136,1179.941266,,539.271,0x00,0x00,CURRENT,1,0,OK,0.3,0.3,45.0,150.006,,1179.977,,,1.0,14.0
2026-08-07 11:38:57.485,300052,45009,150003104,1179.940928,,540.104,0x00,0x00,CURRENT,1,0,OK,0.3,0.299,45.0,150.004,,1179.953,,,1.0,13.0
2026-08-07 11:38:58.373,300158,45025,150003168,1179.941604,,540.992,0x00,0x00,CURRENT,1,0,OK,0.3,0.299,45.0,150.004,,1179.953,,,1.0,13.0
2026-08-07 11:38:59.187,300087,45014,150003344,1179.943463,,541.807,0x00,0x00,CURRENT,1,0,OK,0.3,0.299,45.0,150.004,,1179.953,,,1.0,13.0
2026-08-07 11:39:00.021,300025,45005,150003616,1179.946335,,542.641,0x00,0x00,CURRENT,1,0,OK,0.3,0.3,45.0,150.002,,1179.933,,,1.0,14.0
2026-08-07 11:39:00.872,299958,44995,150003440,1179.944476,,543.491,0x00,0x00,CURRENT,1,0,OK,0.3,0.3,45.0,150.002,,1179.933,,,1.0,14.0
2026-08-07 11:39:01.706,300063,45011,150003904,1179.949376,,544.326,0x00,0x00,CURRENT,1,0,OK,0.3,0.3,45.0,150.004,,1179.952,,,1.0,13.0
2026-08-07 11:39:02.521,300165,45026,150003952,1179.949883,,545.140,0x00,0x00,CURRENT,1,0,OK,0.3,0.3,45.0,150.004,,1179.952,,,1.0,13.0
2026-08-07 11:39:03.835,300099,45016,150003408,1179.944139,,546.455,0x00,0x00,CURRENT,1,0,OK,0.3,0.301,45.0,150.009,,1180.002,,,1.0,14.0
2026-08-07 11:39:04.650,300037,45007,150003712,1179.947349,,547.269,0x00,0x00,CURRENT,1,0,OK,0.3,0.301,45.0,150.009,,1180.002,,,1.0,14.0
2026-08-07 11:39:05.484,299977,44998,150003920,1179.949545,,548.103,0x00,0x00,CURRENT,1,0,OK,0.3,0.3,45.0,150.008,,1179.988,,,1.0,13.0
2026-08-07 11:39:06.372,300086,45014,150003232,1179.942280,,548.991,0x00,0x00,CURRENT,1,0,OK,0.3,0.3,45.0,150.008,,1179.988,,,1.0,13.0
2026-08-07 11:39:07.187,300189,45029,150003264,1179.942618,,549.807,0x00,0x00,CURRENT,1,0,OK,0.3,0.3,45.0,150.008,,1179.988,,,1.0,13.0
2026-08-07 11:39:08.021,300126,45020,150002912,1179.938901,,550.641,0x00,0x00,CURRENT,1,0,OK,0.3,0.301,45.0,150.005,,1179.962,,,1.0,14.0
2026-08-07 11:39:08.872,300059,45010,150002608,1179.935691,,551.491,0x00,0x00,CURRENT,1,0,OK,0.3,0.301,45.0,150.005,,1179.962,,,1.0,14.0
2026-08-07 11:39:09.706,299997,45000,150002944,1179.939239,,552.326,0x00,0x00,CURRENT,1,0,OK,0.3,0.3,45.0,150.005,,1179.961,,,1.0,13.0
2026-08-07 11:39:10.521,300101,45016,150002752,1179.937211,,553.140,0x00,0x00,CURRENT,1,0,OK,0.3,0.3,45.0,150.005,,1179.961,,,1.0,13.0
2026-08-07 11:39:11.835,300209,45032,150002288,1179.932312,,554.454,0x00,0x00,CURRENT,1,0,OK,0.3,0.3,45.0,150.006,,1179.969,,,1.0,14.0
2026-08-07 11:39:12.650,300140,45022,150002512,1179.934677,,555.269,0x00,0x00,CURRENT,1,0,OK,0.3,0.3,45.0,150.006,,1179.969,,,1.0,14.0
2026-08-07 11:39:13.484,300077,45012,150002592,1179.935522,,556.103,0x00,0x00,CURRENT,1,0,OK,0.3,0.3,45.0,150.004,,1179.953,,,1.0,14.0
2026-08-07 11:39:14.372,300008,45002,150003200,1179.941942,,556.991,0x00,0x00,CURRENT,1,0,OK,0.3,0.3,45.0,150.004,,1179.953,,,1.0,14.0
2026-08-07 11:39:15.187,300120,45019,150003008,1179.939915,,557.806,0x00,0x00,CURRENT,1,0,OK,0.3,0.3,45.0,150.004,,1179.953,,,1.0,14.0
2026-08-07 11:39:16.021,300052,45009,150003184,1179.941773,,558.640,0x00,0x00,CURRENT,1,0,OK,0.3,0.3,45.0,150.0,,1179.909,,,1.0,14.0
2026-08-07 11:39:16.871,300171,45026,150002224,1179.931636,,559.490,0x00,0x00,CURRENT,1,0,OK,0.3,0.3,45.0,150.0,,1179.909,,,1.0,14.0
2026-08-07 11:39:17.705,300100,45016,150002656,1179.936198,,560.324,0x00,0x00,CURRENT,1,0,OK,0.3,0.3,45.0,150.003,,1179.944,,,1.0,14.0
2026-08-07 11:39:18.520,300045,45007,150002432,1179.933832,,561.139,0x00,0x00,CURRENT,1,0,OK,0.3,0.3,45.0,150.003,,1179.944,,,1.0,14.0
2026-08-07 11:39:19.834,300151,45023,150002576,1179.935353,,562.454,0x00,0x00,CURRENT,1,0,OK,0.3,0.3,45.0,150.002,,1179.933,,,1.0,13.0
2026-08-07 11:39:20.649,300256,45039,150002112,1179.930453,,563.268,0x00,0x00,CURRENT,1,0,OK,0.3,0.3,45.0,150.002,,1179.933,,,1.0,13.0
2026-08-07 11:39:21.483,300195,45030,150002304,1179.932481,,564.102,0x00,0x00,CURRENT,1,0,OK,0.3,0.301,45.0,150.002,,1179.924,,,1.0,14.0
2026-08-07 11:39:22.372,300126,45020,150002816,1179.937887,,564.992,0x00,0x00,CURRENT,1,0,OK,0.3,0.301,45.0,150.002,,1179.924,,,1.0,14.0
2026-08-07 11:39:23.187,300072,45012,150002688,1179.936536,,565.806,0x00,0x00,CURRENT,1,0,OK,0.3,0.301,45.0,150.002,,1179.924,,,1.0,14.0
2026-08-07 11:39:24.021,300023,45004,150002400,1179.933494,,566.640,0x00,0x00,CURRENT,1,0,OK,0.3,0.3,45.0,150.002,,1179.933,,,1.0,13.0
2026-08-07 11:39:24.872,299967,44996,150002384,1179.933325,,567.491,0x00,0x00,CURRENT,1,0,OK,0.3,0.3,45.0,150.002,,1179.933,,,1.0,13.0
2026-08-07 11:39:25.706,300091,45014,150002768,1179.937380,,568.326,0x00,0x00,CURRENT,1,0,OK,0.3,0.299,45.0,150.006,,1179.972,,,1.0,13.0
2026-08-07 11:39:26.521,300203,45031,150003200,1179.941942,,569.141,0x00,0x00,CURRENT,1,0,OK,0.3,0.299,45.0,150.006,,1179.972,,,1.0,13.0
2026-08-07 11:39:27.835,300140,45022,150003472,1179.944814,,570.454,0x00,0x00,CURRENT,1,0,OK,0.3,0.301,45.0,150.011,,1180.023,,,1.0,14.0
2026-08-07 11:39:28.650,300088,45014,150003504,1179.945152,,571.269,0x00,0x00,CURRENT,1,0,OK,0.3,0.301,45.0,150.011,,1180.023,,,1.0,14.0
2026-08-07 11:39:29.484,300032,45006,150003456,1179.944645,,572.103,0x00,0x00,CURRENT,1,0,OK,0.3,0.3,45.0,150.003,,1179.936,,,1.0,13.0
2026-08-07 11:39:30.372,299975,44997,150003488,1179.944983,,572.991,0x00,0x00,CURRENT,1,0,OK,0.3,0.3,45.0,150.003,,1179.936,,,1.0,13.0
2026-08-07 11:39:31.187,300096,45015,150003200,1179.941942,,573.806,0x00,0x00,CURRENT,1,0,OK,0.3,0.3,45.0,150.003,,1179.936,,,1.0,13.0
2026-08-07 11:39:32.021,300215,45033,150003520,1179.945321,,574.640,0x00,0x00,CURRENT,1,0,OK,0.3,0.3,45.0,150.006,,1179.975,,,1.0,14.0
2026-08-07 11:39:32.872,300148,45023,150004080,1179.951235,,575.491,0x00,0x00,CURRENT,1,0,OK,0.3,0.3,45.0,150.006,,1179.975,,,1.0,14.0
2026-08-07 11:39:33.706,300093,45015,150004368,1179.954276,,576.325,0x00,0x00,CURRENT,1,0,OK,0.3,0.3,45.0,150.006,,1179.976,,,1.0,14.0
2026-08-07 11:39:34.521,300043,45008,150004656,1179.957317,,577.140,0x00,0x00,CURRENT,1,0,OK,0.3,0.3,45.0,150.006,,1179.976,,,1.0,14.0
2026-08-07 11:39:35.835,299995,45001,150004688,1179.957655,,578.454,0x00,0x00,CURRENT,1,0,OK,0.3,0.3,45.0,150.006,,1179.968,,,1.0,13.0
2026-08-07 11:39:36.650,300112,45018,150004976,1179.960696,,579.269,0x00,0x00,CURRENT,1,0,OK,0.3,0.3,45.0,150.006,,1179.968,,,1.0,13.0
2026-08-07 11:39:37.483,300227,45036,150005376,1179.964920,,580.103,0x00,0x00,CURRENT,1,0,OK,0.3,0.3,45.0,150.006,,1179.968,,,1.0,14.0
2026-08-07 11:39:38.372,300167,45027,150005328,1179.964413,,580.991,0x00,0x00,CURRENT,1,0,OK,0.3,0.3,45.0,150.006,,1179.968,,,1.0,14.0
2026-08-07 11:39:39.187,300111,45018,150005072,1179.961710,,581.806,0x00,0x00,CURRENT,1,0,OK,0.3,0.3,45.0,150.006,,1179.968,,,1.0,14.0
2026-08-07 11:39:40.021,300055,45010,150004736,1179.958162,,582.640,0x00,0x00,CURRENT,1,0,OK,0.3,0.3,45.0,150.004,,1179.951,,,1.0,14.0
2026-08-07 11:39:40.871,300007,45003,150005200,1179.963061,,583.490,0x00,0x00,CURRENT,1,0,OK,0.3,0.3,45.0,150.004,,1179.951,,,1.0,14.0
2026-08-07 11:39:41.705,300125,45020,150004976,1179.960696,,584.324,0x00,0x00,CURRENT,1,0,OK,0.3,0.3,45.0,150.003,,1179.936,,,1.0,13.0
2026-08-07 11:39:42.520,300080,45013,150005232,1179.963399,,585.139,0x00,0x00,CURRENT,1,0,OK,0.3,0.3,45.0,150.003,,1179.936,,,1.0,13.0
2026-08-07 11:39:43.833,300199,45032,150005328,1179.964413,,586.453,0x00,0x00,CURRENT,1,0,OK,0.3,0.3,45.0,150.001,,1179.923,,,1.0,13.0
2026-08-07 11:39:44.649,300143,45023,150005472,1179.965934,,587.268,0x00,0x00,CURRENT,1,0,OK,0.3,0.3,45.0,150.001,,1179.923,,,1.0,13.0
2026-08-07 11:39:45.483,300085,45015,150005984,1179.971340,,588.102,0x00,0x00,CURRENT,1,0,OK,0.3,0.3,45.0,150.001,,1179.924,,,1.0,14.0
2026-08-07 11:39:46.372,300034,45007,150005856,1179.969989,,588.991,0x00,0x00,CURRENT,1,0,OK,0.3,0.3,45.0,150.001,,1179.924,,,1.0,14.0
2026-08-07 11:39:47.187,299990,45000,150005744,1179.968806,,589.806,0x00,0x00,CURRENT,1,0,OK,0.3,0.3,45.0,150.001,,1179.924,,,1.0,14.0
2026-08-07 11:39:48.020,300109,45018,150005264,1179.963737,,590.640,0x00,0x00,CURRENT,1,0,OK,0.3,0.3,45.0,150.002,,1179.925,,,1.0,13.0
2026-08-07 11:39:48.872,300228,45036,150004752,1179.958331,,591.491,0x00,0x00,CURRENT,1,0,OK,0.3,0.3,45.0,150.002,,1179.925,,,1.0,13.0
2026-08-07 11:39:49.706,300167,45026,150004656,1179.957317,,592.325,0x00,0x00,CURRENT,1,0,OK,0.3,0.301,45.0,150.001,,1179.922,,,1.0,14.0
2026-08-07 11:39:50.520,300113,45018,150004544,1179.956134,,593.140,0x00,0x00,CURRENT,1,0,OK,0.3,0.301,45.0,150.001,,1179.922,,,1.0,14.0
2026-08-07 11:39:51.835,300066,45011,150004096,1179.951404,,594.454,0x00,0x00,CURRENT,1,0,OK,0.3,0.3,45.0,150.003,,1179.935,,,1.0,14.0
2026-08-07 11:39:52.650,300012,45003,150003792,1179.948193,,595.269,0x00,0x00,CURRENT,1,0,OK,0.3,0.3,45.0,150.003,,1179.935,,,1.0,14.0
2026-08-07 11:39:53.484,300127,45020,150003552,1179.945659,,596.103,0x00,0x00,CURRENT,1,0,OK,0.3,0.299,45.0,150.001,,1179.919,,,1.0,13.0
2026-08-07 11:39:54.373,300228,45035,150003600,1179.946166,,596.992,0x00,0x00,CURRENT,1,0,OK,0.3,0.299,45.0,150.001,,1179.919,,,1.0,13.0
2026-08-07 11:39:55.188,300168,45026,150003616,1179.946335,,597.807,0x00,0x00,CURRENT,1,0,OK,0.3,0.299,45.0,150.001,,1179.919,,,1.0,13.0
2026-08-07 11:39:56.021,300105,45017,150003056,1179.940422,,598.641,0x00,0x00,CURRENT,1,0,OK,0.3,0.3,45.0,150.002,,1179.93,,,1.0,14.0
2026-08-07 11:39:56.872,300049,45008,150002608,1179.935691,,599.492,0x00,0x00,CURRENT,1,0,OK,0.3,0.3,45.0,150.002,,1179.93,,,1.0,14.0
2026-08-07 11:39:57.707,299998,45001,150002800,1179.937718,,600.326,0x00,0x00,CURRENT,1,0,OK,0.3,0.3,45.0,150.003,,1179.939,,,1.0,13.0
2026-08-07 11:39:58.522,300116,45018,150002656,1179.936198,,601.141,0x00,0x00,CURRENT,1,0,OK,0.3,0.3,45.0,150.003,,1179.939,,,1.0,13.0
2026-08-07 11:39:59.836,300063,45010,150002528,1179.934846,,602.455,0x00,0x00,CURRENT,1,0,OK,0.3,0.3,45.0,150.005,,1179.958,,,1.0,14.0
2026-08-07 11:40:00.651,300179,45028,150002768,1179.937380,,603.270,0x00,0x00,CURRENT,1,0,OK,0.3,0.3,45.0,150.005,,1179.958,,,1.0,14.0
2026-08-07 11:40:01.484,300122,45019,150003456,1179.944645,,604.104,0x00,0x00,CURRENT,1,0,OK,0.3,0.3,45.0,150.003,,1179.936,,,1.0,14.0
2026-08-07 11:40:02.372,300064,45011,150003776,1179.948025,,604.992,0x00,0x00,CURRENT,1,0,OK,0.3,0.3,45.0,150.003,,1179.936,,,1.0,14.0
2026-08-07 11:40:03.187,300005,45002,150004192,1179.952417,,605.807,0x00,0x00,CURRENT,1,0,OK,0.3,0.3,45.0,150.003,,1179.936,,,1.0,14.0
2026-08-07 11:40:04.021,300117,45019,150003680,1179.947011,,606.641,0x00,0x00,CURRENT,1,0,OK,0.3,0.3,45.0,150.005,,1179.958,,,1.0,13.0
2026-08-07 11:40:04.872,300224,45035,150003584,1179.945997,,607.492,0x00,0x00,CURRENT,1,0,OK,0.3,0.3,45.0,150.005,,1179.958,,,1.0,13.0
2026-08-07 11:40:05.706,300161,45025,150003264,1179.942618,,608.326,0x00,0x00,CURRENT,1,0,OK,0.3,0.301,45.0,150.004,,1179.953,,,1.0,14.0
2026-08-07 11:40:06.521,300106,45017,150003456,1179.944645,,609.141,0x00,0x00,CURRENT,1,0,OK,0.3,0.301,45.0,150.004,,1179.953,,,1.0,14.0
2026-08-07 11:40:07.835,300056,45009,150002864,1179.938394,,610.455,0x00,0x00,CURRENT,1,0,OK,0.3,0.3,45.0,150.006,,1179.974,,,1.0,14.0
2026-08-07 11:40:08.650,300005,45002,150003232,1179.942280,,611.270,0x00,0x00,CURRENT,1,0,OK,0.3,0.3,45.0,150.006,,1179.974,,,1.0,14.0
2026-08-07 11:40:09.484,300126,45020,150003296,1179.942956,,612.104,0x00,0x00,CURRENT,1,0,OK,0.3,0.299,45.0,150.006,,1179.967,,,1.0,13.0
2026-08-07 11:40:10.372,300232,45036,150003264,1179.942618,,612.992,0x00,0x00,CURRENT,1,0,OK,0.3,0.299,45.0,150.006,,1179.967,,,1.0,13.0
2026-08-07 11:40:11.187,300170,45026,150003312,1179.943125,,613.807,0x00,0x00,CURRENT,1,0,OK,0.3,0.299,45.0,150.006,,1179.967,,,1.0,13.0
2026-08-07 11:40:12.021,300111,45018,150003056,1179.940422,,614.641,0x00,0x00,CURRENT,1,0,OK,0.3,0.3,45.0,150.003,,1179.945,,,1.0,14.0
2026-08-07 11:40:12.872,300059,45010,150003168,1179.941604,,615.492,0x00,0x00,CURRENT,1,0,OK,0.3,0.3,45.0,150.003,,1179.945,,,1.0,14.0
2026-08-07 11:40:13.706,300019,45004,150002816,1179.937887,,616.326,0x00,0x00,CURRENT,1,0,OK,0.3,0.3,45.0,150.004,,1179.955,,,1.0,13.0
2026-08-07 11:40:14.521,299977,44997,150002800,1179.937718,,617.141,0x00,0x00,CURRENT,1,0,OK,0.3,0.3,45.0,150.004,,1179.955,,,1.0,13.0
2026-08-07 11:40:15.433,299929,44990,150002976,1179.939577,,618.053,0x00,0x00,CURRENT,1,0,OK,0.3,0.299,45.0,150.005,,1179.956,,,1.0,13.0
2026-08-07 11:40:16.748,300045,45007,150002240,1179.931805,,619.368,0x00,0x00,CURRENT,1,0,OK,0.3,0.299,45.0,150.005,,1179.956,,,1.0,13.0
2026-08-07 11:40:17.582,299997,45000,150002240,1179.931805,,620.202,0x00,0x00,CURRENT,1,0,OK,0.3,0.301,45.0,150.004,,1179.952,,,1.0,14.0
2026-08-07 11:40:18.397,299955,44994,150002560,1179.935184,,621.017,0x00,0x00,CURRENT,1,0,OK,0.3,0.301,45.0,150.004,,1179.952,,,1.0,14.0
2026-08-07 11:40:19.212,299912,44988,150002656,1179.936198,,621.832,0x00,0x00,CURRENT,1,0,OK,0.3,0.301,45.0,150.004,,1179.952,,,1.0,14.0
2026-08-07 11:40:20.046,299866,44981,150002768,1179.937380,,622.666,0x00,0x00,CURRENT,1,0,OK,0.3,0.3,45.0,150.001,,1179.919,,,1.0,13.0
2026-08-07 11:40:20.872,299993,45000,150002752,1179.937211,,623.492,0x00,0x00,CURRENT,1,0,OK,0.3,0.3,45.0,150.001,,1179.919,,,1.0,13.0
2026-08-07 11:40:21.706,299949,44993,150002800,1179.937718,,624.326,0x00,0x00,CURRENT,1,0,OK,0.3,0.3,45.0,150.002,,1179.933,,,1.0,14.0
2026-08-07 11:40:22.521,299909,44987,150002288,1179.932312,,625.141,0x00,0x00,CURRENT,1,0,OK,0.3,0.3,45.0,150.002,,1179.933,,,1.0,14.0
2026-08-07 11:40:23.835,300037,45006,150002416,1179.933663,,626.455,0x00,0x00,CURRENT,1,0,OK,0.3,0.3,45.0,150.002,,1179.929,,,1.0,13.0
2026-08-07 11:40:24.650,299991,44999,150001984,1179.929102,,627.270,0x00,0x00,CURRENT,1,0,OK,0.3,0.3,45.0,150.002,,1179.929,,,1.0,13.0
2026-08-07 11:40:25.484,299952,44994,150002432,1179.933832,,628.104,0x00,0x00,CURRENT,1,0,OK,0.3,0.3,45.0,150.0,,1179.913,,,1.0,14.0
2026-08-07 11:40:26.373,300089,45014,150001456,1179.923526,,628.993,0x00,0x00,CURRENT,1,0,OK,0.3,0.3,45.0,150.0,,1179.913,,,1.0,14.0
2026-08-07 11:40:27.188,300039,45006,150001248,1179.921330,,629.808,0x00,0x00,CURRENT,1,0,OK,0.3,0.3,45.0,150.0,,1179.913,,,1.0,14.0
2026-08-07 11:40:28.022,299997,45000,150000880,1179.917444,,630.642,0x00,0x00,CURRENT,1,0,OK,0.3,0.3,45.0,150.0,,1179.905,,,1.0,14.0
2026-08-07 11:40:28.872,299946,44992,150000640,1179.914909,,631.492,0x00,0x00,CURRENT,1,0,OK,0.3,0.3,45.0,150.0,,1179.905,,,1.0,14.0
2026-08-07 11:40:29.706,299903,44986,150000912,1179.917782,,632.326,0x00,0x00,CURRENT,1,0,OK,0.3,0.3,45.0,149.997,,1179.88,,,1.0,13.0
2026-08-07 11:40:30.521,300034,45005,150000704,1179.915585,,633.141,0x00,0x00,CURRENT,1,0,OK,0.3,0.3,45.0,149.997,,1179.88,,,1.0,13.0
2026-08-07 11:40:31.835,299987,44998,150000832,1179.916937,,634.455,0x00,0x00,CURRENT,1,0,OK,0.3,0.3,45.0,149.998,,1179.883,,,1.0,14.0
2026-08-07 11:40:32.650,300108,45016,150000880,1179.917444,,635.270,0x00,0x00,CURRENT,1,0,OK,0.3,0.3,45.0,149.998,,1179.883,,,1.0,14.0
2026-08-07 11:40:33.484,300053,45008,150000720,1179.915754,,636.104,0x00,0x00,CURRENT,1,0,OK,0.3,0.3,45.0,150.0,,1179.911,,,1.0,14.0
2026-08-07 11:40:34.371,299988,44998,150001152,1179.920316,,636.991,0x00,0x00,CURRENT,1,0,OK,0.3,0.3,45.0,150.0,,1179.911,,,1.0,14.0
2026-08-07 11:40:35.186,300103,45016,150000992,1179.918626,,637.806,0x00,0x00,CURRENT,1,0,OK,0.3,0.3,45.0,150.0,,1179.911,,,1.0,14.0
2026-08-07 11:40:36.020,300053,45008,150000912,1179.917782,,638.640,0x00,0x00,CURRENT,1,0,OK,0.3,0.3,45.0,150.001,,1179.914,,,1.0,14.0
2026-08-07 11:40:36.872,299998,45000,150000592,1179.914403,,639.491,0x00,0x00,CURRENT,1,0,OK,0.3,0.3,45.0,150.001,,1179.914,,,1.0,14.0
2026-08-07 11:40:37.706,299953,44993,150001280,1179.921668,,640.326,0x00,0x00,CURRENT,1,0,OK,0.3,0.3,45.0,150.002,,1179.93,,,1.0,13.0
2026-08-07 11:40:38.521,300075,45012,150001616,1179.925216,,641.141,0x00,0x00,CURRENT,1,0,OK,0.3,0.3,45.0,150.002,,1179.93,,,1.0,13.0
2026-08-07 11:40:39.835,300026,45004,150001120,1179.919978,,642.455,0x00,0x00,CURRENT,1,0,OK,0.3,0.3,45.0,150.003,,1179.937,,,1.0,14.0
2026-08-07 11:40:40.650,299984,44998,150000768,1179.916261,,643.270,0x00,0x00,CURRENT,1,0,OK,0.3,0.3,45.0,150.003,,1179.937,,,1.0,14.0
2026-08-07 11:40:41.484,300108,45017,150001360,1179.922512,,644.103,0x00,0x00,CURRENT,1,0,OK,0.3,0.3,45.0,149.999,,1179.896,,,1.0,13.0
2026-08-07 11:40:42.372,300060,45009,150000768,1179.916261,,644.992,0x00,0x00,CURRENT,1,0,OK,0.3,0.3,45.0,149.999,,1179.896,,,1.0,13.0
2026-08-07 11:40:43.187,300187,45028,150001088,1179.919640,,645.806,0x00,0x00,CURRENT,1,0,OK,0.3,0.3,45.0,149.999,,1179.896,,,1.0,13.0
2026-08-07 11:40:44.021,300139,45021,150000944,1179.918120,,646.640,0x00,0x00,CURRENT,1,0,OK,0.3,0.301,45.0,150.001,,1179.922,,,1.0,14.0
2026-08-07 11:40:44.872,300090,45014,150000880,1179.917444,,647.491,0x00,0x00,CURRENT,1,0,OK,0.3,0.301,45.0,150.001,,1179.922,,,1.0,14.0
2026-08-07 11:40:45.706,300039,45006,150001072,1179.919471,,648.325,0x00,0x00,CURRENT,1,0,OK,0.3,0.3,45.0,150.0,,1179.912,,,1.0,13.0
2026-08-07 11:40:46.521,299993,44999,150001152,1179.920316,,649.140,0x00,0x00,CURRENT,1,0,OK,0.3,0.3,45.0,150.0,,1179.912,,,1.0,13.0
2026-08-07 11:40:47.835,300116,45018,150000736,1179.915923,,650.454,0x00,0x00,CURRENT,1,0,OK,0.3,0.3,45.0,149.998,,1179.892,,,1.0,13.0
2026-08-07 11:40:48.650,300234,45035,150001072,1179.919471,,651.269,0x00,0x00,CURRENT,1,0,OK,0.3,0.3,45.0,149.998,,1179.892,,,1.0,13.0
2026-08-07 11:40:49.484,300177,45027,150000320,1179.911530,,652.103,0x00,0x00,CURRENT,1,0,OK,0.3,0.301,45.0,149.998,,1179.887,,,1.0,14.0
2026-08-07 11:40:50.372,300127,45019,150000736,1179.915923,,652.991,0x00,0x00,CURRENT,1,0,OK,0.3,0.301,45.0,149.998,,1179.887,,,1.0,14.0
2026-08-07 11:40:51.187,300072,45011,150000768,1179.916261,,653.806,0x00,0x00,CURRENT,1,0,OK,0.3,0.301,45.0,149.998,,1179.887,,,1.0,14.0
2026-08-07 11:40:52.021,300019,45003,150000704,1179.915585,,654.641,0x00,0x00,CURRENT,1,0,OK,0.3,0.3,45.0,149.998,,1179.882,,,1.0,13.0
2026-08-07 11:40:52.872,299969,44996,150000672,1179.915247,,655.491,0x00,0x00,CURRENT,1,0,OK,0.3,0.3,45.0,149.998,,1179.882,,,1.0,13.0
2026-08-07 11:40:53.706,299926,44989,150000944,1179.918120,,656.326,0x00,0x00,CURRENT,1,0,OK,0.3,0.299,45.0,149.999,,1179.898,,,1.0,13.0
2026-08-07 11:40:54.521,300052,45008,150000992,1179.918626,,657.141,0x00,0x00,CURRENT,1,0,OK,0.3,0.299,45.0,149.999,,1179.898,,,1.0,13.0
2026-08-07 11:40:55.835,300002,45000,150000576,1179.914234,,658.454,0x00,0x00,CURRENT,1,0,OK,0.3,0.3,45.0,150.003,,1179.942,,,1.0,14.0
2026-08-07 11:40:56.650,299961,44994,150000320,1179.911530,,659.270,0x00,0x00,CURRENT,1,0,OK,0.3,0.3,45.0,150.003,,1179.942,,,1.0,14.0
2026-08-07 11:40:57.484,299920,44988,150000192,1179.910179,,660.103,0x00,0x00,CURRENT,1,0,OK,0.3,0.3,45.0,150.003,,1179.937,,,1.0,13.0
2026-08-07 11:40:58.372,299879,44982,150000160,1179.909841,,660.991,0x00,0x00,CURRENT,1,0,OK,0.3,0.3,45.0,150.003,,1179.937,,,1.0,13.0
2026-08-07 11:40:59.187,300018,45003,150000096,1179.909165,,661.806,0x00,0x00,CURRENT,1,0,OK,0.3,0.3,45.0,150.003,,1179.937,,,1.0,13.0
2026-08-07 11:41:00.021,299977,44997,150000864,1179.917275,,662.640,0x00,0x00,CURRENT,1,0,OK,0.3,0.3,45.0,150.003,,1179.936,,,1.0,14.0
2026-08-07 11:41:00.872,299940,44991,150000960,1179.918288,,663.491,0x00,0x00,CURRENT,1,0,OK,0.3,0.3,45.0,150.003,,1179.936,,,1.0,14.0
2026-08-07 11:41:01.706,299901,44985,150000816,1179.916768,,664.325,0x00,0x00,CURRENT,1,0,OK,0.3,0.3,45.0,150.001,,1179.921,,,1.0,13.0
2026-08-07 11:41:02.521,300034,45005,150000816,1179.916768,,665.140,0x00,0x00,CURRENT,1,0,OK,0.3,0.3,45.0,150.001,,1179.921,,,1.0,13.0
2026-08-07 11:41:03.835,299996,45000,150000576,1179.914234,,666.454,0x00,0x00,CURRENT,1,0,OK,0.3,0.3,45.0,150.0,,1179.909,,,1.0,14.0
2026-08-07 11:41:04.650,299956,44994,150000672,1179.915247,,667.269,0x00,0x00,CURRENT,1,0,OK,0.3,0.3,45.0,150.0,,1179.909,,,1.0,14.0
2026-08-07 11:41:05.484,300090,45014,150000752,1179.916092,,668.103,0x00,0x00,CURRENT,1,0,OK,0.3,0.3,45.0,150.0,,1179.905,,,1.0,13.0
2026-08-07 11:41:06.372,300053,45008,150000320,1179.911530,,668.991,0x00,0x00,CURRENT,1,0,OK,0.3,0.3,45.0,150.0,,1179.905,,,1.0,13.0
2026-08-07 11:41:07.187,300010,45002,150000448,1179.912882,,669.806,0x00,0x00,CURRENT,1,0,OK,0.3,0.3,45.0,150.0,,1179.905,,,1.0,13.0
2026-08-07 11:41:08.021,299970,44996,150000224,1179.910517,,670.640,0x00,0x00,CURRENT,1,0,OK,0.3,0.3,45.0,149.999,,1179.893,,,1.0,13.0
2026-08-07 11:41:08.872,299934,44990,149999728,1179.905279,,671.491,0x00,0x00,CURRENT,1,0,OK,0.3,0.3,45.0,149.999,,1179.893,,,1.0,13.0
2026-08-07 11:41:09.706,300059,45009,149999984,1179.907982,,672.325,0x00,0x00,CURRENT,1,0,OK,0.3,0.3,45.0,149.999,,1179.896,,,1.0,13.0
2026-08-07 11:41:10.521,300186,45028,150000336,1179.911699,,673.140,0x00,0x00,CURRENT,1,0,OK,0.3,0.3,45.0,149.999,,1179.896,,,1.0,13.0
2026-08-07 11:41:11.835,300139,45021,150000000,1179.908151,,674.454,0x00,0x00,CURRENT,1,0,OK,0.3,0.301,45.0,150.001,,1179.916,,,1.0,14.0
2026-08-07 11:41:12.650,300095,45014,149999856,1179.906631,,675.269,0x00,0x00,CURRENT,1,0,OK,0.3,0.301,45.0,150.001,,1179.916,,,1.0,14.0
2026-08-07 11:41:13.483,300051,45008,150000080,1179.908996,,676.103,0x00,0x00,CURRENT,1,0,OK,0.3,0.3,45.0,149.997,,1179.874,,,1.0,13.0
2026-08-07 11:41:14.372,300016,45002,149999616,1179.904096,,676.991,0x00,0x00,CURRENT,1,0,OK,0.3,0.3,45.0,149.997,,1179.874,,,1.0,13.0
2026-08-07 11:41:15.187,299970,44995,149999712,1179.905110,,677.806,0x00,0x00,CURRENT,1,0,OK,0.3,0.3,45.0,149.997,,1179.874,,,1.0,13.0
2026-08-07 11:41:16.021,299938,44991,149999808,1179.906124,,678.640,0x00,0x00,CURRENT,1,0,OK,0.3,0.3,45.0,150.0,,1179.912,,,1.0,13.0
2026-08-07 11:41:16.872,300071,45011,149999952,1179.907644,,679.491,0x00,0x00,CURRENT,1,0,OK,0.3,0.3,45.0,150.0,,1179.912,,,1.0,13.0
2026-08-07 11:41:17.706,300197,45030,150000160,1179.909841,,680.325,0x00,0x00,CURRENT,1,0,OK,0.3,0.3,45.0,149.999,,1179.901,,,1.0,14.0
2026-08-07 11:41:18.521,300155,45023,150000544,1179.913896,,681.140,0x00,0x00,CURRENT,1,0,OK,0.3,0.3,45.0,149.999,,1179.901,,,1.0,14.0
2026-08-07 11:41:19.835,300114,45017,150000368,1179.912037,,682.454,0x00,0x00,CURRENT,1,0,OK,0.3,0.3,45.0,149.997,,1179.88,,,1.0,14.0
2026-08-07 11:41:20.650,300071,45011,150000608,1179.914571,,683.269,0x00,0x00,CURRENT,1,0,OK,0.3,0.3,45.0,149.997,,1179.88,,,1.0,14.0
2026-08-07 11:41:21.484,300027,45004,150000624,1179.914740,,684.103,0x00,0x00,CURRENT,1,0,OK,0.3,0.3,45.0,149.997,,1179.881,,,1.0,13.0
2026-08-07 11:41:22.373,299988,44998,150000352,1179.911868,,684.992,0x00,0x00,CURRENT,1,0,OK,0.3,0.3,45.0,149.997,,1179.881,,,1.0,13.0
2026-08-07 11:41:23.188,299954,44993,150000736,1179.915923,,685.807,0x00,0x00,CURRENT,1,0,OK,0.3,0.3,45.0,149.997,,1179.881,,,1.0,13.0
2026-08-07 11:41:24.022,300090,45014,150000608,1179.914571,,686.641,0x00,0x00,CURRENT,1,0,OK,0.3,0.3,45.0,150.002,,1179.925,,,1.0,13.0
2026-08-07 11:41:24.872,300048,45007,150000448,1179.912882,,687.491,0x00,0x00,CURRENT,1,0,OK,0.3,0.3,45.0,150.002,,1179.925,,,1.0,13.0
2026-08-07 11:41:25.706,300004,45001,150000048,1179.908658,,688.325,0x00,0x00,CURRENT,1,0,OK,0.3,0.3,45.0,149.998,,1179.891,,,1.0,14.0
2026-08-07 11:41:26.520,299964,44995,150000256,1179.910854,,689.140,0x00,0x00,CURRENT,1,0,OK,0.3,0.3,45.0,149.998,,1179.891,,,1.0,14.0
2026-08-07 11:41:27.835,299939,44991,149999744,1179.905448,,690.454,0x00,0x00,CURRENT,1,0,OK,0.3,0.3,45.0,150.002,,1179.925,,,1.0,13.0
2026-08-07 11:41:28.649,299905,44986,149999824,1179.906293,,691.269,0x00,0x00,CURRENT,1,0,OK,0.3,0.3,45.0,150.002,,1179.925,,,1.0,13.0
2026-08-07 11:41:29.483,299875,44981,150000096,1179.909165,,692.103,0x00,0x00,CURRENT,1,0,OK,0.3,0.3,45.0,149.996,,1179.862,,,1.0,14.0
2026-08-07 11:41:30.371,299847,44977,149999600,1179.903927,,692.991,0x00,0x00,CURRENT,1,0,OK,0.3,0.3,45.0,149.996,,1179.862,,,1.0,14.0
2026-08-07 11:41:31.186,299814,44972,149999808,1179.906124,,693.806,0x00,0x00,CURRENT,1,0,OK,0.3,0.3,45.0,149.996,,1179.862,,,1.0,14.0
2026-08-07 11:41:32.020,299945,44992,149999520,1179.903083,,694.640,0x00,0x00,CURRENT,1,0,OK,0.3,0.3,45.0,149.997,,1179.873,,,1.0,13.0
2026-08-07 11:41:32.873,300067,45010,149999008,1179.897676,,695.492,0x00,0x00,CURRENT,1,0,OK,0.3,0.3,45.0,149.997,,1179.873,,,1.0,13.0
2026-08-07 11:41:33.706,300020,45003,149999136,1179.899028,,696.326,0x00,0x00,CURRENT,1,0,OK,0.3,0.301,45.0,149.999,,1179.897,,,1.0,14.0
2026-08-07 11:41:34.521,299972,44995,149998608,1179.893452,,697.141,0x00,0x00,CURRENT,1,0,OK,0.3,0.301,45.0,149.999,,1179.897,,,1.0,14.0
2026-08-07 11:41:35.835,299938,44990,149998096,1179.888046,,698.455,0x00,0x00,CURRENT,1,0,OK,0.3,0.3,45.0,149.999,,1179.893,,,1.0,14.0
2026-08-07 11:41:36.650,299896,44984,149998704,1179.894466,,699.270,0x00,0x00,CURRENT,1,0,OK,0.3,0.3,45.0,149.999,,1179.893,,,1.0,14.0
2026-08-07 11:41:37.484,299856,44978,149997968,1179.886694,,700.104,0x00,0x00,CURRENT,1,0,OK,0.3,0.3,45.0,149.996,,1179.863,,,1.0,13.0
2026-08-07 11:41:38.372,299986,44997,149997616,1179.882977,,700.992,0x00,0x00,CURRENT,1,0,OK,0.3,0.3,45.0,149.996,,1179.863,,,1.0,13.0
2026-08-07 11:41:39.187,300106,45015,149997616,1179.882977,,701.807,0x00,0x00,CURRENT,1,0,OK,0.3,0.3,45.0,149.996,,1179.863,,,1.0,13.0
2026-08-07 11:41:40.021,300055,45008,149997936,1179.886356,,702.641,0x00,0x00,CURRENT,1,0,OK,0.3,0.301,45.0,149.998,,1179.887,,,1.0,14.0
2026-08-07 11:41:40.873,300001,45000,149998416,1179.891425,,703.493,0x00,0x00,CURRENT,1,0,OK,0.3,0.301,45.0,149.998,,1179.887,,,1.0,14.0
2026-08-07 11:41:41.707,299957,44993,149998256,1179.889735,,704.327,0x00,0x00,CURRENT,1,0,OK,0.3,0.3,45.0,149.998,,1179.887,,,1.0,13.0
2026-08-07 11:41:42.522,299913,44986,149998032,1179.887370,,705.141,0x00,0x00,CURRENT,1,0,OK,0.3,0.3,45.0,149.998,,1179.887,,,1.0,13.0
2026-08-07 11:41:43.836,300043,45006,149998032,1179.887370,,706.456,0x00,0x00,CURRENT,1,0,OK,0.3,0.3,45.0,149.999,,1179.898,,,1.0,13.0
2026-08-07 11:41:44.651,300155,45023,149997680,1179.883653,,707.271,0x00,0x00,CURRENT,1,0,OK,0.3,0.3,45.0,149.999,,1179.898,,,1.0,13.0
2026-08-07 11:41:45.485,300101,45014,149997488,1179.881625,,708.104,0x00,0x00,CURRENT,1,0,OK,0.3,0.301,45.0,150.0,,1179.904,,,1.0,14.0
2026-08-07 11:41:46.371,300052,45007,149997264,1179.879260,,708.990,0x00,0x00,CURRENT,1,0,OK,0.3,0.301,45.0,150.0,,1179.904,,,1.0,14.0
2026-08-07 11:41:47.186,300010,45000,149996832,1179.874698,,709.805,0x00,0x00,CURRENT,1,0,OK,0.3,0.301,45.0,150.0,,1179.904,,,1.0,14.0
2026-08-07 11:41:48.020,299972,44995,149996576,1179.871995,,710.640,0x00,0x00,CURRENT,1,0,OK,0.3,0.3,45.0,149.995,,1179.851,,,1.0,13.0
2026-08-07 11:41:48.872,299931,44989,149996704,1179.873347,,711.492,0x00,0x00,CURRENT,1,0,OK,0.3,0.3,45.0,149.995,,1179.851,,,1.0,13.0
2026-08-07 11:41:49.706,299887,44982,149996608,1179.872333,,712.326,0x00,0x00,CURRENT,1,0,OK,0.3,0.3,45.0,149.997,,1179.872,,,1.0,13.0
2026-08-07 11:41:50.521,300019,45002,149997584,1179.882639,,713.141,0x00,0x00,CURRENT,1,0,OK,0.3,0.3,45.0,149.997,,1179.872,,,1.0,13.0
2026-08-07 11:41:51.835,299977,44996,149997200,1179.878584,,714.455,0x00,0x00,CURRENT,1,0,OK,0.3,0.3,45.0,149.996,,1179.866,,,1.0,14.0
2026-08-07 11:41:52.650,299931,44989,149997008,1179.876557,,715.270,0x00,0x00,CURRENT,1,0,OK,0.3,0.3,45.0,149.996,,1179.866,,,1.0,14.0
2026-08-07 11:41:53.484,299893,44983,149996816,1179.874529,,716.104,0x00,0x00,CURRENT,1,0,OK,0.3,0.3,45.0,149.996,,1179.862,,,1.0,14.0
2026-08-07 11:41:54.372,299849,44976,149996464,1179.870812,,716.992,0x00,0x00,CURRENT,1,0,OK,0.3,0.3,45.0,149.996,,1179.862,,,1.0,14.0
2026-08-07 11:41:55.187,299804,44970,149996496,1179.871150,,717.807,0x00,0x00,CURRENT,1,0,OK,0.3,0.3,45.0,149.996,,1179.862,,,1.0,14.0
2026-08-07 11:41:56.021,299928,44988,149996304,1179.869123,,718.641,0x00,0x00,CURRENT,1,0,OK,0.3,0.299,45.0,149.998,,1179.882,,,1.0,13.0
2026-08-07 11:41:56.873,299883,44981,149995584,1179.861520,,719.493,0x00,0x00,CURRENT,1,0,OK,0.3,0.299,45.0,149.998,,1179.882,,,1.0,13.0
2026-08-07 11:41:57.707,300002,44999,149995568,1179.861351,,720.327,0x00,0x00,CURRENT,1,0,OK,0.3,0.3,45.0,150.001,,1179.915,,,1.0,13.0
2026-08-07 11:41:58.522,299944,44990,149995680,1179.862533,,721.141,0x00,0x00,CURRENT,1,0,OK,0.3,0.3,45.0,150.001,,1179.915,,,1.0,13.0
2026-08-07 11:41:59.434,299899,44983,149995216,1179.857634,,722.054,0x00,0x00,CURRENT,1,0,OK,0.3,0.3,45.0,149.996,,1179.867,,,1.0,14.0
2026-08-07 11:42:00.749,300021,45002,149995360,1179.859154,,723.368,0x00,0x00,CURRENT,1,0,OK,0.3,0.3,45.0,149.996,,1179.867,,,1.0,14.0
2026-08-07 11:42:01.583,299968,44994,149994896,1179.854255,,724.203,0x00,0x00,CURRENT,1,0,OK,0.3,0.3,45.0,149.995,,1179.851,,,1.0,14.0
2026-08-07 11:42:02.398,299917,44986,149995376,1179.859323,,725.018,0x00,0x00,CURRENT,1,0,OK,0.3,0.3,45.0,149.995,,1179.851,,,1.0,14.0
2026-08-07 11:42:03.213,300042,45005,149995872,1179.864561,,725.832,0x00,0x00,CURRENT,1,0,OK,0.3,0.3,45.0,149.995,,1179.851,,,1.0,14.0
2026-08-07 11:42:04.047,299992,44998,149995904,1179.864899,,726.666,0x00,0x00,CURRENT,1,0,OK,0.3,0.3,45.0,149.999,,1179.894,,,1.0,14.0
2026-08-07 11:42:04.872,299945,44990,149995792,1179.863716,,727.491,0x00,0x00,CURRENT,1,0,OK,0.3,0.3,45.0,149.999,,1179.894,,,1.0,14.0
2026-08-07 11:42:05.706,300073,45010,149996176,1179.867771,,728.325,0x00,0x00,CURRENT,1,0,OK,0.3,0.3,45.0,150.001,,1179.92,,,1.0,13.0
2026-08-07 11:42:06.521,300015,45001,149996528,1179.871488,,729.140,0x00,0x00,CURRENT,1,0,OK,0.3,0.3,45.0,150.001,,1179.92,,,1.0,13.0
2026-08-07 11:42:07.835,299966,44994,149996304,1179.869123,,730.454,0x00,0x00,CURRENT,1,0,OK,0.3,0.3,45.0,150.0,,1179.907,,,1.0,14.0
2026-08-07 11:42:08.650,300091,45012,149996240,1179.868447,,731.269,0x00,0x00,CURRENT,1,0,OK,0.3,0.3,45.0,150.0,,1179.907,,,1.0,14.0
2026-08-07 11:42:09.484,300038,45004,149996000,1179.865913,,732.103,0x00,0x00,CURRENT,1,0,OK,0.3,0.3,45.0,150.001,,1179.917,,,1.0,14.0
2026-08-07 11:42:10.372,299987,44997,149996448,1179.870643,,732.991,0x00,0x00,CURRENT,1,0,OK,0.3,0.3,45.0,150.001,,1179.917,,,1.0,14.0
2026-08-07 11:42:11.187,300104,45015,149996544,1179.871657,,733.806,0x00,0x00,CURRENT,1,0,OK,0.3,0.3,45.0,150.001,,1179.917,,,1.0,14.0
2026-08-07 11:42:12.021,300046,45006,149997184,1179.878415,,734.640,0x00,0x00,CURRENT,1,0,OK,0.3,0.3,45.0,150.003,,1179.94,,,1.0,14.0
2026-08-07 11:42:12.872,299989,44998,149997728,1179.884160,,735.492,0x00,0x00,CURRENT,1,0,OK,0.3,0.3,45.0,150.003,,1179.94,,,1.0,14.0
2026-08-07 11:42:13.706,300104,45015,149998096,1179.888046,,736.325,0x00,0x00,CURRENT,1,0,OK,0.3,0.3,45.0,150.001,,1179.922,,,1.0,13.0
2026-08-07 11:42:14.521,300041,45006,149998288,1179.890073,,737.140,0x00,0x00,CURRENT,1,0,OK,0.3,0.3,45.0,150.001,,1179.922,,,1.0,13.0
2026-08-07 11:42:15.835,299989,44998,149998352,1179.890749,,738.454,0x00,0x00,CURRENT,1,0,OK,0.3,0.3,45.0,150.004,,1179.947,,,1.0,13.0
2026-08-07 11:42:16.650,300101,45015,149998672,1179.894128,,739.269,0x00,0x00,CURRENT,1,0,OK,0.3,0.3,45.0,150.004,,1179.947,,,1.0,13.0
2026-08-07 11:42:17.484,300211,45031,149998544,1179.892776,,740.103,0x00,0x00,CURRENT,1,0,OK,0.3,0.3,45.0,149.998,,1179.888,,,1.0,14.0
2026-08-07 11:42:18.373,300147,45022,149998832,1179.895817,,740.992,0x00,0x00,CURRENT,1,0,OK,0.3,0.3,45.0,149.998,,1179.888,,,1.0,14.0
2026-08-07 11:42:19.188,300085,45012,149998688,1179.894297,,741.807,0x00,0x00,CURRENT,1,0,OK,0.3,0.3,45.0,149.998,,1179.888,,,1.0,14.0
2026-08-07 11:42:20.022,300021,45003,149998896,1179.896493,,742.641,0x00,0x00,CURRENT,1,0,OK,0.3,0.3,45.0,149.999,,1179.894,,,1.0,13.0
2026-08-07 11:42:20.872,299967,44995,149998864,1179.896155,,743.491,0x00,0x00,CURRENT,1,0,OK,0.3,0.3,45.0,149.999,,1179.894,,,1.0,13.0
2026-08-07 11:42:21.706,300073,45011,149999216,1179.899872,,744.325,0x00,0x00,CURRENT,1,0,OK,0.3,0.299,45.0,149.999,,1179.902,,,1.0,13.0
2026-08-07 11:42:22.521,300180,45027,149999264,1179.900379,,745.141,0x00,0x00,CURRENT,1,0,OK,0.3,0.299,45.0,149.999,,1179.902,,,1.0,13.0
2026-08-07 11:42:23.835,300116,45017,149999408,1179.901900,,746.454,0x00,0x00,CURRENT,1,0,OK,0.3,0.301,45.0,150.001,,1179.923,,,1.0,14.0
2026-08-07 11:42:24.650,300055,45008,149999184,1179.899535,,747.269,0x00,0x00,CURRENT,1,0,OK,0.3,0.301,45.0,150.001,,1179.923,,,1.0,14.0
2026-08-07 11:42:25.484,299994,44999,149998800,1179.895480,,748.103,0x00,0x00,CURRENT,1,0,OK,0.3,0.3,45.0,149.999,,1179.894,,,1.0,13.0
2026-08-07 11:42:26.372,300109,45016,149998384,1179.891087,,748.991,0x00,0x00,CURRENT,1,0,OK,0.3,0.3,45.0,149.999,,1179.894,,,1.0,13.0
2026-08-07 11:42:27.187,300052,45007,149998240,1179.889566,,749.806,0x00,0x00,CURRENT,1,0,OK,0.3,0.3,45.0,149.999,,1179.894,,,1.0,13.0
2026-08-07 11:42:28.021,300163,45024,149997904,1179.886018,,750.640,0x00,0x00,CURRENT,1,0,OK,0.3,0.3,45.0,149.999,,1179.899,,,1.0,13.0
2026-08-07 11:42:28.871,300101,45015,149998080,1179.887877,,751.490,0x00,0x00,CURRENT,1,0,OK,0.3,0.3,45.0,149.999,,1179.899,,,1.0,13.0
2026-08-07 11:42:29.705,300046,45006,149998400,1179.891256,,752.324,0x00,0x00,CURRENT,1,0,OK,0.3,0.3,45.0,150.002,,1179.93,,,1.0,14.0
2026-08-07 11:42:30.520,299994,44999,149998608,1179.893452,,753.139,0x00,0x00,CURRENT,1,0,OK,0.3,0.3,45.0,150.002,,1179.93,,,1.0,14.0
2026-08-07 11:42:31.834,299940,44991,149998688,1179.894297,,754.453,0x00,0x00,CURRENT,1,0,OK,0.3,0.3,45.0,149.999,,1179.901,,,1.0,13.0
2026-08-07 11:42:32.649,299887,44983,149998768,1179.895142,,755.268,0x00,0x00,CURRENT,1,0,OK,0.3,0.3,45.0,149.999,,1179.901,,,1.0,13.0
2026-08-07 11:42:33.483,300009,45001,149998704,1179.894466,,756.102,0x00,0x00,CURRENT,1,0,OK,0.3,0.3,45.0,150.001,,1179.923,,,1.0,13.0
2026-08-07 11:42:34.372,299959,44993,149998384,1179.891087,,756.991,0x00,0x00,CURRENT,1,0,OK,0.3,0.3,45.0,150.001,,1179.923,,,1.0,13.0
2026-08-07 11:42:35.187,299909,44986,149998288,1179.890073,,757.806,0x00,0x00,CURRENT,1,0,OK,0.3,0.3,45.0,150.001,,1179.923,,,1.0,13.0
2026-08-07 11:42:36.021,299863,44979,149998512,1179.892438,,758.640,0x00,0x00,CURRENT,1,0,OK,0.3,0.3,45.0,150.006,,1179.967,,,1.0,13.0
2026-08-07 11:42:36.872,299989,44998,149998944,1179.897000,,759.491,0x00,0x00,CURRENT,1,0,OK,0.3,0.3,45.0,150.006,,1179.967,,,1.0,13.0
2026-08-07 11:42:37.706,300107,45016,149998816,1179.895649,,760.325,0x00,0x00,CURRENT,1,0,OK,0.3,0.3,45.0,150.007,,1179.98,,,1.0,14.0
2026-08-07 11:42:38.521,300054,45008,149999472,1179.902576,,761.140,0x00,0x00,CURRENT,1,0,OK,0.3,0.3,45.0,150.007,,1179.98,,,1.0,14.0
2026-08-07 11:42:39.834,300005,45001,149999504,1179.902914,,762.454,0x00,0x00,CURRENT,1,0,OK,0.3,0.3,45.0,150.003,,1179.94,,,1.0,14.0
2026-08-07 11:42:40.650,299956,44993,149999328,1179.901055,,763.269,0x00,0x00,CURRENT,1,0,OK,0.3,0.3,45.0,150.003,,1179.94,,,1.0,14.0
2026-08-07 11:42:41.483,299916,44987,149999264,1179.900379,,764.103,0x00,0x00,CURRENT,1,0,OK,0.3,0.3,45.0,150.001,,1179.914,,,1.0,13.0
2026-08-07 11:42:42.372,300039,45005,149998384,1179.891087,,764.991,0x00,0x00,CURRENT,1,0,OK,0.3,0.3,45.0,150.001,,1179.914,,,1.0,13.0
2026-08-07 11:42:43.186,299993,44999,149998848,1179.895986,,765.806,0x00,0x00,CURRENT,1,0,OK,0.3,0.3,45.0,150.001,,1179.914,,,1.0,13.0
2026-08-07 11:42:44.020,299944,44991,149998720,1179.894635,,766.640,0x00,0x00,CURRENT,1,0,OK,0.3,0.3,45.0,150.002,,1179.925,,,1.0,13.0
2026-08-07 11:42:44.873,300067,45010,149998592,1179.893283,,767.492,0x00,0x00,CURRENT,1,0,OK,0.3,0.3,45.0,150.002,,1179.925,,,1.0,13.0
2026-08-07 11:42:45.706,300014,45002,149998560,1179.892945,,768.326,0x00,0x00,CURRENT,1,0,OK,0.3,0.3,45.0,150.007,,1179.982,,,1.0,14.0
2026-08-07 11:42:46.521,299969,44995,149998592,1179.893283,,769.141,0x00,0x00,CURRENT,1,0,OK,0.3,0.3,45.0,150.007,,1179.982,,,1.0,14.0
2026-08-07 11:42:47.835,299916,44987,149998992,1179.897507,,770.455,0x00,0x00,CURRENT,1,0,OK,0.3,0.3,45.0,150.005,,1179.962,,,1.0,13.0
2026-08-07 11:42:48.650,299873,44981,149998896,1179.896493,,771.270,0x00,0x00,CURRENT,1,0,OK,0.3,0.3,45.0,150.005,,1179.962,,,1.0,13.0
2026-08-07 11:42:49.485,299827,44974,149999280,1179.900548,,772.104,0x00,0x00,CURRENT,1,0,OK,0.3,0.3,45.0,150.003,,1179.945,,,1.0,13.0
2026-08-07 11:42:50.373,299957,44993,149999072,1179.898352,,772.992,0x00,0x00,CURRENT,1,0,OK,0.3,0.3,45.0,150.003,,1179.945,,,1.0,13.0
2026-08-07 11:42:51.187,299914,44987,149998800,1179.895480,,773.807,0x00,0x00,CURRENT,1,0,OK,0.3,0.3,45.0,150.003,,1179.945,,,1.0,13.0
2026-08-07 11:42:52.021,300031,45004,149999280,1179.900548,,774.641,0x00,0x00,CURRENT,1,0,OK,0.3,0.3,45.0,150.003,,1179.945,,,1.0,13.0
2026-08-07 11:42:52.872,299981,44997,149999504,1179.902914,,775.492,0x00,0x00,CURRENT,1,0,OK,0.3,0.3,45.0,150.003,,1179.945,,,1.0,13.0
2026-08-07 11:42:53.707,299938,44990,149999424,1179.902069,,776.326,0x00,0x00,CURRENT,1,0,OK,0.3,0.3,45.0,150.004,,1179.951,,,1.0,14.0
2026-08-07 11:42:54.521,299889,44983,149998944,1179.897000,,777.141,0x00,0x00,CURRENT,1,0,OK,0.3,0.3,45.0,150.004,,1179.951,,,1.0,14.0
2026-08-07 11:42:55.836,300016,45002,149999392,1179.901731,,778.455,0x00,0x00,CURRENT,1,0,OK,0.3,0.3,45.0,150.001,,1179.924,,,1.0,13.0
2026-08-07 11:42:56.650,300138,45021,149999536,1179.903252,,779.270,0x00,0x00,CURRENT,1,0,OK,0.3,0.3,45.0,150.001,,1179.924,,,1.0,13.0
2026-08-07 11:42:57.485,300078,45011,149999184,1179.899535,,780.104,0x00,0x00,CURRENT,1,0,OK,0.3,0.301,45.0,149.999,,1179.896,,,1.0,14.0
2026-08-07 11:42:58.372,300023,45003,149998336,1179.890580,,780.992,0x00,0x00,CURRENT,1,0,OK,0.3,0.301,45.0,149.999,,1179.896,,,1.0,14.0
2026-08-07 11:42:59.188,299971,44995,149998448,1179.891763,,781.807,0x00,0x00,CURRENT,1,0,OK,0.3,0.301,45.0,149.999,,1179.896,,,1.0,14.0
2026-08-07 11:43:00.021,299916,44987,149998512,1179.892438,,782.641,0x00,0x00,CURRENT,1,0,OK,0.3,0.3,45.0,149.999,,1179.898,,,1.0,13.0
2026-08-07 11:43:00.872,299873,44981,149998912,1179.896662,,783.492,0x00,0x00,CURRENT,1,0,OK,0.3,0.3,45.0,149.999,,1179.898,,,1.0,13.0
2026-08-07 11:43:01.706,300003,45000,149999248,1179.900210,,784.326,0x00,0x00,CURRENT,1,0,OK,0.3,0.299,45.0,149.996,,1179.866,,,1.0,13.0
2026-08-07 11:43:02.521,300122,45018,149999088,1179.898521,,785.141,0x00,0x00,CURRENT,1,0,OK,0.3,0.299,45.0,149.996,,1179.866,,,1.0,13.0
2026-08-07 11:43:03.835,300068,45010,149998320,1179.890411,,786.455,0x00,0x00,CURRENT,1,0,OK,0.3,0.301,45.0,149.998,,1179.89,,,1.0,14.0
2026-08-07 11:43:04.650,300009,45001,149998368,1179.890918,,787.270,0x00,0x00,CURRENT,1,0,OK,0.3,0.301,45.0,149.998,,1179.89,,,1.0,14.0
2026-08-07 11:43:05.484,299961,44994,149998368,1179.890918,,788.104,0x00,0x00,CURRENT,1,0,OK,0.3,0.3,45.0,150.003,,1179.94,,,1.0,13.0
2026-08-07 11:43:06.372,300076,45011,149998192,1179.889059,,788.992,0x00,0x00,CURRENT,1,0,OK,0.3,0.3,45.0,150.003,,1179.94,,,1.0,13.0
2026-08-07 11:43:07.187,300187,45027,149998288,1179.890073,,789.807,0x00,0x00,CURRENT,1,0,OK,0.3,0.3,45.0,150.003,,1179.94,,,1.0,13.0
2026-08-07 11:43:08.021,300121,45018,149998096,1179.888046,,790.641,0x00,0x00,CURRENT,1,0,OK,0.3,0.301,45.0,150.004,,1179.945,,,1.0,14.0
2026-08-07 11:43:08.872,300068,45010,149998048,1179.887539,,791.492,0x00,0x00,CURRENT,1,0,OK,0.3,0.301,45.0,150.004,,1179.945,,,1.0,14.0
2026-08-07 11:43:09.706,300017,45002,149998176,1179.888890,,792.326,0x00,0x00,CURRENT,1,0,OK,0.3,0.3,45.0,150.006,,1179.976,,,1.0,13.0
2026-08-07 11:43:10.521,299964,44994,149998160,1179.888721,,793.141,0x00,0x00,CURRENT,1,0,OK,0.3,0.3,45.0,150.006,,1179.976,,,1.0,13.0
2026-08-07 11:43:11.835,299920,44987,149998192,1179.889059,,794.455,0x00,0x00,CURRENT,1,0,OK,0.3,0.3,45.0,150.008,,1179.989,,,1.0,13.0
2026-08-07 11:43:12.650,299884,44982,149998144,1179.888552,,795.270,0x00,0x00,CURRENT,1,0,OK,0.3,0.3,45.0,150.008,,1179.989,,,1.0,13.0
2026-08-07 11:43:13.484,300014,45002,149998848,1179.895986,,796.104,0x00,0x00,CURRENT,1,0,OK,0.3,0.3,45.0,150.003,,1179.938,,,1.0,13.0
2026-08-07 11:43:14.371,299965,44994,149998752,1179.894973,,796.990,0x00,0x00,CURRENT,1,0,OK,0.3,0.3,45.0,150.003,,1179.938,,,1.0,13.0
2026-08-07 11:43:15.186,299920,44988,149999008,1179.897676,,797.806,0x00,0x00,CURRENT,1,0,OK,0.3,0.3,45.0,150.003,,1179.938,,,1.0,13.0
2026-08-07 11:43:16.020,299876,44981,149999264,1179.900379,,798.639,0x00,0x00,CURRENT,1,0,OK,0.3,0.3,45.0,149.996,,1179.869,,,1.0,13.0
2026-08-07 11:43:16.872,300004,45000,149999024,1179.897845,,799.491,0x00,0x00,CURRENT,1,0,OK,0.3,0.3,45.0,149.996,,1179.869,,,1.0,13.0
2026-08-07 11:43:17.706,300125,45019,149999536,1179.903252,,800.326,0x00,0x00,CURRENT,1,0,OK,0.3,0.3,45.0,150.001,,1179.921,,,1.0,14.0
2026-08-07 11:43:18.521,300069,45010,149999536,1179.903252,,801.141,0x00,0x00,CURRENT,1,0,OK,0.3,0.3,45.0,150.001,,1179.921,,,1.0,14.0
2026-08-07 11:43:19.835,300014,45002,149999120,1179.898859,,802.454,0x00,0x00,CURRENT,1,0,OK,0.3,0.3,45.0,150.002,,1179.925,,,1.0,14.0
2026-08-07 11:43:20.650,299967,44995,149999344,1179.901224,,803.270,0x00,0x00,CURRENT,1,0,OK,0.3,0.3,45.0,150.002,,1179.925,,,1.0,14.0
2026-08-07 11:43:21.484,299919,44988,149999504,1179.902914,,804.104,0x00,0x00,CURRENT,1,0,OK,0.3,0.3,45.0,150.002,,1179.928,,,1.0,13.0
2026-08-07 11:43:22.372,300048,45007,149999008,1179.897676,,804.991,0x00,0x00,CURRENT,1,0,OK,0.3,0.3,45.0,150.002,,1179.928,,,1.0,13.0
2026-08-07 11:43:23.187,300168,45025,149998944,1179.897000,,805.807,0x00,0x00,CURRENT,1,0,OK,0.3,0.3,45.0,150.002,,1179.928,,,1.0,13.0
2026-08-07 11:43:24.021,300114,45017,149999472,1179.902576,,806.641,0x00,0x00,CURRENT,1,0,OK,0.3,0.301,45.0,150.0,,1179.912,,,1.0,14.0
2026-08-07 11:43:24.872,300060,45009,149999904,1179.907137,,807.491,0x00,0x00,CURRENT,1,0,OK,0.3,0.301,45.0,150.0,,1179.912,,,1.0,14.0
2026-08-07 11:43:25.706,300015,45002,149999712,1179.905110,,808.325,0x00,0x00,CURRENT,1,0,OK,0.3,0.3,45.0,149.999,,1179.893,,,1.0,14.0
2026-08-07 11:43:26.521,299976,44996,149999344,1179.901224,,809.141,0x00,0x00,CURRENT,1,0,OK,0.3,0.3,45.0,149.999,,1179.893,,,1.0,14.0
2026-08-07 11:43:27.835,300098,45015,149999408,1179.901900,,810.455,0x00,0x00,CURRENT,1,0,OK,0.3,0.3,45.0,150.002,,1179.934,,,1.0,13.0
2026-08-07 11:43:28.650,300041,45006,149999184,1179.899535,,811.270,0x00,0x00,CURRENT,1,0,OK,0.3,0.3,45.0,150.002,,1179.934,,,1.0,13.0
2026-08-07 11:43:29.484,300161,45024,149999152,1179.899197,,812.104,0x00,0x00,CURRENT,1,0,OK,0.3,0.3,45.0,150.0,,1179.904,,,1.0,13.0
2026-08-07 11:43:30.372,300100,45015,149999040,1179.898014,,812.992,0x00,0x00,CURRENT,1,0,OK,0.3,0.3,45.0,150.0,,1179.904,,,1.0,13.0
2026-08-07 11:43:31.187,300039,45005,149998576,1179.893114,,813.807,0x00,0x00,CURRENT,1,0,OK,0.3,0.3,45.0,150.0,,1179.904,,,1.0,13.0
2026-08-07 11:43:32.021,299996,44999,149998368,1179.890918,,814.641,0x00,0x00,CURRENT,1,0,OK,0.3,0.3,45.0,150.001,,1179.917,,,1.0,13.0
2026-08-07 11:43:32.872,300114,45017,149998320,1179.890411,,815.491,0x00,0x00,CURRENT,1,0,OK,0.3,0.3,45.0,150.001,,1179.917,,,1.0,13.0
2026-08-07 11:43:33.706,300062,45009,149998560,1179.892945,,816.325,0x00,0x00,CURRENT,1,0,OK,0.3,0.3,45.0,149.996,,1179.868,,,1.0,14.0
2026-08-07 11:43:34.521,300012,45001,149998864,1179.896155,,817.141,0x00,0x00,CURRENT,1,0,OK,0.3,0.3,45.0,149.996,,1179.868,,,1.0,14.0
2026-08-07 11:43:35.835,299969,44995,149998624,1179.893621,,818.454,0x00,0x00,CURRENT,1,0,OK,0.3,0.3,45.0,149.996,,1179.87,,,1.0,13.0
2026-08-07 11:43:36.650,299917,44987,149999504,1179.902914,,819.269,0x00,0x00,CURRENT,1,0,OK,0.3,0.3,45.0,149.996,,1179.87,,,1.0,13.0
2026-08-07 11:43:37.484,299872,44981,149999456,1179.902407,,820.104,0x00,0x00,CURRENT,1,0,OK,0.3,0.3,45.0,149.998,,1179.882,,,1.0,13.0
2026-08-07 11:43:38.372,299997,44999,149999168,1179.899366,,820.991,0x00,0x00,CURRENT,1,0,OK,0.3,0.3,45.0,149.998,,1179.882,,,1.0,13.0
2026-08-07 11:43:39.187,299948,44992,149998640,1179.893790,,821.806,0x00,0x00,CURRENT,1,0,OK,0.3,0.3,45.0,149.998,,1179.882,,,1.0,13.0
2026-08-07 11:43:40.021,299907,44986,149998384,1179.891087,,822.640,0x00,0x00,CURRENT,1,0,OK,0.3,0.3,45.0,149.999,,1179.893,,,1.0,14.0
2026-08-07 11:43:40.872,300031,45004,149998368,1179.890918,,823.491,0x00,0x00,CURRENT,1,0,OK,0.3,0.3,45.0,149.999,,1179.893,,,1.0,14.0
2026-08-07 11:43:41.706,299979,44996,149998512,1179.892438,,824.325,0x00,0x00,CURRENT,1,0,OK,0.3,0.3,45.0,149.999,,1179.893,,,1.0,14.0
2026-08-07 11:43:42.521,299934,44990,149998304,1179.890242,,825.140,0x00,0x00,CURRENT,1,0,OK,0.3,0.3,45.0,149.999,,1179.893,,,1.0,14.0
2026-08-07 11:43:43.835,299896,44984,149997584,1179.882639,,826.454,0x00,0x00,CURRENT,1,0,OK,0.3,0.3,45.0,149.996,,1179.862,,,1.0,13.0
2026-08-07 11:43:44.650,300026,45003,149997216,1179.878753,,827.269,0x00,0x00,CURRENT,1,0,OK,0.3,0.3,45.0,149.996,,1179.862,,,1.0,13.0
2026-08-07 11:43:45.484,300143,45021,149997328,1179.879936,,828.103,0x00,0x00,CURRENT,1,0,OK,0.3,0.3,45.0,149.996,,1179.862,,,1.0,14.0
2026-08-07 11:43:46.372,300087,45012,149997024,1179.876726,,828.991,0x00,0x00,CURRENT,1,0,OK,0.3,0.3,45.0,149.996,,1179.862,,,1.0,14.0
2026-08-07 11:43:47.187,300027,45003,149997088,1179.877401,,829.806,0x00,0x00,CURRENT,1,0,OK,0.3,0.3,45.0,149.996,,1179.862,,,1.0,14.0
2026-08-07 11:43:48.021,299974,44995,149997264,1179.879260,,830.640,0x00,0x00,CURRENT,1,0,OK,0.3,0.3,45.0,149.993,,1179.835,,,1.0,14.0
2026-08-07 11:43:48.872,299931,44989,149996960,1179.876050,,831.491,0x00,0x00,CURRENT,1,0,OK,0.3,0.3,45.0,149.993,,1179.835,,,1.0,14.0
2026-08-07 11:43:49.706,299894,44983,149996864,1179.875036,,832.325,0x00,0x00,CURRENT,1,0,OK,0.3,0.3,45.0,149.996,,1179.867,,,1.0,13.0
2026-08-07 11:43:50.521,299857,44978,149997200,1179.878584,,833.140,0x00,0x00,CURRENT,1,0,OK,0.3,0.3,45.0,149.996,,1179.867,,,1.0,13.0
2026-08-07 11:43:51.835,299988,44997,149997808,1179.885004,,834.454,0x00,0x00,CURRENT,1,0,OK,0.3,0.299,45.0,150.0,,1179.907,,,1.0,13.0
2026-08-07 11:43:52.650,299931,44989,149998192,1179.889059,,835.269,0x00,0x00,CURRENT,1,0,OK,0.3,0.299,45.0,150.0,,1179.907,,,1.0,13.0
2026-08-07 11:43:53.484,299894,44984,149998368,1179.890918,,836.103,0x00,0x00,CURRENT,1,0,OK,0.3,0.3,45.0,149.997,,1179.878,,,1.0,14.0
2026-08-07 11:43:54.372,299857,44978,149998832,1179.895817,,836.991,0x00,0x00,CURRENT,1,0,OK,0.3,0.3,45.0,149.997,,1179.878,,,1.0,14.0
2026-08-07 11:43:55.187,299821,44973,149998944,1179.897000,,837.806,0x00,0x00,CURRENT,1,0,OK,0.3,0.3,45.0,149.997,,1179.878,,,1.0,14.0
2026-08-07 11:43:56.021,299789,44968,149998656,1179.893959,,838.640,0x00,0x00,CURRENT,1,0,OK,0.3,0.3,45.0,150.0,,1179.904,,,1.0,13.0
2026-08-07 11:43:56.872,299930,44989,149998464,1179.891932,,839.491,0x00,0x00,CURRENT,1,0,OK,0.3,0.3,45.0,150.0,,1179.904,,,1.0,13.0
2026-08-07 11:43:57.706,299894,44984,149998224,1179.889397,,840.325,0x00,0x00,CURRENT,1,0,OK,0.3,0.3,45.0,150.002,,1179.926,,,1.0,14.0
2026-08-07 11:43:58.521,299863,44979,149998112,1179.888215,,841.140,0x00,0x00,CURRENT,1,0,OK,0.3,0.3,45.0,150.002,,1179.926,,,1.0,14.0
2026-08-07 11:43:59.835,299828,44974,149998064,1179.887708,,842.454,0x00,0x00,CURRENT,1,0,OK,0.3,0.3,45.0,149.997,,1179.876,,,1.0,13.0
2026-08-07 11:44:00.650,299790,44968,149998480,1179.892100,,843.269,0x00,0x00,CURRENT,1,0,OK,0.3,0.3,45.0,149.997,,1179.876,,,1.0,13.0
2026-08-07 11:44:01.484,299754,44963,149998736,1179.894804,,844.103,0x00,0x00,CURRENT,1,0,OK,0.3,0.3,45.0,149.996,,1179.866,,,1.0,13.0
2026-08-07 11:44:02.372,299727,44959,149998192,1179.889059,,844.991,0x00,0x00,CURRENT,1,0,OK,0.3,0.3,45.0,149.996,,1179.866,,,1.0,13.0
2026-08-07 11:44:03.187,299869,44980,149997952,1179.886525,,845.806,0x00,0x00,CURRENT,1,0,OK,0.3,0.3,45.0,149.996,,1179.866,,,1.0,13.0
2026-08-07 11:44:04.021,299997,44999,149998064,1179.887708,,846.640,0x00,0x00,CURRENT,1,0,OK,0.3,0.3,45.0,149.998,,1179.885,,,1.0,14.0
2026-08-07 11:44:04.873,299956,44993,149997664,1179.883484,,847.492,0x00,0x00,CURRENT,1,0,OK,0.3,0.3,45.0,149.998,,1179.885,,,1.0,14.0
2026-08-07 11:44:05.707,299916,44987,149997280,1179.879429,,848.326,0x00,0x00,CURRENT,1,0,OK,0.3,0.3,45.0,149.997,,1179.877,,,1.0,14.0
2026-08-07 11:44:06.521,299872,44980,149997296,1179.879598,,849.141,0x00,0x00,CURRENT,1,0,OK,0.3,0.3,45.0,149.997,,1179.877,,,1.0,14.0
2026-08-07 11:44:07.836,299827,44973,149997440,1179.881118,,850.455,0x00,0x00,CURRENT,1,0,OK,0.3,0.3,45.0,149.996,,1179.861,,,1.0,13.0
2026-08-07 11:44:08.650,299788,44967,149997376,1179.880443,,851.270,0x00,0x00,CURRENT,1,0,OK,0.3,0.3,45.0,149.996,,1179.861,,,1.0,13.0
2026-08-07 11:44:09.485,299917,44987,149997104,1179.877570,,852.104,0x00,0x00,CURRENT,1,0,OK,0.3,0.299,45.0,149.998,,1179.882,,,1.0,13.0
2026-08-07 11:44:10.373,300039,45005,149997104,1179.877570,,852.992,0x00,0x00,CURRENT,1,0,OK,0.3,0.299,45.0,149.998,,1179.882,,,1.0,13.0
2026-08-07 11:44:11.188,299991,44998,149997056,1179.877064,,853.807,0x00,0x00,CURRENT,1,0,OK,0.3,0.299,45.0,149.998,,1179.882,,,1.0,13.0
2026-08-07 11:44:12.021,299947,44991,149997536,1179.882132,,854.641,0x00,0x00,CURRENT,1,0,OK,0.3,0.3,45.0,149.996,,1179.865,,,1.0,14.0
2026-08-07 11:44:12.873,299900,44984,149997408,1179.880781,,855.492,0x00,0x00,CURRENT,1,0,OK,0.3,0.3,45.0,149.996,,1179.865,,,1.0,14.0
2026-08-07 11:44:13.707,299851,44977,149997264,1179.879260,,856.326,0x00,0x00,CURRENT,1,0,OK,0.3,0.3,45.0,149.997,,1179.88,,,1.0,13.0
2026-08-07 11:44:14.522,299806,44970,149997408,1179.880781,,857.141,0x00,0x00,CURRENT,1,0,OK,0.3,0.3,45.0,149.997,,1179.88,,,1.0,13.0
2026-08-07 11:44:15.835,299937,44990,149997728,1179.884160,,858.455,0x00,0x00,CURRENT,1,0,OK,0.3,0.299,45.0,149.994,,1179.847,,,1.0,13.0
2026-08-07 11:44:16.650,299889,44983,149998256,1179.889735,,859.270,0x00,0x00,CURRENT,1,0,OK,0.3,0.299,45.0,149.994,,1179.847,,,1.0,13.0
2026-08-07 11:44:17.485,299842,44976,149998544,1179.892776,,860.104,0x00,0x00,CURRENT,1,0,OK,0.3,0.3,45.0,149.999,,1179.899,,,1.0,14.0
2026-08-07 11:44:18.372,299797,44969,149998208,1179.889228,,860.991,0x00,0x00,CURRENT,1,0,OK,0.3,0.3,45.0,149.999,,1179.899,,,1.0,14.0
2026-08-07 11:44:19.187,299757,44963,149998336,1179.890580,,861.806,0x00,0x00,CURRENT,1,0,OK,0.3,0.3,45.0,149.999,,1179.899,,,1.0,14.0
2026-08-07 11:44:20.020,299886,44982,149998112,1179.888215,,862.640,0x00,0x00,CURRENT,1,0,OK,0.3,0.3,45.0,150.0,,1179.909,,,1.0,13.0
2026-08-07 11:44:20.872,299848,44976,149997280,1179.879429,,863.492,0x00,0x00,CURRENT,1,0,OK,0.3,0.3,45.0,150.0,,1179.909,,,1.0,13.0
2026-08-07 11:44:21.706,299812,44971,149997664,1179.883484,,864.326,0x00,0x00,CURRENT,1,0,OK,0.3,0.3,45.0,149.996,,1179.862,,,1.0,13.0
2026-08-07 11:44:22.522,299946,44991,149997936,1179.886356,,865.141,0x00,0x00,CURRENT,1,0,OK,0.3,0.3,45.0,149.996,,1179.862,,,1.0,13.0
2026-08-07 11:44:23.835,299904,44985,149997840,1179.885342,,866.455,0x00,0x00,CURRENT,1,0,OK,0.3,0.3,45.0,149.995,,1179.856,,,1.0,14.0
2026-08-07 11:44:24.650,299864,44979,149998224,1179.889397,,867.270,0x00,0x00,CURRENT,1,0,OK,0.3,0.3,45.0,149.995,,1179.856,,,1.0,14.0
2026-08-07 11:44:25.485,299993,44998,149998400,1179.891256,,868.104,0x00,0x00,CURRENT,1,0,OK,0.3,0.3,45.0,149.997,,1179.874,,,1.0,13.0
2026-08-07 11:44:26.371,299945,44991,149998288,1179.890073,,868.991,0x00,0x00,CURRENT,1,0,OK,0.3,0.3,45.0,149.997,,1179.874,,,1.0,13.0
2026-08-07 11:44:27.186,299896,44984,149997952,1179.886525,,869.806,0x00,0x00,CURRENT,1,0,OK,0.3,0.3,45.0,149.997,,1179.874,,,1.0,13.0
2026-08-07 11:44:28.020,300022,45003,149997952,1179.886525,,870.640,0x00,0x00,CURRENT,1,0,OK,0.3,0.3,45.0,149.997,,1179.881,,,1.0,13.0
2026-08-07 11:44:28.871,299973,44995,149998176,1179.888890,,871.491,0x00,0x00,CURRENT,1,0,OK,0.3,0.3,45.0,149.997,,1179.881,,,1.0,13.0
2026-08-07 11:44:29.705,299928,44989,149998192,1179.889059,,872.325,0x00,0x00,CURRENT,1,0,OK,0.3,0.3,45.0,150.0,,1179.91,,,1.0,14.0
2026-08-07 11:44:30.520,299879,44981,149997952,1179.886525,,873.140,0x00,0x00,CURRENT,1,0,OK,0.3,0.3,45.0,150.0,,1179.91,,,1.0,14.0
2026-08-07 11:44:31.834,299844,44976,149997312,1179.879767,,874.454,0x00,0x00,CURRENT,1,0,OK,0.3,0.3,45.0,150.0,,1179.912,,,1.0,13.0
2026-08-07 11:44:32.649,299804,44970,149997168,1179.878246,,875.269,0x00,0x00,CURRENT,1,0,OK,0.3,0.3,45.0,150.0,,1179.912,,,1.0,13.0
2026-08-07 11:44:33.483,299933,44989,149998096,1179.888046,,876.103,0x00,0x00,CURRENT,1,0,OK,0.3,0.3,45.0,149.998,,1179.89,,,1.0,13.0
2026-08-07 11:44:34.373,299889,44983,149997456,1179.881287,,876.993,0x00,0x00,CURRENT,1,0,OK,0.3,0.3,45.0,149.998,,1179.89,,,1.0,13.0
2026-08-07 11:44:35.188,299854,44977,149997392,1179.880612,,877.808,0x00,0x00,CURRENT,1,0,OK,0.3,0.3,45.0,149.998,,1179.89,,,1.0,13.0
2026-08-07 11:44:36.022,299817,44972,149997360,1179.880274,,878.642,0x00,0x00,CURRENT,1,0,OK,0.3,0.3,45.0,149.998,,1179.885,,,1.0,13.0
2026-08-07 11:44:36.872,299950,44992,149998160,1179.888721,,879.491,0x00,0x00,CURRENT,1,0,OK,0.3,0.3,45.0,149.998,,1179.885,,,1.0,13.0
2026-08-07 11:44:37.706,299903,44985,149998064,1179.887708,,880.326,0x00,0x00,CURRENT,1,0,OK,0.3,0.3,45.0,150.0,,1179.912,,,1.0,14.0
2026-08-07 11:44:38.521,299856,44978,149998480,1179.892100,,881.141,0x00,0x00,CURRENT,1,0,OK,0.3,0.3,45.0,150.0,,1179.912,,,1.0,14.0
2026-08-07 11:44:39.835,299815,44972,149998576,1179.893114,,882.455,0x00,0x00,CURRENT,1,0,OK,0.3,0.3,45.0,150.001,,1179.919,,,1.0,13.0
2026-08-07 11:44:40.650,299775,44966,149998848,1179.895986,,883.270,0x00,0x00,CURRENT,1,0,OK,0.3,0.3,45.0,150.001,,1179.919,,,1.0,13.0
2026-08-07 11:44:41.484,299744,44961,149998704,1179.894466,,884.104,0x00,0x00,CURRENT,1,0,OK,0.3,0.3,45.0,150.005,,1179.965,,,1.0,13.0
2026-08-07 11:44:42.373,299878,44981,149998896,1179.896493,,884.993,0x00,0x00,CURRENT,1,0,OK,0.3,0.3,45.0,150.005,,1179.965,,,1.0,13.0
2026-08-07 11:44:43.188,299830,44974,149999360,1179.901393,,885.808,0x00,0x00,CURRENT,1,0,OK,0.3,0.3,45.0,150.005,,1179.965,,,1.0,13.0
2026-08-07 11:44:44.022,299790,44968,149999072,1179.898352,,886.642,0x00,0x00,CURRENT,1,0,OK,0.3,0.3,45.0,150.001,,1179.92,,,1.0,13.0
2026-08-07 11:44:44.872,299925,44988,149998864,1179.896155,,887.492,0x00,0x00,CURRENT,1,0,OK,0.3,0.3,45.0,150.001,,1179.92,,,1.0,13.0
2026-08-07 11:44:45.706,299884,44982,149999024,1179.897845,,888.326,0x00,0x00,CURRENT,1,0,OK,0.3,0.3,45.0,150.0,,1179.91,,,1.0,14.0
2026-08-07 11:44:46.521,299842,44976,149998848,1179.895986,,889.141,0x00,0x00,CURRENT,1,0,OK,0.3,0.3,45.0,150.0,,1179.91,,,1.0,14.0
2026-08-07 11:44:47.835,299965,44994,149998624,1179.893621,,890.454,0x00,0x00,CURRENT,1,0,OK,0.3,0.3,45.0,150.002,,1179.934,,,1.0,13.0
2026-08-07 11:44:48.650,299918,44987,149999264,1179.900379,,891.270,0x00,0x00,CURRENT,1,0,OK,0.3,0.3,45.0,150.002,,1179.934,,,1.0,13.0
2026-08-07 11:44:49.484,299882,44982,149999280,1179.900548,,892.104,0x00,0x00,CURRENT,1,0,OK,0.3,0.3,45.0,150.005,,1179.956,,,1.0,14.0
2026-08-07 11:44:50.373,300011,45001,149999024,1179.897845,,892.993,0x00,0x00,CURRENT,1,0,OK,0.3,0.3,45.0,150.005,,1179.956,,,1.0,14.0
2026-08-07 11:44:51.188,299958,44993,149998608,1179.893452,,893.808,0x00,0x00,CURRENT,1,0,OK,0.3,0.3,45.0,150.005,,1179.956,,,1.0,14.0
2026-08-07 11:44:52.022,299907,44986,149998624,1179.893621,,894.641,0x00,0x00,CURRENT,1,0,OK,0.3,0.3,45.0,149.997,,1179.875,,,1.0,14.0
2026-08-07 11:44:52.872,299858,44978,149998672,1179.894128,,895.492,0x00,0x00,CURRENT,1,0,OK,0.3,0.3,45.0,149.997,,1179.875,,,1.0,14.0
2026-08-07 11:44:53.706,299985,44997,149998272,1179.889904,,896.326,0x00,0x00,CURRENT,1,0,OK,0.3,0.3,45.0,149.998,,1179.884,,,1.0,13.0
2026-08-07 11:44:54.521,300102,45015,149998240,1179.889566,,897.141,0x00,0x00,CURRENT,1,0,OK,0.3,0.3,45.0,149.998,,1179.884,,,1.0,13.0
2026-08-07 11:44:55.835,300050,45007,149997904,1179.886018,,898.455,0x00,0x00,CURRENT,1,0,OK,0.3,0.301,45.0,150.0,,1179.912,,,1.0,14.0
2026-08-07 11:44:56.650,300003,45000,149997936,1179.886356,,899.269,0x00,0x00,CURRENT,1,0,OK,0.3,0.301,45.0,150.0,,1179.912,,,1.0,14.0
2026-08-07 11:44:57.484,299954,44993,149998464,1179.891932,,900.104,0x00,0x00,CURRENT,1,0,OK,0.3,0.3,45.0,149.999,,1179.901,,,1.0,13.0
2026-08-07 11:44:58.372,299909,44986,149998208,1179.889228,,900.992,0x00,0x00,CURRENT,1,0,OK,0.3,0.3,45.0,149.999,,1179.901,,,1.0,13.0
2026-08-07 11:44:59.187,300031,45004,149998720,1179.894635,,901.807,0x00,0x00,CURRENT,1,0,OK,0.3,0.3,45.0,149.999,,1179.901,,,1.0,13.0
2026-08-07 11:45:00.021,300148,45022,149998608,1179.893452,,902.641,0x00,0x00,CURRENT,1,0,OK,0.3,0.3,45.0,150.0,,1179.904,,,1.0,14.0
2026-08-07 11:45:00.872,300079,45012,149999104,1179.898690,,903.491,0x00,0x00,CURRENT,1,0,OK,0.3,0.3,45.0,150.0,,1179.904,,,1.0,14.0
2026-08-07 11:45:01.706,300025,45003,149999008,1179.897676,,904.325,0x00,0x00,CURRENT,1,0,OK,0.3,0.3,45.0,150.002,,1179.926,,,1.0,14.0
2026-08-07 11:45:02.521,299977,44996,149998768,1179.895142,,905.141,0x00,0x00,CURRENT,1,0,OK,0.3,0.3,45.0,150.002,,1179.926,,,1.0,14.0
2026-08-07 11:45:03.835,299930,44989,149998816,1179.895649,,906.455,0x00,0x00,CURRENT,1,0,OK,0.3,0.3,45.0,150.002,,1179.933,,,1.0,13.0
2026-08-07 11:45:04.650,300062,45009,149998448,1179.891763,,907.269,0x00,0x00,CURRENT,1,0,OK,0.3,0.3,45.0,150.002,,1179.933,,,1.0,13.0
2026-08-07 11:45:05.484,300186,45027,149998192,1179.889059,,908.103,0x00,0x00,CURRENT,1,0,OK,0.3,0.3,45.0,150.002,,1179.927,,,1.0,14.0
2026-08-07 11:45:06.372,300127,45018,149998208,1179.889228,,908.992,0x00,0x00,CURRENT,1,0,OK,0.3,0.3,45.0,150.002,,1179.927,,,1.0,14.0
2026-08-07 11:45:07.187,300067,45010,149998496,1179.892269,,909.806,0x00,0x00,CURRENT,1,0,OK,0.3,0.3,45.0,150.002,,1179.927,,,1.0,14.0
2026-08-07 11:45:08.021,300023,45003,149999088,1179.898521,,910.640,0x00,0x00,CURRENT,1,0,OK,0.3,0.3,45.0,150.002,,1179.927,,,1.0,13.0
2026-08-07 11:45:08.873,299975,44996,149999184,1179.899535,,911.492,0x00,0x00,CURRENT,1,0,OK,0.3,0.3,45.0,150.002,,1179.927,,,1.0,13.0
2026-08-07 11:45:09.707,299927,44989,149999008,1179.897676,,912.327,0x00,0x00,CURRENT,1,0,OK,0.3,0.3,45.0,150.0,,1179.904,,,1.0,13.0
2026-08-07 11:45:10.522,300057,45008,149998720,1179.894635,,913.141,0x00,0x00,CURRENT,1,0,OK,0.3,0.3,45.0,150.0,,1179.904,,,1.0,13.0
2026-08-07 11:45:11.836,300004,45000,149999136,1179.899028,,914.455,0x00,0x00,CURRENT,1,0,OK,0.3,0.3,45.0,150.002,,1179.934,,,1.0,14.0
2026-08-07 11:45:12.651,300124,45018,149998640,1179.893790,,915.270,0x00,0x00,CURRENT,1,0,OK,0.3,0.3,45.0,150.002,,1179.934,,,1.0,14.0
2026-08-07 11:45:13.485,300069,45010,149998992,1179.897507,,916.104,0x00,0x00,CURRENT,1,0,OK,0.3,0.3,45.0,149.999,,1179.894,,,1.0,14.0
2026-08-07 11:45:14.372,300028,45004,149998144,1179.888552,,916.991,0x00,0x00,CURRENT,1,0,OK,0.3,0.3,45.0,149.999,,1179.894,,,1.0,14.0
2026-08-07 11:45:15.187,300145,45021,149997936,1179.886356,,917.806,0x00,0x00,CURRENT,1,0,OK,0.3,0.3,45.0,149.999,,1179.894,,,1.0,14.0
2026-08-07 11:45:16.021,300098,45014,149998096,1179.888046,,918.640,0x00,0x00,CURRENT,1,0,OK,0.3,0.3,45.0,149.997,,1179.882,,,1.0,14.0
2026-08-07 11:45:16.872,300045,45006,149997808,1179.885004,,919.491,0x00,0x00,CURRENT,1,0,OK,0.3,0.3,45.0,149.997,,1179.882,,,1.0,14.0
2026-08-07 11:45:17.706,299993,44998,149997968,1179.886694,,920.325,0x00,0x00,CURRENT,1,0,OK,0.3,0.3,45.0,150.0,,1179.906,,,1.0,13.0
2026-08-07 11:45:18.521,299951,44992,149998224,1179.889397,,921.140,0x00,0x00,CURRENT,1,0,OK,0.3,0.3,45.0,150.0,,1179.906,,,1.0,13.0
2026-08-07 11:45:19.835,300074,45011,149998512,1179.892438,,922.454,0x00,0x00,CURRENT,1,0,OK,0.3,0.3,45.0,149.996,,1179.867,,,1.0,13.0
2026-08-07 11:45:20.650,300018,45002,149998608,1179.893452,,923.269,0x00,0x00,CURRENT,1,0,OK,0.3,0.3,45.0,149.996,,1179.867,,,1.0,13.0
2026-08-07 11:45:21.484,299974,44996,149998880,1179.896324,,924.103,0x00,0x00,CURRENT,1,0,OK,0.3,0.3,45.0,149.999,,1179.895,,,1.0,14.0
2026-08-07 11:45:22.372,299929,44989,149998848,1179.895986,,924.991,0x00,0x00,CURRENT,1,0,OK,0.3,0.3,45.0,149.999,,1179.895,,,1.0,14.0
2026-08-07 11:45:23.187,299878,44981,149999104,1179.898690,,925.806,0x00,0x00,CURRENT,1,0,OK,0.3,0.3,45.0,149.999,,1179.895,,,1.0,14.0
2026-08-07 11:45:24.021,299836,44975,149998576,1179.893114,,926.640,0x00,0x00,CURRENT,1,0,OK,0.3,0.3,45.0,150.0,,1179.911,,,1.0,13.0
2026-08-07 11:45:24.871,299960,44994,149998544,1179.892776,,927.491,0x00,0x00,CURRENT,1,0,OK,0.3,0.3,45.0,150.0,,1179.911,,,1.0,13.0
2026-08-07 11:45:25.706,300084,45012,149998624,1179.893621,,928.325,0x00,0x00,CURRENT,1,0,OK,0.3,0.3,45.0,150.001,,1179.921,,,1.0,14.0
2026-08-07 11:45:26.521,300036,45005,149998848,1179.895986,,929.140,0x00,0x00,CURRENT,1,0,OK,0.3,0.3,45.0,150.001,,1179.921,,,1.0,14.0
2026-08-07 11:45:27.835,299979,44996,149998592,1179.893283,,930.454,0x00,0x00,CURRENT,1,0,OK,0.3,0.3,45.0,150.005,,1179.958,,,1.0,14.0
2026-08-07 11:45:28.650,299923,44988,149998672,1179.894128,,931.269,0x00,0x00,CURRENT,1,0,OK,0.3,0.3,45.0,150.005,,1179.958,,,1.0,14.0
2026-08-07 11:45:29.484,299866,44980,149998816,1179.895649,,932.103,0x00,0x00,CURRENT,1,0,OK,0.3,0.3,45.0,150.001,,1179.915,,,1.0,13.0
2026-08-07 11:45:30.373,299991,44998,149998544,1179.892776,,932.992,0x00,0x00,CURRENT,1,0,OK,0.3,0.3,45.0,150.001,,1179.915,,,1.0,13.0
2026-08-07 11:45:31.187,300107,45016,149998320,1179.890411,,933.807,0x00,0x00,CURRENT,1,0,OK,0.3,0.3,45.0,150.001,,1179.915,,,1.0,13.0
2026-08-07 11:45:32.022,300043,45006,149998704,1179.894466,,934.641,0x00,0x00,CURRENT,1,0,OK,0.3,0.301,45.0,150.002,,1179.926,,,1.0,14.0
2026-08-07 11:45:32.872,299988,44998,149999440,1179.902238,,935.491,0x00,0x00,CURRENT,1,0,OK,0.3,0.301,45.0,150.002,,1179.926,,,1.0,14.0
2026-08-07 11:45:33.705,299932,44990,149999440,1179.902238,,936.325,0x00,0x00,CURRENT,1,0,OK,0.3,0.3,45.0,150.002,,1179.928,,,1.0,13.0
2026-08-07 11:45:34.521,300058,45009,149999872,1179.906800,,937.140,0x00,0x00,CURRENT,1,0,OK,0.3,0.3,45.0,150.002,,1179.928,,,1.0,13.0
2026-08-07 11:45:35.835,300010,45001,149999744,1179.905448,,938.454,0x00,0x00,CURRENT,1,0,OK,0.3,0.3,45.0,150.001,,1179.922,,,1.0,14.0
2026-08-07 11:45:36.650,300131,45020,149999728,1179.905279,,939.269,0x00,0x00,CURRENT,1,0,OK,0.3,0.3,45.0,150.001,,1179.922,,,1.0,14.0
2026-08-07 11:45:37.484,300075,45011,150000080,1179.908996,,940.103,0x00,0x00,CURRENT,1,0,OK,0.3,0.3,45.0,149.998,,1179.889,,,1.0,14.0
2026-08-07 11:45:38.372,300025,45004,150000416,1179.912544,,940.991,0x00,0x00,CURRENT,1,0,OK,0.3,0.3,45.0,149.998,,1179.889,,,1.0,14.0
2026-08-07 11:45:39.186,299978,44997,150000208,1179.910348,,941.806,0x00,0x00,CURRENT,1,0,OK,0.3,0.3,45.0,149.998,,1179.889,,,1.0,14.0
2026-08-07 11:45:40.021,300091,45014,150000240,1179.910686,,942.640,0x00,0x00,CURRENT,1,0,OK,0.3,0.3,45.0,150.0,,1179.904,,,1.0,13.0
2026-08-07 11:45:40.873,300034,45005,149999744,1179.905448,,943.492,0x00,0x00,CURRENT,1,0,OK,0.3,0.3,45.0,150.0,,1179.904,,,1.0,13.0
2026-08-07 11:45:41.707,299987,44998,149999360,1179.901393,,944.326,0x00,0x00,CURRENT,1,0,OK,0.3,0.3,45.0,149.996,,1179.867,,,1.0,13.0
2026-08-07 11:45:42.522,300109,45016,149999840,1179.906462,,945.141,0x00,0x00,CURRENT,1,0,OK,0.3,0.3,45.0,149.996,,1179.867,,,1.0,13.0
2026-08-07 11:45:43.835,300053,45008,150000080,1179.908996,,946.455,0x00,0x00,CURRENT,1,0,OK,0.3,0.3,45.0,149.996,,1179.866,,,1.0,14.0
2026-08-07 11:45:44.651,299999,45000,150000336,1179.911699,,947.270,0x00,0x00,CURRENT,1,0,OK,0.3,0.3,45.0,149.996,,1179.866,,,1.0,14.0
2026-08-07 11:45:45.484,300115,45017,149999840,1179.906462,,948.104,0x00,0x00,CURRENT,1,0,OK,0.3,0.3,45.0,150.002,,1179.929,,,1.0,13.0
2026-08-07 11:45:46.372,300049,45007,150000192,1179.910179,,948.991,0x00,0x00,CURRENT,1,0,OK,0.3,0.3,45.0,150.002,,1179.929,,,1.0,13.0
2026-08-07 11:45:47.186,299995,44999,149999600,1179.903927,,949.806,0x00,0x00,CURRENT,1,0,OK,0.3,0.3,45.0,150.002,,1179.929,,,1.0,13.0
2026-08-07 11:45:48.020,300107,45016,149999712,1179.905110,,950.640,0x00,0x00,CURRENT,1,0,OK,0.3,0.3,45.0,150.003,,1179.943,,,1.0,13.0
2026-08-07 11:45:48.871,300215,45032,149999792,1179.905955,,951.490,0x00,0x00,CURRENT,1,0,OK,0.3,0.3,45.0,150.003,,1179.943,,,1.0,13.0
2026-08-07 11:45:49.704,300147,45022,149999904,1179.907137,,952.324,0x00,0x00,CURRENT,1,0,OK,0.3,0.301,45.0,149.999,,1179.895,,,1.0,14.0
2026-08-07 11:45:50.519,300093,45014,149999536,1179.903252,,953.139,0x00,0x00,CURRENT,1,0,OK,0.3,0.301,45.0,149.999,,1179.895,,,1.0,14.0
2026-08-07 11:45:51.834,300032,45005,149999472,1179.902576,,954.453,0x00,0x00,CURRENT,1,0,OK,0.3,0.3,45.0,149.996,,1179.871,,,1.0,13.0
2026-08-07 11:45:52.648,299978,44997,149999440,1179.902238,,955.268,0x00,0x00,CURRENT,1,0,OK,0.3,0.3,45.0,149.996,,1179.871,,,1.0,13.0
2026-08-07 11:45:53.483,300092,45014,149999408,1179.901900,,956.102,0x00,0x00,CURRENT,1,0,OK,0.3,0.299,45.0,149.996,,1179.865,,,1.0,13.0
2026-08-07 11:45:54.372,300203,45030,149998896,1179.896493,,956.991,0x00,0x00,CURRENT,1,0,OK,0.3,0.299,45.0,149.996,,1179.865,,,1.0,13.0
2026-08-07 11:45:55.187,300137,45020,149999056,1179.898183,,957.806,0x00,0x00,CURRENT,1,0,OK,0.3,0.299,45.0,149.996,,1179.865,,,1.0,13.0
2026-08-07 11:45:56.021,300077,45011,149998384,1179.891087,,958.640,0x00,0x00,CURRENT,1,0,OK,0.3,0.3,45.0,149.998,,1179.891,,,1.0,14.0
2026-08-07 11:45:56.871,300027,45004,149998256,1179.889735,,959.491,0x00,0x00,CURRENT,1,0,OK,0.3,0.3,45.0,149.998,,1179.891,,,1.0,14.0
2026-08-07 11:45:57.706,299981,44997,149998320,1179.890411,,960.325,0x00,0x00,CURRENT,1,0,OK,0.3,0.3,45.0,149.996,,1179.866,,,1.0,13.0
2026-08-07 11:45:58.520,300099,45015,149999056,1179.898183,,961.140,0x00,0x00,CURRENT,1,0,OK,0.3,0.3,45.0,149.996,,1179.866,,,1.0,13.0
2026-08-07 11:45:59.834,300051,45007,149998880,1179.896324,,962.454,0x00,0x00,CURRENT,1,0,OK,0.3,0.3,45.0,149.998,,1179.887,,,1.0,14.0
2026-08-07 11:46:00.649,300166,45025,149999024,1179.897845,,963.269,0x00,0x00,CURRENT,1,0,OK,0.3,0.3,45.0,149.998,,1179.887,,,1.0,14.0
2026-08-07 11:46:01.483,300114,45017,149999344,1179.901224,,964.103,0x00,0x00,CURRENT,1,0,OK,0.3,0.3,45.0,150.0,,1179.909,,,1.0,14.0
2026-08-07 11:46:02.371,300065,45010,149999120,1179.898859,,964.991,0x00,0x00,CURRENT,1,0,OK,0.3,0.3,45.0,150.0,,1179.909,,,1.0,14.0
2026-08-07 11:46:03.186,300019,45003,149999104,1179.898690,,965.806,0x00,0x00,CURRENT,1,0,OK,0.3,0.3,45.0,150.0,,1179.909,,,1.0,14.0
2026-08-07 11:46:04.020,300139,45021,149999808,1179.906124,,966.640,0x00,0x00,CURRENT,1,0,OK,0.3,0.3,45.0,149.999,,1179.893,,,1.0,13.0
2026-08-07 11:46:04.872,300087,45013,149999536,1179.903252,,967.492,0x00,0x00,CURRENT,1,0,OK,0.3,0.3,45.0,149.999,,1179.893,,,1.0,13.0
2026-08-07 11:46:05.706,300045,45006,149999360,1179.901393,,968.326,0x00,0x00,CURRENT,1,0,OK,0.3,0.3,45.0,150.001,,1179.915,,,1.0,14.0
2026-08-07 11:46:06.521,299996,44999,149999760,1179.905617,,969.141,0x00,0x00,CURRENT,1,0,OK,0.3,0.3,45.0,150.001,,1179.915,,,1.0,14.0
2026-08-07 11:46:07.835,299951,44993,149999808,1179.906124,,970.455,0x00,0x00,CURRENT,1,0,OK,0.3,0.3,45.0,150.003,,1179.945,,,1.0,13.0
2026-08-07 11:46:08.650,299901,44985,149999920,1179.907306,,971.270,0x00,0x00,CURRENT,1,0,OK,0.3,0.3,45.0,150.003,,1179.945,,,1.0,13.0
2026-08-07 11:46:09.484,300028,45004,150000080,1179.908996,,972.104,0x00,0x00,CURRENT,1,0,OK,0.3,0.3,45.0,150.002,,1179.928,,,1.0,13.0
2026-08-07 11:46:10.372,299981,44997,149999584,1179.903758,,972.992,0x00,0x00,CURRENT,1,0,OK,0.3,0.3,45.0,150.002,,1179.928,,,1.0,13.0
2026-08-07 11:46:11.187,299936,44990,149999408,1179.901900,,973.807,0x00,0x00,CURRENT,1,0,OK,0.3,0.3,45.0,150.002,,1179.928,,,1.0,13.0
2026-08-07 11:46:12.021,299879,44982,149999920,1179.907306,,974.641,0x00,0x00,CURRENT,1,0,OK,0.3,0.3,45.0,149.999,,1179.895,,,1.0,13.0
2026-08-07 11:46:12.872,299996,44999,149999504,1179.902914,,975.492,0x00,0x00,CURRENT,1,0,OK,0.3,0.3,45.0,149.999,,1179.895,,,1.0,13.0
2026-08-07 11:46:13.706,299940,44991,149998880,1179.896324,,976.326,0x00,0x00,CURRENT,1,0,OK,0.3,0.3,45.0,150.002,,1179.931,,,1.0,14.0
2026-08-07 11:46:14.521,299887,44983,149999296,1179.900717,,977.141,0x00,0x00,CURRENT,1,0,OK,0.3,0.3,45.0,150.002,,1179.931,,,1.0,14.0
2026-08-07 11:46:15.835,300000,45000,149999824,1179.906293,,978.455,0x00,0x00,CURRENT,1,0,OK,0.3,0.3,45.0,150.007,,1179.979,,,1.0,13.0
2026-08-07 11:46:16.650,299951,44993,150000384,1179.912206,,979.269,0x00,0x00,CURRENT,1,0,OK,0.3,0.3,45.0,150.007,,1179.979,,,1.0,13.0
2026-08-07 11:46:17.484,299906,44986,150000528,1179.913727,,980.103,0x00,0x00,CURRENT,1,0,OK,0.3,0.3,45.0,150.005,,1179.96,,,1.0,14.0
2026-08-07 11:46:18.372,299863,44979,149999840,1179.906462,,980.992,0x00,0x00,CURRENT,1,0,OK,0.3,0.3,45.0,150.005,,1179.96,,,1.0,14.0
2026-08-07 11:46:19.187,299819,44973,149999776,1179.905786,,981.807,0x00,0x00,CURRENT,1,0,OK,0.3,0.3,45.0,150.005,,1179.96,,,1.0,14.0
2026-08-07 11:46:20.021,299777,44966,149999536,1179.903252,,982.641,0x00,0x00,CURRENT,1,0,OK,0.3,0.3,45.0,149.999,,1179.895,,,1.0,13.0
2026-08-07 11:46:20.872,299903,44985,149999456,1179.902407,,983.491,0x00,0x00,CURRENT,1,0,OK,0.3,0.3,45.0,149.999,,1179.895,,,1.0,13.0
2026-08-07 11:46:21.706,299857,44978,149999312,1179.900886,,984.325,0x00,0x00,CURRENT,1,0,OK,0.3,0.3,45.0,150.004,,1179.956,,,1.0,14.0
2026-08-07 11:46:22.521,299807,44971,149999232,1179.900041,,985.140,0x00,0x00,CURRENT,1,0,OK,0.3,0.3,45.0,150.004,,1179.956,,,1.0,14.0
2026-08-07 11:46:23.835,299938,44990,149999136,1179.899028,,986.455,0x00,0x00,CURRENT,1,0,OK,0.3,0.3,45.0,150.0,,1179.91,,,1.0,13.0
2026-08-07 11:46:24.650,299886,44983,149999744,1179.905448,,987.270,0x00,0x00,CURRENT,1,0,OK,0.3,0.3,45.0,150.0,,1179.91,,,1.0,13.0
2026-08-07 11:46:25.484,299841,44976,149999952,1179.907644,,988.104,0x00,0x00,CURRENT,1,0,OK,0.3,0.3,45.0,150.005,,1179.961,,,1.0,14.0
2026-08-07 11:46:26.372,299797,44970,150000016,1179.908320,,988.991,0x00,0x00,CURRENT,1,0,OK,0.3,0.3,45.0,150.005,,1179.961,,,1.0,14.0
2026-08-07 11:46:27.187,299754,44963,149999968,1179.907813,,989.807,0x00,0x00,CURRENT,1,0,OK,0.3,0.3,45.0,150.005,,1179.961,,,1.0,14.0
2026-08-07 11:46:28.021,299712,44957,150000256,1179.910854,,990.641,0x00,0x00,CURRENT,1,0,OK,0.3,0.3,45.0,150.004,,1179.955,,,1.0,13.0
2026-08-07 11:46:28.872,299844,44977,149999856,1179.906631,,991.491,0x00,0x00,CURRENT,1,0,OK,0.3,0.3,45.0,150.004,,1179.955,,,1.0,13.0
2026-08-07 11:46:29.706,299970,44996,150000128,1179.909503,,992.325,0x00,0x00,CURRENT,1,0,OK,0.3,0.3,45.0,150.003,,1179.939,,,1.0,14.0
2026-08-07 11:46:30.521,299921,44988,150000144,1179.909672,,993.141,0x00,0x00,CURRENT,1,0,OK,0.3,0.3,45.0,150.003,,1179.939,,,1.0,14.0
2026-08-07 11:46:31.835,299880,44982,150000224,1179.910517,,994.454,0x00,0x00,CURRENT,1,0,OK,0.3,0.3,45.0,150.006,,1179.973,,,1.0,14.0
2026-08-07 11:46:32.650,299842,44976,149999664,1179.904603,,995.270,0x00,0x00,CURRENT,1,0,OK,0.3,0.3,45.0,150.006,,1179.973,,,1.0,14.0
2026-08-07 11:46:33.484,299802,44970,149999552,1179.903420,,996.103,0x00,0x00,CURRENT,1,0,OK,0.3,0.3,45.0,150.001,,1179.918,,,1.0,13.0
2026-08-07 11:46:34.372,299929,44989,149999744,1179.905448,,996.992,0x00,0x00,CURRENT,1,0,OK,0.3,0.3,45.0,150.001,,1179.918,,,1.0,13.0
2026-08-07 11:46:35.187,300054,45008,149999472,1179.902576,,997.806,0x00,0x00,CURRENT,1,0,OK,0.3,0.3,45.0,150.001,,1179.918,,,1.0,13.0
2026-08-07 11:46:36.021,300010,45001,150000080,1179.908996,,998.641,0x00,0x00,CURRENT,1,0,OK,0.3,0.301,45.0,150.0,,1179.905,,,1.0,14.0
2026-08-07 11:46:36.872,299968,44995,150000112,1179.909334,,999.491,0x00,0x00,CURRENT,1,0,OK,0.3,0.301,45.0,150.0,,1179.905,,,1.0,14.0
2026-08-07 11:46:37.706,299929,44989,150000160,1179.909841,,1000.325,0x00,0x00,CURRENT,1,0,OK,0.3,0.3,45.0,150.002,,1179.928,,,1.0,14.0
2026-08-07 11:46:38.521,299883,44983,150000848,1179.917106,,1001.140,0x00,0x00,CURRENT,1,0,OK,0.3,0.3,45.0,150.002,,1179.928,,,1.0,14.0
2026-08-07 11:46:39.835,299842,44977,150001296,1179.921837,,1002.454,0x00,0x00,CURRENT,1,0,OK,0.3,0.3,45.0,150.003,,1179.943,,,1.0,13.0
2026-08-07 11:46:40.650,299973,44996,150001408,1179.923019,,1003.269,0x00,0x00,CURRENT,1,0,OK,0.3,0.3,45.0,150.003,,1179.943,,,1.0,13.0
2026-08-07 11:46:41.484,300098,45015,150001552,1179.924540,,1004.103,0x00,0x00,CURRENT,1,0,OK,0.3,0.3,45.0,150.001,,1179.923,,,1.0,14.0
2026-08-07 11:46:42.371,300042,45007,150001280,1179.921668,,1004.990,0x00,0x00,CURRENT,1,0,OK,0.3,0.3,45.0,150.001,,1179.923,,,1.0,14.0
2026-08-07 11:46:43.186,299993,44999,150001072,1179.919471,,1005.805,0x00,0x00,CURRENT,1,0,OK,0.3,0.3,45.0,150.001,,1179.923,,,1.0,14.0
2026-08-07 11:46:44.020,299937,44991,150001536,1179.924371,,1006.639,0x00,0x00,CURRENT,1,0,OK,0.3,0.3,45.0,150.007,,1179.979,,,1.0,13.0
2026-08-07 11:46:44.873,299887,44983,150001072,1179.919471,,1007.492,0x00,0x00,CURRENT,1,0,OK,0.3,0.3,45.0,150.007,,1179.979,,,1.0,13.0
2026-08-07 11:46:45.707,300004,45001,150001264,1179.921499,,1008.326,0x00,0x00,CURRENT,1,0,OK,0.3,0.299,45.0,150.006,,1179.972,,,1.0,13.0
2026-08-07 11:46:46.522,300126,45019,150001712,1179.926229,,1009.141,0x00,0x00,CURRENT,1,0,OK,0.3,0.299,45.0,150.006,,1179.972,,,1.0,13.0
2026-08-07 11:46:47.836,300069,45011,150001456,1179.923526,,1010.455,0x00,0x00,CURRENT,1,0,OK,0.3,0.301,45.0,150.004,,1179.946,,,1.0,14.0
2026-08-07 11:46:48.651,300007,45001,150001456,1179.923526,,1011.270,0x00,0x00,CURRENT,1,0,OK,0.3,0.301,45.0,150.004,,1179.946,,,1.0,14.0
2026-08-07 11:46:49.485,299953,44993,150001376,1179.922681,,1012.104,0x00,0x00,CURRENT,1,0,OK,0.3,0.3,45.0,149.999,,1179.893,,,1.0,13.0
2026-08-07 11:46:50.372,299907,44986,150001040,1179.919133,,1012.991,0x00,0x00,CURRENT,1,0,OK,0.3,0.3,45.0,149.999,,1179.893,,,1.0,13.0
2026-08-07 11:46:51.187,300035,45005,150000640,1179.914909,,1013.806,0x00,0x00,CURRENT,1,0,OK,0.3,0.3,45.0,149.999,,1179.893,,,1.0,13.0
2026-08-07 11:46:52.021,300146,45022,150000928,1179.917951,,1014.640,0x00,0x00,CURRENT,1,0,OK,0.3,0.3,45.0,150.0,,1179.91,,,1.0,14.0
2026-08-07 11:46:52.872,300086,45013,150001296,1179.921837,,1015.491,0x00,0x00,CURRENT,1,0,OK,0.3,0.3,45.0,150.0,,1179.91,,,1.0,14.0
2026-08-07 11:46:53.706,300026,45004,150001392,1179.922850,,1016.325,0x00,0x00,CURRENT,1,0,OK,0.3,0.3,45.0,150.001,,1179.914,,,1.0,14.0
2026-08-07 11:46:54.521,299967,44996,150001312,1179.922005,,1017.140,0x00,0x00,CURRENT,1,0,OK,0.3,0.3,45.0,150.001,,1179.914,,,1.0,14.0
2026-08-07 11:46:55.835,299911,44987,150001376,1179.922681,,1018.454,0x00,0x00,CURRENT,1,0,OK,0.3,0.3,45.0,150.001,,1179.916,,,1.0,13.0
2026-08-07 11:46:56.650,299864,44980,150001088,1179.919640,,1019.269,0x00,0x00,CURRENT,1,0,OK,0.3,0.3,45.0,150.001,,1179.916,,,1.0,13.0
2026-08-07 11:46:57.484,299990,44999,150000752,1179.916092,,1020.103,0x00,0x00,CURRENT,1,0,OK,0.3,0.3,45.0,150.002,,1179.931,,,1.0,13.0
2026-08-07 11:46:58.372,299943,44992,150000544,1179.913896,,1020.991,0x00,0x00,CURRENT,1,0,OK,0.3,0.3,45.0,150.002,,1179.931,,,1.0,13.0
2026-08-07 11:46:59.186,299894,44984,150000864,1179.917275,,1021.806,0x00,0x00,CURRENT,1,0,OK,0.3,0.3,45.0,150.002,,1179.931,,,1.0,13.0
2026-08-07 11:47:00.021,299837,44976,150001056,1179.919302,,1022.640,0x00,0x00,CURRENT,1,0,OK,0.3,0.3,45.0,150.006,,1179.966,,,1.0,13.0
2026-08-07 11:47:00.872,299958,44994,150000848,1179.917106,,1023.491,0x00,0x00,CURRENT,1,0,OK,0.3,0.3,45.0,150.006,,1179.966,,,1.0,13.0
2026-08-07 11:47:01.706,300067,45010,150000512,1179.913558,,1024.325,0x00,0x00,CURRENT,1,0,OK,0.3,0.3,45.0,150.003,,1179.944,,,1.0,14.0
2026-08-07 11:47:02.520,300005,45001,150001312,1179.922005,,1025.140,0x00,0x00,CURRENT,1,0,OK,0.3,0.3,45.0,150.003,,1179.944,,,1.0,14.0
2026-08-07 11:47:03.835,299948,44993,150001264,1179.921499,,1026.454,0x00,0x00,CURRENT,1,0,OK,0.3,0.3,45.0,150.004,,1179.954,,,1.0,14.0
2026-08-07 11:47:04.649,300055,45009,150001504,1179.924033,,1027.269,0x00,0x00,CURRENT,1,0,OK,0.3,0.3,45.0,150.004,,1179.954,,,1.0,14.0
2026-08-07 11:47:05.484,299997,45000,150001584,1179.924878,,1028.103,0x00,0x00,CURRENT,1,0,OK,0.3,0.3,45.0,150.004,,1179.951,,,1.0,14.0
2026-08-07 11:47:06.372,299940,44991,150001536,1179.924371,,1028.991,0x00,0x00,CURRENT,1,0,OK,0.3,0.3,45.0,150.004,,1179.951,,,1.0,14.0
2026-08-07 11:47:07.187,300055,45008,150000816,1179.916768,,1029.806,0x00,0x00,CURRENT,1,0,OK,0.3,0.3,45.0,150.004,,1179.951,,,1.0,14.0
2026-08-07 11:47:08.021,299992,44999,150001328,1179.922174,,1030.640,0x00,0x00,CURRENT,1,0,OK,0.3,0.3,45.0,150.004,,1179.952,,,1.0,14.0
2026-08-07 11:47:08.872,300107,45016,150001328,1179.922174,,1031.491,0x00,0x00,CURRENT,1,0,OK,0.3,0.3,45.0,150.004,,1179.952,,,1.0,14.0
2026-08-07 11:47:09.706,300047,45007,150001008,1179.918795,,1032.325,0x00,0x00,CURRENT,1,0,OK,0.3,0.301,45.0,150.003,,1179.935,,,1.0,14.0
2026-08-07 11:47:10.521,299993,44999,150001200,1179.920823,,1033.140,0x00,0x00,CURRENT,1,0,OK,0.3,0.301,45.0,150.003,,1179.935,,,1.0,14.0
2026-08-07 11:47:11.834,299941,44991,150000576,1179.914234,,1034.454,0x00,0x00,CURRENT,1,0,OK,0.3,0.3,45.0,150.005,,1179.956,,,1.0,13.0
2026-08-07 11:47:12.650,300061,45009,150000464,1179.913051,,1035.269,0x00,0x00,CURRENT,1,0,OK,0.3,0.3,45.0,150.005,,1179.956,,,1.0,13.0
2026-08-07 11:47:13.483,300172,45026,150000016,1179.908320,,1036.103,0x00,0x00,CURRENT,1,0,OK,0.3,0.3,45.0,150.0,,1179.904,,,1.0,14.0
2026-08-07 11:47:14.371,300113,45017,150000112,1179.909334,,1036.991,0x00,0x00,CURRENT,1,0,OK,0.3,0.3,45.0,150.0,,1179.904,,,1.0,14.0
2026-08-07 11:47:15.186,300047,45007,150000208,1179.910348,,1037.806,0x00,0x00,CURRENT,1,0,OK,0.3,0.3,45.0,150.0,,1179.904,,,1.0,14.0
2026-08-07 11:47:16.020,299986,44998,150000288,1179.911192,,1038.640,0x00,0x00,CURRENT,1,0,OK,0.3,0.3,45.0,149.999,,1179.901,,,1.0,13.0
2026-08-07 11:47:16.872,299931,44990,149999824,1179.906293,,1039.491,0x00,0x00,CURRENT,1,0,OK,0.3,0.3,45.0,149.999,,1179.901,,,1.0,13.0
2026-08-07 11:47:17.706,300045,45007,149999360,1179.901393,,1040.325,0x00,0x00,CURRENT,1,0,OK,0.3,0.299,45.0,150.001,,1179.918,,,1.0,13.0
2026-08-07 11:47:18.520,300145,45022,149999776,1179.905786,,1041.140,0x00,0x00,CURRENT,1,0,OK,0.3,0.299,45.0,150.001,,1179.918,,,1.0,13.0
2026-08-07 11:47:19.834,300088,45013,149999376,1179.901562,,1042.454,0x00,0x00,CURRENT,1,0,OK,0.3,0.301,45.0,150.004,,1179.949,,,1.0,14.0
2026-08-07 11:47:20.649,300197,45029,149999344,1179.901224,,1043.269,0x00,0x00,CURRENT,1,0,OK,0.3,0.301,45.0,150.004,,1179.949,,,1.0,14.0
2026-08-07 11:47:21.483,300129,45019,149999568,1179.903589,,1044.103,0x00,0x00,CURRENT,1,0,OK,0.3,0.3,45.0,150.004,,1179.95,,,1.0,14.0
2026-08-07 11:47:22.372,300071,45011,149999408,1179.901900,,1044.992,0x00,0x00,CURRENT,1,0,OK,0.3,0.3,45.0,150.004,,1179.95,,,1.0,14.0
2026-08-07 11:47:23.187,300015,45002,149999280,1179.900548,,1045.807,0x00,0x00,CURRENT,1,0,OK,0.3,0.3,45.0,150.004,,1179.95,,,1.0,14.0
2026-08-07 11:47:24.022,300133,45020,149999088,1179.898521,,1046.641,0x00,0x00,CURRENT,1,0,OK,0.3,0.3,45.0,150.004,,1179.95,,,1.0,13.0
2026-08-07 11:47:24.871,300064,45009,149998592,1179.893283,,1047.491,0x00,0x00,CURRENT,1,0,OK,0.3,0.3,45.0,150.004,,1179.95,,,1.0,13.0
2026-08-07 11:47:25.706,300171,45025,149998832,1179.895817,,1048.325,0x00,0x00,CURRENT,1,0,OK,0.3,0.3,45.0,150.0,,1179.913,,,1.0,13.0
2026-08-07 11:47:26.521,300103,45015,149999392,1179.901731,,1049.140,0x00,0x00,CURRENT,1,0,OK,0.3,0.3,45.0,150.0,,1179.913,,,1.0,13.0
2026-08-07 11:47:27.834,300046,45007,149999488,1179.902745,,1050.454,0x00,0x00,CURRENT,1,0,OK,0.3,0.3,45.0,150.001,,1179.914,,,1.0,14.0
2026-08-07 11:47:28.649,299992,44999,149999824,1179.906293,,1051.269,0x00,0x00,CURRENT,1,0,OK,0.3,0.3,45.0,150.001,,1179.914,,,1.0,14.0
2026-08-07 11:47:29.483,300108,45016,150000544,1179.913896,,1052.103,0x00,0x00,CURRENT,1,0,OK,0.3,0.299,45.0,149.998,,1179.892,,,1.0,13.0
2026-08-07 11:47:30.373,300224,45034,150000864,1179.917275,,1052.992,0x00,0x00,CURRENT,1,0,OK,0.3,0.299,45.0,149.998,,1179.892,,,1.0,13.0
2026-08-07 11:47:31.187,300166,45025,150001040,1179.919133,,1053.807,0x00,0x00,CURRENT,1,0,OK,0.3,0.299,45.0,149.998,,1179.892,,,1.0,13.0
2026-08-07 11:47:32.021,300106,45016,150001056,1179.919302,,1054.641,0x00,0x00,CURRENT,1,0,OK,0.3,0.3,45.0,150.0,,1179.911,,,1.0,14.0
2026-08-07 11:47:32.871,300046,45007,150001344,1179.922343,,1055.491,0x00,0x00,CURRENT,1,0,OK,0.3,0.3,45.0,150.0,,1179.911,,,1.0,14.0
2026-08-07 11:47:33.705,299992,44999,150001024,1179.918964,,1056.325,0x00,0x00,CURRENT,1,0,OK,0.3,0.3,45.0,150.0,,1179.906,,,1.0,13.0
2026-08-07 11:47:34.520,299945,44992,150000752,1179.916092,,1057.140,0x00,0x00,CURRENT,1,0,OK,0.3,0.3,45.0,150.0,,1179.906,,,1.0,13.0
2026-08-07 11:47:35.834,300066,45010,150000416,1179.912544,,1058.454,0x00,0x00,CURRENT,1,0,OK,0.3,0.299,45.0,150.002,,1179.929,,,1.0,13.0
2026-08-07 11:47:36.649,300007,45001,150000848,1179.917106,,1059.268,0x00,0x00,CURRENT,1,0,OK,0.3,0.299,45.0,150.002,,1179.929,,,1.0,13.0
2026-08-07 11:47:37.483,299954,44993,150001296,1179.921837,,1060.103,0x00,0x00,CURRENT,1,0,OK,0.3,0.3,45.0,150.003,,1179.937,,,1.0,14.0
2026-08-07 11:47:38.372,299899,44985,150001552,1179.924540,,1060.992,0x00,0x00,CURRENT,1,0,OK,0.3,0.3,45.0,150.003,,1179.937,,,1.0,14.0
2026-08-07 11:47:39.187,299853,44978,150001536,1179.924371,,1061.807,0x00,0x00,CURRENT,1,0,OK,0.3,0.3,45.0,150.003,,1179.937,,,1.0,14.0
2026-08-07 11:47:40.021,299979,44997,150001744,1179.926567,,1062.640,0x00,0x00,CURRENT,1,0,OK,0.3,0.299,45.0,150.003,,1179.937,,,1.0,13.0
2026-08-07 11:47:40.871,300088,45014,150002112,1179.930453,,1063.490,0x00,0x00,CURRENT,1,0,OK,0.3,0.299,45.0,150.003,,1179.937,,,1.0,13.0
2026-08-07 11:47:41.705,300028,45005,150001984,1179.929102,,1064.325,0x00,0x00,CURRENT,1,0,OK,0.3,0.301,45.0,150.002,,1179.933,,,1.0,14.0
2026-08-07 11:47:42.520,299970,44996,150002528,1179.934846,,1065.140,0x00,0x00,CURRENT,1,0,OK,0.3,0.301,45.0,150.002,,1179.933,,,1.0,14.0
2026-08-07 11:47:43.834,299921,44989,150002512,1179.934677,,1066.454,0x00,0x00,CURRENT,1,0,OK,0.3,0.3,45.0,150.004,,1179.952,,,1.0,13.0
2026-08-07 11:47:44.649,299877,44982,150002272,1179.932143,,1067.269,0x00,0x00,CURRENT,1,0,OK,0.3,0.3,45.0,150.004,,1179.952,,,1.0,13.0
2026-08-07 11:47:45.483,300007,45002,150001824,1179.927412,,1068.103,0x00,0x00,CURRENT,1,0,OK,0.3,0.299,45.0,150.002,,1179.927,,,1.0,13.0
2026-08-07 11:47:46.372,300117,45018,150002064,1179.929946,,1068.992,0x00,0x00,CURRENT,1,0,OK,0.3,0.299,45.0,150.002,,1179.927,,,1.0,13.0
2026-08-07 11:47:47.187,300059,45009,150002144,1179.930791,,1069.807,0x00,0x00,CURRENT,1,0,OK,0.3,0.299,45.0,150.002,,1179.927,,,1.0,13.0
2026-08-07 11:47:48.021,300002,45001,150002384,1179.933325,,1070.640,0x00,0x00,CURRENT,1,0,OK,0.3,0.3,45.0,150.0,,1179.904,,,1.0,14.0
2026-08-07 11:47:48.872,299946,44992,150002080,1179.930115,,1071.491,0x00,0x00,CURRENT,1,0,OK,0.3,0.3,45.0,150.0,,1179.904,,,1.0,14.0
2026-08-07 11:47:49.706,300061,45010,150001520,1179.924202,,1072.325,0x00,0x00,CURRENT,1,0,OK,0.3,0.3,45.0,150.0,,1179.909,,,1.0,13.0
2026-08-07 11:47:50.521,300008,45002,150001680,1179.925891,,1073.141,0x00,0x00,CURRENT,1,0,OK,0.3,0.3,45.0,150.0,,1179.909,,,1.0,13.0
2026-08-07 11:47:51.835,300124,45019,150001552,1179.924540,,1074.455,0x00,0x00,CURRENT,1,0,OK,0.3,0.3,45.0,149.999,,1179.902,,,1.0,13.0
2026-08-07 11:47:52.650,300068,45011,150002000,1179.929271,,1075.270,0x00,0x00,CURRENT,1,0,OK,0.3,0.3,45.0,149.999,,1179.902,,,1.0,13.0
2026-08-07 11:47:53.484,300018,45003,150002528,1179.934846,,1076.104,0x00,0x00,CURRENT,1,0,OK,0.3,0.3,45.0,150.001,,1179.919,,,1.0,14.0
2026-08-07 11:47:54.372,300140,45022,150002192,1179.931298,,1076.992,0x00,0x00,CURRENT,1,0,OK,0.3,0.3,45.0,150.001,,1179.919,,,1.0,14.0
2026-08-07 11:47:55.187,300087,45014,150002608,1179.935691,,1077.806,0x00,0x00,CURRENT,1,0,OK,0.3,0.3,45.0,150.001,,1179.919,,,1.0,14.0
2026-08-07 11:47:56.021,300036,45006,150001552,1179.924540,,1078.640,0x00,0x00,CURRENT,1,0,OK,0.3,0.3,45.0,150.002,,1179.928,,,1.0,14.0
2026-08-07 11:47:56.872,299984,44998,150001664,1179.925722,,1079.491,0x00,0x00,CURRENT,1,0,OK,0.3,0.3,45.0,150.002,,1179.928,,,1.0,14.0
2026-08-07 11:47:57.706,300107,45017,150001840,1179.927581,,1080.326,0x00,0x00,CURRENT,1,0,OK,0.3,0.3,45.0,150.001,,1179.919,,,1.0,13.0
2026-08-07 11:47:58.521,300049,45008,150002592,1179.935522,,1081.140,0x00,0x00,CURRENT,1,0,OK,0.3,0.3,45.0,150.001,,1179.919,,,1.0,13.0
2026-08-07 11:47:59.835,300156,45024,150002992,1179.939746,,1082.455,0x00,0x00,CURRENT,1,0,OK,0.3,0.3,45.0,150.005,,1179.961,,,1.0,13.0
2026-08-07 11:48:00.650,300096,45015,150003072,1179.940591,,1083.270,0x00,0x00,CURRENT,1,0,OK,0.3,0.3,45.0,150.005,,1179.961,,,1.0,13.0
2026-08-07 11:48:01.484,300042,45007,150003504,1179.945152,,1084.103,0x00,0x00,CURRENT,1,0,OK,0.3,0.3,45.0,150.002,,1179.932,,,1.0,14.0
2026-08-07 11:48:02.372,299992,45000,150003136,1179.941266,,1084.992,0x00,0x00,CURRENT,1,0,OK,0.3,0.3,45.0,150.002,,1179.932,,,1.0,14.0
2026-08-07 11:48:03.187,300118,45019,150003136,1179.941266,,1085.806,0x00,0x00,CURRENT,1,0,OK,0.3,0.3,45.0,150.002,,1179.932,,,1.0,14.0
2026-08-07 11:48:04.021,300061,45010,150003568,1179.945828,,1086.640,0x00,0x00,CURRENT,1,0,OK,0.3,0.3,45.0,150.006,,1179.968,,,1.0,14.0
2026-08-07 11:48:04.872,300013,45003,150003648,1179.946673,,1087.491,0x00,0x00,CURRENT,1,0,OK,0.3,0.3,45.0,150.006,,1179.968,,,1.0,14.0
2026-08-07 11:48:05.706,300134,45021,150003808,1179.948362,,1088.325,0x00,0x00,CURRENT,1,0,OK,0.3,0.3,45.0,150.006,,1179.974,,,1.0,13.0
2026-08-07 11:48:06.521,300085,45014,150003856,1179.948869,,1089.140,0x00,0x00,CURRENT,1,0,OK,0.3,0.3,45.0,150.006,,1179.974,,,1.0,13.0
2026-08-07 11:48:07.835,300032,45006,150003504,1179.945152,,1090.454,0x00,0x00,CURRENT,1,0,OK,0.3,0.3,45.0,150.005,,1179.959,,,1.0,14.0
2026-08-07 11:48:08.650,300143,45022,150003440,1179.944476,,1091.269,0x00,0x00,CURRENT,1,0,OK,0.3,0.3,45.0,150.005,,1179.959,,,1.0,14.0
2026-08-07 11:48:09.484,300091,45015,150003680,1179.947011,,1092.103,0x00,0x00,CURRENT,1,0,OK,0.3,0.3,45.0,150.002,,1179.925,,,1.0,14.0
2026-08-07 11:48:10.371,300037,45007,150003584,1179.945997,,1092.990,0x00,0x00,CURRENT,1,0,OK,0.3,0.3,45.0,150.002,,1179.925,,,1.0,14.0
2026-08-07 11:48:11.186,299984,44999,150003936,1179.949714,,1093.805,0x00,0x00,CURRENT,1,0,OK,0.3,0.3,45.0,150.002,,1179.925,,,1.0,14.0
2026-08-07 11:48:12.020,300103,45017,150003952,1179.949883,,1094.639,0x00,0x00,CURRENT,1,0,OK,0.3,0.3,45.0,150.002,,1179.93,,,1.0,13.0
2026-08-07 11:48:12.872,300221,45034,150004032,1179.950728,,1095.491,0x00,0x00,CURRENT,1,0,OK,0.3,0.3,45.0,150.002,,1179.93,,,1.0,13.0
2026-08-07 11:48:13.706,300164,45026,150004320,1179.953769,,1096.325,0x00,0x00,CURRENT,1,0,OK,0.3,0.301,45.0,150.006,,1179.967,,,1.0,14.0
2026-08-07 11:48:14.521,300105,45017,150004352,1179.954107,,1097.140,0x00,0x00,CURRENT,1,0,OK,0.3,0.301,45.0,150.006,,1179.967,,,1.0,14.0
2026-08-07 11:48:15.835,300047,45008,150004176,1179.952248,,1098.454,0x00,0x00,CURRENT,1,0,OK,0.3,0.3,45.0,150.006,,1179.967,,,1.0,14.0
2026-08-07 11:48:16.650,300001,45001,150004144,1179.951910,,1099.269,0x00,0x00,CURRENT,1,0,OK,0.3,0.3,45.0,150.006,,1179.967,,,1.0,14.0
2026-08-07 11:48:17.484,300124,45020,150004352,1179.954107,,1100.103,0x00,0x00,CURRENT,1,0,OK,0.3,0.299,45.0,150.006,,1179.967,,,1.0,13.0
2026-08-07 11:48:18.372,300064,45011,150003696,1179.947180,,1100.991,0x00,0x00,CURRENT,1,0,OK,0.3,0.299,45.0,150.006,,1179.967,,,1.0,13.0
2026-08-07 11:48:19.187,300179,45028,150004176,1179.952248,,1101.806,0x00,0x00,CURRENT,1,0,OK,0.3,0.299,45.0,150.006,,1179.967,,,1.0,13.0
2026-08-07 11:48:20.021,300118,45019,150003872,1179.949038,,1102.640,0x00,0x00,CURRENT,1,0,OK,0.3,0.3,45.0,150.003,,1179.943,,,1.0,14.0
2026-08-07 11:48:20.873,300068,45011,150003392,1179.943970,,1103.492,0x00,0x00,CURRENT,1,0,OK,0.3,0.3,45.0,150.003,,1179.943,,,1.0,14.0
2026-08-07 11:48:21.707,300022,45004,150002784,1179.937549,,1104.326,0x00,0x00,CURRENT,1,0,OK,0.3,0.3,45.0,150.004,,1179.947,,,1.0,13.0
2026-08-07 11:48:22.522,299975,44997,150002464,1179.934170,,1105.141,0x00,0x00,CURRENT,1,0,OK,0.3,0.3,45.0,150.004,,1179.947,,,1.0,13.0
2026-08-07 11:48:23.836,300095,45015,150002208,1179.931467,,1106.455,0x00,0x00,CURRENT,1,0,OK,0.3,0.299,45.0,150.004,,1179.95,,,1.0,13.0
2026-08-07 11:48:24.651,300051,45008,150001392,1179.922850,,1107.270,0x00,0x00,CURRENT,1,0,OK,0.3,0.299,45.0,150.004,,1179.95,,,1.0,13.0
2026-08-07 11:48:25.485,299998,45000,150001376,1179.922681,,1108.104,0x00,0x00,CURRENT,1,0,OK,0.3,0.3,45.0,150.003,,1179.935,,,1.0,14.0
2026-08-07 11:48:26.372,299946,44992,150001936,1179.928595,,1108.991,0x00,0x00,CURRENT,1,0,OK,0.3,0.3,45.0,150.003,,1179.935,,,1.0,14.0
2026-08-07 11:48:27.187,299897,44985,150002048,1179.929777,,1109.806,0x00,0x00,CURRENT,1,0,OK,0.3,0.3,45.0,150.003,,1179.935,,,1.0,14.0
2026-08-07 11:48:28.021,299857,44979,150002208,1179.931467,,1110.640,0x00,0x00,CURRENT,1,0,OK,0.3,0.3,45.0,150.001,,1179.918,,,1.0,13.0
2026-08-07 11:48:28.871,299981,44998,150002464,1179.934170,,1111.490,0x00,0x00,CURRENT,1,0,OK,0.3,0.3,45.0,150.001,,1179.918,,,1.0,13.0
2026-08-07 11:48:29.705,300097,45015,150002672,1179.936367,,1112.324,0x00,0x00,CURRENT,1,0,OK,0.3,0.3,45.0,150.0,,1179.913,,,1.0,14.0
2026-08-07 11:48:30.520,300036,45006,150002768,1179.937380,,1113.139,0x00,0x00,CURRENT,1,0,OK,0.3,0.3,45.0,150.0,,1179.913,,,1.0,14.0
2026-08-07 11:48:31.834,299971,44996,150002640,1179.936029,,1114.453,0x00,0x00,CURRENT,1,0,OK,0.3,0.3,45.0,150.004,,1179.946,,,1.0,14.0
2026-08-07 11:48:32.649,299911,44988,150003104,1179.940928,,1115.268,0x00,0x00,CURRENT,1,0,OK,0.3,0.3,45.0,150.004,,1179.946,,,1.0,14.0
2026-08-07 11:48:33.482,300021,45004,150004224,1179.952755,,1116.102,0x00,0x00,CURRENT,1,0,OK,0.3,0.299,45.0,150.0,,1179.91,,,1.0,13.0
2026-08-07 11:48:34.372,300133,45021,150003728,1179.947518,,1116.991,0x00,0x00,CURRENT,1,0,OK,0.3,0.299,45.0,150.0,,1179.91,,,1.0,13.0
2026-08-07 11:48:35.187,300074,45012,150003296,1179.942956,,1117.806,0x00,0x00,CURRENT,1,0,OK,0.3,0.299,45.0,150.0,,1179.91,,,1.0,13.0
2026-08-07 11:48:36.021,300028,45005,150002944,1179.939239,,1118.640,0x00,0x00,CURRENT,1,0,OK,0.3,0.3,45.0,150.002,,1179.929,,,1.0,14.0
2026-08-07 11:48:36.873,299978,44998,150002848,1179.938225,,1119.492,0x00,0x00,CURRENT,1,0,OK,0.3,0.3,45.0,150.002,,1179.929,,,1.0,14.0
2026-08-07 11:48:37.707,299935,44991,150003024,1179.940084,,1120.326,0x00,0x00,CURRENT,1,0,OK,0.3,0.3,45.0,150.001,,1179.923,,,1.0,13.0
2026-08-07 11:48:38.521,299891,44985,150002912,1179.938901,,1121.141,0x00,0x00,CURRENT,1,0,OK,0.3,0.3,45.0,150.001,,1179.923,,,1.0,13.0
2026-08-07 11:48:39.836,300013,45003,150003808,1179.948362,,1122.455,0x00,0x00,CURRENT,1,0,OK,0.3,0.299,45.0,150.001,,1179.921,,,1.0,13.0
2026-08-07 11:48:40.650,299968,44996,150003824,1179.948531,,1123.270,0x00,0x00,CURRENT,1,0,OK,0.3,0.299,45.0,150.001,,1179.921,,,1.0,13.0
2026-08-07 11:48:41.485,299924,44990,150003536,1179.945490,,1124.104,0x00,0x00,CURRENT,1,0,OK,0.3,0.3,45.0,150.002,,1179.926,,,1.0,14.0
2026-08-07 11:48:42.373,299867,44981,150003456,1179.944645,,1124.992,0x00,0x00,CURRENT,1,0,OK,0.3,0.3,45.0,150.002,,1179.926,,,1.0,14.0
2026-08-07 11:48:43.188,299815,44973,150003632,1179.946504,,1125.807,0x00,0x00,CURRENT,1,0,OK,0.3,0.3,45.0,150.002,,1179.926,,,1.0,14.0
2026-08-07 11:48:44.022,299941,44992,150003456,1179.944645,,1126.641,0x00,0x00,CURRENT,1,0,OK,0.3,0.299,45.0,150.001,,1179.914,,,1.0,13.0
2026-08-07 11:48:44.872,299890,44984,150003280,1179.942787,,1127.492,0x00,0x00,CURRENT,1,0,OK,0.3,0.299,45.0,150.001,,1179.914,,,1.0,13.0
2026-08-07 11:48:45.707,300011,45003,150003184,1179.941773,,1128.326,0x00,0x00,CURRENT,1,0,OK,0.3,0.3,45.0,150.001,,1179.914,,,1.0,13.0
2026-08-07 11:48:46.522,299951,44993,150002896,1179.938732,,1129.141,0x00,0x00,CURRENT,1,0,OK,0.3,0.3,45.0,150.001,,1179.914,,,1.0,13.0
2026-08-07 11:48:47.835,299896,44985,150002640,1179.936029,,1130.455,0x00,0x00,CURRENT,1,0,OK,0.3,0.3,45.0,150.002,,1179.929,,,1.0,14.0
2026-08-07 11:48:48.651,300009,45002,150002704,1179.936705,,1131.270,0x00,0x00,CURRENT,1,0,OK,0.3,0.3,45.0,150.002,,1179.929,,,1.0,14.0
2026-08-07 11:48:49.484,300118,45018,150002352,1179.932988,,1132.104,0x00,0x00,CURRENT,1,0,OK,0.3,0.3,45.0,149.998,,1179.888,,,1.0,14.0
2026-08-07 11:48:50.372,300048,45008,150001936,1179.928595,,1132.992,0x00,0x00,CURRENT,1,0,OK,0.3,0.3,45.0,149.998,,1179.888,,,1.0,14.0
2026-08-07 11:48:51.187,299985,44998,150002176,1179.931129,,1133.807,0x00,0x00,CURRENT,1,0,OK,0.3,0.3,45.0,149.998,,1179.888,,,1.0,14.0
2026-08-07 11:48:52.021,299929,44990,150002432,1179.933832,,1134.641,0x00,0x00,CURRENT,1,0,OK,0.3,0.3,45.0,150.0,,1179.905,,,1.0,13.0
2026-08-07 11:48:52.872,299886,44984,150002224,1179.931636,,1135.492,0x00,0x00,CURRENT,1,0,OK,0.3,0.3,45.0,150.0,,1179.905,,,1.0,13.0
2026-08-07 11:48:53.706,300006,45001,150001856,1179.927750,,1136.326,0x00,0x00,CURRENT,1,0,OK,0.3,0.3,45.0,150.0,,1179.907,,,1.0,13.0
2026-08-07 11:48:54.521,299949,44993,150001696,1179.926060,,1137.141,0x00,0x00,CURRENT,1,0,OK,0.3,0.3,45.0,150.0,,1179.907,,,1.0,13.0
2026-08-07 11:48:55.835,300063,45010,150002368,1179.933156,,1138.455,0x00,0x00,CURRENT,1,0,OK,0.3,0.3,45.0,150.002,,1179.926,,,1.0,13.0
2026-08-07 11:48:56.650,300172,45027,150002720,1179.936873,,1139.270,0x00,0x00,CURRENT,1,0,OK,0.3,0.3,45.0,150.002,,1179.926,,,1.0,13.0
2026-08-07 11:48:57.485,300106,45017,150002960,1179.939408,,1140.104,0x00,0x00,CURRENT,1,0,OK,0.3,0.301,45.0,150.001,,1179.923,,,1.0,14.0
2026-08-07 11:48:58.372,300042,45007,150002800,1179.937718,,1140.991,0x00,0x00,CURRENT,1,0,OK,0.3,0.301,45.0,150.001,,1179.923,,,1.0,14.0
2026-08-07 11:48:59.187,299986,44999,150002880,1179.938563,,1141.807,0x00,0x00,CURRENT,1,0,OK,0.3,0.301,45.0,150.001,,1179.923,,,1.0,14.0
2026-08-07 11:49:00.021,299940,44992,150002480,1179.934339,,1142.641,0x00,0x00,CURRENT,1,0,OK,0.3,0.3,45.0,150.0,,1179.905,,,1.0,13.0
2026-08-07 11:49:00.872,300054,45009,150002032,1179.929608,,1143.492,0x00,0x00,CURRENT,1,0,OK,0.3,0.3,45.0,150.0,,1179.905,,,1.0,13.0
2026-08-07 11:49:01.706,299994,45000,150002304,1179.932481,,1144.326,0x00,0x00,CURRENT,1,0,OK,0.3,0.3,45.0,150.004,,1179.947,,,1.0,14.0
2026-08-07 11:49:02.521,300107,45017,150002832,1179.938056,,1145.141,0x00,0x00,CURRENT,1,0,OK,0.3,0.3,45.0,150.004,,1179.947,,,1.0,14.0
2026-08-07 11:49:03.836,300044,45008,150003008,1179.939915,,1146.455,0x00,0x00,CURRENT,1,0,OK,0.3,0.3,45.0,150.006,,1179.972,,,1.0,14.0
2026-08-07 11:49:04.650,299983,44998,150003088,1179.940759,,1147.270,0x00,0x00,CURRENT,1,0,OK,0.3,0.3,45.0,150.006,,1179.972,,,1.0,14.0
2026-08-07 11:49:05.484,300102,45016,150002992,1179.939746,,1148.104,0x00,0x00,CURRENT,1,0,OK,0.3,0.3,45.0,150.005,,1179.965,,,1.0,13.0
2026-08-07 11:49:06.371,300042,45007,150003280,1179.942787,,1148.991,0x00,0x00,CURRENT,1,0,OK,0.3,0.3,45.0,150.005,,1179.965,,,1.0,13.0
2026-08-07 11:49:07.186,300145,45023,150003232,1179.942280,,1149.806,0x00,0x00,CURRENT,1,0,OK,0.3,0.3,45.0,150.005,,1179.965,,,1.0,13.0
2026-08-07 11:49:08.020,300080,45013,150003616,1179.946335,,1150.640,0x00,0x00,CURRENT,1,0,OK,0.3,0.3,45.0,150.007,,1179.985,,,1.0,14.0
2026-08-07 11:49:08.873,300015,45003,150002944,1179.939239,,1151.493,0x00,0x00,CURRENT,1,0,OK,0.3,0.3,45.0,150.007,,1179.985,,,1.0,14.0
2026-08-07 11:49:09.707,299955,44994,150002624,1179.935860,,1152.327,0x00,0x00,CURRENT,1,0,OK,0.3,0.3,45.0,150.007,,1179.981,,,1.0,13.0
2026-08-07 11:49:10.522,300067,45011,150002192,1179.931298,,1153.142,0x00,0x00,CURRENT,1,0,OK,0.3,0.3,45.0,150.007,,1179.981,,,1.0,13.0
2026-08-07 11:49:11.836,299995,45000,150002192,1179.931298,,1154.456,0x00,0x00,CURRENT,1,0,OK,0.3,0.3,45.0,150.007,,1179.987,,,1.0,14.0
2026-08-07 11:49:12.651,299932,44990,150002240,1179.931805,,1155.270,0x00,0x00,CURRENT,1,0,OK,0.3,0.3,45.0,150.007,,1179.987,,,1.0,14.0
2026-08-07 11:49:13.485,299883,44983,150001952,1179.928764,,1156.104,0x00,0x00,CURRENT,1,0,OK,0.3,0.3,45.0,150.003,,1179.944,,,1.0,13.0
2026-08-07 11:49:14.372,300006,45001,150002016,1179.929439,,1156.992,0x00,0x00,CURRENT,1,0,OK,0.3,0.3,45.0,150.003,,1179.944,,,1.0,13.0
2026-08-07 11:49:15.187,300122,45019,150001824,1179.927412,,1157.806,0x00,0x00,CURRENT,1,0,OK,0.3,0.3,45.0,150.003,,1179.944,,,1.0,13.0
2026-08-07 11:49:16.021,300062,45010,150002128,1179.930622,,1158.640,0x00,0x00,CURRENT,1,0,OK,0.3,0.301,45.0,150.002,,1179.931,,,1.0,14.0
2026-08-07 11:49:16.872,300006,45002,150002288,1179.932312,,1159.492,0x00,0x00,CURRENT,1,0,OK,0.3,0.301,45.0,150.002,,1179.931,,,1.0,14.0
2026-08-07 11:49:17.706,299942,44992,150002352,1179.932988,,1160.326,0x00,0x00,CURRENT,1,0,OK,0.3,0.3,45.0,150.004,,1179.95,,,1.0,13.0
2026-08-07 11:49:18.521,299891,44984,150001888,1179.928088,,1161.141,0x00,0x00,CURRENT,1,0,OK,0.3,0.3,45.0,150.004,,1179.95,,,1.0,13.0
2026-08-07 11:49:19.835,300012,45002,150001552,1179.924540,,1162.455,0x00,0x00,CURRENT,1,0,OK,0.3,0.299,45.0,150.005,,1179.961,,,1.0,13.0
2026-08-07 11:49:20.650,300119,45018,150001392,1179.922850,,1163.270,0x00,0x00,CURRENT,1,0,OK,0.3,0.299,45.0,150.005,,1179.961,,,1.0,13.0
2026-08-07 11:49:21.484,300067,45011,150002000,1179.929271,,1164.104,0x00,0x00,CURRENT,1,0,OK,0.3,0.301,45.0,150.001,,1179.922,,,1.0,14.0
2026-08-07 11:49:22.372,300012,45002,150001808,1179.927243,,1164.992,0x00,0x00,CURRENT,1,0,OK,0.3,0.301,45.0,150.001,,1179.922,,,1.0,14.0
2026-08-07 11:49:23.187,299957,44994,150001488,1179.923864,,1165.807,0x00,0x00,CURRENT,1,0,OK,0.3,0.301,45.0,150.001,,1179.922,,,1.0,14.0
2026-08-07 11:49:24.021,300077,45012,150001232,1179.921161,,1166.641,0x00,0x00,CURRENT,1,0,OK,0.3,0.3,45.0,150.001,,1179.919,,,1.0,13.0
2026-08-07 11:49:24.872,300025,45004,150000896,1179.917613,,1167.491,0x00,0x00,CURRENT,1,0,OK,0.3,0.3,45.0,150.001,,1179.919,,,1.0,13.0
2026-08-07 11:49:25.706,299964,44995,150001504,1179.924033,,1168.326,0x00,0x00,CURRENT,1,0,OK,0.3,0.3,45.0,150.002,,1179.926,,,1.0,13.0
2026-08-07 11:49:26.521,300079,45012,150001760,1179.926736,,1169.141,0x00,0x00,CURRENT,1,0,OK,0.3,0.3,45.0,150.002,,1179.926,,,1.0,13.0
2026-08-07 11:49:27.835,300022,45004,150001488,1179.923864,,1170.455,0x00,0x00,CURRENT,1,0,OK,0.3,0.3,45.0,150.001,,1179.924,,,1.0,14.0
2026-08-07 11:49:28.650,300138,45021,150000960,1179.918288,,1171.270,0x00,0x00,CURRENT,1,0,OK,0.3,0.3,45.0,150.001,,1179.924,,,1.0,14.0
2026-08-07 11:49:29.484,300075,45012,150000976,1179.918457,,1172.103,0x00,0x00,CURRENT,1,0,OK,0.3,0.3,45.0,149.999,,1179.9,,,1.0,14.0
2026-08-07 11:49:30.372,300018,45003,150001248,1179.921330,,1172.992,0x00,0x00,CURRENT,1,0,OK,0.3,0.3,45.0,149.999,,1179.9,,,1.0,14.0
2026-08-07 11:49:31.187,299960,44994,150000880,1179.917444,,1173.807,0x00,0x00,CURRENT,1,0,OK,0.3,0.3,45.0,149.999,,1179.9,,,1.0,14.0
2026-08-07 11:49:32.021,300074,45011,150000832,1179.916937,,1174.641,0x00,0x00,CURRENT,1,0,OK,0.3,0.3,45.0,150.002,,1179.93,,,1.0,13.0
2026-08-07 11:49:32.872,300022,45003,150000560,1179.914065,,1175.491,0x00,0x00,CURRENT,1,0,OK,0.3,0.3,45.0,150.002,,1179.93,,,1.0,13.0
2026-08-07 11:49:33.706,300133,45020,150000208,1179.910348,,1176.325,0x00,0x00,CURRENT,1,0,OK,0.3,0.3,45.0,150.002,,1179.934,,,1.0,13.0
2026-08-07 11:49:34.521,300075,45011,149999808,1179.906124,,1177.140,0x00,0x00,CURRENT,1,0,OK,0.3,0.3,45.0,150.002,,1179.934,,,1.0,13.0
2026-08-07 11:49:35.835,300022,45003,149999520,1179.903083,,1178.454,0x00,0x00,CURRENT,1,0,OK,0.3,0.3,45.0,150.003,,1179.941,,,1.0,14.0
2026-08-07 11:49:36.650,299967,44995,149999568,1179.903589,,1179.269,0x00,0x00,CURRENT,1,0,OK,0.3,0.3,45.0,150.003,,1179.941,,,1.0,14.0
2026-08-07 11:49:37.484,300081,45012,149999984,1179.907982,,1180.103,0x00,0x00,CURRENT,1,0,OK,0.3,0.299,45.0,150.002,,1179.925,,,1.0,13.0
2026-08-07 11:49:38.372,300192,45029,150000544,1179.913896,,1180.991,0x00,0x00,CURRENT,1,0,OK,0.3,0.299,45.0,150.002,,1179.925,,,1.0,13.0
2026-08-07 11:49:39.187,300137,45021,150000704,1179.915585,,1181.807,0x00,0x00,CURRENT,1,0,OK,0.3,0.299,45.0,150.002,,1179.925,,,1.0,13.0
2026-08-07 11:49:40.021,300077,45012,150001216,1179.920992,,1182.640,0x00,0x00,CURRENT,1,0,OK,0.3,0.3,45.0,150.002,,1179.928,,,1.0,14.0
2026-08-07 11:49:40.872,300017,45003,150001584,1179.924878,,1183.491,0x00,0x00,CURRENT,1,0,OK,0.3,0.3,45.0,150.002,,1179.928,,,1.0,14.0
2026-08-07 11:49:41.706,299961,44995,150002064,1179.929946,,1184.325,0x00,0x00,CURRENT,1,0,OK,0.3,0.3,45.0,150.004,,1179.95,,,1.0,13.0
2026-08-07 11:49:42.521,300081,45013,150002608,1179.935691,,1185.140,0x00,0x00,CURRENT,1,0,OK,0.3,0.3,45.0,150.004,,1179.95,,,1.0,13.0
2026-08-07 11:49:43.835,300021,45004,150002368,1179.933156,,1186.454,0x00,0x00,CURRENT,1,0,OK,0.3,0.3,45.0,150.005,,1179.958,,,1.0,14.0
2026-08-07 11:49:44.650,300131,45020,150002432,1179.933832,,1187.269,0x00,0x00,CURRENT,1,0,OK,0.3,0.3,45.0,150.005,,1179.958,,,1.0,14.0
2026-08-07 11:49:45.484,300239,45037,150002912,1179.938901,,1188.103,0x00,0x00,CURRENT,1,0,OK,0.3,0.3,45.0,150.008,,1179.992,,,1.0,14.0
2026-08-07 11:49:46.372,300173,45027,150003312,1179.943125,,1188.991,0x00,0x00,CURRENT,1,0,OK,0.3,0.3,45.0,150.008,,1179.992,,,1.0,14.0
2026-08-07 11:49:47.187,300112,45018,150003392,1179.943970,,1189.806,0x00,0x00,CURRENT,1,0,OK,0.3,0.3,45.0,150.008,,1179.992,,,1.0,14.0
2026-08-07 11:49:48.021,300054,45009,150003296,1179.942956,,1190.640,0x00,0x00,CURRENT,1,0,OK,0.3,0.3,45.0,150.008,,1179.996,,,1.0,13.0
2026-08-07 11:49:48.873,299993,45000,150003376,1179.943801,,1191.492,0x00,0x00,CURRENT,1,0,OK,0.3,0.3,45.0,150.008,,1179.996,,,1.0,13.0
2026-08-07 11:49:49.707,299937,44991,150002960,1179.939408,,1192.326,0x00,0x00,CURRENT,1,0,OK,0.3,0.299,45.0,150.007,,1179.985,,,1.0,13.0
2026-08-07 11:49:50.522,300050,45008,150002640,1179.936029,,1193.141,0x00,0x00,CURRENT,1,0,OK,0.3,0.299,45.0,150.007,,1179.985,,,1.0,13.0
2026-08-07 11:49:51.836,299997,45000,150002608,1179.935691,,1194.455,0x00,0x00,CURRENT,1,0,OK,0.3,0.3,45.0,150.005,,1179.966,,,1.0,14.0
2026-08-07 11:49:52.651,299945,44993,150002784,1179.937549,,1195.270,0x00,0x00,CURRENT,1,0,OK,0.3,0.3,45.0,150.005,,1179.966,,,1.0,14.0
2026-08-07 11:49:53.485,299898,44985,150002336,1179.932819,,1196.104,0x00,0x00,CURRENT,1,0,OK,0.3,0.3,45.0,150.007,,1179.978,,,1.0,13.0
2026-08-07 11:49:54.372,300014,45003,150002112,1179.930453,,1196.991,0x00,0x00,CURRENT,1,0,OK,0.3,0.3,45.0,150.007,,1179.978,,,1.0,13.0
2026-08-07 11:49:55.187,299956,44994,150002256,1179.931974,,1197.806,0x00,0x00,CURRENT,1,0,OK,0.3,0.3,45.0,150.007,,1179.978,,,1.0,13.0
2026-08-07 11:49:56.021,299901,44986,150002672,1179.936367,,1198.640,0x00,0x00,CURRENT,1,0,OK,0.3,0.3,45.0,150.003,,1179.94,,,1.0,13.0
2026-08-07 11:49:56.872,300022,45004,150002832,1179.938056,,1199.491,0x00,0x00,CURRENT,1,0,OK,0.3,0.3,45.0,150.003,,1179.94,,,1.0,13.0
2026-08-07 11:49:57.706,299969,44996,150003264,1179.942618,,1200.325,0x00,0x00,CURRENT,1,0,OK,0.3,0.3,45.0,150.01,,1180.01,,,1.0,14.0
2026-08-07 11:49:58.521,299923,44990,150003712,1179.947349,,1201.140,0x00,0x00,CURRENT,1,0,OK,0.3,0.3,45.0,150.01,,1180.01,,,1.0,14.0
2026-08-07 11:49:59.835,299882,44983,150003840,1179.948700,,1202.454,0x00,0x00,CURRENT,1,0,OK,0.3,0.3,45.0,150.006,,1179.974,,,1.0,13.0
2026-08-07 11:50:00.650,299836,44977,150004048,1179.950897,,1203.269,0x00,0x00,CURRENT,1,0,OK,0.3,0.3,45.0,150.006,,1179.974,,,1.0,13.0
2026-08-07 11:50:01.484,299791,44970,150003280,1179.942787,,1204.103,0x00,0x00,CURRENT,1,0,OK,0.3,0.3,45.0,150.007,,1179.978,,,1.0,13.0
2026-08-07 11:50:02.372,299918,44989,150003168,1179.941604,,1204.991,0x00,0x00,CURRENT,1,0,OK,0.3,0.3,45.0,150.007,,1179.978,,,1.0,13.0
2026-08-07 11:50:03.187,299868,44981,150003376,1179.943801,,1205.806,0x00,0x00,CURRENT,1,0,OK,0.3,0.3,45.0,150.007,,1179.978,,,1.0,13.0
2026-08-07 11:50:04.021,299822,44974,150003552,1179.945659,,1206.640,0x00,0x00,CURRENT,1,0,OK,0.3,0.3,45.0,150.008,,1179.997,,,1.0,13.0
2026-08-07 11:50:04.873,299952,44994,150003136,1179.941266,,1207.492,0x00,0x00,CURRENT,1,0,OK,0.3,0.3,45.0,150.008,,1179.997,,,1.0,13.0
2026-08-07 11:50:05.706,299900,44986,150002464,1179.934170,,1208.326,0x00,0x00,CURRENT,1,0,OK,0.3,0.3,45.0,150.007,,1179.986,,,1.0,14.0
2026-08-07 11:50:06.521,299856,44979,150003136,1179.941266,,1209.141,0x00,0x00,CURRENT,1,0,OK,0.3,0.3,45.0,150.007,,1179.986,,,1.0,14.0
2026-08-07 11:50:07.836,299979,44998,150003344,1179.943463,,1210.455,0x00,0x00,CURRENT,1,0,OK,0.3,0.3,45.0,150.006,,1179.972,,,1.0,13.0
2026-08-07 11:50:08.651,300088,45014,150003568,1179.945828,,1211.270,0x00,0x00,CURRENT,1,0,OK,0.3,0.3,45.0,150.006,,1179.972,,,1.0,13.0
2026-08-07 11:50:09.485,300020,45004,150003088,1179.940759,,1212.104,0x00,0x00,CURRENT,1,0,OK,0.3,0.301,45.0,150.002,,1179.931,,,1.0,14.0
2026-08-07 11:50:10.372,299967,44996,150003152,1179.941435,,1212.991,0x00,0x00,CURRENT,1,0,OK,0.3,0.301,45.0,150.002,,1179.931,,,1.0,14.0
2026-08-07 11:50:11.186,299916,44988,150002448,1179.934001,,1213.806,0x00,0x00,CURRENT,1,0,OK,0.3,0.301,45.0,150.002,,1179.931,,,1.0,14.0
2026-08-07 11:50:12.020,299881,44983,150002240,1179.931805,,1214.640,0x00,0x00,CURRENT,1,0,OK,0.3,0.3,45.0,149.998,,1179.886,,,1.0,13.0
2026-08-07 11:50:12.873,299840,44976,150001536,1179.924371,,1215.492,0x00,0x00,CURRENT,1,0,OK,0.3,0.3,45.0,149.998,,1179.886,,,1.0,13.0
2026-08-07 11:50:13.706,299974,44997,150001568,1179.924709,,1216.326,0x00,0x00,CURRENT,1,0,OK,0.3,0.299,45.0,150.003,,1179.938,,,1.0,13.0
2026-08-07 11:50:14.521,300096,45015,150002400,1179.933494,,1217.141,0x00,0x00,CURRENT,1,0,OK,0.3,0.299,45.0,150.003,,1179.938,,,1.0,13.0
2026-08-07 11:50:15.836,300044,45007,150002352,1179.932988,,1218.455,0x00,0x00,CURRENT,1,0,OK,0.3,0.301,45.0,150.002,,1179.932,,,1.0,14.0
2026-08-07 11:50:16.650,299991,44999,150002400,1179.933494,,1219.270,0x00,0x00,CURRENT,1,0,OK,0.3,0.301,45.0,150.002,,1179.932,,,1.0,14.0
2026-08-07 11:50:17.484,299946,44993,150002928,1179.939070,,1220.104,0x00,0x00,CURRENT,1,0,OK,0.3,0.3,45.0,150.003,,1179.938,,,1.0,13.0
2026-08-07 11:50:18.371,299905,44987,150002688,1179.936536,,1220.991,0x00,0x00,CURRENT,1,0,OK,0.3,0.3,45.0,150.003,,1179.938,,,1.0,13.0
2026-08-07 11:50:19.186,300029,45005,150003152,1179.941435,,1221.806,0x00,0x00,CURRENT,1,0,OK,0.3,0.3,45.0,150.003,,1179.938,,,1.0,13.0
2026-08-07 11:50:20.021,299970,44997,150003792,1179.948193,,1222.640,0x00,0x00,CURRENT,1,0,OK,0.3,0.3,45.0,150.003,,1179.939,,,1.0,14.0
2026-08-07 11:50:20.872,300089,45015,150004112,1179.951573,,1223.492,0x00,0x00,CURRENT,1,0,OK,0.3,0.3,45.0,150.003,,1179.939,,,1.0,14.0
2026-08-07 11:50:21.706,300035,45006,150003760,1179.947856,,1224.326,0x00,0x00,CURRENT,1,0,OK,0.3,0.301,45.0,150.002,,1179.924,,,1.0,14.0
2026-08-07 11:50:22.521,299982,44998,150003472,1179.944814,,1225.141,0x00,0x00,CURRENT,1,0,OK,0.3,0.301,45.0,150.002,,1179.924,,,1.0,14.0
2026-08-07 11:50:23.835,299935,44991,150003136,1179.941266,,1226.455,0x00,0x00,CURRENT,1,0,OK,0.3,0.3,45.0,150.005,,1179.96,,,1.0,13.0
2026-08-07 11:50:24.650,300061,45010,150003056,1179.940422,,1227.270,0x00,0x00,CURRENT,1,0,OK,0.3,0.3,45.0,150.005,,1179.96,,,1.0,13.0
2026-08-07 11:50:25.484,300177,45027,150003312,1179.943125,,1228.104,0x00,0x00,CURRENT,1,0,OK,0.3,0.3,45.0,150.004,,1179.948,,,1.0,14.0
2026-08-07 11:50:26.373,300117,45019,150003552,1179.945659,,1228.992,0x00,0x00,CURRENT,1,0,OK,0.3,0.3,45.0,150.004,,1179.948,,,1.0,14.0
2026-08-07 11:50:27.187,300057,45010,150003312,1179.943125,,1229.807,0x00,0x00,CURRENT,1,0,OK,0.3,0.3,45.0,150.004,,1179.948,,,1.0,14.0
2026-08-07 11:50:28.021,300000,45001,150003856,1179.948869,,1230.641,0x00,0x00,CURRENT,1,0,OK,0.3,0.3,45.0,150.002,,1179.928,,,1.0,13.0
2026-08-07 11:50:28.872,299952,44994,150004064,1179.951066,,1231.492,0x00,0x00,CURRENT,1,0,OK,0.3,0.3,45.0,150.002,,1179.928,,,1.0,13.0
2026-08-07 11:50:29.707,299910,44988,150004336,1179.953938,,1232.326,0x00,0x00,CURRENT,1,0,OK,0.3,0.3,45.0,150.005,,1179.962,,,1.0,13.0
2026-08-07 11:50:30.522,300037,45007,150004384,1179.954445,,1233.141,0x00,0x00,CURRENT,1,0,OK,0.3,0.3,45.0,150.005,,1179.962,,,1.0,13.0
2026-08-07 11:50:31.836,299985,44999,150004224,1179.952755,,1234.455,0x00,0x00,CURRENT,1,0,OK,0.3,0.3,45.0,150.004,,1179.946,,,1.0,14.0
2026-08-07 11:50:32.650,299943,44993,150003856,1179.948869,,1235.270,0x00,0x00,CURRENT,1,0,OK,0.3,0.3,45.0,150.004,,1179.946,,,1.0,14.0
2026-08-07 11:50:33.484,299901,44986,150003568,1179.945828,,1236.103,0x00,0x00,CURRENT,1,0,OK,0.3,0.3,45.0,150.001,,1179.922,,,1.0,14.0
2026-08-07 11:50:34.373,299861,44980,150003280,1179.942787,,1236.993,0x00,0x00,CURRENT,1,0,OK,0.3,0.3,45.0,150.001,,1179.922,,,1.0,14.0
2026-08-07 11:50:35.188,299819,44974,150003568,1179.945828,,1237.808,0x00,0x00,CURRENT,1,0,OK,0.3,0.3,45.0,150.001,,1179.922,,,1.0,14.0
2026-08-07 11:50:36.022,299951,44994,150003152,1179.941435,,1238.642,0x00,0x00,CURRENT,1,0,OK,0.3,0.299,45.0,150.003,,1179.943,,,1.0,13.0
2026-08-07 11:50:36.872,300076,45012,150003360,1179.943632,,1239.492,0x00,0x00,CURRENT,1,0,OK,0.3,0.299,45.0,150.003,,1179.943,,,1.0,13.0
2026-08-07 11:50:37.706,300027,45005,150003024,1179.940084,,1240.326,0x00,0x00,CURRENT,1,0,OK,0.3,0.301,45.0,150.006,,1179.973,,,1.0,14.0
2026-08-07 11:50:38.521,299983,44998,150002976,1179.939577,,1241.141,0x00,0x00,CURRENT,1,0,OK,0.3,0.301,45.0,150.006,,1179.973,,,1.0,14.0
2026-08-07 11:50:39.835,299936,44991,150003136,1179.941266,,1242.455,0x00,0x00,CURRENT,1,0,OK,0.3,0.3,45.0,150.005,,1179.956,,,1.0,14.0
2026-08-07 11:50:40.650,299894,44985,150003184,1179.941773,,1243.270,0x00,0x00,CURRENT,1,0,OK,0.3,0.3,45.0,150.005,,1179.956,,,1.0,14.0
2026-08-07 11:50:41.484,299858,44980,150002912,1179.938901,,1244.104,0x00,0x00,CURRENT,1,0,OK,0.3,0.3,45.0,150.004,,1179.952,,,1.0,13.0
2026-08-07 11:50:42.373,299995,45000,150003488,1179.944983,,1244.993,0x00,0x00,CURRENT,1,0,OK,0.3,0.3,45.0,150.004,,1179.952,,,1.0,13.0
2026-08-07 11:50:43.188,300112,45018,150004208,1179.952586,,1245.808,0x00,0x00,CURRENT,1,0,OK,0.3,0.3,45.0,150.004,,1179.952,,,1.0,13.0
2026-08-07 11:50:44.022,300057,45010,150003968,1179.950052,,1246.642,0x00,0x00,CURRENT,1,0,OK,0.3,0.301,45.0,150.003,,1179.941,,,1.0,14.0
2026-08-07 11:50:44.872,300003,45002,150004064,1179.951066,,1247.491,0x00,0x00,CURRENT,1,0,OK,0.3,0.301,45.0,150.003,,1179.941,,,1.0,14.0
2026-08-07 11:50:45.706,299947,44993,150004576,1179.956472,,1248.325,0x00,0x00,CURRENT,1,0,OK,0.3,0.3,45.0,150.006,,1179.971,,,1.0,14.0
2026-08-07 11:50:46.521,299899,44986,150004800,1179.958838,,1249.141,0x00,0x00,CURRENT,1,0,OK,0.3,0.3,45.0,150.006,,1179.971,,,1.0,14.0
2026-08-07 11:50:47.835,300021,45005,150004336,1179.953938,,1250.455,0x00,0x00,CURRENT,1,0,OK,0.3,0.3,45.0,150.003,,1179.94,,,1.0,13.0
2026-08-07 11:50:48.650,299976,44998,150004672,1179.957486,,1251.270,0x00,0x00,CURRENT,1,0,OK,0.3,0.3,45.0,150.003,,1179.94,,,1.0,13.0
2026-08-07 11:50:49.484,299935,44992,150005216,1179.963230,,1252.104,0x00,0x00,CURRENT,1,0,OK,0.3,0.3,45.0,150.001,,1179.917,,,1.0,13.0
2026-08-07 11:50:50.372,300067,45012,150005072,1179.961710,,1252.992,0x00,0x00,CURRENT,1,0,OK,0.3,0.3,45.0,150.001,,1179.917,,,1.0,13.0
2026-08-07 11:50:51.187,300017,45004,150005568,1179.966947,,1253.807,0x00,0x00,CURRENT,1,0,OK,0.3,0.3,45.0,150.001,,1179.917,,,1.0,13.0
2026-08-07 11:50:52.021,299974,44998,150005040,1179.961372,,1254.640,0x00,0x00,CURRENT,1,0,OK,0.3,0.3,45.0,150.0,,1179.913,,,1.0,14.0
2026-08-07 11:50:52.872,299935,44992,150004560,1179.956303,,1255.491,0x00,0x00,CURRENT,1,0,OK,0.3,0.3,45.0,150.0,,1179.913,,,1.0,14.0
2026-08-07 11:50:53.706,300062,45011,150004800,1179.958838,,1256.325,0x00,0x00,CURRENT,1,0,OK,0.3,0.3,45.0,150.002,,1179.93,,,1.0,13.0
2026-08-07 11:50:54.521,300013,45003,150004944,1179.960358,,1257.141,0x00,0x00,CURRENT,1,0,OK,0.3,0.3,45.0,150.002,,1179.93,,,1.0,13.0
2026-08-07 11:50:55.835,300140,45022,150004880,1179.959682,,1258.455,0x00,0x00,CURRENT,1,0,OK,0.3,0.3,45.0,150.006,,1179.974,,,1.0,14.0
2026-08-07 11:50:56.650,300084,45014,150004112,1179.951573,,1259.270,0x00,0x00,CURRENT,1,0,OK,0.3,0.3,45.0,150.006,,1179.974,,,1.0,14.0
2026-08-07 11:50:57.484,300032,45006,150003872,1179.949038,,1260.104,0x00,0x00,CURRENT,1,0,OK,0.3,0.3,45.0,150.005,,1179.957,,,1.0,14.0
2026-08-07 11:50:58.372,299989,44999,150003248,1179.942449,,1260.992,0x00,0x00,CURRENT,1,0,OK,0.3,0.3,45.0,150.005,,1179.957,,,1.0,14.0
2026-08-07 11:50:59.187,299942,44992,150002864,1179.938394,,1261.806,0x00,0x00,CURRENT,1,0,OK,0.3,0.3,45.0,150.005,,1179.957,,,1.0,14.0
2026-08-07 11:51:00.021,300062,45010,150002880,1179.938563,,1262.640,0x00,0x00,CURRENT,1,0,OK,0.3,0.3,45.0,150.003,,1179.937,,,1.0,13.0
2026-08-07 11:51:00.872,300185,45029,150002928,1179.939070,,1263.491,0x00,0x00,CURRENT,1,0,OK,0.3,0.3,45.0,150.003,,1179.937,,,1.0,13.0
2026-08-07 11:51:01.706,300123,45019,150002944,1179.939239,,1264.325,0x00,0x00,CURRENT,1,0,OK,0.3,0.301,45.0,150.004,,1179.954,,,1.0,14.0
2026-08-07 11:51:02.521,300063,45010,150003040,1179.940253,,1265.141,0x00,0x00,CURRENT,1,0,OK,0.3,0.301,45.0,150.004,,1179.954,,,1.0,14.0
2026-08-07 11:51:03.835,300011,45003,150003168,1179.941604,,1266.454,0x00,0x00,CURRENT,1,0,OK,0.3,0.3,45.0,150.005,,1179.956,,,1.0,14.0
2026-08-07 11:51:04.650,299964,44996,150003488,1179.944983,,1267.269,0x00,0x00,CURRENT,1,0,OK,0.3,0.3,45.0,150.005,,1179.956,,,1.0,14.0
2026-08-07 11:51:05.484,300080,45013,150003568,1179.945828,,1268.104,0x00,0x00,CURRENT,1,0,OK,0.3,0.299,45.0,150.006,,1179.971,,,1.0,13.0
2026-08-07 11:51:06.372,300196,45030,150003424,1179.944308,,1268.991,0x00,0x00,CURRENT,1,0,OK,0.3,0.299,45.0,150.006,,1179.971,,,1.0,13.0
2026-08-07 11:51:07.187,300142,45022,150003824,1179.948531,,1269.806,0x00,0x00,CURRENT,1,0,OK,0.3,0.299,45.0,150.006,,1179.971,,,1.0,13.0
2026-08-07 11:51:08.021,300082,45014,150004176,1179.952248,,1270.640,0x00,0x00,CURRENT,1,0,OK,0.3,0.3,45.0,150.008,,1179.989,,,1.0,14.0
2026-08-07 11:51:08.872,300025,45005,150004576,1179.956472,,1271.491,0x00,0x00,CURRENT,1,0,OK,0.3,0.3,45.0,150.008,,1179.989,,,1.0,14.0
2026-08-07 11:51:09.706,299975,44998,150004880,1179.959682,,1272.325,0x00,0x00,CURRENT,1,0,OK,0.3,0.3,45.0,150.006,,1179.971,,,1.0,13.0
2026-08-07 11:51:10.521,299927,44991,150005072,1179.961710,,1273.140,0x00,0x00,CURRENT,1,0,OK,0.3,0.3,45.0,150.006,,1179.971,,,1.0,13.0
2026-08-07 11:51:11.835,299889,44985,150005328,1179.964413,,1274.454,0x00,0x00,CURRENT,1,0,OK,0.3,0.299,45.0,150.005,,1179.964,,,1.0,13.0
2026-08-07 11:51:12.650,299847,44979,150004736,1179.958162,,1275.269,0x00,0x00,CURRENT,1,0,OK,0.3,0.299,45.0,150.005,,1179.964,,,1.0,13.0
2026-08-07 11:51:13.484,299977,44998,150004512,1179.955796,,1276.103,0x00,0x00,CURRENT,1,0,OK,0.3,0.3,45.0,150.006,,1179.972,,,1.0,13.0
2026-08-07 11:51:14.373,299930,44991,150004176,1179.952248,,1276.992,0x00,0x00,CURRENT,1,0,OK,0.3,0.3,45.0,150.006,,1179.972,,,1.0,13.0
2026-08-07 11:51:15.188,299889,44985,150004256,1179.953093,,1277.807,0x00,0x00,CURRENT,1,0,OK,0.3,0.3,45.0,150.006,,1179.972,,,1.0,13.0
2026-08-07 11:51:16.022,299839,44977,150004080,1179.951235,,1278.641,0x00,0x00,CURRENT,1,0,OK,0.3,0.3,45.0,150.004,,1179.95,,,1.0,13.0
2026-08-07 11:51:16.872,299968,44996,150004176,1179.952248,,1279.491,0x00,0x00,CURRENT,1,0,OK,0.3,0.3,45.0,150.004,,1179.95,,,1.0,13.0
2026-08-07 11:51:17.706,300090,45015,150003920,1179.949545,,1280.325,0x00,0x00,CURRENT,1,0,OK,0.3,0.3,45.0,150.003,,1179.938,,,1.0,14.0
2026-08-07 11:51:18.521,300036,45007,150004144,1179.951910,,1281.140,0x00,0x00,CURRENT,1,0,OK,0.3,0.3,45.0,150.003,,1179.938,,,1.0,14.0
2026-08-07 11:51:19.835,299986,44999,150003728,1179.947518,,1282.454,0x00,0x00,CURRENT,1,0,OK,0.3,0.3,45.0,150.004,,1179.946,,,1.0,14.0
2026-08-07 11:51:20.650,299939,44992,150003760,1179.947856,,1283.269,0x00,0x00,CURRENT,1,0,OK,0.3,0.3,45.0,150.004,,1179.946,,,1.0,14.0
2026-08-07 11:51:21.484,299894,44985,150003760,1179.947856,,1284.103,0x00,0x00,CURRENT,1,0,OK,0.3,0.3,45.0,150.006,,1179.974,,,1.0,13.0
2026-08-07 11:51:22.373,299851,44979,150003600,1179.946166,,1284.992,0x00,0x00,CURRENT,1,0,OK,0.3,0.3,45.0,150.006,,1179.974,,,1.0,13.0
2026-08-07 11:51:23.188,299984,44999,150003136,1179.941266,,1285.807,0x00,0x00,CURRENT,1,0,OK,0.3,0.3,45.0,150.006,,1179.974,,,1.0,13.0
2026-08-07 11:51:24.022,300102,45016,150002656,1179.936198,,1286.641,0x00,0x00,CURRENT,1,0,OK,0.3,0.3,45.0,150.006,,1179.975,,,1.0,14.0
2026-08-07 11:51:24.873,300044,45007,150003008,1179.939915,,1287.492,0x00,0x00,CURRENT,1,0,OK,0.3,0.3,45.0,150.006,,1179.975,,,1.0,14.0
2026-08-07 11:51:25.707,300004,45002,150003232,1179.942280,,1288.326,0x00,0x00,CURRENT,1,0,OK,0.3,0.3,45.0,150.006,,1179.971,,,1.0,14.0
2026-08-07 11:51:26.522,299948,44993,150003216,1179.942111,,1289.141,0x00,0x00,CURRENT,1,0,OK,0.3,0.3,45.0,150.006,,1179.971,,,1.0,14.0
2026-08-07 11:51:27.836,300073,45012,150003392,1179.943970,,1290.455,0x00,0x00,CURRENT,1,0,OK,0.3,0.3,45.0,150.006,,1179.969,,,1.0,13.0
2026-08-07 11:51:28.650,300189,45030,150003824,1179.948531,,1291.270,0x00,0x00,CURRENT,1,0,OK,0.3,0.3,45.0,150.006,,1179.969,,,1.0,13.0
2026-08-07 11:51:29.485,300132,45021,150003776,1179.948025,,1292.104,0x00,0x00,CURRENT,1,0,OK,0.3,0.301,45.0,150.008,,1179.992,,,1.0,14.0
2026-08-07 11:51:30.372,300077,45013,150003712,1179.947349,,1292.991,0x00,0x00,CURRENT,1,0,OK,0.3,0.301,45.0,150.008,,1179.992,,,1.0,14.0
2026-08-07 11:51:31.186,300021,45004,150003424,1179.944308,,1293.806,0x00,0x00,CURRENT,1,0,OK,0.3,0.301,45.0,150.008,,1179.992,,,1.0,14.0
2026-08-07 11:51:32.021,299967,44996,150003696,1179.947180,,1294.640,0x00,0x00,CURRENT,1,0,OK,0.3,0.3,45.0,150.003,,1179.945,,,1.0,13.0
2026-08-07 11:51:32.872,299930,44991,150004288,1179.953431,,1295.491,0x00,0x00,CURRENT,1,0,OK,0.3,0.3,45.0,150.003,,1179.945,,,1.0,13.0
2026-08-07 11:51:33.705,299889,44985,150004144,1179.951910,,1296.325,0x00,0x00,CURRENT,1,0,OK,0.3,0.299,45.0,150.008,,1179.993,,,1.0,13.0
2026-08-07 11:51:34.520,300017,45004,150004272,1179.953262,,1297.140,0x00,0x00,CURRENT,1,0,OK,0.3,0.299,45.0,150.008,,1179.993,,,1.0,13.0
2026-08-07 11:51:35.835,299963,44996,150003760,1179.947856,,1298.454,0x00,0x00,CURRENT,1,0,OK,0.3,0.3,45.0,150.009,,1180.005,,,1.0,14.0
2026-08-07 11:51:36.650,299911,44988,150003408,1179.944139,,1299.269,0x00,0x00,CURRENT,1,0,OK,0.3,0.3,45.0,150.009,,1180.005,,,1.0,14.0
2026-08-07 11:51:37.483,299860,44980,150003072,1179.940591,,1300.103,0x00,0x00,CURRENT,1,0,OK,0.3,0.3,45.0,150.007,,1179.986,,,1.0,13.0
2026-08-07 11:51:38.373,299980,44998,150002848,1179.938225,,1300.992,0x00,0x00,CURRENT,1,0,OK,0.3,0.3,45.0,150.007,,1179.986,,,1.0,13.0
2026-08-07 11:51:39.188,299932,44991,150002848,1179.938225,,1301.807,0x00,0x00,CURRENT,1,0,OK,0.3,0.3,45.0,150.007,,1179.986,,,1.0,13.0
2026-08-07 11:51:40.022,299883,44983,150003104,1179.940928,,1302.641,0x00,0x00,CURRENT,1,0,OK,0.3,0.3,45.0,150.009,,1180.007,,,1.0,13.0
2026-08-07 11:51:40.872,299846,44978,150003600,1179.946166,,1303.491,0x00,0x00,CURRENT,1,0,OK,0.3,0.3,45.0,150.009,,1180.007,,,1.0,13.0
2026-08-07 11:51:41.706,299980,44998,150003648,1179.946673,,1304.325,0x00,0x00,CURRENT,1,0,OK,0.3,0.3,45.0,150.005,,1179.964,,,1.0,13.0
2026-08-07 11:51:42.521,300105,45017,150004352,1179.954107,,1305.140,0x00,0x00,CURRENT,1,0,OK,0.3,0.3,45.0,150.005,,1179.964,,,1.0,13.0
2026-08-07 11:51:43.835,300046,45008,150004304,1179.953600,,1306.454,0x00,0x00,CURRENT,1,0,OK,0.3,0.301,45.0,150.006,,1179.968,,,1.0,14.0
2026-08-07 11:51:44.650,299993,45000,150004880,1179.959682,,1307.269,0x00,0x00,CURRENT,1,0,OK,0.3,0.301,45.0,150.006,,1179.968,,,1.0,14.0
2026-08-07 11:51:45.484,299955,44995,150005136,1179.962386,,1308.103,0x00,0x00,CURRENT,1,0,OK,0.3,0.3,45.0,150.004,,1179.948,,,1.0,13.0
2026-08-07 11:51:46.372,299912,44988,150005024,1179.961203,,1308.992,0x00,0x00,CURRENT,1,0,OK,0.3,0.3,45.0,150.004,,1179.948,,,1.0,13.0
2026-08-07 11:51:47.187,299861,44981,150004896,1179.959851,,1309.807,0x00,0x00,CURRENT,1,0,OK,0.3,0.3,45.0,150.004,,1179.948,,,1.0,13.0
2026-08-07 11:51:48.021,299988,45000,150004480,1179.955459,,1310.641,0x00,0x00,CURRENT,1,0,OK,0.3,0.299,45.0,150.002,,1179.93,,,1.0,13.0
2026-08-07 11:51:48.872,300104,45017,150004624,1179.956979,,1311.492,0x00,0x00,CURRENT,1,0,OK,0.3,0.299,45.0,150.002,,1179.93,,,1.0,13.0
2026-08-07 11:51:49.706,300046,45008,150004368,1179.954276,,1312.326,0x00,0x00,CURRENT,1,0,OK,0.3,0.301,45.0,150.002,,1179.932,,,1.0,14.0
2026-08-07 11:51:50.521,300005,45002,150004416,1179.954783,,1313.141,0x00,0x00,CURRENT,1,0,OK,0.3,0.301,45.0,150.002,,1179.932,,,1.0,14.0
2026-08-07 11:51:51.836,299957,44995,150004272,1179.953262,,1314.455,0x00,0x00,CURRENT,1,0,OK,0.3,0.3,45.0,150.004,,1179.955,,,1.0,14.0
2026-08-07 11:51:52.650,300079,45013,150004144,1179.951910,,1315.270,0x00,0x00,CURRENT,1,0,OK,0.3,0.3,45.0,150.004,,1179.955,,,1.0,14.0
2026-08-07 11:51:53.484,300033,45006,150004304,1179.953600,,1316.104,0x00,0x00,CURRENT,1,0,OK,0.3,0.3,45.0,150.005,,1179.961,,,1.0,14.0
2026-08-07 11:51:54.372,299983,44999,150004208,1179.952586,,1316.992,0x00,0x00,CURRENT,1,0,OK,0.3,0.3,45.0,150.005,,1179.961,,,1.0,14.0
2026-08-07 11:51:55.187,299941,44992,150004128,1179.951742,,1317.807,0x00,0x00,CURRENT,1,0,OK,0.3,0.3,45.0,150.005,,1179.961,,,1.0,14.0
2026-08-07 11:51:56.021,300053,45009,150004960,1179.960527,,1318.641,0x00,0x00,CURRENT,1,0,OK,0.3,0.3,45.0,150.009,,1180.007,,,1.0,13.0
2026-08-07 11:51:56.872,300006,45002,150004784,1179.958669,,1319.492,0x00,0x00,CURRENT,1,0,OK,0.3,0.3,45.0,150.009,,1180.007,,,1.0,13.0
2026-08-07 11:51:57.706,300124,45020,150004720,1179.957993,,1320.326,0x00,0x00,CURRENT,1,0,OK,0.3,0.3,45.0,150.007,,1179.978,,,1.0,13.0
2026-08-07 11:51:58.521,300062,45011,150005040,1179.961372,,1321.141,0x00,0x00,CURRENT,1,0,OK,0.3,0.3,45.0,150.007,,1179.978,,,1.0,13.0
2026-08-07 11:51:59.835,300000,45002,150005104,1179.962048,,1322.455,0x00,0x00,CURRENT,1,0,OK,0.3,0.3,45.0,150.009,,1179.999,,,1.0,14.0
2026-08-07 11:52:00.650,299946,44994,150005472,1179.965934,,1323.270,0x00,0x00,CURRENT,1,0,OK,0.3,0.3,45.0,150.009,,1179.999,,,1.0,14.0
2026-08-07 11:52:01.485,300060,45011,150005280,1179.963906,,1324.104,0x00,0x00,CURRENT,1,0,OK,0.3,0.299,45.0,150.006,,1179.968,,,1.0,13.0
2026-08-07 11:52:02.372,300170,45027,150005440,1179.965596,,1324.992,0x00,0x00,CURRENT,1,0,OK,0.3,0.299,45.0,150.006,,1179.968,,,1.0,13.0
2026-08-07 11:52:03.187,300110,45018,150005904,1179.970495,,1325.807,0x00,0x00,CURRENT,1,0,OK,0.3,0.299,45.0,150.006,,1179.968,,,1.0,13.0
2026-08-07 11:52:04.021,300054,45010,150005808,1179.969482,,1326.640,0x00,0x00,CURRENT,1,0,OK,0.3,0.3,45.0,150.008,,1179.988,,,1.0,14.0
2026-08-07 11:52:04.872,300001,45002,150005152,1179.962555,,1327.491,0x00,0x00,CURRENT,1,0,OK,0.3,0.3,45.0,150.008,,1179.988,,,1.0,14.0
2026-08-07 11:52:05.705,299943,44993,150004768,1179.958500,,1328.324,0x00,0x00,CURRENT,1,0,OK,0.3,0.3,45.0,150.008,,1179.997,,,1.0,13.0
2026-08-07 11:52:06.520,300061,45011,150005424,1179.965427,,1329.140,0x00,0x00,CURRENT,1,0,OK,0.3,0.3,45.0,150.008,,1179.997,,,1.0,13.0
2026-08-07 11:52:07.834,300006,45002,150005104,1179.962048,,1330.454,0x00,0x00,CURRENT,1,0,OK,0.3,0.3,45.0,150.007,,1179.987,,,1.0,14.0
2026-08-07 11:52:08.649,300109,45018,150005344,1179.964582,,1331.269,0x00,0x00,CURRENT,1,0,OK,0.3,0.3,45.0,150.007,,1179.987,,,1.0,14.0
2026-08-07 11:52:09.483,300218,45034,150005584,1179.967116,,1332.103,0x00,0x00,CURRENT,1,0,OK,0.3,0.3,45.0,150.006,,1179.973,,,1.0,14.0
2026-08-07 11:52:10.372,300149,45024,150005456,1179.965765,,1332.992,0x00,0x00,CURRENT,1,0,OK,0.3,0.3,45.0,150.006,,1179.973,,,1.0,14.0
2026-08-07 11:52:11.187,300088,45015,150005488,1179.966103,,1333.806,0x00,0x00,CURRENT,1,0,OK,0.3,0.3,45.0,150.006,,1179.973,,,1.0,14.0
2026-08-07 11:52:12.021,300027,45006,150005360,1179.964751,,1334.641,0x00,0x00,CURRENT,1,0,OK,0.3,0.3,45.0,150.006,,1179.967,,,1.0,13.0
2026-08-07 11:52:12.872,299975,44998,150005232,1179.963399,,1335.492,0x00,0x00,CURRENT,1,0,OK,0.3,0.3,45.0,150.006,,1179.967,,,1.0,13.0
2026-08-07 11:52:13.706,299928,44991,150005360,1179.964751,,1336.326,0x00,0x00,CURRENT,1,0,OK,0.3,0.3,45.0,150.007,,1179.984,,,1.0,13.0
2026-08-07 11:52:14.521,300057,45010,150005568,1179.966947,,1337.141,0x00,0x00,CURRENT,1,0,OK,0.3,0.3,45.0,150.007,,1179.984,,,1.0,13.0
2026-08-07 11:52:15.835,300006,45003,150005312,1179.964244,,1338.454,0x00,0x00,CURRENT,1,0,OK,0.3,0.3,45.0,150.008,,1179.991,,,1.0,14.0
2026-08-07 11:52:16.650,299960,44996,150004880,1179.959682,,1339.270,0x00,0x00,CURRENT,1,0,OK,0.3,0.3,45.0,150.008,,1179.991,,,1.0,14.0
2026-08-07 11:52:17.484,299913,44988,150004688,1179.957655,,1340.104,0x00,0x00,CURRENT,1,0,OK,0.3,0.3,45.0,150.004,,1179.954,,,1.0,14.0
2026-08-07 11:52:18.372,299863,44981,150004672,1179.957486,,1340.991,0x00,0x00,CURRENT,1,0,OK,0.3,0.3,45.0,150.004,,1179.954,,,1.0,14.0
2026-08-07 11:52:19.187,299823,44975,150003984,1179.950221,,1341.807,0x00,0x00,CURRENT,1,0,OK,0.3,0.3,45.0,150.004,,1179.954,,,1.0,14.0
2026-08-07 11:52:20.021,299952,44994,150003824,1179.948531,,1342.641,0x00,0x00,CURRENT,1,0,OK,0.3,0.299,45.0,150.002,,1179.93,,,1.0,13.0
2026-08-07 11:52:20.872,299906,44987,150003920,1179.949545,,1343.491,0x00,0x00,CURRENT,1,0,OK,0.3,0.299,45.0,150.002,,1179.93,,,1.0,13.0
2026-08-07 11:52:21.706,299872,44982,150004416,1179.954783,,1344.326,0x00,0x00,CURRENT,1,0,OK,0.3,0.3,45.0,150.002,,1179.928,,,1.0,13.0
2026-08-07 11:52:22.521,300003,45002,150005360,1179.964751,,1345.140,0x00,0x00,CURRENT,1,0,OK,0.3,0.3,45.0,150.002,,1179.928,,,1.0,13.0
2026-08-07 11:52:23.835,299959,44995,150004752,1179.958331,,1346.454,0x00,0x00,CURRENT,1,0,OK,0.3,0.3,45.0,150.003,,1179.939,,,1.0,14.0
2026-08-07 11:52:24.650,299910,44988,150004576,1179.956472,,1347.269,0x00,0x00,CURRENT,1,0,OK,0.3,0.3,45.0,150.003,,1179.939,,,1.0,14.0
2026-08-07 11:52:25.484,300034,45007,150004688,1179.957655,,1348.103,0x00,0x00,CURRENT,1,0,OK,0.3,0.3,45.0,150.002,,1179.931,,,1.0,13.0
2026-08-07 11:52:26.372,299996,45001,150004384,1179.954445,,1348.992,0x00,0x00,CURRENT,1,0,OK,0.3,0.3,45.0,150.002,,1179.931,,,1.0,13.0
2026-08-07 11:52:27.187,299952,44994,150004992,1179.960865,,1349.807,0x00,0x00,CURRENT,1,0,OK,0.3,0.3,45.0,150.002,,1179.931,,,1.0,13.0
2026-08-07 11:52:28.021,299908,44988,150004496,1179.955627,,1350.640,0x00,0x00,CURRENT,1,0,OK,0.3,0.3,45.0,150.004,,1179.954,,,1.0,13.0
2026-08-07 11:52:28.872,300031,45006,150004656,1179.957317,,1351.491,0x00,0x00,CURRENT,1,0,OK,0.3,0.3,45.0,150.004,,1179.954,,,1.0,13.0
2026-08-07 11:52:29.706,299978,44998,150004704,1179.957824,,1352.326,0x00,0x00,CURRENT,1,0,OK,0.3,0.3,45.0,150.006,,1179.969,,,1.0,14.0
2026-08-07 11:52:30.521,299928,44991,150005008,1179.961034,,1353.140,0x00,0x00,CURRENT,1,0,OK,0.3,0.3,45.0,150.006,,1179.969,,,1.0,14.0
2026-08-07 11:52:31.835,299884,44984,150004448,1179.955121,,1354.455,0x00,0x00,CURRENT,1,0,OK,0.3,0.3,45.0,150.004,,1179.947,,,1.0,13.0
2026-08-07 11:52:32.650,299839,44977,150004240,1179.952924,,1355.270,0x00,0x00,CURRENT,1,0,OK,0.3,0.3,45.0,150.004,,1179.947,,,1.0,13.0
2026-08-07 11:52:33.484,299961,44995,150003808,1179.948362,,1356.103,0x00,0x00,CURRENT,1,0,OK,0.3,0.3,45.0,150.0,,1179.912,,,1.0,13.0
2026-08-07 11:52:34.371,299910,44988,150003552,1179.945659,,1356.991,0x00,0x00,CURRENT,1,0,OK,0.3,0.3,45.0,150.0,,1179.912,,,1.0,13.0
2026-08-07 11:52:35.186,299859,44980,150003952,1179.949883,,1357.805,0x00,0x00,CURRENT,1,0,OK,0.3,0.3,45.0,150.0,,1179.912,,,1.0,13.0
2026-08-07 11:52:36.020,299812,44973,150004112,1179.951573,,1358.639,0x00,0x00,CURRENT,1,0,OK,0.3,0.3,45.0,149.999,,1179.899,,,1.0,13.0
2026-08-07 11:52:36.872,299935,44992,150004096,1179.951404,,1359.491,0x00,0x00,CURRENT,1,0,OK,0.3,0.3,45.0,149.999,,1179.899,,,1.0,13.0
2026-08-07 11:52:37.706,299893,44985,150003952,1179.949883,,1360.325,0x00,0x00,CURRENT,1,0,OK,0.3,0.3,45.0,150.005,,1179.959,,,1.0,14.0
2026-08-07 11:52:38.521,299857,44980,150003632,1179.946504,,1361.140,0x00,0x00,CURRENT,1,0,OK,0.3,0.3,45.0,150.005,,1179.959,,,1.0,14.0
2026-08-07 11:52:39.835,299817,44974,150003840,1179.948700,,1362.454,0x00,0x00,CURRENT,1,0,OK,0.3,0.3,45.0,150.006,,1179.972,,,1.0,13.0
2026-08-07 11:52:40.650,299782,44968,150003904,1179.949376,,1363.269,0x00,0x00,CURRENT,1,0,OK,0.3,0.3,45.0,150.006,,1179.972,,,1.0,13.0
2026-08-07 11:52:41.484,299747,44963,150004032,1179.950728,,1364.103,0x00,0x00,CURRENT,1,0,OK,0.3,0.3,45.0,150.005,,1179.957,,,1.0,13.0
2026-08-07 11:52:42.372,299879,44983,150003648,1179.946673,,1364.991,0x00,0x00,CURRENT,1,0,OK,0.3,0.3,45.0,150.005,,1179.957,,,1.0,13.0
2026-08-07 11:52:43.187,299835,44976,150003712,1179.947349,,1365.806,0x00,0x00,CURRENT,1,0,OK,0.3,0.3,45.0,150.005,,1179.957,,,1.0,13.0
2026-08-07 11:52:44.021,299793,44970,150003344,1179.943463,,1366.640,0x00,0x00,CURRENT,1,0,OK,0.3,0.3,45.0,150.003,,1179.936,,,1.0,14.0
2026-08-07 11:52:44.872,299911,44988,150003584,1179.945997,,1367.491,0x00,0x00,CURRENT,1,0,OK,0.3,0.3,45.0,150.003,,1179.936,,,1.0,14.0
2026-08-07 11:52:45.706,299862,44980,150003792,1179.948193,,1368.325,0x00,0x00,CURRENT,1,0,OK,0.3,0.3,45.0,150.006,,1179.973,,,1.0,14.0
2026-08-07 11:52:46.521,299816,44973,150003168,1179.941604,,1369.141,0x00,0x00,CURRENT,1,0,OK,0.3,0.3,45.0,150.006,,1179.973,,,1.0,14.0
2026-08-07 11:52:47.835,299773,44967,150003184,1179.941773,,1370.454,0x00,0x00,CURRENT,1,0,OK,0.3,0.3,45.0,150.006,,1179.974,,,1.0,13.0
2026-08-07 11:52:48.650,299727,44960,150003488,1179.944983,,1371.269,0x00,0x00,CURRENT,1,0,OK,0.3,0.3,45.0,150.006,,1179.974,,,1.0,13.0
2026-08-07 11:52:49.484,299848,44978,150003552,1179.945659,,1372.103,0x00,0x00,CURRENT,1,0,OK,0.3,0.3,45.0,150.0,,1179.909,,,1.0,13.0
2026-08-07 11:52:50.373,299805,44972,150003408,1179.944139,,1372.992,0x00,0x00,CURRENT,1,0,OK,0.3,0.3,45.0,150.0,,1179.909,,,1.0,13.0
2026-08-07 11:52:51.188,299761,44965,150003392,1179.943970,,1373.807,0x00,0x00,CURRENT,1,0,OK,0.3,0.3,45.0,150.0,,1179.909,,,1.0,13.0
2026-08-07 11:52:52.022,299719,44959,150003024,1179.940084,,1374.641,0x00,0x00,CURRENT,1,0,OK,0.3,0.3,45.0,150.0,,1179.906,,,1.0,13.0
2026-08-07 11:52:52.873,299851,44978,150002656,1179.936198,,1375.492,0x00,0x00,CURRENT,1,0,OK,0.3,0.3,45.0,150.0,,1179.906,,,1.0,13.0
2026-08-07 11:52:53.707,299975,44997,150003008,1179.939915,,1376.326,0x00,0x00,CURRENT,1,0,OK,0.3,0.3,45.0,150.001,,1179.924,,,1.0,14.0
2026-08-07 11:52:54.522,299928,44990,150003536,1179.945490,,1377.141,0x00,0x00,CURRENT,1,0,OK,0.3,0.3,45.0,150.001,,1179.924,,,1.0,14.0
2026-08-07 11:52:55.836,299876,44982,150003536,1179.945490,,1378.455,0x00,0x00,CURRENT,1,0,OK,0.3,0.3,45.0,150.004,,1179.95,,,1.0,14.0
2026-08-07 11:52:56.651,299834,44976,150004096,1179.951404,,1379.270,0x00,0x00,CURRENT,1,0,OK,0.3,0.3,45.0,150.004,,1179.95,,,1.0,14.0
2026-08-07 11:52:57.485,299790,44970,150004000,1179.950390,,1380.104,0x00,0x00,CURRENT,1,0,OK,0.3,0.3,45.0,150.004,,1179.948,,,1.0,13.0
2026-08-07 11:52:58.372,299915,44988,150003840,1179.948700,,1380.991,0x00,0x00,CURRENT,1,0,OK,0.3,0.3,45.0,150.004,,1179.948,,,1.0,13.0
2026-08-07 11:52:59.187,300030,45006,150003504,1179.945152,,1381.806,0x00,0x00,CURRENT,1,0,OK,0.3,0.3,45.0,150.004,,1179.948,,,1.0,13.0
2026-08-07 11:53:00.021,299976,44997,150003328,1179.943294,,1382.640,0x00,0x00,CURRENT,1,0,OK,0.3,0.301,45.0,150.007,,1179.986,,,1.0,14.0
2026-08-07 11:53:00.872,299929,44990,150003472,1179.944814,,1383.491,0x00,0x00,CURRENT,1,0,OK,0.3,0.301,45.0,150.007,,1179.986,,,1.0,14.0
2026-08-07 11:53:01.706,299881,44983,150003072,1179.940591,,1384.325,0x00,0x00,CURRENT,1,0,OK,0.3,0.3,45.0,150.004,,1179.956,,,1.0,13.0
2026-08-07 11:53:02.521,299844,44978,150003344,1179.943463,,1385.140,0x00,0x00,CURRENT,1,0,OK,0.3,0.3,45.0,150.004,,1179.956,,,1.0,13.0
2026-08-07 11:53:03.835,299801,44971,150003408,1179.944139,,1386.454,0x00,0x00,CURRENT,1,0,OK,0.3,0.3,45.0,150.004,,1179.948,,,1.0,13.0
2026-08-07 11:53:04.650,299771,44967,150004112,1179.951573,,1387.269,0x00,0x00,CURRENT,1,0,OK,0.3,0.3,45.0,150.004,,1179.948,,,1.0,13.0
2026-08-07 11:53:05.484,299905,44987,150004448,1179.955121,,1388.103,0x00,0x00,CURRENT,1,0,OK,0.3,0.3,45.0,150.004,,1179.951,,,1.0,13.0
2026-08-07 11:53:06.373,299861,44980,150004288,1179.953431,,1388.992,0x00,0x00,CURRENT,1,0,OK,0.3,0.3,45.0,150.004,,1179.951,,,1.0,13.0
2026-08-07 11:53:07.188,299820,44974,150004400,1179.954614,,1389.807,0x00,0x00,CURRENT,1,0,OK,0.3,0.3,45.0,150.004,,1179.951,,,1.0,13.0
2026-08-07 11:53:08.022,299781,44969,150004688,1179.957655,,1390.641,0x00,0x00,CURRENT,1,0,OK,0.3,0.3,45.0,150.003,,1179.944,,,1.0,13.0
2026-08-07 11:53:08.872,299916,44989,150004816,1179.959007,,1391.491,0x00,0x00,CURRENT,1,0,OK,0.3,0.3,45.0,150.003,,1179.944,,,1.0,13.0
2026-08-07 11:53:09.706,299870,44982,150005120,1179.962217,,1392.325,0x00,0x00,CURRENT,1,0,OK,0.3,0.3,45.0,150.007,,1179.981,,,1.0,14.0
2026-08-07 11:53:10.521,299835,44977,150004848,1179.959344,,1393.140,0x00,0x00,CURRENT,1,0,OK,0.3,0.3,45.0,150.007,,1179.981,,,1.0,14.0
2026-08-07 11:53:11.835,299790,44970,150005200,1179.963061,,1394.454,0x00,0x00,CURRENT,1,0,OK,0.3,0.3,45.0,150.008,,1179.992,,,1.0,13.0
2026-08-07 11:53:12.649,299749,44964,150004288,1179.953431,,1395.269,0x00,0x00,CURRENT,1,0,OK,0.3,0.3,45.0,150.008,,1179.992,,,1.0,13.0
2026-08-07 11:53:13.484,299713,44958,150003504,1179.945152,,1396.103,0x00,0x00,CURRENT,1,0,OK,0.3,0.3,45.0,150.006,,1179.972,,,1.0,13.0
2026-08-07 11:53:14.373,299852,44979,150003136,1179.941266,,1396.992,0x00,0x00,CURRENT,1,0,OK,0.3,0.3,45.0,150.006,,1179.972,,,1.0,13.0
2026-08-07 11:53:15.188,299803,44971,150003136,1179.941266,,1397.807,0x00,0x00,CURRENT,1,0,OK,0.3,0.3,45.0,150.006,,1179.972,,,1.0,13.0
2026-08-07 11:53:16.022,299756,44964,150003072,1179.940591,,1398.641,0x00,0x00,CURRENT,1,0,OK,0.3,0.3,45.0,150.006,,1179.97,,,1.0,13.0
2026-08-07 11:53:16.871,299881,44983,150002832,1179.938056,,1399.491,0x00,0x00,CURRENT,1,0,OK,0.3,0.3,45.0,150.006,,1179.97,,,1.0,13.0
2026-08-07 11:53:17.706,299833,44976,150003136,1179.941266,,1400.325,0x00,0x00,CURRENT,1,0,OK,0.3,0.3,45.0,150.005,,1179.959,,,1.0,14.0
2026-08-07 11:53:18.521,299791,44970,150003504,1179.945152,,1401.140,0x00,0x00,CURRENT,1,0,OK,0.3,0.3,45.0,150.005,,1179.959,,,1.0,14.0
2026-08-07 11:53:19.834,299916,44988,150003456,1179.944645,,1402.454,0x00,0x00,CURRENT,1,0,OK,0.3,0.3,45.0,150.005,,1179.956,,,1.0,13.0
2026-08-07 11:53:20.649,300040,45007,150003264,1179.942618,,1403.269,0x00,0x00,CURRENT,1,0,OK,0.3,0.3,45.0,150.005,,1179.956,,,1.0,13.0
2026-08-07 11:53:21.483,299991,45000,150003216,1179.942111,,1404.103,0x00,0x00,CURRENT,1,0,OK,0.3,0.301,45.0,150.005,,1179.96,,,1.0,14.0
2026-08-07 11:53:22.371,299947,44993,150003008,1179.939915,,1404.991,0x00,0x00,CURRENT,1,0,OK,0.3,0.301,45.0,150.005,,1179.96,,,1.0,14.0
2026-08-07 11:53:23.186,299900,44986,150003008,1179.939915,,1405.806,0x00,0x00,CURRENT,1,0,OK,0.3,0.301,45.0,150.005,,1179.96,,,1.0,14.0
2026-08-07 11:53:24.020,299866,44981,150003408,1179.944139,,1406.640,0x00,0x00,CURRENT,1,0,OK,0.3,0.3,45.0,150.006,,1179.973,,,1.0,13.0
2026-08-07 11:53:24.871,299826,44975,150003360,1179.943632,,1407.491,0x00,0x00,CURRENT,1,0,OK,0.3,0.3,45.0,150.006,,1179.973,,,1.0,13.0
2026-08-07 11:53:25.705,299952,44994,150003248,1179.942449,,1408.325,0x00,0x00,CURRENT,1,0,OK,0.3,0.299,45.0,150.006,,1179.968,,,1.0,13.0
2026-08-07 11:53:26.520,299899,44986,150002688,1179.936536,,1409.140,0x00,0x00,CURRENT,1,0,OK,0.3,0.299,45.0,150.006,,1179.968,,,1.0,13.0
2026-08-07 11:53:27.835,300016,45003,150003136,1179.941266,,1410.454,0x00,0x00,CURRENT,1,0,OK,0.3,0.3,45.0,150.005,,1179.962,,,1.0,13.0
2026-08-07 11:53:28.650,300124,45020,150003312,1179.943125,,1411.269,0x00,0x00,CURRENT,1,0,OK,0.3,0.3,45.0,150.005,,1179.962,,,1.0,13.0
2026-08-07 11:53:29.484,300062,45010,150003552,1179.945659,,1412.103,0x00,0x00,CURRENT,1,0,OK,0.3,0.301,45.0,150.002,,1179.931,,,1.0,14.0
2026-08-07 11:53:30.372,300007,45002,150003472,1179.944814,,1412.992,0x00,0x00,CURRENT,1,0,OK,0.3,0.301,45.0,150.002,,1179.931,,,1.0,14.0
2026-08-07 11:53:31.187,299956,44995,150003776,1179.948025,,1413.807,0x00,0x00,CURRENT,1,0,OK,0.3,0.301,45.0,150.002,,1179.931,,,1.0,14.0
2026-08-07 11:53:32.021,299902,44987,150003984,1179.950221,,1414.641,0x00,0x00,CURRENT,1,0,OK,0.3,0.3,45.0,150.003,,1179.936,,,1.0,13.0
2026-08-07 11:53:32.872,299853,44979,150003856,1179.948869,,1415.492,0x00,0x00,CURRENT,1,0,OK,0.3,0.3,45.0,150.003,,1179.936,,,1.0,13.0
2026-08-07 11:53:33.707,299975,44997,150003728,1179.947518,,1416.326,0x00,0x00,CURRENT,1,0,OK,0.3,0.299,45.0,150.003,,1179.936,,,1.0,13.0
2026-08-07 11:53:34.521,300094,45015,150004304,1179.953600,,1417.141,0x00,0x00,CURRENT,1,0,OK,0.3,0.299,45.0,150.003,,1179.936,,,1.0,13.0
2026-08-07 11:53:35.835,300036,45007,150004208,1179.952586,,1418.455,0x00,0x00,CURRENT,1,0,OK,0.3,0.301,45.0,150.003,,1179.945,,,1.0,14.0
2026-08-07 11:53:36.650,299980,44998,150004032,1179.950728,,1419.270,0x00,0x00,CURRENT,1,0,OK,0.3,0.301,45.0,150.003,,1179.945,,,1.0,14.0
2026-08-07 11:53:37.484,300092,45015,150004240,1179.952924,,1420.104,0x00,0x00,CURRENT,1,0,OK,0.3,0.3,45.0,150.0,,1179.912,,,1.0,13.0
2026-08-07 11:53:38.372,300030,45006,150003648,1179.946673,,1420.992,0x00,0x00,CURRENT,1,0,OK,0.3,0.3,45.0,150.0,,1179.912,,,1.0,13.0
2026-08-07 11:53:39.187,299969,44996,150003280,1179.942787,,1421.807,0x00,0x00,CURRENT,1,0,OK,0.3,0.3,45.0,150.0,,1179.912,,,1.0,13.0
2026-08-07 11:53:40.021,300088,45014,150003152,1179.941435,,1422.640,0x00,0x00,CURRENT,1,0,OK,0.3,0.3,45.0,150.0,,1179.91,,,1.0,13.0
2026-08-07 11:53:40.872,300032,45006,150003152,1179.941435,,1423.492,0x00,0x00,CURRENT,1,0,OK,0.3,0.3,45.0,150.0,,1179.91,,,1.0,13.0
2026-08-07 11:53:41.706,299976,44997,150002800,1179.937718,,1424.326,0x00,0x00,CURRENT,1,0,OK,0.3,0.3,45.0,150.0,,1179.906,,,1.0,13.0
2026-08-07 11:53:42.521,300087,45014,150002784,1179.937549,,1425.141,0x00,0x00,CURRENT,1,0,OK,0.3,0.3,45.0,150.0,,1179.906,,,1.0,13.0
2026-08-07 11:53:43.835,300024,45004,150002800,1179.937718,,1426.455,0x00,0x00,CURRENT,1,0,OK,0.3,0.3,45.0,150.003,,1179.945,,,1.0,14.0
2026-08-07 11:53:44.650,300130,45020,150002864,1179.938394,,1427.269,0x00,0x00,CURRENT,1,0,OK,0.3,0.3,45.0,150.003,,1179.945,,,1.0,14.0
2026-08-07 11:53:45.484,300060,45010,150002800,1179.937718,,1428.104,0x00,0x00,CURRENT,1,0,OK,0.3,0.3,45.0,150.005,,1179.964,,,1.0,14.0
2026-08-07 11:53:46.371,300171,45026,150002608,1179.935691,,1428.991,0x00,0x00,CURRENT,1,0,OK,0.3,0.3,45.0,150.005,,1179.964,,,1.0,14.0
2026-08-07 11:53:47.186,300103,45016,150002800,1179.937718,,1429.806,0x00,0x00,CURRENT,1,0,OK,0.3,0.3,45.0,150.005,,1179.964,,,1.0,14.0
2026-08-07 11:53:48.020,300043,45007,150003056,1179.940422,,1430.640,0x00,0x00,CURRENT,1,0,OK,0.3,0.3,45.0,150.005,,1179.962,,,1.0,14.0
2026-08-07 11:53:48.872,299985,44999,150002720,1179.936873,,1431.491,0x00,0x00,CURRENT,1,0,OK,0.3,0.3,45.0,150.005,,1179.962,,,1.0,14.0
2026-08-07 11:53:49.706,300108,45017,150002352,1179.932988,,1432.326,0x00,0x00,CURRENT,1,0,OK,0.3,0.3,45.0,150.007,,1179.985,,,1.0,13.0
2026-08-07 11:53:50.521,300040,45007,150002384,1179.933325,,1433.141,0x00,0x00,CURRENT,1,0,OK,0.3,0.3,45.0,150.007,,1179.985,,,1.0,13.0
2026-08-07 11:53:51.835,300153,45024,150002576,1179.935353,,1434.455,0x00,0x00,CURRENT,1,0,OK,0.3,0.3,45.0,150.006,,1179.97,,,1.0,13.0
2026-08-07 11:53:52.650,300098,45015,150002656,1179.936198,,1435.269,0x00,0x00,CURRENT,1,0,OK,0.3,0.3,45.0,150.006,,1179.97,,,1.0,13.0
2026-08-07 11:53:53.484,300034,45006,150002608,1179.935691,,1436.103,0x00,0x00,CURRENT,1,0,OK,0.3,0.3,45.0,150.006,,1179.974,,,1.0,13.0
2026-08-07 11:53:54.372,300145,45023,150002640,1179.936029,,1436.991,0x00,0x00,CURRENT,1,0,OK,0.3,0.3,45.0,150.006,,1179.974,,,1.0,13.0
2026-08-07 11:53:55.187,300086,45014,150002512,1179.934677,,1437.806,0x00,0x00,CURRENT,1,0,OK,0.3,0.3,45.0,150.006,,1179.974,,,1.0,13.0
2026-08-07 11:53:56.021,300027,45005,150002656,1179.936198,,1438.640,0x00,0x00,CURRENT,1,0,OK,0.3,0.3,45.0,150.004,,1179.955,,,1.0,14.0
2026-08-07 11:53:56.872,300137,45021,150003136,1179.941266,,1439.492,0x00,0x00,CURRENT,1,0,OK,0.3,0.3,45.0,150.004,,1179.955,,,1.0,14.0
2026-08-07 11:53:57.706,300073,45012,150002832,1179.938056,,1440.326,0x00,0x00,CURRENT,1,0,OK,0.3,0.3,45.0,150.005,,1179.957,,,1.0,14.0
2026-08-07 11:53:58.521,300014,45003,150002256,1179.931974,,1441.141,0x00,0x00,CURRENT,1,0,OK,0.3,0.3,45.0,150.005,,1179.957,,,1.0,14.0
2026-08-07 11:53:59.835,299960,44995,150002144,1179.930791,,1442.455,0x00,0x00,CURRENT,1,0,OK,0.3,0.3,45.0,150.006,,1179.975,,,1.0,13.0
2026-08-07 11:54:00.650,299907,44987,150001776,1179.926905,,1443.270,0x00,0x00,CURRENT,1,0,OK,0.3,0.3,45.0,150.006,,1179.975,,,1.0,13.0
2026-08-07 11:54:01.484,300017,45003,150001680,1179.925891,,1444.104,0x00,0x00,CURRENT,1,0,OK,0.3,0.3,45.0,150.003,,1179.94,,,1.0,13.0
2026-08-07 11:54:02.372,299955,44994,150001328,1179.922174,,1444.991,0x00,0x00,CURRENT,1,0,OK,0.3,0.3,45.0,150.003,,1179.94,,,1.0,13.0
2026-08-07 11:54:03.187,299902,44986,150001344,1179.922343,,1445.807,0x00,0x00,CURRENT,1,0,OK,0.3,0.3,45.0,150.003,,1179.94,,,1.0,13.0
2026-08-07 11:54:04.021,300021,45004,150002144,1179.930791,,1446.641,0x00,0x00,CURRENT,1,0,OK,0.3,0.3,45.0,149.998,,1179.885,,,1.0,13.0
2026-08-07 11:54:04.872,299965,44995,150002464,1179.934170,,1447.491,0x00,0x00,CURRENT,1,0,OK,0.3,0.3,45.0,149.998,,1179.885,,,1.0,13.0
2026-08-07 11:54:05.706,299910,44987,150002704,1179.936705,,1448.326,0x00,0x00,CURRENT,1,0,OK,0.3,0.3,45.0,149.998,,1179.889,,,1.0,13.0
2026-08-07 11:54:06.521,300023,45004,150002928,1179.939070,,1449.140,0x00,0x00,CURRENT,1,0,OK,0.3,0.3,45.0,149.998,,1179.889,,,1.0,13.0
2026-08-07 11:54:07.835,299967,44996,150002912,1179.938901,,1450.454,0x00,0x00,CURRENT,1,0,OK,0.3,0.3,45.0,150.004,,1179.948,,,1.0,14.0
2026-08-07 11:54:08.650,300095,45015,150002544,1179.935015,,1451.269,0x00,0x00,CURRENT,1,0,OK,0.3,0.3,45.0,150.004,,1179.948,,,1.0,14.0
2026-08-07 11:54:09.484,300044,45007,150002416,1179.933663,,1452.103,0x00,0x00,CURRENT,1,0,OK,0.3,0.3,45.0,150.005,,1179.959,,,1.0,14.0
2026-08-07 11:54:10.372,299997,45000,150002352,1179.932988,,1452.991,0x00,0x00,CURRENT,1,0,OK,0.3,0.3,45.0,150.005,,1179.959,,,1.0,14.0
2026-08-07 11:54:11.187,299952,44993,150002048,1179.929777,,1453.806,0x00,0x00,CURRENT,1,0,OK,0.3,0.3,45.0,150.005,,1179.959,,,1.0,14.0
2026-08-07 11:54:12.021,300072,45012,150002240,1179.931805,,1454.640,0x00,0x00,CURRENT,1,0,OK,0.3,0.3,45.0,150.001,,1179.918,,,1.0,13.0
2026-08-07 11:54:12.872,300024,45004,150002576,1179.935353,,1455.491,0x00,0x00,CURRENT,1,0,OK,0.3,0.3,45.0,150.001,,1179.918,,,1.0,13.0
2026-08-07 11:54:13.706,299984,44998,150003072,1179.940591,,1456.325,0x00,0x00,CURRENT,1,0,OK,0.3,0.3,45.0,150.001,,1179.924,,,1.0,14.0
2026-08-07 11:54:14.521,300115,45018,150002912,1179.938901,,1457.140,0x00,0x00,CURRENT,1,0,OK,0.3,0.3,45.0,150.001,,1179.924,,,1.0,14.0
2026-08-07 11:54:15.835,300072,45012,150002352,1179.932988,,1458.454,0x00,0x00,CURRENT,1,0,OK,0.3,0.3,45.0,150.005,,1179.96,,,1.0,14.0
2026-08-07 11:54:16.650,300017,45003,150002496,1179.934508,,1459.269,0x00,0x00,CURRENT,1,0,OK,0.3,0.3,45.0,150.005,,1179.96,,,1.0,14.0
2026-08-07 11:54:17.484,299961,44995,150002144,1179.930791,,1460.103,0x00,0x00,CURRENT,1,0,OK,0.3,0.3,45.0,150.003,,1179.943,,,1.0,13.0
2026-08-07 11:54:18.372,300074,45012,150002096,1179.930284,,1460.991,0x00,0x00,CURRENT,1,0,OK,0.3,0.3,45.0,150.003,,1179.943,,,1.0,13.0
2026-08-07 11:54:19.187,300192,45029,150001840,1179.927581,,1461.806,0x00,0x00,CURRENT,1,0,OK,0.3,0.3,45.0,150.003,,1179.943,,,1.0,13.0
2026-08-07 11:54:20.021,300136,45021,150001440,1179.923357,,1462.640,0x00,0x00,CURRENT,1,0,OK,0.3,0.301,45.0,150.006,,1179.973,,,1.0,14.0
2026-08-07 11:54:20.872,300080,45012,150001488,1179.923864,,1463.491,0x00,0x00,CURRENT,1,0,OK,0.3,0.301,45.0,150.006,,1179.973,,,1.0,14.0
2026-08-07 11:54:21.706,300018,45003,150001600,1179.925047,,1464.325,0x00,0x00,CURRENT,1,0,OK,0.3,0.3,45.0,150.004,,1179.952,,,1.0,13.0
2026-08-07 11:54:22.521,299958,44994,150001696,1179.926060,,1465.140,0x00,0x00,CURRENT,1,0,OK,0.3,0.3,45.0,150.004,,1179.952,,,1.0,13.0
2026-08-07 11:54:23.835,300073,45011,150001600,1179.925047,,1466.454,0x00,0x00,CURRENT,1,0,OK,0.3,0.299,45.0,150.008,,1179.988,,,1.0,13.0
2026-08-07 11:54:24.650,300013,45002,150001696,1179.926060,,1467.269,0x00,0x00,CURRENT,1,0,OK,0.3,0.299,45.0,150.008,,1179.988,,,1.0,13.0
2026-08-07 11:54:25.484,299962,44995,150002272,1179.932143,,1468.103,0x00,0x00,CURRENT,1,0,OK,0.3,0.3,45.0,150.007,,1179.985,,,1.0,14.0
2026-08-07 11:54:26.372,299915,44988,150002144,1179.930791,,1468.991,0x00,0x00,CURRENT,1,0,OK,0.3,0.3,45.0,150.007,,1179.985,,,1.0,14.0
2026-08-07 11:54:27.187,299863,44980,150002544,1179.935015,,1469.806,0x00,0x00,CURRENT,1,0,OK,0.3,0.3,45.0,150.007,,1179.985,,,1.0,14.0
2026-08-07 11:54:28.021,299981,44998,150003008,1179.939915,,1470.640,0x00,0x00,CURRENT,1,0,OK,0.3,0.299,45.0,150.002,,1179.93,,,1.0,13.0
2026-08-07 11:54:28.871,299921,44989,150003264,1179.942618,,1471.491,0x00,0x00,CURRENT,1,0,OK,0.3,0.299,45.0,150.002,,1179.93,,,1.0,13.0
2026-08-07 11:54:29.706,300041,45007,150002720,1179.936873,,1472.325,0x00,0x00,CURRENT,1,0,OK,0.3,0.3,45.0,150.001,,1179.918,,,1.0,13.0
2026-08-07 11:54:30.521,299983,44998,150002560,1179.935184,,1473.140,0x00,0x00,CURRENT,1,0,OK,0.3,0.3,45.0,150.001,,1179.918,,,1.0,13.0
2026-08-07 11:54:31.835,299933,44991,150002208,1179.931467,,1474.454,0x00,0x00,CURRENT,1,0,OK,0.3,0.3,45.0,150.006,,1179.97,,,1.0,14.0
2026-08-07 11:54:32.650,300055,45009,150001936,1179.928595,,1475.269,0x00,0x00,CURRENT,1,0,OK,0.3,0.3,45.0,150.006,,1179.97,,,1.0,14.0
2026-08-07 11:54:33.484,300001,45001,150002128,1179.930622,,1476.103,0x00,0x00,CURRENT,1,0,OK,0.3,0.3,45.0,150.005,,1179.966,,,1.0,14.0
2026-08-07 11:54:34.371,299948,44993,150002000,1179.929271,,1476.991,0x00,0x00,CURRENT,1,0,OK,0.3,0.3,45.0,150.005,,1179.966,,,1.0,14.0
2026-08-07 11:54:35.187,300068,45011,150002336,1179.932819,,1477.806,0x00,0x00,CURRENT,1,0,OK,0.3,0.3,45.0,150.005,,1179.966,,,1.0,14.0
2026-08-07 11:54:36.020,300019,45004,150002464,1179.934170,,1478.640,0x00,0x00,CURRENT,1,0,OK,0.3,0.3,45.0,150.004,,1179.955,,,1.0,14.0
2026-08-07 11:54:36.872,299966,44996,150002432,1179.933832,,1479.491,0x00,0x00,CURRENT,1,0,OK,0.3,0.3,45.0,150.004,,1179.955,,,1.0,14.0
2026-08-07 11:54:37.706,300086,45014,150002592,1179.935522,,1480.325,0x00,0x00,CURRENT,1,0,OK,0.3,0.3,45.0,149.999,,1179.902,,,1.0,13.0
2026-08-07 11:54:38.521,300029,45005,150002256,1179.931974,,1481.140,0x00,0x00,CURRENT,1,0,OK,0.3,0.3,45.0,149.999,,1179.902,,,1.0,13.0
2026-08-07 11:54:39.835,299979,44997,150002368,1179.933156,,1482.454,0x00,0x00,CURRENT,1,0,OK,0.3,0.3,45.0,150.003,,1179.936,,,1.0,14.0
2026-08-07 11:54:40.650,300098,45016,150002896,1179.938732,,1483.269,0x00,0x00,CURRENT,1,0,OK,0.3,0.3,45.0,150.003,,1179.936,,,1.0,14.0
2026-08-07 11:54:41.484,300040,45007,150003088,1179.940759,,1484.103,0x00,0x00,CURRENT,1,0,OK,0.3,0.3,45.0,149.999,,1179.899,,,1.0,14.0
2026-08-07 11:54:42.373,299994,45000,150003152,1179.941435,,1484.992,0x00,0x00,CURRENT,1,0,OK,0.3,0.3,45.0,149.999,,1179.899,,,1.0,14.0
2026-08-07 11:54:43.188,300117,45018,150002528,1179.934846,,1485.807,0x00,0x00,CURRENT,1,0,OK,0.3,0.3,45.0,149.999,,1179.899,,,1.0,14.0
2026-08-07 11:54:44.021,300066,45011,150002784,1179.937549,,1486.641,0x00,0x00,CURRENT,1,0,OK,0.3,0.3,45.0,150.0,,1179.905,,,1.0,14.0
2026-08-07 11:54:44.873,300016,45003,150002800,1179.937718,,1487.492,0x00,0x00,CURRENT,1,0,OK,0.3,0.3,45.0,150.0,,1179.905,,,1.0,14.0
2026-08-07 11:54:45.707,299962,44995,150002976,1179.939577,,1488.326,0x00,0x00,CURRENT,1,0,OK,0.3,0.3,45.0,150.001,,1179.916,,,1.0,13.0
2026-08-07 11:54:46.521,299918,44988,150002688,1179.936536,,1489.141,0x00,0x00,CURRENT,1,0,OK,0.3,0.3,45.0,150.001,,1179.916,,,1.0,13.0
2026-08-07 11:54:47.835,300038,45007,150002960,1179.939408,,1490.455,0x00,0x00,CURRENT,1,0,OK,0.3,0.299,45.0,150.001,,1179.916,,,1.0,13.0
2026-08-07 11:54:48.650,299986,44999,150002800,1179.937718,,1491.270,0x00,0x00,CURRENT,1,0,OK,0.3,0.299,45.0,150.001,,1179.916,,,1.0,13.0
2026-08-07 11:54:49.484,299936,44991,150002960,1179.939408,,1492.104,0x00,0x00,CURRENT,1,0,OK,0.3,0.3,45.0,150.004,,1179.956,,,1.0,14.0
2026-08-07 11:54:50.372,299893,44985,150002288,1179.932312,,1492.992,0x00,0x00,CURRENT,1,0,OK,0.3,0.3,45.0,150.004,,1179.956,,,1.0,14.0
2026-08-07 11:54:51.187,299850,44978,150002128,1179.930622,,1493.807,0x00,0x00,CURRENT,1,0,OK,0.3,0.3,45.0,150.004,,1179.956,,,1.0,14.0
2026-08-07 11:54:52.021,299807,44972,150002512,1179.934677,,1494.641,0x00,0x00,CURRENT,1,0,OK,0.3,0.3,45.0,150.004,,1179.949,,,1.0,13.0
2026-08-07 11:54:52.871,299936,44991,150002560,1179.935184,,1495.491,0x00,0x00,CURRENT,1,0,OK,0.3,0.3,45.0,150.004,,1179.949,,,1.0,13.0
2026-08-07 11:54:53.705,300058,45009,150002336,1179.932819,,1496.325,0x00,0x00,CURRENT,1,0,OK,0.3,0.3,45.0,150.003,,1179.942,,,1.0,14.0
2026-08-07 11:54:54.520,300006,45002,150002784,1179.937549,,1497.140,0x00,0x00,CURRENT,1,0,OK,0.3,0.3,45.0,150.003,,1179.942,,,1.0,14.0
2026-08-07 11:54:55.834,299959,44995,150002800,1179.937718,,1498.454,0x00,0x00,CURRENT,1,0,OK,0.3,0.3,45.0,150.002,,1179.925,,,1.0,14.0
2026-08-07 11:54:56.649,299915,44988,150003136,1179.941266,,1499.269,0x00,0x00,CURRENT,1,0,OK,0.3,0.3,45.0,150.002,,1179.925,,,1.0,14.0
2026-08-07 11:54:57.483,299873,44982,150003456,1179.944645,,1500.103,0x00,0x00,CURRENT,1,0,OK,0.3,0.3,45.0,150.001,,1179.914,,,1.0,13.0
2026-08-07 11:54:58.372,300003,45001,150003280,1179.942787,,1500.992,0x00,0x00,CURRENT,1,0,OK,0.3,0.3,45.0,150.001,,1179.914,,,1.0,13.0
2026-08-07 11:54:59.188,300130,45020,150003232,1179.942280,,1501.807,0x00,0x00,CURRENT,1,0,OK,0.3,0.3,45.0,150.001,,1179.914,,,1.0,13.0
2026-08-07 11:55:00.022,300081,45013,150003088,1179.940759,,1502.641,0x00,0x00,CURRENT,1,0,OK,0.3,0.301,45.0,150.002,,1179.927,,,1.0,14.0
2026-08-07 11:55:00.871,300037,45006,150002448,1179.934001,,1503.491,0x00,0x00,CURRENT,1,0,OK,0.3,0.301,45.0,150.002,,1179.927,,,1.0,14.0
2026-08-07 11:55:01.705,299984,44998,150002112,1179.930453,,1504.324,0x00,0x00,CURRENT,1,0,OK,0.3,0.3,45.0,150.001,,1179.915,,,1.0,14.0
2026-08-07 11:55:02.520,299937,44991,150002464,1179.934170,,1505.140,0x00,0x00,CURRENT,1,0,OK,0.3,0.3,45.0,150.001,,1179.915,,,1.0,14.0
2026-08-07 11:55:03.835,299888,44984,150002048,1179.929777,,1506.454,0x00,0x00,CURRENT,1,0,OK,0.3,0.3,45.0,150.0,,1179.907,,,1.0,13.0
2026-08-07 11:55:04.650,300021,45004,150002048,1179.929777,,1507.269,0x00,0x00,CURRENT,1,0,OK,0.3,0.3,45.0,150.0,,1179.907,,,1.0,13.0
2026-08-07 11:55:05.483,300148,45023,150002224,1179.931636,,1508.103,0x00,0x00,CURRENT,1,0,OK,0.3,0.3,45.0,150.003,,1179.94,,,1.0,14.0
2026-08-07 11:55:06.372,300098,45015,150001824,1179.927412,,1508.991,0x00,0x00,CURRENT,1,0,OK,0.3,0.3,45.0,150.003,,1179.94,,,1.0,14.0
2026-08-07 11:55:07.186,300051,45008,150001760,1179.926736,,1509.806,0x00,0x00,CURRENT,1,0,OK,0.3,0.3,45.0,150.003,,1179.94,,,1.0,14.0
2026-08-07 11:55:08.020,300006,45001,150001680,1179.925891,,1510.640,0x00,0x00,CURRENT,1,0,OK,0.3,0.3,45.0,150.004,,1179.948,,,1.0,14.0
2026-08-07 11:55:08.872,299963,44995,150001920,1179.928426,,1511.492,0x00,0x00,CURRENT,1,0,OK,0.3,0.3,45.0,150.004,,1179.948,,,1.0,14.0
2026-08-07 11:55:09.706,299921,44989,150002160,1179.930960,,1512.326,0x00,0x00,CURRENT,1,0,OK,0.3,0.3,45.0,150.007,,1179.978,,,1.0,13.0
2026-08-07 11:55:10.521,299880,44983,150002800,1179.937718,,1513.141,0x00,0x00,CURRENT,1,0,OK,0.3,0.3,45.0,150.007,,1179.978,,,1.0,13.0
2026-08-07 11:55:11.835,300008,45002,150002528,1179.934846,,1514.454,0x00,0x00,CURRENT,1,0,OK,0.3,0.299,45.0,150.005,,1179.966,,,1.0,13.0
2026-08-07 11:55:12.650,299957,44994,150002464,1179.934170,,1515.270,0x00,0x00,CURRENT,1,0,OK,0.3,0.299,45.0,150.005,,1179.966,,,1.0,13.0
2026-08-07 11:55:13.484,299905,44986,150002608,1179.935691,,1516.103,0x00,0x00,CURRENT,1,0,OK,0.3,0.3,45.0,150.004,,1179.95,,,1.0,14.0
2026-08-07 11:55:14.372,299860,44980,150002416,1179.933663,,1516.992,0x00,0x00,CURRENT,1,0,OK,0.3,0.3,45.0,150.004,,1179.95,,,1.0,14.0
2026-08-07 11:55:15.187,299823,44974,150002528,1179.934846,,1517.807,0x00,0x00,CURRENT,1,0,OK,0.3,0.3,45.0,150.004,,1179.95,,,1.0,14.0
2026-08-07 11:55:16.021,299785,44969,150002880,1179.938563,,1518.641,0x00,0x00,CURRENT,1,0,OK,0.3,0.3,45.0,150.002,,1179.932,,,1.0,13.0
2026-08-07 11:55:16.872,299912,44988,150002976,1179.939577,,1519.491,0x00,0x00,CURRENT,1,0,OK,0.3,0.3,45.0,150.002,,1179.932,,,1.0,13.0
2026-08-07 11:55:17.706,300034,45006,150002496,1179.934508,,1520.325,0x00,0x00,CURRENT,1,0,OK,0.3,0.3,45.0,150.005,,1179.958,,,1.0,14.0
2026-08-07 11:55:18.521,299983,44998,150002688,1179.936536,,1521.141,0x00,0x00,CURRENT,1,0,OK,0.3,0.3,45.0,150.005,,1179.958,,,1.0,14.0
2026-08-07 11:55:19.835,299934,44991,150002464,1179.934170,,1522.455,0x00,0x00,CURRENT,1,0,OK,0.3,0.3,45.0,150.006,,1179.967,,,1.0,14.0
2026-08-07 11:55:20.650,299888,44984,150002752,1179.937211,,1523.270,0x00,0x00,CURRENT,1,0,OK,0.3,0.3,45.0,150.006,,1179.967,,,1.0,14.0
2026-08-07 11:55:21.484,300013,45003,150002464,1179.934170,,1524.103,0x00,0x00,CURRENT,1,0,OK,0.3,0.3,45.0,150.006,,1179.971,,,1.0,13.0
2026-08-07 11:55:22.372,299969,44996,150002048,1179.929777,,1524.992,0x00,0x00,CURRENT,1,0,OK,0.3,0.3,45.0,150.006,,1179.971,,,1.0,13.0
2026-08-07 11:55:23.187,299926,44990,150002192,1179.931298,,1525.807,0x00,0x00,CURRENT,1,0,OK,0.3,0.3,45.0,150.006,,1179.971,,,1.0,13.0
2026-08-07 11:55:24.021,300054,45009,150001760,1179.926736,,1526.641,0x00,0x00,CURRENT,1,0,OK,0.3,0.3,45.0,150.004,,1179.946,,,1.0,13.0
2026-08-07 11:55:24.872,300004,45001,150002032,1179.929608,,1527.492,0x00,0x00,CURRENT,1,0,OK,0.3,0.3,45.0,150.004,,1179.946,,,1.0,13.0
2026-08-07 11:55:25.706,299958,44994,150001696,1179.926060,,1528.326,0x00,0x00,CURRENT,1,0,OK,0.3,0.3,45.0,150.005,,1179.963,,,1.0,14.0
2026-08-07 11:55:26.521,299910,44987,150002080,1179.930115,,1529.141,0x00,0x00,CURRENT,1,0,OK,0.3,0.3,45.0,150.005,,1179.963,,,1.0,14.0
2026-08-07 11:55:27.835,299865,44980,150001392,1179.922850,,1530.455,0x00,0x00,CURRENT,1,0,OK,0.3,0.3,45.0,150.004,,1179.956,,,1.0,13.0
2026-08-07 11:55:28.650,299827,44975,150001472,1179.923695,,1531.269,0x00,0x00,CURRENT,1,0,OK,0.3,0.3,45.0,150.004,,1179.956,,,1.0,13.0
2026-08-07 11:55:29.484,299789,44969,150001184,1179.920654,,1532.104,0x00,0x00,CURRENT,1,0,OK,0.3,0.3,45.0,150.005,,1179.959,,,1.0,13.0
2026-08-07 11:55:30.372,299925,44989,150001264,1179.921499,,1532.992,0x00,0x00,CURRENT,1,0,OK,0.3,0.3,45.0,150.005,,1179.959,,,1.0,13.0
2026-08-07 11:55:31.187,300053,45008,150001360,1179.922512,,1533.806,0x00,0x00,CURRENT,1,0,OK,0.3,0.3,45.0,150.005,,1179.959,,,1.0,13.0
2026-08-07 11:55:32.021,300001,45001,150001536,1179.924371,,1534.640,0x00,0x00,CURRENT,1,0,OK,0.3,0.301,45.0,150.005,,1179.965,,,1.0,14.0
2026-08-07 11:55:32.872,299953,44993,150001056,1179.919302,,1535.491,0x00,0x00,CURRENT,1,0,OK,0.3,0.301,45.0,150.005,,1179.965,,,1.0,14.0
2026-08-07 11:55:33.706,299907,44987,150001536,1179.924371,,1536.325,0x00,0x00,CURRENT,1,0,OK,0.3,0.3,45.0,150.003,,1179.938,,,1.0,14.0
2026-08-07 11:55:34.521,299859,44980,150002112,1179.930453,,1537.141,0x00,0x00,CURRENT,1,0,OK,0.3,0.3,45.0,150.003,,1179.938,,,1.0,14.0
2026-08-07 11:55:35.835,299820,44974,150001904,1179.928257,,1538.455,0x00,0x00,CURRENT,1,0,OK,0.3,0.3,45.0,150.003,,1179.94,,,1.0,13.0
2026-08-07 11:55:36.650,299944,44992,150002064,1179.929946,,1539.270,0x00,0x00,CURRENT,1,0,OK,0.3,0.3,45.0,150.003,,1179.94,,,1.0,13.0
2026-08-07 11:55:37.484,300056,45009,150002336,1179.932819,,1540.103,0x00,0x00,CURRENT,1,0,OK,0.3,0.3,45.0,150.003,,1179.936,,,1.0,14.0
2026-08-07 11:55:38.372,299995,45000,150002672,1179.936367,,1540.991,0x00,0x00,CURRENT,1,0,OK,0.3,0.3,45.0,150.003,,1179.936,,,1.0,14.0
2026-08-07 11:55:39.187,299947,44993,150002464,1179.934170,,1541.806,0x00,0x00,CURRENT,1,0,OK,0.3,0.3,45.0,150.003,,1179.936,,,1.0,14.0
2026-08-07 11:55:40.021,299897,44985,150002592,1179.935522,,1542.640,0x00,0x00,CURRENT,1,0,OK,0.3,0.3,45.0,150.004,,1179.949,,,1.0,13.0
2026-08-07 11:55:40.872,300012,45003,150002352,1179.932988,,1543.491,0x00,0x00,CURRENT,1,0,OK,0.3,0.3,45.0,150.004,,1179.949,,,1.0,13.0
2026-08-07 11:55:41.706,299959,44995,150002912,1179.938901,,1544.326,0x00,0x00,CURRENT,1,0,OK,0.3,0.3,45.0,150.004,,1179.948,,,1.0,14.0
2026-08-07 11:55:42.521,299905,44987,150002912,1179.938901,,1545.140,0x00,0x00,CURRENT,1,0,OK,0.3,0.3,45.0,150.004,,1179.948,,,1.0,14.0
2026-08-07 11:55:43.835,299850,44978,150002688,1179.936536,,1546.454,0x00,0x00,CURRENT,1,0,OK,0.3,0.3,45.0,150.002,,1179.928,,,1.0,13.0
2026-08-07 11:55:44.650,299797,44970,150002464,1179.934170,,1547.269,0x00,0x00,CURRENT,1,0,OK,0.3,0.3,45.0,150.002,,1179.928,,,1.0,13.0
2026-08-07 11:55:45.484,299916,44988,150002368,1179.933156,,1548.103,0x00,0x00,CURRENT,1,0,OK,0.3,0.3,45.0,150.002,,1179.927,,,1.0,13.0
2026-08-07 11:55:46.372,299875,44982,150001664,1179.925722,,1548.991,0x00,0x00,CURRENT,1,0,OK,0.3,0.3,45.0,150.002,,1179.927,,,1.0,13.0
2026-08-07 11:55:47.187,299831,44975,150002240,1179.931805,,1549.806,0x00,0x00,CURRENT,1,0,OK,0.3,0.3,45.0,150.002,,1179.927,,,1.0,13.0
2026-08-07 11:55:48.021,299962,44995,150002064,1179.929946,,1550.640,0x00,0x00,CURRENT,1,0,OK,0.3,0.3,45.0,150.0,,1179.907,,,1.0,13.0
2026-08-07 11:55:48.872,299919,44988,150002032,1179.929608,,1551.491,0x00,0x00,CURRENT,1,0,OK,0.3,0.3,45.0,150.0,,1179.907,,,1.0,13.0
2026-08-07 11:55:49.706,299870,44981,150002288,1179.932312,,1552.325,0x00,0x00,CURRENT,1,0,OK,0.3,0.3,45.0,150.001,,1179.916,,,1.0,14.0
2026-08-07 11:55:50.521,299827,44975,150002544,1179.935015,,1553.140,0x00,0x00,CURRENT,1,0,OK,0.3,0.3,45.0,150.001,,1179.916,,,1.0,14.0
2026-08-07 11:55:51.835,299948,44993,150002384,1179.933325,,1554.454,0x00,0x00,CURRENT,1,0,OK,0.3,0.3,45.0,150.001,,1179.921,,,1.0,13.0
2026-08-07 11:55:52.650,299889,44984,150002640,1179.936029,,1555.269,0x00,0x00,CURRENT,1,0,OK,0.3,0.3,45.0,150.001,,1179.921,,,1.0,13.0
2026-08-07 11:55:53.484,299840,44977,150002544,1179.935015,,1556.103,0x00,0x00,CURRENT,1,0,OK,0.3,0.3,45.0,149.999,,1179.894,,,1.0,14.0
2026-08-07 11:55:54.373,299791,44969,150002784,1179.937549,,1556.992,0x00,0x00,CURRENT,1,0,OK,0.3,0.3,45.0,149.999,,1179.894,,,1.0,14.0
2026-08-07 11:55:55.188,299743,44962,150002608,1179.935691,,1557.807,0x00,0x00,CURRENT,1,0,OK,0.3,0.3,45.0,149.999,,1179.894,,,1.0,14.0
2026-08-07 11:55:56.022,299700,44956,150003104,1179.940928,,1558.641,0x00,0x00,CURRENT,1,0,OK,0.3,0.299,45.0,150.0,,1179.906,,,1.0,13.0
2026-08-07 11:55:56.872,299825,44974,150002416,1179.933663,,1559.491,0x00,0x00,CURRENT,1,0,OK,0.3,0.299,45.0,150.0,,1179.906,,,1.0,13.0
2026-08-07 11:55:57.706,299944,44992,150002624,1179.935860,,1560.325,0x00,0x00,CURRENT,1,0,OK,0.3,0.3,45.0,150.003,,1179.937,,,1.0,14.0
2026-08-07 11:55:58.521,299887,44984,150002800,1179.937718,,1561.140,0x00,0x00,CURRENT,1,0,OK,0.3,0.3,45.0,150.003,,1179.937,,,1.0,14.0
2026-08-07 11:55:59.835,299831,44975,150002816,1179.937887,,1562.454,0x00,0x00,CURRENT,1,0,OK,0.3,0.3,45.0,150.004,,1179.954,,,1.0,14.0
2026-08-07 11:56:00.650,299944,44992,150002656,1179.936198,,1563.269,0x00,0x00,CURRENT,1,0,OK,0.3,0.3,45.0,150.004,,1179.954,,,1.0,14.0
2026-08-07 11:56:01.484,300056,45009,150003056,1179.940422,,1564.103,0x00,0x00,CURRENT,1,0,OK,0.3,0.3,45.0,150.004,,1179.947,,,1.0,14.0
2026-08-07 11:56:02.372,299989,44999,150003040,1179.940253,,1564.991,0x00,0x00,CURRENT,1,0,OK,0.3,0.3,45.0,150.004,,1179.947,,,1.0,14.0
2026-08-07 11:56:03.187,299928,44990,150003024,1179.940084,,1565.806,0x00,0x00,CURRENT,1,0,OK,0.3,0.3,45.0,150.004,,1179.947,,,1.0,14.0
2026-08-07 11:56:04.021,299876,44982,150002832,1179.938056,,1566.640,0x00,0x00,CURRENT,1,0,OK,0.3,0.3,45.0,150.0,,1179.913,,,1.0,13.0
2026-08-07 11:56:04.873,299826,44975,150003104,1179.940928,,1567.492,0x00,0x00,CURRENT,1,0,OK,0.3,0.3,45.0,150.0,,1179.913,,,1.0,13.0
2026-08-07 11:56:05.707,299937,44991,150002976,1179.939577,,1568.326,0x00,0x00,CURRENT,1,0,OK,0.3,0.299,45.0,150.007,,1179.978,,,1.0,13.0
2026-08-07 11:56:06.522,300052,45009,150002848,1179.938225,,1569.141,0x00,0x00,CURRENT,1,0,OK,0.3,0.299,45.0,150.007,,1179.978,,,1.0,13.0
2026-08-07 11:56:07.836,299986,44999,150002992,1179.939746,,1570.455,0x00,0x00,CURRENT,1,0,OK,0.3,0.301,45.0,150.005,,1179.958,,,1.0,14.0
2026-08-07 11:56:08.651,299922,44989,150003200,1179.941942,,1571.270,0x00,0x00,CURRENT,1,0,OK,0.3,0.301,45.0,150.005,,1179.958,,,1.0,14.0
2026-08-07 11:56:09.485,299865,44981,150003552,1179.945659,,1572.104,0x00,0x00,CURRENT,1,0,OK,0.3,0.3,45.0,149.999,,1179.896,,,1.0,13.0
2026-08-07 11:56:10.373,299982,44998,150003568,1179.945828,,1572.992,0x00,0x00,CURRENT,1,0,OK,0.3,0.3,45.0,149.999,,1179.896,,,1.0,13.0
2026-08-07 11:56:11.188,300088,45014,150003968,1179.950052,,1573.807,0x00,0x00,CURRENT,1,0,OK,0.3,0.3,45.0,149.999,,1179.896,,,1.0,13.0
2026-08-07 11:56:12.022,300029,45005,150003680,1179.947011,,1574.641,0x00,0x00,CURRENT,1,0,OK,0.3,0.301,45.0,150.0,,1179.91,,,1.0,14.0
2026-08-07 11:56:12.873,299975,44997,150003248,1179.942449,,1575.492,0x00,0x00,CURRENT,1,0,OK,0.3,0.301,45.0,150.0,,1179.91,,,1.0,14.0
2026-08-07 11:56:13.707,299926,44990,150003312,1179.943125,,1576.326,0x00,0x00,CURRENT,1,0,OK,0.3,0.3,45.0,149.999,,1179.9,,,1.0,13.0
2026-08-07 11:56:14.522,299872,44982,150003296,1179.942956,,1577.141,0x00,0x00,CURRENT,1,0,OK,0.3,0.3,45.0,149.999,,1179.9,,,1.0,13.0
2026-08-07 11:56:15.836,300000,45001,150003184,1179.941773,,1578.455,0x00,0x00,CURRENT,1,0,OK,0.3,0.299,45.0,150.003,,1179.942,,,1.0,13.0
2026-08-07 11:56:16.651,299949,44993,150003152,1179.941435,,1579.270,0x00,0x00,CURRENT,1,0,OK,0.3,0.299,45.0,150.003,,1179.942,,,1.0,13.0
2026-08-07 11:56:17.485,299898,44986,150003312,1179.943125,,1580.104,0x00,0x00,CURRENT,1,0,OK,0.3,0.3,45.0,150.004,,1179.946,,,1.0,14.0
2026-08-07 11:56:18.371,299853,44979,150002656,1179.936198,,1580.991,0x00,0x00,CURRENT,1,0,OK,0.3,0.3,45.0,150.004,,1179.946,,,1.0,14.0
2026-08-07 11:56:19.186,299797,44970,150002432,1179.933832,,1581.806,0x00,0x00,CURRENT,1,0,OK,0.3,0.3,45.0,150.004,,1179.946,,,1.0,14.0
2026-08-07 11:56:20.020,299916,44988,150002352,1179.932988,,1582.640,0x00,0x00,CURRENT,1,0,OK,0.3,0.299,45.0,150.001,,1179.923,,,1.0,13.0
2026-08-07 11:56:20.872,300034,45006,150002128,1179.930622,,1583.492,0x00,0x00,CURRENT,1,0,OK,0.3,0.299,45.0,150.001,,1179.923,,,1.0,13.0
2026-08-07 11:56:21.707,299973,44996,150001632,1179.925385,,1584.326,0x00,0x00,CURRENT,1,0,OK,0.3,0.301,45.0,150.003,,1179.939,,,1.0,14.0
2026-08-07 11:56:22.521,299914,44988,150001680,1179.925891,,1585.141,0x00,0x00,CURRENT,1,0,OK,0.3,0.301,45.0,150.003,,1179.939,,,1.0,14.0
2026-08-07 11:56:23.835,299864,44980,150001616,1179.925216,,1586.455,0x00,0x00,CURRENT,1,0,OK,0.3,0.3,45.0,150.003,,1179.936,,,1.0,13.0
2026-08-07 11:56:24.650,299992,44999,150001760,1179.926736,,1587.270,0x00,0x00,CURRENT,1,0,OK,0.3,0.3,45.0,150.003,,1179.936,,,1.0,13.0
2026-08-07 11:56:25.484,300116,45018,150002032,1179.929608,,1588.104,0x00,0x00,CURRENT,1,0,OK,0.3,0.3,45.0,150.0,,1179.91,,,1.0,14.0
2026-08-07 11:56:26.372,300062,45010,150001472,1179.923695,,1588.992,0x00,0x00,CURRENT,1,0,OK,0.3,0.3,45.0,150.0,,1179.91,,,1.0,14.0
2026-08-07 11:56:27.187,300017,45003,150001376,1179.922681,,1589.807,0x00,0x00,CURRENT,1,0,OK,0.3,0.3,45.0,150.0,,1179.91,,,1.0,14.0
2026-08-07 11:56:28.021,299971,44996,150001344,1179.922343,,1590.641,0x00,0x00,CURRENT,1,0,OK,0.3,0.3,45.0,150.004,,1179.946,,,1.0,13.0
2026-08-07 11:56:28.871,299926,44989,150001552,1179.924540,,1591.491,0x00,0x00,CURRENT,1,0,OK,0.3,0.3,45.0,150.004,,1179.946,,,1.0,13.0
2026-08-07 11:56:29.706,299884,44983,150001328,1179.922174,,1592.325,0x00,0x00,CURRENT,1,0,OK,0.3,0.3,45.0,150.006,,1179.97,,,1.0,13.0
2026-08-07 11:56:30.520,300009,45002,150001584,1179.924878,,1593.140,0x00,0x00,CURRENT,1,0,OK,0.3,0.3,45.0,150.006,,1179.97,,,1.0,13.0
2026-08-07 11:56:31.834,299956,44994,150001824,1179.927412,,1594.454,0x00,0x00,CURRENT,1,0,OK,0.3,0.3,45.0,150.009,,1179.999,,,1.0,14.0
2026-08-07 11:56:32.650,299896,44985,150002416,1179.933663,,1595.269,0x00,0x00,CURRENT,1,0,OK,0.3,0.3,45.0,150.009,,1179.999,,,1.0,14.0
2026-08-07 11:56:33.484,299849,44978,150002416,1179.933663,,1596.103,0x00,0x00,CURRENT,1,0,OK,0.3,0.3,45.0,150.002,,1179.931,,,1.0,13.0
2026-08-07 11:56:34.371,299803,44971,150002080,1179.930115,,1596.991,0x00,0x00,CURRENT,1,0,OK,0.3,0.3,45.0,150.002,,1179.931,,,1.0,13.0
2026-08-07 11:56:35.186,299931,44990,150001888,1179.928088,,1597.806,0x00,0x00,CURRENT,1,0,OK,0.3,0.3,45.0,150.002,,1179.931,,,1.0,13.0
2026-08-07 11:56:36.020,300061,45010,150002032,1179.929608,,1598.640,0x00,0x00,CURRENT,1,0,OK,0.3,0.3,45.0,150.002,,1179.926,,,1.0,14.0
2026-08-07 11:56:36.873,300015,45003,150001856,1179.927750,,1599.493,0x00,0x00,CURRENT,1,0,OK,0.3,0.3,45.0,150.002,,1179.926,,,1.0,14.0
2026-08-07 11:56:37.707,299969,44996,150002176,1179.931129,,1600.327,0x00,0x00,CURRENT,1,0,OK,0.3,0.3,45.0,150.0,,1179.904,,,1.0,14.0
2026-08-07 11:56:38.522,299914,44988,150002928,1179.939070,,1601.142,0x00,0x00,CURRENT,1,0,OK,0.3,0.3,45.0,150.0,,1179.904,,,1.0,14.0
2026-08-07 11:56:39.836,299859,44980,150002928,1179.939070,,1602.456,0x00,0x00,CURRENT,1,0,OK,0.3,0.3,45.0,150.004,,1179.95,,,1.0,13.0
2026-08-07 11:56:40.652,299978,44998,150003264,1179.942618,,1603.271,0x00,0x00,CURRENT,1,0,OK,0.3,0.3,45.0,150.004,,1179.95,,,1.0,13.0
2026-08-07 11:56:41.485,299920,44989,150003216,1179.942111,,1604.104,0x00,0x00,CURRENT,1,0,OK,0.3,0.3,45.0,150.007,,1179.983,,,1.0,14.0
2026-08-07 11:56:42.371,300030,45006,150003408,1179.944139,,1604.991,0x00,0x00,CURRENT,1,0,OK,0.3,0.3,45.0,150.007,,1179.983,,,1.0,14.0
2026-08-07 11:56:43.186,299983,44998,150002864,1179.938394,,1605.806,0x00,0x00,CURRENT,1,0,OK,0.3,0.3,45.0,150.007,,1179.983,,,1.0,14.0
2026-08-07 11:56:44.020,299931,44991,150002976,1179.939577,,1606.639,0x00,0x00,CURRENT,1,0,OK,0.3,0.3,45.0,150.002,,1179.926,,,1.0,14.0
2026-08-07 11:56:44.871,299882,44983,150003264,1179.942618,,1607.491,0x00,0x00,CURRENT,1,0,OK,0.3,0.3,45.0,150.002,,1179.926,,,1.0,14.0
2026-08-07 11:56:45.705,299998,45001,150003008,1179.939915,,1608.325,0x00,0x00,CURRENT,1,0,OK,0.3,0.3,45.0,150.002,,1179.924,,,1.0,13.0
2026-08-07 11:56:46.520,300106,45017,150003248,1179.942449,,1609.140,0x00,0x00,CURRENT,1,0,OK,0.3,0.3,45.0,150.002,,1179.924,,,1.0,13.0
2026-08-07 11:56:47.834,300041,45007,150003136,1179.941266,,1610.454,0x00,0x00,CURRENT,1,0,OK,0.3,0.301,45.0,150.006,,1179.971,,,1.0,14.0
2026-08-07 11:56:48.649,299982,44998,150003664,1179.946842,,1611.269,0x00,0x00,CURRENT,1,0,OK,0.3,0.301,45.0,150.006,,1179.971,,,1.0,14.0
2026-08-07 11:56:49.483,299930,44991,150003552,1179.945659,,1612.103,0x00,0x00,CURRENT,1,0,OK,0.3,0.3,45.0,150.003,,1179.938,,,1.0,13.0
2026-08-07 11:56:50.372,300056,45009,150003216,1179.942111,,1612.991,0x00,0x00,CURRENT,1,0,OK,0.3,0.3,45.0,150.003,,1179.938,,,1.0,13.0
2026-08-07 11:56:51.187,299992,45000,150003920,1179.949545,,1613.807,0x00,0x00,CURRENT,1,0,OK,0.3,0.3,45.0,150.003,,1179.938,,,1.0,13.0
2026-08-07 11:56:52.021,300109,45018,150003888,1179.949207,,1614.641,0x00,0x00,CURRENT,1,0,OK,0.3,0.3,45.0,150.004,,1179.947,,,1.0,13.0
2026-08-07 11:56:52.873,300051,45009,150003392,1179.943970,,1615.492,0x00,0x00,CURRENT,1,0,OK,0.3,0.3,45.0,150.004,,1179.947,,,1.0,13.0
2026-08-07 11:56:53.707,299997,45001,150003152,1179.941435,,1616.326,0x00,0x00,CURRENT,1,0,OK,0.3,0.3,45.0,150.002,,1179.934,,,1.0,14.0
2026-08-07 11:56:54.522,299945,44993,150003056,1179.940422,,1617.141,0x00,0x00,CURRENT,1,0,OK,0.3,0.3,45.0,150.002,,1179.934,,,1.0,14.0
2026-08-07 11:56:55.434,300063,45010,150002816,1179.937887,,1618.053,0x00,0x00,CURRENT,1,0,OK,0.3,0.3,45.0,150.004,,1179.946,,,1.0,13.0
2026-08-07 11:56:56.749,300010,45002,150002432,1179.933832,,1619.368,0x00,0x00,CURRENT,1,0,OK,0.3,0.3,45.0,150.004,,1179.946,,,1.0,13.0
2026-08-07 11:56:57.583,300135,45021,150002752,1179.937211,,1620.202,0x00,0x00,CURRENT,1,0,OK,0.3,0.3,45.0,149.999,,1179.899,,,1.0,13.0
2026-08-07 11:56:58.398,300084,45013,150002800,1179.937718,,1621.018,0x00,0x00,CURRENT,1,0,OK,0.3,0.3,45.0,149.999,,1179.899,,,1.0,13.0
2026-08-07 11:56:59.213,300033,45006,150003216,1179.942111,,1621.832,0x00,0x00,CURRENT,1,0,OK,0.3,0.3,45.0,149.999,,1179.899,,,1.0,13.0
2026-08-07 11:57:00.047,299979,44998,150003360,1179.943632,,1622.666,0x00,0x00,CURRENT,1,0,OK,0.3,0.3,45.0,150.002,,1179.928,,,1.0,13.0
2026-08-07 11:57:00.871,300102,45016,150003808,1179.948362,,1623.490,0x00,0x00,CURRENT,1,0,OK,0.3,0.3,45.0,150.002,,1179.928,,,1.0,13.0
2026-08-07 11:57:01.705,300221,45034,150003616,1179.946335,,1624.325,0x00,0x00,CURRENT,1,0,OK,0.3,0.3,45.0,150.002,,1179.934,,,1.0,14.0
2026-08-07 11:57:02.520,300159,45025,150003696,1179.947180,,1625.140,0x00,0x00,CURRENT,1,0,OK,0.3,0.3,45.0,150.002,,1179.934,,,1.0,14.0
2026-08-07 11:57:03.834,300104,45017,150003280,1179.942787,,1626.454,0x00,0x00,CURRENT,1,0,OK,0.3,0.3,45.0,150.003,,1179.942,,,1.0,14.0
2026-08-07 11:57:04.649,300052,45009,150003248,1179.942449,,1627.268,0x00,0x00,CURRENT,1,0,OK,0.3,0.3,45.0,150.003,,1179.942,,,1.0,14.0
2026-08-07 11:57:05.483,300006,45002,150003824,1179.948531,,1628.103,0x00,0x00,CURRENT,1,0,OK,0.3,0.3,45.0,149.999,,1179.897,,,1.0,13.0
2026-08-07 11:57:06.372,299963,44996,150003664,1179.946842,,1628.991,0x00,0x00,CURRENT,1,0,OK,0.3,0.3,45.0,149.999,,1179.897,,,1.0,13.0
2026-08-07 11:57:07.187,300081,45013,150003872,1179.949038,,1629.806,0x00,0x00,CURRENT,1,0,OK,0.3,0.3,45.0,149.999,,1179.897,,,1.0,13.0
2026-08-07 11:57:08.021,300200,45031,150004176,1179.952248,,1630.641,0x00,0x00,CURRENT,1,0,OK,0.3,0.3,45.0,150.002,,1179.935,,,1.0,14.0
2026-08-07 11:57:08.872,300137,45022,150003984,1179.950221,,1631.491,0x00,0x00,CURRENT,1,0,OK,0.3,0.3,45.0,150.002,,1179.935,,,1.0,14.0
2026-08-07 11:57:09.706,300082,45013,150003408,1179.944139,,1632.325,0x00,0x00,CURRENT,1,0,OK,0.3,0.3,45.0,150.006,,1179.973,,,1.0,14.0
2026-08-07 11:57:10.521,300021,45004,150003056,1179.940422,,1633.141,0x00,0x00,CURRENT,1,0,OK,0.3,0.3,45.0,150.006,,1179.973,,,1.0,14.0
2026-08-07 11:57:11.835,300146,45023,150002800,1179.937718,,1634.454,0x00,0x00,CURRENT,1,0,OK,0.3,0.3,45.0,150.005,,1179.962,,,1.0,13.0
2026-08-07 11:57:12.650,300257,45039,150002592,1179.935522,,1635.269,0x00,0x00,CURRENT,1,0,OK,0.3,0.3,45.0,150.005,,1179.962,,,1.0,13.0
2026-08-07 11:57:13.484,300192,45030,150002496,1179.934508,,1636.103,0x00,0x00,CURRENT,1,0,OK,0.3,0.301,45.0,149.996,,1179.864,,,1.0,14.0
2026-08-07 11:57:14.373,300133,45021,150002784,1179.937549,,1636.992,0x00,0x00,CURRENT,1,0,OK,0.3,0.301,45.0,149.996,,1179.864,,,1.0,14.0
2026-08-07 11:57:15.188,300072,45012,150003008,1179.939915,,1637.807,0x00,0x00,CURRENT,1,0,OK,0.3,0.301,45.0,149.996,,1179.864,,,1.0,14.0
2026-08-07 11:57:16.022,300026,45005,150002800,1179.937718,,1638.641,0x00,0x00,CURRENT,1,0,OK,0.3,0.3,45.0,149.997,,1179.878,,,1.0,13.0
2026-08-07 11:57:16.872,299974,44997,150002368,1179.933156,,1639.491,0x00,0x00,CURRENT,1,0,OK,0.3,0.3,45.0,149.997,,1179.878,,,1.0,13.0
2026-08-07 11:57:17.706,300092,45014,150002352,1179.932988,,1640.325,0x00,0x00,CURRENT,1,0,OK,0.3,0.299,45.0,149.998,,1179.889,,,1.0,13.0
2026-08-07 11:57:18.521,300035,45006,150001824,1179.927412,,1641.140,0x00,0x00,CURRENT,1,0,OK,0.3,0.299,45.0,149.998,,1179.889,,,1.0,13.0
2026-08-07 11:57:19.835,299989,44999,150001568,1179.924709,,1642.454,0x00,0x00,CURRENT,1,0,OK,0.3,0.3,45.0,150.002,,1179.925,,,1.0,13.0
2026-08-07 11:57:20.650,299944,44992,150001344,1179.922343,,1643.269,0x00,0x00,CURRENT,1,0,OK,0.3,0.3,45.0,150.002,,1179.925,,,1.0,13.0
2026-08-07 11:57:21.484,299899,44985,150001376,1179.922681,,1644.103,0x00,0x00,CURRENT,1,0,OK,0.3,0.3,45.0,150.0,,1179.905,,,1.0,13.0
2026-08-07 11:57:22.371,299852,44978,150001104,1179.919809,,1644.990,0x00,0x00,CURRENT,1,0,OK,0.3,0.3,45.0,150.0,,1179.905,,,1.0,13.0
2026-08-07 11:57:23.186,299977,44997,150001568,1179.924709,,1645.805,0x00,0x00,CURRENT,1,0,OK,0.3,0.3,45.0,150.0,,1179.905,,,1.0,13.0
2026-08-07 11:57:24.020,300090,45014,150001728,1179.926398,,1646.639,0x00,0x00,CURRENT,1,0,OK,0.3,0.3,45.0,149.998,,1179.885,,,1.0,14.0
2026-08-07 11:57:24.872,300041,45007,150001520,1179.924202,,1647.491,0x00,0x00,CURRENT,1,0,OK,0.3,0.3,45.0,149.998,,1179.885,,,1.0,14.0
2026-08-07 11:57:25.706,299991,44999,150001264,1179.921499,,1648.325,0x00,0x00,CURRENT,1,0,OK,0.3,0.3,45.0,149.999,,1179.898,,,1.0,14.0
2026-08-07 11:57:26.521,299937,44991,150001376,1179.922681,,1649.140,0x00,0x00,CURRENT,1,0,OK,0.3,0.3,45.0,149.999,,1179.898,,,1.0,14.0
2026-08-07 11:57:27.835,300058,45009,150001104,1179.919809,,1650.454,0x00,0x00,CURRENT,1,0,OK,0.3,0.3,45.0,150.002,,1179.932,,,1.0,13.0
2026-08-07 11:57:28.650,300011,45002,150000656,1179.915078,,1651.269,0x00,0x00,CURRENT,1,0,OK,0.3,0.3,45.0,150.002,,1179.932,,,1.0,13.0
2026-08-07 11:57:29.484,299974,44996,150000336,1179.911699,,1652.103,0x00,0x00,CURRENT,1,0,OK,0.3,0.3,45.0,150.001,,1179.918,,,1.0,13.0
2026-08-07 11:57:30.372,300099,45015,150000128,1179.909503,,1652.991,0x00,0x00,CURRENT,1,0,OK,0.3,0.3,45.0,150.001,,1179.918,,,1.0,13.0
2026-08-07 11:57:31.187,300048,45007,150000160,1179.909841,,1653.806,0x00,0x00,CURRENT,1,0,OK,0.3,0.3,45.0,150.001,,1179.918,,,1.0,13.0
2026-08-07 11:57:32.021,300003,45001,150000288,1179.911192,,1654.640,0x00,0x00,CURRENT,1,0,OK,0.3,0.3,45.0,150.002,,1179.929,,,1.0,14.0
2026-08-07 11:57:32.872,299958,44994,149999968,1179.907813,,1655.491,0x00,0x00,CURRENT,1,0,OK,0.3,0.3,45.0,150.002,,1179.929,,,1.0,14.0
2026-08-07 11:57:33.706,299913,44987,149999984,1179.907982,,1656.325,0x00,0x00,CURRENT,1,0,OK,0.3,0.3,45.0,150.002,,1179.929,,,1.0,13.0
2026-08-07 11:57:34.521,300045,45007,149999856,1179.906631,,1657.140,0x00,0x00,CURRENT,1,0,OK,0.3,0.3,45.0,150.002,,1179.929,,,1.0,13.0
2026-08-07 11:57:35.835,300007,45001,149999664,1179.904603,,1658.454,0x00,0x00,CURRENT,1,0,OK,0.3,0.3,45.0,150.004,,1179.95,,,1.0,14.0
2026-08-07 11:57:36.650,299973,44996,149999536,1179.903252,,1659.269,0x00,0x00,CURRENT,1,0,OK,0.3,0.3,45.0,150.004,,1179.95,,,1.0,14.0
2026-08-07 11:57:37.484,299932,44990,149999776,1179.905786,,1660.103,0x00,0x00,CURRENT,1,0,OK,0.3,0.3,45.0,150.003,,1179.935,,,1.0,14.0
2026-08-07 11:57:38.372,299896,44984,149999664,1179.904603,,1660.991,0x00,0x00,CURRENT,1,0,OK,0.3,0.3,45.0,150.003,,1179.935,,,1.0,14.0
2026-08-07 11:57:39.187,299866,44980,149999392,1179.901731,,1661.806,0x00,0x00,CURRENT,1,0,OK,0.3,0.3,45.0,150.003,,1179.935,,,1.0,14.0
2026-08-07 11:57:40.021,299833,44975,149999456,1179.902407,,1662.640,0x00,0x00,CURRENT,1,0,OK,0.3,0.3,45.0,150.001,,1179.921,,,1.0,13.0
2026-08-07 11:57:40.873,299803,44970,149999152,1179.899197,,1663.492,0x00,0x00,CURRENT,1,0,OK,0.3,0.3,45.0,150.001,,1179.921,,,1.0,13.0
2026-08-07 11:57:41.707,299940,44991,149999344,1179.901224,,1664.326,0x00,0x00,CURRENT,1,0,OK,0.3,0.299,45.0,150.002,,1179.928,,,1.0,13.0
2026-08-07 11:57:42.522,300073,45011,149999056,1179.898183,,1665.141,0x00,0x00,CURRENT,1,0,OK,0.3,0.299,45.0,150.002,,1179.928,,,1.0,13.0
2026-08-07 11:57:43.836,300039,45005,149998544,1179.892776,,1666.455,0x00,0x00,CURRENT,1,0,OK,0.3,0.301,45.0,150.001,,1179.921,,,1.0,14.0
2026-08-07 11:57:44.651,300006,45001,149998800,1179.895480,,1667.270,0x00,0x00,CURRENT,1,0,OK,0.3,0.301,45.0,150.001,,1179.921,,,1.0,14.0
2026-08-07 11:57:45.484,299974,44996,149998528,1179.892607,,1668.104,0x00,0x00,CURRENT,1,0,OK,0.3,0.3,45.0,150.0,,1179.911,,,1.0,13.0
2026-08-07 11:57:46.371,299935,44990,149998400,1179.891256,,1668.991,0x00,0x00,CURRENT,1,0,OK,0.3,0.3,45.0,150.0,,1179.911,,,1.0,13.0
2026-08-07 11:57:47.186,299902,44985,149998608,1179.893452,,1669.806,0x00,0x00,CURRENT,1,0,OK,0.3,0.3,45.0,150.0,,1179.911,,,1.0,13.0
2026-08-07 11:57:48.020,299869,44980,149998832,1179.895817,,1670.640,0x00,0x00,CURRENT,1,0,OK,0.3,0.3,45.0,149.994,,1179.849,,,1.0,13.0
2026-08-07 11:57:48.873,300009,45001,149998864,1179.896155,,1671.492,0x00,0x00,CURRENT,1,0,OK,0.3,0.3,45.0,149.994,,1179.849,,,1.0,13.0
2026-08-07 11:57:49.706,299969,44995,149998544,1179.892776,,1672.326,0x00,0x00,CURRENT,1,0,OK,0.3,0.3,45.0,150.002,,1179.931,,,1.0,14.0
2026-08-07 11:57:50.521,299929,44989,149998192,1179.889059,,1673.141,0x00,0x00,CURRENT,1,0,OK,0.3,0.3,45.0,150.002,,1179.931,,,1.0,14.0
2026-08-07 11:57:51.835,299897,44984,149997872,1179.885680,,1674.455,0x00,0x00,CURRENT,1,0,OK,0.3,0.3,45.0,150.001,,1179.918,,,1.0,13.0
2026-08-07 11:57:52.650,299862,44979,149997856,1179.885511,,1675.270,0x00,0x00,CURRENT,1,0,OK,0.3,0.3,45.0,150.001,,1179.918,,,1.0,13.0
2026-08-07 11:57:53.484,299835,44975,149997824,1179.885173,,1676.104,0x00,0x00,CURRENT,1,0,OK,0.3,0.3,45.0,149.999,,1179.896,,,1.0,13.0
2026-08-07 11:57:54.372,299810,44971,149997424,1179.880949,,1676.992,0x00,0x00,CURRENT,1,0,OK,0.3,0.3,45.0,149.999,,1179.896,,,1.0,13.0
2026-08-07 11:57:55.187,299950,44992,149997248,1179.879091,,1677.807,0x00,0x00,CURRENT,1,0,OK,0.3,0.3,45.0,149.999,,1179.896,,,1.0,13.0
2026-08-07 11:57:56.021,299922,44987,149996976,1179.876219,,1678.641,0x00,0x00,CURRENT,1,0,OK,0.3,0.3,45.0,149.999,,1179.897,,,1.0,14.0
2026-08-07 11:57:56.872,299892,44983,149996880,1179.875205,,1679.492,0x00,0x00,CURRENT,1,0,OK,0.3,0.3,45.0,149.999,,1179.897,,,1.0,14.0
2026-08-07 11:57:57.706,299860,44978,149997232,1179.878922,,1680.326,0x00,0x00,CURRENT,1,0,OK,0.3,0.3,45.0,149.998,,1179.886,,,1.0,13.0
2026-08-07 11:57:58.521,299831,44974,149997792,1179.884835,,1681.141,0x00,0x00,CURRENT,1,0,OK,0.3,0.3,45.0,149.998,,1179.886,,,1.0,13.0
2026-08-07 11:57:59.835,299970,44995,149997424,1179.880949,,1682.455,0x00,0x00,CURRENT,1,0,OK,0.3,0.3,45.0,150.001,,1179.923,,,1.0,13.0
2026-08-07 11:58:00.650,299930,44989,149996672,1179.873009,,1683.270,0x00,0x00,CURRENT,1,0,OK,0.3,0.3,45.0,150.001,,1179.923,,,1.0,13.0
2026-08-07 11:58:01.484,299896,44983,149996816,1179.874529,,1684.104,0x00,0x00,CURRENT,1,0,OK,0.3,0.3,45.0,149.999,,1179.895,,,1.0,14.0
2026-08-07 11:58:02.373,299865,44979,149996480,1179.870981,,1684.992,0x00,0x00,CURRENT,1,0,OK,0.3,0.3,45.0,149.999,,1179.895,,,1.0,14.0
2026-08-07 11:58:03.188,299831,44974,149996736,1179.873684,,1685.807,0x00,0x00,CURRENT,1,0,OK,0.3,0.3,45.0,149.999,,1179.895,,,1.0,14.0
2026-08-07 11:58:04.021,299801,44969,149996288,1179.868954,,1686.641,0x00,0x00,CURRENT,1,0,OK,0.3,0.3,45.0,150.002,,1179.934,,,1.0,13.0
2026-08-07 11:58:04.871,299775,44965,149996416,1179.870305,,1687.491,0x00,0x00,CURRENT,1,0,OK,0.3,0.3,45.0,150.002,,1179.934,,,1.0,13.0
2026-08-07 11:58:05.705,299749,44961,149996944,1179.875881,,1688.325,0x00,0x00,CURRENT,1,0,OK,0.3,0.3,45.0,150.003,,1179.937,,,1.0,13.0
2026-08-07 11:58:06.520,299888,44982,149996752,1179.873853,,1689.140,0x00,0x00,CURRENT,1,0,OK,0.3,0.3,45.0,150.003,,1179.937,,,1.0,13.0
2026-08-07 11:58:07.834,299851,44977,149996656,1179.872840,,1690.454,0x00,0x00,CURRENT,1,0,OK,0.3,0.3,45.0,150.003,,1179.944,,,1.0,14.0
2026-08-07 11:58:08.649,299817,44972,149996864,1179.875036,,1691.269,0x00,0x00,CURRENT,1,0,OK,0.3,0.3,45.0,150.003,,1179.944,,,1.0,14.0
2026-08-07 11:58:09.484,299785,44967,149996944,1179.875881,,1692.103,0x00,0x00,CURRENT,1,0,OK,0.3,0.3,45.0,150.0,,1179.905,,,1.0,14.0
2026-08-07 11:58:10.373,299752,44962,149997312,1179.879767,,1692.992,0x00,0x00,CURRENT,1,0,OK,0.3,0.3,45.0,150.0,,1179.905,,,1.0,14.0
2026-08-07 11:58:11.187,299722,44958,149997856,1179.885511,,1693.807,0x00,0x00,CURRENT,1,0,OK,0.3,0.3,45.0,150.0,,1179.905,,,1.0,14.0
2026-08-07 11:58:12.022,299689,44953,149998512,1179.892438,,1694.641,0x00,0x00,CURRENT,1,0,OK,0.3,0.3,45.0,149.999,,1179.902,,,1.0,13.0
2026-08-07 11:58:12.872,299827,44974,149998352,1179.890749,,1695.492,0x00,0x00,CURRENT,1,0,OK,0.3,0.3,45.0,149.999,,1179.902,,,1.0,13.0
2026-08-07 11:58:13.706,299969,44995,149998384,1179.891087,,1696.326,0x00,0x00,CURRENT,1,0,OK,0.3,0.3,45.0,150.0,,1179.905,,,1.0,14.0
2026-08-07 11:58:14.521,299928,44989,149998688,1179.894297,,1697.141,0x00,0x00,CURRENT,1,0,OK,0.3,0.3,45.0,150.0,,1179.905,,,1.0,14.0
2026-08-07 11:58:15.835,299893,44983,149998208,1179.889228,,1698.455,0x00,0x00,CURRENT,1,0,OK,0.3,0.3,45.0,150.003,,1179.935,,,1.0,14.0
2026-08-07 11:58:16.650,299851,44977,149998448,1179.891763,,1699.270,0x00,0x00,CURRENT,1,0,OK,0.3,0.3,45.0,150.003,,1179.935,,,1.0,14.0
2026-08-07 11:58:17.484,299819,44973,149998592,1179.893283,,1700.103,0x00,0x00,CURRENT,1,0,OK,0.3,0.3,45.0,150.002,,1179.932,,,1.0,13.0
2026-08-07 11:58:18.372,299962,44994,149998256,1179.889735,,1700.992,0x00,0x00,CURRENT,1,0,OK,0.3,0.3,45.0,150.002,,1179.932,,,1.0,13.0
2026-08-07 11:58:19.187,299916,44987,149998528,1179.892607,,1701.807,0x00,0x00,CURRENT,1,0,OK,0.3,0.3,45.0,150.002,,1179.932,,,1.0,13.0
2026-08-07 11:58:20.021,299876,44981,149998832,1179.895817,,1702.641,0x00,0x00,CURRENT,1,0,OK,0.3,0.3,45.0,150.002,,1179.931,,,1.0,14.0
2026-08-07 11:58:20.871,300009,45001,149999040,1179.898014,,1703.491,0x00,0x00,CURRENT,1,0,OK,0.3,0.3,45.0,150.002,,1179.931,,,1.0,14.0
2026-08-07 11:58:21.705,299962,44994,149998976,1179.897338,,1704.325,0x00,0x00,CURRENT,1,0,OK,0.3,0.3,45.0,150.005,,1179.957,,,1.0,14.0
2026-08-07 11:58:22.520,299921,44988,149999216,1179.899872,,1705.140,0x00,0x00,CURRENT,1,0,OK,0.3,0.3,45.0,150.005,,1179.957,,,1.0,14.0
2026-08-07 11:58:23.834,299878,44981,149999184,1179.899535,,1706.454,0x00,0x00,CURRENT,1,0,OK,0.3,0.3,45.0,150.005,,1179.963,,,1.0,13.0
2026-08-07 11:58:24.649,300007,45001,149999232,1179.900041,,1707.269,0x00,0x00,CURRENT,1,0,OK,0.3,0.3,45.0,150.005,,1179.963,,,1.0,13.0
2026-08-07 11:58:25.483,300137,45020,149999088,1179.898521,,1708.102,0x00,0x00,CURRENT,1,0,OK,0.3,0.3,45.0,150.003,,1179.945,,,1.0,14.0
2026-08-07 11:58:26.372,300092,45014,149999312,1179.900886,,1708.992,0x00,0x00,CURRENT,1,0,OK,0.3,0.3,45.0,150.003,,1179.945,,,1.0,14.0
2026-08-07 11:58:27.187,300044,45006,149998928,1179.896831,,1709.806,0x00,0x00,CURRENT,1,0,OK,0.3,0.3,45.0,150.003,,1179.945,,,1.0,14.0
2026-08-07 11:58:28.021,299994,44999,149998912,1179.896662,,1710.641,0x00,0x00,CURRENT,1,0,OK,0.3,0.3,45.0,150.002,,1179.925,,,1.0,14.0
2026-08-07 11:58:28.872,299951,44992,149999024,1179.897845,,1711.491,0x00,0x00,CURRENT,1,0,OK,0.3,0.3,45.0,150.002,,1179.925,,,1.0,14.0
2026-08-07 11:58:29.706,299909,44986,149999280,1179.900548,,1712.325,0x00,0x00,CURRENT,1,0,OK,0.3,0.3,45.0,150.003,,1179.939,,,1.0,13.0
2026-08-07 11:58:30.521,299866,44980,149999488,1179.902745,,1713.140,0x00,0x00,CURRENT,1,0,OK,0.3,0.3,45.0,150.003,,1179.939,,,1.0,13.0
2026-08-07 11:58:31.835,299992,44999,149999504,1179.902914,,1714.454,0x00,0x00,CURRENT,1,0,OK,0.3,0.299,45.0,150.005,,1179.961,,,1.0,13.0
2026-08-07 11:58:32.650,299947,44992,149999664,1179.904603,,1715.269,0x00,0x00,CURRENT,1,0,OK,0.3,0.299,45.0,150.005,,1179.961,,,1.0,13.0
2026-08-07 11:58:33.484,299905,44986,149999472,1179.902576,,1716.104,0x00,0x00,CURRENT,1,0,OK,0.3,0.3,45.0,150.005,,1179.958,,,1.0,14.0
2026-08-07 11:58:34.372,299870,44980,149999184,1179.899535,,1716.992,0x00,0x00,CURRENT,1,0,OK,0.3,0.3,45.0,150.005,,1179.958,,,1.0,14.0
2026-08-07 11:58:35.187,299831,44975,149999856,1179.906631,,1717.806,0x00,0x00,CURRENT,1,0,OK,0.3,0.3,45.0,150.005,,1179.958,,,1.0,14.0
2026-08-07 11:58:36.021,299791,44969,149999840,1179.906462,,1718.641,0x00,0x00,CURRENT,1,0,OK,0.3,0.3,45.0,150.006,,1179.97,,,1.0,13.0
2026-08-07 11:58:36.873,299920,44988,150000400,1179.912375,,1719.492,0x00,0x00,CURRENT,1,0,OK,0.3,0.3,45.0,150.006,,1179.97,,,1.0,13.0
2026-08-07 11:58:37.707,300055,45008,149999920,1179.907306,,1720.326,0x00,0x00,CURRENT,1,0,OK,0.3,0.3,45.0,150.003,,1179.938,,,1.0,14.0
2026-08-07 11:58:38.522,300014,45002,150000720,1179.915754,,1721.142,0x00,0x00,CURRENT,1,0,OK,0.3,0.3,45.0,150.003,,1179.938,,,1.0,14.0
2026-08-07 11:58:39.836,299968,44995,150000608,1179.914571,,1722.455,0x00,0x00,CURRENT,1,0,OK,0.3,0.3,45.0,150.009,,1180.003,,,1.0,14.0
2026-08-07 11:58:40.651,299932,44990,150000464,1179.913051,,1723.271,0x00,0x00,CURRENT,1,0,OK,0.3,0.3,45.0,150.009,,1180.003,,,1.0,14.0
2026-08-07 11:58:41.485,299885,44983,150001120,1179.919978,,1724.104,0x00,0x00,CURRENT,1,0,OK,0.3,0.3,45.0,150.004,,1179.95,,,1.0,13.0
2026-08-07 11:58:42.372,299848,44977,150000992,1179.918626,,1724.992,0x00,0x00,CURRENT,1,0,OK,0.3,0.3,45.0,150.004,,1179.95,,,1.0,13.0
2026-08-07 11:58:43.187,299983,44998,150001248,1179.921330,,1725.807,0x00,0x00,CURRENT,1,0,OK,0.3,0.3,45.0,150.004,,1179.95,,,1.0,13.0
2026-08-07 11:58:44.021,300108,45016,150000640,1179.914909,,1726.640,0x00,0x00,CURRENT,1,0,OK,0.3,0.3,45.0,150.008,,1179.989,,,1.0,14.0
2026-08-07 11:58:44.872,300051,45008,150001168,1179.920485,,1727.491,0x00,0x00,CURRENT,1,0,OK,0.3,0.3,45.0,150.008,,1179.989,,,1.0,14.0
2026-08-07 11:58:45.706,299997,45000,150001392,1179.922850,,1728.325,0x00,0x00,CURRENT,1,0,OK,0.3,0.3,45.0,150.006,,1179.975,,,1.0,14.0
2026-08-07 11:58:46.521,299952,44993,150001728,1179.926398,,1729.140,0x00,0x00,CURRENT,1,0,OK,0.3,0.3,45.0,150.006,,1179.975,,,1.0,14.0
2026-08-07 11:58:47.835,299908,44987,150002144,1179.930791,,1730.454,0x00,0x00,CURRENT,1,0,OK,0.3,0.3,45.0,150.008,,1179.995,,,1.0,13.0
2026-08-07 11:58:48.650,300036,45006,150002464,1179.934170,,1731.269,0x00,0x00,CURRENT,1,0,OK,0.3,0.3,45.0,150.008,,1179.995,,,1.0,13.0
2026-08-07 11:58:49.484,300158,45025,150002608,1179.935691,,1732.103,0x00,0x00,CURRENT,1,0,OK,0.3,0.3,45.0,150.005,,1179.962,,,1.0,14.0
2026-08-07 11:58:50.372,300106,45017,150002672,1179.936367,,1732.991,0x00,0x00,CURRENT,1,0,OK,0.3,0.3,45.0,150.005,,1179.962,,,1.0,14.0
2026-08-07 11:58:51.187,300046,45008,150002896,1179.938732,,1733.806,0x00,0x00,CURRENT,1,0,OK,0.3,0.3,45.0,150.005,,1179.962,,,1.0,14.0
2026-08-07 11:58:52.021,299994,45000,150003280,1179.942787,,1734.640,0x00,0x00,CURRENT,1,0,OK,0.3,0.3,45.0,150.003,,1179.943,,,1.0,13.0
2026-08-07 11:58:52.872,299944,44993,150002896,1179.938732,,1735.491,0x00,0x00,CURRENT,1,0,OK,0.3,0.3,45.0,150.003,,1179.943,,,1.0,13.0
2026-08-07 11:58:53.706,299896,44985,150003184,1179.941773,,1736.325,0x00,0x00,CURRENT,1,0,OK,0.3,0.3,45.0,150.0,,1179.91,,,1.0,13.0
2026-08-07 11:58:54.521,300014,45003,150003264,1179.942618,,1737.140,0x00,0x00,CURRENT,1,0,OK,0.3,0.3,45.0,150.0,,1179.91,,,1.0,13.0
2026-08-07 11:58:55.835,299967,44996,150002720,1179.936873,,1738.454,0x00,0x00,CURRENT,1,0,OK,0.3,0.3,45.0,150.003,,1179.94,,,1.0,14.0
2026-08-07 11:58:56.650,299920,44989,150002416,1179.933663,,1739.269,0x00,0x00,CURRENT,1,0,OK,0.3,0.3,45.0,150.003,,1179.94,,,1.0,14.0
2026-08-07 11:58:57.484,299873,44982,150002336,1179.932819,,1740.103,0x00,0x00,CURRENT,1,0,OK,0.3,0.3,45.0,150.003,,1179.939,,,1.0,13.0
2026-08-07 11:58:58.373,299834,44976,150002288,1179.932312,,1740.992,0x00,0x00,CURRENT,1,0,OK,0.3,0.3,45.0,150.003,,1179.939,,,1.0,13.0
2026-08-07 11:58:59.188,299961,44995,150002656,1179.936198,,1741.807,0x00,0x00,CURRENT,1,0,OK,0.3,0.3,45.0,150.003,,1179.939,,,1.0,13.0
2026-08-07 11:59:00.022,300083,45013,150002640,1179.936029,,1742.641,0x00,0x00,CURRENT,1,0,OK,0.3,0.3,45.0,150.005,,1179.956,,,1.0,14.0
2026-08-07 11:59:00.872,300029,45005,150003184,1179.941773,,1743.491,0x00,0x00,CURRENT,1,0,OK,0.3,0.3,45.0,150.005,,1179.956,,,1.0,14.0
2026-08-07 11:59:01.706,299990,44999,150002144,1179.930791,,1744.325,0x00,0x00,CURRENT,1,0,OK,0.3,0.3,45.0,150.004,,1179.951,,,1.0,14.0
2026-08-07 11:59:02.521,299950,44993,150002112,1179.930453,,1745.140,0x00,0x00,CURRENT,1,0,OK,0.3,0.3,45.0,150.004,,1179.951,,,1.0,14.0
2026-08-07 11:59:03.835,299908,44987,150001888,1179.928088,,1746.454,0x00,0x00,CURRENT,1,0,OK,0.3,0.3,45.0,150.004,,1179.951,,,1.0,13.0
2026-08-07 11:59:04.650,300028,45005,150001760,1179.926736,,1747.269,0x00,0x00,CURRENT,1,0,OK,0.3,0.3,45.0,150.004,,1179.951,,,1.0,13.0
2026-08-07 11:59:05.484,299970,44996,150002032,1179.929608,,1748.103,0x00,0x00,CURRENT,1,0,OK,0.3,0.3,45.0,150.0,,1179.904,,,1.0,14.0
2026-08-07 11:59:06.373,299917,44988,150001728,1179.926398,,1748.992,0x00,0x00,CURRENT,1,0,OK,0.3,0.3,45.0,150.0,,1179.904,,,1.0,14.0
2026-08-07 11:59:07.188,300042,45007,150001984,1179.929102,,1749.807,0x00,0x00,CURRENT,1,0,OK,0.3,0.3,45.0,150.0,,1179.904,,,1.0,14.0
2026-08-07 11:59:08.022,299996,45000,150001824,1179.927412,,1750.641,0x00,0x00,CURRENT,1,0,OK,0.3,0.3,45.0,150.001,,1179.918,,,1.0,14.0
2026-08-07 11:59:08.873,299945,44992,150001328,1179.922174,,1751.492,0x00,0x00,CURRENT,1,0,OK,0.3,0.3,45.0,150.001,,1179.918,,,1.0,14.0
2026-08-07 11:59:09.707,300067,45011,150002208,1179.931467,,1752.326,0x00,0x00,CURRENT,1,0,OK,0.3,0.3,45.0,150.005,,1179.957,,,1.0,13.0
2026-08-07 11:59:10.522,300011,45002,150002048,1179.929777,,1753.141,0x00,0x00,CURRENT,1,0,OK,0.3,0.3,45.0,150.005,,1179.957,,,1.0,13.0
2026-08-07 11:59:11.836,299963,44995,150001936,1179.928595,,1754.455,0x00,0x00,CURRENT,1,0,OK,0.3,0.3,45.0,150.001,,1179.922,,,1.0,14.0
2026-08-07 11:59:12.651,299918,44988,150002192,1179.931298,,1755.270,0x00,0x00,CURRENT,1,0,OK,0.3,0.3,45.0,150.001,,1179.922,,,1.0,14.0
2026-08-07 11:59:13.485,300043,45007,150002432,1179.933832,,1756.104,0x00,0x00,CURRENT,1,0,OK,0.3,0.3,45.0,150.003,,1179.945,,,1.0,13.0
2026-08-07 11:59:14.372,300165,45025,150002144,1179.930791,,1756.991,0x00,0x00,CURRENT,1,0,OK,0.3,0.3,45.0,150.003,,1179.945,,,1.0,13.0
2026-08-07 11:59:15.186,300102,45016,150001712,1179.926229,,1757.806,0x00,0x00,CURRENT,1,0,OK,0.3,0.3,45.0,150.003,,1179.945,,,1.0,13.0
2026-08-07 11:59:16.020,300037,45006,150001600,1179.925047,,1758.640,0x00,0x00,CURRENT,1,0,OK,0.3,0.3,45.0,150.001,,1179.918,,,1.0,14.0
2026-08-07 11:59:16.872,299988,44999,150002032,1179.929608,,1759.492,0x00,0x00,CURRENT,1,0,OK,0.3,0.3,45.0,150.001,,1179.918,,,1.0,14.0
2026-08-07 11:59:17.706,299936,44991,150001984,1179.929102,,1760.326,0x00,0x00,CURRENT,1,0,OK,0.3,0.3,45.0,150.003,,1179.94,,,1.0,13.0
2026-08-07 11:59:18.522,300057,45009,150002064,1179.929946,,1761.141,0x00,0x00,CURRENT,1,0,OK,0.3,0.3,45.0,150.003,,1179.94,,,1.0,13.0
2026-08-07 11:59:19.433,300002,45001,150002032,1179.929608,,1762.053,0x00,0x00,CURRENT,1,0,OK,0.3,0.3,45.0,149.999,,1179.899,,,1.0,14.0
2026-08-07 11:59:20.749,300125,45019,150001936,1179.928595,,1763.368,0x00,0x00,CURRENT,1,0,OK,0.3,0.3,45.0,149.999,,1179.899,,,1.0,14.0
2026-08-07 11:59:21.583,300073,45011,150001392,1179.922850,,1764.202,0x00,0x00,CURRENT,1,0,OK,0.3,0.3,45.0,149.996,,1179.869,,,1.0,14.0
2026-08-07 11:59:22.398,300016,45003,150001984,1179.929102,,1765.017,0x00,0x00,CURRENT,1,0,OK,0.3,0.3,45.0,149.996,,1179.869,,,1.0,14.0
2026-08-07 11:59:23.212,299961,44995,150002480,1179.934339,,1765.832,0x00,0x00,CURRENT,1,0,OK,0.3,0.3,45.0,149.996,,1179.869,,,1.0,14.0
2026-08-07 11:59:24.046,300083,45013,150002960,1179.939408,,1766.666,0x00,0x00,CURRENT,1,0,OK,0.3,0.3,45.0,150.005,,1179.956,,,1.0,13.0
2026-08-07 11:59:24.873,300029,45005,150003200,1179.941942,,1767.492,0x00,0x00,CURRENT,1,0,OK,0.3,0.3,45.0,150.005,,1179.956,,,1.0,13.0
2026-08-07 11:59:25.706,299971,44997,150003344,1179.943463,,1768.326,0x00,0x00,CURRENT,1,0,OK,0.3,0.3,45.0,150.006,,1179.972,,,1.0,13.0
2026-08-07 11:59:26.521,300095,45015,150004128,1179.951742,,1769.141,0x00,0x00,CURRENT,1,0,OK,0.3,0.3,45.0,150.006,,1179.972,,,1.0,13.0
2026-08-07 11:59:27.835,300042,45008,150004272,1179.953262,,1770.455,0x00,0x00,CURRENT,1,0,OK,0.3,0.3,45.0,150.009,,1180.005,,,1.0,14.0
2026-08-07 11:59:28.650,300156,45025,150005008,1179.961034,,1771.270,0x00,0x00,CURRENT,1,0,OK,0.3,0.3,45.0,150.009,,1180.005,,,1.0,14.0
2026-08-07 11:59:29.484,300107,45018,150005232,1179.963399,,1772.104,0x00,0x00,CURRENT,1,0,OK,0.3,0.3,45.0,150.006,,1179.972,,,1.0,14.0
2026-08-07 11:59:30.372,300052,45009,150004656,1179.957317,,1772.992,0x00,0x00,CURRENT,1,0,OK,0.3,0.3,45.0,150.006,,1179.972,,,1.0,14.0
2026-08-07 11:59:31.187,300003,45002,150004288,1179.953431,,1773.807,0x00,0x00,CURRENT,1,0,OK,0.3,0.3,45.0,150.006,,1179.972,,,1.0,14.0
2026-08-07 11:59:32.021,300122,45020,150004352,1179.954107,,1774.641,0x00,0x00,CURRENT,1,0,OK,0.3,0.3,45.0,150.005,,1179.959,,,1.0,13.0
2026-08-07 11:59:32.871,300067,45011,150004256,1179.953093,,1775.491,0x00,0x00,CURRENT,1,0,OK,0.3,0.3,45.0,150.005,,1179.959,,,1.0,13.0
2026-08-07 11:59:33.706,300024,45005,150003824,1179.948531,,1776.325,0x00,0x00,CURRENT,1,0,OK,0.3,0.3,45.0,150.004,,1179.951,,,1.0,14.0
2026-08-07 11:59:34.521,300148,45024,150004528,1179.955965,,1777.140,0x00,0x00,CURRENT,1,0,OK,0.3,0.3,45.0,150.004,,1179.951,,,1.0,14.0
2026-08-07 11:59:35.835,300100,45016,150004784,1179.958669,,1778.454,0x00,0x00,CURRENT,1,0,OK,0.3,0.301,45.0,149.999,,1179.902,,,1.0,14.0
2026-08-07 11:59:36.649,300054,45010,150005232,1179.963399,,1779.269,0x00,0x00,CURRENT,1,0,OK,0.3,0.301,45.0,149.999,,1179.902,,,1.0,14.0
2026-08-07 11:59:37.483,300008,45003,150005232,1179.963399,,1780.103,0x00,0x00,CURRENT,1,0,OK,0.3,0.3,45.0,150.002,,1179.93,,,1.0,13.0
2026-08-07 11:59:38.371,300139,45022,150004848,1179.959344,,1780.991,0x00,0x00,CURRENT,1,0,OK,0.3,0.3,45.0,150.002,,1179.93,,,1.0,13.0
2026-08-07 11:59:39.186,300264,45041,150004416,1179.954783,,1781.806,0x00,0x00,CURRENT,1,0,OK,0.3,0.3,45.0,150.002,,1179.93,,,1.0,13.0
2026-08-07 11:59:40.020,300205,45032,150004512,1179.955796,,1782.640,0x00,0x00,CURRENT,1,0,OK,0.3,0.301,45.0,150.003,,1179.943,,,1.0,14.0
2026-08-07 11:59:40.872,300153,45024,150004688,1179.957655,,1783.492,0x00,0x00,CURRENT,1,0,OK,0.3,0.301,45.0,150.003,,1179.943,,,1.0,14.0
2026-08-07 11:59:41.706,300106,45017,150005024,1179.961203,,1784.326,0x00,0x00,CURRENT,1,0,OK,0.3,0.3,45.0,150.001,,1179.919,,,1.0,14.0
2026-08-07 11:59:42.521,300062,45011,150005136,1179.962386,,1785.141,0x00,0x00,CURRENT,1,0,OK,0.3,0.3,45.0,150.001,,1179.919,,,1.0,14.0
2026-08-07 11:59:43.835,300016,45004,150005200,1179.963061,,1786.455,0x00,0x00,CURRENT,1,0,OK,0.3,0.3,45.0,150.006,,1179.973,,,1.0,13.0
2026-08-07 11:59:44.650,300134,45022,150005040,1179.961372,,1787.269,0x00,0x00,CURRENT,1,0,OK,0.3,0.3,45.0,150.006,,1179.973,,,1.0,13.0
2026-08-07 11:59:45.484,300249,45039,150005344,1179.964582,,1788.104,0x00,0x00,CURRENT,1,0,OK,0.3,0.3,45.0,150.008,,1179.995,,,1.0,14.0
2026-08-07 11:59:46.372,300196,45031,150004752,1179.958331,,1788.992,0x00,0x00,CURRENT,1,0,OK,0.3,0.3,45.0,150.008,,1179.995,,,1.0,14.0
2026-08-07 11:59:47.187,300145,45023,150004656,1179.957317,,1789.807,0x00,0x00,CURRENT,1,0,OK,0.3,0.3,45.0,150.008,,1179.995,,,1.0,14.0
2026-08-07 11:59:48.021,300100,45016,150004784,1179.958669,,1790.641,0x00,0x00,CURRENT,1,0,OK,0.3,0.3,45.0,150.005,,1179.956,,,1.0,14.0
2026-08-07 11:59:48.871,300061,45011,150004832,1179.959176,,1791.491,0x00,0x00,CURRENT,1,0,OK,0.3,0.3,45.0,150.005,,1179.956,,,1.0,14.0
2026-08-07 11:59:49.705,300023,45005,150004784,1179.958669,,1792.324,0x00,0x00,CURRENT,1,0,OK,0.3,0.3,45.0,150.007,,1179.983,,,1.0,13.0
2026-08-07 11:59:50.520,299987,45000,150005104,1179.962048,,1793.139,0x00,0x00,CURRENT,1,0,OK,0.3,0.3,45.0,150.007,,1179.983,,,1.0,13.0
2026-08-07 11:59:51.834,300115,45019,150005008,1179.961034,,1794.454,0x00,0x00,CURRENT,1,0,OK,0.3,0.299,45.0,150.006,,1179.967,,,1.0,13.0
2026-08-07 11:59:52.649,300068,45012,150005040,1179.961372,,1795.269,0x00,0x00,CURRENT,1,0,OK,0.3,0.299,45.0,150.006,,1179.967,,,1.0,13.0
2026-08-07 11:59:53.483,300017,45004,150005568,1179.966947,,1796.103,0x00,0x00,CURRENT,1,0,OK,0.3,0.3,45.0,150.007,,1179.98,,,1.0,14.0
2026-08-07 11:59:54.372,299974,44998,150004944,1179.960358,,1796.991,0x00,0x00,CURRENT,1,0,OK,0.3,0.3,45.0,150.007,,1179.98,,,1.0,14.0
2026-08-07 11:59:55.187,299935,44992,150004800,1179.958838,,1797.807,0x00,0x00,CURRENT,1,0,OK,0.3,0.3,45.0,150.007,,1179.98,,,1.0,14.0
2026-08-07 11:59:56.021,299895,44986,150005008,1179.961034,,1798.641,0x00,0x00,CURRENT,1,0,OK,0.3,0.3,45.0,150.007,,1179.983,,,1.0,13.0
2026-08-07 11:59:56.872,299856,44980,150004656,1179.957317,,1799.491,0x00,0x00,CURRENT,1,0,OK,0.3,0.3,45.0,150.007,,1179.983,,,1.0,13.0
2026-08-07 11:59:57.706,299992,45000,150004592,1179.956641,,1800.325,0x00,0x00,CURRENT,1,0,OK,0.3,0.299,45.0,150.008,,1179.991,,,1.0,13.0
2026-08-07 11:59:58.521,300114,45019,150004864,1179.959513,,1801.141,0x00,0x00,CURRENT,1,0,OK,0.3,0.299,45.0,150.008,,1179.991,,,1.0,13.0
2026-08-07 11:59:59.835,300064,45011,150004848,1179.959344,,1802.455,0x00,0x00,CURRENT,1,0,OK,0.3,0.301,45.0,150.008,,1179.988,,,1.0,14.0
2026-08-07 12:00:00.650,300014,45003,150004800,1179.958838,,1803.269,0x00,0x00,CURRENT,1,0,OK,0.3,0.301,45.0,150.008,,1179.988,,,1.0,14.0
2026-08-07 12:00:01.484,299979,44998,150005072,1179.961710,,1804.103,0x00,0x00,CURRENT,1,0,OK,0.3,0.3,45.0,150.005,,1179.964,,,1.0,13.0
2026-08-07 12:00:02.372,299934,44992,150005168,1179.962724,,1804.991,0x00,0x00,CURRENT,1,0,OK,0.3,0.3,45.0,150.005,,1179.964,,,1.0,13.0
2026-08-07 12:00:03.187,300063,45011,150005392,1179.965089,,1805.807,0x00,0x00,CURRENT,1,0,OK,0.3,0.3,45.0,150.005,,1179.964,,,1.0,13.0
2026-08-07 12:00:04.021,300013,45004,150005712,1179.968468,,1806.641,0x00,0x00,CURRENT,1,0,OK,0.3,0.3,45.0,150.005,,1179.963,,,1.0,14.0
2026-08-07 12:00:04.872,299969,44997,150005664,1179.967961,,1807.491,0x00,0x00,CURRENT,1,0,OK,0.3,0.3,45.0,150.005,,1179.963,,,1.0,14.0
2026-08-07 12:00:05.706,299930,44991,150005520,1179.966441,,1808.326,0x00,0x00,CURRENT,1,0,OK,0.3,0.3,45.0,150.006,,1179.975,,,1.0,13.0
2026-08-07 12:00:06.521,300054,45010,150005776,1179.969144,,1809.141,0x00,0x00,CURRENT,1,0,OK,0.3,0.3,45.0,150.006,,1179.975,,,1.0,13.0
2026-08-07 12:00:07.835,300004,45002,150005792,1179.969313,,1810.455,0x00,0x00,CURRENT,1,0,OK,0.3,0.3,45.0,150.013,,1180.045,,,1.0,14.0
2026-08-07 12:00:08.650,299961,44996,150005440,1179.965596,,1811.270,0x00,0x00,CURRENT,1,0,OK,0.3,0.3,45.0,150.013,,1180.045,,,1.0,14.0
2026-08-07 12:00:09.484,299915,44989,150005472,1179.965934,,1812.104,0x00,0x00,CURRENT,1,0,OK,0.3,0.3,45.0,150.011,,1180.027,,,1.0,14.0
2026-08-07 12:00:10.372,299868,44982,150005376,1179.964920,,1812.991,0x00,0x00,CURRENT,1,0,OK,0.3,0.3,45.0,150.011,,1180.027,,,1.0,14.0
2026-08-07 12:00:11.187,299823,44975,150005168,1179.962724,,1813.807,0x00,0x00,CURRENT,1,0,OK,0.3,0.3,45.0,150.011,,1180.027,,,1.0,14.0
2026-08-07 12:00:12.021,299786,44970,150005568,1179.966947,,1814.640,0x00,0x00,CURRENT,1,0,OK,0.3,0.299,45.0,150.011,,1180.028,,,1.0,13.0
2026-08-07 12:00:12.872,299921,44990,150005408,1179.965258,,1815.491,0x00,0x00,CURRENT,1,0,OK,0.3,0.299,45.0,150.011,,1180.028,,,1.0,13.0
2026-08-07 12:00:13.706,300047,45009,150005056,1179.961541,,1816.325,0x00,0x00,CURRENT,1,0,OK,0.3,0.3,45.0,150.01,,1180.012,,,1.0,14.0
2026-08-07 12:00:14.521,299999,45001,150005440,1179.965596,,1817.140,0x00,0x00,CURRENT,1,0,OK,0.3,0.3,45.0,150.01,,1180.012,,,1.0,14.0
2026-08-07 12:00:15.835,299951,44994,150005152,1179.962555,,1818.454,0x00,0x00,CURRENT,1,0,OK,0.3,0.3,45.0,150.011,,1180.029,,,1.0,14.0
2026-08-07 12:00:16.650,299901,44987,150004784,1179.958669,,1819.269,0x00,0x00,CURRENT,1,0,OK,0.3,0.3,45.0,150.011,,1180.029,,,1.0,14.0
2026-08-07 12:00:17.484,300028,45006,150005088,1179.961879,,1820.103,0x00,0x00,CURRENT,1,0,OK,0.3,0.3,45.0,150.004,,1179.946,,,1.0,13.0
2026-08-07 12:00:18.372,299975,44998,150004656,1179.957317,,1820.991,0x00,0x00,CURRENT,1,0,OK,0.3,0.3,45.0,150.004,,1179.946,,,1.0,13.0
2026-08-07 12:00:19.187,300100,45016,150004784,1179.958669,,1821.806,0x00,0x00,CURRENT,1,0,OK,0.3,0.3,45.0,150.004,,1179.946,,,1.0,13.0
2026-08-07 12:00:20.021,300053,45009,150004752,1179.958331,,1822.640,0x00,0x00,CURRENT,1,0,OK,0.3,0.301,45.0,150.007,,1179.986,,,1.0,14.0
2026-08-07 12:00:20.872,300016,45004,150004784,1179.958669,,1823.491,0x00,0x00,CURRENT,1,0,OK,0.3,0.301,45.0,150.007,,1179.986,,,1.0,14.0
2026-08-07 12:00:21.706,299977,44998,150004592,1179.956641,,1824.325,0x00,0x00,CURRENT,1,0,OK,0.3,0.3,45.0,150.008,,1179.988,,,1.0,14.0
2026-08-07 12:00:22.521,299936,44992,150005104,1179.962048,,1825.140,0x00,0x00,CURRENT,1,0,OK,0.3,0.3,45.0,150.008,,1179.988,,,1.0,14.0
2026-08-07 12:00:23.835,300066,45011,150004336,1179.953938,,1826.454,0x00,0x00,CURRENT,1,0,OK,0.3,0.3,45.0,150.006,,1179.971,,,1.0,13.0
2026-08-07 12:00:24.650,300018,45004,150003952,1179.949883,,1827.269,0x00,0x00,CURRENT,1,0,OK,0.3,0.3,45.0,150.006,,1179.971,,,1.0,13.0
2026-08-07 12:00:25.484,299972,44997,150003616,1179.946335,,1828.103,0x00,0x00,CURRENT,1,0,OK,0.3,0.3,45.0,150.006,,1179.973,,,1.0,13.0
2026-08-07 12:00:26.373,300097,45016,150003584,1179.945997,,1828.992,0x00,0x00,CURRENT,1,0,OK,0.3,0.3,45.0,150.006,,1179.973,,,1.0,13.0
2026-08-07 12:00:27.188,300045,45008,150003856,1179.948869,,1829.807,0x00,0x00,CURRENT,1,0,OK,0.3,0.3,45.0,150.006,,1179.973,,,1.0,13.0
2026-08-07 12:00:28.022,299997,45001,150004048,1179.950897,,1830.641,0x00,0x00,CURRENT,1,0,OK,0.3,0.3,45.0,150.005,,1179.961,,,1.0,14.0
2026-08-07 12:00:28.872,299946,44993,150003936,1179.949714,,1831.491,0x00,0x00,CURRENT,1,0,OK,0.3,0.3,45.0,150.005,,1179.961,,,1.0,14.0
2026-08-07 12:00:29.706,300064,45011,150003984,1179.950221,,1832.325,0x00,0x00,CURRENT,1,0,OK,0.3,0.3,45.0,150.006,,1179.971,,,1.0,13.0
2026-08-07 12:00:30.521,300012,45003,150004256,1179.953093,,1833.140,0x00,0x00,CURRENT,1,0,OK,0.3,0.3,45.0,150.006,,1179.971,,,1.0,13.0
2026-08-07 12:00:31.835,300133,45021,150004544,1179.956134,,1834.454,0x00,0x00,CURRENT,1,0,OK,0.3,0.3,45.0,150.009,,1179.999,,,1.0,13.0
2026-08-07 12:00:32.650,300081,45014,150004912,1179.960020,,1835.269,0x00,0x00,CURRENT,1,0,OK,0.3,0.3,45.0,150.009,,1179.999,,,1.0,13.0
2026-08-07 12:00:33.484,300036,45007,150004720,1179.957993,,1836.103,0x00,0x00,CURRENT,1,0,OK,0.3,0.3,45.0,150.004,,1179.947,,,1.0,14.0
2026-08-07 12:00:34.372,299990,45000,150005120,1179.962217,,1836.991,0x00,0x00,CURRENT,1,0,OK,0.3,0.3,45.0,150.004,,1179.947,,,1.0,14.0
2026-08-07 12:00:35.186,300116,45019,150005168,1179.962724,,1837.806,0x00,0x00,CURRENT,1,0,OK,0.3,0.3,45.0,150.004,,1179.947,,,1.0,14.0
2026-08-07 12:00:36.020,300064,45011,150005088,1179.961879,,1838.640,0x00,0x00,CURRENT,1,0,OK,0.3,0.3,45.0,150.005,,1179.962,,,1.0,14.0
2026-08-07 12:00:36.872,300015,45004,150005328,1179.964413,,1839.491,0x00,0x00,CURRENT,1,0,OK,0.3,0.3,45.0,150.005,,1179.962,,,1.0,14.0
2026-08-07 12:00:37.706,299960,44996,150005536,1179.966610,,1840.325,0x00,0x00,CURRENT,1,0,OK,0.3,0.3,45.0,150.005,,1179.96,,,1.0,13.0
2026-08-07 12:00:38.521,300092,45016,150005760,1179.968975,,1841.140,0x00,0x00,CURRENT,1,0,OK,0.3,0.3,45.0,150.005,,1179.96,,,1.0,13.0
2026-08-07 12:00:39.835,300041,45008,150005680,1179.968130,,1842.454,0x00,0x00,CURRENT,1,0,OK,0.3,0.3,45.0,150.007,,1179.978,,,1.0,14.0
2026-08-07 12:00:40.649,300162,45026,150005632,1179.967623,,1843.269,0x00,0x00,CURRENT,1,0,OK,0.3,0.3,45.0,150.007,,1179.978,,,1.0,14.0
2026-08-07 12:00:41.484,300115,45019,150005904,1179.970495,,1844.103,0x00,0x00,CURRENT,1,0,OK,0.3,0.3,45.0,150.004,,1179.95,,,1.0,14.0
2026-08-07 12:00:42.372,300066,45012,150005952,1179.971002,,1844.991,0x00,0x00,CURRENT,1,0,OK,0.3,0.3,45.0,150.004,,1179.95,,,1.0,14.0
2026-08-07 12:00:43.187,300020,45005,150006000,1179.971509,,1845.806,0x00,0x00,CURRENT,1,0,OK,0.3,0.3,45.0,150.004,,1179.95,,,1.0,14.0
2026-08-07 12:00:44.021,299982,44999,150005712,1179.968468,,1846.640,0x00,0x00,CURRENT,1,0,OK,0.3,0.3,45.0,150.006,,1179.977,,,1.0,13.0
2026-08-07 12:00:44.872,300119,45020,150006096,1179.972523,,1847.491,0x00,0x00,CURRENT,1,0,OK,0.3,0.3,45.0,150.006,,1179.977,,,1.0,13.0
2026-08-07 12:00:45.706,300075,45013,150006192,1179.973537,,1848.325,0x00,0x00,CURRENT,1,0,OK,0.3,0.3,45.0,150.004,,1179.95,,,1.0,14.0
2026-08-07 12:00:46.521,300035,45007,150006432,1179.976071,,1849.140,0x00,0x00,CURRENT,1,0,OK,0.3,0.3,45.0,150.004,,1179.95,,,1.0,14.0
2026-08-07 12:00:47.835,300168,45027,150006416,1179.975902,,1850.454,0x00,0x00,CURRENT,1,0,OK,0.3,0.3,45.0,150.008,,1179.99,,,1.0,13.0
2026-08-07 12:00:48.649,300124,45020,150006416,1179.975902,,1851.269,0x00,0x00,CURRENT,1,0,OK,0.3,0.3,45.0,150.008,,1179.99,,,1.0,13.0
2026-08-07 12:00:49.484,300080,45014,150007072,1179.982829,,1852.103,0x00,0x00,CURRENT,1,0,OK,0.3,0.3,45.0,150.009,,1180.004,,,1.0,14.0
2026-08-07 12:00:50.373,300042,45008,150007072,1179.982829,,1852.992,0x00,0x00,CURRENT,1,0,OK,0.3,0.3,45.0,150.009,,1180.004,,,1.0,14.0
2026-08-07 12:00:51.188,300002,45002,150006752,1179.979450,,1853.807,0x00,0x00,CURRENT,1,0,OK,0.3,0.3,45.0,150.009,,1180.004,,,1.0,14.0
2026-08-07 12:00:52.022,300134,45022,150006352,1179.975226,,1854.641,0x00,0x00,CURRENT,1,0,OK,0.3,0.3,45.0,150.008,,1179.99,,,1.0,13.0
2026-08-07 12:00:52.871,300090,45015,150005664,1179.967961,,1855.491,0x00,0x00,CURRENT,1,0,OK,0.3,0.3,45.0,150.008,,1179.99,,,1.0,13.0
2026-08-07 12:00:53.706,300041,45008,150007024,1179.982322,,1856.325,0x00,0x00,CURRENT,1,0,OK,0.3,0.3,45.0,150.008,,1179.994,,,1.0,14.0
2026-08-07 12:00:54.520,300003,45003,150007968,1179.992291,,1857.140,0x00,0x00,CURRENT,1,0,OK,0.3,0.3,45.0,150.008,,1179.994,,,1.0,14.0
2026-08-07 12:00:55.835,299963,44997,150007472,1179.987053,,1858.454,0x00,0x00,CURRENT,1,0,OK,0.3,0.3,45.0,150.007,,1179.982,,,1.0,13.0
2026-08-07 12:00:56.650,299925,44991,150007440,1179.986715,,1859.269,0x00,0x00,CURRENT,1,0,OK,0.3,0.3,45.0,150.007,,1179.982,,,1.0,13.0
2026-08-07 12:00:57.484,299892,44986,150007536,1179.987729,,1860.103,0x00,0x00,CURRENT,1,0,OK,0.3,0.3,45.0,150.009,,1180.002,,,1.0,13.0
2026-08-07 12:00:58.372,299864,44982,150007136,1179.983505,,1860.992,0x00,0x00,CURRENT,1,0,OK,0.3,0.3,45.0,150.009,,1180.002,,,1.0,13.0
2026-08-07 12:00:59.187,300011,45004,150007072,1179.982829,,1861.807,0x00,0x00,CURRENT,1,0,OK,0.3,0.3,45.0,150.009,,1180.002,,,1.0,13.0
2026-08-07 12:01:00.021,299979,44999,150006528,1179.977085,,1862.641,0x00,0x00,CURRENT,1,0,OK,0.3,0.3,45.0,150.01,,1180.013,,,1.0,14.0
2026-08-07 12:01:00.871,299945,44994,150006656,1179.978436,,1863.491,0x00,0x00,CURRENT,1,0,OK,0.3,0.3,45.0,150.01,,1180.013,,,1.0,14.0
2026-08-07 12:01:01.705,299916,44989,150006592,1179.977761,,1864.325,0x00,0x00,CURRENT,1,0,OK,0.3,0.3,45.0,150.008,,1179.993,,,1.0,13.0
2026-08-07 12:01:02.520,299885,44985,150006656,1179.978436,,1865.140,0x00,0x00,CURRENT,1,0,OK,0.3,0.3,45.0,150.008,,1179.993,,,1.0,13.0
2026-08-07 12:01:03.834,299859,44981,150006208,1179.973706,,1866.454,0x00,0x00,CURRENT,1,0,OK,0.3,0.3,45.0,150.008,,1179.989,,,1.0,13.0
2026-08-07 12:01:04.649,299836,44977,150005952,1179.971002,,1867.269,0x00,0x00,CURRENT,1,0,OK,0.3,0.3,45.0,150.008,,1179.989,,,1.0,13.0
2026-08-07 12:01:05.483,299815,44974,150005792,1179.969313,,1868.103,0x00,0x00,CURRENT,1,0,OK,0.3,0.3,45.0,150.01,,1180.017,,,1.0,13.0
2026-08-07 12:01:06.373,299787,44970,150005456,1179.965765,,1868.992,0x00,0x00,CURRENT,1,0,OK,0.3,0.3,45.0,150.01,,1180.017,,,1.0,13.0
2026-08-07 12:01:07.188,299758,44965,150005296,1179.964075,,1869.807,0x00,0x00,CURRENT,1,0,OK,0.3,0.3,45.0,150.01,,1180.017,,,1.0,13.0
2026-08-07 12:01:08.022,299903,44987,150005840,1179.969820,,1870.641,0x00,0x00,CURRENT,1,0,OK,0.3,0.3,45.0,150.011,,1180.026,,,1.0,13.0
2026-08-07 12:01:08.872,300036,45007,150006096,1179.972523,,1871.492,0x00,0x00,CURRENT,1,0,OK,0.3,0.3,45.0,150.011,,1180.026,,,1.0,13.0
2026-08-07 12:01:09.707,299996,45001,150005904,1179.970495,,1872.326,0x00,0x00,CURRENT,1,0,OK,0.3,0.301,45.0,150.009,,1180.004,,,1.0,14.0
2026-08-07 12:01:10.522,299956,44995,150005760,1179.968975,,1873.141,0x00,0x00,CURRENT,1,0,OK,0.3,0.301,45.0,150.009,,1180.004,,,1.0,14.0
2026-08-07 12:01:11.836,299915,44989,150005232,1179.963399,,1874.455,0x00,0x00,CURRENT,1,0,OK,0.3,0.3,45.0,150.012,,1180.038,,,1.0,14.0
2026-08-07 12:01:12.650,299880,44983,150004848,1179.959344,,1875.270,0x00,0x00,CURRENT,1,0,OK,0.3,0.3,45.0,150.012,,1180.038,,,1.0,14.0
2026-08-07 12:01:13.485,299849,44979,150004976,1179.960696,,1876.104,0x00,0x00,CURRENT,1,0,OK,0.3,0.3,45.0,150.008,,1179.993,,,1.0,13.0
2026-08-07 12:01:14.372,299822,44975,150004928,1179.960189,,1876.992,0x00,0x00,CURRENT,1,0,OK,0.3,0.3,45.0,150.008,,1179.993,,,1.0,13.0
2026-08-07 12:01:15.187,299964,44996,150005152,1179.962555,,1877.807,0x00,0x00,CURRENT,1,0,OK,0.3,0.3,45.0,150.008,,1179.993,,,1.0,13.0
2026-08-07 12:01:16.022,300092,45015,150005424,1179.965427,,1878.641,0x00,0x00,CURRENT,1,0,OK,0.3,0.3,45.0,150.008,,1179.993,,,1.0,14.0
2026-08-07 12:01:16.871,300049,45009,150006064,1179.972185,,1879.491,0x00,0x00,CURRENT,1,0,OK,0.3,0.3,45.0,150.008,,1179.993,,,1.0,14.0
2026-08-07 12:01:17.705,300007,45003,150005952,1179.971002,,1880.325,0x00,0x00,CURRENT,1,0,OK,0.3,0.3,45.0,150.012,,1180.036,,,1.0,14.0
2026-08-07 12:01:18.520,299966,44997,150005840,1179.969820,,1881.140,0x00,0x00,CURRENT,1,0,OK,0.3,0.3,45.0,150.012,,1180.036,,,1.0,14.0
2026-08-07 12:01:19.834,299924,44990,150005584,1179.967116,,1882.454,0x00,0x00,CURRENT,1,0,OK,0.3,0.3,45.0,150.015,,1180.071,,,1.0,13.0
2026-08-07 12:01:20.649,299884,44984,150006112,1179.972692,,1883.269,0x00,0x00,CURRENT,1,0,OK,0.3,0.3,45.0,150.015,,1180.071,,,1.0,13.0
2026-08-07 12:01:21.483,300014,45004,150006112,1179.972692,,1884.103,0x00,0x00,CURRENT,1,0,OK,0.3,0.299,45.0,150.011,,1180.023,,,1.0,13.0
2026-08-07 12:01:22.372,300143,45023,150006096,1179.972523,,1884.992,0x00,0x00,CURRENT,1,0,OK,0.3,0.299,45.0,150.011,,1180.023,,,1.0,13.0
2026-08-07 12:01:23.187,300093,45016,150006608,1179.977929,,1885.807,0x00,0x00,CURRENT,1,0,OK,0.3,0.299,45.0,150.011,,1180.023,,,1.0,13.0
2026-08-07 12:01:24.021,300053,45010,150006336,1179.975057,,1886.640,0x00,0x00,CURRENT,1,0,OK,0.3,0.3,45.0,150.012,,1180.033,,,1.0,14.0
2026-08-07 12:01:24.872,300009,45003,150006000,1179.971509,,1887.491,0x00,0x00,CURRENT,1,0,OK,0.3,0.3,45.0,150.012,,1180.033,,,1.0,14.0
2026-08-07 12:01:25.706,299960,44996,150006192,1179.973537,,1888.326,0x00,0x00,CURRENT,1,0,OK,0.3,0.3,45.0,150.01,,1180.01,,,1.0,13.0
2026-08-07 12:01:26.521,299919,44990,150006144,1179.973030,,1889.141,0x00,0x00,CURRENT,1,0,OK,0.3,0.3,45.0,150.01,,1180.01,,,1.0,13.0
2026-08-07 12:01:27.835,300054,45010,150006016,1179.971678,,1890.454,0x00,0x00,CURRENT,1,0,OK,0.3,0.3,45.0,150.011,,1180.024,,,1.0,13.0
2026-08-07 12:01:28.650,300183,45029,150006176,1179.973368,,1891.270,0x00,0x00,CURRENT,1,0,OK,0.3,0.3,45.0,150.011,,1180.024,,,1.0,13.0
2026-08-07 12:01:29.484,300141,45023,150006192,1179.973537,,1892.104,0x00,0x00,CURRENT,1,0,OK,0.3,0.301,45.0,150.009,,1180.005,,,1.0,14.0
2026-08-07 12:01:30.372,300096,45016,150006096,1179.972523,,1892.992,0x00,0x00,CURRENT,1,0,OK,0.3,0.301,45.0,150.009,,1180.005,,,1.0,14.0
2026-08-07 12:01:31.187,300058,45011,150006000,1179.971509,,1893.807,0x00,0x00,CURRENT,1,0,OK,0.3,0.301,45.0,150.009,,1180.005,,,1.0,14.0
2026-08-07 12:01:32.021,300018,45004,150005680,1179.968130,,1894.640,0x00,0x00,CURRENT,1,0,OK,0.3,0.3,45.0,150.003,,1179.943,,,1.0,13.0
2026-08-07 12:01:32.872,299983,44999,150005072,1179.961710,,1895.491,0x00,0x00,CURRENT,1,0,OK,0.3,0.3,45.0,150.003,,1179.943,,,1.0,13.0
2026-08-07 12:01:33.706,299941,44993,150005392,1179.965089,,1896.325,0x00,0x00,CURRENT,1,0,OK,0.3,0.3,45.0,150.006,,1179.973,,,1.0,13.0
2026-08-07 12:01:34.521,300074,45013,150005504,1179.966272,,1897.141,0x00,0x00,CURRENT,1,0,OK,0.3,0.3,45.0,150.006,,1179.973,,,1.0,13.0
2026-08-07 12:01:35.835,300034,45007,150005200,1179.963061,,1898.455,0x00,0x00,CURRENT,1,0,OK,0.3,0.3,45.0,150.008,,1179.989,,,1.0,14.0
2026-08-07 12:01:36.650,299996,45001,150005744,1179.968806,,1899.270,0x00,0x00,CURRENT,1,0,OK,0.3,0.3,45.0,150.008,,1179.989,,,1.0,14.0
2026-08-07 12:01:37.484,300134,45022,150005760,1179.968975,,1900.104,0x00,0x00,CURRENT,1,0,OK,0.3,0.3,45.0,150.008,,1179.998,,,1.0,13.0
2026-08-07 12:01:38.372,300103,45017,150005600,1179.967285,,1900.992,0x00,0x00,CURRENT,1,0,OK,0.3,0.3,45.0,150.008,,1179.998,,,1.0,13.0
2026-08-07 12:01:39.187,300076,45013,150005616,1179.967454,,1901.806,0x00,0x00,CURRENT,1,0,OK,0.3,0.3,45.0,150.008,,1179.998,,,1.0,13.0
2026-08-07 12:01:40.021,300038,45007,150005600,1179.967285,,1902.640,0x00,0x00,CURRENT,1,0,OK,0.3,0.3,45.0,150.006,,1179.969,,,1.0,14.0
2026-08-07 12:01:40.872,300003,45002,150006064,1179.972185,,1903.492,0x00,0x00,CURRENT,1,0,OK,0.3,0.3,45.0,150.006,,1179.969,,,1.0,14.0
2026-08-07 12:01:41.706,299972,44998,150005984,1179.971340,,1904.326,0x00,0x00,CURRENT,1,0,OK,0.3,0.3,45.0,150.006,,1179.972,,,1.0,13.0
2026-08-07 12:01:42.521,300103,45017,150006336,1179.975057,,1905.140,0x00,0x00,CURRENT,1,0,OK,0.3,0.3,45.0,150.006,,1179.972,,,1.0,13.0
2026-08-07 12:01:43.835,300070,45012,150006192,1179.973537,,1906.454,0x00,0x00,CURRENT,1,0,OK,0.3,0.3,45.0,150.008,,1179.988,,,1.0,14.0
2026-08-07 12:01:44.650,300034,45007,150006944,1179.981478,,1907.269,0x00,0x00,CURRENT,1,0,OK,0.3,0.3,45.0,150.008,,1179.988,,,1.0,14.0
2026-08-07 12:01:45.484,299992,45001,150006704,1179.978943,,1908.103,0x00,0x00,CURRENT,1,0,OK,0.3,0.3,45.0,150.006,,1179.968,,,1.0,13.0
2026-08-07 12:01:46.371,300123,45021,150006800,1179.979957,,1908.990,0x00,0x00,CURRENT,1,0,OK,0.3,0.3,45.0,150.006,,1179.968,,,1.0,13.0
2026-08-07 12:01:47.186,300241,45038,150006944,1179.981478,,1909.805,0x00,0x00,CURRENT,1,0,OK,0.3,0.3,45.0,150.006,,1179.968,,,1.0,13.0
2026-08-07 12:01:48.020,300186,45030,150007296,1179.985195,,1910.639,0x00,0x00,CURRENT,1,0,OK,0.3,0.301,45.0,150.011,,1180.021,,,1.0,14.0
2026-08-07 12:01:48.871,300136,45022,150007168,1179.983843,,1911.490,0x00,0x00,CURRENT,1,0,OK,0.3,0.301,45.0,150.011,,1180.021,,,1.0,14.0
2026-08-07 12:01:49.705,300081,45014,150007216,1179.984350,,1912.324,0x00,0x00,CURRENT,1,0,OK,0.3,0.3,45.0,150.009,,1180.002,,,1.0,14.0
2026-08-07 12:01:50.520,300034,45007,150007696,1179.989418,,1913.139,0x00,0x00,CURRENT,1,0,OK,0.3,0.3,45.0,150.009,,1180.002,,,1.0,14.0
2026-08-07 12:01:51.834,299991,45001,150007584,1179.988236,,1914.453,0x00,0x00,CURRENT,1,0,OK,0.3,0.3,45.0,150.009,,1179.998,,,1.0,13.0
2026-08-07 12:01:52.649,300114,45019,150007632,1179.988743,,1915.268,0x00,0x00,CURRENT,1,0,OK,0.3,0.3,45.0,150.009,,1179.998,,,1.0,13.0
2026-08-07 12:01:53.483,300059,45011,150007696,1179.989418,,1916.102,0x00,0x00,CURRENT,1,0,OK,0.3,0.3,45.0,150.007,,1179.984,,,1.0,14.0
2026-08-07 12:01:54.372,300172,45028,150007616,1179.988574,,1916.991,0x00,0x00,CURRENT,1,0,OK,0.3,0.3,45.0,150.007,,1179.984,,,1.0,14.0
2026-08-07 12:01:55.187,300108,45018,150007712,1179.989587,,1917.806,0x00,0x00,CURRENT,1,0,OK,0.3,0.3,45.0,150.007,,1179.984,,,1.0,14.0
2026-08-07 12:01:56.021,300052,45010,150007504,1179.987391,,1918.640,0x00,0x00,CURRENT,1,0,OK,0.3,0.3,45.0,150.006,,1179.967,,,1.0,14.0
2026-08-07 12:01:56.872,300006,45003,150007344,1179.985701,,1919.491,0x00,0x00,CURRENT,1,0,OK,0.3,0.3,45.0,150.006,,1179.967,,,1.0,14.0
2026-08-07 12:01:57.706,299958,44996,150007184,1179.984012,,1920.325,0x00,0x00,CURRENT,1,0,OK,0.3,0.3,45.0,150.006,,1179.97,,,1.0,13.0
2026-08-07 12:01:58.521,300088,45015,150007152,1179.983674,,1921.140,0x00,0x00,CURRENT,1,0,OK,0.3,0.3,45.0,150.006,,1179.97,,,1.0,13.0
2026-08-07 12:01:59.835,300032,45007,150007056,1179.982660,,1922.454,0x00,0x00,CURRENT,1,0,OK,0.3,0.3,45.0,150.008,,1179.988,,,1.0,14.0
2026-08-07 12:02:00.650,299987,45000,150006976,1179.981815,,1923.269,0x00,0x00,CURRENT,1,0,OK,0.3,0.3,45.0,150.008,,1179.988,,,1.0,14.0
2026-08-07 12:02:01.484,299941,44993,150007392,1179.986208,,1924.103,0x00,0x00,CURRENT,1,0,OK,0.3,0.3,45.0,150.004,,1179.952,,,1.0,14.0
2026-08-07 12:02:02.372,299897,44987,150007424,1179.986546,,1924.991,0x00,0x00,CURRENT,1,0,OK,0.3,0.3,45.0,150.004,,1179.952,,,1.0,14.0
2026-08-07 12:02:03.187,299861,44981,150007712,1179.989587,,1925.806,0x00,0x00,CURRENT,1,0,OK,0.3,0.3,45.0,150.004,,1179.952,,,1.0,14.0
2026-08-07 12:02:04.021,299831,44977,150007200,1179.984181,,1926.640,0x00,0x00,CURRENT,1,0,OK,0.3,0.3,45.0,150.005,,1179.957,,,1.0,13.0
2026-08-07 12:02:04.872,299967,44997,150006928,1179.981309,,1927.491,0x00,0x00,CURRENT,1,0,OK,0.3,0.3,45.0,150.005,,1179.957,,,1.0,13.0
2026-08-07 12:02:05.706,300097,45017,150006720,1179.979112,,1928.325,0x00,0x00,CURRENT,1,0,OK,0.3,0.3,45.0,150.005,,1179.964,,,1.0,14.0
2026-08-07 12:02:06.521,300043,45009,150006896,1179.980971,,1929.140,0x00,0x00,CURRENT,1,0,OK,0.3,0.3,45.0,150.005,,1179.964,,,1.0,14.0
2026-08-07 12:02:07.835,300002,45002,150006736,1179.979281,,1930.454,0x00,0x00,CURRENT,1,0,OK,0.3,0.3,45.0,150.007,,1179.978,,,1.0,14.0
2026-08-07 12:02:08.650,299958,44996,150006480,1179.976578,,1931.269,0x00,0x00,CURRENT,1,0,OK,0.3,0.3,45.0,150.007,,1179.978,,,1.0,14.0
2026-08-07 12:02:09.483,299921,44990,150006336,1179.975057,,1932.103,0x00,0x00,CURRENT,1,0,OK,0.3,0.3,45.0,150.009,,1180.0,,,1.0,13.0
2026-08-07 12:02:10.373,299890,44985,150006448,1179.976240,,1932.992,0x00,0x00,CURRENT,1,0,OK,0.3,0.3,45.0,150.009,,1180.0,,,1.0,13.0
2026-08-07 12:02:11.188,300027,45006,150006336,1179.975057,,1933.807,0x00,0x00,CURRENT,1,0,OK,0.3,0.3,45.0,150.009,,1180.0,,,1.0,13.0
2026-08-07 12:02:12.022,299993,45001,150006160,1179.973199,,1934.641,0x00,0x00,CURRENT,1,0,OK,0.3,0.3,45.0,150.007,,1179.987,,,1.0,14.0
2026-08-07 12:02:12.872,299952,44995,150006128,1179.972861,,1935.491,0x00,0x00,CURRENT,1,0,OK,0.3,0.3,45.0,150.007,,1179.987,,,1.0,14.0
2026-08-07 12:02:13.706,300090,45015,150005808,1179.969482,,1936.325,0x00,0x00,CURRENT,1,0,OK,0.3,0.3,45.0,150.004,,1179.946,,,1.0,13.0
2026-08-07 12:02:14.521,300045,45009,150006288,1179.974550,,1937.140,0x00,0x00,CURRENT,1,0,OK,0.3,0.3,45.0,150.004,,1179.946,,,1.0,13.0
2026-08-07 12:02:15.835,300000,45002,150005968,1179.971171,,1938.454,0x00,0x00,CURRENT,1,0,OK,0.3,0.3,45.0,150.002,,1179.932,,,1.0,14.0
2026-08-07 12:02:16.650,299960,44996,150005984,1179.971340,,1939.269,0x00,0x00,CURRENT,1,0,OK,0.3,0.3,45.0,150.002,,1179.932,,,1.0,14.0
2026-08-07 12:02:17.484,299924,44990,150006048,1179.972016,,1940.103,0x00,0x00,CURRENT,1,0,OK,0.3,0.3,45.0,150.007,,1179.987,,,1.0,13.0
2026-08-07 12:02:18.372,300061,45011,150006064,1179.972185,,1940.991,0x00,0x00,CURRENT,1,0,OK,0.3,0.3,45.0,150.007,,1179.987,,,1.0,13.0
2026-08-07 12:02:19.186,300187,45030,150006128,1179.972861,,1941.806,0x00,0x00,CURRENT,1,0,OK,0.3,0.3,45.0,150.007,,1179.987,,,1.0,13.0
2026-08-07 12:02:20.021,300136,45022,150006144,1179.973030,,1942.640,0x00,0x00,CURRENT,1,0,OK,0.3,0.301,45.0,150.01,,1180.013,,,1.0,14.0
2026-08-07 12:02:20.872,300088,45015,150006096,1179.972523,,1943.491,0x00,0x00,CURRENT,1,0,OK,0.3,0.301,45.0,150.01,,1180.013,,,1.0,14.0
2026-08-07 12:02:21.706,300046,45008,150005072,1179.961710,,1944.325,0x00,0x00,CURRENT,1,0,OK,0.3,0.3,45.0,150.006,,1179.974,,,1.0,14.0
2026-08-07 12:02:22.520,300005,45002,150005424,1179.965427,,1945.140,0x00,0x00,CURRENT,1,0,OK,0.3,0.3,45.0,150.006,,1179.974,,,1.0,14.0
2026-08-07 12:02:23.834,299969,44997,150005328,1179.964413,,1946.454,0x00,0x00,CURRENT,1,0,OK,0.3,0.3,45.0,150.003,,1179.936,,,1.0,13.0
2026-08-07 12:02:24.649,299926,44990,150005312,1179.964244,,1947.269,0x00,0x00,CURRENT,1,0,OK,0.3,0.3,45.0,150.003,,1179.936,,,1.0,13.0
2026-08-07 12:02:25.484,300051,45009,150005600,1179.967285,,1948.103,0x00,0x00,CURRENT,1,0,OK,0.3,0.299,45.0,150.004,,1179.949,,,1.0,13.0
2026-08-07 12:02:26.373,300174,45028,150005280,1179.963906,,1948.992,0x00,0x00,CURRENT,1,0,OK,0.3,0.299,45.0,150.004,,1179.949,,,1.0,13.0
2026-08-07 12:02:27.187,300128,45021,150004512,1179.955796,,1949.807,0x00,0x00,CURRENT,1,0,OK,0.3,0.299,45.0,150.004,,1179.949,,,1.0,13.0
2026-08-07 12:02:28.022,300082,45013,150004144,1179.951910,,1950.641,0x00,0x00,CURRENT,1,0,OK,0.3,0.3,45.0,150.007,,1179.987,,,1.0,14.0
2026-08-07 12:02:28.872,300039,45007,150003984,1179.950221,,1951.491,0x00,0x00,CURRENT,1,0,OK,0.3,0.3,45.0,150.007,,1179.987,,,1.0,14.0
2026-08-07 12:02:29.705,299990,45000,150003712,1179.947349,,1952.325,0x00,0x00,CURRENT,1,0,OK,0.3,0.3,45.0,150.007,,1179.978,,,1.0,13.0
2026-08-07 12:02:30.520,299943,44993,150004016,1179.950559,,1953.140,0x00,0x00,CURRENT,1,0,OK,0.3,0.3,45.0,150.007,,1179.978,,,1.0,13.0
2026-08-07 12:02:31.834,300068,45011,150004112,1179.951573,,1954.454,0x00,0x00,CURRENT,1,0,OK,0.3,0.3,45.0,150.006,,1179.975,,,1.0,13.0
2026-08-07 12:02:32.649,300188,45030,150004704,1179.957824,,1955.269,0x00,0x00,CURRENT,1,0,OK,0.3,0.3,45.0,150.006,,1179.975,,,1.0,13.0
2026-08-07 12:02:33.483,300134,45022,150004592,1179.956641,,1956.103,0x00,0x00,CURRENT,1,0,OK,0.3,0.301,45.0,150.006,,1179.974,,,1.0,14.0
2026-08-07 12:02:34.372,300086,45014,150004224,1179.952755,,1956.992,0x00,0x00,CURRENT,1,0,OK,0.3,0.301,45.0,150.006,,1179.974,,,1.0,14.0
2026-08-07 12:02:35.187,300039,45007,150003840,1179.948700,,1957.807,0x00,0x00,CURRENT,1,0,OK,0.3,0.301,45.0,150.006,,1179.974,,,1.0,14.0
2026-08-07 12:02:36.022,299987,44999,150003920,1179.949545,,1958.641,0x00,0x00,CURRENT,1,0,OK,0.3,0.3,45.0,150.007,,1179.986,,,1.0,13.0
2026-08-07 12:02:36.872,299941,44992,150004272,1179.953262,,1959.492,0x00,0x00,CURRENT,1,0,OK,0.3,0.3,45.0,150.007,,1179.986,,,1.0,13.0
2026-08-07 12:02:37.707,300071,45012,150004064,1179.951066,,1960.326,0x00,0x00,CURRENT,1,0,OK,0.3,0.299,45.0,150.004,,1179.955,,,1.0,13.0
2026-08-07 12:02:38.522,300027,45005,150004368,1179.954276,,1961.141,0x00,0x00,CURRENT,1,0,OK,0.3,0.299,45.0,150.004,,1179.955,,,1.0,13.0
2026-08-07 12:02:39.835,299981,44999,150004720,1179.957993,,1962.455,0x00,0x00,CURRENT,1,0,OK,0.3,0.3,45.0,150.006,,1179.973,,,1.0,14.0
2026-08-07 12:02:40.651,300113,45018,150004528,1179.955965,,1963.270,0x00,0x00,CURRENT,1,0,OK,0.3,0.3,45.0,150.006,,1179.973,,,1.0,14.0
2026-08-07 12:02:41.484,300066,45011,150004384,1179.954445,,1964.104,0x00,0x00,CURRENT,1,0,OK,0.3,0.3,45.0,150.007,,1179.981,,,1.0,14.0
2026-08-07 12:02:42.373,300027,45005,150004208,1179.952586,,1964.992,0x00,0x00,CURRENT,1,0,OK,0.3,0.3,45.0,150.007,,1179.981,,,1.0,14.0
2026-08-07 12:02:43.187,299984,44999,150004224,1179.952755,,1965.807,0x00,0x00,CURRENT,1,0,OK,0.3,0.3,45.0,150.007,,1179.981,,,1.0,14.0
2026-08-07 12:02:44.021,300106,45017,150004688,1179.957655,,1966.641,0x00,0x00,CURRENT,1,0,OK,0.3,0.3,45.0,150.005,,1179.957,,,1.0,13.0
2026-08-07 12:02:44.872,300056,45010,150004720,1179.957993,,1967.492,0x00,0x00,CURRENT,1,0,OK,0.3,0.3,45.0,150.005,,1179.957,,,1.0,13.0
2026-08-07 12:02:45.706,300014,45004,150005184,1179.962893,,1968.326,0x00,0x00,CURRENT,1,0,OK,0.3,0.3,45.0,150.005,,1179.959,,,1.0,14.0
2026-08-07 12:02:46.521,299968,44997,150005312,1179.964244,,1969.141,0x00,0x00,CURRENT,1,0,OK,0.3,0.3,45.0,150.005,,1179.959,,,1.0,14.0
2026-08-07 12:02:47.835,299928,44991,150005536,1179.966610,,1970.455,0x00,0x00,CURRENT,1,0,OK,0.3,0.3,45.0,150.005,,1179.962,,,1.0,13.0
2026-08-07 12:02:48.650,299888,44985,150005840,1179.969820,,1971.270,0x00,0x00,CURRENT,1,0,OK,0.3,0.3,45.0,150.005,,1179.962,,,1.0,13.0
2026-08-07 12:02:49.484,300019,45005,150005744,1179.968806,,1972.104,0x00,0x00,CURRENT,1,0,OK,0.3,0.3,45.0,150.007,,1179.985,,,1.0,13.0
2026-08-07 12:02:50.372,299988,45000,150005632,1179.967623,,1972.992,0x00,0x00,CURRENT,1,0,OK,0.3,0.3,45.0,150.007,,1179.985,,,1.0,13.0
2026-08-07 12:02:51.187,299953,44995,150005664,1179.967961,,1973.807,0x00,0x00,CURRENT,1,0,OK,0.3,0.3,45.0,150.007,,1179.985,,,1.0,13.0
2026-08-07 12:02:52.021,299912,44989,150006096,1179.972523,,1974.641,0x00,0x00,CURRENT,1,0,OK,0.3,0.3,45.0,150.008,,1179.993,,,1.0,13.0
2026-08-07 12:02:52.871,299877,44983,150005760,1179.968975,,1975.491,0x00,0x00,CURRENT,1,0,OK,0.3,0.3,45.0,150.008,,1179.993,,,1.0,13.0
2026-08-07 12:02:53.705,299848,44979,150005488,1179.966103,,1976.325,0x00,0x00,CURRENT,1,0,OK,0.3,0.3,45.0,150.008,,1179.99,,,1.0,13.0
2026-08-07 12:02:54.520,299970,44997,150005920,1179.970664,,1977.140,0x00,0x00,CURRENT,1,0,OK,0.3,0.3,45.0,150.008,,1179.99,,,1.0,13.0
2026-08-07 12:02:55.834,299929,44991,150005568,1179.966947,,1978.453,0x00,0x00,CURRENT,1,0,OK,0.3,0.3,45.0,150.002,,1179.934,,,1.0,14.0
2026-08-07 12:02:56.649,299885,44985,150006048,1179.972016,,1979.269,0x00,0x00,CURRENT,1,0,OK,0.3,0.3,45.0,150.002,,1179.934,,,1.0,14.0
2026-08-07 12:02:57.483,299850,44979,150006448,1179.976240,,1980.102,0x00,0x00,CURRENT,1,0,OK,0.3,0.3,45.0,150.003,,1179.944,,,1.0,14.0
2026-08-07 12:02:58.372,299817,44975,150006464,1179.976409,,1980.991,0x00,0x00,CURRENT,1,0,OK,0.3,0.3,45.0,150.003,,1179.944,,,1.0,14.0
2026-08-07 12:02:59.187,299778,44969,150006416,1179.975902,,1981.807,0x00,0x00,CURRENT,1,0,OK,0.3,0.3,45.0,150.003,,1179.944,,,1.0,14.0
2026-08-07 12:03:00.021,299750,44964,150006272,1179.974381,,1982.641,0x00,0x00,CURRENT,1,0,OK,0.3,0.3,45.0,150.006,,1179.974,,,1.0,13.0
2026-08-07 12:03:00.871,299889,44985,150006016,1179.971678,,1983.491,0x00,0x00,CURRENT,1,0,OK,0.3,0.3,45.0,150.006,,1179.974,,,1.0,13.0
2026-08-07 12:03:01.705,300022,45005,150006080,1179.972354,,1984.325,0x00,0x00,CURRENT,1,0,OK,0.3,0.3,45.0,150.008,,1179.991,,,1.0,14.0
2026-08-07 12:03:02.520,299977,44998,150006352,1179.975226,,1985.139,0x00,0x00,CURRENT,1,0,OK,0.3,0.3,45.0,150.008,,1179.991,,,1.0,14.0
2026-08-07 12:03:03.834,299940,44993,150005728,1179.968637,,1986.454,0x00,0x00,CURRENT,1,0,OK,0.3,0.3,45.0,150.012,,1180.035,,,1.0,14.0
2026-08-07 12:03:04.649,299899,44987,150005856,1179.969989,,1987.269,0x00,0x00,CURRENT,1,0,OK,0.3,0.3,45.0,150.012,,1180.035,,,1.0,14.0
2026-08-07 12:03:05.483,299861,44981,150006432,1179.976071,,1988.102,0x00,0x00,CURRENT,1,0,OK,0.3,0.3,45.0,150.008,,1179.989,,,1.0,13.0
2026-08-07 12:03:06.372,299824,44976,150006816,1179.980126,,1988.992,0x00,0x00,CURRENT,1,0,OK,0.3,0.3,45.0,150.008,,1179.989,,,1.0,13.0
2026-08-07 12:03:07.187,299954,44995,150007024,1179.982322,,1989.807,0x00,0x00,CURRENT,1,0,OK,0.3,0.3,45.0,150.008,,1179.989,,,1.0,13.0
2026-08-07 12:03:08.021,300081,45014,150006752,1179.979450,,1990.641,0x00,0x00,CURRENT,1,0,OK,0.3,0.3,45.0,150.009,,1179.998,,,1.0,14.0
2026-08-07 12:03:08.871,300037,45007,150006560,1179.977423,,1991.490,0x00,0x00,CURRENT,1,0,OK,0.3,0.3,45.0,150.009,,1179.998,,,1.0,14.0
2026-08-07 12:03:09.705,299990,45001,150007056,1179.982660,,1992.325,0x00,0x00,CURRENT,1,0,OK,0.3,0.3,45.0,150.012,,1180.037,,,1.0,14.0
2026-08-07 12:03:10.520,299942,44993,150006928,1179.981309,,1993.140,0x00,0x00,CURRENT,1,0,OK,0.3,0.3,45.0,150.012,,1180.037,,,1.0,14.0
2026-08-07 12:03:11.834,299908,44988,150006688,1179.978774,,1994.454,0x00,0x00,CURRENT,1,0,OK,0.3,0.3,45.0,150.011,,1180.02,,,1.0,13.0
2026-08-07 12:03:12.649,300040,45008,150006688,1179.978774,,1995.268,0x00,0x00,CURRENT,1,0,OK,0.3,0.3,45.0,150.011,,1180.02,,,1.0,13.0
2026-08-07 12:03:13.483,300001,45002,150006672,1179.978605,,1996.103,0x00,0x00,CURRENT,1,0,OK,0.3,0.3,45.0,150.007,,1179.986,,,1.0,14.0
2026-08-07 12:03:14.372,299972,44998,150006352,1179.975226,,1996.991,0x00,0x00,CURRENT,1,0,OK,0.3,0.3,45.0,150.007,,1179.986,,,1.0,14.0
2026-08-07 12:03:15.187,299936,44992,150006192,1179.973537,,1997.807,0x00,0x00,CURRENT,1,0,OK,0.3,0.3,45.0,150.007,,1179.986,,,1.0,14.0
2026-08-07 12:03:16.021,300075,45013,150006160,1179.973199,,1998.640,0x00,0x00,CURRENT,1,0,OK,0.3,0.3,45.0,150.008,,1179.992,,,1.0,13.0
2026-08-07 12:03:16.872,300036,45007,150006016,1179.971678,,1999.491,0x00,0x00,CURRENT,1,0,OK,0.3,0.3,45.0,150.008,,1179.992,,,1.0,13.0
2026-08-07 12:03:17.706,299994,45001,150006304,1179.974719,,2000.326,0x00,0x00,CURRENT,1,0,OK,0.3,0.3,45.0,150.006,,1179.977,,,1.0,14.0
2026-08-07 12:03:18.521,299958,44996,150006368,1179.975395,,2001.140,0x00,0x00,CURRENT,1,0,OK,0.3,0.3,45.0,150.006,,1179.977,,,1.0,14.0
2026-08-07 12:03:19.835,300086,45015,150006432,1179.976071,,2002.454,0x00,0x00,CURRENT,1,0,OK,0.3,0.3,45.0,150.008,,1179.995,,,1.0,13.0
2026-08-07 12:03:20.650,300041,45008,150006496,1179.976747,,2003.269,0x00,0x00,CURRENT,1,0,OK,0.3,0.3,45.0,150.008,,1179.995,,,1.0,13.0
2026-08-07 12:03:21.484,299997,45002,150006656,1179.978436,,2004.103,0x00,0x00,CURRENT,1,0,OK,0.3,0.3,45.0,150.003,,1179.943,,,1.0,14.0
2026-08-07 12:03:22.371,299956,44995,150006352,1179.975226,,2004.990,0x00,0x00,CURRENT,1,0,OK,0.3,0.3,45.0,150.003,,1179.943,,,1.0,14.0
2026-08-07 12:03:23.186,300090,45015,150006432,1179.976071,,2005.805,0x00,0x00,CURRENT,1,0,OK,0.3,0.3,45.0,150.003,,1179.943,,,1.0,14.0
2026-08-07 12:03:24.020,300045,45009,150006960,1179.981647,,2006.639,0x00,0x00,CURRENT,1,0,OK,0.3,0.3,45.0,150.006,,1179.97,,,1.0,14.0
2026-08-07 12:03:24.873,300014,45004,150007056,1179.982660,,2007.492,0x00,0x00,CURRENT,1,0,OK,0.3,0.3,45.0,150.006,,1179.97,,,1.0,14.0
2026-08-07 12:03:25.707,299975,44998,150007104,1179.983167,,2008.326,0x00,0x00,CURRENT,1,0,OK,0.3,0.3,45.0,150.007,,1179.979,,,1.0,13.0
2026-08-07 12:03:26.522,300104,45018,150007088,1179.982998,,2009.141,0x00,0x00,CURRENT,1,0,OK,0.3,0.3,45.0,150.007,,1179.979,,,1.0,13.0
2026-08-07 12:03:27.836,300065,45012,150006672,1179.978605,,2010.455,0x00,0x00,CURRENT,1,0,OK,0.3,0.3,45.0,150.005,,1179.966,,,1.0,14.0
2026-08-07 12:03:28.651,300024,45005,150005984,1179.971340,,2011.270,0x00,0x00,CURRENT,1,0,OK,0.3,0.3,45.0,150.005,,1179.966,,,1.0,14.0
2026-08-07 12:03:29.485,299988,45000,150006336,1179.975057,,2012.104,0x00,0x00,CURRENT,1,0,OK,0.3,0.3,45.0,150.003,,1179.944,,,1.0,13.0
2026-08-07 12:03:30.372,299946,44994,150006096,1179.972523,,2012.991,0x00,0x00,CURRENT,1,0,OK,0.3,0.3,45.0,150.003,,1179.944,,,1.0,13.0
2026-08-07 12:03:31.187,300075,45013,150006256,1179.974212,,2013.806,0x00,0x00,CURRENT,1,0,OK,0.3,0.3,45.0,150.003,,1179.944,,,1.0,13.0
2026-08-07 12:03:32.021,300196,45031,150006416,1179.975902,,2014.640,0x00,0x00,CURRENT,1,0,OK,0.3,0.3,45.0,150.005,,1179.957,,,1.0,14.0
2026-08-07 12:03:32.872,300143,45023,150006272,1179.974381,,2015.491,0x00,0x00,CURRENT,1,0,OK,0.3,0.3,45.0,150.005,,1179.957,,,1.0,14.0
2026-08-07 12:03:33.706,300092,45016,150006448,1179.976240,,2016.325,0x00,0x00,CURRENT,1,0,OK,0.3,0.3,45.0,150.006,,1179.968,,,1.0,14.0
2026-08-07 12:03:34.521,300048,45009,150006560,1179.977423,,2017.140,0x00,0x00,CURRENT,1,0,OK,0.3,0.3,45.0,150.006,,1179.968,,,1.0,14.0
2026-08-07 12:03:35.835,300002,45002,150006048,1179.972016,,2018.454,0x00,0x00,CURRENT,1,0,OK,0.3,0.3,45.0,150.007,,1179.985,,,1.0,13.0
2026-08-07 12:03:36.650,299957,44995,150005936,1179.970833,,2019.269,0x00,0x00,CURRENT,1,0,OK,0.3,0.3,45.0,150.007,,1179.985,,,1.0,13.0
2026-08-07 12:03:37.484,299914,44989,150005648,1179.967792,,2020.103,0x00,0x00,CURRENT,1,0,OK,0.3,0.299,45.0,150.007,,1179.984,,,1.0,13.0
2026-08-07 12:03:38.372,300042,45008,150005232,1179.963399,,2020.991,0x00,0x00,CURRENT,1,0,OK,0.3,0.299,45.0,150.007,,1179.984,,,1.0,13.0
2026-08-07 12:03:39.187,300169,45027,150005072,1179.961710,,2021.806,0x00,0x00,CURRENT,1,0,OK,0.3,0.299,45.0,150.007,,1179.984,,,1.0,13.0
2026-08-07 12:03:40.021,300117,45019,150005472,1179.965934,,2022.640,0x00,0x00,CURRENT,1,0,OK,0.3,0.301,45.0,150.009,,1180.001,,,1.0,14.0
2026-08-07 12:03:40.872,300065,45011,150005472,1179.965934,,2023.491,0x00,0x00,CURRENT,1,0,OK,0.3,0.301,45.0,150.009,,1180.001,,,1.0,14.0
2026-08-07 12:03:41.706,300013,45004,150005296,1179.964075,,2024.325,0x00,0x00,CURRENT,1,0,OK,0.3,0.3,45.0,150.011,,1180.02,,,1.0,13.0
2026-08-07 12:03:42.521,299964,44996,150005488,1179.966103,,2025.140,0x00,0x00,CURRENT,1,0,OK,0.3,0.3,45.0,150.011,,1180.02,,,1.0,13.0
2026-08-07 12:03:43.835,299919,44990,150005504,1179.966272,,2026.454,0x00,0x00,CURRENT,1,0,OK,0.3,0.3,45.0,150.009,,1180.005,,,1.0,13.0
2026-08-07 12:03:44.650,299883,44984,150006304,1179.974719,,2027.269,0x00,0x00,CURRENT,1,0,OK,0.3,0.3,45.0,150.009,,1180.005,,,1.0,13.0
2026-08-07 12:03:45.484,299846,44979,150006576,1179.977592,,2028.103,0x00,0x00,CURRENT,1,0,OK,0.3,0.3,45.0,150.007,,1179.982,,,1.0,13.0
2026-08-07 12:03:46.372,299977,44998,150006400,1179.975733,,2028.991,0x00,0x00,CURRENT,1,0,OK,0.3,0.3,45.0,150.007,,1179.982,,,1.0,13.0
2026-08-07 12:03:47.187,299938,44993,150006416,1179.975902,,2029.806,0x00,0x00,CURRENT,1,0,OK,0.3,0.3,45.0,150.007,,1179.982,,,1.0,13.0
2026-08-07 12:03:48.021,299902,44987,150006640,1179.978267,,2030.640,0x00,0x00,CURRENT,1,0,OK,0.3,0.3,45.0,150.01,,1180.009,,,1.0,14.0
2026-08-07 12:03:48.872,300038,45008,150006736,1179.979281,,2031.491,0x00,0x00,CURRENT,1,0,OK,0.3,0.3,45.0,150.01,,1180.009,,,1.0,14.0
2026-08-07 12:03:49.706,299997,45002,150007392,1179.986208,,2032.325,0x00,0x00,CURRENT,1,0,OK,0.3,0.301,45.0,150.011,,1180.028,,,1.0,14.0
2026-08-07 12:03:50.521,299957,44996,150007376,1179.986039,,2033.140,0x00,0x00,CURRENT,1,0,OK,0.3,0.301,45.0,150.011,,1180.028,,,1.0,14.0
2026-08-07 12:03:51.835,299919,44990,150007120,1179.983336,,2034.454,0x00,0x00,CURRENT,1,0,OK,0.3,0.3,45.0,150.011,,1180.024,,,1.0,13.0
2026-08-07 12:03:52.650,300051,45010,150006832,1179.980295,,2035.269,0x00,0x00,CURRENT,1,0,OK,0.3,0.3,45.0,150.011,,1180.024,,,1.0,13.0
2026-08-07 12:03:53.484,300005,45003,150007040,1179.982491,,2036.103,0x00,0x00,CURRENT,1,0,OK,0.3,0.3,45.0,150.008,,1179.991,,,1.0,14.0
2026-08-07 12:03:54.372,299965,44997,150006720,1179.979112,,2036.991,0x00,0x00,CURRENT,1,0,OK,0.3,0.3,45.0,150.008,,1179.991,,,1.0,14.0
2026-08-07 12:03:55.187,300089,45015,150006960,1179.981647,,2037.806,0x00,0x00,CURRENT,1,0,OK,0.3,0.3,45.0,150.008,,1179.991,,,1.0,14.0
2026-08-07 12:03:56.021,300039,45008,150007104,1179.983167,,2038.640,0x00,0x00,CURRENT,1,0,OK,0.3,0.3,45.0,150.007,,1179.986,,,1.0,14.0
2026-08-07 12:03:56.872,299993,45001,150007216,1179.984350,,2039.491,0x00,0x00,CURRENT,1,0,OK,0.3,0.3,45.0,150.007,,1179.986,,,1.0,14.0
2026-08-07 12:03:57.705,299959,44996,150007072,1179.982829,,2040.325,0x00,0x00,CURRENT,1,0,OK,0.3,0.3,45.0,150.007,,1179.982,,,1.0,13.0
2026-08-07 12:03:58.521,300088,45015,150006816,1179.980126,,2041.140,0x00,0x00,CURRENT,1,0,OK,0.3,0.3,45.0,150.007,,1179.982,,,1.0,13.0
2026-08-07 12:03:59.834,300046,45009,150006960,1179.981647,,2042.454,0x00,0x00,CURRENT,1,0,OK,0.3,0.3,45.0,150.011,,1180.022,,,1.0,14.0
2026-08-07 12:04:00.650,300001,45002,150007216,1179.984350,,2043.269,0x00,0x00,CURRENT,1,0,OK,0.3,0.3,45.0,150.011,,1180.022,,,1.0,14.0
2026-08-07 12:04:01.484,300127,45021,150007408,1179.986377,,2044.103,0x00,0x00,CURRENT,1,0,OK,0.3,0.3,45.0,150.007,,1179.985,,,1.0,13.0
2026-08-07 12:04:02.372,300080,45014,150007072,1179.982829,,2044.992,0x00,0x00,CURRENT,1,0,OK,0.3,0.3,45.0,150.007,,1179.985,,,1.0,13.0
2026-08-07 12:04:03.187,300034,45007,150007184,1179.984012,,2045.807,0x00,0x00,CURRENT,1,0,OK,0.3,0.3,45.0,150.007,,1179.985,,,1.0,13.0
2026-08-07 12:04:04.021,299982,45000,150007520,1179.987560,,2046.641,0x00,0x00,CURRENT,1,0,OK,0.3,0.3,45.0,150.011,,1180.023,,,1.0,13.0
2026-08-07 12:04:04.871,300105,45018,150008064,1179.993304,,2047.491,0x00,0x00,CURRENT,1,0,OK,0.3,0.3,45.0,150.011,,1180.023,,,1.0,13.0
2026-08-07 12:04:05.705,300055,45011,150008448,1179.997359,,2048.325,0x00,0x00,CURRENT,1,0,OK,0.3,0.3,45.0,150.009,,1180.002,,,1.0,14.0
2026-08-07 12:04:06.520,300010,45004,150008080,1179.993473,,2049.140,0x00,0x00,CURRENT,1,0,OK,0.3,0.3,45.0,150.009,,1180.002,,,1.0,14.0
2026-08-07 12:04:07.834,300121,45021,150008288,1179.995670,,2050.454,0x00,0x00,CURRENT,1,0,OK,0.3,0.3,45.0,150.009,,1179.999,,,1.0,13.0
2026-08-07 12:04:08.649,300059,45012,150008912,1180.002259,,2051.269,0x00,0x00,CURRENT,1,0,OK,0.3,0.3,45.0,150.009,,1179.999,,,1.0,13.0
2026-08-07 12:04:09.483,300176,45029,150008944,1180.002597,,2052.103,0x00,0x00,CURRENT,1,0,OK,0.3,0.3,45.0,150.011,,1180.028,,,1.0,13.0
2026-08-07 12:04:10.371,300117,45020,150008704,1180.000063,,2052.991,0x00,0x00,CURRENT,1,0,OK,0.3,0.3,45.0,150.011,,1180.028,,,1.0,13.0
2026-08-07 12:04:11.187,300067,45013,150009168,1180.004962,,2053.806,0x00,0x00,CURRENT,1,0,OK,0.3,0.3,45.0,150.011,,1180.028,,,1.0,13.0
2026-08-07 12:04:12.021,300028,45007,150009104,1180.004286,,2054.640,0x00,0x00,CURRENT,1,0,OK,0.3,0.3,45.0,150.008,,1179.997,,,1.0,13.0
2026-08-07 12:04:12.871,299979,44999,150008656,1179.999556,,2055.491,0x00,0x00,CURRENT,1,0,OK,0.3,0.3,45.0,150.008,,1179.997,,,1.0,13.0
2026-08-07 12:04:13.706,300108,45019,150008480,1179.997697,,2056.325,0x00,0x00,CURRENT,1,0,OK,0.3,0.3,45.0,150.008,,1179.989,,,1.0,13.0
2026-08-07 12:04:14.520,300067,45013,150008880,1180.001921,,2057.140,0x00,0x00,CURRENT,1,0,OK,0.3,0.3,45.0,150.008,,1179.989,,,1.0,13.0
2026-08-07 12:04:15.834,300030,45007,150008400,1179.996852,,2058.454,0x00,0x00,CURRENT,1,0,OK,0.3,0.3,45.0,150.007,,1179.978,,,1.0,14.0
2026-08-07 12:04:16.649,300163,45027,150007984,1179.992460,,2059.269,0x00,0x00,CURRENT,1,0,OK,0.3,0.3,45.0,150.007,,1179.978,,,1.0,14.0
2026-08-07 12:04:17.484,300123,45021,150007920,1179.991784,,2060.103,0x00,0x00,CURRENT,1,0,OK,0.3,0.3,45.0,150.007,,1179.982,,,1.0,14.0
2026-08-07 12:04:18.372,300075,45014,150008496,1179.997866,,2060.991,0x00,0x00,CURRENT,1,0,OK,0.3,0.3,45.0,150.007,,1179.982,,,1.0,14.0
2026-08-07 12:04:19.186,300029,45007,150008080,1179.993473,,2061.806,0x00,0x00,CURRENT,1,0,OK,0.3,0.3,45.0,150.007,,1179.982,,,1.0,14.0
2026-08-07 12:04:20.020,299987,45000,150007744,1179.989925,,2062.640,0x00,0x00,CURRENT,1,0,OK,0.3,0.3,45.0,150.009,,1180.004,,,1.0,13.0
2026-08-07 12:04:20.872,300117,45020,150008016,1179.992798,,2063.492,0x00,0x00,CURRENT,1,0,OK,0.3,0.3,45.0,150.009,,1180.004,,,1.0,13.0
2026-08-07 12:04:21.706,300069,45013,150008160,1179.994318,,2064.326,0x00,0x00,CURRENT,1,0,OK,0.3,0.3,45.0,150.006,,1179.971,,,1.0,14.0
2026-08-07 12:04:22.521,300028,45007,150007792,1179.990432,,2065.141,0x00,0x00,CURRENT,1,0,OK,0.3,0.3,45.0,150.006,,1179.971,,,1.0,14.0
2026-08-07 12:04:23.835,299989,45000,150007296,1179.985195,,2066.455,0x00,0x00,CURRENT,1,0,OK,0.3,0.3,45.0,150.006,,1179.976,,,1.0,13.0
2026-08-07 12:04:24.650,299946,44994,150007040,1179.982491,,2067.270,0x00,0x00,CURRENT,1,0,OK,0.3,0.3,45.0,150.006,,1179.976,,,1.0,13.0
2026-08-07 12:04:25.484,299908,44988,150007088,1179.982998,,2068.104,0x00,0x00,CURRENT,1,0,OK,0.3,0.3,45.0,150.007,,1179.982,,,1.0,13.0
2026-08-07 12:04:26.372,299871,44983,150006864,1179.980633,,2068.992,0x00,0x00,CURRENT,1,0,OK,0.3,0.3,45.0,150.007,,1179.982,,,1.0,13.0
2026-08-07 12:04:27.187,300006,45003,150006464,1179.976409,,2069.807,0x00,0x00,CURRENT,1,0,OK,0.3,0.3,45.0,150.007,,1179.982,,,1.0,13.0
2026-08-07 12:04:28.021,299965,44997,150006000,1179.971509,,2070.641,0x00,0x00,CURRENT,1,0,OK,0.3,0.3,45.0,150.007,,1179.98,,,1.0,14.0
2026-08-07 12:04:28.873,299922,44990,150005952,1179.971002,,2071.493,0x00,0x00,CURRENT,1,0,OK,0.3,0.3,45.0,150.007,,1179.98,,,1.0,14.0
2026-08-07 12:04:29.707,300057,45010,150005696,1179.968299,,2072.327,0x00,0x00,CURRENT,1,0,OK,0.3,0.3,45.0,150.006,,1179.97,,,1.0,13.0
2026-08-07 12:04:30.522,300019,45004,150005632,1179.967623,,2073.142,0x00,0x00,CURRENT,1,0,OK,0.3,0.3,45.0,150.006,,1179.97,,,1.0,13.0
2026-08-07 12:04:31.836,299973,44998,150006112,1179.972692,,2074.455,0x00,0x00,CURRENT,1,0,OK,0.3,0.3,45.0,150.007,,1179.984,,,1.0,14.0
2026-08-07 12:04:32.651,299926,44991,150005632,1179.967623,,2075.271,0x00,0x00,CURRENT,1,0,OK,0.3,0.3,45.0,150.007,,1179.984,,,1.0,14.0
2026-08-07 12:04:33.485,300046,45009,150005984,1179.971340,,2076.105,0x00,0x00,CURRENT,1,0,OK,0.3,0.3,45.0,150.009,,1180.001,,,1.0,13.0
2026-08-07 12:04:34.372,299993,45001,150005952,1179.971002,,2076.992,0x00,0x00,CURRENT,1,0,OK,0.3,0.3,45.0,150.009,,1180.001,,,1.0,13.0
2026-08-07 12:04:35.187,299947,44994,150005888,1179.970327,,2077.807,0x00,0x00,CURRENT,1,0,OK,0.3,0.3,45.0,150.009,,1180.001,,,1.0,13.0
2026-08-07 12:04:36.021,300080,45014,150005648,1179.967792,,2078.641,0x00,0x00,CURRENT,1,0,OK,0.3,0.3,45.0,150.007,,1179.98,,,1.0,13.0
2026-08-07 12:04:36.872,300043,45008,150005936,1179.970833,,2079.491,0x00,0x00,CURRENT,1,0,OK,0.3,0.3,45.0,150.007,,1179.98,,,1.0,13.0
2026-08-07 12:04:37.706,300005,45003,150006128,1179.972861,,2080.325,0x00,0x00,CURRENT,1,0,OK,0.3,0.3,45.0,150.01,,1180.011,,,1.0,14.0
2026-08-07 12:04:38.521,299969,44997,150006544,1179.977254,,2081.141,0x00,0x00,CURRENT,1,0,OK,0.3,0.3,45.0,150.01,,1180.011,,,1.0,14.0
2026-08-07 12:04:39.835,300102,45017,150006128,1179.972861,,2082.455,0x00,0x00,CURRENT,1,0,OK,0.3,0.3,45.0,150.011,,1180.02,,,1.0,13.0
2026-08-07 12:04:40.650,300063,45011,150005840,1179.969820,,2083.269,0x00,0x00,CURRENT,1,0,OK,0.3,0.3,45.0,150.011,,1180.02,,,1.0,13.0
2026-08-07 12:04:41.484,300017,45004,150005728,1179.968637,,2084.103,0x00,0x00,CURRENT,1,0,OK,0.3,0.3,45.0,150.008,,1179.99,,,1.0,14.0
2026-08-07 12:04:42.371,299979,44999,150005952,1179.971002,,2084.991,0x00,0x00,CURRENT,1,0,OK,0.3,0.3,45.0,150.008,,1179.99,,,1.0,14.0
2026-08-07 12:04:43.186,300110,45018,150006048,1179.972016,,2085.806,0x00,0x00,CURRENT,1,0,OK,0.3,0.3,45.0,150.008,,1179.99,,,1.0,14.0
2026-08-07 12:04:44.020,300069,45012,150005840,1179.969820,,2086.640,0x00,0x00,CURRENT,1,0,OK,0.3,0.3,45.0,150.011,,1180.025,,,1.0,14.0
2026-08-07 12:04:44.871,300028,45006,150005920,1179.970664,,2087.490,0x00,0x00,CURRENT,1,0,OK,0.3,0.3,45.0,150.011,,1180.025,,,1.0,14.0
2026-08-07 12:04:45.705,299992,45001,150005648,1179.967792,,2088.324,0x00,0x00,CURRENT,1,0,OK,0.3,0.3,45.0,150.008,,1179.995,,,1.0,13.0
2026-08-07 12:04:46.520,299956,44995,150005696,1179.968299,,2089.139,0x00,0x00,CURRENT,1,0,OK,0.3,0.3,45.0,150.008,,1179.995,,,1.0,13.0
2026-08-07 12:04:47.834,300094,45016,150005280,1179.963906,,2090.453,0x00,0x00,CURRENT,1,0,OK,0.3,0.3,45.0,150.004,,1179.953,,,1.0,13.0
2026-08-07 12:04:48.649,300058,45010,150005392,1179.965089,,2091.269,0x00,0x00,CURRENT,1,0,OK,0.3,0.3,45.0,150.004,,1179.953,,,1.0,13.0
2026-08-07 12:04:49.483,300025,45005,150005360,1179.964751,,2092.103,0x00,0x00,CURRENT,1,0,OK,0.3,0.301,45.0,150.003,,1179.938,,,1.0,14.0
2026-08-07 12:04:50.373,299990,45000,150005472,1179.965934,,2092.992,0x00,0x00,CURRENT,1,0,OK,0.3,0.301,45.0,150.003,,1179.938,,,1.0,14.0
2026-08-07 12:04:51.188,299961,44996,150005184,1179.962893,,2093.807,0x00,0x00,CURRENT,1,0,OK,0.3,0.301,45.0,150.003,,1179.938,,,1.0,14.0
2026-08-07 12:04:52.022,299923,44990,150006288,1179.974550,,2094.642,0x00,0x00,CURRENT,1,0,OK,0.3,0.3,45.0,150.007,,1179.98,,,1.0,13.0
2026-08-07 12:04:52.872,299890,44985,150006592,1179.977761,,2095.491,0x00,0x00,CURRENT,1,0,OK,0.3,0.3,45.0,150.007,,1179.98,,,1.0,13.0
2026-08-07 12:04:53.706,299858,44981,150006608,1179.977929,,2096.325,0x00,0x00,CURRENT,1,0,OK,0.3,0.3,45.0,150.007,,1179.983,,,1.0,13.0
2026-08-07 12:04:54.521,299829,44976,150006400,1179.975733,,2097.140,0x00,0x00,CURRENT,1,0,OK,0.3,0.3,45.0,150.007,,1179.983,,,1.0,13.0
2026-08-07 12:04:55.835,299799,44972,150006192,1179.973537,,2098.454,0x00,0x00,CURRENT,1,0,OK,0.3,0.299,45.0,150.011,,1180.023,,,1.0,13.0
2026-08-07 12:04:56.650,299771,44967,150006000,1179.971509,,2099.269,0x00,0x00,CURRENT,1,0,OK,0.3,0.299,45.0,150.011,,1180.023,,,1.0,13.0
2026-08-07 12:04:57.484,299738,44962,150005664,1179.967961,,2100.103,0x00,0x00,CURRENT,1,0,OK,0.3,0.3,45.0,150.009,,1180.007,,,1.0,13.0
2026-08-07 12:04:58.372,299881,44984,150005712,1179.968468,,2100.992,0x00,0x00,CURRENT,1,0,OK,0.3,0.3,45.0,150.009,,1180.007,,,1.0,13.0
2026-08-07 12:04:59.187,299851,44979,150005664,1179.967961,,2101.806,0x00,0x00,CURRENT,1,0,OK,0.3,0.3,45.0,150.009,,1180.007,,,1.0,13.0
2026-08-07 12:05:00.021,299829,44976,150005376,1179.964920,,2102.640,0x00,0x00,CURRENT,1,0,OK,0.3,0.3,45.0,150.01,,1180.012,,,1.0,14.0
2026-08-07 12:05:00.872,299802,44972,150005728,1179.968637,,2103.491,0x00,0x00,CURRENT,1,0,OK,0.3,0.3,45.0,150.01,,1180.012,,,1.0,14.0
2026-08-07 12:05:01.706,299775,44968,150006128,1179.972861,,2104.325,0x00,0x00,CURRENT,1,0,OK,0.3,0.3,45.0,150.003,,1179.943,,,1.0,13.0
2026-08-07 12:05:02.521,299920,44990,150006160,1179.973199,,2105.140,0x00,0x00,CURRENT,1,0,OK,0.3,0.3,45.0,150.003,,1179.943,,,1.0,13.0
2026-08-07 12:05:03.835,299889,44985,150006416,1179.975902,,2106.454,0x00,0x00,CURRENT,1,0,OK,0.3,0.3,45.0,150.007,,1179.983,,,1.0,14.0
2026-08-07 12:05:04.650,299857,44980,150006096,1179.972523,,2107.269,0x00,0x00,CURRENT,1,0,OK,0.3,0.3,45.0,150.007,,1179.983,,,1.0,14.0
2026-08-07 12:05:05.484,299828,44976,150006256,1179.974212,,2108.103,0x00,0x00,CURRENT,1,0,OK,0.3,0.3,45.0,150.006,,1179.967,,,1.0,13.0
