timestamp,I_nA,V_uV,R_uOhm,chip_temp_C,note,elapsed_s,current_adc_status,voltage_adc_status,control_mode,control_enabled,control_fault,control_status,target_current_mA,measured_current_mA,measured_voltage_mV,measured_resistance_ohm,target_temp_C,measured_temp_C,temperature_error_C,temperature_integral_mA,drive_mV,power_uW
2026-08-07 14:52:32.651,12583564,731268,58112944,34.999544,,0.248,0x00,0x00,TEMPERATURE,1,0,OK,12.584,12.583,731.0,58.113,35.0,35.0,0.0,12.584,280.0,9202.0
2026-08-07 14:52:33.486,12583524,731266,58112940,34.999514,,1.083,0x00,0x00,TEMPERATURE,1,0,OK,12.585,12.583,731.0,58.113,35.0,34.999,0.001,12.584,280.0,9201.0
2026-08-07 14:52:34.370,12583660,731274,58112964,34.999695,,1.967,0x00,0x00,TEMPERATURE,1,0,OK,12.585,12.583,731.0,58.113,35.0,34.999,0.001,12.584,280.0,9201.0
2026-08-07 14:52:35.185,12583796,731282,58113004,34.999997,,2.782,0x00,0x00,TEMPERATURE,1,0,OK,12.585,12.583,731.0,58.113,35.0,34.999,0.001,12.584,280.0,9201.0
2026-08-07 14:52:36.021,12583744,731279,58113000,34.999967,,3.618,0x00,0x00,TEMPERATURE,1,0,OK,12.583,12.584,731.0,58.113,35.0,35.001,-0.001,12.584,280.0,9203.0
2026-08-07 14:52:36.872,12583696,731276,58112980,34.999816,,4.468,0x00,0x00,TEMPERATURE,1,0,OK,12.583,12.584,731.0,58.113,35.0,35.001,-0.001,12.584,280.0,9203.0
2026-08-07 14:52:37.706,12583654,731274,58112976,34.999785,,5.303,0x00,0x00,TEMPERATURE,1,0,OK,12.583,12.584,731.0,58.113,35.0,35.0,0.0,12.584,280.0,9202.0
2026-08-07 14:52:38.522,12583624,731272,58112964,34.999695,,6.118,0x00,0x00,TEMPERATURE,1,0,OK,12.583,12.584,731.0,58.113,35.0,35.0,0.0,12.584,280.0,9202.0
2026-08-07 14:52:39.836,12583754,731280,58112988,34.999876,,7.432,0x00,0x00,TEMPERATURE,1,0,OK,12.584,12.583,731.0,58.113,35.0,35.0,0.0,12.584,280.0,9202.0
2026-08-07 14:52:40.650,12583724,731278,58112988,34.999876,,8.247,0x00,0x00,TEMPERATURE,1,0,OK,12.584,12.583,731.0,58.113,35.0,35.0,0.0,12.584,280.0,9202.0
2026-08-07 14:52:41.485,12583704,731277,58112992,34.999906,,9.082,0x00,0x00,TEMPERATURE,1,0,OK,12.583,12.584,731.0,58.113,35.0,35.001,-0.001,12.584,280.0,9202.0
2026-08-07 14:52:42.372,12583670,731275,58112984,34.999846,,9.968,0x00,0x00,TEMPERATURE,1,0,OK,12.583,12.584,731.0,58.113,35.0,35.001,-0.001,12.584,280.0,9202.0
2026-08-07 14:52:43.187,12583628,731272,58112976,34.999785,,10.783,0x00,0x00,TEMPERATURE,1,0,OK,12.583,12.584,731.0,58.113,35.0,35.001,-0.001,12.584,280.0,9202.0
2026-08-07 14:52:44.021,12583596,731270,58112980,34.999816,,11.618,0x00,0x00,TEMPERATURE,1,0,OK,12.584,12.583,731.0,58.113,35.0,35.0,0.0,12.584,280.0,9202.0
2026-08-07 14:52:44.872,12583730,731278,58113012,35.000057,,12.469,0x00,0x00,TEMPERATURE,1,0,OK,12.584,12.583,731.0,58.113,35.0,35.0,0.0,12.584,280.0,9202.0
2026-08-07 14:52:45.709,12583698,731277,58113016,35.000088,,13.305,0x00,0x00,TEMPERATURE,1,0,OK,12.582,12.584,731.0,58.113,35.0,35.001,-0.001,12.584,280.0,9203.0
2026-08-07 14:52:46.523,12583676,731275,58113008,35.000027,,14.120,0x00,0x00,TEMPERATURE,1,0,OK,12.582,12.584,731.0,58.113,35.0,35.001,-0.001,12.584,280.0,9203.0
2026-08-07 14:52:47.838,12583666,731274,58112988,34.999876,,15.434,0x00,0x00,TEMPERATURE,1,0,OK,12.584,12.584,731.0,58.113,35.0,35.0,0.0,12.584,280.0,9202.0
2026-08-07 14:52:48.652,12583824,731284,58113004,34.999997,,16.249,0x00,0x00,TEMPERATURE,1,0,OK,12.584,12.584,731.0,58.113,35.0,35.0,0.0,12.584,280.0,9202.0
2026-08-07 14:52:49.487,12583982,731293,58113036,35.000239,,17.084,0x00,0x00,TEMPERATURE,1,0,OK,12.584,12.584,731.0,58.113,35.0,35.0,0.0,12.584,280.0,9203.0
2026-08-07 14:52:50.372,12583962,731292,58113048,35.000329,,17.969,0x00,0x00,TEMPERATURE,1,0,OK,12.584,12.584,731.0,58.113,35.0,35.0,0.0,12.584,280.0,9203.0
2026-08-07 14:52:51.187,12583946,731291,58113044,35.000299,,18.784,0x00,0x00,TEMPERATURE,1,0,OK,12.584,12.584,731.0,58.113,35.0,35.0,0.0,12.584,280.0,9203.0
2026-08-07 14:52:52.023,12583920,731290,58113052,35.000360,,19.620,0x00,0x00,TEMPERATURE,1,0,OK,12.582,12.584,731.0,58.113,35.0,35.001,-0.001,12.584,280.0,9203.0
2026-08-07 14:52:52.872,12583890,731289,58113072,35.000511,,20.469,0x00,0x00,TEMPERATURE,1,0,OK,12.582,12.584,731.0,58.113,35.0,35.001,-0.001,12.584,280.0,9203.0
2026-08-07 14:52:53.708,12583854,731286,58113080,35.000571,,21.305,0x00,0x00,TEMPERATURE,1,0,OK,12.582,12.584,731.0,58.113,35.0,35.002,-0.002,12.584,280.0,9203.0
2026-08-07 14:52:54.523,12583812,731284,58113092,35.000662,,22.120,0x00,0x00,TEMPERATURE,1,0,OK,12.582,12.584,731.0,58.113,35.0,35.002,-0.002,12.584,280.0,9203.0
2026-08-07 14:52:55.837,12583762,731281,58113092,35.000662,,23.434,0x00,0x00,TEMPERATURE,1,0,OK,12.583,12.584,731.0,58.113,35.0,35.001,-0.001,12.583,280.0,9202.0
2026-08-07 14:52:56.687,12583708,731278,58113100,35.000722,,24.284,0x00,0x00,TEMPERATURE,1,0,OK,12.583,12.584,731.0,58.113,35.0,35.001,-0.001,12.583,280.0,9202.0
2026-08-07 14:52:57.487,12583666,731276,58113116,35.000843,,25.084,0x00,0x00,TEMPERATURE,1,0,OK,12.581,12.583,731.0,58.113,35.0,35.002,-0.002,12.583,280.0,9201.0
2026-08-07 14:52:58.372,12583468,731264,58113100,35.000722,,25.969,0x00,0x00,TEMPERATURE,1,0,OK,12.581,12.583,731.0,58.113,35.0,35.002,-0.002,12.583,280.0,9201.0
2026-08-07 14:52:59.187,12583276,731253,58113072,35.000511,,26.784,0x00,0x00,TEMPERATURE,1,0,OK,12.581,12.583,731.0,58.113,35.0,35.002,-0.002,12.583,280.0,9201.0
2026-08-07 14:53:00.022,12583272,731253,58113080,35.000571,,27.619,0x00,0x00,TEMPERATURE,1,0,OK,12.584,12.582,731.0,58.113,35.0,35.0,0.0,12.583,280.0,9199.0
2026-08-07 14:53:00.872,12583268,731253,58113084,35.000601,,28.469,0x00,0x00,TEMPERATURE,1,0,OK,12.584,12.582,731.0,58.113,35.0,35.0,0.0,12.583,280.0,9199.0
2026-08-07 14:53:01.707,12583258,731252,58113088,35.000632,,29.304,0x00,0x00,TEMPERATURE,1,0,OK,12.583,12.582,731.0,58.113,35.0,35.0,0.0,12.583,280.0,9200.0
2026-08-07 14:53:02.522,12583246,731251,58113100,35.000722,,30.119,0x00,0x00,TEMPERATURE,1,0,OK,12.583,12.582,731.0,58.113,35.0,35.0,0.0,12.583,280.0,9200.0
2026-08-07 14:53:03.836,12583248,731252,58113132,35.000964,,31.433,0x00,0x00,TEMPERATURE,1,0,OK,12.581,12.583,731.0,58.113,35.0,35.002,-0.002,12.583,280.0,9201.0
2026-08-07 14:53:04.651,12583084,731242,58113128,35.000934,,32.248,0x00,0x00,TEMPERATURE,1,0,OK,12.581,12.583,731.0,58.113,35.0,35.002,-0.002,12.583,280.0,9201.0
2026-08-07 14:53:05.487,12582918,731233,58113136,35.000994,,33.083,0x00,0x00,TEMPERATURE,1,0,OK,12.58,12.582,731.0,58.113,35.0,35.002,-0.002,12.583,280.0,9200.0
2026-08-07 14:53:06.372,12582768,731224,58113148,35.001085,,33.969,0x00,0x00,TEMPERATURE,1,0,OK,12.58,12.582,731.0,58.113,35.0,35.002,-0.002,12.583,280.0,9200.0
2026-08-07 14:53:07.187,12582618,731216,58113172,35.001266,,34.783,0x00,0x00,TEMPERATURE,1,0,OK,12.58,12.582,731.0,58.113,35.0,35.002,-0.002,12.583,280.0,9200.0
2026-08-07 14:53:08.023,12582478,731208,58113200,35.001478,,35.620,0x00,0x00,TEMPERATURE,1,0,OK,12.579,12.581,731.0,58.113,35.0,35.003,-0.003,12.582,280.0,9198.0
2026-08-07 14:53:08.872,12582358,731201,58113212,35.001568,,36.468,0x00,0x00,TEMPERATURE,1,0,OK,12.579,12.581,731.0,58.113,35.0,35.003,-0.003,12.582,280.0,9198.0
2026-08-07 14:53:09.708,12582254,731195,58113232,35.001720,,37.305,0x00,0x00,TEMPERATURE,1,0,OK,12.579,12.58,731.0,58.113,35.0,35.003,-0.003,12.582,280.0,9198.0
2026-08-07 14:53:10.523,12582140,731189,58113244,35.001810,,38.119,0x00,0x00,TEMPERATURE,1,0,OK,12.579,12.58,731.0,58.113,35.0,35.003,-0.003,12.582,280.0,9198.0
2026-08-07 14:53:11.837,12582026,731182,58113252,35.001871,,39.433,0x00,0x00,TEMPERATURE,1,0,OK,12.578,12.58,731.0,58.113,35.0,35.003,-0.003,12.582,280.0,9197.0
2026-08-07 14:53:12.652,12581930,731177,58113248,35.001840,,40.249,0x00,0x00,TEMPERATURE,1,0,OK,12.578,12.58,731.0,58.113,35.0,35.003,-0.003,12.582,280.0,9197.0
2026-08-07 14:53:13.488,12581836,731171,58113256,35.001901,,41.085,0x00,0x00,TEMPERATURE,1,0,OK,12.579,12.58,731.0,58.113,35.0,35.003,-0.003,12.582,280.0,9197.0
2026-08-07 14:53:14.373,12581576,731156,58113224,35.001659,,41.969,0x00,0x00,TEMPERATURE,1,0,OK,12.579,12.58,731.0,58.113,35.0,35.003,-0.003,12.582,280.0,9197.0
2026-08-07 14:53:15.188,12581322,731141,58113204,35.001508,,42.785,0x00,0x00,TEMPERATURE,1,0,OK,12.579,12.58,731.0,58.113,35.0,35.003,-0.003,12.582,280.0,9197.0
2026-08-07 14:53:16.024,12581238,731136,58113212,35.001568,,43.620,0x00,0x00,TEMPERATURE,1,0,OK,12.58,12.579,731.0,58.113,35.0,35.001,-0.001,12.581,280.0,9195.0
2026-08-07 14:53:16.872,12581168,731132,58113212,35.001568,,44.468,0x00,0x00,TEMPERATURE,1,0,OK,12.58,12.579,731.0,58.113,35.0,35.001,-0.001,12.581,280.0,9195.0
2026-08-07 14:53:17.708,12581102,731128,58113220,35.001629,,45.304,0x00,0x00,TEMPERATURE,1,0,OK,12.579,12.579,731.0,58.113,35.0,35.002,-0.002,12.581,280.0,9195.0
2026-08-07 14:53:18.523,12581050,731125,58113236,35.001750,,46.119,0x00,0x00,TEMPERATURE,1,0,OK,12.579,12.579,731.0,58.113,35.0,35.002,-0.002,12.581,280.0,9195.0
2026-08-07 14:53:19.837,12580840,731113,58113212,35.001568,,47.433,0x00,0x00,TEMPERATURE,1,0,OK,,12.58,731.0,58.113,40.0,35.002,,,280.0,9196.0
2026-08-07 14:53:21.060,12577000,730884,58112760,34.998154,,48.656,0x00,0x00,TEMPERATURE,1,0,OK,,12.58,731.0,58.113,40.0,35.002,,,280.0,9196.0
2026-08-07 14:53:21.896,12578826,730995,58113120,35.000873,,49.492,0x00,0x00,TEMPERATURE,1,0,OK,12.783,12.578,731.0,58.113,40.0,35.0,5.0,7.783,280.0,9194.0
2026-08-07 14:53:22.711,12584078,731313,58114180,35.008882,,50.307,0x00,0x00,TEMPERATURE,1,0,OK,12.783,12.578,731.0,58.113,40.0,35.0,5.0,7.783,280.0,9194.0
2026-08-07 14:53:23.547,12593758,731901,58116184,35.024022,,51.143,0x00,0x00,TEMPERATURE,1,0,OK,13.142,12.611,733.0,58.12,40.0,35.051,4.949,8.193,284.0,9243.0
2026-08-07 14:53:24.372,12608324,732786,58119208,35.046868,,51.968,0x00,0x00,TEMPERATURE,1,0,OK,13.142,12.611,733.0,58.12,40.0,35.051,4.949,8.193,284.0,9243.0
2026-08-07 14:53:25.187,12628192,733994,58123404,35.078569,,52.783,0x00,0x00,TEMPERATURE,1,0,OK,13.142,12.611,733.0,58.12,40.0,35.051,4.949,8.193,284.0,9243.0
2026-08-07 14:53:26.023,12653092,735508,58128716,35.118701,,53.619,0x00,0x00,TEMPERATURE,1,0,OK,13.463,12.785,743.0,58.156,40.0,35.323,4.677,8.786,292.0,9505.0
2026-08-07 14:53:26.872,12682476,737296,58135040,35.166479,,54.469,0x00,0x00,TEMPERATURE,1,0,OK,13.463,12.785,743.0,58.156,40.0,35.323,4.677,8.786,292.0,9505.0
2026-08-07 14:53:27.709,12715608,739314,58142268,35.221086,,55.305,0x00,0x00,TEMPERATURE,1,0,OK,13.556,12.963,754.0,58.193,40.0,35.606,4.394,9.162,297.0,9778.0
2026-08-07 14:53:28.524,12751630,741510,58150200,35.281012,,56.120,0x00,0x00,TEMPERATURE,1,0,OK,13.556,12.963,754.0,58.193,40.0,35.606,4.394,9.162,297.0,9778.0
2026-08-07 14:53:29.838,12792408,743997,58159268,35.349520,,57.434,0x00,0x00,TEMPERATURE,1,0,OK,13.592,13.153,766.0,58.234,40.0,35.914,4.086,9.506,301.0,10074.0
2026-08-07 14:53:30.653,12833344,746495,58168396,35.418482,,58.249,0x00,0x00,TEMPERATURE,1,0,OK,13.592,13.153,766.0,58.234,40.0,35.914,4.086,9.506,301.0,10074.0
2026-08-07 14:53:31.489,12874090,748982,58177452,35.486900,,59.085,0x00,0x00,TEMPERATURE,1,0,OK,13.603,13.396,781.0,58.286,40.0,36.307,3.693,9.91,304.0,10459.0
2026-08-07 14:53:32.373,12914476,751447,58186424,35.554683,,59.969,0x00,0x00,TEMPERATURE,1,0,OK,13.603,13.396,781.0,58.286,40.0,36.307,3.693,9.91,304.0,10459.0
2026-08-07 14:53:33.188,12954518,753892,58195332,35.621983,,60.784,0x00,0x00,TEMPERATURE,1,0,OK,13.603,13.396,781.0,58.286,40.0,36.307,3.693,9.91,304.0,10459.0
2026-08-07 14:53:34.024,12994406,756329,58204204,35.689011,,61.620,0x00,0x00,TEMPERATURE,1,0,OK,13.772,13.565,791.0,58.322,40.0,36.582,3.418,10.354,306.0,10731.0
2026-08-07 14:53:34.872,13034320,758768,58213068,35.755978,,62.469,0x00,0x00,TEMPERATURE,1,0,OK,13.772,13.565,791.0,58.322,40.0,36.582,3.418,10.354,306.0,10731.0
2026-08-07 14:53:35.709,13074252,761208,58221944,35.823036,,63.305,0x00,0x00,TEMPERATURE,1,0,OK,13.898,13.657,797.0,58.343,40.0,36.735,3.265,10.632,308.0,10881.0
2026-08-07 14:53:36.523,13114548,763672,58230908,35.890759,,64.120,0x00,0x00,TEMPERATURE,1,0,OK,13.898,13.657,797.0,58.343,40.0,36.735,3.265,10.632,308.0,10881.0
2026-08-07 14:53:37.838,13157040,766272,58240436,35.962743,,65.434,0x00,0x00,TEMPERATURE,1,0,OK,14.01,13.746,802.0,58.362,40.0,36.883,3.117,10.893,310.0,11027.0
2026-08-07 14:53:38.652,13199422,768866,58249936,36.034515,,66.249,0x00,0x00,TEMPERATURE,1,0,OK,14.01,13.746,802.0,58.362,40.0,36.883,3.117,10.893,310.0,11027.0
2026-08-07 14:53:39.488,13241664,771452,58259412,36.106106,,67.085,0x00,0x00,TEMPERATURE,1,0,OK,14.104,13.877,810.0,58.391,40.0,37.104,2.896,11.208,313.0,11244.0
2026-08-07 14:53:40.371,13283816,774033,58268884,36.177667,,67.968,0x00,0x00,TEMPERATURE,1,0,OK,14.104,13.877,810.0,58.391,40.0,37.104,2.896,11.208,313.0,11244.0
2026-08-07 14:53:41.186,13325876,776610,58278324,36.248986,,68.783,0x00,0x00,TEMPERATURE,1,0,OK,14.104,13.877,810.0,58.391,40.0,37.104,2.896,11.208,313.0,11244.0
2026-08-07 14:53:42.022,13367986,779190,58287784,36.320456,,69.619,0x00,0x00,TEMPERATURE,1,0,OK,14.241,14.001,818.0,58.419,40.0,37.316,2.684,11.557,316.0,11453.0
2026-08-07 14:53:42.872,13410006,781766,58297232,36.391835,,70.469,0x00,0x00,TEMPERATURE,1,0,OK,14.241,14.001,818.0,58.419,40.0,37.316,2.684,11.557,316.0,11453.0
2026-08-07 14:53:43.708,13452104,784348,58306712,36.463457,,71.305,0x00,0x00,TEMPERATURE,1,0,OK,14.316,14.084,823.0,58.438,40.0,37.458,2.542,11.774,318.0,11592.0
2026-08-07 14:53:44.523,13493946,786915,58316160,36.534836,,72.120,0x00,0x00,TEMPERATURE,1,0,OK,14.316,14.084,823.0,58.438,40.0,37.458,2.542,11.774,318.0,11592.0
2026-08-07 14:53:45.837,13536874,789550,58325892,36.608361,,73.434,0x00,0x00,TEMPERATURE,1,0,OK,14.374,14.167,828.0,58.457,40.0,37.601,2.399,11.975,319.0,11733.0
2026-08-07 14:53:46.652,13578988,792136,58335420,36.680345,,74.249,0x00,0x00,TEMPERATURE,1,0,OK,14.374,14.167,828.0,58.457,40.0,37.601,2.399,11.975,319.0,11733.0
2026-08-07 14:53:47.488,13620350,794676,58344768,36.750969,,75.085,0x00,0x00,TEMPERATURE,1,0,OK,14.423,14.277,835.0,58.483,40.0,37.793,2.207,12.215,321.0,11921.0
2026-08-07 14:53:48.373,13660808,797162,58353912,36.820051,,75.970,0x00,0x00,TEMPERATURE,1,0,OK,14.423,14.277,835.0,58.483,40.0,37.793,2.207,12.215,321.0,11921.0
2026-08-07 14:53:49.188,13700596,799607,58362900,36.887956,,76.785,0x00,0x00,TEMPERATURE,1,0,OK,14.423,14.277,835.0,58.483,40.0,37.793,2.207,12.215,321.0,11921.0
2026-08-07 14:53:50.024,13739904,802023,58371780,36.955044,,77.621,0x00,0x00,TEMPERATURE,1,0,OK,14.528,14.369,841.0,58.504,40.0,37.954,2.046,12.482,323.0,12079.0
2026-08-07 14:53:50.872,13778586,804401,58380524,37.021104,,78.469,0x00,0x00,TEMPERATURE,1,0,OK,14.528,14.369,841.0,58.504,40.0,37.954,2.046,12.482,323.0,12079.0
2026-08-07 14:53:51.708,13816846,806754,58389180,37.086500,,79.305,0x00,0x00,TEMPERATURE,1,0,OK,14.591,14.427,844.0,58.518,40.0,38.057,1.943,12.647,324.0,12180.0
2026-08-07 14:53:52.523,13854528,809073,58397716,37.150990,,80.120,0x00,0x00,TEMPERATURE,1,0,OK,14.591,14.427,844.0,58.518,40.0,38.057,1.943,12.647,324.0,12180.0
2026-08-07 14:53:53.837,13892850,811432,58406436,37.216869,,81.434,0x00,0x00,TEMPERATURE,1,0,OK,14.641,14.485,848.0,58.531,40.0,38.161,1.839,12.801,326.0,12281.0
2026-08-07 14:53:54.652,13930244,813735,58414952,37.281207,,82.249,0x00,0x00,TEMPERATURE,1,0,OK,14.641,14.485,848.0,58.531,40.0,38.161,1.839,12.801,326.0,12281.0
2026-08-07 14:53:55.488,13966788,815985,58423268,37.344034,,83.084,0x00,0x00,TEMPERATURE,1,0,OK,14.68,14.565,853.0,58.551,40.0,38.306,1.694,12.986,327.0,12421.0
2026-08-07 14:53:56.372,14002514,818186,58431364,37.405200,,83.968,0x00,0x00,TEMPERATURE,1,0,OK,14.68,14.565,853.0,58.551,40.0,38.306,1.694,12.986,327.0,12421.0
2026-08-07 14:53:57.187,14037622,820349,58439320,37.465307,,84.784,0x00,0x00,TEMPERATURE,1,0,OK,14.68,14.565,853.0,58.551,40.0,38.306,1.694,12.986,327.0,12421.0
2026-08-07 14:53:58.023,14071970,822466,58447124,37.524266,,85.620,0x00,0x00,TEMPERATURE,1,0,OK,14.759,14.635,857.0,58.567,40.0,38.431,1.569,13.19,328.0,12545.0
2026-08-07 14:53:58.872,14105776,824550,58454804,37.582288,,86.469,0x00,0x00,TEMPERATURE,1,0,OK,14.759,14.635,857.0,58.567,40.0,38.431,1.569,13.19,328.0,12545.0
2026-08-07 14:53:59.708,14138902,826593,58462332,37.639162,,87.305,0x00,0x00,TEMPERATURE,1,0,OK,14.805,14.68,860.0,58.578,40.0,38.512,1.488,13.317,329.0,12624.0
2026-08-07 14:54:00.523,14171560,828608,58469768,37.695341,,88.120,0x00,0x00,TEMPERATURE,1,0,OK,14.805,14.68,860.0,58.578,40.0,38.512,1.488,13.317,329.0,12624.0
2026-08-07 14:54:01.837,14204258,830626,58477256,37.751913,,89.434,0x00,0x00,TEMPERATURE,1,0,OK,14.841,14.725,863.0,58.589,40.0,38.594,1.406,13.435,330.0,12703.0
2026-08-07 14:54:02.652,14236164,832596,58484560,37.807094,,90.249,0x00,0x00,TEMPERATURE,1,0,OK,14.841,14.725,863.0,58.589,40.0,38.594,1.406,13.435,330.0,12703.0
2026-08-07 14:54:03.488,14267140,834508,58491640,37.860583,,91.085,0x00,0x00,TEMPERATURE,1,0,OK,14.87,14.785,866.0,58.603,40.0,38.706,1.294,13.576,331.0,12811.0
2026-08-07 14:54:04.373,14297416,836379,58498580,37.913015,,91.970,0x00,0x00,TEMPERATURE,1,0,OK,14.87,14.785,866.0,58.603,40.0,38.706,1.294,13.576,331.0,12811.0
2026-08-07 14:54:05.188,14327014,838207,58505360,37.964238,,92.785,0x00,0x00,TEMPERATURE,1,0,OK,14.87,14.785,866.0,58.603,40.0,38.706,1.294,13.576,331.0,12811.0
2026-08-07 14:54:06.024,14355798,839985,58511932,38.013889,,93.621,0x00,0x00,TEMPERATURE,1,0,OK,14.929,14.838,870.0,58.616,40.0,38.803,1.197,13.732,332.0,12905.0
2026-08-07 14:54:06.872,14383980,841727,58518352,38.062392,,94.469,0x00,0x00,TEMPERATURE,1,0,OK,14.929,14.838,870.0,58.616,40.0,38.803,1.197,13.732,332.0,12905.0
2026-08-07 14:54:07.708,14411578,843433,58524652,38.109988,,95.305,0x00,0x00,TEMPERATURE,1,0,OK,14.967,14.87,872.0,58.624,40.0,38.862,1.138,13.829,333.0,12963.0
2026-08-07 14:54:08.523,14438646,845107,58530888,38.157101,,96.120,0x00,0x00,TEMPERATURE,1,0,OK,14.967,14.87,872.0,58.624,40.0,38.862,1.138,13.829,333.0,12963.0
2026-08-07 14:54:09.837,14465856,846790,58537164,38.204516,,97.434,0x00,0x00,TEMPERATURE,1,0,OK,14.994,14.903,874.0,58.632,40.0,38.925,1.075,13.919,334.0,13023.0
2026-08-07 14:54:10.652,14492196,848420,58543256,38.250541,,98.249,0x00,0x00,TEMPERATURE,1,0,OK,14.994,14.903,874.0,58.632,40.0,38.925,1.075,13.919,334.0,13023.0
2026-08-07 14:54:11.488,14517878,850010,58549196,38.295418,,99.085,0x00,0x00,TEMPERATURE,1,0,OK,15.015,14.95,877.0,58.644,40.0,39.012,0.988,14.027,335.0,13107.0
2026-08-07 14:54:12.372,14542776,851552,58554960,38.338964,,99.968,0x00,0x00,TEMPERATURE,1,0,OK,15.015,14.95,877.0,58.644,40.0,39.012,0.988,14.027,335.0,13107.0
2026-08-07 14:54:13.187,14566940,853048,58560552,38.381212,,100.783,0x00,0x00,TEMPERATURE,1,0,OK,15.015,14.95,877.0,58.644,40.0,39.012,0.988,14.027,335.0,13107.0
2026-08-07 14:54:14.023,14590572,854512,58566016,38.422492,,101.619,0x00,0x00,TEMPERATURE,1,0,OK,15.058,14.989,879.0,58.654,40.0,39.087,0.913,14.145,336.0,13178.0
2026-08-07 14:54:14.872,14613690,855944,58571376,38.462987,,102.469,0x00,0x00,TEMPERATURE,1,0,OK,15.058,14.989,879.0,58.654,40.0,39.087,0.913,14.145,336.0,13178.0
2026-08-07 14:54:15.708,14636156,857336,58576580,38.502303,,103.304,0x00,0x00,TEMPERATURE,1,0,OK,15.083,15.015,881.0,58.66,40.0,39.136,0.864,14.219,336.0,13224.0
2026-08-07 14:54:16.523,14658158,858700,58581688,38.540894,,104.119,0x00,0x00,TEMPERATURE,1,0,OK,15.083,15.015,881.0,58.66,40.0,39.136,0.864,14.219,336.0,13224.0
2026-08-07 14:54:17.837,14680048,860057,58586796,38.579485,,105.433,0x00,0x00,TEMPERATURE,1,0,OK,15.105,15.039,882.0,58.667,40.0,39.182,0.818,14.288,337.0,13269.0
2026-08-07 14:54:18.652,14701356,861379,58591772,38.617078,,106.248,0x00,0x00,TEMPERATURE,1,0,OK,15.105,15.039,882.0,58.667,40.0,39.182,0.818,14.288,337.0,13269.0
2026-08-07 14:54:19.488,14721938,862655,58596572,38.653342,,107.084,0x00,0x00,TEMPERATURE,1,0,OK,15.122,15.073,884.0,58.675,40.0,39.248,0.752,14.37,337.0,13331.0
2026-08-07 14:54:20.373,14741996,863900,58601260,38.688760,,107.969,0x00,0x00,TEMPERATURE,1,0,OK,15.122,15.073,884.0,58.675,40.0,39.248,0.752,14.37,337.0,13331.0
2026-08-07 14:54:21.188,14761560,865114,58605836,38.723331,,108.784,0x00,0x00,TEMPERATURE,1,0,OK,15.122,15.073,884.0,58.675,40.0,39.248,0.752,14.37,337.0,13331.0
2026-08-07 14:54:22.024,14780474,866287,58610264,38.756785,,109.620,0x00,0x00,TEMPERATURE,1,0,OK,15.154,15.103,886.0,58.683,40.0,39.306,0.694,14.46,338.0,13386.0
2026-08-07 14:54:22.872,14798936,867433,58614584,38.789422,,110.468,0x00,0x00,TEMPERATURE,1,0,OK,15.154,15.103,886.0,58.683,40.0,39.306,0.694,14.46,338.0,13386.0
2026-08-07 14:54:23.708,14816972,868553,58618812,38.821365,,111.304,0x00,0x00,TEMPERATURE,1,0,OK,15.175,15.122,887.0,58.688,40.0,39.341,0.659,14.516,338.0,13420.0
2026-08-07 14:54:24.523,14834600,869648,58622944,38.852582,,112.119,0x00,0x00,TEMPERATURE,1,0,OK,15.175,15.122,887.0,58.688,40.0,39.341,0.659,14.516,338.0,13420.0
2026-08-07 14:54:25.837,14852020,870730,58627040,38.883527,,113.433,0x00,0x00,TEMPERATURE,1,0,OK,15.19,15.141,889.0,58.692,40.0,39.378,0.622,14.568,339.0,13455.0
2026-08-07 14:54:26.652,14868914,871780,58631016,38.913566,,114.248,0x00,0x00,TEMPERATURE,1,0,OK,15.19,15.141,889.0,58.692,40.0,39.378,0.622,14.568,339.0,13455.0
2026-08-07 14:54:27.488,14885290,872797,58634868,38.942668,,115.084,0x00,0x00,TEMPERATURE,1,0,OK,15.205,15.166,890.0,58.699,40.0,39.426,0.574,14.631,339.0,13501.0
2026-08-07 14:54:28.372,14901192,873785,58638600,38.970863,,115.968,0x00,0x00,TEMPERATURE,1,0,OK,15.205,15.166,890.0,58.699,40.0,39.426,0.574,14.631,339.0,13501.0
2026-08-07 14:54:29.187,14916802,874755,58642276,38.998635,,116.783,0x00,0x00,TEMPERATURE,1,0,OK,15.205,15.166,890.0,58.699,40.0,39.426,0.574,14.631,339.0,13501.0
2026-08-07 14:54:30.023,14931970,875698,58645852,39.025651,,117.619,0x00,0x00,TEMPERATURE,1,0,OK,15.23,15.189,892.0,58.705,40.0,39.47,0.53,14.7,340.0,13544.0
2026-08-07 14:54:30.871,14946730,876616,58649336,39.051973,,118.468,0x00,0x00,TEMPERATURE,1,0,OK,15.23,15.189,892.0,58.705,40.0,39.47,0.53,14.7,340.0,13544.0
2026-08-07 14:54:31.708,14961086,877509,58652728,39.077599,,119.304,0x00,0x00,TEMPERATURE,1,0,OK,15.243,15.204,893.0,58.709,40.0,39.499,0.501,14.743,340.0,13572.0
2026-08-07 14:54:32.523,14975052,878377,58656016,39.102440,,120.119,0x00,0x00,TEMPERATURE,1,0,OK,15.243,15.204,893.0,58.709,40.0,39.499,0.501,14.743,340.0,13572.0
2026-08-07 14:54:33.836,14988812,879233,58659280,39.127100,,121.433,0x00,0x00,TEMPERATURE,1,0,OK,15.256,15.219,894.0,58.712,40.0,39.527,0.473,14.782,340.0,13599.0
2026-08-07 14:54:34.652,15002224,880067,58662472,39.151215,,122.248,0x00,0x00,TEMPERATURE,1,0,OK,15.256,15.219,894.0,58.712,40.0,39.527,0.473,14.782,340.0,13599.0
2026-08-07 14:54:35.488,15015128,880871,58665560,39.174545,,123.084,0x00,0x00,TEMPERATURE,1,0,OK,15.265,15.238,895.0,58.717,40.0,39.565,0.435,14.83,341.0,13634.0
2026-08-07 14:54:36.372,15027718,881655,58668580,39.197361,,123.968,0x00,0x00,TEMPERATURE,1,0,OK,15.265,15.238,895.0,58.717,40.0,39.565,0.435,14.83,341.0,13634.0
2026-08-07 14:54:37.186,15039846,882410,58671512,39.219512,,124.783,0x00,0x00,TEMPERATURE,1,0,OK,15.265,15.238,895.0,58.717,40.0,39.565,0.435,14.83,341.0,13634.0
2026-08-07 14:54:38.023,15051712,883150,58674384,39.241210,,125.619,0x00,0x00,TEMPERATURE,1,0,OK,15.283,15.255,896.0,58.722,40.0,39.599,0.401,14.882,341.0,13665.0
2026-08-07 14:54:38.872,15063164,883864,58677152,39.262122,,126.469,0x00,0x00,TEMPERATURE,1,0,OK,15.283,15.255,896.0,58.722,40.0,39.599,0.401,14.882,341.0,13665.0
2026-08-07 14:54:39.708,15074218,884552,58679800,39.282128,,127.305,0x00,0x00,TEMPERATURE,1,0,OK,15.293,15.265,896.0,58.725,40.0,39.621,0.379,14.914,341.0,13685.0
2026-08-07 14:54:40.523,15085048,885227,58682420,39.301922,,128.120,0x00,0x00,TEMPERATURE,1,0,OK,15.293,15.265,896.0,58.725,40.0,39.621,0.379,14.914,341.0,13685.0
2026-08-07 14:54:41.837,15095844,885900,58685044,39.321746,,129.434,0x00,0x00,TEMPERATURE,1,0,OK,15.303,15.275,897.0,58.727,40.0,39.642,0.358,14.944,341.0,13703.0
2026-08-07 14:54:42.652,15106274,886551,58687576,39.340875,,130.249,0x00,0x00,TEMPERATURE,1,0,OK,15.303,15.275,897.0,58.727,40.0,39.642,0.358,14.944,341.0,13703.0
2026-08-07 14:54:43.488,15116346,887179,58690024,39.359370,,131.085,0x00,0x00,TEMPERATURE,1,0,OK,15.309,15.29,898.0,58.731,40.0,39.671,0.329,14.98,342.0,13731.0
2026-08-07 14:54:44.372,15126082,887786,58692380,39.377169,,131.969,0x00,0x00,TEMPERATURE,1,0,OK,15.309,15.29,898.0,58.731,40.0,39.671,0.329,14.98,342.0,13731.0
2026-08-07 14:54:45.187,15135500,888373,58694668,39.394455,,132.784,0x00,0x00,TEMPERATURE,1,0,OK,15.309,15.29,898.0,58.731,40.0,39.671,0.329,14.98,342.0,13731.0
2026-08-07 14:54:46.023,15144620,888942,58696876,39.411137,,133.620,0x00,0x00,TEMPERATURE,1,0,OK,15.325,15.303,899.0,58.734,40.0,39.695,0.305,15.02,342.0,13754.0
2026-08-07 14:54:46.873,15153444,889492,58699028,39.427395,,134.470,0x00,0x00,TEMPERATURE,1,0,OK,15.325,15.303,899.0,58.734,40.0,39.695,0.305,15.02,342.0,13754.0
2026-08-07 14:54:47.709,15161990,890025,58701084,39.442928,,135.306,0x00,0x00,TEMPERATURE,1,0,OK,15.335,15.31,899.0,58.736,40.0,39.71,0.29,15.045,342.0,13768.0
2026-08-07 14:54:48.524,15170448,890553,58703108,39.458219,,136.121,0x00,0x00,TEMPERATURE,1,0,OK,15.335,15.31,899.0,58.736,40.0,39.71,0.29,15.045,342.0,13768.0
2026-08-07 14:54:49.838,15178810,891074,58705132,39.473510,,137.435,0x00,0x00,TEMPERATURE,1,0,OK,15.344,15.318,900.0,58.738,40.0,39.724,0.276,15.068,342.0,13782.0
2026-08-07 14:54:50.653,15186918,891580,58707096,39.488348,,138.250,0x00,0x00,TEMPERATURE,1,0,OK,15.344,15.318,900.0,58.738,40.0,39.724,0.276,15.068,342.0,13782.0
2026-08-07 14:54:51.489,15194790,892071,58709012,39.502824,,139.086,0x00,0x00,TEMPERATURE,1,0,OK,15.35,15.33,900.0,58.741,40.0,39.745,0.255,15.096,343.0,13804.0
2026-08-07 14:54:52.372,15202580,892557,58710920,39.517239,,139.969,0x00,0x00,TEMPERATURE,1,0,OK,15.35,15.33,900.0,58.741,40.0,39.745,0.255,15.096,343.0,13804.0
2026-08-07 14:54:53.187,15209988,893020,58712740,39.530989,,140.784,0x00,0x00,TEMPERATURE,1,0,OK,15.35,15.33,900.0,58.741,40.0,39.745,0.255,15.096,343.0,13804.0
2026-08-07 14:54:54.023,15217190,893470,58714516,39.544406,,141.620,0x00,0x00,TEMPERATURE,1,0,OK,15.357,15.341,901.0,58.744,40.0,39.769,0.231,15.126,343.0,13825.0
2026-08-07 14:54:54.873,15224202,893908,58716232,39.557371,,142.469,0x00,0x00,TEMPERATURE,1,0,OK,15.357,15.341,901.0,58.744,40.0,39.769,0.231,15.126,343.0,13825.0
2026-08-07 14:54:55.709,15231034,894334,58717892,39.569912,,143.306,0x00,0x00,TEMPERATURE,1,0,OK,15.363,15.348,902.0,58.746,40.0,39.782,0.218,15.145,343.0,13837.0
2026-08-07 14:54:56.524,15237694,894750,58719532,39.582302,,144.121,0x00,0x00,TEMPERATURE,1,0,OK,15.363,15.348,902.0,58.746,40.0,39.782,0.218,15.145,343.0,13837.0
2026-08-07 14:54:57.838,15244196,895157,58721140,39.594451,,145.435,0x00,0x00,TEMPERATURE,1,0,OK,15.366,15.354,902.0,58.748,40.0,39.796,0.204,15.162,343.0,13850.0
2026-08-07 14:54:58.653,15250370,895542,58722672,39.606025,,146.250,0x00,0x00,TEMPERATURE,1,0,OK,15.366,15.354,902.0,58.748,40.0,39.796,0.204,15.162,343.0,13850.0
2026-08-07 14:54:59.489,15256406,895920,58724160,39.617267,,147.085,0x00,0x00,TEMPERATURE,1,0,OK,15.371,15.362,902.0,58.75,40.0,39.811,0.189,15.182,343.0,13864.0
2026-08-07 14:55:00.372,15262146,896278,58725580,39.627995,,147.969,0x00,0x00,TEMPERATURE,1,0,OK,15.371,15.362,902.0,58.75,40.0,39.811,0.189,15.182,343.0,13864.0
2026-08-07 14:55:01.187,15267766,896630,58726980,39.638572,,148.784,0x00,0x00,TEMPERATURE,1,0,OK,15.371,15.362,902.0,58.75,40.0,39.811,0.189,15.182,343.0,13864.0
2026-08-07 14:55:02.023,15273114,896964,58728288,39.648454,,149.620,0x00,0x00,TEMPERATURE,1,0,OK,15.381,15.368,903.0,58.752,40.0,39.824,0.176,15.205,343.0,13876.0
2026-08-07 14:55:02.873,15278354,897291,58729580,39.658215,,150.469,0x00,0x00,TEMPERATURE,1,0,OK,15.381,15.368,903.0,58.752,40.0,39.824,0.176,15.205,343.0,13876.0
2026-08-07 14:55:03.709,15283494,897613,58730856,39.667855,,151.306,0x00,0x00,TEMPERATURE,1,0,OK,15.388,15.372,903.0,58.753,40.0,39.832,0.168,15.219,343.0,13883.0
2026-08-07 14:55:04.524,15288542,897928,58732104,39.677283,,152.121,0x00,0x00,TEMPERATURE,1,0,OK,15.388,15.372,903.0,58.753,40.0,39.832,0.168,15.219,343.0,13883.0
2026-08-07 14:55:05.838,15293514,898240,58733368,39.686833,,153.434,0x00,0x00,TEMPERATURE,1,0,OK,15.392,15.377,903.0,58.754,40.0,39.841,0.159,15.233,343.0,13892.0
2026-08-07 14:55:06.653,15298400,898546,58734608,39.696201,,154.249,0x00,0x00,TEMPERATURE,1,0,OK,15.392,15.377,903.0,58.754,40.0,39.841,0.159,15.233,343.0,13892.0
2026-08-07 14:55:07.489,15303042,898836,58735764,39.704935,,155.085,0x00,0x00,TEMPERATURE,1,0,OK,15.392,15.384,904.0,58.756,40.0,39.856,0.144,15.248,344.0,13906.0
2026-08-07 14:55:08.372,15307618,899122,58736920,39.713668,,155.969,0x00,0x00,TEMPERATURE,1,0,OK,15.392,15.384,904.0,58.756,40.0,39.856,0.144,15.248,344.0,13906.0
2026-08-07 14:55:09.187,15311966,899396,58738092,39.722523,,156.784,0x00,0x00,TEMPERATURE,1,0,OK,15.392,15.384,904.0,58.756,40.0,39.856,0.144,15.248,344.0,13906.0
2026-08-07 14:55:10.023,15316084,899655,58739232,39.731135,,157.619,0x00,0x00,TEMPERATURE,1,0,OK,15.392,15.39,904.0,58.758,40.0,39.873,0.127,15.265,344.0,13916.0
2026-08-07 14:55:10.872,15319992,899901,58740320,39.739355,,158.468,0x00,0x00,TEMPERATURE,1,0,OK,15.392,15.39,904.0,58.758,40.0,39.873,0.127,15.265,344.0,13916.0
2026-08-07 14:55:11.708,15323712,900136,58741356,39.747182,,159.304,0x00,0x00,TEMPERATURE,1,0,OK,15.393,15.392,904.0,58.759,40.0,39.882,0.118,15.275,344.0,13920.0
2026-08-07 14:55:12.523,15327250,900358,58742324,39.754495,,160.119,0x00,0x00,TEMPERATURE,1,0,OK,15.393,15.392,904.0,58.759,40.0,39.882,0.118,15.275,344.0,13920.0
2026-08-07 14:55:13.837,15330776,900580,58743300,39.761869,,161.433,0x00,0x00,TEMPERATURE,1,0,OK,15.397,15.393,904.0,58.76,40.0,39.888,0.112,15.285,344.0,13923.0
2026-08-07 14:55:14.652,15334132,900792,58744232,39.768910,,162.248,0x00,0x00,TEMPERATURE,1,0,OK,15.397,15.393,904.0,58.76,40.0,39.888,0.112,15.285,344.0,13923.0
2026-08-07 14:55:15.488,15337326,900993,58745104,39.775498,,163.084,0x00,0x00,TEMPERATURE,1,0,OK,15.4,15.396,905.0,58.761,40.0,39.896,0.104,15.296,344.0,13928.0
2026-08-07 14:55:16.373,15340362,901184,58745948,39.781874,,163.969,0x00,0x00,TEMPERATURE,1,0,OK,15.4,15.396,905.0,58.761,40.0,39.896,0.104,15.296,344.0,13928.0
2026-08-07 14:55:17.188,15343428,901377,58746804,39.788341,,164.784,0x00,0x00,TEMPERATURE,1,0,OK,15.4,15.396,905.0,58.761,40.0,39.896,0.104,15.296,344.0,13928.0
2026-08-07 14:55:18.024,15346338,901561,58747624,39.794537,,165.620,0x00,0x00,TEMPERATURE,1,0,OK,15.407,15.398,905.0,58.762,40.0,39.902,0.098,15.309,344.0,13932.0
2026-08-07 14:55:18.873,15349260,901745,58748452,39.800792,,166.469,0x00,0x00,TEMPERATURE,1,0,OK,15.407,15.398,905.0,58.762,40.0,39.902,0.098,15.309,344.0,13932.0
2026-08-07 14:55:19.709,15352022,901919,58749224,39.806625,,167.305,0x00,0x00,TEMPERATURE,1,0,OK,15.408,15.4,905.0,58.763,40.0,39.908,0.092,15.317,344.0,13937.0
2026-08-07 14:55:20.524,15354832,902097,58750040,39.812789,,168.120,0x00,0x00,TEMPERATURE,1,0,OK,15.408,15.4,905.0,58.763,40.0,39.908,0.092,15.317,344.0,13937.0
2026-08-07 14:55:21.837,15357500,902265,58750796,39.818501,,169.434,0x00,0x00,TEMPERATURE,1,0,OK,15.408,15.403,905.0,58.764,40.0,39.916,0.084,15.324,344.0,13942.0
2026-08-07 14:55:22.653,15360032,902425,58751528,39.824031,,170.249,0x00,0x00,TEMPERATURE,1,0,OK,15.408,15.403,905.0,58.764,40.0,39.916,0.084,15.324,344.0,13942.0
2026-08-07 14:55:23.489,15362450,902578,58752232,39.829350,,171.085,0x00,0x00,TEMPERATURE,1,0,OK,15.409,15.406,905.0,58.765,40.0,39.923,0.077,15.332,344.0,13948.0
2026-08-07 14:55:24.373,15364908,902733,58752932,39.834638,,171.969,0x00,0x00,TEMPERATURE,1,0,OK,15.409,15.406,905.0,58.765,40.0,39.923,0.077,15.332,344.0,13948.0
2026-08-07 14:55:25.188,15367224,902880,58753596,39.839655,,172.784,0x00,0x00,TEMPERATURE,1,0,OK,15.409,15.406,905.0,58.765,40.0,39.923,0.077,15.332,344.0,13948.0
2026-08-07 14:55:26.024,15369416,903018,58754216,39.844339,,173.620,0x00,0x00,TEMPERATURE,1,0,OK,15.413,15.409,906.0,58.765,40.0,39.929,0.071,15.342,344.0,13953.0
2026-08-07 14:55:26.872,15371498,903150,58754816,39.848872,,174.468,0x00,0x00,TEMPERATURE,1,0,OK,15.413,15.409,906.0,58.765,40.0,39.929,0.071,15.342,344.0,13953.0
2026-08-07 14:55:27.708,15373630,903284,58755420,39.853435,,175.304,0x00,0x00,TEMPERATURE,1,0,OK,15.417,15.41,906.0,58.766,40.0,39.931,0.069,15.347,344.0,13954.0
2026-08-07 14:55:28.523,15375660,903412,58756012,39.857908,,176.119,0x00,0x00,TEMPERATURE,1,0,OK,15.417,15.41,906.0,58.766,40.0,39.931,0.069,15.347,344.0,13954.0
2026-08-07 14:55:29.837,15377774,903546,58756588,39.862259,,177.433,0x00,0x00,TEMPERATURE,1,0,OK,15.417,15.412,906.0,58.766,40.0,39.936,0.064,15.353,344.0,13958.0
2026-08-07 14:55:30.652,15379782,903672,58757128,39.866339,,178.248,0x00,0x00,TEMPERATURE,1,0,OK,15.417,15.412,906.0,58.766,40.0,39.936,0.064,15.353,344.0,13958.0
2026-08-07 14:55:31.488,15381692,903792,58757648,39.870268,,179.084,0x00,0x00,TEMPERATURE,1,0,OK,15.419,15.415,906.0,58.767,40.0,39.941,0.059,15.359,344.0,13964.0
2026-08-07 14:55:32.372,15383486,903905,58758128,39.873894,,179.968,0x00,0x00,TEMPERATURE,1,0,OK,15.419,15.415,906.0,58.767,40.0,39.941,0.059,15.359,344.0,13964.0
2026-08-07 14:55:33.187,15385352,904022,58758644,39.877792,,180.783,0x00,0x00,TEMPERATURE,1,0,OK,15.419,15.415,906.0,58.767,40.0,39.941,0.059,15.359,344.0,13964.0
2026-08-07 14:55:34.022,15387124,904134,58759136,39.881509,,181.619,0x00,0x00,TEMPERATURE,1,0,OK,15.422,15.417,906.0,58.767,40.0,39.944,0.056,15.367,344.0,13969.0
2026-08-07 14:55:34.872,15388814,904241,58759604,39.885045,,182.469,0x00,0x00,TEMPERATURE,1,0,OK,15.422,15.417,906.0,58.767,40.0,39.944,0.056,15.367,344.0,13969.0
2026-08-07 14:55:35.708,15390422,904342,58760064,39.888520,,183.305,0x00,0x00,TEMPERATURE,1,0,OK,15.423,15.419,906.0,58.768,40.0,39.948,0.052,15.371,344.0,13972.0
2026-08-07 14:55:36.523,15392128,904450,58760532,39.892056,,184.120,0x00,0x00,TEMPERATURE,1,0,OK,15.423,15.419,906.0,58.768,40.0,39.948,0.052,15.371,344.0,13972.0
2026-08-07 14:55:37.837,15393754,904552,58760972,39.895380,,185.434,0x00,0x00,TEMPERATURE,1,0,OK,15.423,15.421,906.0,58.768,40.0,39.952,0.048,15.375,344.0,13975.0
2026-08-07 14:55:38.652,15395286,904648,58761384,39.898493,,186.249,0x00,0x00,TEMPERATURE,1,0,OK,15.423,15.421,906.0,58.768,40.0,39.952,0.048,15.375,344.0,13975.0
2026-08-07 14:55:39.488,15396730,904739,58761784,39.901515,,187.085,0x00,0x00,TEMPERATURE,1,0,OK,15.424,15.423,906.0,58.769,40.0,39.956,0.044,15.38,344.0,13979.0
2026-08-07 14:55:40.373,15398106,904826,58762152,39.904295,,187.970,0x00,0x00,TEMPERATURE,1,0,OK,15.424,15.423,906.0,58.769,40.0,39.956,0.044,15.38,344.0,13979.0
2026-08-07 14:55:41.188,15399416,904908,58762516,39.907045,,188.785,0x00,0x00,TEMPERATURE,1,0,OK,15.424,15.423,906.0,58.769,40.0,39.956,0.044,15.38,344.0,13979.0
2026-08-07 14:55:42.024,15400660,904986,58762836,39.909463,,189.621,0x00,0x00,TEMPERATURE,1,0,OK,15.428,15.424,906.0,58.769,40.0,39.957,0.043,15.385,344.0,13981.0
2026-08-07 14:55:42.872,15402016,905072,58763216,39.912334,,190.469,0x00,0x00,TEMPERATURE,1,0,OK,15.428,15.424,906.0,58.769,40.0,39.957,0.043,15.385,344.0,13981.0
2026-08-07 14:55:43.708,15403310,905154,58763572,39.915023,,191.305,0x00,0x00,TEMPERATURE,1,0,OK,15.43,15.425,907.0,58.769,40.0,39.959,0.041,15.389,344.0,13983.0
2026-08-07 14:55:44.523,15404540,905231,58763888,39.917411,,192.120,0x00,0x00,TEMPERATURE,1,0,OK,15.43,15.425,907.0,58.769,40.0,39.959,0.041,15.389,344.0,13983.0
2026-08-07 14:55:45.837,15405874,905315,58764264,39.920251,,193.434,0x00,0x00,TEMPERATURE,1,0,OK,15.43,15.426,907.0,58.77,40.0,39.962,0.038,15.392,344.0,13985.0
2026-08-07 14:55:46.652,15407134,905394,58764616,39.922911,,194.249,0x00,0x00,TEMPERATURE,1,0,OK,15.43,15.426,907.0,58.77,40.0,39.962,0.038,15.392,344.0,13985.0
2026-08-07 14:55:47.488,15408334,905470,58764944,39.925389,,195.085,0x00,0x00,TEMPERATURE,1,0,OK,15.429,15.429,907.0,58.77,40.0,39.967,0.033,15.396,344.0,13990.0
2026-08-07 14:55:48.373,15409480,905542,58765268,39.927837,,195.970,0x00,0x00,TEMPERATURE,1,0,OK,15.429,15.429,907.0,58.77,40.0,39.967,0.033,15.396,344.0,13990.0
2026-08-07 14:55:49.188,15410560,905611,58765588,39.930254,,196.785,0x00,0x00,TEMPERATURE,1,0,OK,15.429,15.429,907.0,58.77,40.0,39.967,0.033,15.396,344.0,13990.0
2026-08-07 14:55:50.024,15411422,905665,58765852,39.932249,,197.621,0x00,0x00,TEMPERATURE,1,0,OK,15.428,15.43,907.0,58.771,40.0,39.972,0.028,15.4,344.0,13993.0
2026-08-07 14:55:50.872,15412248,905718,58766096,39.934092,,198.469,0x00,0x00,TEMPERATURE,1,0,OK,15.428,15.43,907.0,58.771,40.0,39.972,0.028,15.4,344.0,13993.0
2026-08-07 14:55:51.708,15413198,905778,58766376,39.936207,,199.305,0x00,0x00,TEMPERATURE,1,0,OK,15.431,15.429,907.0,58.771,40.0,39.971,0.029,15.402,344.0,13991.0
2026-08-07 14:55:52.523,15414098,905835,58766636,39.938172,,200.120,0x00,0x00,TEMPERATURE,1,0,OK,15.431,15.429,907.0,58.771,40.0,39.971,0.029,15.402,344.0,13991.0
2026-08-07 14:55:53.837,15414962,905889,58766900,39.940166,,201.434,0x00,0x00,TEMPERATURE,1,0,OK,15.432,15.43,907.0,58.771,40.0,39.972,0.028,15.404,344.0,13993.0
2026-08-07 14:55:54.652,15415784,905942,58767156,39.942100,,202.249,0x00,0x00,TEMPERATURE,1,0,OK,15.432,15.43,907.0,58.771,40.0,39.972,0.028,15.404,344.0,13993.0
2026-08-07 14:55:55.488,15416558,905991,58767396,39.943914,,203.085,0x00,0x00,TEMPERATURE,1,0,OK,15.432,15.431,907.0,58.772,40.0,39.976,0.024,15.407,344.0,13994.0
2026-08-07 14:55:56.372,15417286,906037,58767624,39.945636,,203.969,0x00,0x00,TEMPERATURE,1,0,OK,15.432,15.431,907.0,58.772,40.0,39.976,0.024,15.407,344.0,13994.0
2026-08-07 14:55:57.187,15417980,906082,58767856,39.947389,,204.784,0x00,0x00,TEMPERATURE,1,0,OK,15.432,15.431,907.0,58.772,40.0,39.976,0.024,15.407,344.0,13994.0
2026-08-07 14:55:58.023,15418634,906123,58768068,39.948991,,205.620,0x00,0x00,TEMPERATURE,1,0,OK,15.433,15.431,907.0,58.772,40.0,39.977,0.023,15.41,344.0,13994.0
2026-08-07 14:55:58.872,15419252,906163,58768272,39.950532,,206.469,0x00,0x00,TEMPERATURE,1,0,OK,15.433,15.431,907.0,58.772,40.0,39.977,0.023,15.41,344.0,13994.0
2026-08-07 14:55:59.708,15419830,906199,58768448,39.951861,,207.305,0x00,0x00,TEMPERATURE,1,0,OK,15.433,15.431,907.0,58.772,40.0,39.979,0.021,15.412,344.0,13994.0
2026-08-07 14:56:00.523,15420548,906245,58768648,39.953372,,208.120,0x00,0x00,TEMPERATURE,1,0,OK,15.433,15.431,907.0,58.772,40.0,39.979,0.021,15.412,344.0,13994.0
2026-08-07 14:56:01.837,15421238,906288,58768836,39.954793,,209.434,0x00,0x00,TEMPERATURE,1,0,OK,15.434,15.432,907.0,58.772,40.0,39.98,0.02,15.414,345.0,13996.0
2026-08-07 14:56:02.652,15421888,906329,58769024,39.956213,,210.249,0x00,0x00,TEMPERATURE,1,0,OK,15.434,15.432,907.0,58.772,40.0,39.98,0.02,15.414,345.0,13996.0
2026-08-07 14:56:03.488,15422502,906368,58769192,39.957482,,211.085,0x00,0x00,TEMPERATURE,1,0,OK,15.434,15.433,907.0,58.772,40.0,39.981,0.019,15.416,345.0,13999.0
2026-08-07 14:56:04.373,15423086,906405,58769368,39.958812,,211.970,0x00,0x00,TEMPERATURE,1,0,OK,15.434,15.433,907.0,58.772,40.0,39.981,0.019,15.416,345.0,13999.0
2026-08-07 14:56:05.188,15423640,906440,58769540,39.960111,,212.785,0x00,0x00,TEMPERATURE,1,0,OK,15.434,15.433,907.0,58.772,40.0,39.981,0.019,15.416,345.0,13999.0
2026-08-07 14:56:06.024,15424162,906473,58769684,39.961199,,213.621,0x00,0x00,TEMPERATURE,1,0,OK,15.435,15.434,907.0,58.773,40.0,39.983,0.017,15.418,345.0,14000.0
2026-08-07 14:56:06.872,15424646,906504,58769816,39.962197,,214.469,0x00,0x00,TEMPERATURE,1,0,OK,15.435,15.434,907.0,58.773,40.0,39.983,0.017,15.418,345.0,14000.0
2026-08-07 14:56:07.708,15425100,906532,58769952,39.963224,,215.305,0x00,0x00,TEMPERATURE,1,0,OK,15.437,15.434,907.0,58.773,40.0,39.983,0.017,15.419,345.0,14000.0
2026-08-07 14:56:08.523,15425540,906560,58770072,39.964131,,216.120,0x00,0x00,TEMPERATURE,1,0,OK,15.437,15.434,907.0,58.773,40.0,39.983,0.017,15.419,345.0,14000.0
2026-08-07 14:56:09.837,15426124,906597,58770220,39.965249,,217.433,0x00,0x00,TEMPERATURE,1,0,OK,15.438,15.434,907.0,58.773,40.0,39.982,0.018,15.421,345.0,14000.0
2026-08-07 14:56:10.652,15426682,906632,58770372,39.966397,,218.248,0x00,0x00,TEMPERATURE,1,0,OK,15.438,15.434,907.0,58.773,40.0,39.982,0.018,15.421,345.0,14000.0
2026-08-07 14:56:11.488,15427214,906665,58770512,39.967455,,219.084,0x00,0x00,TEMPERATURE,1,0,OK,15.437,15.436,907.0,58.773,40.0,39.985,0.015,15.422,345.0,14003.0
2026-08-07 14:56:12.373,15427726,906698,58770652,39.968513,,219.969,0x00,0x00,TEMPERATURE,1,0,OK,15.437,15.436,907.0,58.773,40.0,39.985,0.015,15.422,345.0,14003.0
2026-08-07 14:56:13.188,15428214,906728,58770780,39.969480,,220.784,0x00,0x00,TEMPERATURE,1,0,OK,15.437,15.436,907.0,58.773,40.0,39.985,0.015,15.422,345.0,14003.0
2026-08-07 14:56:14.024,15428676,906757,58770920,39.970537,,221.620,0x00,0x00,TEMPERATURE,1,0,OK,15.437,15.437,907.0,58.773,40.0,39.987,0.013,15.424,345.0,14005.0
2026-08-07 14:56:14.872,15429110,906785,58771040,39.971444,,222.468,0x00,0x00,TEMPERATURE,1,0,OK,15.437,15.437,907.0,58.773,40.0,39.987,0.013,15.424,345.0,14005.0
2026-08-07 14:56:15.708,15429516,906810,58771140,39.972199,,223.304,0x00,0x00,TEMPERATURE,1,0,OK,15.437,15.437,907.0,58.773,40.0,39.988,0.012,15.425,345.0,14006.0
2026-08-07 14:56:16.523,15429898,906834,58771232,39.972894,,224.119,0x00,0x00,TEMPERATURE,1,0,OK,15.437,15.437,907.0,58.773,40.0,39.988,0.012,15.425,345.0,14006.0
2026-08-07 14:56:17.837,15430264,906857,58771296,39.973378,,225.433,0x00,0x00,TEMPERATURE,1,0,OK,15.439,15.437,907.0,58.773,40.0,39.988,0.012,15.426,345.0,14006.0
2026-08-07 14:56:18.652,15430776,906888,58771400,39.974164,,226.248,0x00,0x00,TEMPERATURE,1,0,OK,15.439,15.437,907.0,58.773,40.0,39.988,0.012,15.426,345.0,14006.0
2026-08-07 14:56:19.488,15431276,906919,58771476,39.974738,,227.084,0x00,0x00,TEMPERATURE,1,0,OK,15.441,15.438,907.0,58.773,40.0,39.987,0.013,15.428,345.0,14008.0
2026-08-07 14:56:20.373,15431742,906947,58771532,39.975161,,227.969,0x00,0x00,TEMPERATURE,1,0,OK,15.441,15.438,907.0,58.773,40.0,39.987,0.013,15.428,345.0,14008.0
2026-08-07 14:56:21.188,15432184,906974,58771580,39.975524,,228.784,0x00,0x00,TEMPERATURE,1,0,OK,15.441,15.438,907.0,58.773,40.0,39.987,0.013,15.428,345.0,14008.0
2026-08-07 14:56:22.024,15432610,906999,58771608,39.975735,,229.620,0x00,0x00,TEMPERATURE,1,0,OK,15.444,15.44,907.0,58.773,40.0,39.985,0.015,15.429,345.0,14010.0
2026-08-07 14:56:22.872,15433182,907034,58771672,39.976219,,230.468,0x00,0x00,TEMPERATURE,1,0,OK,15.444,15.44,907.0,58.773,40.0,39.985,0.015,15.429,345.0,14010.0
2026-08-07 14:56:23.708,15433714,907066,58771736,39.976702,,231.304,0x00,0x00,TEMPERATURE,1,0,OK,15.447,15.441,908.0,58.773,40.0,39.984,0.016,15.431,345.0,14013.0
2026-08-07 14:56:24.523,15434224,907097,58771800,39.977186,,232.119,0x00,0x00,TEMPERATURE,1,0,OK,15.447,15.441,908.0,58.773,40.0,39.984,0.016,15.431,345.0,14013.0
2026-08-07 14:56:25.836,15434884,907137,58771896,39.977911,,233.433,0x00,0x00,TEMPERATURE,1,0,OK,15.447,15.442,908.0,58.773,40.0,39.985,0.015,15.432,345.0,14015.0
2026-08-07 14:56:26.652,15435500,907175,58772008,39.978757,,234.248,0x00,0x00,TEMPERATURE,1,0,OK,15.447,15.442,908.0,58.773,40.0,39.985,0.015,15.432,345.0,14015.0
2026-08-07 14:56:27.488,15436098,907212,58772124,39.979633,,235.084,0x00,0x00,TEMPERATURE,1,0,OK,15.443,15.445,908.0,58.774,40.0,39.99,0.01,15.433,345.0,14021.0
2026-08-07 14:56:28.372,15436508,907238,58772208,39.980268,,235.968,0x00,0x00,TEMPERATURE,1,0,OK,15.443,15.445,908.0,58.774,40.0,39.99,0.01,15.433,345.0,14021.0
2026-08-07 14:56:29.187,15436898,907262,58772284,39.980842,,236.783,0x00,0x00,TEMPERATURE,1,0,OK,15.443,15.445,908.0,58.774,40.0,39.99,0.01,15.433,345.0,14021.0
2026-08-07 14:56:30.022,15437282,907286,58772360,39.981416,,237.619,0x00,0x00,TEMPERATURE,1,0,OK,15.441,15.445,908.0,58.774,40.0,39.993,0.007,15.434,345.0,14021.0
2026-08-07 14:56:30.872,15437642,907308,58772448,39.982081,,238.468,0x00,0x00,TEMPERATURE,1,0,OK,15.441,15.445,908.0,58.774,40.0,39.993,0.007,15.434,345.0,14021.0
2026-08-07 14:56:31.708,15437986,907330,58772544,39.982807,,239.304,0x00,0x00,TEMPERATURE,1,0,OK,15.442,15.445,908.0,58.774,40.0,39.993,0.007,15.435,345.0,14020.0
2026-08-07 14:56:32.523,15438146,907340,58772580,39.983079,,240.119,0x00,0x00,TEMPERATURE,1,0,OK,15.442,15.445,908.0,58.774,40.0,39.993,0.007,15.435,345.0,14020.0
2026-08-07 14:56:33.836,15438320,907351,58772632,39.983471,,241.433,0x00,0x00,TEMPERATURE,1,0,OK,15.443,15.444,908.0,58.774,40.0,39.993,0.007,15.435,345.0,14018.0
2026-08-07 14:56:34.651,15438476,907361,58772688,39.983894,,242.248,0x00,0x00,TEMPERATURE,1,0,OK,15.443,15.444,908.0,58.774,40.0,39.993,0.007,15.435,345.0,14018.0
2026-08-07 14:56:35.487,15438788,907380,58772768,39.984499,,243.084,0x00,0x00,TEMPERATURE,1,0,OK,15.445,15.442,908.0,58.774,40.0,39.992,0.008,15.436,345.0,14016.0
2026-08-07 14:56:36.374,15439094,907400,58772860,39.985194,,243.971,0x00,0x00,TEMPERATURE,1,0,OK,15.445,15.442,908.0,58.774,40.0,39.992,0.008,15.436,345.0,14016.0
2026-08-07 14:56:37.190,15439360,907417,58772960,39.985949,,244.786,0x00,0x00,TEMPERATURE,1,0,OK,15.445,15.442,908.0,58.774,40.0,39.992,0.008,15.436,345.0,14016.0
2026-08-07 14:56:38.025,15439604,907433,58773048,39.986614,,245.622,0x00,0x00,TEMPERATURE,1,0,OK,15.442,15.444,908.0,58.774,40.0,39.995,0.005,15.437,345.0,14018.0
2026-08-07 14:56:38.871,15439666,907437,58773096,39.986977,,246.468,0x00,0x00,TEMPERATURE,1,0,OK,15.442,15.444,908.0,58.774,40.0,39.995,0.005,15.437,345.0,14018.0
2026-08-07 14:56:39.707,15439722,907441,58773140,39.987309,,247.304,0x00,0x00,TEMPERATURE,1,0,OK,15.441,15.443,908.0,58.774,40.0,39.996,0.004,15.437,345.0,14017.0
2026-08-07 14:56:40.522,15439766,907444,58773172,39.987551,,248.119,0x00,0x00,TEMPERATURE,1,0,OK,15.441,15.443,908.0,58.774,40.0,39.996,0.004,15.437,345.0,14017.0
2026-08-07 14:56:41.836,15439800,907447,58773220,39.987914,,249.433,0x00,0x00,TEMPERATURE,1,0,OK,15.442,15.442,908.0,58.774,40.0,39.995,0.005,15.438,345.0,14015.0
2026-08-07 14:56:42.651,15439838,907450,58773276,39.988337,,250.248,0x00,0x00,TEMPERATURE,1,0,OK,15.442,15.442,908.0,58.774,40.0,39.995,0.005,15.438,345.0,14015.0
2026-08-07 14:56:43.487,15439872,907453,58773332,39.988760,,251.084,0x00,0x00,TEMPERATURE,1,0,OK,15.442,15.441,908.0,58.774,40.0,39.996,0.004,15.438,345.0,14013.0
2026-08-07 14:56:44.372,15439908,907456,58773392,39.989213,,251.969,0x00,0x00,TEMPERATURE,1,0,OK,15.442,15.441,908.0,58.774,40.0,39.996,0.004,15.438,345.0,14013.0
2026-08-07 14:56:45.187,15440112,907469,58773496,39.989999,,252.784,0x00,0x00,TEMPERATURE,1,0,OK,15.442,15.441,908.0,58.774,40.0,39.996,0.004,15.438,345.0,14013.0
2026-08-07 14:56:46.023,15440318,907483,58773580,39.990634,,253.620,0x00,0x00,TEMPERATURE,1,0,OK,15.441,15.442,908.0,58.775,40.0,39.998,0.002,15.439,345.0,14014.0
2026-08-07 14:56:46.872,15440356,907485,58773608,39.990845,,254.469,0x00,0x00,TEMPERATURE,1,0,OK,15.441,15.442,908.0,58.775,40.0,39.998,0.002,15.439,345.0,14014.0
2026-08-07 14:56:47.708,15440396,907488,58773648,39.991147,,255.305,0x00,0x00,TEMPERATURE,1,0,OK,15.44,15.442,908.0,58.775,40.0,39.999,0.001,15.439,345.0,14015.0
2026-08-07 14:56:48.523,15440428,907491,58773692,39.991480,,256.120,0x00,0x00,TEMPERATURE,1,0,OK,15.44,15.442,908.0,58.775,40.0,39.999,0.001,15.439,345.0,14015.0
2026-08-07 14:56:49.837,15440450,907493,58773728,39.991752,,257.434,0x00,0x00,TEMPERATURE,1,0,OK,15.442,15.442,908.0,58.774,40.0,39.997,0.003,15.439,345.0,14014.0
2026-08-07 14:56:50.652,15440466,907494,58773752,39.991933,,258.249,0x00,0x00,TEMPERATURE,1,0,OK,15.442,15.442,908.0,58.774,40.0,39.997,0.003,15.439,345.0,14014.0
2026-08-07 14:56:51.488,15440476,907495,58773776,39.992114,,259.085,0x00,0x00,TEMPERATURE,1,0,OK,15.443,15.441,908.0,58.774,40.0,39.996,0.004,15.439,345.0,14013.0
2026-08-07 14:56:52.372,15440656,907507,58773852,39.992688,,259.968,0x00,0x00,TEMPERATURE,1,0,OK,15.443,15.441,908.0,58.774,40.0,39.996,0.004,15.439,345.0,14013.0
2026-08-07 14:56:53.187,15440814,907517,58773912,39.993142,,260.784,0x00,0x00,TEMPERATURE,1,0,OK,15.443,15.441,908.0,58.774,40.0,39.996,0.004,15.439,345.0,14013.0
2026-08-07 14:56:54.023,15440974,907527,58773960,39.993504,,261.620,0x00,0x00,TEMPERATURE,1,0,OK,15.441,15.442,908.0,58.775,40.0,39.998,0.002,15.44,345.0,14016.0
2026-08-07 14:56:54.872,15440944,907525,58773956,39.993474,,262.469,0x00,0x00,TEMPERATURE,1,0,OK,15.441,15.442,908.0,58.775,40.0,39.998,0.002,15.44,345.0,14016.0
2026-08-07 14:56:55.708,15440924,907524,58773964,39.993535,,263.304,0x00,0x00,TEMPERATURE,1,0,OK,15.442,15.442,908.0,58.774,40.0,39.998,0.002,15.44,345.0,14015.0
2026-08-07 14:56:56.523,15440892,907522,58773952,39.993444,,264.120,0x00,0x00,TEMPERATURE,1,0,OK,15.442,15.442,908.0,58.774,40.0,39.998,0.002,15.44,345.0,14015.0
2026-08-07 14:56:57.837,15441020,907530,58773980,39.993656,,265.433,0x00,0x00,TEMPERATURE,1,0,OK,15.444,15.441,908.0,58.774,40.0,39.996,0.004,15.44,345.0,14014.0
2026-08-07 14:56:58.652,15441144,907538,58774024,39.993988,,266.249,0x00,0x00,TEMPERATURE,1,0,OK,15.444,15.441,908.0,58.774,40.0,39.996,0.004,15.44,345.0,14014.0
2026-08-07 14:56:59.488,15441272,907546,58774068,39.994320,,267.085,0x00,0x00,TEMPERATURE,1,0,OK,15.441,15.443,908.0,58.775,40.0,39.999,0.001,15.44,345.0,14016.0
2026-08-07 14:57:00.373,15441382,907553,58774084,39.994441,,267.970,0x00,0x00,TEMPERATURE,1,0,OK,15.441,15.443,908.0,58.775,40.0,39.999,0.001,15.44,345.0,14016.0
2026-08-07 14:57:01.188,15441482,907559,58774108,39.994623,,268.785,0x00,0x00,TEMPERATURE,1,0,OK,15.441,15.443,908.0,58.775,40.0,39.999,0.001,15.44,345.0,14016.0
2026-08-07 14:57:02.024,15441586,907566,58774144,39.994895,,269.620,0x00,0x00,TEMPERATURE,1,0,OK,15.443,15.443,908.0,58.775,40.0,39.998,0.002,15.44,345.0,14017.0
2026-08-07 14:57:02.872,15441512,907561,58774136,39.994834,,270.469,0x00,0x00,TEMPERATURE,1,0,OK,15.443,15.443,908.0,58.775,40.0,39.998,0.002,15.44,345.0,14017.0
2026-08-07 14:57:03.708,15441450,907558,58774132,39.994804,,271.305,0x00,0x00,TEMPERATURE,1,0,OK,15.443,15.442,908.0,58.774,40.0,39.998,0.002,15.441,345.0,14016.0
2026-08-07 14:57:04.523,15441576,907566,58774160,39.995015,,272.120,0x00,0x00,TEMPERATURE,1,0,OK,15.443,15.442,908.0,58.774,40.0,39.998,0.002,15.441,345.0,14016.0
2026-08-07 14:57:05.837,15441706,907574,58774188,39.995227,,273.434,0x00,0x00,TEMPERATURE,1,0,OK,15.444,15.442,908.0,58.774,40.0,39.997,0.003,15.441,345.0,14016.0
2026-08-07 14:57:06.652,15441832,907582,58774220,39.995469,,274.248,0x00,0x00,TEMPERATURE,1,0,OK,15.444,15.442,908.0,58.774,40.0,39.997,0.003,15.441,345.0,14016.0
2026-08-07 14:57:07.488,15441938,907588,58774244,39.995650,,275.084,0x00,0x00,TEMPERATURE,1,0,OK,15.442,15.443,908.0,58.775,40.0,39.999,0.001,15.441,345.0,14018.0
2026-08-07 14:57:08.372,15442032,907594,58774284,39.995952,,275.968,0x00,0x00,TEMPERATURE,1,0,OK,15.442,15.443,908.0,58.775,40.0,39.999,0.001,15.441,345.0,14018.0
2026-08-07 14:57:09.187,15441954,907590,58774296,39.996043,,276.783,0x00,0x00,TEMPERATURE,1,0,OK,15.442,15.443,908.0,58.775,40.0,39.999,0.001,15.441,345.0,14018.0
2026-08-07 14:57:10.023,15441870,907585,58774296,39.996043,,277.619,0x00,0x00,TEMPERATURE,1,0,OK,15.441,15.443,908.0,58.775,40.0,40.0,0.0,15.441,345.0,14017.0
2026-08-07 14:57:10.872,15441780,907579,58774276,39.995892,,278.468,0x00,0x00,TEMPERATURE,1,0,OK,15.441,15.443,908.0,58.775,40.0,40.0,0.0,15.441,345.0,14017.0
2026-08-07 14:57:11.708,15441692,907574,58774276,39.995892,,279.304,0x00,0x00,TEMPERATURE,1,0,OK,15.444,15.442,908.0,58.775,40.0,39.998,0.002,15.441,345.0,14014.0
2026-08-07 14:57:12.523,15441786,907580,58774308,39.996134,,280.119,0x00,0x00,TEMPERATURE,1,0,OK,15.444,15.442,908.0,58.775,40.0,39.998,0.002,15.441,345.0,14014.0
2026-08-07 14:57:13.837,15441868,907586,58774332,39.996315,,281.433,0x00,0x00,TEMPERATURE,1,0,OK,15.443,15.442,908.0,58.775,40.0,39.998,0.002,15.441,345.0,14015.0
2026-08-07 14:57:14.652,15441952,907591,58774388,39.996738,,282.248,0x00,0x00,TEMPERATURE,1,0,OK,15.443,15.442,908.0,58.775,40.0,39.998,0.002,15.441,345.0,14015.0
2026-08-07 14:57:15.488,15442040,907597,58774428,39.997040,,283.084,0x00,0x00,TEMPERATURE,1,0,OK,15.441,15.443,908.0,58.775,40.0,40.0,0.0,15.441,345.0,14017.0
2026-08-07 14:57:16.372,15441946,907591,58774392,39.996768,,283.968,0x00,0x00,TEMPERATURE,1,0,OK,15.441,15.443,908.0,58.775,40.0,40.0,0.0,15.441,345.0,14017.0
2026-08-07 14:57:17.187,15442020,907595,58774392,39.996768,,284.783,0x00,0x00,TEMPERATURE,1,0,OK,15.441,15.443,908.0,58.775,40.0,40.0,0.0,15.441,345.0,14017.0
2026-08-07 14:57:18.023,15442094,907600,58774412,39.996919,,285.619,0x00,0x00,TEMPERATURE,1,0,OK,15.444,15.443,908.0,58.774,40.0,39.998,0.002,15.442,345.0,14016.0
2026-08-07 14:57:18.872,15442160,907604,58774428,39.997040,,286.468,0x00,0x00,TEMPERATURE,1,0,OK,15.444,15.443,908.0,58.774,40.0,39.998,0.002,15.442,345.0,14016.0
2026-08-07 14:57:19.708,15442210,907607,58774448,39.997191,,287.304,0x00,0x00,TEMPERATURE,1,0,OK,15.443,15.443,908.0,58.775,40.0,39.999,0.001,15.442,345.0,14017.0
2026-08-07 14:57:20.523,15442258,907610,58774456,39.997252,,288.119,0x00,0x00,TEMPERATURE,1,0,OK,15.443,15.443,908.0,58.775,40.0,39.999,0.001,15.442,345.0,14017.0
2026-08-07 14:57:21.836,15442312,907614,58774464,39.997312,,289.433,0x00,0x00,TEMPERATURE,1,0,OK,15.443,15.443,908.0,58.775,40.0,39.999,0.001,15.442,345.0,14017.0
2026-08-07 14:57:22.651,15442370,907617,58774456,39.997252,,290.248,0x00,0x00,TEMPERATURE,1,0,OK,15.443,15.443,908.0,58.775,40.0,39.999,0.001,15.442,345.0,14017.0
2026-08-07 14:57:23.486,15442432,907620,58774448,39.997191,,291.083,0x00,0x00,TEMPERATURE,1,0,OK,15.444,15.443,908.0,58.775,40.0,39.998,0.002,15.442,345.0,14017.0
2026-08-07 14:57:24.373,15442492,907624,58774444,39.997161,,291.969,0x00,0x00,TEMPERATURE,1,0,OK,15.444,15.443,908.0,58.775,40.0,39.998,0.002,15.442,345.0,14017.0
2026-08-07 14:57:25.188,15442548,907627,58774440,39.997131,,292.784,0x00,0x00,TEMPERATURE,1,0,OK,15.444,15.443,908.0,58.775,40.0,39.998,0.002,15.442,345.0,14017.0
2026-08-07 14:57:26.023,15442602,907630,58774444,39.997161,,293.620,0x00,0x00,TEMPERATURE,1,0,OK,15.445,15.443,908.0,58.774,40.0,39.997,0.003,15.442,345.0,14018.0
2026-08-07 14:57:26.872,15442648,907633,58774456,39.997252,,294.468,0x00,0x00,TEMPERATURE,1,0,OK,15.445,15.443,908.0,58.774,40.0,39.997,0.003,15.442,345.0,14018.0
2026-08-07 14:57:27.708,15442696,907636,58774444,39.997161,,295.304,0x00,0x00,TEMPERATURE,1,0,OK,15.445,15.444,908.0,58.774,40.0,39.998,0.002,15.443,345.0,14018.0
2026-08-07 14:57:28.523,15442740,907639,58774456,39.997252,,296.119,0x00,0x00,TEMPERATURE,1,0,OK,15.445,15.444,908.0,58.774,40.0,39.998,0.002,15.443,345.0,14018.0
2026-08-07 14:57:29.837,15442790,907641,58774448,39.997191,,297.433,0x00,0x00,TEMPERATURE,1,0,OK,15.445,15.444,908.0,58.775,40.0,39.998,0.002,15.443,345.0,14018.0
2026-08-07 14:57:30.652,15442828,907644,58774448,39.997191,,298.248,0x00,0x00,TEMPERATURE,1,0,OK,15.445,15.444,908.0,58.775,40.0,39.998,0.002,15.443,345.0,14018.0
2026-08-07 14:57:31.487,15443038,907657,58774488,39.997493,,299.083,0x00,0x00,TEMPERATURE,1,0,OK,15.445,15.444,908.0,58.775,40.0,39.998,0.002,15.443,345.0,14018.0
2026-08-07 14:57:32.372,15443250,907670,58774520,39.997735,,299.969,0x00,0x00,TEMPERATURE,1,0,OK,15.445,15.444,908.0,58.775,40.0,39.998,0.002,15.443,345.0,14018.0
2026-08-07 14:57:33.188,15443276,907671,58774512,39.997675,,300.784,0x00,0x00,TEMPERATURE,1,0,OK,15.445,15.444,908.0,58.775,40.0,39.998,0.002,15.443,345.0,14018.0
2026-08-07 14:57:34.023,15443308,907673,58774504,39.997614,,301.620,0x00,0x00,TEMPERATURE,1,0,OK,15.443,15.445,908.0,58.775,40.0,40.0,0.0,15.443,345.0,14020.0
2026-08-07 14:57:34.873,15443332,907674,58774500,39.997584,,302.469,0x00,0x00,TEMPERATURE,1,0,OK,15.443,15.445,908.0,58.775,40.0,40.0,0.0,15.443,345.0,14020.0
2026-08-07 14:57:35.709,15443340,907675,58774496,39.997554,,303.305,0x00,0x00,TEMPERATURE,1,0,OK,15.444,15.444,908.0,58.775,40.0,39.999,0.001,15.443,345.0,14019.0
2026-08-07 14:57:36.523,15443350,907675,58774480,39.997433,,304.120,0x00,0x00,TEMPERATURE,1,0,OK,15.444,15.444,908.0,58.775,40.0,39.999,0.001,15.443,345.0,14019.0
2026-08-07 14:57:37.837,15443522,907685,58774492,39.997524,,305.434,0x00,0x00,TEMPERATURE,1,0,OK,15.446,15.444,908.0,58.774,40.0,39.997,0.003,15.443,345.0,14019.0
2026-08-07 14:57:38.653,15443670,907694,58774496,39.997554,,306.249,0x00,0x00,TEMPERATURE,1,0,OK,15.446,15.444,908.0,58.774,40.0,39.997,0.003,15.443,345.0,14019.0
2026-08-07 14:57:39.488,15443816,907703,58774508,39.997645,,307.085,0x00,0x00,TEMPERATURE,1,0,OK,15.446,15.445,908.0,58.775,40.0,39.998,0.002,15.444,345.0,14021.0
2026-08-07 14:57:40.371,15443958,907711,58774520,39.997735,,307.968,0x00,0x00,TEMPERATURE,1,0,OK,15.446,15.445,908.0,58.775,40.0,39.998,0.002,15.444,345.0,14021.0
2026-08-07 14:57:41.186,15444094,907719,58774532,39.997826,,308.783,0x00,0x00,TEMPERATURE,1,0,OK,15.446,15.445,908.0,58.775,40.0,39.998,0.002,15.444,345.0,14021.0
2026-08-07 14:57:42.022,15444224,907727,58774520,39.997735,,309.619,0x00,0x00,TEMPERATURE,1,0,OK,15.445,15.446,908.0,58.775,40.0,39.998,0.002,15.444,345.0,14022.0
2026-08-07 14:57:42.871,15444350,907734,58774488,39.997493,,310.468,0x00,0x00,TEMPERATURE,1,0,OK,15.445,15.446,908.0,58.775,40.0,39.998,0.002,15.444,345.0,14022.0
2026-08-07 14:57:43.707,15444466,907740,58774468,39.997342,,311.304,0x00,0x00,TEMPERATURE,1,0,OK,15.447,15.446,908.0,58.774,40.0,39.997,0.003,15.444,345.0,14023.0
2026-08-07 14:57:44.522,15444570,907746,58774428,39.997040,,312.119,0x00,0x00,TEMPERATURE,1,0,OK,15.447,15.446,908.0,58.774,40.0,39.997,0.003,15.444,345.0,14023.0
2026-08-07 14:57:45.836,15444676,907751,58774392,39.996768,,313.433,0x00,0x00,TEMPERATURE,1,0,OK,15.45,15.446,908.0,58.774,40.0,39.994,0.006,15.444,345.0,14023.0
2026-08-07 14:57:46.651,15444944,907767,58774400,39.996829,,314.248,0x00,0x00,TEMPERATURE,1,0,OK,15.45,15.446,908.0,58.774,40.0,39.994,0.006,15.444,345.0,14023.0
2026-08-07 14:57:47.487,15445206,907783,58774396,39.996798,,315.083,0x00,0x00,TEMPERATURE,1,0,OK,15.451,15.447,908.0,58.774,40.0,39.994,0.006,15.445,345.0,14025.0
2026-08-07 14:57:48.373,15445458,907797,58774384,39.996708,,315.970,0x00,0x00,TEMPERATURE,1,0,OK,15.451,15.447,908.0,58.774,40.0,39.994,0.006,15.445,345.0,14025.0
2026-08-07 14:57:49.188,15445698,907811,58774364,39.996557,,316.785,0x00,0x00,TEMPERATURE,1,0,OK,15.451,15.447,908.0,58.774,40.0,39.994,0.006,15.445,345.0,14025.0
2026-08-07 14:57:50.024,15445928,907824,58774336,39.996345,,317.621,0x00,0x00,TEMPERATURE,1,0,OK,15.452,15.449,908.0,58.774,40.0,39.994,0.006,15.446,345.0,14028.0
2026-08-07 14:57:50.872,15446138,907836,58774320,39.996224,,318.469,0x00,0x00,TEMPERATURE,1,0,OK,15.452,15.449,908.0,58.774,40.0,39.994,0.006,15.446,345.0,14028.0
2026-08-07 14:57:51.708,15446500,907858,58774332,39.996315,,319.304,0x00,0x00,TEMPERATURE,1,0,OK,15.453,15.45,908.0,58.774,40.0,39.993,0.007,15.446,345.0,14029.0
2026-08-07 14:57:52.523,15446852,907878,58774328,39.996285,,320.120,0x00,0x00,TEMPERATURE,1,0,OK,15.453,15.45,908.0,58.774,40.0,39.993,0.007,15.446,345.0,14029.0
2026-08-07 14:57:53.837,15447168,907897,58774320,39.996224,,321.434,0x00,0x00,TEMPERATURE,1,0,OK,15.452,15.451,908.0,58.774,40.0,39.995,0.005,15.447,345.0,14032.0
2026-08-07 14:57:54.652,15447460,907914,58774312,39.996164,,322.249,0x00,0x00,TEMPERATURE,1,0,OK,15.452,15.451,908.0,58.774,40.0,39.995,0.005,15.447,345.0,14032.0
2026-08-07 14:57:55.487,15447728,907929,58774292,39.996013,,323.084,0x00,0x00,TEMPERATURE,1,0,OK,15.452,15.452,908.0,58.774,40.0,39.995,0.005,15.447,345.0,14034.0
2026-08-07 14:57:56.372,15447998,907945,58774300,39.996073,,323.969,0x00,0x00,TEMPERATURE,1,0,OK,15.452,15.452,908.0,58.774,40.0,39.995,0.005,15.447,345.0,14034.0
2026-08-07 14:57:57.187,15448094,907950,58774244,39.995650,,324.784,0x00,0x00,TEMPERATURE,1,0,OK,15.452,15.452,908.0,58.774,40.0,39.995,0.005,15.447,345.0,14034.0
2026-08-07 14:57:58.023,15448354,907964,58774188,39.995227,,325.620,0x00,0x00,TEMPERATURE,1,0,OK,15.455,15.452,908.0,58.774,40.0,39.993,0.007,15.448,345.0,14033.0
2026-08-07 14:57:58.872,15448610,907979,58774168,39.995076,,326.469,0x00,0x00,TEMPERATURE,1,0,OK,15.455,15.452,908.0,58.774,40.0,39.993,0.007,15.448,345.0,14033.0
2026-08-07 14:57:59.708,15448862,907993,58774128,39.994774,,327.305,0x00,0x00,TEMPERATURE,1,0,OK,15.457,15.453,908.0,58.774,40.0,39.992,0.008,15.449,345.0,14034.0
2026-08-07 14:58:00.523,15449090,908006,58774084,39.994441,,328.120,0x00,0x00,TEMPERATURE,1,0,OK,15.457,15.453,908.0,58.774,40.0,39.992,0.008,15.449,345.0,14034.0
2026-08-07 14:58:01.837,15449476,908029,58774096,39.994532,,329.434,0x00,0x00,TEMPERATURE,1,0,OK,15.459,15.453,908.0,58.774,40.0,39.99,0.01,15.449,345.0,14035.0
2026-08-07 14:58:02.652,15449834,908050,58774116,39.994683,,330.249,0x00,0x00,TEMPERATURE,1,0,OK,15.459,15.453,908.0,58.774,40.0,39.99,0.01,15.449,345.0,14035.0
2026-08-07 14:58:03.487,15450184,908071,58774120,39.994713,,331.084,0x00,0x00,TEMPERATURE,1,0,OK,15.457,15.455,908.0,58.774,40.0,39.993,0.007,15.45,345.0,14039.0
2026-08-07 14:58:04.372,15450516,908090,58774120,39.994713,,331.969,0x00,0x00,TEMPERATURE,1,0,OK,15.457,15.455,908.0,58.774,40.0,39.993,0.007,15.45,345.0,14039.0
2026-08-07 14:58:05.187,15450838,908109,58774108,39.994623,,332.783,0x00,0x00,TEMPERATURE,1,0,OK,15.457,15.455,908.0,58.774,40.0,39.993,0.007,15.45,345.0,14039.0
2026-08-07 14:58:06.023,15451148,908128,58774116,39.994683,,333.619,0x00,0x00,TEMPERATURE,1,0,OK,15.457,15.456,908.0,58.774,40.0,39.994,0.006,15.451,345.0,14041.0
2026-08-07 14:58:06.872,15451448,908145,58774132,39.994804,,334.468,0x00,0x00,TEMPERATURE,1,0,OK,15.457,15.456,908.0,58.774,40.0,39.994,0.006,15.451,345.0,14041.0
2026-08-07 14:58:07.707,15451742,908163,58774132,39.994804,,335.304,0x00,0x00,TEMPERATURE,1,0,OK,15.456,15.457,908.0,58.774,40.0,39.995,0.005,15.451,345.0,14042.0
2026-08-07 14:58:08.523,15452012,908178,58774128,39.994774,,336.119,0x00,0x00,TEMPERATURE,1,0,OK,15.456,15.457,908.0,58.774,40.0,39.995,0.005,15.451,345.0,14042.0
2026-08-07 14:58:09.837,15452262,908194,58774144,39.994895,,337.433,0x00,0x00,TEMPERATURE,1,0,OK,15.457,15.457,908.0,58.774,40.0,39.995,0.005,15.452,345.0,14042.0
2026-08-07 14:58:10.652,15452518,908209,58774160,39.995015,,338.248,0x00,0x00,TEMPERATURE,1,0,OK,15.457,15.457,908.0,58.774,40.0,39.995,0.005,15.452,345.0,14042.0
2026-08-07 14:58:11.488,15452748,908222,58774168,39.995076,,339.084,0x00,0x00,TEMPERATURE,1,0,OK,15.457,15.457,908.0,58.774,40.0,39.996,0.004,15.452,345.0,14042.0
2026-08-07 14:58:12.372,15452978,908236,58774168,39.995076,,339.968,0x00,0x00,TEMPERATURE,1,0,OK,15.457,15.457,908.0,58.774,40.0,39.996,0.004,15.452,345.0,14042.0
2026-08-07 14:58:13.187,15453184,908247,58774128,39.994774,,340.783,0x00,0x00,TEMPERATURE,1,0,OK,15.457,15.457,908.0,58.774,40.0,39.996,0.004,15.452,345.0,14042.0
2026-08-07 14:58:14.023,15453384,908259,58774092,39.994502,,341.619,0x00,0x00,TEMPERATURE,1,0,OK,15.461,15.457,908.0,58.774,40.0,39.993,0.007,15.453,345.0,14042.0
2026-08-07 14:58:14.873,15453738,908279,58774064,39.994290,,342.469,0x00,0x00,TEMPERATURE,1,0,OK,15.461,15.457,908.0,58.774,40.0,39.993,0.007,15.453,345.0,14042.0
2026-08-07 14:58:15.709,15454066,908298,58774032,39.994048,,343.305,0x00,0x00,TEMPERATURE,1,0,OK,15.462,15.458,909.0,58.774,40.0,39.991,0.009,15.454,345.0,14044.0
2026-08-07 14:58:16.524,15454374,908315,58774004,39.993837,,344.120,0x00,0x00,TEMPERATURE,1,0,OK,15.462,15.458,909.0,58.774,40.0,39.991,0.009,15.454,345.0,14044.0
2026-08-07 14:58:17.838,15454840,908343,58774024,39.993988,,345.434,0x00,0x00,TEMPERATURE,1,0,OK,15.464,15.459,909.0,58.774,40.0,39.991,0.009,15.455,345.0,14046.0
2026-08-07 14:58:18.653,15455278,908370,58774064,39.994290,,346.249,0x00,0x00,TEMPERATURE,1,0,OK,15.464,15.459,909.0,58.774,40.0,39.991,0.009,15.455,345.0,14046.0
2026-08-07 14:58:19.489,15455708,908395,58774088,39.994471,,347.085,0x00,0x00,TEMPERATURE,1,0,OK,15.461,15.461,909.0,58.774,40.0,39.994,0.006,15.455,345.0,14050.0
2026-08-07 14:58:20.372,15456120,908420,58774116,39.994683,,347.968,0x00,0x00,TEMPERATURE,1,0,OK,15.461,15.461,909.0,58.774,40.0,39.994,0.006,15.455,345.0,14050.0
2026-08-07 14:58:21.187,15456356,908433,58774084,39.994441,,348.783,0x00,0x00,TEMPERATURE,1,0,OK,15.461,15.461,909.0,58.774,40.0,39.994,0.006,15.455,345.0,14050.0
2026-08-07 14:58:22.023,15456580,908446,58774076,39.994381,,349.619,0x00,0x00,TEMPERATURE,1,0,OK,15.461,15.462,909.0,58.774,40.0,39.995,0.005,15.456,345.0,14052.0
2026-08-07 14:58:22.873,15456786,908458,58774068,39.994320,,350.469,0x00,0x00,TEMPERATURE,1,0,OK,15.461,15.462,909.0,58.774,40.0,39.995,0.005,15.456,345.0,14052.0
2026-08-07 14:58:23.709,15456976,908469,58774036,39.994079,,351.305,0x00,0x00,TEMPERATURE,1,0,OK,15.463,15.461,909.0,58.774,40.0,39.994,0.006,15.456,345.0,14050.0
2026-08-07 14:58:24.524,15457320,908489,58774036,39.994079,,352.120,0x00,0x00,TEMPERATURE,1,0,OK,15.463,15.461,909.0,58.774,40.0,39.994,0.006,15.456,345.0,14050.0
2026-08-07 14:58:25.837,15457646,908508,58774040,39.994109,,353.434,0x00,0x00,TEMPERATURE,1,0,OK,15.463,15.462,909.0,58.774,40.0,39.994,0.006,15.457,345.0,14051.0
2026-08-07 14:58:26.653,15457950,908527,58774080,39.994411,,354.249,0x00,0x00,TEMPERATURE,1,0,OK,15.463,15.462,909.0,58.774,40.0,39.994,0.006,15.457,345.0,14051.0
2026-08-07 14:58:27.488,15458254,908545,58774120,39.994713,,355.084,0x00,0x00,TEMPERATURE,1,0,OK,15.461,15.463,909.0,58.774,40.0,39.997,0.003,15.457,345.0,14053.0
2026-08-07 14:58:28.372,15458364,908552,58774140,39.994864,,355.968,0x00,0x00,TEMPERATURE,1,0,OK,15.461,15.463,909.0,58.774,40.0,39.997,0.003,15.457,345.0,14053.0
2026-08-07 14:58:29.187,15458460,908558,58774168,39.995076,,356.783,0x00,0x00,TEMPERATURE,1,0,OK,15.461,15.463,909.0,58.774,40.0,39.997,0.003,15.457,345.0,14053.0
2026-08-07 14:58:30.023,15458556,908564,58774188,39.995227,,357.619,0x00,0x00,TEMPERATURE,1,0,OK,15.459,15.462,909.0,58.775,40.0,39.998,0.002,15.458,345.0,14051.0
2026-08-07 14:58:30.873,15458632,908568,58774188,39.995227,,358.469,0x00,0x00,TEMPERATURE,1,0,OK,15.459,15.462,909.0,58.775,40.0,39.998,0.002,15.458,345.0,14051.0
2026-08-07 14:58:31.709,15458704,908573,58774192,39.995257,,359.305,0x00,0x00,TEMPERATURE,1,0,OK,15.46,15.461,909.0,58.775,40.0,39.998,0.002,15.458,345.0,14050.0
2026-08-07 14:58:32.524,15458776,908577,58774180,39.995167,,360.120,0x00,0x00,TEMPERATURE,1,0,OK,15.46,15.461,909.0,58.775,40.0,39.998,0.002,15.458,345.0,14050.0
2026-08-07 14:58:33.838,15458852,908581,58774188,39.995227,,361.434,0x00,0x00,TEMPERATURE,1,0,OK,15.461,15.461,909.0,58.774,40.0,39.997,0.003,15.458,345.0,14049.0
2026-08-07 14:58:34.652,15458914,908585,58774188,39.995227,,362.249,0x00,0x00,TEMPERATURE,1,0,OK,15.461,15.461,909.0,58.774,40.0,39.997,0.003,15.458,345.0,14049.0
2026-08-07 14:58:35.489,15458978,908589,58774184,39.995197,,363.085,0x00,0x00,TEMPERATURE,1,0,OK,15.462,15.46,909.0,58.774,40.0,39.996,0.004,15.458,345.0,14048.0
2026-08-07 14:58:36.373,15459042,908593,58774180,39.995167,,363.969,0x00,0x00,TEMPERATURE,1,0,OK,15.462,15.46,909.0,58.774,40.0,39.996,0.004,15.458,345.0,14048.0
2026-08-07 14:58:37.188,15459096,908595,58774160,39.995015,,364.784,0x00,0x00,TEMPERATURE,1,0,OK,15.462,15.46,909.0,58.774,40.0,39.996,0.004,15.458,345.0,14048.0
2026-08-07 14:58:38.023,15459318,908609,58774180,39.995167,,365.620,0x00,0x00,TEMPERATURE,1,0,OK,15.465,15.46,909.0,58.774,40.0,39.994,0.006,15.459,345.0,14048.0
2026-08-07 14:58:38.872,15459532,908621,58774172,39.995106,,366.469,0x00,0x00,TEMPERATURE,1,0,OK,15.465,15.46,909.0,58.774,40.0,39.994,0.006,15.459,345.0,14048.0
2026-08-07 14:58:39.708,15459736,908633,58774172,39.995106,,367.305,0x00,0x00,TEMPERATURE,1,0,OK,15.465,15.462,909.0,58.774,40.0,39.994,0.006,15.459,345.0,14051.0
2026-08-07 14:58:40.523,15459938,908645,58774164,39.995046,,368.120,0x00,0x00,TEMPERATURE,1,0,OK,15.465,15.462,909.0,58.774,40.0,39.994,0.006,15.459,345.0,14051.0
2026-08-07 14:58:41.837,15460120,908656,58774164,39.995046,,369.434,0x00,0x00,TEMPERATURE,1,0,OK,15.466,15.463,909.0,58.774,40.0,39.993,0.007,15.46,345.0,14052.0
2026-08-07 14:58:42.652,15460460,908676,58774168,39.995076,,370.249,0x00,0x00,TEMPERATURE,1,0,OK,15.466,15.463,909.0,58.774,40.0,39.993,0.007,15.46,345.0,14052.0
2026-08-07 14:58:43.488,15460786,908694,58774140,39.994864,,371.085,0x00,0x00,TEMPERATURE,1,0,OK,15.467,15.464,909.0,58.774,40.0,39.993,0.007,15.461,345.0,14055.0
2026-08-07 14:58:44.372,15461100,908712,58774076,39.994381,,371.969,0x00,0x00,TEMPERATURE,1,0,OK,15.467,15.464,909.0,58.774,40.0,39.993,0.007,15.461,345.0,14055.0
2026-08-07 14:58:45.187,15461398,908728,58773992,39.993746,,372.784,0x00,0x00,TEMPERATURE,1,0,OK,15.467,15.464,909.0,58.774,40.0,39.993,0.007,15.461,345.0,14055.0
2026-08-07 14:58:46.023,15461844,908754,58773976,39.993625,,373.619,0x00,0x00,TEMPERATURE,1,0,OK,15.475,15.466,909.0,58.773,40.0,39.987,0.013,15.462,345.0,14058.0
2026-08-07 14:58:46.872,15462264,908778,58773952,39.993444,,374.469,0x00,0x00,TEMPERATURE,1,0,OK,15.475,15.466,909.0,58.773,40.0,39.987,0.013,15.462,345.0,14058.0
2026-08-07 14:58:47.708,15462820,908812,58774008,39.993867,,375.305,0x00,0x00,TEMPERATURE,1,0,OK,15.473,15.468,909.0,58.773,40.0,39.99,0.01,15.463,345.0,14062.0
2026-08-07 14:58:48.523,15463348,908844,58774052,39.994199,,376.120,0x00,0x00,TEMPERATURE,1,0,OK,15.473,15.468,909.0,58.773,40.0,39.99,0.01,15.463,345.0,14062.0
2026-08-07 14:58:49.837,15463698,908864,58774068,39.994320,,377.434,0x00,0x00,TEMPERATURE,1,0,OK,15.469,15.47,909.0,58.774,40.0,39.995,0.006,15.463,345.0,14066.0
2026-08-07 14:58:50.652,15464026,908884,58774076,39.994381,,378.249,0x00,0x00,TEMPERATURE,1,0,OK,15.469,15.47,909.0,58.774,40.0,39.995,0.006,15.463,345.0,14066.0
2026-08-07 14:58:51.487,15464338,908902,58774084,39.994441,,379.084,0x00,0x00,TEMPERATURE,1,0,OK,15.467,15.471,909.0,58.774,40.0,39.996,0.004,15.464,345.0,14067.0
2026-08-07 14:58:52.372,15464640,908920,58774092,39.994502,,379.969,0x00,0x00,TEMPERATURE,1,0,OK,15.467,15.471,909.0,58.774,40.0,39.996,0.004,15.464,345.0,14067.0
2026-08-07 14:58:53.187,15464924,908937,58774104,39.994592,,380.784,0x00,0x00,TEMPERATURE,1,0,OK,15.467,15.471,909.0,58.774,40.0,39.996,0.004,15.464,345.0,14067.0
2026-08-07 14:58:54.023,15465196,908953,58774096,39.994532,,381.620,0x00,0x00,TEMPERATURE,1,0,OK,15.469,15.47,909.0,58.774,40.0,39.996,0.004,15.464,345.0,14067.0
2026-08-07 14:58:54.872,15465458,908968,58774108,39.994623,,382.469,0x00,0x00,TEMPERATURE,1,0,OK,15.469,15.47,909.0,58.774,40.0,39.996,0.004,15.464,345.0,14067.0
2026-08-07 14:58:55.708,15465532,908972,58774080,39.994411,,383.305,0x00,0x00,TEMPERATURE,1,0,OK,15.469,15.47,909.0,58.774,40.0,39.996,0.004,15.465,345.0,14067.0
2026-08-07 14:58:56.523,15465600,908976,58774052,39.994199,,384.120,0x00,0x00,TEMPERATURE,1,0,OK,15.469,15.47,909.0,58.774,40.0,39.996,0.004,15.465,345.0,14067.0
2026-08-07 14:58:57.837,15465812,908988,58774060,39.994260,,385.434,0x00,0x00,TEMPERATURE,1,0,OK,15.471,15.469,909.0,58.774,40.0,39.994,0.006,15.465,345.0,14064.0
2026-08-07 14:58:58.652,15466030,909001,58774036,39.994079,,386.248,0x00,0x00,TEMPERATURE,1,0,OK,15.471,15.469,909.0,58.774,40.0,39.994,0.006,15.465,345.0,14064.0
2026-08-07 14:58:59.487,15466242,909013,58774004,39.993837,,387.084,0x00,0x00,TEMPERATURE,1,0,OK,15.471,15.47,909.0,58.774,40.0,39.994,0.006,15.466,345.0,14065.0
2026-08-07 14:59:00.372,15466432,909024,58774004,39.993837,,387.968,0x00,0x00,TEMPERATURE,1,0,OK,15.471,15.47,909.0,58.774,40.0,39.994,0.006,15.466,345.0,14065.0
2026-08-07 14:59:01.187,15466612,909035,58774012,39.993897,,388.784,0x00,0x00,TEMPERATURE,1,0,OK,15.471,15.47,909.0,58.774,40.0,39.994,0.006,15.466,345.0,14065.0
2026-08-07 14:59:02.023,15466788,909046,58774028,39.994018,,389.620,0x00,0x00,TEMPERATURE,1,0,OK,15.472,15.47,909.0,58.774,40.0,39.994,0.006,15.466,345.0,14066.0
2026-08-07 14:59:02.872,15466974,909057,58774048,39.994169,,390.468,0x00,0x00,TEMPERATURE,1,0,OK,15.472,15.47,909.0,58.774,40.0,39.994,0.006,15.466,345.0,14066.0
2026-08-07 14:59:03.708,15467160,909068,58774060,39.994260,,391.305,0x00,0x00,TEMPERATURE,1,0,OK,15.472,15.47,909.0,58.774,40.0,39.995,0.005,15.467,345.0,14066.0
2026-08-07 14:59:04.523,15467500,909089,58774116,39.994683,,392.120,0x00,0x00,TEMPERATURE,1,0,OK,15.472,15.47,909.0,58.774,40.0,39.995,0.005,15.467,345.0,14066.0
2026-08-07 14:59:05.837,15467644,909097,58774112,39.994653,,393.434,0x00,0x00,TEMPERATURE,1,0,OK,15.471,15.471,909.0,58.774,40.0,39.996,0.004,15.467,345.0,14068.0
2026-08-07 14:59:06.652,15467760,909104,58774104,39.994592,,394.248,0x00,0x00,TEMPERATURE,1,0,OK,15.471,15.471,909.0,58.774,40.0,39.996,0.004,15.467,345.0,14068.0
2026-08-07 14:59:07.488,15468030,909120,58774136,39.994834,,395.084,0x00,0x00,TEMPERATURE,1,0,OK,15.472,15.471,909.0,58.774,40.0,39.995,0.005,15.468,345.0,14068.0
2026-08-07 14:59:08.372,15468290,909136,58774148,39.994925,,395.969,0x00,0x00,TEMPERATURE,1,0,OK,15.472,15.471,909.0,58.774,40.0,39.995,0.005,15.468,345.0,14068.0
2026-08-07 14:59:09.187,15468550,909151,58774160,39.995015,,396.783,0x00,0x00,TEMPERATURE,1,0,OK,15.472,15.471,909.0,58.774,40.0,39.995,0.005,15.468,345.0,14068.0
2026-08-07 14:59:10.023,15468804,909166,58774168,39.995076,,397.619,0x00,0x00,TEMPERATURE,1,0,OK,15.472,15.472,909.0,58.774,40.0,39.996,0.004,15.468,345.0,14070.0
2026-08-07 14:59:10.872,15469060,909181,58774172,39.995106,,398.469,0x00,0x00,TEMPERATURE,1,0,OK,15.472,15.472,909.0,58.774,40.0,39.996,0.004,15.468,345.0,14070.0
2026-08-07 14:59:11.708,15469304,909196,58774200,39.995318,,399.304,0x00,0x00,TEMPERATURE,1,0,OK,15.472,15.473,909.0,58.774,40.0,39.997,0.003,15.469,345.0,14071.0
2026-08-07 14:59:12.523,15469372,909200,58774176,39.995136,,400.119,0x00,0x00,TEMPERATURE,1,0,OK,15.472,15.473,909.0,58.774,40.0,39.997,0.003,15.469,345.0,14071.0
2026-08-07 14:59:13.837,15469602,909214,58774212,39.995408,,401.433,0x00,0x00,TEMPERATURE,1,0,OK,15.473,15.473,909.0,58.774,40.0,39.996,0.004,15.469,345.0,14071.0
2026-08-07 14:59:14.652,15469810,909226,58774240,39.995620,,402.248,0x00,0x00,TEMPERATURE,1,0,OK,15.473,15.473,909.0,58.774,40.0,39.996,0.004,15.469,345.0,14071.0
2026-08-07 14:59:15.488,15470014,909239,58774260,39.995771,,403.084,0x00,0x00,TEMPERATURE,1,0,OK,15.472,15.473,909.0,58.774,40.0,39.997,0.003,15.469,345.0,14071.0
2026-08-07 14:59:16.373,15470044,909240,58774240,39.995620,,403.969,0x00,0x00,TEMPERATURE,1,0,OK,15.472,15.473,909.0,58.774,40.0,39.997,0.003,15.469,345.0,14071.0
2026-08-07 14:59:17.188,15470064,909241,58774224,39.995499,,404.784,0x00,0x00,TEMPERATURE,1,0,OK,15.472,15.473,909.0,58.774,40.0,39.997,0.003,15.469,345.0,14071.0
2026-08-07 14:59:18.024,15470260,909253,58774264,39.995801,,405.620,0x00,0x00,TEMPERATURE,1,0,OK,15.474,15.472,909.0,58.774,40.0,39.996,0.004,15.47,345.0,14070.0
2026-08-07 14:59:18.873,15470444,909265,58774324,39.996254,,406.469,0x00,0x00,TEMPERATURE,1,0,OK,15.474,15.472,909.0,58.774,40.0,39.996,0.004,15.47,345.0,14070.0
2026-08-07 14:59:19.709,15470452,909265,58774312,39.996164,,407.305,0x00,0x00,TEMPERATURE,1,0,OK,15.471,15.473,909.0,58.775,40.0,39.999,0.001,15.47,345.0,14071.0
2026-08-07 14:59:20.524,15470458,909265,58774304,39.996103,,408.120,0x00,0x00,TEMPERATURE,1,0,OK,15.471,15.473,909.0,58.775,40.0,39.999,0.001,15.47,345.0,14071.0
2026-08-07 14:59:21.838,15470620,909275,58774332,39.996315,,409.434,0x00,0x00,TEMPERATURE,1,0,OK,15.473,15.472,909.0,58.774,40.0,39.997,0.003,15.47,345.0,14069.0
2026-08-07 14:59:22.653,15470754,909284,58774360,39.996526,,410.249,0x00,0x00,TEMPERATURE,1,0,OK,15.473,15.472,909.0,58.774,40.0,39.997,0.003,15.47,345.0,14069.0
2026-08-07 14:59:23.488,15470880,909292,58774396,39.996798,,411.084,0x00,0x00,TEMPERATURE,1,0,OK,15.473,15.472,909.0,58.775,40.0,39.998,0.002,15.47,345.0,14070.0
2026-08-07 14:59:24.373,15471010,909300,58774440,39.997131,,411.969,0x00,0x00,TEMPERATURE,1,0,OK,15.473,15.472,909.0,58.775,40.0,39.998,0.002,15.47,345.0,14070.0
2026-08-07 14:59:25.188,15471132,909308,58774484,39.997463,,412.784,0x00,0x00,TEMPERATURE,1,0,OK,15.473,15.472,909.0,58.775,40.0,39.998,0.002,15.47,345.0,14070.0
2026-08-07 14:59:26.024,15471092,909306,58774492,39.997524,,413.620,0x00,0x00,TEMPERATURE,1,0,OK,15.469,15.473,909.0,58.775,40.0,40.001,-0.001,15.47,345.0,14072.0
2026-08-07 14:59:26.873,15471052,909303,58774492,39.997524,,414.469,0x00,0x00,TEMPERATURE,1,0,OK,15.469,15.473,909.0,58.775,40.0,40.001,-0.001,15.47,345.0,14072.0
2026-08-07 14:59:27.709,15471022,909301,58774492,39.997524,,415.305,0x00,0x00,TEMPERATURE,1,0,OK,15.471,15.472,909.0,58.775,40.0,40.0,0.0,15.47,345.0,14069.0
2026-08-07 14:59:28.524,15470996,909300,58774500,39.997584,,416.120,0x00,0x00,TEMPERATURE,1,0,OK,15.471,15.472,909.0,58.775,40.0,40.0,0.0,15.47,345.0,14069.0
2026-08-07 14:59:29.838,15470972,909299,58774516,39.997705,,417.434,0x00,0x00,TEMPERATURE,1,0,OK,15.469,15.471,909.0,58.775,40.0,40.001,-0.001,15.47,345.0,14068.0
2026-08-07 14:59:30.652,15470938,909297,58774532,39.997826,,418.249,0x00,0x00,TEMPERATURE,1,0,OK,15.469,15.471,909.0,58.775,40.0,40.001,-0.001,15.47,345.0,14068.0
2026-08-07 14:59:31.489,15470916,909296,58774548,39.997947,,419.085,0x00,0x00,TEMPERATURE,1,0,OK,15.469,15.471,909.0,58.775,40.0,40.001,-0.001,15.47,345.0,14067.0
2026-08-07 14:59:32.371,15470894,909295,58774560,39.998037,,419.968,0x00,0x00,TEMPERATURE,1,0,OK,15.469,15.471,909.0,58.775,40.0,40.001,-0.001,15.47,345.0,14067.0
2026-08-07 14:59:33.186,15470874,909294,58774564,39.998068,,420.783,0x00,0x00,TEMPERATURE,1,0,OK,15.469,15.471,909.0,58.775,40.0,40.001,-0.001,15.47,345.0,14067.0
2026-08-07 14:59:34.023,15470858,909293,58774596,39.998309,,421.619,0x00,0x00,TEMPERATURE,1,0,OK,15.47,15.471,909.0,58.775,40.0,40.0,0.0,15.47,345.0,14067.0
2026-08-07 14:59:34.871,15470844,909293,58774632,39.998581,,422.468,0x00,0x00,TEMPERATURE,1,0,OK,15.47,15.471,909.0,58.775,40.0,40.0,0.0,15.47,345.0,14067.0
2026-08-07 14:59:35.707,15470658,909282,58774628,39.998551,,423.304,0x00,0x00,TEMPERATURE,1,0,OK,15.468,15.471,909.0,58.775,40.0,40.002,-0.002,15.47,345.0,14067.0
2026-08-07 14:59:36.523,15470486,909272,58774612,39.998430,,424.119,0x00,0x00,TEMPERATURE,1,0,OK,15.468,15.471,909.0,58.775,40.0,40.002,-0.002,15.47,345.0,14067.0
2026-08-07 14:59:37.836,15470480,909272,58774628,39.998551,,425.433,0x00,0x00,TEMPERATURE,1,0,OK,15.47,15.469,909.0,58.775,40.0,40.0,0.0,15.47,345.0,14064.0
2026-08-07 14:59:38.651,15470482,909272,58774640,39.998642,,426.248,0x00,0x00,TEMPERATURE,1,0,OK,15.47,15.469,909.0,58.775,40.0,40.0,0.0,15.47,345.0,14064.0
2026-08-07 14:59:39.487,15470476,909272,58774672,39.998884,,427.084,0x00,0x00,TEMPERATURE,1,0,OK,15.47,15.469,909.0,58.775,40.0,40.0,0.0,15.47,345.0,14065.0
2026-08-07 14:59:40.372,15470474,909273,58774716,39.999216,,427.969,0x00,0x00,TEMPERATURE,1,0,OK,15.47,15.469,909.0,58.775,40.0,40.0,0.0,15.47,345.0,14065.0
2026-08-07 14:59:41.187,15470468,909273,58774748,39.999458,,428.784,0x00,0x00,TEMPERATURE,1,0,OK,15.47,15.469,909.0,58.775,40.0,40.0,0.0,15.47,345.0,14065.0
2026-08-07 14:59:42.023,15470454,909272,58774776,39.999669,,429.620,0x00,0x00,TEMPERATURE,1,0,OK,15.468,15.47,909.0,58.775,40.0,40.002,-0.002,15.47,345.0,14066.0
2026-08-07 14:59:42.872,15470278,909262,58774748,39.999458,,430.469,0x00,0x00,TEMPERATURE,1,0,OK,15.468,15.47,909.0,58.775,40.0,40.002,-0.002,15.47,345.0,14066.0
2026-08-07 14:59:43.708,15470098,909251,58774732,39.999337,,431.305,0x00,0x00,TEMPERATURE,1,0,OK,15.469,15.469,909.0,58.775,40.0,40.001,-0.001,15.47,345.0,14065.0
2026-08-07 14:59:44.523,15470090,909251,58774744,39.999428,,432.119,0x00,0x00,TEMPERATURE,1,0,OK,15.469,15.469,909.0,58.775,40.0,40.001,-0.001,15.47,345.0,14065.0
2026-08-07 14:59:45.837,15469912,909240,58774740,39.999397,,433.434,0x00,0x00,TEMPERATURE,1,0,OK,15.469,15.469,909.0,58.775,40.0,40.001,-0.001,15.47,345.0,14064.0
2026-08-07 14:59:46.652,15469908,909240,58774780,39.999700,,434.249,0x00,0x00,TEMPERATURE,1,0,OK,15.469,15.469,909.0,58.775,40.0,40.001,-0.001,15.47,345.0,14064.0
2026-08-07 14:59:47.488,15469908,909241,58774808,39.999911,,435.085,0x00,0x00,TEMPERATURE,1,0,OK,15.468,15.469,909.0,58.775,40.0,40.001,-0.001,15.47,345.0,14064.0
2026-08-07 14:59:48.372,15469756,909232,58774788,39.999760,,435.969,0x00,0x00,TEMPERATURE,1,0,OK,15.468,15.469,909.0,58.775,40.0,40.001,-0.001,15.47,345.0,14064.0
2026-08-07 14:59:49.187,15469606,909223,58774764,39.999579,,436.784,0x00,0x00,TEMPERATURE,1,0,OK,15.468,15.469,909.0,58.775,40.0,40.001,-0.001,15.47,345.0,14064.0
2026-08-07 14:59:50.023,15469628,909224,58774792,39.999790,,437.620,0x00,0x00,TEMPERATURE,1,0,OK,15.47,15.468,909.0,58.775,40.0,40.0,0.0,15.47,345.0,14063.0
2026-08-07 14:59:50.872,15469658,909226,58774812,39.999941,,438.469,0x00,0x00,TEMPERATURE,1,0,OK,15.47,15.468,909.0,58.775,40.0,40.0,0.0,15.47,345.0,14063.0
2026-08-07 14:59:51.708,15469690,909229,58774840,40.000153,,439.305,0x00,0x00,TEMPERATURE,1,0,OK,15.468,15.469,909.0,58.775,40.0,40.002,-0.002,15.469,345.0,14064.0
2026-08-07 14:59:52.523,15469574,909222,58774836,40.000123,,440.119,0x00,0x00,TEMPERATURE,1,0,OK,15.468,15.469,909.0,58.775,40.0,40.002,-0.002,15.469,345.0,14064.0
2026-08-07 14:59:53.837,15469466,909215,58774832,40.000092,,441.434,0x00,0x00,TEMPERATURE,1,0,OK,15.467,15.469,909.0,58.775,40.0,40.002,-0.002,15.469,345.0,14064.0
2026-08-07 14:59:54.652,15469352,909209,58774836,40.000123,,442.249,0x00,0x00,TEMPERATURE,1,0,OK,15.467,15.469,909.0,58.775,40.0,40.002,-0.002,15.469,345.0,14064.0
2026-08-07 14:59:55.488,15469234,909202,58774840,40.000153,,443.085,0x00,0x00,TEMPERATURE,1,0,OK,15.467,15.468,909.0,58.775,40.0,40.002,-0.002,15.469,345.0,14062.0
2026-08-07 14:59:56.372,15469132,909196,58774832,40.000092,,443.969,0x00,0x00,TEMPERATURE,1,0,OK,15.467,15.468,909.0,58.775,40.0,40.002,-0.002,15.469,345.0,14062.0
2026-08-07 14:59:57.187,15469022,909189,58774828,40.000062,,444.783,0x00,0x00,TEMPERATURE,1,0,OK,15.467,15.468,909.0,58.775,40.0,40.002,-0.002,15.469,345.0,14062.0
2026-08-07 14:59:58.023,15468906,909182,58774816,39.999971,,445.620,0x00,0x00,TEMPERATURE,1,0,OK,15.469,15.467,909.0,58.775,40.0,40.0,0.0,15.469,345.0,14061.0
2026-08-07 14:59:58.872,15468794,909175,58774784,39.999730,,446.469,0x00,0x00,TEMPERATURE,1,0,OK,15.469,15.467,909.0,58.775,40.0,40.0,0.0,15.469,345.0,14061.0
2026-08-07 14:59:59.708,15468682,909168,58774752,39.999488,,447.305,0x00,0x00,TEMPERATURE,1,0,OK,15.471,15.467,909.0,58.775,40.0,39.999,0.001,15.469,345.0,14061.0
2026-08-07 15:00:00.523,15468742,909171,58774732,39.999337,,448.120,0x00,0x00,TEMPERATURE,1,0,OK,15.471,15.467,909.0,58.775,40.0,39.999,0.001,15.469,345.0,14061.0
2026-08-07 15:00:01.837,15468800,909174,58774696,39.999065,,449.433,0x00,0x00,TEMPERATURE,1,0,OK,15.473,15.468,909.0,58.774,40.0,39.996,0.004,15.469,345.0,14062.0
2026-08-07 15:00:02.652,15469028,909187,58774692,39.999035,,450.249,0x00,0x00,TEMPERATURE,1,0,OK,15.473,15.468,909.0,58.774,40.0,39.996,0.004,15.469,345.0,14062.0
2026-08-07 15:00:03.488,15469258,909201,58774680,39.998944,,451.085,0x00,0x00,TEMPERATURE,1,0,OK,15.475,15.47,909.0,58.774,40.0,39.995,0.005,15.47,345.0,14066.0
2026-08-07 15:00:04.372,15469480,909214,58774676,39.998914,,451.969,0x00,0x00,TEMPERATURE,1,0,OK,15.475,15.47,909.0,58.774,40.0,39.995,0.005,15.47,345.0,14066.0
2026-08-07 15:00:05.187,15469696,909227,58774684,39.998974,,452.783,0x00,0x00,TEMPERATURE,1,0,OK,15.475,15.47,909.0,58.774,40.0,39.995,0.005,15.47,345.0,14066.0
2026-08-07 15:00:06.023,15469890,909238,58774684,39.998974,,453.619,0x00,0x00,TEMPERATURE,1,0,OK,15.474,15.472,909.0,58.774,40.0,39.997,0.003,15.47,345.0,14070.0
2026-08-07 15:00:06.872,15470066,909249,58774700,39.999095,,454.468,0x00,0x00,TEMPERATURE,1,0,OK,15.474,15.472,909.0,58.774,40.0,39.997,0.003,15.47,345.0,14070.0
2026-08-07 15:00:07.708,15470234,909258,58774696,39.999065,,455.304,0x00,0x00,TEMPERATURE,1,0,OK,15.472,15.473,909.0,58.775,40.0,39.998,0.002,15.471,345.0,14071.0
2026-08-07 15:00:08.523,15470406,909269,58774700,39.999095,,456.119,0x00,0x00,TEMPERATURE,1,0,OK,15.472,15.473,909.0,58.775,40.0,39.998,0.002,15.471,345.0,14071.0
2026-08-07 15:00:09.837,15470578,909279,58774744,39.999428,,457.433,0x00,0x00,TEMPERATURE,1,0,OK,15.471,15.473,909.0,58.775,40.0,40.0,0.0,15.471,345.0,14072.0
2026-08-07 15:00:10.652,15470718,909288,58774772,39.999639,,458.248,0x00,0x00,TEMPERATURE,1,0,OK,15.471,15.473,909.0,58.775,40.0,40.0,0.0,15.471,345.0,14072.0
2026-08-07 15:00:11.488,15470854,909296,58774800,39.999851,,459.084,0x00,0x00,TEMPERATURE,1,0,OK,15.468,15.473,909.0,58.775,40.0,40.002,-0.002,15.47,345.0,14072.0
2026-08-07 15:00:12.372,15470824,909294,58774788,39.999760,,459.968,0x00,0x00,TEMPERATURE,1,0,OK,15.468,15.473,909.0,58.775,40.0,40.002,-0.002,15.47,345.0,14072.0
2026-08-07 15:00:13.187,15470802,909293,58774756,39.999518,,460.783,0x00,0x00,TEMPERATURE,1,0,OK,15.468,15.473,909.0,58.775,40.0,40.002,-0.002,15.47,345.0,14072.0
2026-08-07 15:00:14.023,15470774,909291,58774752,39.999488,,461.619,0x00,0x00,TEMPERATURE,1,0,OK,15.47,15.472,909.0,58.775,40.0,40.0,0.0,15.47,345.0,14070.0
2026-08-07 15:00:14.873,15470752,909290,58774756,39.999518,,462.469,0x00,0x00,TEMPERATURE,1,0,OK,15.47,15.472,909.0,58.775,40.0,40.0,0.0,15.47,345.0,14070.0
2026-08-07 15:00:15.709,15470712,909287,58774744,39.999428,,463.305,0x00,0x00,TEMPERATURE,1,0,OK,15.471,15.471,909.0,58.775,40.0,40.0,0.0,15.47,345.0,14068.0
2026-08-07 15:00:16.524,15470662,909284,58774740,39.999397,,464.120,0x00,0x00,TEMPERATURE,1,0,OK,15.471,15.471,909.0,58.775,40.0,40.0,0.0,15.47,345.0,14068.0
2026-08-07 15:00:17.838,15470614,909281,58774744,39.999428,,465.434,0x00,0x00,TEMPERATURE,1,0,OK,15.471,15.471,909.0,58.775,40.0,39.999,0.001,15.47,345.0,14067.0
2026-08-07 15:00:18.653,15470562,909279,58774752,39.999488,,466.249,0x00,0x00,TEMPERATURE,1,0,OK,15.471,15.471,909.0,58.775,40.0,39.999,0.001,15.47,345.0,14067.0
2026-08-07 15:00:19.489,15470512,909276,58774760,39.999548,,467.085,0x00,0x00,TEMPERATURE,1,0,OK,15.471,15.47,909.0,58.775,40.0,40.0,0.0,15.47,345.0,14066.0
2026-08-07 15:00:20.372,15470470,909273,58774776,39.999669,,467.968,0x00,0x00,TEMPERATURE,1,0,OK,15.471,15.47,909.0,58.775,40.0,40.0,0.0,15.47,345.0,14066.0
2026-08-07 15:00:21.187,15470428,909271,58774784,39.999730,,468.783,0x00,0x00,TEMPERATURE,1,0,OK,15.471,15.47,909.0,58.775,40.0,40.0,0.0,15.47,345.0,14066.0
2026-08-07 15:00:22.023,15470406,909270,58774784,39.999730,,469.619,0x00,0x00,TEMPERATURE,1,0,OK,15.47,15.47,909.0,58.775,40.0,40.001,-0.001,15.47,345.0,14066.0
2026-08-07 15:00:22.873,15470396,909269,58774768,39.999609,,470.469,0x00,0x00,TEMPERATURE,1,0,OK,15.47,15.47,909.0,58.775,40.0,40.001,-0.001,15.47,345.0,14066.0
2026-08-07 15:00:23.709,15470388,909269,58774776,39.999669,,471.305,0x00,0x00,TEMPERATURE,1,0,OK,15.471,15.47,909.0,58.775,40.0,40.0,0.0,15.47,345.0,14066.0
2026-08-07 15:00:24.524,15470392,909269,58774776,39.999669,,472.120,0x00,0x00,TEMPERATURE,1,0,OK,15.471,15.47,909.0,58.775,40.0,40.0,0.0,15.47,345.0,14066.0
2026-08-07 15:00:25.838,15470370,909267,58774752,39.999488,,473.434,0x00,0x00,TEMPERATURE,1,0,OK,15.471,15.47,909.0,58.775,40.0,40.0,0.0,15.47,345.0,14066.0
2026-08-07 15:00:26.653,15470346,909266,58774752,39.999488,,474.249,0x00,0x00,TEMPERATURE,1,0,OK,15.471,15.47,909.0,58.775,40.0,40.0,0.0,15.47,345.0,14066.0
2026-08-07 15:00:27.489,15470328,909265,58774744,39.999428,,475.085,0x00,0x00,TEMPERATURE,1,0,OK,15.471,15.47,909.0,58.775,40.0,40.0,0.0,15.471,345.0,14066.0
2026-08-07 15:00:28.373,15470486,909275,58774784,39.999730,,475.969,0x00,0x00,TEMPERATURE,1,0,OK,15.471,15.47,909.0,58.775,40.0,40.0,0.0,15.471,345.0,14066.0
2026-08-07 15:00:29.188,15470464,909273,58774796,39.999820,,476.784,0x00,0x00,TEMPERATURE,1,0,OK,15.471,15.47,909.0,58.775,40.0,40.0,0.0,15.471,345.0,14066.0
2026-08-07 15:00:30.024,15470426,909271,58774796,39.999820,,477.620,0x00,0x00,TEMPERATURE,1,0,OK,15.47,15.471,909.0,58.775,40.0,40.001,-0.001,15.47,345.0,14067.0
2026-08-07 15:00:30.872,15470400,909270,58774812,39.999941,,478.469,0x00,0x00,TEMPERATURE,1,0,OK,15.47,15.471,909.0,58.775,40.0,40.001,-0.001,15.47,345.0,14067.0
2026-08-07 15:00:31.709,15470392,909270,58774828,40.000062,,479.305,0x00,0x00,TEMPERATURE,1,0,OK,15.469,15.47,909.0,58.775,40.0,40.001,-0.001,15.47,345.0,14067.0
2026-08-07 15:00:32.523,15470382,909269,58774840,40.000153,,480.120,0x00,0x00,TEMPERATURE,1,0,OK,15.469,15.47,909.0,58.775,40.0,40.001,-0.001,15.47,345.0,14067.0
2026-08-07 15:00:33.838,15470356,909268,58774836,40.000123,,481.434,0x00,0x00,TEMPERATURE,1,0,OK,15.469,15.47,909.0,58.775,40.0,40.002,-0.002,15.47,345.0,14067.0
2026-08-07 15:00:34.653,15470330,909266,58774828,40.000062,,482.249,0x00,0x00,TEMPERATURE,1,0,OK,15.469,15.47,909.0,58.775,40.0,40.002,-0.002,15.47,345.0,14067.0
2026-08-07 15:00:35.488,15470302,909264,58774828,40.000062,,483.085,0x00,0x00,TEMPERATURE,1,0,OK,15.471,15.47,909.0,58.775,40.0,39.999,0.001,15.47,345.0,14066.0
2026-08-07 15:00:36.373,15470290,909264,58774828,40.000062,,483.969,0x00,0x00,TEMPERATURE,1,0,OK,15.471,15.47,909.0,58.775,40.0,39.999,0.001,15.47,345.0,14066.0
2026-08-07 15:00:37.187,15470272,909263,58774828,40.000062,,484.784,0x00,0x00,TEMPERATURE,1,0,OK,15.471,15.47,909.0,58.775,40.0,39.999,0.001,15.47,345.0,14066.0
2026-08-07 15:00:38.023,15470258,909262,58774816,39.999971,,485.620,0x00,0x00,TEMPERATURE,1,0,OK,15.47,15.47,909.0,58.775,40.0,40.0,0.0,15.47,345.0,14066.0
2026-08-07 15:00:38.871,15470240,909261,58774816,39.999971,,486.468,0x00,0x00,TEMPERATURE,1,0,OK,15.47,15.47,909.0,58.775,40.0,40.0,0.0,15.47,345.0,14066.0
2026-08-07 15:00:39.707,15470218,909259,58774812,39.999941,,487.304,0x00,0x00,TEMPERATURE,1,0,OK,15.47,15.47,909.0,58.775,40.0,40.0,0.0,15.47,345.0,14066.0
2026-08-07 15:00:40.523,15470198,909258,58774804,39.999881,,488.119,0x00,0x00,TEMPERATURE,1,0,OK,15.47,15.47,909.0,58.775,40.0,40.0,0.0,15.47,345.0,14066.0
2026-08-07 15:00:41.836,15470174,909256,58774784,39.999730,,489.433,0x00,0x00,TEMPERATURE,1,0,OK,15.471,15.47,909.0,58.775,40.0,40.0,0.0,15.47,345.0,14066.0
2026-08-07 15:00:42.651,15470150,909255,58774788,39.999760,,490.248,0x00,0x00,TEMPERATURE,1,0,OK,15.471,15.47,909.0,58.775,40.0,40.0,0.0,15.47,345.0,14066.0
2026-08-07 15:00:43.487,15470138,909254,58774804,39.999881,,491.084,0x00,0x00,TEMPERATURE,1,0,OK,15.47,15.47,909.0,58.775,40.0,40.0,0.0,15.47,345.0,14066.0
2026-08-07 15:00:44.372,15470120,909254,58774824,40.000032,,491.969,0x00,0x00,TEMPERATURE,1,0,OK,15.47,15.47,909.0,58.775,40.0,40.0,0.0,15.47,345.0,14066.0
2026-08-07 15:00:45.187,15470108,909253,58774840,40.000153,,492.784,0x00,0x00,TEMPERATURE,1,0,OK,15.47,15.47,909.0,58.775,40.0,40.0,0.0,15.47,345.0,14066.0
2026-08-07 15:00:46.023,15470092,909252,58774852,40.000243,,493.620,0x00,0x00,TEMPERATURE,1,0,OK,15.469,15.47,909.0,58.775,40.0,40.001,-0.001,15.47,345.0,14066.0
2026-08-07 15:00:46.873,15470086,909252,58774876,40.000425,,494.470,0x00,0x00,TEMPERATURE,1,0,OK,15.469,15.47,909.0,58.775,40.0,40.001,-0.001,15.47,345.0,14066.0
2026-08-07 15:00:47.709,15470080,909252,58774876,40.000425,,495.306,0x00,0x00,TEMPERATURE,1,0,OK,15.468,15.47,909.0,58.775,40.0,40.002,-0.002,15.47,345.0,14066.0
2026-08-07 15:00:48.524,15470076,909252,58774872,40.000395,,496.121,0x00,0x00,TEMPERATURE,1,0,OK,15.468,15.47,909.0,58.775,40.0,40.002,-0.002,15.47,345.0,14066.0
2026-08-07 15:00:49.838,15470070,909252,58774908,40.000667,,497.435,0x00,0x00,TEMPERATURE,1,0,OK,15.468,15.47,909.0,58.775,40.0,40.002,-0.002,15.47,345.0,14066.0
2026-08-07 15:00:50.653,15469900,909242,58774904,40.000636,,498.250,0x00,0x00,TEMPERATURE,1,0,OK,15.468,15.47,909.0,58.775,40.0,40.002,-0.002,15.47,345.0,14066.0
2026-08-07 15:00:51.489,15469728,909232,58774928,40.000818,,499.086,0x00,0x00,TEMPERATURE,1,0,OK,15.467,15.469,909.0,58.775,40.0,40.003,-0.003,15.47,345.0,14064.0
2026-08-07 15:00:52.373,15469554,909222,58774960,40.001059,,499.970,0x00,0x00,TEMPERATURE,1,0,OK,15.467,15.469,909.0,58.775,40.0,40.003,-0.003,15.47,345.0,14064.0
2026-08-07 15:00:53.188,15469396,909213,58774980,40.001211,,500.785,0x00,0x00,TEMPERATURE,1,0,OK,15.467,15.469,909.0,58.775,40.0,40.003,-0.003,15.47,345.0,14064.0
2026-08-07 15:00:54.024,15469242,909205,58775000,40.001362,,501.621,0x00,0x00,TEMPERATURE,1,0,OK,15.465,15.468,909.0,58.775,40.0,40.004,-0.004,15.469,345.0,14062.0
2026-08-07 15:00:54.872,15469094,909196,58775028,40.001573,,502.469,0x00,0x00,TEMPERATURE,1,0,OK,15.465,15.468,909.0,58.775,40.0,40.004,-0.004,15.469,345.0,14062.0
2026-08-07 15:00:55.708,15468950,909188,58775048,40.001724,,503.305,0x00,0x00,TEMPERATURE,1,0,OK,15.464,15.467,909.0,58.775,40.0,40.004,-0.004,15.469,345.0,14061.0
2026-08-07 15:00:56.523,15468812,909181,58775088,40.002026,,504.120,0x00,0x00,TEMPERATURE,1,0,OK,15.464,15.467,909.0,58.775,40.0,40.004,-0.004,15.469,345.0,14061.0
2026-08-07 15:00:57.837,15468512,909163,58775076,40.001936,,505.434,0x00,0x00,TEMPERATURE,1,0,OK,15.463,15.467,909.0,58.775,40.0,40.005,-0.005,15.468,345.0,14060.0
2026-08-07 15:00:58.652,15468222,909146,58775076,40.001936,,506.249,0x00,0x00,TEMPERATURE,1,0,OK,15.463,15.467,909.0,58.775,40.0,40.005,-0.005,15.468,345.0,14060.0
2026-08-07 15:00:59.488,15467956,909130,58775080,40.001966,,507.085,0x00,0x00,TEMPERATURE,1,0,OK,15.464,15.464,909.0,58.775,40.0,40.004,-0.004,15.468,345.0,14056.0
2026-08-07 15:01:00.372,15467702,909116,58775084,40.001996,,507.969,0x00,0x00,TEMPERATURE,1,0,OK,15.464,15.464,909.0,58.775,40.0,40.004,-0.004,15.468,345.0,14056.0
2026-08-07 15:01:01.187,15467460,909101,58775072,40.001906,,508.783,0x00,0x00,TEMPERATURE,1,0,OK,15.464,15.464,909.0,58.775,40.0,40.004,-0.004,15.468,345.0,14056.0
2026-08-07 15:01:02.023,15467246,909089,58775092,40.002057,,509.620,0x00,0x00,TEMPERATURE,1,0,OK,15.463,15.464,909.0,58.775,40.0,40.004,-0.004,15.467,345.0,14054.0
2026-08-07 15:01:02.873,15467046,909077,58775104,40.002147,,510.470,0x00,0x00,TEMPERATURE,1,0,OK,15.463,15.464,909.0,58.775,40.0,40.004,-0.004,15.467,345.0,14054.0
2026-08-07 15:01:03.709,15466860,909067,58775140,40.002419,,511.306,0x00,0x00,TEMPERATURE,1,0,OK,15.463,15.463,909.0,58.775,40.0,40.004,-0.004,15.467,345.0,14054.0
2026-08-07 15:01:04.524,15466686,909057,58775164,40.002601,,512.120,0x00,0x00,TEMPERATURE,1,0,OK,15.463,15.463,909.0,58.775,40.0,40.004,-0.004,15.467,345.0,14054.0
2026-08-07 15:01:05.838,15466530,909048,58775192,40.002812,,513.434,0x00,0x00,TEMPERATURE,1,0,OK,15.462,15.463,909.0,58.775,40.0,40.005,-0.005,15.467,345.0,14054.0
2026-08-07 15:01:06.653,15466384,909040,58775204,40.002903,,514.249,0x00,0x00,TEMPERATURE,1,0,OK,15.462,15.463,909.0,58.775,40.0,40.005,-0.005,15.467,345.0,14054.0
2026-08-07 15:01:07.489,15466248,909032,58775224,40.003054,,515.085,0x00,0x00,TEMPERATURE,1,0,OK,15.461,15.464,909.0,58.776,40.0,40.006,-0.006,15.466,345.0,14054.0
2026-08-07 15:01:08.373,15466134,909026,58775248,40.003235,,515.969,0x00,0x00,TEMPERATURE,1,0,OK,15.461,15.464,909.0,58.776,40.0,40.006,-0.006,15.466,345.0,14054.0
2026-08-07 15:01:09.188,15465854,909009,58775248,40.003235,,516.784,0x00,0x00,TEMPERATURE,1,0,OK,15.461,15.464,909.0,58.776,40.0,40.006,-0.006,15.466,345.0,14054.0
2026-08-07 15:01:10.024,15465586,908993,58775240,40.003175,,517.620,0x00,0x00,TEMPERATURE,1,0,OK,15.461,15.463,909.0,58.775,40.0,40.005,-0.005,15.465,345.0,14053.0
2026-08-07 15:01:10.872,15465326,908978,58775224,40.003054,,518.468,0x00,0x00,TEMPERATURE,1,0,OK,15.461,15.463,909.0,58.775,40.0,40.005,-0.005,15.465,345.0,14053.0
2026-08-07 15:01:11.708,15465062,908962,58775220,40.003024,,519.304,0x00,0x00,TEMPERATURE,1,0,OK,15.462,15.462,909.0,58.775,40.0,40.003,-0.003,15.465,345.0,14051.0
2026-08-07 15:01:12.523,15464824,908948,58775212,40.002963,,520.119,0x00,0x00,TEMPERATURE,1,0,OK,15.462,15.462,909.0,58.775,40.0,40.003,-0.003,15.465,345.0,14051.0
2026-08-07 15:01:13.837,15464596,908935,58775204,40.002903,,521.433,0x00,0x00,TEMPERATURE,1,0,OK,15.462,15.461,909.0,58.775,40.0,40.003,-0.003,15.465,345.0,14050.0
2026-08-07 15:01:14.652,15464382,908922,58775196,40.002842,,522.248,0x00,0x00,TEMPERATURE,1,0,OK,15.462,15.461,909.0,58.775,40.0,40.003,-0.003,15.465,345.0,14050.0
2026-08-07 15:01:15.488,15464346,908921,58775236,40.003145,,523.084,0x00,0x00,TEMPERATURE,1,0,OK,15.462,15.461,909.0,58.775,40.0,40.002,-0.002,15.465,345.0,14049.0
2026-08-07 15:01:16.373,15464310,908919,58775264,40.003356,,523.969,0x00,0x00,TEMPERATURE,1,0,OK,15.462,15.461,909.0,58.775,40.0,40.002,-0.002,15.465,345.0,14049.0
2026-08-07 15:01:17.188,15464120,908908,58775260,40.003326,,524.784,0x00,0x00,TEMPERATURE,1,0,OK,15.462,15.461,909.0,58.775,40.0,40.002,-0.002,15.465,345.0,14049.0
2026-08-07 15:01:18.024,15463934,908896,58775240,40.003175,,525.620,0x00,0x00,TEMPERATURE,1,0,OK,15.46,15.462,909.0,58.775,40.0,40.004,-0.004,15.464,345.0,14051.0
2026-08-07 15:01:18.873,15463758,908886,58775228,40.003084,,526.469,0x00,0x00,TEMPERATURE,1,0,OK,15.46,15.462,909.0,58.775,40.0,40.004,-0.004,15.464,345.0,14051.0
2026-08-07 15:01:19.709,15463612,908877,58775204,40.002903,,527.305,0x00,0x00,TEMPERATURE,1,0,OK,15.462,15.461,909.0,58.775,40.0,40.002,-0.002,15.464,345.0,14050.0
2026-08-07 15:01:20.524,15463470,908868,58775172,40.002661,,528.120,0x00,0x00,TEMPERATURE,1,0,OK,15.462,15.461,909.0,58.775,40.0,40.002,-0.002,15.464,345.0,14050.0
2026-08-07 15:01:21.838,15463492,908870,58775208,40.002933,,529.434,0x00,0x00,TEMPERATURE,1,0,OK,15.462,15.461,909.0,58.775,40.0,40.002,-0.002,15.464,345.0,14050.0
2026-08-07 15:01:22.653,15463350,908861,58775192,40.002812,,530.249,0x00,0x00,TEMPERATURE,1,0,OK,15.462,15.461,909.0,58.775,40.0,40.002,-0.002,15.464,345.0,14050.0
2026-08-07 15:01:23.489,15463214,908853,58775192,40.002812,,531.085,0x00,0x00,TEMPERATURE,1,0,OK,15.46,15.462,909.0,58.775,40.0,40.003,-0.003,15.463,345.0,14051.0
2026-08-07 15:01:24.372,15463090,908846,58775196,40.002842,,531.969,0x00,0x00,TEMPERATURE,1,0,OK,15.46,15.462,909.0,58.775,40.0,40.003,-0.003,15.463,345.0,14051.0
2026-08-07 15:01:25.187,15462970,908839,58775204,40.002903,,532.784,0x00,0x00,TEMPERATURE,1,0,OK,15.46,15.462,909.0,58.775,40.0,40.003,-0.003,15.463,345.0,14051.0
2026-08-07 15:01:26.023,15462858,908832,58775188,40.002782,,533.620,0x00,0x00,TEMPERATURE,1,0,OK,15.459,15.461,909.0,58.775,40.0,40.004,-0.004,15.463,345.0,14050.0
2026-08-07 15:01:26.871,15462760,908826,58775168,40.002631,,534.468,0x00,0x00,TEMPERATURE,1,0,OK,15.459,15.461,909.0,58.775,40.0,40.004,-0.004,15.463,345.0,14050.0
2026-08-07 15:01:27.708,15462672,908821,58775172,40.002661,,535.304,0x00,0x00,TEMPERATURE,1,0,OK,15.461,15.461,909.0,58.775,40.0,40.002,-0.002,15.463,345.0,14050.0
2026-08-07 15:01:28.523,15462590,908816,58775180,40.002722,,536.119,0x00,0x00,TEMPERATURE,1,0,OK,15.461,15.461,909.0,58.775,40.0,40.002,-0.002,15.463,345.0,14050.0
2026-08-07 15:01:29.837,15462518,908812,58775184,40.002752,,537.433,0x00,0x00,TEMPERATURE,1,0,OK,15.459,15.461,909.0,58.775,40.0,40.003,-0.003,15.463,345.0,14050.0
2026-08-07 15:01:30.651,15462440,908808,58775204,40.002903,,538.248,0x00,0x00,TEMPERATURE,1,0,OK,15.459,15.461,909.0,58.775,40.0,40.003,-0.003,15.463,345.0,14050.0
2026-08-07 15:01:31.487,15462196,908793,58775180,40.002722,,539.084,0x00,0x00,TEMPERATURE,1,0,OK,15.458,15.461,909.0,58.775,40.0,40.004,-0.004,15.462,345.0,14050.0
2026-08-07 15:01:32.373,15461956,908779,58775152,40.002510,,539.969,0x00,0x00,TEMPERATURE,1,0,OK,15.458,15.461,909.0,58.775,40.0,40.004,-0.004,15.462,345.0,14050.0
2026-08-07 15:01:33.187,15461732,908765,58775116,40.002238,,540.784,0x00,0x00,TEMPERATURE,1,0,OK,15.458,15.461,909.0,58.775,40.0,40.004,-0.004,15.462,345.0,14050.0
2026-08-07 15:01:34.024,15461682,908762,58775124,40.002298,,541.620,0x00,0x00,TEMPERATURE,1,0,OK,15.461,15.459,909.0,58.775,40.0,40.001,-0.001,15.462,345.0,14046.0
2026-08-07 15:01:34.871,15461642,908760,58775132,40.002359,,542.468,0x00,0x00,TEMPERATURE,1,0,OK,15.461,15.459,909.0,58.775,40.0,40.001,-0.001,15.462,345.0,14046.0
2026-08-07 15:01:35.708,15461598,908757,58775104,40.002147,,543.304,0x00,0x00,TEMPERATURE,1,0,OK,15.46,15.46,909.0,58.775,40.0,40.001,-0.001,15.462,345.0,14047.0
2026-08-07 15:01:36.522,15461568,908755,58775096,40.002087,,544.119,0x00,0x00,TEMPERATURE,1,0,OK,15.46,15.46,909.0,58.775,40.0,40.001,-0.001,15.462,345.0,14047.0
2026-08-07 15:01:37.837,15461546,908754,58775108,40.002178,,545.433,0x00,0x00,TEMPERATURE,1,0,OK,15.461,15.46,909.0,58.775,40.0,40.001,-0.001,15.462,345.0,14048.0
2026-08-07 15:01:38.652,15461522,908753,58775120,40.002268,,546.248,0x00,0x00,TEMPERATURE,1,0,OK,15.461,15.46,909.0,58.775,40.0,40.001,-0.001,15.462,345.0,14048.0
2026-08-07 15:01:39.488,15461506,908752,58775128,40.002329,,547.084,0x00,0x00,TEMPERATURE,1,0,OK,15.459,15.461,909.0,58.775,40.0,40.003,-0.003,15.462,345.0,14049.0
2026-08-07 15:01:40.372,15461312,908740,58775108,40.002178,,547.969,0x00,0x00,TEMPERATURE,1,0,OK,15.459,15.461,909.0,58.775,40.0,40.003,-0.003,15.462,345.0,14049.0
2026-08-07 15:01:41.187,15461122,908729,58775100,40.002117,,548.784,0x00,0x00,TEMPERATURE,1,0,OK,15.459,15.461,909.0,58.775,40.0,40.003,-0.003,15.462,345.0,14049.0
2026-08-07 15:01:42.023,15460944,908718,58775080,40.001966,,549.620,0x00,0x00,TEMPERATURE,1,0,OK,15.459,15.459,909.0,58.775,40.0,40.002,-0.002,15.461,345.0,14047.0
2026-08-07 15:01:42.872,15460794,908709,58775060,40.001815,,550.469,0x00,0x00,TEMPERATURE,1,0,OK,15.459,15.459,909.0,58.775,40.0,40.002,-0.002,15.461,345.0,14047.0
2026-08-07 15:01:43.708,15460822,908711,58775100,40.002117,,551.305,0x00,0x00,TEMPERATURE,1,0,OK,15.46,15.459,909.0,58.775,40.0,40.001,-0.001,15.461,345.0,14045.0
2026-08-07 15:01:44.523,15460846,908714,58775156,40.002540,,552.120,0x00,0x00,TEMPERATURE,1,0,OK,15.46,15.459,909.0,58.775,40.0,40.001,-0.001,15.461,345.0,14045.0
2026-08-07 15:01:45.837,15460706,908706,58775172,40.002661,,553.434,0x00,0x00,TEMPERATURE,1,0,OK,15.456,15.46,909.0,58.775,40.0,40.005,-0.005,15.461,345.0,14048.0
2026-08-07 15:01:46.652,15460576,908698,58775184,40.002752,,554.249,0x00,0x00,TEMPERATURE,1,0,OK,15.456,15.46,909.0,58.775,40.0,40.005,-0.005,15.461,345.0,14048.0
2026-08-07 15:01:47.488,15460462,908692,58775184,40.002752,,555.085,0x00,0x00,TEMPERATURE,1,0,OK,15.456,15.459,909.0,58.775,40.0,40.005,-0.005,15.46,345.0,14046.0
2026-08-07 15:01:48.371,15460358,908686,58775216,40.002993,,555.968,0x00,0x00,TEMPERATURE,1,0,OK,15.456,15.459,909.0,58.775,40.0,40.005,-0.005,15.46,345.0,14046.0
2026-08-07 15:01:49.186,15460260,908680,58775240,40.003175,,556.783,0x00,0x00,TEMPERATURE,1,0,OK,15.456,15.459,909.0,58.775,40.0,40.005,-0.005,15.46,345.0,14046.0
2026-08-07 15:01:50.022,15459980,908664,58775244,40.003205,,557.619,0x00,0x00,TEMPERATURE,1,0,OK,15.454,15.458,909.0,58.776,40.0,40.005,-0.005,15.46,345.0,14045.0
2026-08-07 15:01:50.873,15459694,908647,58775248,40.003235,,558.470,0x00,0x00,TEMPERATURE,1,0,OK,15.454,15.458,909.0,58.776,40.0,40.005,-0.005,15.46,345.0,14045.0
2026-08-07 15:01:51.709,15459402,908630,58775248,40.003235,,559.306,0x00,0x00,TEMPERATURE,1,0,OK,15.455,15.457,908.0,58.775,40.0,40.005,-0.005,15.459,345.0,14042.0
2026-08-07 15:01:52.524,15459114,908613,58775256,40.003296,,560.121,0x00,0x00,TEMPERATURE,1,0,OK,15.455,15.457,908.0,58.775,40.0,40.005,-0.005,15.459,345.0,14042.0
2026-08-07 15:01:53.838,15458854,908598,58775268,40.003386,,561.435,0x00,0x00,TEMPERATURE,1,0,OK,15.455,15.455,908.0,58.775,40.0,40.004,-0.004,15.459,345.0,14040.0
2026-08-07 15:01:54.653,15458604,908584,58775284,40.003507,,562.250,0x00,0x00,TEMPERATURE,1,0,OK,15.455,15.455,908.0,58.775,40.0,40.004,-0.004,15.459,345.0,14040.0
2026-08-07 15:01:55.489,15458368,908570,58775316,40.003749,,563.086,0x00,0x00,TEMPERATURE,1,0,OK,15.453,15.454,908.0,58.776,40.0,40.005,-0.005,15.459,345.0,14038.0
2026-08-07 15:01:56.373,15458144,908558,58775336,40.003900,,563.970,0x00,0x00,TEMPERATURE,1,0,OK,15.453,15.454,908.0,58.776,40.0,40.005,-0.005,15.459,345.0,14038.0
2026-08-07 15:01:57.188,15457934,908546,58775368,40.004142,,564.784,0x00,0x00,TEMPERATURE,1,0,OK,15.453,15.454,908.0,58.776,40.0,40.005,-0.005,15.459,345.0,14038.0
2026-08-07 15:01:58.024,15457558,908524,58775364,40.004112,,565.621,0x00,0x00,TEMPERATURE,1,0,OK,15.45,15.454,908.0,58.776,40.0,40.007,-0.007,15.458,345.0,14037.0
2026-08-07 15:01:58.873,15457188,908501,58775328,40.003840,,566.470,0x00,0x00,TEMPERATURE,1,0,OK,15.45,15.454,908.0,58.776,40.0,40.007,-0.007,15.458,345.0,14037.0
2026-08-07 15:01:59.709,15456854,908482,58775320,40.003779,,567.306,0x00,0x00,TEMPERATURE,1,0,OK,15.452,15.452,908.0,58.775,40.0,40.005,-0.005,15.457,345.0,14034.0
2026-08-07 15:02:00.524,15456524,908462,58775304,40.003658,,568.121,0x00,0x00,TEMPERATURE,1,0,OK,15.452,15.452,908.0,58.775,40.0,40.005,-0.005,15.457,345.0,14034.0
2026-08-07 15:02:01.838,15456394,908455,58775344,40.003961,,569.435,0x00,0x00,TEMPERATURE,1,0,OK,15.454,15.452,908.0,58.775,40.0,40.003,-0.003,15.457,345.0,14033.0
2026-08-07 15:02:02.653,15456260,908447,58775376,40.004202,,570.250,0x00,0x00,TEMPERATURE,1,0,OK,15.454,15.452,908.0,58.775,40.0,40.003,-0.003,15.457,345.0,14033.0
2026-08-07 15:02:03.489,15456142,908441,58775412,40.004474,,571.086,0x00,0x00,TEMPERATURE,1,0,OK,15.451,15.452,908.0,58.776,40.0,40.005,-0.005,15.456,345.0,14034.0
2026-08-07 15:02:04.373,15455860,908425,58775404,40.004414,,571.970,0x00,0x00,TEMPERATURE,1,0,OK,15.451,15.452,908.0,58.776,40.0,40.005,-0.005,15.456,345.0,14034.0
2026-08-07 15:02:05.188,15455594,908409,58775412,40.004474,,572.785,0x00,0x00,TEMPERATURE,1,0,OK,15.451,15.452,908.0,58.776,40.0,40.005,-0.005,15.456,345.0,14034.0
2026-08-07 15:02:06.024,15455344,908395,58775432,40.004625,,573.621,0x00,0x00,TEMPERATURE,1,0,OK,15.45,15.452,908.0,58.776,40.0,40.006,-0.006,15.456,345.0,14033.0
2026-08-07 15:02:06.871,15455112,908381,58775452,40.004776,,574.467,0x00,0x00,TEMPERATURE,1,0,OK,15.45,15.452,908.0,58.776,40.0,40.006,-0.006,15.456,345.0,14033.0
2026-08-07 15:02:07.707,15454896,908369,58775488,40.005048,,575.304,0x00,0x00,TEMPERATURE,1,0,OK,15.448,15.451,908.0,58.776,40.0,40.007,-0.007,15.455,345.0,14032.0
2026-08-07 15:02:08.522,15454678,908357,58775548,40.005502,,576.119,0x00,0x00,TEMPERATURE,1,0,OK,15.448,15.451,908.0,58.776,40.0,40.007,-0.007,15.455,345.0,14032.0
2026-08-07 15:02:09.836,15454308,908335,58775548,40.005502,,577.432,0x00,0x00,TEMPERATURE,1,0,OK,15.445,15.451,908.0,58.776,40.0,40.01,-0.01,15.454,345.0,14032.0
2026-08-07 15:02:10.651,15453970,908315,58775532,40.005381,,578.247,0x00,0x00,TEMPERATURE,1,0,OK,15.445,15.451,908.0,58.776,40.0,40.01,-0.01,15.454,345.0,14032.0
2026-08-07 15:02:11.487,15453646,908296,58775504,40.005169,,579.083,0x00,0x00,TEMPERATURE,1,0,OK,15.446,15.449,908.0,58.776,40.0,40.007,-0.007,15.453,345.0,14028.0
2026-08-07 15:02:12.372,15453342,908278,58775508,40.005200,,579.968,0x00,0x00,TEMPERATURE,1,0,OK,15.446,15.449,908.0,58.776,40.0,40.007,-0.007,15.453,345.0,14028.0
2026-08-07 15:02:13.187,15453058,908262,58775524,40.005320,,580.783,0x00,0x00,TEMPERATURE,1,0,OK,15.446,15.449,908.0,58.776,40.0,40.007,-0.007,15.453,345.0,14028.0
2026-08-07 15:02:14.023,15452620,908235,58775480,40.004988,,581.619,0x00,0x00,TEMPERATURE,1,0,OK,15.446,15.448,908.0,58.776,40.0,40.007,-0.007,15.453,345.0,14027.0
2026-08-07 15:02:14.873,15452194,908210,58775440,40.004686,,582.469,0x00,0x00,TEMPERATURE,1,0,OK,15.446,15.448,908.0,58.776,40.0,40.007,-0.007,15.453,345.0,14027.0
2026-08-07 15:02:15.709,15451944,908195,58775428,40.004595,,583.305,0x00,0x00,TEMPERATURE,1,0,OK,15.45,15.446,908.0,58.775,40.0,40.002,-0.002,15.452,345.0,14023.0
2026-08-07 15:02:16.524,15451718,908181,58775424,40.004565,,584.120,0x00,0x00,TEMPERATURE,1,0,OK,15.45,15.446,908.0,58.775,40.0,40.002,-0.002,15.452,345.0,14023.0
2026-08-07 15:02:17.838,15451498,908169,58775444,40.004716,,585.434,0x00,0x00,TEMPERATURE,1,0,OK,15.448,15.447,908.0,58.775,40.0,40.004,-0.004,15.452,345.0,14024.0
2026-08-07 15:02:18.653,15451294,908157,58775444,40.004716,,586.249,0x00,0x00,TEMPERATURE,1,0,OK,15.448,15.447,908.0,58.775,40.0,40.004,-0.004,15.452,345.0,14024.0
2026-08-07 15:02:19.489,15451092,908145,58775464,40.004867,,587.085,0x00,0x00,TEMPERATURE,1,0,OK,15.446,15.447,908.0,58.776,40.0,40.006,-0.006,15.452,345.0,14025.0
2026-08-07 15:02:20.373,15450914,908135,58775488,40.005048,,587.969,0x00,0x00,TEMPERATURE,1,0,OK,15.446,15.447,908.0,58.776,40.0,40.006,-0.006,15.452,345.0,14025.0
2026-08-07 15:02:21.188,15450748,908126,58775528,40.005351,,588.784,0x00,0x00,TEMPERATURE,1,0,OK,15.446,15.447,908.0,58.776,40.0,40.006,-0.006,15.452,345.0,14025.0
2026-08-07 15:02:22.024,15450422,908107,58775528,40.005351,,589.620,0x00,0x00,TEMPERATURE,1,0,OK,15.442,15.447,908.0,58.776,40.0,40.008,-0.008,15.451,345.0,14025.0
2026-08-07 15:02:22.872,15450112,908088,58775516,40.005260,,590.468,0x00,0x00,TEMPERATURE,1,0,OK,15.442,15.447,908.0,58.776,40.0,40.008,-0.008,15.451,345.0,14025.0
2026-08-07 15:02:23.708,15449822,908071,58775524,40.005320,,591.304,0x00,0x00,TEMPERATURE,1,0,OK,15.443,15.446,908.0,58.776,40.0,40.007,-0.007,15.45,345.0,14023.0
2026-08-07 15:02:24.523,15449536,908055,58775544,40.005472,,592.119,0x00,0x00,TEMPERATURE,1,0,OK,15.443,15.446,908.0,58.776,40.0,40.007,-0.007,15.45,345.0,14023.0
2026-08-07 15:02:25.837,15449102,908029,58775504,40.005169,,593.433,0x00,0x00,TEMPERATURE,1,0,OK,15.443,15.445,908.0,58.776,40.0,40.007,-0.007,15.449,345.0,14021.0
2026-08-07 15:02:26.652,15448858,908014,58775500,40.005139,,594.248,0x00,0x00,TEMPERATURE,1,0,OK,15.443,15.445,908.0,58.776,40.0,40.007,-0.007,15.449,345.0,14021.0
2026-08-07 15:02:27.488,15448630,908001,58775496,40.005109,,595.084,0x00,0x00,TEMPERATURE,1,0,OK,15.444,15.444,908.0,58.775,40.0,40.005,-0.005,15.449,345.0,14019.0
2026-08-07 15:02:28.371,15448414,907988,58775504,40.005169,,595.968,0x00,0x00,TEMPERATURE,1,0,OK,15.444,15.444,908.0,58.775,40.0,40.005,-0.005,15.449,345.0,14019.0
2026-08-07 15:02:29.187,15448046,907966,58775480,40.004988,,596.783,0x00,0x00,TEMPERATURE,1,0,OK,15.444,15.444,908.0,58.775,40.0,40.005,-0.005,15.449,345.0,14019.0
2026-08-07 15:02:30.022,15447868,907956,58775488,40.005048,,597.619,0x00,0x00,TEMPERATURE,1,0,OK,15.444,15.443,908.0,58.775,40.0,40.004,-0.004,15.448,345.0,14018.0
2026-08-07 15:02:30.872,15447514,907935,58775472,40.004928,,598.468,0x00,0x00,TEMPERATURE,1,0,OK,15.444,15.443,908.0,58.775,40.0,40.004,-0.004,15.448,345.0,14018.0
2026-08-07 15:02:31.708,15447202,907916,58775448,40.004746,,599.304,0x00,0x00,TEMPERATURE,1,0,OK,15.443,15.443,908.0,58.775,40.0,40.005,-0.005,15.448,345.0,14017.0
2026-08-07 15:02:32.523,15447078,907909,58775464,40.004867,,600.119,0x00,0x00,TEMPERATURE,1,0,OK,15.443,15.443,908.0,58.775,40.0,40.005,-0.005,15.448,345.0,14017.0
2026-08-07 15:02:33.837,15446772,907891,58775444,40.004716,,601.433,0x00,0x00,TEMPERATURE,1,0,OK,15.443,15.443,908.0,58.775,40.0,40.005,-0.005,15.448,345.0,14017.0
2026-08-07 15:02:34.651,15446484,907874,58775440,40.004686,,602.248,0x00,0x00,TEMPERATURE,1,0,OK,15.443,15.443,908.0,58.775,40.0,40.005,-0.005,15.448,345.0,14017.0
2026-08-07 15:02:35.487,15446220,907858,58775432,40.004625,,603.084,0x00,0x00,TEMPERATURE,1,0,OK,15.443,15.442,908.0,58.775,40.0,40.004,-0.004,15.447,345.0,14016.0
2026-08-07 15:02:36.372,15445974,907844,58775420,40.004535,,603.968,0x00,0x00,TEMPERATURE,1,0,OK,15.443,15.442,908.0,58.775,40.0,40.004,-0.004,15.447,345.0,14016.0
2026-08-07 15:02:37.187,15445738,907830,58775408,40.004444,,604.783,0x00,0x00,TEMPERATURE,1,0,OK,15.443,15.442,908.0,58.775,40.0,40.004,-0.004,15.447,345.0,14016.0
2026-08-07 15:02:38.022,15445680,907827,58775444,40.004716,,605.619,0x00,0x00,TEMPERATURE,1,0,OK,15.443,15.442,908.0,58.775,40.0,40.004,-0.004,15.446,345.0,14015.0
2026-08-07 15:02:38.871,15445456,907813,58775428,40.004595,,606.468,0x00,0x00,TEMPERATURE,1,0,OK,15.443,15.442,908.0,58.775,40.0,40.004,-0.004,15.446,345.0,14015.0
2026-08-07 15:02:39.707,15445246,907801,58775420,40.004535,,607.304,0x00,0x00,TEMPERATURE,1,0,OK,15.441,15.442,908.0,58.775,40.0,40.005,-0.005,15.446,345.0,14016.0
2026-08-07 15:02:40.522,15445042,907789,58775412,40.004474,,608.119,0x00,0x00,TEMPERATURE,1,0,OK,15.441,15.442,908.0,58.775,40.0,40.005,-0.005,15.446,345.0,14016.0
2026-08-07 15:02:41.836,15444844,907777,58775396,40.004353,,609.433,0x00,0x00,TEMPERATURE,1,0,OK,15.442,15.442,908.0,58.775,40.0,40.004,-0.004,15.446,345.0,14015.0
2026-08-07 15:02:42.651,15444640,907764,58775376,40.004202,,610.248,0x00,0x00,TEMPERATURE,1,0,OK,15.442,15.442,908.0,58.775,40.0,40.004,-0.004,15.446,345.0,14015.0
2026-08-07 15:02:43.487,15444608,907763,58775392,40.004323,,611.084,0x00,0x00,TEMPERATURE,1,0,OK,15.443,15.441,908.0,58.775,40.0,40.002,-0.002,15.445,345.0,14014.0
2026-08-07 15:02:44.372,15444578,907761,58775408,40.004444,,611.969,0x00,0x00,TEMPERATURE,1,0,OK,15.443,15.441,908.0,58.775,40.0,40.002,-0.002,15.445,345.0,14014.0
2026-08-07 15:02:45.187,15444388,907750,58775396,40.004353,,612.784,0x00,0x00,TEMPERATURE,1,0,OK,15.443,15.441,908.0,58.775,40.0,40.002,-0.002,15.445,345.0,14014.0
2026-08-07 15:02:46.023,15444220,907740,58775396,40.004353,,613.620,0x00,0x00,TEMPERATURE,1,0,OK,15.441,15.442,908.0,58.775,40.0,40.003,-0.003,15.445,345.0,14015.0
2026-08-07 15:02:46.872,15444058,907731,58775392,40.004323,,614.469,0x00,0x00,TEMPERATURE,1,0,OK,15.441,15.442,908.0,58.775,40.0,40.003,-0.003,15.445,345.0,14015.0
2026-08-07 15:02:47.708,15443894,907721,58775404,40.004414,,615.305,0x00,0x00,TEMPERATURE,1,0,OK,15.441,15.442,908.0,58.775,40.0,40.004,-0.004,15.445,345.0,14015.0
2026-08-07 15:02:48.523,15443720,907711,58775400,40.004384,,616.120,0x00,0x00,TEMPERATURE,1,0,OK,15.441,15.442,908.0,58.775,40.0,40.004,-0.004,15.445,345.0,14015.0
2026-08-07 15:02:49.837,15443562,907702,58775416,40.004504,,617.434,0x00,0x00,TEMPERATURE,1,0,OK,15.44,15.441,908.0,58.775,40.0,40.004,-0.004,15.444,345.0,14014.0
2026-08-07 15:02:50.652,15443414,907694,58775440,40.004686,,618.249,0x00,0x00,TEMPERATURE,1,0,OK,15.44,15.441,908.0,58.775,40.0,40.004,-0.004,15.444,345.0,14014.0
2026-08-07 15:02:51.488,15443276,907686,58775448,40.004746,,619.085,0x00,0x00,TEMPERATURE,1,0,OK,15.437,15.441,908.0,58.776,40.0,40.006,-0.006,15.444,345.0,14013.0
2026-08-07 15:02:52.372,15443146,907678,58775444,40.004716,,619.969,0x00,0x00,TEMPERATURE,1,0,OK,15.437,15.441,908.0,58.776,40.0,40.006,-0.006,15.444,345.0,14013.0
2026-08-07 15:02:53.187,15443030,907671,58775444,40.004716,,620.784,0x00,0x00,TEMPERATURE,1,0,OK,15.437,15.441,908.0,58.776,40.0,40.006,-0.006,15.444,345.0,14013.0
2026-08-07 15:02:54.023,15442764,907655,58775404,40.004414,,621.620,0x00,0x00,TEMPERATURE,1,0,OK,15.437,15.441,908.0,58.776,40.0,40.006,-0.006,15.443,345.0,14013.0
2026-08-07 15:02:54.872,15442504,907639,58775376,40.004202,,622.469,0x00,0x00,TEMPERATURE,1,0,OK,15.437,15.441,908.0,58.776,40.0,40.006,-0.006,15.443,345.0,14013.0
2026-08-07 15:02:55.708,15442242,907623,58775324,40.003809,,623.305,0x00,0x00,TEMPERATURE,1,0,OK,15.441,15.439,907.0,58.775,40.0,40.002,-0.002,15.443,345.0,14011.0
2026-08-07 15:02:56.523,15442158,907618,58775320,40.003779,,624.120,0x00,0x00,TEMPERATURE,1,0,OK,15.441,15.439,907.0,58.775,40.0,40.002,-0.002,15.443,345.0,14011.0
2026-08-07 15:02:57.837,15442100,907614,58775316,40.003749,,625.434,0x00,0x00,TEMPERATURE,1,0,OK,15.442,15.439,907.0,58.775,40.0,40.001,-0.001,15.443,345.0,14010.0
2026-08-07 15:02:58.652,15442048,907611,58775320,40.003779,,626.249,0x00,0x00,TEMPERATURE,1,0,OK,15.442,15.439,907.0,58.775,40.0,40.001,-0.001,15.443,345.0,14010.0
2026-08-07 15:02:59.488,15442006,907609,58775328,40.003840,,627.085,0x00,0x00,TEMPERATURE,1,0,OK,15.439,15.44,908.0,58.775,40.0,40.003,-0.003,15.442,345.0,14012.0
2026-08-07 15:03:00.372,15441972,907607,58775340,40.003930,,627.968,0x00,0x00,TEMPERATURE,1,0,OK,15.439,15.44,908.0,58.775,40.0,40.003,-0.003,15.442,345.0,14012.0
2026-08-07 15:03:01.187,15441768,907594,58775300,40.003628,,628.784,0x00,0x00,TEMPERATURE,1,0,OK,15.439,15.44,908.0,58.775,40.0,40.003,-0.003,15.442,345.0,14012.0
2026-08-07 15:03:02.023,15441564,907582,58775264,40.003356,,629.619,0x00,0x00,TEMPERATURE,1,0,OK,15.439,15.44,907.0,58.775,40.0,40.003,-0.003,15.442,345.0,14012.0
2026-08-07 15:03:02.872,15441360,907569,58775232,40.003114,,630.469,0x00,0x00,TEMPERATURE,1,0,OK,15.439,15.44,907.0,58.775,40.0,40.003,-0.003,15.442,345.0,14012.0
2026-08-07 15:03:03.708,15441178,907558,58775204,40.002903,,631.305,0x00,0x00,TEMPERATURE,1,0,OK,15.44,15.439,907.0,58.775,40.0,40.002,-0.002,15.442,345.0,14010.0
2026-08-07 15:03:04.523,15441184,907559,58775208,40.002933,,632.120,0x00,0x00,TEMPERATURE,1,0,OK,15.44,15.439,907.0,58.775,40.0,40.002,-0.002,15.442,345.0,14010.0
2026-08-07 15:03:05.837,15441188,907559,58775216,40.002993,,633.434,0x00,0x00,TEMPERATURE,1,0,OK,15.44,15.439,907.0,58.775,40.0,40.002,-0.002,15.442,345.0,14010.0
2026-08-07 15:03:06.652,15441192,907559,58775216,40.002993,,634.249,0x00,0x00,TEMPERATURE,1,0,OK,15.44,15.439,907.0,58.775,40.0,40.002,-0.002,15.442,345.0,14010.0
2026-08-07 15:03:07.488,15441028,907549,58775172,40.002661,,635.084,0x00,0x00,TEMPERATURE,1,0,OK,15.439,15.44,908.0,58.775,40.0,40.002,-0.002,15.441,345.0,14012.0
2026-08-07 15:03:08.373,15441032,907549,58775180,40.002722,,635.970,0x00,0x00,TEMPERATURE,1,0,OK,15.439,15.44,908.0,58.775,40.0,40.002,-0.002,15.441,345.0,14012.0
2026-08-07 15:03:09.188,15440876,907540,58775140,40.002419,,636.784,0x00,0x00,TEMPERATURE,1,0,OK,15.439,15.44,908.0,58.775,40.0,40.002,-0.002,15.441,345.0,14012.0
2026-08-07 15:03:10.024,15440896,907541,58775136,40.002389,,637.621,0x00,0x00,TEMPERATURE,1,0,OK,15.441,15.44,907.0,58.775,40.0,40.0,0.0,15.441,345.0,14011.0
2026-08-07 15:03:10.873,15440924,907543,58775144,40.002450,,638.470,0x00,0x00,TEMPERATURE,1,0,OK,15.441,15.44,907.0,58.775,40.0,40.0,0.0,15.441,345.0,14011.0
2026-08-07 15:03:11.709,15440944,907544,58775152,40.002510,,639.305,0x00,0x00,TEMPERATURE,1,0,OK,15.439,15.44,908.0,58.775,40.0,40.002,-0.002,15.441,345.0,14012.0
2026-08-07 15:03:12.524,15440788,907534,58775124,40.002298,,640.120,0x00,0x00,TEMPERATURE,1,0,OK,15.439,15.44,908.0,58.775,40.0,40.002,-0.002,15.441,345.0,14012.0
2026-08-07 15:03:13.838,15440644,907525,58775096,40.002087,,641.435,0x00,0x00,TEMPERATURE,1,0,OK,15.438,15.44,907.0,58.775,40.0,40.003,-0.003,15.441,345.0,14012.0
2026-08-07 15:03:14.653,15440512,907517,58775084,40.001996,,642.249,0x00,0x00,TEMPERATURE,1,0,OK,15.438,15.44,907.0,58.775,40.0,40.003,-0.003,15.441,345.0,14012.0
2026-08-07 15:03:15.489,15440376,907509,58775076,40.001936,,643.086,0x00,0x00,TEMPERATURE,1,0,OK,15.44,15.439,907.0,58.775,40.0,40.001,-0.001,15.441,345.0,14009.0
2026-08-07 15:03:16.373,15440256,907502,58775072,40.001906,,643.969,0x00,0x00,TEMPERATURE,1,0,OK,15.44,15.439,907.0,58.775,40.0,40.001,-0.001,15.441,345.0,14009.0
2026-08-07 15:03:17.188,15440146,907496,58775068,40.001875,,644.784,0x00,0x00,TEMPERATURE,1,0,OK,15.44,15.439,907.0,58.775,40.0,40.001,-0.001,15.441,345.0,14009.0
2026-08-07 15:03:18.024,15440044,907490,58775072,40.001906,,645.620,0x00,0x00,TEMPERATURE,1,0,OK,15.439,15.438,907.0,58.775,40.0,40.002,-0.002,15.441,345.0,14009.0
2026-08-07 15:03:18.872,15439948,907484,58775092,40.002057,,646.468,0x00,0x00,TEMPERATURE,1,0,OK,15.439,15.438,907.0,58.775,40.0,40.002,-0.002,15.441,345.0,14009.0
2026-08-07 15:03:19.708,15439858,907479,58775108,40.002178,,647.304,0x00,0x00,TEMPERATURE,1,0,OK,15.438,15.438,907.0,58.775,40.0,40.002,-0.002,15.44,345.0,14008.0
2026-08-07 15:03:20.523,15439766,907474,58775100,40.002117,,648.119,0x00,0x00,TEMPERATURE,1,0,OK,15.438,15.438,907.0,58.775,40.0,40.002,-0.002,15.44,345.0,14008.0
2026-08-07 15:03:21.837,15439834,907479,58775164,40.002601,,649.433,0x00,0x00,TEMPERATURE,1,0,OK,15.439,15.438,907.0,58.775,40.0,40.002,-0.002,15.44,345.0,14008.0
2026-08-07 15:03:22.652,15439734,907473,58775176,40.002691,,650.248,0x00,0x00,TEMPERATURE,1,0,OK,15.439,15.438,907.0,58.775,40.0,40.002,-0.002,15.44,345.0,14008.0
2026-08-07 15:03:23.488,15439662,907469,58775184,40.002752,,651.084,0x00,0x00,TEMPERATURE,1,0,OK,15.436,15.439,907.0,58.775,40.0,40.004,-0.004,15.44,345.0,14009.0
2026-08-07 15:03:24.372,15439588,907465,58775180,40.002722,,651.968,0x00,0x00,TEMPERATURE,1,0,OK,15.436,15.439,907.0,58.775,40.0,40.004,-0.004,15.44,345.0,14009.0
2026-08-07 15:03:25.187,15439514,907460,58775184,40.002752,,652.783,0x00,0x00,TEMPERATURE,1,0,OK,15.436,15.439,907.0,58.775,40.0,40.004,-0.004,15.44,345.0,14009.0
2026-08-07 15:03:26.023,15439438,907456,58775172,40.002661,,653.619,0x00,0x00,TEMPERATURE,1,0,OK,15.436,15.438,907.0,58.775,40.0,40.004,-0.004,15.439,345.0,14009.0
2026-08-07 15:03:26.872,15439380,907452,58775156,40.002540,,654.468,0x00,0x00,TEMPERATURE,1,0,OK,15.436,15.438,907.0,58.775,40.0,40.004,-0.004,15.439,345.0,14009.0
2026-08-07 15:03:27.707,15439318,907448,58775156,40.002540,,655.304,0x00,0x00,TEMPERATURE,1,0,OK,15.437,15.438,907.0,58.775,40.0,40.002,-0.002,15.439,345.0,14009.0
2026-08-07 15:03:28.523,15439102,907435,58775108,40.002178,,656.119,0x00,0x00,TEMPERATURE,1,0,OK,15.437,15.438,907.0,58.775,40.0,40.002,-0.002,15.439,345.0,14009.0
2026-08-07 15:03:29.836,15439074,907434,58775120,40.002268,,657.433,0x00,0x00,TEMPERATURE,1,0,OK,15.438,15.437,907.0,58.775,40.0,40.001,-0.001,15.439,345.0,14007.0
2026-08-07 15:03:30.652,15439056,907432,58775116,40.002238,,658.248,0x00,0x00,TEMPERATURE,1,0,OK,15.438,15.437,907.0,58.775,40.0,40.001,-0.001,15.439,345.0,14007.0
2026-08-07 15:03:31.488,15439034,907432,58775176,40.002691,,659.084,0x00,0x00,TEMPERATURE,1,0,OK,15.438,15.438,907.0,58.775,40.0,40.001,-0.001,15.439,345.0,14007.0
2026-08-07 15:03:32.372,15439020,907432,58775240,40.003175,,659.968,0x00,0x00,TEMPERATURE,1,0,OK,15.438,15.438,907.0,58.775,40.0,40.001,-0.001,15.439,345.0,14007.0
2026-08-07 15:03:33.187,15438848,907423,58775288,40.003537,,660.783,0x00,0x00,TEMPERATURE,1,0,OK,15.438,15.438,907.0,58.775,40.0,40.001,-0.001,15.439,345.0,14007.0
2026-08-07 15:03:34.022,15438680,907413,58775320,40.003779,,661.619,0x00,0x00,TEMPERATURE,1,0,OK,15.43,15.438,907.0,58.776,40.0,40.008,-0.008,15.438,345.0,14007.0
2026-08-07 15:03:34.871,15438348,907394,58775336,40.003900,,662.468,0x00,0x00,TEMPERATURE,1,0,OK,15.43,15.438,907.0,58.776,40.0,40.008,-0.008,15.438,345.0,14007.0
2026-08-07 15:03:35.708,15438030,907376,58775356,40.004051,,663.304,0x00,0x00,TEMPERATURE,1,0,OK,15.429,15.436,907.0,58.776,40.0,40.009,-0.009,15.437,344.0,14004.0
2026-08-07 15:03:36.523,15437732,907359,58775384,40.004263,,664.119,0x00,0x00,TEMPERATURE,1,0,OK,15.429,15.436,907.0,58.776,40.0,40.009,-0.009,15.437,344.0,14004.0
2026-08-07 15:03:37.837,15437280,907332,58775372,40.004172,,665.433,0x00,0x00,TEMPERATURE,1,0,OK,15.428,15.434,907.0,58.776,40.0,40.009,-0.009,15.437,344.0,14001.0
2026-08-07 15:03:38.652,15436850,907306,58775352,40.004021,,666.248,0x00,0x00,TEMPERATURE,1,0,OK,15.428,15.434,907.0,58.776,40.0,40.009,-0.009,15.437,344.0,14001.0
2026-08-07 15:03:39.488,15436446,907282,58775332,40.003870,,667.084,0x00,0x00,TEMPERATURE,1,0,OK,15.432,15.431,907.0,58.775,40.0,40.004,-0.004,15.436,344.0,13995.0
2026-08-07 15:03:40.372,15436056,907259,58775308,40.003689,,667.969,0x00,0x00,TEMPERATURE,1,0,OK,15.432,15.431,907.0,58.775,40.0,40.004,-0.004,15.436,344.0,13995.0
2026-08-07 15:03:41.187,15435848,907247,58775304,40.003658,,668.784,0x00,0x00,TEMPERATURE,1,0,OK,15.432,15.431,907.0,58.775,40.0,40.004,-0.004,15.436,344.0,13995.0
2026-08-07 15:03:42.023,15435646,907235,58775312,40.003719,,669.620,0x00,0x00,TEMPERATURE,1,0,OK,15.434,15.43,907.0,58.775,40.0,40.002,-0.002,15.436,344.0,13994.0
2026-08-07 15:03:42.872,15435452,907223,58775304,40.003658,,670.469,0x00,0x00,TEMPERATURE,1,0,OK,15.434,15.43,907.0,58.775,40.0,40.002,-0.002,15.436,344.0,13994.0
2026-08-07 15:03:43.708,15435268,907213,58775316,40.003749,,671.305,0x00,0x00,TEMPERATURE,1,0,OK,15.432,15.431,907.0,58.775,40.0,40.004,-0.004,15.436,344.0,13995.0
2026-08-07 15:03:44.523,15435084,907202,58775320,40.003779,,672.120,0x00,0x00,TEMPERATURE,1,0,OK,15.432,15.431,907.0,58.775,40.0,40.004,-0.004,15.436,344.0,13995.0
2026-08-07 15:03:45.837,15434918,907192,58775324,40.003809,,673.434,0x00,0x00,TEMPERATURE,1,0,OK,15.432,15.431,907.0,58.775,40.0,40.004,-0.004,15.435,344.0,13996.0
2026-08-07 15:03:46.652,15434748,907183,58775356,40.004051,,674.249,0x00,0x00,TEMPERATURE,1,0,OK,15.432,15.431,907.0,58.775,40.0,40.004,-0.004,15.435,344.0,13996.0
2026-08-07 15:03:47.488,15434592,907174,58775376,40.004202,,675.085,0x00,0x00,TEMPERATURE,1,0,OK,15.43,15.431,907.0,58.775,40.0,40.005,-0.005,15.435,344.0,13996.0
2026-08-07 15:03:48.371,15434436,907165,58775372,40.004172,,675.968,0x00,0x00,TEMPERATURE,1,0,OK,15.43,15.431,907.0,58.775,40.0,40.005,-0.005,15.435,344.0,13996.0
2026-08-07 15:03:49.186,15434284,907156,58775392,40.004323,,676.783,0x00,0x00,TEMPERATURE,1,0,OK,15.43,15.431,907.0,58.775,40.0,40.005,-0.005,15.435,344.0,13996.0
2026-08-07 15:03:50.022,15433962,907137,58775356,40.004051,,677.619,0x00,0x00,TEMPERATURE,1,0,OK,15.429,15.431,907.0,58.776,40.0,40.005,-0.005,15.434,344.0,13996.0
2026-08-07 15:03:50.873,15433660,907118,58775296,40.003598,,678.469,0x00,0x00,TEMPERATURE,1,0,OK,15.429,15.431,907.0,58.776,40.0,40.005,-0.005,15.434,344.0,13996.0
2026-08-07 15:03:51.709,15433532,907111,58775308,40.003689,,679.306,0x00,0x00,TEMPERATURE,1,0,OK,15.432,15.43,907.0,58.775,40.0,40.002,-0.002,15.434,344.0,13993.0
2026-08-07 15:03:52.524,15433414,907104,58775312,40.003719,,680.121,0x00,0x00,TEMPERATURE,1,0,OK,15.432,15.43,907.0,58.775,40.0,40.002,-0.002,15.434,344.0,13993.0
2026-08-07 15:03:53.838,15433160,907089,58775308,40.003689,,681.435,0x00,0x00,TEMPERATURE,1,0,OK,15.43,15.43,907.0,58.775,40.0,40.004,-0.004,15.434,344.0,13994.0
2026-08-07 15:03:54.653,15432908,907074,58775328,40.003840,,682.249,0x00,0x00,TEMPERATURE,1,0,OK,15.43,15.43,907.0,58.775,40.0,40.004,-0.004,15.434,344.0,13994.0
2026-08-07 15:03:55.489,15432672,907061,58775360,40.004081,,683.086,0x00,0x00,TEMPERATURE,1,0,OK,15.428,15.43,907.0,58.776,40.0,40.005,-0.005,15.433,344.0,13993.0
2026-08-07 15:03:56.373,15432450,907048,58775400,40.004384,,683.970,0x00,0x00,TEMPERATURE,1,0,OK,15.428,15.43,907.0,58.776,40.0,40.005,-0.005,15.433,344.0,13993.0
2026-08-07 15:03:57.188,15432234,907036,58775420,40.004535,,684.785,0x00,0x00,TEMPERATURE,1,0,OK,15.428,15.43,907.0,58.776,40.0,40.005,-0.005,15.433,344.0,13993.0
2026-08-07 15:03:58.024,15432040,907025,58775448,40.004746,,685.620,0x00,0x00,TEMPERATURE,1,0,OK,15.425,15.429,907.0,58.776,40.0,40.007,-0.007,15.432,344.0,13992.0
2026-08-07 15:03:58.872,15431866,907015,58775468,40.004897,,686.469,0x00,0x00,TEMPERATURE,1,0,OK,15.425,15.429,907.0,58.776,40.0,40.007,-0.007,15.432,344.0,13992.0
2026-08-07 15:03:59.708,15431526,906995,58775448,40.004746,,687.305,0x00,0x00,TEMPERATURE,1,0,OK,15.424,15.429,907.0,58.776,40.0,40.008,-0.008,15.432,344.0,13991.0
2026-08-07 15:04:00.523,15431208,906976,58775440,40.004686,,688.119,0x00,0x00,TEMPERATURE,1,0,OK,15.424,15.429,907.0,58.776,40.0,40.008,-0.008,15.432,344.0,13991.0
2026-08-07 15:04:01.837,15430894,906957,58775432,40.004625,,689.434,0x00,0x00,TEMPERATURE,1,0,OK,15.426,15.427,907.0,58.775,40.0,40.005,-0.005,15.431,344.0,13988.0
2026-08-07 15:04:02.652,15430602,906940,58775428,40.004595,,690.249,0x00,0x00,TEMPERATURE,1,0,OK,15.426,15.427,907.0,58.775,40.0,40.005,-0.005,15.431,344.0,13988.0
2026-08-07 15:04:03.488,15430326,906924,58775428,40.004595,,691.084,0x00,0x00,TEMPERATURE,1,0,OK,15.427,15.426,907.0,58.775,40.0,40.004,-0.004,15.431,344.0,13986.0
2026-08-07 15:04:04.372,15430060,906908,58775440,40.004686,,691.968,0x00,0x00,TEMPERATURE,1,0,OK,15.427,15.426,907.0,58.775,40.0,40.004,-0.004,15.431,344.0,13986.0
2026-08-07 15:04:05.187,15429806,906894,58775456,40.004807,,692.784,0x00,0x00,TEMPERATURE,1,0,OK,15.427,15.426,907.0,58.775,40.0,40.004,-0.004,15.431,344.0,13986.0
2026-08-07 15:04:06.023,15429570,906880,58775460,40.004837,,693.619,0x00,0x00,TEMPERATURE,1,0,OK,15.424,15.425,907.0,58.776,40.0,40.006,-0.006,15.43,344.0,13985.0
2026-08-07 15:04:06.872,15429352,906867,58775448,40.004746,,694.468,0x00,0x00,TEMPERATURE,1,0,OK,15.424,15.425,907.0,58.776,40.0,40.006,-0.006,15.43,344.0,13985.0
2026-08-07 15:04:07.708,15429154,906856,58775460,40.004837,,695.305,0x00,0x00,TEMPERATURE,1,0,OK,15.424,15.425,907.0,58.776,40.0,40.005,-0.005,15.43,344.0,13985.0
2026-08-07 15:04:08.523,15428958,906844,58775468,40.004897,,696.120,0x00,0x00,TEMPERATURE,1,0,OK,15.424,15.425,907.0,58.776,40.0,40.005,-0.005,15.43,344.0,13985.0
2026-08-07 15:04:09.837,15428770,906833,58775484,40.005018,,697.434,0x00,0x00,TEMPERATURE,1,0,OK,15.423,15.425,907.0,58.776,40.0,40.006,-0.006,15.429,344.0,13985.0
2026-08-07 15:04:10.652,15428594,906823,58775496,40.005109,,698.249,0x00,0x00,TEMPERATURE,1,0,OK,15.423,15.425,907.0,58.776,40.0,40.006,-0.006,15.429,344.0,13985.0
2026-08-07 15:04:11.488,15428266,906804,58775484,40.005018,,699.084,0x00,0x00,TEMPERATURE,1,0,OK,15.421,15.425,907.0,58.776,40.0,40.007,-0.007,15.428,344.0,13985.0
2026-08-07 15:04:12.373,15427938,906784,58775452,40.004776,,699.969,0x00,0x00,TEMPERATURE,1,0,OK,15.421,15.425,907.0,58.776,40.0,40.007,-0.007,15.428,344.0,13985.0
2026-08-07 15:04:13.188,15427632,906765,58775420,40.004535,,700.784,0x00,0x00,TEMPERATURE,1,0,OK,15.421,15.425,907.0,58.776,40.0,40.007,-0.007,15.428,344.0,13985.0
2026-08-07 15:04:14.024,15427346,906748,58775356,40.004051,,701.620,0x00,0x00,TEMPERATURE,1,0,OK,15.425,15.423,907.0,58.775,40.0,40.003,-0.003,15.428,344.0,13981.0
2026-08-07 15:04:14.872,15427236,906741,58775336,40.003900,,702.468,0x00,0x00,TEMPERATURE,1,0,OK,15.425,15.423,907.0,58.775,40.0,40.003,-0.003,15.428,344.0,13981.0
2026-08-07 15:04:15.708,15427138,906735,58775320,40.003779,,703.304,0x00,0x00,TEMPERATURE,1,0,OK,15.427,15.423,907.0,58.775,40.0,40.0,0.0,15.428,344.0,13982.0
2026-08-07 15:04:16.523,15427050,906730,58775312,40.003719,,704.119,0x00,0x00,TEMPERATURE,1,0,OK,15.427,15.423,907.0,58.775,40.0,40.0,0.0,15.428,344.0,13982.0
2026-08-07 15:04:17.837,15426980,906725,58775296,40.003598,,705.433,0x00,0x00,TEMPERATURE,1,0,OK,15.427,15.424,907.0,58.775,40.0,40.0,0.0,15.428,344.0,13983.0
2026-08-07 15:04:18.652,15426924,906722,58775280,40.003477,,706.248,0x00,0x00,TEMPERATURE,1,0,OK,15.427,15.424,907.0,58.775,40.0,40.0,0.0,15.428,344.0,13983.0
2026-08-07 15:04:19.488,15427022,906728,58775296,40.003598,,707.084,0x00,0x00,TEMPERATURE,1,0,OK,15.427,15.425,907.0,58.775,40.0,40.001,-0.001,15.428,344.0,13985.0
2026-08-07 15:04:20.372,15426948,906723,58775264,40.003356,,707.968,0x00,0x00,TEMPERATURE,1,0,OK,15.427,15.425,907.0,58.775,40.0,40.001,-0.001,15.428,344.0,13985.0
2026-08-07 15:04:21.187,15426870,906718,58775248,40.003235,,708.783,0x00,0x00,TEMPERATURE,1,0,OK,15.427,15.425,907.0,58.775,40.0,40.001,-0.001,15.428,344.0,13985.0
2026-08-07 15:04:22.023,15426960,906724,58775264,40.003356,,709.619,0x00,0x00,TEMPERATURE,1,0,OK,15.427,15.426,907.0,58.775,40.0,40.001,-0.001,15.428,344.0,13986.0
2026-08-07 15:04:22.873,15426878,906719,58775240,40.003175,,710.469,0x00,0x00,TEMPERATURE,1,0,OK,15.427,15.426,907.0,58.775,40.0,40.001,-0.001,15.428,344.0,13986.0
2026-08-07 15:04:23.709,15426798,906713,58775212,40.002963,,711.305,0x00,0x00,TEMPERATURE,1,0,OK,15.426,15.426,907.0,58.775,40.0,40.001,-0.001,15.427,344.0,13987.0
2026-08-07 15:04:24.524,15426888,906719,58775216,40.002993,,712.120,0x00,0x00,TEMPERATURE,1,0,OK,15.426,15.426,907.0,58.775,40.0,40.001,-0.001,15.427,344.0,13987.0
2026-08-07 15:04:25.838,15426958,906722,58775188,40.002782,,713.434,0x00,0x00,TEMPERATURE,1,0,OK,15.427,15.427,907.0,58.775,40.0,40.0,0.0,15.427,344.0,13987.0
2026-08-07 15:04:26.652,15427026,906726,58775192,40.002812,,714.249,0x00,0x00,TEMPERATURE,1,0,OK,15.427,15.427,907.0,58.775,40.0,40.0,0.0,15.427,344.0,13987.0
2026-08-07 15:04:27.488,15427100,906731,58775184,40.002752,,715.084,0x00,0x00,TEMPERATURE,1,0,OK,15.427,15.428,907.0,58.775,40.0,40.0,0.0,15.427,344.0,13989.0
2026-08-07 15:04:28.372,15427152,906734,58775172,40.002661,,715.968,0x00,0x00,TEMPERATURE,1,0,OK,15.427,15.428,907.0,58.775,40.0,40.0,0.0,15.427,344.0,13989.0
2026-08-07 15:04:29.187,15427024,906725,58775136,40.002389,,716.783,0x00,0x00,TEMPERATURE,1,0,OK,15.427,15.428,907.0,58.775,40.0,40.0,0.0,15.427,344.0,13989.0
2026-08-07 15:04:30.023,15427072,906728,58775140,40.002419,,717.619,0x00,0x00,TEMPERATURE,1,0,OK,15.428,15.427,907.0,58.775,40.0,39.999,0.001,15.427,344.0,13988.0
2026-08-07 15:04:30.872,15427122,906731,58775148,40.002480,,718.468,0x00,0x00,TEMPERATURE,1,0,OK,15.428,15.427,907.0,58.775,40.0,39.999,0.001,15.427,344.0,13988.0
2026-08-07 15:04:31.708,15427172,906734,58775144,40.002450,,719.304,0x00,0x00,TEMPERATURE,1,0,OK,15.427,15.428,907.0,58.775,40.0,40.0,0.0,15.427,344.0,13989.0
2026-08-07 15:04:32.523,15427040,906726,58775080,40.001966,,720.119,0x00,0x00,TEMPERATURE,1,0,OK,15.427,15.428,907.0,58.775,40.0,40.0,0.0,15.427,344.0,13989.0
2026-08-07 15:04:33.837,15427096,906729,58775096,40.002087,,721.433,0x00,0x00,TEMPERATURE,1,0,OK,15.428,15.427,907.0,58.775,40.0,39.999,0.001,15.427,344.0,13988.0
2026-08-07 15:04:34.652,15426974,906721,58775068,40.001875,,722.248,0x00,0x00,TEMPERATURE,1,0,OK,15.428,15.427,907.0,58.775,40.0,39.999,0.001,15.427,344.0,13988.0
2026-08-07 15:04:35.487,15426870,906715,58775040,40.001664,,723.083,0x00,0x00,TEMPERATURE,1,0,OK,15.427,15.427,907.0,58.775,40.0,40.0,0.0,15.427,344.0,13987.0
2026-08-07 15:04:36.372,15426956,906720,58775048,40.001724,,723.968,0x00,0x00,TEMPERATURE,1,0,OK,15.427,15.427,907.0,58.775,40.0,40.0,0.0,15.427,344.0,13987.0
2026-08-07 15:04:37.187,15427040,906725,58775060,40.001815,,724.783,0x00,0x00,TEMPERATURE,1,0,OK,15.427,15.427,907.0,58.775,40.0,40.0,0.0,15.427,344.0,13987.0
2026-08-07 15:04:38.023,15427118,906730,58775076,40.001936,,725.619,0x00,0x00,TEMPERATURE,1,0,OK,15.426,15.427,907.0,58.775,40.0,40.001,-0.001,15.427,344.0,13989.0
2026-08-07 15:04:38.873,15427022,906724,58775060,40.001815,,726.469,0x00,0x00,TEMPERATURE,1,0,OK,15.426,15.427,907.0,58.775,40.0,40.001,-0.001,15.427,344.0,13989.0
2026-08-07 15:04:39.708,15426928,906718,58775048,40.001724,,727.305,0x00,0x00,TEMPERATURE,1,0,OK,15.426,15.427,907.0,58.775,40.0,40.001,-0.001,15.427,344.0,13988.0
2026-08-07 15:04:40.523,15426828,906713,58775048,40.001724,,728.120,0x00,0x00,TEMPERATURE,1,0,OK,15.426,15.427,907.0,58.775,40.0,40.001,-0.001,15.427,344.0,13988.0
2026-08-07 15:04:41.837,15426908,906718,58775076,40.001936,,729.434,0x00,0x00,TEMPERATURE,1,0,OK,15.428,15.426,907.0,58.775,40.0,40.0,0.0,15.427,344.0,13986.0
2026-08-07 15:04:42.652,15426994,906723,58775080,40.001966,,730.249,0x00,0x00,TEMPERATURE,1,0,OK,15.428,15.426,907.0,58.775,40.0,40.0,0.0,15.427,344.0,13986.0
2026-08-07 15:04:43.488,15427074,906727,58775076,40.001936,,731.085,0x00,0x00,TEMPERATURE,1,0,OK,15.427,15.427,907.0,58.775,40.0,40.0,0.0,15.427,344.0,13988.0
2026-08-07 15:04:44.371,15427156,906732,58775076,40.001936,,731.968,0x00,0x00,TEMPERATURE,1,0,OK,15.427,15.427,907.0,58.775,40.0,40.0,0.0,15.427,344.0,13988.0
2026-08-07 15:04:45.186,15427236,906737,58775080,40.001966,,732.783,0x00,0x00,TEMPERATURE,1,0,OK,15.427,15.427,907.0,58.775,40.0,40.0,0.0,15.427,344.0,13988.0
2026-08-07 15:04:46.022,15427146,906731,58775032,40.001603,,733.619,0x00,0x00,TEMPERATURE,1,0,OK,15.426,15.428,907.0,58.775,40.0,40.001,-0.001,15.427,344.0,13990.0
2026-08-07 15:04:46.873,15427068,906726,58774976,40.001180,,734.470,0x00,0x00,TEMPERATURE,1,0,OK,15.426,15.428,907.0,58.775,40.0,40.001,-0.001,15.427,344.0,13990.0
2026-08-07 15:04:47.709,15427160,906731,58774960,40.001059,,735.306,0x00,0x00,TEMPERATURE,1,0,OK,15.43,15.427,907.0,58.774,40.0,39.997,0.003,15.427,344.0,13988.0
2026-08-07 15:04:48.524,15427250,906736,58774940,40.000908,,736.121,0x00,0x00,TEMPERATURE,1,0,OK,15.43,15.427,907.0,58.774,40.0,39.997,0.003,15.427,344.0,13988.0
2026-08-07 15:04:49.838,15427314,906739,58774928,40.000818,,737.435,0x00,0x00,TEMPERATURE,1,0,OK,15.43,15.428,907.0,58.775,40.0,39.998,0.002,15.427,344.0,13989.0
2026-08-07 15:04:50.653,15427380,906743,58774912,40.000697,,738.250,0x00,0x00,TEMPERATURE,1,0,OK,15.43,15.428,907.0,58.775,40.0,39.998,0.002,15.427,344.0,13989.0
2026-08-07 15:04:51.489,15427446,906747,58774916,40.000727,,739.086,0x00,0x00,TEMPERATURE,1,0,OK,15.429,15.428,907.0,58.775,40.0,39.999,0.001,15.428,344.0,13990.0
2026-08-07 15:04:52.372,15427506,906750,58774916,40.000727,,739.969,0x00,0x00,TEMPERATURE,1,0,OK,15.429,15.428,907.0,58.775,40.0,39.999,0.001,15.428,344.0,13990.0
2026-08-07 15:04:53.187,15427566,906754,58774924,40.000787,,740.784,0x00,0x00,TEMPERATURE,1,0,OK,15.429,15.428,907.0,58.775,40.0,39.999,0.001,15.428,344.0,13990.0
2026-08-07 15:04:54.023,15427618,906757,58774928,40.000818,,741.620,0x00,0x00,TEMPERATURE,1,0,OK,15.427,15.428,907.0,58.775,40.0,40.0,0.0,15.428,344.0,13991.0
2026-08-07 15:04:54.871,15427662,906760,58774940,40.000908,,742.468,0x00,0x00,TEMPERATURE,1,0,OK,15.427,15.428,907.0,58.775,40.0,40.0,0.0,15.428,344.0,13991.0
2026-08-07 15:04:55.707,15427712,906763,58774956,40.001029,,743.304,0x00,0x00,TEMPERATURE,1,0,OK,15.425,15.429,907.0,58.775,40.0,40.002,-0.002,15.427,344.0,13991.0
2026-08-07 15:04:56.522,15427586,906755,58774924,40.000787,,744.119,0x00,0x00,TEMPERATURE,1,0,OK,15.425,15.429,907.0,58.775,40.0,40.002,-0.002,15.427,344.0,13991.0
2026-08-07 15:04:57.836,15427492,906749,58774908,40.000667,,745.433,0x00,0x00,TEMPERATURE,1,0,OK,15.426,15.428,907.0,58.775,40.0,40.002,-0.002,15.427,344.0,13989.0
2026-08-07 15:04:58.651,15427396,906744,58774900,40.000606,,746.248,0x00,0x00,TEMPERATURE,1,0,OK,15.426,15.428,907.0,58.775,40.0,40.002,-0.002,15.427,344.0,13989.0
2026-08-07 15:04:59.486,15427304,906738,58774884,40.000485,,747.083,0x00,0x00,TEMPERATURE,1,0,OK,15.427,15.426,907.0,58.775,40.0,40.0,0.0,15.427,344.0,13987.0
2026-08-07 15:05:00.372,15427206,906732,58774860,40.000304,,747.969,0x00,0x00,TEMPERATURE,1,0,OK,15.427,15.426,907.0,58.775,40.0,40.0,0.0,15.427,344.0,13987.0
2026-08-07 15:05:01.187,15427106,906726,58774844,40.000183,,748.784,0x00,0x00,TEMPERATURE,1,0,OK,15.427,15.426,907.0,58.775,40.0,40.0,0.0,15.427,344.0,13987.0
2026-08-07 15:05:02.022,15427168,906730,58774872,40.000395,,749.619,0x00,0x00,TEMPERATURE,1,0,OK,15.429,15.426,907.0,58.775,40.0,39.999,0.001,15.427,344.0,13985.0
2026-08-07 15:05:02.871,15427238,906735,58774908,40.000667,,750.467,0x00,0x00,TEMPERATURE,1,0,OK,15.429,15.426,907.0,58.775,40.0,39.999,0.001,15.427,344.0,13985.0
2026-08-07 15:05:03.707,15427310,906739,58774928,40.000818,,751.304,0x00,0x00,TEMPERATURE,1,0,OK,15.426,15.427,907.0,58.775,40.0,40.002,-0.002,15.427,344.0,13988.0
2026-08-07 15:05:04.522,15427198,906732,58774904,40.000636,,752.118,0x00,0x00,TEMPERATURE,1,0,OK,15.426,15.427,907.0,58.775,40.0,40.002,-0.002,15.427,344.0,13988.0
2026-08-07 15:05:05.836,15427270,906737,58774936,40.000878,,753.433,0x00,0x00,TEMPERATURE,1,0,OK,15.427,15.427,907.0,58.775,40.0,40.001,-0.001,15.427,344.0,13988.0
2026-08-07 15:05:06.651,15427326,906741,58774964,40.001090,,754.248,0x00,0x00,TEMPERATURE,1,0,OK,15.427,15.427,907.0,58.775,40.0,40.001,-0.001,15.427,344.0,13988.0
2026-08-07 15:05:07.487,15427206,906733,58774956,40.001029,,755.084,0x00,0x00,TEMPERATURE,1,0,OK,15.425,15.427,907.0,58.775,40.0,40.002,-0.002,15.427,344.0,13989.0
2026-08-07 15:05:08.372,15427086,906726,58774916,40.000727,,755.968,0x00,0x00,TEMPERATURE,1,0,OK,15.425,15.427,907.0,58.775,40.0,40.002,-0.002,15.427,344.0,13989.0
2026-08-07 15:05:09.187,15426976,906719,58774892,40.000546,,756.784,0x00,0x00,TEMPERATURE,1,0,OK,15.425,15.427,907.0,58.775,40.0,40.002,-0.002,15.427,344.0,13989.0
2026-08-07 15:05:10.023,15427018,906721,58774900,40.000606,,757.620,0x00,0x00,TEMPERATURE,1,0,OK,15.428,15.426,907.0,58.775,40.0,39.999,0.001,15.427,344.0,13986.0
2026-08-07 15:05:10.872,15427062,906724,58774928,40.000818,,758.468,0x00,0x00,TEMPERATURE,1,0,OK,15.428,15.426,907.0,58.775,40.0,39.999,0.001,15.427,344.0,13986.0
2026-08-07 15:05:11.708,15427104,906727,58774960,40.001059,,759.305,0x00,0x00,TEMPERATURE,1,0,OK,15.425,15.427,907.0,58.775,40.0,40.002,-0.002,15.427,344.0,13987.0
2026-08-07 15:05:12.523,15426988,906721,58774956,40.001029,,760.119,0x00,0x00,TEMPERATURE,1,0,OK,15.425,15.427,907.0,58.775,40.0,40.002,-0.002,15.427,344.0,13987.0
2026-08-07 15:05:13.837,15426866,906713,58774932,40.000848,,761.433,0x00,0x00,TEMPERATURE,1,0,OK,15.425,15.426,907.0,58.775,40.0,40.002,-0.002,15.427,344.0,13987.0
2026-08-07 15:05:14.652,15426734,906705,58774904,40.000636,,762.249,0x00,0x00,TEMPERATURE,1,0,OK,15.425,15.426,907.0,58.775,40.0,40.002,-0.002,15.427,344.0,13987.0
2026-08-07 15:05:15.488,15426790,906708,58774908,40.000667,,763.085,0x00,0x00,TEMPERATURE,1,0,OK,15.427,15.425,907.0,58.775,40.0,39.999,0.001,15.427,344.0,13985.0
2026-08-07 15:05:16.372,15426844,906712,58774924,40.000787,,763.968,0x00,0x00,TEMPERATURE,1,0,OK,15.427,15.425,907.0,58.775,40.0,39.999,0.001,15.427,344.0,13985.0
2026-08-07 15:05:17.187,15426732,906705,58774912,40.000697,,764.783,0x00,0x00,TEMPERATURE,1,0,OK,15.427,15.425,907.0,58.775,40.0,39.999,0.001,15.427,344.0,13985.0
2026-08-07 15:05:18.023,15426634,906699,58774912,40.000697,,765.619,0x00,0x00,TEMPERATURE,1,0,OK,15.425,15.426,907.0,58.775,40.0,40.001,-0.001,15.427,344.0,13986.0
2026-08-07 15:05:18.872,15426530,906693,58774900,40.000606,,766.468,0x00,0x00,TEMPERATURE,1,0,OK,15.425,15.426,907.0,58.775,40.0,40.001,-0.001,15.427,344.0,13986.0
2026-08-07 15:05:19.708,15426582,906696,58774916,40.000727,,767.304,0x00,0x00,TEMPERATURE,1,0,OK,15.427,15.425,907.0,58.775,40.0,40.0,0.0,15.427,344.0,13985.0
2026-08-07 15:05:20.523,15426632,906699,58774936,40.000878,,768.119,0x00,0x00,TEMPERATURE,1,0,OK,15.427,15.425,907.0,58.775,40.0,40.0,0.0,15.427,344.0,13985.0
2026-08-07 15:05:21.837,15426688,906703,58774932,40.000848,,769.433,0x00,0x00,TEMPERATURE,1,0,OK,15.426,15.426,907.0,58.775,40.0,40.001,-0.001,15.427,344.0,13987.0
2026-08-07 15:05:22.652,15426734,906705,58774928,40.000818,,770.248,0x00,0x00,TEMPERATURE,1,0,OK,15.426,15.426,907.0,58.775,40.0,40.001,-0.001,15.427,344.0,13987.0
2026-08-07 15:05:23.487,15426780,906707,58774900,40.000606,,771.083,0x00,0x00,TEMPERATURE,1,0,OK,15.427,15.427,907.0,58.775,40.0,39.999,0.001,15.427,344.0,13987.0
2026-08-07 15:05:24.372,15426810,906709,58774876,40.000425,,771.968,0x00,0x00,TEMPERATURE,1,0,OK,15.427,15.427,907.0,58.775,40.0,39.999,0.001,15.427,344.0,13987.0
2026-08-07 15:05:25.187,15426844,906710,58774852,40.000243,,772.783,0x00,0x00,TEMPERATURE,1,0,OK,15.427,15.427,907.0,58.775,40.0,39.999,0.001,15.427,344.0,13987.0
2026-08-07 15:05:26.023,15426890,906713,58774816,39.999971,,773.619,0x00,0x00,TEMPERATURE,1,0,OK,15.429,15.427,907.0,58.775,40.0,39.998,0.002,15.427,344.0,13988.0
2026-08-07 15:05:26.872,15426936,906715,58774796,39.999820,,774.468,0x00,0x00,TEMPERATURE,1,0,OK,15.429,15.427,907.0,58.775,40.0,39.998,0.002,15.427,344.0,13988.0
2026-08-07 15:05:27.708,15426992,906718,58774772,39.999639,,775.304,0x00,0x00,TEMPERATURE,1,0,OK,15.43,15.427,907.0,58.774,40.0,39.997,0.003,15.427,344.0,13989.0
2026-08-07 15:05:28.523,15427028,906720,58774756,39.999518,,776.119,0x00,0x00,TEMPERATURE,1,0,OK,15.43,15.427,907.0,58.774,40.0,39.997,0.003,15.427,344.0,13989.0
2026-08-07 15:05:29.837,15427206,906730,58774732,39.999337,,777.433,0x00,0x00,TEMPERATURE,1,0,OK,15.431,15.428,907.0,58.774,40.0,39.996,0.004,15.427,344.0,13989.0
2026-08-07 15:05:30.651,15427380,906740,58774708,39.999156,,778.248,0x00,0x00,TEMPERATURE,1,0,OK,15.431,15.428,907.0,58.774,40.0,39.996,0.004,15.427,344.0,13989.0
2026-08-07 15:05:31.487,15427546,906749,58774688,39.999004,,779.084,0x00,0x00,TEMPERATURE,1,0,OK,15.432,15.429,907.0,58.774,40.0,39.995,0.005,15.428,344.0,13991.0
2026-08-07 15:05:32.373,15427696,906758,58774664,39.998823,,779.969,0x00,0x00,TEMPERATURE,1,0,OK,15.432,15.429,907.0,58.774,40.0,39.995,0.005,15.428,344.0,13991.0
2026-08-07 15:05:33.188,15427840,906766,58774640,39.998642,,780.784,0x00,0x00,TEMPERATURE,1,0,OK,15.432,15.429,907.0,58.774,40.0,39.995,0.005,15.428,344.0,13991.0
2026-08-07 15:05:34.024,15428150,906784,58774664,39.998823,,781.620,0x00,0x00,TEMPERATURE,1,0,OK,15.433,15.43,907.0,58.774,40.0,39.995,0.005,15.429,345.0,13993.0
2026-08-07 15:05:34.872,15428450,906803,58774700,39.999095,,782.468,0x00,0x00,TEMPERATURE,1,0,OK,15.433,15.43,907.0,58.774,40.0,39.995,0.005,15.429,345.0,13993.0
2026-08-07 15:05:35.708,15428752,906821,58774728,39.999307,,783.304,0x00,0x00,TEMPERATURE,1,0,OK,15.43,15.432,907.0,58.775,40.0,39.999,0.001,15.429,345.0,13997.0
2026-08-07 15:05:36.523,15428866,906827,58774700,39.999095,,784.119,0x00,0x00,TEMPERATURE,1,0,OK,15.43,15.432,907.0,58.775,40.0,39.999,0.001,15.429,345.0,13997.0
2026-08-07 15:05:37.837,15428972,906833,58774664,39.998823,,785.433,0x00,0x00,TEMPERATURE,1,0,OK,15.43,15.432,907.0,58.775,40.0,39.999,0.001,15.429,344.0,13997.0
2026-08-07 15:05:38.652,15429062,906837,58774632,39.998581,,786.248,0x00,0x00,TEMPERATURE,1,0,OK,15.43,15.432,907.0,58.775,40.0,39.999,0.001,15.429,344.0,13997.0
2026-08-07 15:05:39.487,15429150,906842,58774612,39.998430,,787.083,0x00,0x00,TEMPERATURE,1,0,OK,15.432,15.431,907.0,58.774,40.0,39.997,0.003,15.429,345.0,13996.0
2026-08-07 15:05:40.373,15429232,906847,58774588,39.998249,,787.969,0x00,0x00,TEMPERATURE,1,0,OK,15.432,15.431,907.0,58.774,40.0,39.997,0.003,15.429,345.0,13996.0
2026-08-07 15:05:41.187,15429470,906861,58774588,39.998249,,788.784,0x00,0x00,TEMPERATURE,1,0,OK,15.432,15.431,907.0,58.774,40.0,39.997,0.003,15.429,345.0,13996.0
2026-08-07 15:05:42.023,15429704,906875,58774604,39.998370,,789.620,0x00,0x00,TEMPERATURE,1,0,OK,15.433,15.432,907.0,58.774,40.0,39.996,0.004,15.43,345.0,13997.0
2026-08-07 15:05:42.872,15429928,906888,58774600,39.998340,,790.469,0x00,0x00,TEMPERATURE,1,0,OK,15.433,15.432,907.0,58.774,40.0,39.996,0.004,15.43,345.0,13997.0
2026-08-07 15:05:43.708,15430146,906901,58774592,39.998279,,791.305,0x00,0x00,TEMPERATURE,1,0,OK,15.433,15.433,907.0,58.774,40.0,39.997,0.003,15.43,345.0,13999.0
2026-08-07 15:05:44.523,15430346,906912,58774568,39.998098,,792.120,0x00,0x00,TEMPERATURE,1,0,OK,15.433,15.433,907.0,58.774,40.0,39.997,0.003,15.43,345.0,13999.0
2026-08-07 15:05:45.837,15430524,906922,58774532,39.997826,,793.434,0x00,0x00,TEMPERATURE,1,0,OK,15.434,15.433,907.0,58.774,40.0,39.997,0.003,15.43,345.0,13999.0
2026-08-07 15:05:46.652,15430694,906932,58774536,39.997856,,794.249,0x00,0x00,TEMPERATURE,1,0,OK,15.434,15.433,907.0,58.774,40.0,39.997,0.003,15.43,345.0,13999.0
2026-08-07 15:05:47.488,15430870,906943,58774560,39.998037,,795.085,0x00,0x00,TEMPERATURE,1,0,OK,15.433,15.434,907.0,58.774,40.0,39.997,0.003,15.43,345.0,14000.0
2026-08-07 15:05:48.371,15431050,906953,58774576,39.998158,,795.968,0x00,0x00,TEMPERATURE,1,0,OK,15.433,15.434,907.0,58.774,40.0,39.997,0.003,15.43,345.0,14000.0
2026-08-07 15:05:49.187,15431054,906953,58774540,39.997886,,796.783,0x00,0x00,TEMPERATURE,1,0,OK,15.433,15.434,907.0,58.774,40.0,39.997,0.003,15.43,345.0,14000.0
2026-08-07 15:05:50.022,15431060,906953,58774520,39.997735,,797.619,0x00,0x00,TEMPERATURE,1,0,OK,15.433,15.433,907.0,58.775,40.0,39.998,0.002,15.431,345.0,13999.0
2026-08-07 15:05:50.873,15431064,906953,58774504,39.997614,,798.470,0x00,0x00,TEMPERATURE,1,0,OK,15.433,15.433,907.0,58.775,40.0,39.998,0.002,15.431,345.0,13999.0
2026-08-07 15:05:51.709,15431248,906964,58774520,39.997735,,799.305,0x00,0x00,TEMPERATURE,1,0,OK,15.434,15.432,907.0,58.774,40.0,39.997,0.003,15.431,345.0,13998.0
2026-08-07 15:05:52.524,15431422,906975,58774536,39.997856,,800.121,0x00,0x00,TEMPERATURE,1,0,OK,15.434,15.432,907.0,58.774,40.0,39.997,0.003,15.431,345.0,13998.0
2026-08-07 15:05:53.838,15431564,906983,58774508,39.997645,,801.435,0x00,0x00,TEMPERATURE,1,0,OK,15.434,15.433,907.0,58.774,40.0,39.997,0.003,15.431,345.0,13999.0
2026-08-07 15:05:54.653,15431706,906990,58774468,39.997342,,802.250,0x00,0x00,TEMPERATURE,1,0,OK,15.434,15.433,907.0,58.774,40.0,39.997,0.003,15.431,345.0,13999.0
2026-08-07 15:05:55.489,15431852,906999,58774468,39.997342,,803.086,0x00,0x00,TEMPERATURE,1,0,OK,15.436,15.434,907.0,58.774,40.0,39.995,0.005,15.432,345.0,14000.0
2026-08-07 15:05:56.373,15431994,907007,58774436,39.997101,,803.970,0x00,0x00,TEMPERATURE,1,0,OK,15.436,15.434,907.0,58.774,40.0,39.995,0.005,15.432,345.0,14000.0
2026-08-07 15:05:57.188,15432122,907014,58774428,39.997040,,804.785,0x00,0x00,TEMPERATURE,1,0,OK,15.436,15.434,907.0,58.774,40.0,39.995,0.005,15.432,345.0,14000.0
2026-08-07 15:05:58.024,15432238,907021,58774404,39.996859,,805.621,0x00,0x00,TEMPERATURE,1,0,OK,15.438,15.434,907.0,58.774,40.0,39.995,0.005,15.432,345.0,14001.0
2026-08-07 15:05:58.873,15432526,907038,58774412,39.996919,,806.470,0x00,0x00,TEMPERATURE,1,0,OK,15.438,15.434,907.0,58.774,40.0,39.995,0.005,15.432,345.0,14001.0
2026-08-07 15:05:59.709,15432814,907055,58774436,39.997101,,807.305,0x00,0x00,TEMPERATURE,1,0,OK,15.436,15.435,907.0,58.774,40.0,39.996,0.004,15.433,345.0,14003.0
2026-08-07 15:06:00.524,15433072,907070,58774440,39.997131,,808.120,0x00,0x00,TEMPERATURE,1,0,OK,15.436,15.435,907.0,58.774,40.0,39.996,0.004,15.433,345.0,14003.0
2026-08-07 15:06:01.838,15433292,907083,58774448,39.997191,,809.435,0x00,0x00,TEMPERATURE,1,0,OK,15.436,15.436,907.0,58.774,40.0,39.997,0.003,15.433,345.0,14005.0
2026-08-07 15:06:02.653,15433492,907095,58774472,39.997373,,810.250,0x00,0x00,TEMPERATURE,1,0,OK,15.436,15.436,907.0,58.774,40.0,39.997,0.003,15.433,345.0,14005.0
2026-08-07 15:06:03.489,15433512,907096,58774460,39.997282,,811.085,0x00,0x00,TEMPERATURE,1,0,OK,15.435,15.437,907.0,58.775,40.0,39.998,0.002,15.433,345.0,14005.0
2026-08-07 15:06:04.373,15433540,907097,58774424,39.997010,,811.969,0x00,0x00,TEMPERATURE,1,0,OK,15.435,15.437,907.0,58.775,40.0,39.998,0.002,15.433,345.0,14005.0
2026-08-07 15:06:05.188,15433742,907109,58774420,39.996980,,812.784,0x00,0x00,TEMPERATURE,1,0,OK,15.435,15.437,907.0,58.775,40.0,39.998,0.002,15.433,345.0,14005.0
2026-08-07 15:06:06.024,15433932,907120,58774384,39.996708,,813.621,0x00,0x00,TEMPERATURE,1,0,OK,15.438,15.436,907.0,58.774,40.0,39.995,0.005,15.434,345.0,14004.0
2026-08-07 15:06:06.871,15434124,907131,58774356,39.996496,,814.467,0x00,0x00,TEMPERATURE,1,0,OK,15.438,15.436,907.0,58.774,40.0,39.995,0.005,15.434,345.0,14004.0
2026-08-07 15:06:07.707,15434316,907142,58774336,39.996345,,815.304,0x00,0x00,TEMPERATURE,1,0,OK,15.44,15.437,907.0,58.774,40.0,39.994,0.006,15.434,345.0,14005.0
2026-08-07 15:06:08.522,15434506,907153,58774340,39.996375,,816.119,0x00,0x00,TEMPERATURE,1,0,OK,15.44,15.437,907.0,58.774,40.0,39.994,0.006,15.434,345.0,14005.0
2026-08-07 15:06:09.836,15434850,907174,58774376,39.996647,,817.432,0x00,0x00,TEMPERATURE,1,0,OK,15.44,15.437,907.0,58.774,40.0,39.995,0.005,15.435,345.0,14006.0
2026-08-07 15:06:10.651,15435188,907194,58774420,39.996980,,818.248,0x00,0x00,TEMPERATURE,1,0,OK,15.44,15.437,907.0,58.774,40.0,39.995,0.005,15.435,345.0,14006.0
2026-08-07 15:06:11.486,15435336,907203,58774424,39.997010,,819.083,0x00,0x00,TEMPERATURE,1,0,OK,15.437,15.439,907.0,58.775,40.0,39.998,0.002,15.435,345.0,14010.0
2026-08-07 15:06:12.372,15435484,907211,58774408,39.996889,,819.968,0x00,0x00,TEMPERATURE,1,0,OK,15.437,15.439,907.0,58.775,40.0,39.998,0.002,15.435,345.0,14010.0
2026-08-07 15:06:13.187,15435622,907220,58774412,39.996919,,820.783,0x00,0x00,TEMPERATURE,1,0,OK,15.437,15.439,907.0,58.775,40.0,39.998,0.002,15.435,345.0,14010.0
2026-08-07 15:06:14.023,15435762,907228,58774432,39.997070,,821.620,0x00,0x00,TEMPERATURE,1,0,OK,15.437,15.439,907.0,58.775,40.0,39.998,0.002,15.435,345.0,14009.0
2026-08-07 15:06:14.873,15435894,907236,58774444,39.997161,,822.469,0x00,0x00,TEMPERATURE,1,0,OK,15.437,15.439,907.0,58.775,40.0,39.998,0.002,15.435,345.0,14009.0
2026-08-07 15:06:15.709,15436020,907243,58774432,39.997070,,823.306,0x00,0x00,TEMPERATURE,1,0,OK,15.438,15.439,907.0,58.775,40.0,39.998,0.002,15.435,345.0,14009.0
2026-08-07 15:06:16.524,15436136,907250,58774424,39.997010,,824.121,0x00,0x00,TEMPERATURE,1,0,OK,15.438,15.439,907.0,58.775,40.0,39.998,0.002,15.435,345.0,14009.0
2026-08-07 15:06:17.838,15436258,907257,58774428,39.997040,,825.434,0x00,0x00,TEMPERATURE,1,0,OK,15.438,15.438,907.0,58.775,40.0,39.998,0.002,15.436,345.0,14009.0
2026-08-07 15:06:18.653,15436384,907265,58774436,39.997101,,826.249,0x00,0x00,TEMPERATURE,1,0,OK,15.438,15.438,907.0,58.775,40.0,39.998,0.002,15.436,345.0,14009.0
2026-08-07 15:06:19.488,15436484,907271,58774448,39.997191,,827.084,0x00,0x00,TEMPERATURE,1,0,OK,15.438,15.439,907.0,58.775,40.0,39.998,0.002,15.436,345.0,14009.0
2026-08-07 15:06:20.373,15436562,907276,58774464,39.997312,,827.969,0x00,0x00,TEMPERATURE,1,0,OK,15.438,15.439,907.0,58.775,40.0,39.998,0.002,15.436,345.0,14009.0
2026-08-07 15:06:21.188,15436636,907280,58774496,39.997554,,828.785,0x00,0x00,TEMPERATURE,1,0,OK,15.438,15.439,907.0,58.775,40.0,39.998,0.002,15.436,345.0,14009.0
2026-08-07 15:06:22.024,15436714,907286,58774556,39.998007,,829.620,0x00,0x00,TEMPERATURE,1,0,OK,15.437,15.438,907.0,58.775,40.0,39.999,0.001,15.436,345.0,14008.0
2026-08-07 15:06:22.873,15436778,907291,58774600,39.998340,,830.469,0x00,0x00,TEMPERATURE,1,0,OK,15.437,15.438,907.0,58.775,40.0,39.999,0.001,15.436,345.0,14008.0
2026-08-07 15:06:23.708,15436686,907285,58774596,39.998309,,831.305,0x00,0x00,TEMPERATURE,1,0,OK,15.434,15.438,907.0,58.775,40.0,40.002,-0.002,15.436,345.0,14008.0
2026-08-07 15:06:24.524,15436594,907279,58774592,39.998279,,832.120,0x00,0x00,TEMPERATURE,1,0,OK,15.434,15.438,907.0,58.775,40.0,40.002,-0.002,15.436,345.0,14008.0
2026-08-07 15:06:25.838,15436498,907274,58774596,39.998309,,833.434,0x00,0x00,TEMPERATURE,1,0,OK,15.435,15.437,907.0,58.775,40.0,40.001,-0.001,15.436,345.0,14006.0
2026-08-07 15:06:26.653,15436404,907269,58774600,39.998340,,834.249,0x00,0x00,TEMPERATURE,1,0,OK,15.435,15.437,907.0,58.775,40.0,40.001,-0.001,15.436,345.0,14006.0
2026-08-07 15:06:27.488,15436316,907264,58774620,39.998491,,835.084,0x00,0x00,TEMPERATURE,1,0,OK,15.436,15.436,907.0,58.775,40.0,40.0,0.0,15.436,345.0,14003.0
2026-08-07 15:06:28.372,15436246,907260,58774624,39.998521,,835.968,0x00,0x00,TEMPERATURE,1,0,OK,15.436,15.436,907.0,58.775,40.0,40.0,0.0,15.436,345.0,14003.0
2026-08-07 15:06:29.187,15436176,907256,58774628,39.998551,,836.783,0x00,0x00,TEMPERATURE,1,0,OK,15.436,15.436,907.0,58.775,40.0,40.0,0.0,15.436,345.0,14003.0
2026-08-07 15:06:30.023,15436090,907250,58774604,39.998370,,837.619,0x00,0x00,TEMPERATURE,1,0,OK,15.437,15.435,907.0,58.775,40.0,39.999,0.001,15.436,345.0,14003.0
2026-08-07 15:06:30.872,15436180,907256,58774644,39.998672,,838.468,0x00,0x00,TEMPERATURE,1,0,OK,15.437,15.435,907.0,58.775,40.0,39.999,0.001,15.436,345.0,14003.0
2026-08-07 15:06:31.708,15436252,907261,58774668,39.998853,,839.304,0x00,0x00,TEMPERATURE,1,0,OK,15.438,15.436,907.0,58.775,40.0,39.998,0.002,15.436,345.0,14004.0
2026-08-07 15:06:32.523,15436306,907264,58774708,39.999156,,840.119,0x00,0x00,TEMPERATURE,1,0,OK,15.438,15.436,907.0,58.775,40.0,39.998,0.002,15.436,345.0,14004.0
2026-08-07 15:06:33.837,15436370,907269,58774732,39.999337,,841.433,0x00,0x00,TEMPERATURE,1,0,OK,15.436,15.436,907.0,58.775,40.0,40.0,0.0,15.436,345.0,14005.0
2026-08-07 15:06:34.652,15436266,907262,58774700,39.999095,,842.248,0x00,0x00,TEMPERATURE,1,0,OK,15.436,15.436,907.0,58.775,40.0,40.0,0.0,15.436,345.0,14005.0
2026-08-07 15:06:35.488,15436164,907256,58774704,39.999125,,843.084,0x00,0x00,TEMPERATURE,1,0,OK,15.436,15.436,907.0,58.775,40.0,40.0,0.0,15.436,345.0,14005.0
2026-08-07 15:06:36.372,15436084,907251,58774704,39.999125,,843.968,0x00,0x00,TEMPERATURE,1,0,OK,15.436,15.436,907.0,58.775,40.0,40.0,0.0,15.436,345.0,14005.0
2026-08-07 15:06:37.187,15435994,907245,58774664,39.998823,,844.783,0x00,0x00,TEMPERATURE,1,0,OK,15.436,15.436,907.0,58.775,40.0,40.0,0.0,15.436,345.0,14005.0
2026-08-07 15:06:38.022,15436064,907249,58774652,39.998732,,845.619,0x00,0x00,TEMPERATURE,1,0,OK,15.439,15.435,907.0,58.774,40.0,39.997,0.003,15.436,345.0,14003.0
2026-08-07 15:06:38.873,15436132,907254,58774680,39.998944,,846.469,0x00,0x00,TEMPERATURE,1,0,OK,15.439,15.435,907.0,58.774,40.0,39.997,0.003,15.436,345.0,14003.0
2026-08-07 15:06:39.709,15436196,907258,58774724,39.999276,,847.305,0x00,0x00,TEMPERATURE,1,0,OK,15.437,15.436,907.0,58.775,40.0,39.999,0.001,15.436,345.0,14005.0
2026-08-07 15:06:40.523,15436256,907262,58774748,39.999458,,848.120,0x00,0x00,TEMPERATURE,1,0,OK,15.437,15.436,907.0,58.775,40.0,39.999,0.001,15.436,345.0,14005.0
2026-08-07 15:06:41.838,15436318,907266,58774780,39.999700,,849.434,0x00,0x00,TEMPERATURE,1,0,OK,15.435,15.437,907.0,58.775,40.0,40.001,-0.001,15.436,345.0,14006.0
2026-08-07 15:06:42.652,15436214,907259,58774740,39.999397,,850.249,0x00,0x00,TEMPERATURE,1,0,OK,15.435,15.437,907.0,58.775,40.0,40.001,-0.001,15.436,345.0,14006.0
2026-08-07 15:06:43.487,15436116,907253,58774724,39.999276,,851.084,0x00,0x00,TEMPERATURE,1,0,OK,15.437,15.436,907.0,58.775,40.0,39.999,0.001,15.436,345.0,14005.0
2026-08-07 15:06:44.371,15436184,907257,58774724,39.999276,,851.968,0x00,0x00,TEMPERATURE,1,0,OK,15.437,15.436,907.0,58.775,40.0,39.999,0.001,15.436,345.0,14005.0
2026-08-07 15:06:45.186,15436244,907261,58774704,39.999125,,852.783,0x00,0x00,TEMPERATURE,1,0,OK,15.437,15.436,907.0,58.775,40.0,39.999,0.001,15.436,345.0,14005.0
2026-08-07 15:06:46.022,15436300,907264,58774680,39.998944,,853.619,0x00,0x00,TEMPERATURE,1,0,OK,15.437,15.437,907.0,58.775,40.0,39.999,0.001,15.436,345.0,14005.0
2026-08-07 15:06:46.871,15436346,907266,58774668,39.998853,,854.468,0x00,0x00,TEMPERATURE,1,0,OK,15.437,15.437,907.0,58.775,40.0,39.999,0.001,15.436,345.0,14005.0
2026-08-07 15:06:47.707,15436396,907269,58774636,39.998612,,855.304,0x00,0x00,TEMPERATURE,1,0,OK,15.439,15.437,907.0,58.775,40.0,39.998,0.002,15.436,345.0,14006.0
2026-08-07 15:06:48.522,15436450,907271,58774612,39.998430,,856.119,0x00,0x00,TEMPERATURE,1,0,OK,15.439,15.437,907.0,58.775,40.0,39.998,0.002,15.436,345.0,14006.0
2026-08-07 15:06:49.836,15436508,907275,58774592,39.998279,,857.433,0x00,0x00,TEMPERATURE,1,0,OK,15.44,15.437,907.0,58.774,40.0,39.996,0.004,15.437,345.0,14006.0
2026-08-07 15:06:50.651,15436734,907288,58774600,39.998340,,858.248,0x00,0x00,TEMPERATURE,1,0,OK,15.44,15.437,907.0,58.774,40.0,39.996,0.004,15.437,345.0,14006.0
2026-08-07 15:06:51.487,15436950,907300,58774580,39.998189,,859.084,0x00,0x00,TEMPERATURE,1,0,OK,15.442,15.438,907.0,58.774,40.0,39.995,0.005,15.437,345.0,14008.0
2026-08-07 15:06:52.371,15437162,907312,58774564,39.998068,,859.968,0x00,0x00,TEMPERATURE,1,0,OK,15.442,15.438,907.0,58.774,40.0,39.995,0.005,15.437,345.0,14008.0
2026-08-07 15:06:53.186,15437370,907325,58774564,39.998068,,860.783,0x00,0x00,TEMPERATURE,1,0,OK,15.442,15.438,907.0,58.774,40.0,39.995,0.005,15.437,345.0,14008.0
2026-08-07 15:06:54.022,15437570,907336,58774544,39.997917,,861.619,0x00,0x00,TEMPERATURE,1,0,OK,15.442,15.44,907.0,58.774,40.0,39.996,0.004,15.438,345.0,14011.0
2026-08-07 15:06:54.872,15437744,907347,58774552,39.997977,,862.469,0x00,0x00,TEMPERATURE,1,0,OK,15.442,15.44,907.0,58.774,40.0,39.996,0.004,15.438,345.0,14011.0
2026-08-07 15:06:55.708,15437914,907357,58774560,39.998037,,863.305,0x00,0x00,TEMPERATURE,1,0,OK,15.441,15.441,908.0,58.774,40.0,39.997,0.003,15.438,345.0,14012.0
2026-08-07 15:06:56.523,15438072,907366,58774564,39.998068,,864.120,0x00,0x00,TEMPERATURE,1,0,OK,15.441,15.441,908.0,58.774,40.0,39.997,0.003,15.438,345.0,14012.0
2026-08-07 15:06:57.837,15438208,907374,58774584,39.998219,,865.434,0x00,0x00,TEMPERATURE,1,0,OK,15.44,15.441,908.0,58.775,40.0,39.998,0.002,15.438,345.0,14013.0
2026-08-07 15:06:58.652,15438342,907382,58774576,39.998158,,866.249,0x00,0x00,TEMPERATURE,1,0,OK,15.44,15.441,908.0,58.775,40.0,39.998,0.002,15.438,345.0,14013.0
2026-08-07 15:06:59.488,15438464,907389,58774572,39.998128,,867.085,0x00,0x00,TEMPERATURE,1,0,OK,15.441,15.441,908.0,58.775,40.0,39.998,0.002,15.438,345.0,14013.0
2026-08-07 15:07:00.372,15438586,907396,58774552,39.997977,,867.969,0x00,0x00,TEMPERATURE,1,0,OK,15.441,15.441,908.0,58.775,40.0,39.998,0.002,15.438,345.0,14013.0
2026-08-07 15:07:01.187,15438700,907403,58774572,39.998128,,868.784,0x00,0x00,TEMPERATURE,1,0,OK,15.441,15.441,908.0,58.775,40.0,39.998,0.002,15.438,345.0,14013.0
2026-08-07 15:07:02.023,15438824,907411,58774592,39.998279,,869.620,0x00,0x00,TEMPERATURE,1,0,OK,15.441,15.441,908.0,58.774,40.0,39.997,0.003,15.439,345.0,14013.0
2026-08-07 15:07:02.872,15438944,907419,58774652,39.998732,,870.469,0x00,0x00,TEMPERATURE,1,0,OK,15.441,15.441,908.0,58.774,40.0,39.997,0.003,15.439,345.0,14013.0
2026-08-07 15:07:03.708,15439070,907427,58774704,39.999125,,871.305,0x00,0x00,TEMPERATURE,1,0,OK,15.44,15.441,908.0,58.775,40.0,39.999,0.001,15.439,345.0,14013.0
2026-08-07 15:07:04.523,15439196,907435,58774728,39.999307,,872.120,0x00,0x00,TEMPERATURE,1,0,OK,15.44,15.441,908.0,58.775,40.0,39.999,0.001,15.439,345.0,14013.0
2026-08-07 15:07:05.837,15439134,907431,58774744,39.999428,,873.434,0x00,0x00,TEMPERATURE,1,0,OK,15.437,15.441,908.0,58.775,40.0,40.002,-0.002,15.439,345.0,14014.0
2026-08-07 15:07:06.652,15439082,907428,58774748,39.999458,,874.249,0x00,0x00,TEMPERATURE,1,0,OK,15.437,15.441,908.0,58.775,40.0,40.002,-0.002,15.439,345.0,14014.0
2026-08-07 15:07:07.488,15439036,907425,58774744,39.999428,,875.085,0x00,0x00,TEMPERATURE,1,0,OK,15.436,15.44,907.0,58.775,40.0,40.002,-0.002,15.439,345.0,14011.0
2026-08-07 15:07:08.372,15439002,907424,58774752,39.999488,,875.969,0x00,0x00,TEMPERATURE,1,0,OK,15.436,15.44,907.0,58.775,40.0,40.002,-0.002,15.439,345.0,14011.0
2026-08-07 15:07:09.187,15438978,907422,58774764,39.999579,,876.784,0x00,0x00,TEMPERATURE,1,0,OK,15.436,15.44,907.0,58.775,40.0,40.002,-0.002,15.439,345.0,14011.0
2026-08-07 15:07:10.023,15438954,907421,58774744,39.999428,,877.620,0x00,0x00,TEMPERATURE,1,0,OK,15.438,15.439,907.0,58.775,40.0,40.001,-0.001,15.438,345.0,14010.0
2026-08-07 15:07:10.872,15438934,907419,58774716,39.999216,,878.469,0x00,0x00,TEMPERATURE,1,0,OK,15.438,15.439,907.0,58.775,40.0,40.001,-0.001,15.438,345.0,14010.0
2026-08-07 15:07:11.708,15438916,907417,58774684,39.998974,,879.305,0x00,0x00,TEMPERATURE,1,0,OK,15.441,15.439,907.0,58.775,40.0,39.998,0.002,15.438,345.0,14009.0
2026-08-07 15:07:12.523,15438896,907416,58774660,39.998793,,880.120,0x00,0x00,TEMPERATURE,1,0,OK,15.441,15.439,907.0,58.775,40.0,39.998,0.002,15.438,345.0,14009.0
2026-08-07 15:07:13.837,15438872,907414,58774640,39.998642,,881.434,0x00,0x00,TEMPERATURE,1,0,OK,15.442,15.439,907.0,58.774,40.0,39.997,0.003,15.439,345.0,14009.0
2026-08-07 15:07:14.652,15438850,907413,58774616,39.998460,,882.249,0x00,0x00,TEMPERATURE,1,0,OK,15.442,15.439,907.0,58.774,40.0,39.997,0.003,15.439,345.0,14009.0
2026-08-07 15:07:15.487,15438980,907421,58774640,39.998642,,883.083,0x00,0x00,TEMPERATURE,1,0,OK,15.443,15.439,907.0,58.774,40.0,39.996,0.004,15.439,345.0,14009.0
2026-08-07 15:07:16.372,15439102,907428,58774664,39.998823,,883.968,0x00,0x00,TEMPERATURE,1,0,OK,15.443,15.439,907.0,58.774,40.0,39.996,0.004,15.439,345.0,14009.0
2026-08-07 15:07:17.187,15439212,907435,58774684,39.998974,,884.783,0x00,0x00,TEMPERATURE,1,0,OK,15.443,15.439,907.0,58.774,40.0,39.996,0.004,15.439,345.0,14009.0
2026-08-07 15:07:18.023,15439298,907440,58774720,39.999246,,885.619,0x00,0x00,TEMPERATURE,1,0,OK,15.439,15.44,907.0,58.775,40.0,40.001,-0.001,15.439,345.0,14012.0
2026-08-07 15:07:18.872,15439232,907437,58774720,39.999246,,886.468,0x00,0x00,TEMPERATURE,1,0,OK,15.439,15.44,907.0,58.775,40.0,40.001,-0.001,15.439,345.0,14012.0
2026-08-07 15:07:19.708,15439172,907433,58774728,39.999307,,887.304,0x00,0x00,TEMPERATURE,1,0,OK,15.437,15.44,907.0,58.775,40.0,40.002,-0.002,15.439,345.0,14011.0
2026-08-07 15:07:20.523,15439102,907429,58774720,39.999246,,888.119,0x00,0x00,TEMPERATURE,1,0,OK,15.437,15.44,907.0,58.775,40.0,40.002,-0.002,15.439,345.0,14011.0
2026-08-07 15:07:21.837,15439054,907426,58774736,39.999367,,889.433,0x00,0x00,TEMPERATURE,1,0,OK,15.438,15.439,907.0,58.775,40.0,40.001,-0.001,15.439,345.0,14010.0
2026-08-07 15:07:22.652,15438994,907423,58774748,39.999458,,890.248,0x00,0x00,TEMPERATURE,1,0,OK,15.438,15.439,907.0,58.775,40.0,40.001,-0.001,15.439,345.0,14010.0
2026-08-07 15:07:23.488,15438942,907421,58774784,39.999730,,891.084,0x00,0x00,TEMPERATURE,1,0,OK,15.437,15.438,907.0,58.775,40.0,40.002,-0.002,15.439,345.0,14009.0
2026-08-07 15:07:24.373,15438892,907418,58774816,39.999971,,891.969,0x00,0x00,TEMPERATURE,1,0,OK,15.437,15.438,907.0,58.775,40.0,40.002,-0.002,15.439,345.0,14009.0
2026-08-07 15:07:25.188,15438832,907415,58774840,40.000153,,892.784,0x00,0x00,TEMPERATURE,1,0,OK,15.437,15.438,907.0,58.775,40.0,40.002,-0.002,15.439,345.0,14009.0
2026-08-07 15:07:26.024,15438754,907411,58774852,40.000243,,893.620,0x00,0x00,TEMPERATURE,1,0,OK,15.436,15.438,907.0,58.775,40.0,40.003,-0.003,15.438,345.0,14008.0
2026-08-07 15:07:26.873,15438688,907407,58774852,40.000243,,894.469,0x00,0x00,TEMPERATURE,1,0,OK,15.436,15.438,907.0,58.775,40.0,40.003,-0.003,15.438,345.0,14008.0
2026-08-07 15:07:27.709,15438480,907394,58774820,40.000002,,895.305,0x00,0x00,TEMPERATURE,1,0,OK,15.436,15.438,907.0,58.775,40.0,40.002,-0.002,15.438,345.0,14008.0
2026-08-07 15:07:28.524,15438454,907393,58774832,40.000092,,896.120,0x00,0x00,TEMPERATURE,1,0,OK,15.436,15.438,907.0,58.775,40.0,40.002,-0.002,15.438,345.0,14008.0
2026-08-07 15:07:29.838,15438444,907392,58774820,40.000002,,897.434,0x00,0x00,TEMPERATURE,1,0,OK,15.438,15.437,907.0,58.775,40.0,40.0,0.0,15.438,345.0,14006.0
2026-08-07 15:07:30.653,15438450,907392,58774824,40.000032,,898.249,0x00,0x00,TEMPERATURE,1,0,OK,15.438,15.437,907.0,58.775,40.0,40.0,0.0,15.438,345.0,14006.0
2026-08-07 15:07:31.489,15438456,907393,58774832,40.000092,,899.085,0x00,0x00,TEMPERATURE,1,0,OK,15.437,15.438,907.0,58.775,40.0,40.001,-0.001,15.438,345.0,14008.0
2026-08-07 15:07:32.373,15438286,907382,58774816,39.999971,,899.969,0x00,0x00,TEMPERATURE,1,0,OK,15.437,15.438,907.0,58.775,40.0,40.001,-0.001,15.438,345.0,14008.0
2026-08-07 15:07:33.188,15438118,907372,58774808,39.999911,,900.784,0x00,0x00,TEMPERATURE,1,0,OK,15.437,15.438,907.0,58.775,40.0,40.001,-0.001,15.438,345.0,14008.0
2026-08-07 15:07:34.024,15438122,907373,58774828,40.000062,,901.620,0x00,0x00,TEMPERATURE,1,0,OK,15.438,15.437,907.0,58.775,40.0,40.0,0.0,15.438,345.0,14006.0
2026-08-07 15:07:34.872,15438134,907374,58774828,40.000062,,902.468,0x00,0x00,TEMPERATURE,1,0,OK,15.438,15.437,907.0,58.775,40.0,40.0,0.0,15.438,345.0,14006.0
2026-08-07 15:07:35.708,15438142,907374,58774820,40.000002,,903.304,0x00,0x00,TEMPERATURE,1,0,OK,15.438,15.437,907.0,58.775,40.0,40.0,0.0,15.438,345.0,14007.0
2026-08-07 15:07:36.523,15438136,907374,58774836,40.000123,,904.119,0x00,0x00,TEMPERATURE,1,0,OK,15.438,15.437,907.0,58.775,40.0,40.0,0.0,15.438,345.0,14007.0
2026-08-07 15:07:37.836,15437972,907364,58774848,40.000213,,905.433,0x00,0x00,TEMPERATURE,1,0,OK,15.437,15.438,907.0,58.775,40.0,40.001,-0.001,15.438,345.0,14007.0
2026-08-07 15:07:38.652,15437802,907356,58774928,40.000818,,906.248,0x00,0x00,TEMPERATURE,1,0,OK,15.437,15.438,907.0,58.775,40.0,40.001,-0.001,15.438,345.0,14007.0
2026-08-07 15:07:39.488,15437646,907348,58775004,40.001392,,907.084,0x00,0x00,TEMPERATURE,1,0,OK,15.432,15.437,907.0,58.776,40.0,40.006,-0.006,15.438,345.0,14005.0
2026-08-07 15:07:40.372,15437510,907340,58775044,40.001694,,907.969,0x00,0x00,TEMPERATURE,1,0,OK,15.432,15.437,907.0,58.776,40.0,40.006,-0.006,15.438,345.0,14005.0
2026-08-07 15:07:41.188,15437222,907323,58775040,40.001664,,908.784,0x00,0x00,TEMPERATURE,1,0,OK,15.432,15.437,907.0,58.776,40.0,40.006,-0.006,15.438,345.0,14005.0
2026-08-07 15:07:42.023,15436940,907307,58775028,40.001573,,909.620,0x00,0x00,TEMPERATURE,1,0,OK,15.43,15.435,907.0,58.776,40.0,40.006,-0.006,15.437,344.0,14002.0
2026-08-07 15:07:42.873,15436678,907290,58774976,40.001180,,910.469,0x00,0x00,TEMPERATURE,1,0,OK,15.43,15.435,907.0,58.776,40.0,40.006,-0.006,15.437,344.0,14002.0
2026-08-07 15:07:43.709,15436414,907274,58774948,40.000969,,911.305,0x00,0x00,TEMPERATURE,1,0,OK,15.435,15.433,907.0,58.775,40.0,40.002,-0.002,15.436,344.0,14000.0
2026-08-07 15:07:44.524,15436166,907259,58774904,40.000636,,912.120,0x00,0x00,TEMPERATURE,1,0,OK,15.435,15.433,907.0,58.775,40.0,40.002,-0.002,15.436,344.0,14000.0
2026-08-07 15:07:45.837,15436096,907255,58774892,40.000546,,913.434,0x00,0x00,TEMPERATURE,1,0,OK,15.438,15.433,907.0,58.775,40.0,39.999,0.001,15.436,345.0,13998.0
2026-08-07 15:07:46.652,15436020,907250,58774864,40.000334,,914.249,0x00,0x00,TEMPERATURE,1,0,OK,15.438,15.433,907.0,58.775,40.0,39.999,0.001,15.436,345.0,13998.0
2026-08-07 15:07:47.489,15435954,907245,58774824,40.000032,,915.085,0x00,0x00,TEMPERATURE,1,0,OK,15.439,15.434,907.0,58.775,40.0,39.998,0.002,15.437,345.0,14000.0
2026-08-07 15:07:48.372,15436068,907252,58774824,40.000032,,915.969,0x00,0x00,TEMPERATURE,1,0,OK,15.439,15.434,907.0,58.775,40.0,39.998,0.002,15.437,345.0,14000.0
2026-08-07 15:07:49.187,15436164,907258,58774836,40.000123,,916.784,0x00,0x00,TEMPERATURE,1,0,OK,15.439,15.434,907.0,58.775,40.0,39.998,0.002,15.437,345.0,14000.0
2026-08-07 15:07:50.023,15436240,907263,58774840,40.000153,,917.620,0x00,0x00,TEMPERATURE,1,0,OK,15.438,15.436,907.0,58.775,40.0,39.999,0.001,15.437,345.0,14004.0
2026-08-07 15:07:50.871,15436314,907267,58774856,40.000274,,918.468,0x00,0x00,TEMPERATURE,1,0,OK,15.438,15.436,907.0,58.775,40.0,39.999,0.001,15.437,345.0,14004.0
2026-08-07 15:07:51.707,15436382,907272,58774892,40.000546,,919.304,0x00,0x00,TEMPERATURE,1,0,OK,15.437,15.437,907.0,58.775,40.0,40.0,0.0,15.437,345.0,14005.0
2026-08-07 15:07:52.522,15436458,907277,58774912,40.000697,,920.119,0x00,0x00,TEMPERATURE,1,0,OK,15.437,15.437,907.0,58.775,40.0,40.0,0.0,15.437,345.0,14005.0
2026-08-07 15:07:53.836,15436534,907282,58774952,40.000999,,921.433,0x00,0x00,TEMPERATURE,1,0,OK,15.434,15.437,907.0,58.775,40.0,40.003,-0.003,15.437,345.0,14007.0
2026-08-07 15:07:54.651,15436444,907276,58774960,40.001059,,922.248,0x00,0x00,TEMPERATURE,1,0,OK,15.434,15.437,907.0,58.775,40.0,40.003,-0.003,15.437,345.0,14007.0
2026-08-07 15:07:55.487,15436354,907271,58774960,40.001059,,923.084,0x00,0x00,TEMPERATURE,1,0,OK,15.433,15.437,907.0,58.775,40.0,40.003,-0.003,15.436,345.0,14006.0
2026-08-07 15:07:56.373,15436260,907265,58774948,40.000969,,923.970,0x00,0x00,TEMPERATURE,1,0,OK,15.433,15.437,907.0,58.775,40.0,40.003,-0.003,15.436,345.0,14006.0
2026-08-07 15:07:57.188,15436176,907260,58774932,40.000848,,924.785,0x00,0x00,TEMPERATURE,1,0,OK,15.433,15.437,907.0,58.775,40.0,40.003,-0.003,15.436,345.0,14006.0
2026-08-07 15:07:58.024,15436104,907256,58774928,40.000818,,925.621,0x00,0x00,TEMPERATURE,1,0,OK,15.435,15.436,907.0,58.775,40.0,40.001,-0.001,15.436,345.0,14003.0
2026-08-07 15:07:58.873,15436034,907252,58774924,40.000787,,926.470,0x00,0x00,TEMPERATURE,1,0,OK,15.435,15.436,907.0,58.775,40.0,40.001,-0.001,15.436,345.0,14003.0
2026-08-07 15:07:59.709,15435958,907247,58774912,40.000697,,927.306,0x00,0x00,TEMPERATURE,1,0,OK,15.436,15.435,907.0,58.775,40.0,40.0,0.0,15.436,345.0,14003.0
2026-08-07 15:08:00.524,15435882,907242,58774892,40.000546,,928.121,0x00,0x00,TEMPERATURE,1,0,OK,15.436,15.435,907.0,58.775,40.0,40.0,0.0,15.436,345.0,14003.0
2026-08-07 15:08:01.838,15435798,907237,58774872,40.000395,,929.434,0x00,0x00,TEMPERATURE,1,0,OK,15.437,15.435,907.0,58.775,40.0,39.999,0.001,15.436,345.0,14002.0
2026-08-07 15:08:02.653,15435894,907243,58774892,40.000546,,930.250,0x00,0x00,TEMPERATURE,1,0,OK,15.437,15.435,907.0,58.775,40.0,39.999,0.001,15.436,345.0,14002.0
2026-08-07 15:08:03.489,15435994,907249,58774924,40.000787,,931.086,0x00,0x00,TEMPERATURE,1,0,OK,15.437,15.435,907.0,58.775,40.0,39.999,0.001,15.436,345.0,14003.0
2026-08-07 15:08:04.372,15436096,907256,58774944,40.000939,,931.969,0x00,0x00,TEMPERATURE,1,0,OK,15.437,15.435,907.0,58.775,40.0,39.999,0.001,15.436,345.0,14003.0
2026-08-07 15:08:05.187,15436210,907263,58774984,40.001241,,932.784,0x00,0x00,TEMPERATURE,1,0,OK,15.437,15.435,907.0,58.775,40.0,39.999,0.001,15.436,345.0,14003.0
2026-08-07 15:08:06.023,15436148,907259,58774976,40.001180,,933.620,0x00,0x00,TEMPERATURE,1,0,OK,15.433,15.437,907.0,58.775,40.0,40.003,-0.003,15.436,345.0,14006.0
2026-08-07 15:08:06.871,15436086,907256,58774976,40.001180,,934.468,0x00,0x00,TEMPERATURE,1,0,OK,15.433,15.437,907.0,58.775,40.0,40.003,-0.003,15.436,345.0,14006.0
2026-08-07 15:08:07.707,15436036,907253,58774988,40.001271,,935.304,0x00,0x00,TEMPERATURE,1,0,OK,15.433,15.436,907.0,58.775,40.0,40.003,-0.003,15.436,345.0,14005.0
2026-08-07 15:08:08.522,15435984,907250,58774992,40.001301,,936.119,0x00,0x00,TEMPERATURE,1,0,OK,15.433,15.436,907.0,58.775,40.0,40.003,-0.003,15.436,345.0,14005.0
2026-08-07 15:08:09.836,15435760,907236,58774960,40.001059,,937.432,0x00,0x00,TEMPERATURE,1,0,OK,15.432,15.436,907.0,58.775,40.0,40.003,-0.003,15.436,345.0,14004.0
2026-08-07 15:08:10.651,15435538,907223,58774944,40.000939,,938.248,0x00,0x00,TEMPERATURE,1,0,OK,15.432,15.436,907.0,58.775,40.0,40.003,-0.003,15.436,345.0,14004.0
2026-08-07 15:08:11.487,15435316,907210,58774924,40.000787,,939.083,0x00,0x00,TEMPERATURE,1,0,OK,15.435,15.434,907.0,58.775,40.0,40.0,0.0,15.435,345.0,14000.0
2026-08-07 15:08:12.372,15435292,907209,58774964,40.001090,,939.969,0x00,0x00,TEMPERATURE,1,0,OK,15.435,15.434,907.0,58.775,40.0,40.0,0.0,15.435,345.0,14000.0
2026-08-07 15:08:13.187,15435272,907208,58775000,40.001362,,940.784,0x00,0x00,TEMPERATURE,1,0,OK,15.435,15.434,907.0,58.775,40.0,40.0,0.0,15.435,345.0,14000.0
2026-08-07 15:08:14.023,15435092,907198,58775000,40.001362,,941.620,0x00,0x00,TEMPERATURE,1,0,OK,15.432,15.434,907.0,58.775,40.0,40.003,-0.003,15.435,345.0,14000.0
2026-08-07 15:08:14.872,15434916,907187,58774992,40.001301,,942.468,0x00,0x00,TEMPERATURE,1,0,OK,15.432,15.434,907.0,58.775,40.0,40.003,-0.003,15.435,345.0,14000.0
2026-08-07 15:08:15.708,15434740,907177,58774996,40.001331,,943.304,0x00,0x00,TEMPERATURE,1,0,OK,15.432,15.433,907.0,58.775,40.0,40.003,-0.003,15.435,345.0,13999.0
2026-08-07 15:08:16.523,15434568,907167,58775008,40.001422,,944.119,0x00,0x00,TEMPERATURE,1,0,OK,15.432,15.433,907.0,58.775,40.0,40.003,-0.003,15.435,345.0,13999.0
2026-08-07 15:08:17.837,15434580,907168,58775072,40.001906,,945.433,0x00,0x00,TEMPERATURE,1,0,OK,15.433,15.432,907.0,58.775,40.0,40.002,-0.002,15.435,345.0,13997.0
2026-08-07 15:08:18.652,15434422,907160,58775088,40.002026,,946.248,0x00,0x00,TEMPERATURE,1,0,OK,15.433,15.432,907.0,58.775,40.0,40.002,-0.002,15.435,345.0,13997.0
2026-08-07 15:08:19.488,15434282,907152,58775104,40.002147,,947.084,0x00,0x00,TEMPERATURE,1,0,OK,15.43,15.432,907.0,58.775,40.0,40.005,-0.005,15.434,344.0,13998.0
2026-08-07 15:08:20.372,15434152,907144,58775140,40.002419,,947.968,0x00,0x00,TEMPERATURE,1,0,OK,15.43,15.432,907.0,58.775,40.0,40.005,-0.005,15.434,344.0,13998.0
2026-08-07 15:08:21.187,15434026,907138,58775176,40.002691,,948.783,0x00,0x00,TEMPERATURE,1,0,OK,15.43,15.432,907.0,58.775,40.0,40.005,-0.005,15.434,344.0,13998.0
2026-08-07 15:08:22.023,15433914,907132,58775212,40.002963,,949.620,0x00,0x00,TEMPERATURE,1,0,OK,15.428,15.432,907.0,58.776,40.0,40.006,-0.006,15.434,344.0,13997.0
2026-08-07 15:08:22.872,15433644,907115,58775196,40.002842,,950.468,0x00,0x00,TEMPERATURE,1,0,OK,15.428,15.432,907.0,58.776,40.0,40.006,-0.006,15.434,344.0,13997.0
2026-08-07 15:08:23.708,15433382,907100,58775200,40.002873,,951.304,0x00,0x00,TEMPERATURE,1,0,OK,15.427,15.431,907.0,58.776,40.0,40.006,-0.006,15.433,344.0,13996.0
2026-08-07 15:08:24.523,15433134,907085,58775196,40.002842,,952.119,0x00,0x00,TEMPERATURE,1,0,OK,15.427,15.431,907.0,58.776,40.0,40.006,-0.006,15.433,344.0,13996.0
2026-08-07 15:08:25.837,15432894,907071,58775200,40.002873,,953.433,0x00,0x00,TEMPERATURE,1,0,OK,15.429,15.43,907.0,58.775,40.0,40.004,-0.004,15.433,344.0,13993.0
2026-08-07 15:08:26.652,15432666,907058,58775208,40.002933,,954.248,0x00,0x00,TEMPERATURE,1,0,OK,15.429,15.43,907.0,58.775,40.0,40.004,-0.004,15.433,344.0,13993.0
2026-08-07 15:08:27.488,15432446,907045,58775200,40.002873,,955.084,0x00,0x00,TEMPERATURE,1,0,OK,15.429,15.429,907.0,58.775,40.0,40.004,-0.004,15.432,344.0,13992.0
2026-08-07 15:08:28.373,15432236,907033,58775204,40.002903,,955.969,0x00,0x00,TEMPERATURE,1,0,OK,15.429,15.429,907.0,58.775,40.0,40.004,-0.004,15.432,344.0,13992.0
2026-08-07 15:08:29.188,15432032,907021,58775208,40.002933,,956.784,0x00,0x00,TEMPERATURE,1,0,OK,15.429,15.429,907.0,58.775,40.0,40.004,-0.004,15.432,344.0,13992.0
2026-08-07 15:08:30.024,15431840,907010,58775224,40.003054,,957.620,0x00,0x00,TEMPERATURE,1,0,OK,15.428,15.428,907.0,58.775,40.0,40.004,-0.004,15.432,344.0,13991.0
2026-08-07 15:08:30.873,15431650,906999,58775244,40.003205,,958.469,0x00,0x00,TEMPERATURE,1,0,OK,15.428,15.428,907.0,58.775,40.0,40.004,-0.004,15.432,344.0,13991.0
2026-08-07 15:08:31.709,15431460,906988,58775272,40.003417,,959.305,0x00,0x00,TEMPERATURE,1,0,OK,15.427,15.428,907.0,58.775,40.0,40.005,-0.005,15.432,344.0,13990.0
2026-08-07 15:08:32.524,15431276,906978,58775288,40.003537,,960.120,0x00,0x00,TEMPERATURE,1,0,OK,15.427,15.428,907.0,58.775,40.0,40.005,-0.005,15.432,344.0,13990.0
2026-08-07 15:08:33.838,15430938,906957,58775248,40.003235,,961.434,0x00,0x00,TEMPERATURE,1,0,OK,15.426,15.428,907.0,58.775,40.0,40.005,-0.005,15.431,344.0,13990.0
2026-08-07 15:08:34.653,15430786,906948,58775264,40.003356,,962.249,0x00,0x00,TEMPERATURE,1,0,OK,15.426,15.428,907.0,58.775,40.0,40.005,-0.005,15.431,344.0,13990.0
2026-08-07 15:08:35.488,15430632,906940,58775272,40.003417,,963.085,0x00,0x00,TEMPERATURE,1,0,OK,15.427,15.427,907.0,58.775,40.0,40.003,-0.003,15.431,344.0,13989.0
2026-08-07 15:08:36.373,15430316,906920,58775236,40.003145,,963.969,0x00,0x00,TEMPERATURE,1,0,OK,15.427,15.427,907.0,58.775,40.0,40.003,-0.003,15.431,344.0,13989.0
2026-08-07 15:08:37.187,15430196,906913,58775236,40.003145,,964.784,0x00,0x00,TEMPERATURE,1,0,OK,15.427,15.427,907.0,58.775,40.0,40.003,-0.003,15.431,344.0,13989.0
2026-08-07 15:08:38.023,15430082,906907,58775240,40.003175,,965.620,0x00,0x00,TEMPERATURE,1,0,OK,15.427,15.427,907.0,58.775,40.0,40.003,-0.003,15.43,344.0,13988.0
2026-08-07 15:08:38.872,15429980,906901,58775256,40.003296,,966.469,0x00,0x00,TEMPERATURE,1,0,OK,15.427,15.427,907.0,58.775,40.0,40.003,-0.003,15.43,344.0,13988.0
2026-08-07 15:08:39.708,15429730,906886,58775240,40.003175,,967.305,0x00,0x00,TEMPERATURE,1,0,OK,15.426,15.427,907.0,58.775,40.0,40.004,-0.004,15.43,344.0,13989.0
2026-08-07 15:08:40.523,15429488,906872,58775228,40.003084,,968.120,0x00,0x00,TEMPERATURE,1,0,OK,15.426,15.427,907.0,58.775,40.0,40.004,-0.004,15.43,344.0,13989.0
2026-08-07 15:08:41.838,15429266,906858,58775204,40.002903,,969.434,0x00,0x00,TEMPERATURE,1,0,OK,15.426,15.426,907.0,58.775,40.0,40.003,-0.003,15.43,344.0,13987.0
2026-08-07 15:08:42.653,15429220,906856,58775240,40.003175,,970.249,0x00,0x00,TEMPERATURE,1,0,OK,15.426,15.426,907.0,58.775,40.0,40.003,-0.003,15.43,344.0,13987.0
2026-08-07 15:08:43.488,15429008,906843,58775228,40.003084,,971.085,0x00,0x00,TEMPERATURE,1,0,OK,15.425,15.426,907.0,58.775,40.0,40.004,-0.004,15.429,344.0,13987.0
2026-08-07 15:08:44.372,15428810,906832,58775236,40.003145,,971.969,0x00,0x00,TEMPERATURE,1,0,OK,15.425,15.426,907.0,58.775,40.0,40.004,-0.004,15.429,344.0,13987.0
2026-08-07 15:08:45.187,15428612,906820,58775240,40.003175,,972.784,0x00,0x00,TEMPERATURE,1,0,OK,15.425,15.426,907.0,58.775,40.0,40.004,-0.004,15.429,344.0,13987.0
2026-08-07 15:08:46.023,15428416,906809,58775252,40.003265,,973.620,0x00,0x00,TEMPERATURE,1,0,OK,15.424,15.425,907.0,58.775,40.0,40.004,-0.004,15.429,344.0,13985.0
2026-08-07 15:08:46.871,15428232,906798,58775260,40.003326,,974.468,0x00,0x00,TEMPERATURE,1,0,OK,15.424,15.425,907.0,58.775,40.0,40.004,-0.004,15.429,344.0,13985.0
2026-08-07 15:08:47.708,15428054,906788,58775268,40.003386,,975.304,0x00,0x00,TEMPERATURE,1,0,OK,15.425,15.425,907.0,58.775,40.0,40.004,-0.004,15.429,344.0,13985.0
2026-08-07 15:08:48.522,15427902,906779,58775264,40.003356,,976.119,0x00,0x00,TEMPERATURE,1,0,OK,15.425,15.425,907.0,58.775,40.0,40.004,-0.004,15.429,344.0,13985.0
2026-08-07 15:08:49.836,15427766,906771,58775260,40.003326,,977.433,0x00,0x00,TEMPERATURE,1,0,OK,15.425,15.425,907.0,58.775,40.0,40.004,-0.004,15.428,344.0,13985.0
2026-08-07 15:08:50.651,15427616,906762,58775256,40.003296,,978.248,0x00,0x00,TEMPERATURE,1,0,OK,15.425,15.425,907.0,58.775,40.0,40.004,-0.004,15.428,344.0,13985.0
2026-08-07 15:08:51.487,15427474,906754,58775252,40.003265,,979.084,0x00,0x00,TEMPERATURE,1,0,OK,15.425,15.425,907.0,58.775,40.0,40.003,-0.003,15.428,344.0,13984.0
2026-08-07 15:08:52.371,15427336,906746,58775264,40.003356,,979.968,0x00,0x00,TEMPERATURE,1,0,OK,15.425,15.425,907.0,58.775,40.0,40.003,-0.003,15.428,344.0,13984.0
2026-08-07 15:08:53.186,15427212,906739,58775268,40.003386,,980.783,0x00,0x00,TEMPERATURE,1,0,OK,15.425,15.425,907.0,58.775,40.0,40.003,-0.003,15.428,344.0,13984.0
2026-08-07 15:08:54.022,15427096,906732,58775296,40.003598,,981.619,0x00,0x00,TEMPERATURE,1,0,OK,15.423,15.425,907.0,58.775,40.0,40.005,-0.005,15.427,344.0,13984.0
2026-08-07 15:08:54.871,15426994,906727,58775320,40.003779,,982.468,0x00,0x00,TEMPERATURE,1,0,OK,15.423,15.425,907.0,58.775,40.0,40.005,-0.005,15.427,344.0,13984.0
2026-08-07 15:08:55.707,15426906,906722,58775336,40.003900,,983.303,0x00,0x00,TEMPERATURE,1,0,OK,15.421,15.425,907.0,58.776,40.0,40.006,-0.006,15.427,344.0,13984.0
2026-08-07 15:08:56.522,15426652,906706,58775316,40.003749,,984.119,0x00,0x00,TEMPERATURE,1,0,OK,15.421,15.425,907.0,58.776,40.0,40.006,-0.006,15.427,344.0,13984.0
2026-08-07 15:08:57.836,15426414,906692,58775288,40.003537,,985.433,0x00,0x00,TEMPERATURE,1,0,OK,15.422,15.424,907.0,58.775,40.0,40.004,-0.004,15.426,344.0,13983.0
2026-08-07 15:08:58.651,15426178,906678,58775260,40.003326,,986.248,0x00,0x00,TEMPERATURE,1,0,OK,15.422,15.424,907.0,58.775,40.0,40.004,-0.004,15.426,344.0,13983.0
2026-08-07 15:08:59.487,15425962,906664,58775236,40.003145,,987.084,0x00,0x00,TEMPERATURE,1,0,OK,15.425,15.423,906.0,58.775,40.0,40.001,-0.001,15.426,344.0,13980.0
2026-08-07 15:09:00.372,15425910,906661,58775236,40.003145,,987.968,0x00,0x00,TEMPERATURE,1,0,OK,15.425,15.423,906.0,58.775,40.0,40.001,-0.001,15.426,344.0,13980.0
2026-08-07 15:09:01.187,15425862,906659,58775232,40.003114,,988.783,0x00,0x00,TEMPERATURE,1,0,OK,15.425,15.423,906.0,58.775,40.0,40.001,-0.001,15.426,344.0,13980.0
2026-08-07 15:09:02.023,15425810,906655,58775220,40.003024,,989.620,0x00,0x00,TEMPERATURE,1,0,OK,15.425,15.424,907.0,58.775,40.0,40.001,-0.001,15.426,344.0,13982.0
2026-08-07 15:09:02.872,15425766,906653,58775212,40.002963,,990.469,0x00,0x00,TEMPERATURE,1,0,OK,15.425,15.424,907.0,58.775,40.0,40.001,-0.001,15.426,344.0,13982.0
2026-08-07 15:09:03.708,15425716,906650,58775204,40.002903,,991.305,0x00,0x00,TEMPERATURE,1,0,OK,15.424,15.424,907.0,58.775,40.0,40.002,-0.002,15.426,344.0,13983.0
2026-08-07 15:09:04.523,15425668,906647,58775208,40.002933,,992.120,0x00,0x00,TEMPERATURE,1,0,OK,15.424,15.424,907.0,58.775,40.0,40.002,-0.002,15.426,344.0,13983.0
2026-08-07 15:09:05.837,15425624,906644,58775212,40.002963,,993.433,0x00,0x00,TEMPERATURE,1,0,OK,15.423,15.424,907.0,58.775,40.0,40.003,-0.003,15.426,344.0,13983.0
2026-08-07 15:09:06.652,15425582,906642,58775228,40.003084,,994.249,0x00,0x00,TEMPERATURE,1,0,OK,15.423,15.424,907.0,58.775,40.0,40.003,-0.003,15.426,344.0,13983.0
2026-08-07 15:09:07.488,15425376,906629,58775184,40.002752,,995.085,0x00,0x00,TEMPERATURE,1,0,OK,15.422,15.425,907.0,58.775,40.0,40.003,-0.003,15.426,344.0,13984.0
2026-08-07 15:09:08.373,15425184,906617,58775148,40.002480,,995.969,0x00,0x00,TEMPERATURE,1,0,OK,15.422,15.425,907.0,58.775,40.0,40.003,-0.003,15.426,344.0,13984.0
2026-08-07 15:09:09.188,15425162,906616,58775140,40.002419,,996.784,0x00,0x00,TEMPERATURE,1,0,OK,15.422,15.425,907.0,58.775,40.0,40.003,-0.003,15.426,344.0,13984.0
2026-08-07 15:09:10.024,15425146,906615,58775136,40.002389,,997.621,0x00,0x00,TEMPERATURE,1,0,OK,15.424,15.424,907.0,58.775,40.0,40.001,-0.001,15.425,344.0,13982.0
2026-08-07 15:09:10.871,15425118,906613,58775132,40.002359,,998.468,0x00,0x00,TEMPERATURE,1,0,OK,15.424,15.424,907.0,58.775,40.0,40.001,-0.001,15.425,344.0,13982.0
2026-08-07 15:09:11.707,15425088,906612,58775136,40.002389,,999.303,0x00,0x00,TEMPERATURE,1,0,OK,15.424,15.424,907.0,58.775,40.0,40.002,-0.002,15.425,344.0,13983.0
2026-08-07 15:09:12.522,15424880,906599,58775096,40.002087,,1000.119,0x00,0x00,TEMPERATURE,1,0,OK,15.424,15.424,907.0,58.775,40.0,40.002,-0.002,15.425,344.0,13983.0
2026-08-07 15:09:13.836,15424836,906596,58775076,40.001936,,1001.432,0x00,0x00,TEMPERATURE,1,0,OK,15.425,15.423,907.0,58.775,40.0,40.0,0.0,15.425,344.0,13981.0
2026-08-07 15:09:14.651,15424790,906593,58775072,40.001906,,1002.248,0x00,0x00,TEMPERATURE,1,0,OK,15.425,15.423,907.0,58.775,40.0,40.0,0.0,15.425,344.0,13981.0
2026-08-07 15:09:15.486,15424742,906590,58775052,40.001754,,1003.082,0x00,0x00,TEMPERATURE,1,0,OK,15.425,15.424,907.0,58.775,40.0,40.0,0.0,15.425,344.0,13982.0
2026-08-07 15:09:16.372,15424704,906588,58775052,40.001754,,1003.968,0x00,0x00,TEMPERATURE,1,0,OK,15.425,15.424,907.0,58.775,40.0,40.0,0.0,15.425,344.0,13982.0
2026-08-07 15:09:17.187,15424676,906586,58775060,40.001815,,1004.783,0x00,0x00,TEMPERATURE,1,0,OK,15.425,15.424,907.0,58.775,40.0,40.0,0.0,15.425,344.0,13982.0
2026-08-07 15:09:18.023,15424666,906586,58775056,40.001785,,1005.619,0x00,0x00,TEMPERATURE,1,0,OK,15.424,15.424,907.0,58.775,40.0,40.001,-0.001,15.425,344.0,13983.0
2026-08-07 15:09:18.872,15424656,906585,58775060,40.001815,,1006.468,0x00,0x00,TEMPERATURE,1,0,OK,15.424,15.424,907.0,58.775,40.0,40.001,-0.001,15.425,344.0,13983.0
2026-08-07 15:09:19.708,15424640,906584,58775052,40.001754,,1007.304,0x00,0x00,TEMPERATURE,1,0,OK,15.423,15.424,907.0,58.775,40.0,40.002,-0.002,15.425,344.0,13983.0
2026-08-07 15:09:20.523,15424624,906583,58775040,40.001664,,1008.119,0x00,0x00,TEMPERATURE,1,0,OK,15.423,15.424,907.0,58.775,40.0,40.002,-0.002,15.425,344.0,13983.0
2026-08-07 15:09:21.837,15424612,906582,58775044,40.001694,,1009.433,0x00,0x00,TEMPERATURE,1,0,OK,15.424,15.424,907.0,58.775,40.0,40.001,-0.001,15.425,344.0,13983.0
2026-08-07 15:09:22.652,15424604,906582,58775032,40.001603,,1010.248,0x00,0x00,TEMPERATURE,1,0,OK,15.424,15.424,907.0,58.775,40.0,40.001,-0.001,15.425,344.0,13983.0
2026-08-07 15:09:23.488,15424604,906581,58775004,40.001392,,1011.084,0x00,0x00,TEMPERATURE,1,0,OK,15.424,15.424,907.0,58.775,40.0,40.001,-0.001,15.425,344.0,13983.0
2026-08-07 15:09:24.372,15424598,906581,58774992,40.001301,,1011.968,0x00,0x00,TEMPERATURE,1,0,OK,15.424,15.424,907.0,58.775,40.0,40.001,-0.001,15.425,344.0,13983.0
2026-08-07 15:09:25.187,15424602,906581,58775008,40.001422,,1012.783,0x00,0x00,TEMPERATURE,1,0,OK,15.424,15.424,907.0,58.775,40.0,40.001,-0.001,15.425,344.0,13983.0
2026-08-07 15:09:26.023,15424612,906582,58775028,40.001573,,1013.619,0x00,0x00,TEMPERATURE,1,0,OK,15.423,15.425,907.0,58.775,40.0,40.002,-0.002,15.425,344.0,13984.0
2026-08-07 15:09:26.872,15424444,906572,58775000,40.001362,,1014.468,0x00,0x00,TEMPERATURE,1,0,OK,15.423,15.425,907.0,58.775,40.0,40.002,-0.002,15.425,344.0,13984.0
2026-08-07 15:09:27.707,15424286,906562,58774988,40.001271,,1015.304,0x00,0x00,TEMPERATURE,1,0,OK,15.423,15.424,907.0,58.775,40.0,40.001,-0.001,15.425,344.0,13982.0
2026-08-07 15:09:28.523,15424298,906563,58775004,40.001392,,1016.119,0x00,0x00,TEMPERATURE,1,0,OK,15.423,15.424,907.0,58.775,40.0,40.001,-0.001,15.425,344.0,13982.0
2026-08-07 15:09:29.837,15424132,906553,58774992,40.001301,,1017.433,0x00,0x00,TEMPERATURE,1,0,OK,15.422,15.423,907.0,58.775,40.0,40.002,-0.002,15.424,344.0,13982.0
2026-08-07 15:09:30.652,15424136,906554,58775016,40.001482,,1018.248,0x00,0x00,TEMPERATURE,1,0,OK,15.422,15.423,907.0,58.775,40.0,40.002,-0.002,15.424,344.0,13982.0
2026-08-07 15:09:31.487,15424148,906555,58775052,40.001754,,1019.084,0x00,0x00,TEMPERATURE,1,0,OK,15.422,15.423,906.0,58.775,40.0,40.002,-0.002,15.424,344.0,13980.0
2026-08-07 15:09:32.372,15424018,906547,58775052,40.001754,,1019.968,0x00,0x00,TEMPERATURE,1,0,OK,15.422,15.423,906.0,58.775,40.0,40.002,-0.002,15.424,344.0,13980.0
2026-08-07 15:09:33.187,15423896,906540,58775052,40.001754,,1020.783,0x00,0x00,TEMPERATURE,1,0,OK,15.422,15.423,906.0,58.775,40.0,40.002,-0.002,15.424,344.0,13980.0
2026-08-07 15:09:34.023,15423790,906534,58775056,40.001785,,1021.619,0x00,0x00,TEMPERATURE,1,0,OK,15.422,15.423,906.0,58.775,40.0,40.002,-0.002,15.424,344.0,13980.0
2026-08-07 15:09:34.872,15423688,906528,58775072,40.001906,,1022.469,0x00,0x00,TEMPERATURE,1,0,OK,15.422,15.423,906.0,58.775,40.0,40.002,-0.002,15.424,344.0,13980.0
2026-08-07 15:09:35.709,15423604,906524,58775088,40.002026,,1023.305,0x00,0x00,TEMPERATURE,1,0,OK,15.421,15.422,906.0,58.775,40.0,40.003,-0.003,15.424,344.0,13979.0
2026-08-07 15:09:36.524,15423518,906519,58775116,40.002238,,1024.120,0x00,0x00,TEMPERATURE,1,0,OK,15.421,15.422,906.0,58.775,40.0,40.003,-0.003,15.424,344.0,13979.0
2026-08-07 15:09:37.838,15423422,906514,58775136,40.002389,,1025.434,0x00,0x00,TEMPERATURE,1,0,OK,15.419,15.422,906.0,58.775,40.0,40.004,-0.004,15.423,344.0,13979.0
2026-08-07 15:09:38.653,15423308,906507,58775140,40.002419,,1026.249,0x00,0x00,TEMPERATURE,1,0,OK,15.419,15.422,906.0,58.775,40.0,40.004,-0.004,15.423,344.0,13979.0
2026-08-07 15:09:39.489,15423030,906490,58775104,40.002147,,1027.085,0x00,0x00,TEMPERATURE,1,0,OK,15.419,15.422,906.0,58.775,40.0,40.004,-0.004,15.423,344.0,13978.0
2026-08-07 15:09:40.372,15422932,906484,58775100,40.002117,,1027.969,0x00,0x00,TEMPERATURE,1,0,OK,15.419,15.422,906.0,58.775,40.0,40.004,-0.004,15.423,344.0,13978.0
2026-08-07 15:09:41.188,15422828,906478,58775084,40.001996,,1028.784,0x00,0x00,TEMPERATURE,1,0,OK,15.419,15.422,906.0,58.775,40.0,40.004,-0.004,15.423,344.0,13978.0
2026-08-07 15:09:42.024,15422732,906472,58775064,40.001845,,1029.620,0x00,0x00,TEMPERATURE,1,0,OK,15.422,15.421,906.0,58.775,40.0,40.001,-0.001,15.423,344.0,13977.0
2026-08-07 15:09:42.873,15422644,906467,58775056,40.001785,,1030.469,0x00,0x00,TEMPERATURE,1,0,OK,15.422,15.421,906.0,58.775,40.0,40.001,-0.001,15.423,344.0,13977.0
2026-08-07 15:09:43.708,15422566,906462,58775060,40.001815,,1031.305,0x00,0x00,TEMPERATURE,1,0,OK,15.422,15.421,906.0,58.775,40.0,40.001,-0.001,15.423,344.0,13977.0
2026-08-07 15:09:44.523,15422502,906459,58775068,40.001875,,1032.120,0x00,0x00,TEMPERATURE,1,0,OK,15.422,15.421,906.0,58.775,40.0,40.001,-0.001,15.423,344.0,13977.0
2026-08-07 15:09:45.837,15422452,906456,58775076,40.001936,,1033.434,0x00,0x00,TEMPERATURE,1,0,OK,15.421,15.421,906.0,58.775,40.0,40.001,-0.001,15.423,344.0,13977.0
2026-08-07 15:09:46.652,15422410,906454,58775104,40.002147,,1034.249,0x00,0x00,TEMPERATURE,1,0,OK,15.421,15.421,906.0,58.775,40.0,40.001,-0.001,15.423,344.0,13977.0
2026-08-07 15:09:47.488,15422190,906441,58775088,40.002026,,1035.085,0x00,0x00,TEMPERATURE,1,0,OK,15.419,15.421,906.0,58.775,40.0,40.004,-0.004,15.422,344.0,13978.0
2026-08-07 15:09:48.371,15421994,906429,58775084,40.001996,,1035.968,0x00,0x00,TEMPERATURE,1,0,OK,15.419,15.421,906.0,58.775,40.0,40.004,-0.004,15.422,344.0,13978.0
2026-08-07 15:09:49.186,15421812,906419,58775100,40.002117,,1036.783,0x00,0x00,TEMPERATURE,1,0,OK,15.419,15.421,906.0,58.775,40.0,40.004,-0.004,15.422,344.0,13978.0
2026-08-07 15:09:50.022,15421640,906409,58775108,40.002178,,1037.619,0x00,0x00,TEMPERATURE,1,0,OK,15.418,15.42,906.0,58.775,40.0,40.004,-0.004,15.422,344.0,13975.0
2026-08-07 15:09:50.872,15421470,906399,58775160,40.002570,,1038.469,0x00,0x00,TEMPERATURE,1,0,OK,15.418,15.42,906.0,58.775,40.0,40.004,-0.004,15.422,344.0,13975.0
2026-08-07 15:09:51.708,15421318,906391,58775204,40.002903,,1039.305,0x00,0x00,TEMPERATURE,1,0,OK,15.415,15.419,906.0,58.776,40.0,40.006,-0.006,15.421,344.0,13974.0
2026-08-07 15:09:52.523,15421182,906384,58775248,40.003235,,1040.120,0x00,0x00,TEMPERATURE,1,0,OK,15.415,15.419,906.0,58.776,40.0,40.006,-0.006,15.421,344.0,13974.0
2026-08-07 15:09:53.838,15420890,906367,58775248,40.003235,,1041.434,0x00,0x00,TEMPERATURE,1,0,OK,15.414,15.419,906.0,58.776,40.0,40.007,-0.007,15.421,344.0,13973.0
2026-08-07 15:09:54.652,15420610,906350,58775248,40.003235,,1042.249,0x00,0x00,TEMPERATURE,1,0,OK,15.414,15.419,906.0,58.776,40.0,40.007,-0.007,15.421,344.0,13973.0
2026-08-07 15:09:55.488,15420348,906334,58775228,40.003084,,1043.085,0x00,0x00,TEMPERATURE,1,0,OK,15.417,15.417,906.0,58.775,40.0,40.004,-0.004,15.42,344.0,13970.0
2026-08-07 15:09:56.372,15420102,906320,58775212,40.002963,,1043.969,0x00,0x00,TEMPERATURE,1,0,OK,15.417,15.417,906.0,58.775,40.0,40.004,-0.004,15.42,344.0,13970.0
2026-08-07 15:09:57.187,15419854,906305,58775196,40.002842,,1044.784,0x00,0x00,TEMPERATURE,1,0,OK,15.417,15.417,906.0,58.775,40.0,40.004,-0.004,15.42,344.0,13970.0
2026-08-07 15:09:58.023,15419614,906291,58775188,40.002782,,1045.620,0x00,0x00,TEMPERATURE,1,0,OK,15.417,15.416,906.0,58.775,40.0,40.003,-0.003,15.42,344.0,13968.0
2026-08-07 15:09:58.872,15419386,906277,58775172,40.002661,,1046.468,0x00,0x00,TEMPERATURE,1,0,OK,15.417,15.416,906.0,58.775,40.0,40.003,-0.003,15.42,344.0,13968.0
2026-08-07 15:09:59.708,15419344,906275,58775196,40.002842,,1047.305,0x00,0x00,TEMPERATURE,1,0,OK,15.418,15.416,906.0,58.775,40.0,40.002,-0.002,15.42,344.0,13967.0
2026-08-07 15:10:00.523,15419302,906272,58775200,40.002873,,1048.120,0x00,0x00,TEMPERATURE,1,0,OK,15.418,15.416,906.0,58.775,40.0,40.002,-0.002,15.42,344.0,13967.0
2026-08-07 15:10:01.837,15419082,906259,58775168,40.002631,,1049.434,0x00,0x00,TEMPERATURE,1,0,OK,15.416,15.417,906.0,58.775,40.0,40.003,-0.003,15.42,344.0,13970.0
2026-08-07 15:10:02.652,15418886,906248,58775164,40.002601,,1050.249,0x00,0x00,TEMPERATURE,1,0,OK,15.416,15.417,906.0,58.775,40.0,40.003,-0.003,15.42,344.0,13970.0
2026-08-07 15:10:03.488,15418680,906235,58775148,40.002480,,1051.085,0x00,0x00,TEMPERATURE,1,0,OK,15.416,15.416,906.0,58.775,40.0,40.003,-0.003,15.419,344.0,13968.0
2026-08-07 15:10:04.371,15418636,906233,58775172,40.002661,,1051.968,0x00,0x00,TEMPERATURE,1,0,OK,15.416,15.416,906.0,58.775,40.0,40.003,-0.003,15.419,344.0,13968.0
2026-08-07 15:10:05.186,15418420,906220,58775176,40.002691,,1052.783,0x00,0x00,TEMPERATURE,1,0,OK,15.416,15.416,906.0,58.775,40.0,40.003,-0.003,15.419,344.0,13968.0
2026-08-07 15:10:06.022,15418222,906209,58775192,40.002812,,1053.619,0x00,0x00,TEMPERATURE,1,0,OK,15.415,15.416,906.0,58.775,40.0,40.004,-0.004,15.419,344.0,13968.0
2026-08-07 15:10:06.872,15418020,906197,58775212,40.002963,,1054.469,0x00,0x00,TEMPERATURE,1,0,OK,15.415,15.416,906.0,58.775,40.0,40.004,-0.004,15.419,344.0,13968.0
2026-08-07 15:10:07.708,15417826,906186,58775224,40.003054,,1055.305,0x00,0x00,TEMPERATURE,1,0,OK,15.415,15.415,906.0,58.775,40.0,40.004,-0.004,15.418,344.0,13967.0
2026-08-07 15:10:08.523,15417644,906176,58775236,40.003145,,1056.119,0x00,0x00,TEMPERATURE,1,0,OK,15.415,15.415,906.0,58.775,40.0,40.004,-0.004,15.418,344.0,13967.0
2026-08-07 15:10:09.837,15417488,906167,58775240,40.003175,,1057.434,0x00,0x00,TEMPERATURE,1,0,OK,15.414,15.415,906.0,58.775,40.0,40.004,-0.004,15.418,344.0,13966.0
2026-08-07 15:10:10.652,15417350,906158,58775240,40.003175,,1058.249,0x00,0x00,TEMPERATURE,1,0,OK,15.414,15.415,906.0,58.775,40.0,40.004,-0.004,15.418,344.0,13966.0
2026-08-07 15:10:11.488,15417216,906151,58775244,40.003205,,1059.085,0x00,0x00,TEMPERATURE,1,0,OK,15.414,15.415,906.0,58.775,40.0,40.003,-0.003,15.418,344.0,13966.0
2026-08-07 15:10:12.372,15417096,906144,58775252,40.003265,,1059.968,0x00,0x00,TEMPERATURE,1,0,OK,15.414,15.415,906.0,58.775,40.0,40.003,-0.003,15.418,344.0,13966.0
2026-08-07 15:10:13.187,15416976,906137,58775260,40.003326,,1060.783,0x00,0x00,TEMPERATURE,1,0,OK,15.414,15.415,906.0,58.775,40.0,40.003,-0.003,15.418,344.0,13966.0
2026-08-07 15:10:14.023,15416866,906130,58775268,40.003386,,1061.619,0x00,0x00,TEMPERATURE,1,0,OK,15.413,15.415,906.0,58.775,40.0,40.004,-0.004,15.417,344.0,13966.0
2026-08-07 15:10:14.871,15416754,906124,58775260,40.003326,,1062.467,0x00,0x00,TEMPERATURE,1,0,OK,15.413,15.415,906.0,58.775,40.0,40.004,-0.004,15.417,344.0,13966.0
2026-08-07 15:10:15.707,15416654,906118,58775264,40.003356,,1063.304,0x00,0x00,TEMPERATURE,1,0,OK,15.413,15.415,906.0,58.775,40.0,40.004,-0.004,15.417,344.0,13966.0
2026-08-07 15:10:16.522,15416546,906111,58775240,40.003175,,1064.118,0x00,0x00,TEMPERATURE,1,0,OK,15.413,15.415,906.0,58.775,40.0,40.004,-0.004,15.417,344.0,13966.0
2026-08-07 15:10:17.836,15416438,906104,58775204,40.002903,,1065.433,0x00,0x00,TEMPERATURE,1,0,OK,15.415,15.415,906.0,58.775,40.0,40.002,-0.002,15.417,344.0,13966.0
2026-08-07 15:10:18.651,15416334,906098,58775168,40.002631,,1066.248,0x00,0x00,TEMPERATURE,1,0,OK,15.415,15.415,906.0,58.775,40.0,40.002,-0.002,15.417,344.0,13966.0
2026-08-07 15:10:19.487,15416230,906091,58775116,40.002238,,1067.084,0x00,0x00,TEMPERATURE,1,0,OK,15.418,15.414,906.0,58.775,40.0,39.999,0.001,15.417,344.0,13965.0
2026-08-07 15:10:20.372,15416136,906084,58775056,40.001785,,1067.969,0x00,0x00,TEMPERATURE,1,0,OK,15.418,15.414,906.0,58.775,40.0,39.999,0.001,15.417,344.0,13965.0
2026-08-07 15:10:21.187,15416228,906089,58775044,40.001694,,1068.784,0x00,0x00,TEMPERATURE,1,0,OK,15.418,15.414,906.0,58.775,40.0,39.999,0.001,15.417,344.0,13965.0
2026-08-07 15:10:22.023,15416310,906094,58775036,40.001634,,1069.619,0x00,0x00,TEMPERATURE,1,0,OK,15.419,15.415,906.0,58.775,40.0,39.998,0.002,15.417,344.0,13967.0
2026-08-07 15:10:22.871,15416392,906099,58775008,40.001422,,1070.468,0x00,0x00,TEMPERATURE,1,0,OK,15.419,15.415,906.0,58.775,40.0,39.998,0.002,15.417,344.0,13967.0
2026-08-07 15:10:23.707,15416456,906102,58774992,40.001301,,1071.303,0x00,0x00,TEMPERATURE,1,0,OK,15.419,15.416,906.0,58.775,40.0,39.998,0.002,15.417,344.0,13969.0
2026-08-07 15:10:24.522,15416522,906106,58774972,40.001150,,1072.119,0x00,0x00,TEMPERATURE,1,0,OK,15.419,15.416,906.0,58.775,40.0,39.998,0.002,15.417,344.0,13969.0
2026-08-07 15:10:25.836,15416746,906119,58774996,40.001331,,1073.432,0x00,0x00,TEMPERATURE,1,0,OK,15.42,15.417,906.0,58.775,40.0,39.998,0.002,15.417,344.0,13970.0
2026-08-07 15:10:26.651,15416792,906122,58774988,40.001271,,1074.247,0x00,0x00,TEMPERATURE,1,0,OK,15.42,15.417,906.0,58.775,40.0,39.998,0.002,15.417,344.0,13970.0
2026-08-07 15:10:27.487,15416840,906124,58774980,40.001211,,1075.083,0x00,0x00,TEMPERATURE,1,0,OK,15.418,15.418,906.0,58.775,40.0,39.999,0.001,15.417,344.0,13972.0
2026-08-07 15:10:28.372,15416878,906126,58774960,40.001059,,1075.969,0x00,0x00,TEMPERATURE,1,0,OK,15.418,15.418,906.0,58.775,40.0,39.999,0.001,15.417,344.0,13972.0
2026-08-07 15:10:29.187,15417084,906138,58774952,40.000999,,1076.783,0x00,0x00,TEMPERATURE,1,0,OK,15.418,15.418,906.0,58.775,40.0,39.999,0.001,15.417,344.0,13972.0
2026-08-07 15:10:30.023,15417278,906150,58774952,40.000999,,1077.619,0x00,0x00,TEMPERATURE,1,0,OK,15.419,15.419,906.0,58.775,40.0,39.999,0.001,15.418,344.0,13973.0
2026-08-07 15:10:30.872,15417296,906150,58774916,40.000727,,1078.468,0x00,0x00,TEMPERATURE,1,0,OK,15.419,15.419,906.0,58.775,40.0,39.999,0.001,15.418,344.0,13973.0
2026-08-07 15:10:31.708,15417308,906151,58774888,40.000515,,1079.304,0x00,0x00,TEMPERATURE,1,0,OK,15.419,15.419,906.0,58.775,40.0,39.999,0.001,15.418,344.0,13973.0
2026-08-07 15:10:32.523,15417488,906161,58774900,40.000606,,1080.119,0x00,0x00,TEMPERATURE,1,0,OK,15.419,15.419,906.0,58.775,40.0,39.999,0.001,15.418,344.0,13973.0
2026-08-07 15:10:33.837,15417672,906172,58774892,40.000546,,1081.433,0x00,0x00,TEMPERATURE,1,0,OK,15.419,15.419,906.0,58.775,40.0,39.998,0.002,15.418,344.0,13974.0
2026-08-07 15:10:34.652,15417680,906172,58774852,40.000243,,1082.248,0x00,0x00,TEMPERATURE,1,0,OK,15.419,15.419,906.0,58.775,40.0,39.998,0.002,15.418,344.0,13974.0
2026-08-07 15:10:35.488,15417696,906173,58774832,40.000092,,1083.084,0x00,0x00,TEMPERATURE,1,0,OK,15.419,15.419,906.0,58.775,40.0,39.999,0.001,15.418,344.0,13974.0
2026-08-07 15:10:36.373,15417706,906173,58774800,39.999851,,1083.970,0x00,0x00,TEMPERATURE,1,0,OK,15.419,15.419,906.0,58.775,40.0,39.999,0.001,15.418,344.0,13974.0
2026-08-07 15:10:37.188,15417872,906183,58774828,40.000062,,1084.784,0x00,0x00,TEMPERATURE,1,0,OK,15.419,15.419,906.0,58.775,40.0,39.999,0.001,15.418,344.0,13974.0
2026-08-07 15:10:38.024,15418028,906193,58774864,40.000334,,1085.620,0x00,0x00,TEMPERATURE,1,0,OK,15.419,15.419,906.0,58.775,40.0,39.999,0.001,15.418,344.0,13974.0
2026-08-07 15:10:38.873,15418010,906191,58774844,40.000183,,1086.469,0x00,0x00,TEMPERATURE,1,0,OK,15.419,15.419,906.0,58.775,40.0,39.999,0.001,15.418,344.0,13974.0
2026-08-07 15:10:39.709,15418004,906191,58774836,40.000123,,1087.305,0x00,0x00,TEMPERATURE,1,0,OK,15.418,15.419,906.0,58.775,40.0,40.0,0.0,15.418,344.0,13974.0
2026-08-07 15:10:40.524,15417992,906190,58774828,40.000062,,1088.120,0x00,0x00,TEMPERATURE,1,0,OK,15.418,15.419,906.0,58.775,40.0,40.0,0.0,15.418,344.0,13974.0
2026-08-07 15:10:41.838,15417996,906190,58774820,40.000002,,1089.434,0x00,0x00,TEMPERATURE,1,0,OK,15.419,15.419,906.0,58.775,40.0,39.999,0.001,15.418,344.0,13973.0
2026-08-07 15:10:42.653,15418000,906190,58774808,39.999911,,1090.249,0x00,0x00,TEMPERATURE,1,0,OK,15.419,15.419,906.0,58.775,40.0,39.999,0.001,15.418,344.0,13973.0
2026-08-07 15:10:43.489,15418154,906200,58774840,40.000153,,1091.085,0x00,0x00,TEMPERATURE,1,0,OK,15.42,15.418,906.0,58.775,40.0,39.999,0.001,15.418,344.0,13972.0
2026-08-07 15:10:44.372,15418146,906198,58774800,39.999851,,1091.968,0x00,0x00,TEMPERATURE,1,0,OK,15.42,15.418,906.0,58.775,40.0,39.999,0.001,15.418,344.0,13972.0
2026-08-07 15:10:45.187,15418300,906208,58774812,39.999941,,1092.783,0x00,0x00,TEMPERATURE,1,0,OK,15.42,15.418,906.0,58.775,40.0,39.999,0.001,15.418,344.0,13972.0
2026-08-07 15:10:46.023,15418430,906215,58774812,39.999941,,1093.619,0x00,0x00,TEMPERATURE,1,0,OK,15.419,15.419,906.0,58.775,40.0,39.999,0.001,15.418,344.0,13974.0
2026-08-07 15:10:46.872,15418384,906212,58774780,39.999700,,1094.468,0x00,0x00,TEMPERATURE,1,0,OK,15.419,15.419,906.0,58.775,40.0,39.999,0.001,15.418,344.0,13974.0
2026-08-07 15:10:47.708,15418500,906219,58774776,39.999669,,1095.304,0x00,0x00,TEMPERATURE,1,0,OK,15.42,15.419,906.0,58.775,40.0,39.999,0.001,15.418,344.0,13974.0
2026-08-07 15:10:48.522,15418604,906225,58774752,39.999488,,1096.119,0x00,0x00,TEMPERATURE,1,0,OK,15.42,15.419,906.0,58.775,40.0,39.999,0.001,15.418,344.0,13974.0
2026-08-07 15:10:49.837,15418702,906230,58774728,39.999307,,1097.433,0x00,0x00,TEMPERATURE,1,0,OK,15.421,15.42,906.0,58.774,40.0,39.997,0.003,15.419,344.0,13975.0
2026-08-07 15:10:50.651,15418802,906235,58774692,39.999035,,1098.248,0x00,0x00,TEMPERATURE,1,0,OK,15.421,15.42,906.0,58.774,40.0,39.997,0.003,15.419,344.0,13975.0
2026-08-07 15:10:51.488,15418904,906241,58774680,39.998944,,1099.084,0x00,0x00,TEMPERATURE,1,0,OK,15.422,15.42,906.0,58.774,40.0,39.997,0.003,15.419,344.0,13976.0
2026-08-07 15:10:52.373,15418992,906245,58774608,39.998400,,1099.969,0x00,0x00,TEMPERATURE,1,0,OK,15.422,15.42,906.0,58.774,40.0,39.997,0.003,15.419,344.0,13976.0
2026-08-07 15:10:53.188,15419252,906260,58774572,39.998128,,1100.784,0x00,0x00,TEMPERATURE,1,0,OK,15.422,15.42,906.0,58.774,40.0,39.997,0.003,15.419,344.0,13976.0
2026-08-07 15:10:54.024,15419482,906273,58774544,39.997917,,1101.620,0x00,0x00,TEMPERATURE,1,0,OK,15.427,15.421,906.0,58.774,40.0,39.993,0.007,15.42,344.0,13978.0
2026-08-07 15:10:54.871,15419702,906285,58774512,39.997675,,1102.468,0x00,0x00,TEMPERATURE,1,0,OK,15.427,15.421,906.0,58.774,40.0,39.993,0.007,15.42,344.0,13978.0
2026-08-07 15:10:55.707,15419916,906298,58774480,39.997433,,1103.304,0x00,0x00,TEMPERATURE,1,0,OK,15.427,15.422,906.0,58.774,40.0,39.993,0.007,15.42,344.0,13980.0
2026-08-07 15:10:56.523,15420292,906319,58774464,39.997312,,1104.119,0x00,0x00,TEMPERATURE,1,0,OK,15.427,15.422,906.0,58.774,40.0,39.993,0.007,15.42,344.0,13980.0
2026-08-07 15:10:57.837,15420648,906340,58774428,39.997040,,1105.433,0x00,0x00,TEMPERATURE,1,0,OK,15.428,15.424,907.0,58.774,40.0,39.993,0.007,15.421,344.0,13982.0
2026-08-07 15:10:58.652,15420978,906359,58774412,39.996919,,1106.248,0x00,0x00,TEMPERATURE,1,0,OK,15.428,15.424,907.0,58.774,40.0,39.993,0.007,15.421,344.0,13982.0
2026-08-07 15:10:59.488,15421298,906377,58774392,39.996768,,1107.084,0x00,0x00,TEMPERATURE,1,0,OK,15.429,15.426,907.0,58.774,40.0,39.993,0.007,15.422,344.0,13986.0
2026-08-07 15:11:00.372,15421600,906395,58774380,39.996678,,1107.969,0x00,0x00,TEMPERATURE,1,0,OK,15.429,15.426,907.0,58.774,40.0,39.993,0.007,15.422,344.0,13986.0
2026-08-07 15:11:01.187,15421880,906411,58774356,39.996496,,1108.784,0x00,0x00,TEMPERATURE,1,0,OK,15.429,15.426,907.0,58.774,40.0,39.993,0.007,15.422,344.0,13986.0
2026-08-07 15:11:02.023,15422314,906437,58774376,39.996647,,1109.620,0x00,0x00,TEMPERATURE,1,0,OK,15.429,15.427,907.0,58.774,40.0,39.994,0.006,15.423,344.0,13987.0
2026-08-07 15:11:02.873,15422746,906463,58774416,39.996949,,1110.469,0x00,0x00,TEMPERATURE,1,0,OK,15.429,15.427,907.0,58.774,40.0,39.994,0.006,15.423,344.0,13987.0
2026-08-07 15:11:03.708,15422994,906477,58774404,39.996859,,1111.305,0x00,0x00,TEMPERATURE,1,0,OK,15.426,15.429,907.0,58.774,40.0,39.997,0.003,15.423,344.0,13991.0
2026-08-07 15:11:04.523,15423234,906492,58774420,39.996980,,1112.120,0x00,0x00,TEMPERATURE,1,0,OK,15.426,15.429,907.0,58.774,40.0,39.997,0.003,15.423,344.0,13991.0
2026-08-07 15:11:05.838,15423480,906507,58774444,39.997161,,1113.434,0x00,0x00,TEMPERATURE,1,0,OK,15.426,15.428,907.0,58.774,40.0,39.998,0.002,15.423,344.0,13990.0
2026-08-07 15:11:06.652,15423706,906520,58774436,39.997101,,1114.249,0x00,0x00,TEMPERATURE,1,0,OK,15.426,15.428,907.0,58.774,40.0,39.998,0.002,15.423,344.0,13990.0
2026-08-07 15:11:07.489,15423912,906532,58774432,39.997070,,1115.085,0x00,0x00,TEMPERATURE,1,0,OK,15.426,15.428,907.0,58.774,40.0,39.998,0.002,15.423,344.0,13990.0
2026-08-07 15:11:08.372,15424108,906543,58774416,39.996949,,1115.969,0x00,0x00,TEMPERATURE,1,0,OK,15.426,15.428,907.0,58.774,40.0,39.998,0.002,15.423,344.0,13990.0
2026-08-07 15:11:09.187,15424312,906555,58774416,39.996949,,1116.784,0x00,0x00,TEMPERATURE,1,0,OK,15.426,15.428,907.0,58.774,40.0,39.998,0.002,15.423,344.0,13990.0
2026-08-07 15:11:10.023,15424348,906556,58774360,39.996526,,1117.620,0x00,0x00,TEMPERATURE,1,0,OK,15.427,15.428,907.0,58.774,40.0,39.996,0.004,15.424,344.0,13990.0
2026-08-07 15:11:10.872,15424546,906568,58774360,39.996526,,1118.469,0x00,0x00,TEMPERATURE,1,0,OK,15.427,15.428,907.0,58.774,40.0,39.996,0.004,15.424,344.0,13990.0
2026-08-07 15:11:11.708,15424734,906579,58774364,39.996557,,1119.305,0x00,0x00,TEMPERATURE,1,0,OK,15.429,15.428,907.0,58.774,40.0,39.995,0.005,15.424,344.0,13989.0
2026-08-07 15:11:12.523,15424918,906590,58774372,39.996617,,1120.120,0x00,0x00,TEMPERATURE,1,0,OK,15.429,15.428,907.0,58.774,40.0,39.995,0.005,15.424,344.0,13989.0
2026-08-07 15:11:13.838,15425106,906601,58774384,39.996708,,1121.434,0x00,0x00,TEMPERATURE,1,0,OK,15.428,15.428,907.0,58.774,40.0,39.997,0.003,15.424,344.0,13990.0
2026-08-07 15:11:14.652,15425280,906611,58774392,39.996768,,1122.249,0x00,0x00,TEMPERATURE,1,0,OK,15.428,15.428,907.0,58.774,40.0,39.997,0.003,15.424,344.0,13990.0
2026-08-07 15:11:15.489,15425276,906611,58774368,39.996587,,1123.085,0x00,0x00,TEMPERATURE,1,0,OK,15.426,15.428,907.0,58.775,40.0,39.999,0.001,15.425,344.0,13990.0
2026-08-07 15:11:16.371,15425272,906610,58774344,39.996406,,1123.968,0x00,0x00,TEMPERATURE,1,0,OK,15.426,15.428,907.0,58.775,40.0,39.999,0.001,15.425,344.0,13990.0
2026-08-07 15:11:17.186,15425262,906610,58774332,39.996315,,1124.783,0x00,0x00,TEMPERATURE,1,0,OK,15.426,15.428,907.0,58.775,40.0,39.999,0.001,15.425,344.0,13990.0
2026-08-07 15:11:18.022,15425426,906620,58774364,39.996557,,1125.619,0x00,0x00,TEMPERATURE,1,0,OK,15.429,15.427,907.0,58.774,40.0,39.996,0.004,15.425,344.0,13987.0
2026-08-07 15:11:18.872,15425590,906630,58774392,39.996768,,1126.469,0x00,0x00,TEMPERATURE,1,0,OK,15.429,15.427,907.0,58.774,40.0,39.996,0.004,15.425,344.0,13987.0
2026-08-07 15:11:19.708,15425730,906638,58774428,39.997040,,1127.305,0x00,0x00,TEMPERATURE,1,0,OK,15.427,15.427,907.0,58.775,40.0,39.998,0.002,15.425,344.0,13989.0
2026-08-07 15:11:20.523,15425862,906647,58774448,39.997191,,1128.120,0x00,0x00,TEMPERATURE,1,0,OK,15.427,15.427,907.0,58.775,40.0,39.998,0.002,15.425,344.0,13989.0
2026-08-07 15:11:21.837,15425998,906655,58774452,39.997221,,1129.434,0x00,0x00,TEMPERATURE,1,0,OK,15.426,15.428,907.0,58.775,40.0,39.999,0.001,15.425,344.0,13989.0
2026-08-07 15:11:22.652,15426122,906663,58774496,39.997554,,1130.249,0x00,0x00,TEMPERATURE,1,0,OK,15.426,15.428,907.0,58.775,40.0,39.999,0.001,15.425,344.0,13989.0
2026-08-07 15:11:23.487,15426064,906659,58774496,39.997554,,1131.084,0x00,0x00,TEMPERATURE,1,0,OK,15.426,15.428,907.0,58.775,40.0,40.0,0.0,15.425,344.0,13989.0
2026-08-07 15:11:24.371,15426008,906656,58774496,39.997554,,1131.968,0x00,0x00,TEMPERATURE,1,0,OK,15.426,15.428,907.0,58.775,40.0,40.0,0.0,15.425,344.0,13989.0
2026-08-07 15:11:25.186,15425968,906654,58774504,39.997614,,1132.783,0x00,0x00,TEMPERATURE,1,0,OK,15.426,15.428,907.0,58.775,40.0,40.0,0.0,15.425,344.0,13989.0
2026-08-07 15:11:26.022,15425920,906651,58774512,39.997675,,1133.618,0x00,0x00,TEMPERATURE,1,0,OK,15.427,15.426,907.0,58.775,40.0,39.998,0.002,15.426,344.0,13986.0
2026-08-07 15:11:26.872,15426022,906658,58774564,39.998068,,1134.469,0x00,0x00,TEMPERATURE,1,0,OK,15.427,15.426,907.0,58.775,40.0,39.998,0.002,15.426,344.0,13986.0
2026-08-07 15:11:27.708,15426116,906664,58774596,39.998309,,1135.305,0x00,0x00,TEMPERATURE,1,0,OK,15.426,15.426,907.0,58.775,40.0,40.0,0.0,15.426,344.0,13987.0
2026-08-07 15:11:28.523,15426052,906660,58774588,39.998249,,1136.120,0x00,0x00,TEMPERATURE,1,0,OK,15.426,15.426,907.0,58.775,40.0,40.0,0.0,15.426,344.0,13987.0
2026-08-07 15:11:29.837,15426000,906657,58774580,39.998189,,1137.434,0x00,0x00,TEMPERATURE,1,0,OK,15.426,15.426,907.0,58.775,40.0,40.0,0.0,15.426,344.0,13987.0
2026-08-07 15:11:30.652,15425954,906654,58774564,39.998068,,1138.248,0x00,0x00,TEMPERATURE,1,0,OK,15.426,15.426,907.0,58.775,40.0,40.0,0.0,15.426,344.0,13987.0
2026-08-07 15:11:31.488,15426074,906661,58774568,39.998098,,1139.085,0x00,0x00,TEMPERATURE,1,0,OK,15.428,15.426,907.0,58.775,40.0,39.998,0.002,15.426,344.0,13985.0
2026-08-07 15:11:32.372,15426190,906667,58774552,39.997977,,1139.969,0x00,0x00,TEMPERATURE,1,0,OK,15.428,15.426,907.0,58.775,40.0,39.998,0.002,15.426,344.0,13985.0
2026-08-07 15:11:33.187,15426304,906674,58774516,39.997705,,1140.784,0x00,0x00,TEMPERATURE,1,0,OK,15.428,15.426,907.0,58.775,40.0,39.998,0.002,15.426,344.0,13985.0
2026-08-07 15:11:34.023,15426416,906680,58774488,39.997493,,1141.620,0x00,0x00,TEMPERATURE,1,0,OK,15.43,15.427,907.0,58.774,40.0,39.996,0.004,15.426,344.0,13988.0
2026-08-07 15:11:34.872,15426512,906685,58774464,39.997312,,1142.469,0x00,0x00,TEMPERATURE,1,0,OK,15.43,15.427,907.0,58.774,40.0,39.996,0.004,15.426,344.0,13988.0
2026-08-07 15:11:35.708,15426598,906689,58774428,39.997040,,1143.305,0x00,0x00,TEMPERATURE,1,0,OK,15.432,15.428,907.0,58.774,40.0,39.994,0.006,15.427,344.0,13989.0
2026-08-07 15:11:36.523,15426842,906704,58774444,39.997161,,1144.120,0x00,0x00,TEMPERATURE,1,0,OK,15.432,15.428,907.0,58.774,40.0,39.994,0.006,15.427,344.0,13989.0
2026-08-07 15:11:37.837,15427068,906718,58774504,39.997614,,1145.433,0x00,0x00,TEMPERATURE,1,0,OK,15.431,15.429,907.0,58.774,40.0,39.996,0.004,15.427,344.0,13991.0
2026-08-07 15:11:38.652,15427286,906732,58774560,39.998037,,1146.248,0x00,0x00,TEMPERATURE,1,0,OK,15.431,15.429,907.0,58.774,40.0,39.996,0.004,15.427,344.0,13991.0
2026-08-07 15:11:39.488,15427340,906735,58774576,39.998158,,1147.084,0x00,0x00,TEMPERATURE,1,0,OK,15.425,15.43,907.0,58.775,40.0,40.002,-0.002,15.427,344.0,13994.0
2026-08-07 15:11:40.372,15427396,906739,58774572,39.998128,,1147.968,0x00,0x00,TEMPERATURE,1,0,OK,15.425,15.43,907.0,58.775,40.0,40.002,-0.002,15.427,344.0,13994.0
2026-08-07 15:11:41.187,15427462,906742,58774560,39.998037,,1148.783,0x00,0x00,TEMPERATURE,1,0,OK,15.425,15.43,907.0,58.775,40.0,40.002,-0.002,15.427,344.0,13994.0
2026-08-07 15:11:42.023,15427514,906745,58774520,39.997735,,1149.619,0x00,0x00,TEMPERATURE,1,0,OK,15.427,15.429,907.0,58.775,40.0,40.0,0.0,15.427,344.0,13992.0
2026-08-07 15:11:42.872,15427574,906748,58774496,39.997554,,1150.468,0x00,0x00,TEMPERATURE,1,0,OK,15.427,15.429,907.0,58.775,40.0,40.0,0.0,15.427,344.0,13992.0
2026-08-07 15:11:43.708,15427618,906750,58774456,39.997252,,1151.304,0x00,0x00,TEMPERATURE,1,0,OK,15.43,15.429,907.0,58.774,40.0,39.997,0.003,15.427,344.0,13991.0
2026-08-07 15:11:44.523,15427648,906751,58774424,39.997010,,1152.119,0x00,0x00,TEMPERATURE,1,0,OK,15.43,15.429,907.0,58.774,40.0,39.997,0.003,15.427,344.0,13991.0
2026-08-07 15:11:45.837,15427672,906752,58774408,39.996889,,1153.433,0x00,0x00,TEMPERATURE,1,0,OK,15.432,15.429,907.0,58.774,40.0,39.995,0.005,15.428,344.0,13991.0
2026-08-07 15:11:46.652,15427858,906763,58774416,39.996949,,1154.249,0x00,0x00,TEMPERATURE,1,0,OK,15.432,15.429,907.0,58.774,40.0,39.995,0.005,15.428,344.0,13991.0
2026-08-07 15:11:47.487,15428036,906774,58774432,39.997070,,1155.084,0x00,0x00,TEMPERATURE,1,0,OK,15.433,15.429,907.0,58.774,40.0,39.995,0.005,15.428,344.0,13992.0
2026-08-07 15:11:48.373,15428212,906785,58774460,39.997282,,1155.969,0x00,0x00,TEMPERATURE,1,0,OK,15.433,15.429,907.0,58.774,40.0,39.995,0.005,15.428,344.0,13992.0
2026-08-07 15:11:49.188,15428386,906795,58774476,39.997403,,1156.784,0x00,0x00,TEMPERATURE,1,0,OK,15.433,15.429,907.0,58.774,40.0,39.995,0.005,15.428,344.0,13992.0
2026-08-07 15:11:50.024,15428560,906806,58774496,39.997554,,1157.620,0x00,0x00,TEMPERATURE,1,0,OK,15.43,15.431,907.0,58.775,40.0,39.998,0.002,15.428,344.0,13994.0
2026-08-07 15:11:50.873,15428730,906816,58774544,39.997917,,1158.469,0x00,0x00,TEMPERATURE,1,0,OK,15.43,15.431,907.0,58.775,40.0,39.998,0.002,15.428,344.0,13994.0
2026-08-07 15:11:51.709,15428894,906827,58774572,39.998128,,1159.305,0x00,0x00,TEMPERATURE,1,0,OK,15.429,15.431,907.0,58.775,40.0,40.0,0.0,15.428,344.0,13996.0
2026-08-07 15:11:52.524,15429050,906836,58774600,39.998340,,1160.120,0x00,0x00,TEMPERATURE,1,0,OK,15.429,15.431,907.0,58.775,40.0,40.0,0.0,15.428,344.0,13996.0
2026-08-07 15:11:53.838,15429034,906835,58774604,39.998370,,1161.434,0x00,0x00,TEMPERATURE,1,0,OK,15.427,15.432,907.0,58.775,40.0,40.001,-0.001,15.428,344.0,13996.0
2026-08-07 15:11:54.653,15429020,906834,58774592,39.998279,,1162.249,0x00,0x00,TEMPERATURE,1,0,OK,15.427,15.432,907.0,58.775,40.0,40.001,-0.001,15.428,344.0,13996.0
2026-08-07 15:11:55.488,15429018,906834,58774572,39.998128,,1163.084,0x00,0x00,TEMPERATURE,1,0,OK,15.431,15.43,907.0,58.775,40.0,39.998,0.002,15.429,344.0,13993.0
2026-08-07 15:11:56.372,15429184,906844,58774580,39.998189,,1163.968,0x00,0x00,TEMPERATURE,1,0,OK,15.431,15.43,907.0,58.775,40.0,39.998,0.002,15.429,344.0,13993.0
2026-08-07 15:11:57.186,15429338,906853,58774584,39.998219,,1164.783,0x00,0x00,TEMPERATURE,1,0,OK,15.431,15.43,907.0,58.775,40.0,39.998,0.002,15.429,344.0,13993.0
2026-08-07 15:11:58.023,15429466,906860,58774564,39.998068,,1165.619,0x00,0x00,TEMPERATURE,1,0,OK,15.432,15.431,907.0,58.774,40.0,39.997,0.003,15.429,344.0,13995.0
2026-08-07 15:11:58.871,15429592,906867,58774540,39.997886,,1166.467,0x00,0x00,TEMPERATURE,1,0,OK,15.432,15.431,907.0,58.774,40.0,39.997,0.003,15.429,344.0,13995.0
2026-08-07 15:11:59.707,15429716,906874,58774512,39.997675,,1167.303,0x00,0x00,TEMPERATURE,1,0,OK,15.433,15.431,907.0,58.774,40.0,39.996,0.004,15.429,344.0,13995.0
2026-08-07 15:12:00.522,15429840,906881,58774480,39.997433,,1168.118,0x00,0x00,TEMPERATURE,1,0,OK,15.433,15.431,907.0,58.774,40.0,39.996,0.004,15.429,344.0,13995.0
2026-08-07 15:12:01.836,15429948,906887,58774444,39.997161,,1169.432,0x00,0x00,TEMPERATURE,1,0,OK,15.435,15.432,907.0,58.774,40.0,39.994,0.006,15.43,344.0,13996.0
2026-08-07 15:12:02.651,15430228,906903,58774460,39.997282,,1170.247,0x00,0x00,TEMPERATURE,1,0,OK,15.435,15.432,907.0,58.774,40.0,39.994,0.006,15.43,344.0,13996.0
2026-08-07 15:12:03.487,15430502,906920,58774472,39.997373,,1171.083,0x00,0x00,TEMPERATURE,1,0,OK,15.435,15.433,907.0,58.774,40.0,39.995,0.005,15.43,345.0,13998.0
2026-08-07 15:12:04.373,15430752,906935,58774500,39.997584,,1171.969,0x00,0x00,TEMPERATURE,1,0,OK,15.435,15.433,907.0,58.774,40.0,39.995,0.005,15.43,345.0,13998.0
2026-08-07 15:12:05.188,15430994,906950,58774560,39.998037,,1172.784,0x00,0x00,TEMPERATURE,1,0,OK,15.435,15.433,907.0,58.774,40.0,39.995,0.005,15.43,345.0,13998.0
2026-08-07 15:12:06.024,15431234,906965,58774592,39.998279,,1173.620,0x00,0x00,TEMPERATURE,1,0,OK,15.431,15.434,907.0,58.775,40.0,40.0,0.0,15.431,345.0,14001.0
2026-08-07 15:12:06.872,15431304,906968,58774580,39.998189,,1174.468,0x00,0x00,TEMPERATURE,1,0,OK,15.431,15.434,907.0,58.775,40.0,40.0,0.0,15.431,345.0,14001.0
2026-08-07 15:12:07.707,15431372,906972,58774580,39.998189,,1175.304,0x00,0x00,TEMPERATURE,1,0,OK,15.431,15.434,907.0,58.775,40.0,40.0,0.0,15.431,344.0,14001.0
2026-08-07 15:12:08.523,15431436,906976,58774592,39.998279,,1176.119,0x00,0x00,TEMPERATURE,1,0,OK,15.431,15.434,907.0,58.775,40.0,40.0,0.0,15.431,344.0,14001.0
2026-08-07 15:12:09.837,15431488,906979,58774592,39.998279,,1177.433,0x00,0x00,TEMPERATURE,1,0,OK,15.431,15.434,907.0,58.775,40.0,39.999,0.001,15.431,344.0,14000.0
2026-08-07 15:12:10.652,15431532,906982,58774612,39.998430,,1178.248,0x00,0x00,TEMPERATURE,1,0,OK,15.431,15.434,907.0,58.775,40.0,39.999,0.001,15.431,344.0,14000.0
2026-08-07 15:12:11.488,15431566,906984,58774616,39.998460,,1179.084,0x00,0x00,TEMPERATURE,1,0,OK,15.432,15.433,907.0,58.775,40.0,39.999,0.001,15.431,344.0,13999.0
2026-08-07 15:12:12.372,15431604,906987,58774628,39.998551,,1179.968,0x00,0x00,TEMPERATURE,1,0,OK,15.432,15.433,907.0,58.775,40.0,39.999,0.001,15.431,344.0,13999.0
2026-08-07 15:12:13.187,15431646,906989,58774628,39.998551,,1180.783,0x00,0x00,TEMPERATURE,1,0,OK,15.432,15.433,907.0,58.775,40.0,39.999,0.001,15.431,344.0,13999.0
2026-08-07 15:12:14.023,15431532,906983,58774620,39.998491,,1181.619,0x00,0x00,TEMPERATURE,1,0,OK,15.431,15.433,907.0,58.775,40.0,40.0,0.0,15.431,344.0,13998.0
2026-08-07 15:12:14.873,15431430,906976,58774616,39.998460,,1182.469,0x00,0x00,TEMPERATURE,1,0,OK,15.431,15.433,907.0,58.775,40.0,40.0,0.0,15.431,344.0,13998.0
2026-08-07 15:12:15.709,15431322,906970,58774612,39.998430,,1183.305,0x00,0x00,TEMPERATURE,1,0,OK,15.432,15.431,907.0,58.775,40.0,39.999,0.001,15.431,344.0,13996.0
2026-08-07 15:12:16.524,15431382,906974,58774656,39.998763,,1184.120,0x00,0x00,TEMPERATURE,1,0,OK,15.432,15.431,907.0,58.775,40.0,39.999,0.001,15.431,344.0,13996.0
2026-08-07 15:12:17.838,15431280,906968,58774664,39.998823,,1185.434,0x00,0x00,TEMPERATURE,1,0,OK,15.43,15.431,907.0,58.775,40.0,40.001,-0.001,15.431,344.0,13995.0
2026-08-07 15:12:18.653,15431190,906963,58774668,39.998853,,1186.249,0x00,0x00,TEMPERATURE,1,0,OK,15.43,15.431,907.0,58.775,40.0,40.001,-0.001,15.431,344.0,13995.0
2026-08-07 15:12:19.489,15431270,906968,58774716,39.999216,,1187.085,0x00,0x00,TEMPERATURE,1,0,OK,15.43,15.43,907.0,58.775,40.0,40.0,0.0,15.431,344.0,13994.0
2026-08-07 15:12:20.373,15431164,906963,58774740,39.999397,,1187.969,0x00,0x00,TEMPERATURE,1,0,OK,15.43,15.43,907.0,58.775,40.0,40.0,0.0,15.431,344.0,13994.0
2026-08-07 15:12:21.188,15431068,906957,58774748,39.999458,,1188.784,0x00,0x00,TEMPERATURE,1,0,OK,15.43,15.43,907.0,58.775,40.0,40.0,0.0,15.431,344.0,13994.0
2026-08-07 15:12:22.024,15430972,906952,58774760,39.999548,,1189.620,0x00,0x00,TEMPERATURE,1,0,OK,15.429,15.43,907.0,58.775,40.0,40.001,-0.001,15.431,344.0,13994.0
2026-08-07 15:12:22.872,15430878,906946,58774768,39.999609,,1190.469,0x00,0x00,TEMPERATURE,1,0,OK,15.429,15.43,907.0,58.775,40.0,40.001,-0.001,15.431,344.0,13994.0
2026-08-07 15:12:23.709,15430778,906941,58774800,39.999851,,1191.305,0x00,0x00,TEMPERATURE,1,0,OK,15.429,15.43,907.0,58.775,40.0,40.002,-0.002,15.431,344.0,13993.0
2026-08-07 15:12:24.523,15430688,906936,58774832,40.000092,,1192.120,0x00,0x00,TEMPERATURE,1,0,OK,15.429,15.43,907.0,58.775,40.0,40.002,-0.002,15.431,344.0,13993.0
2026-08-07 15:12:25.837,15430604,906932,58774864,40.000334,,1193.434,0x00,0x00,TEMPERATURE,1,0,OK,15.427,15.429,907.0,58.775,40.0,40.003,-0.003,15.43,344.0,13992.0
2026-08-07 15:12:26.652,15430522,906927,58774896,40.000576,,1194.249,0x00,0x00,TEMPERATURE,1,0,OK,15.427,15.429,907.0,58.775,40.0,40.003,-0.003,15.43,344.0,13992.0
2026-08-07 15:12:27.488,15430434,906923,58774936,40.000878,,1195.085,0x00,0x00,TEMPERATURE,1,0,OK,15.426,15.429,907.0,58.775,40.0,40.004,-0.004,15.43,344.0,13992.0
2026-08-07 15:12:28.371,15430178,906908,58774928,40.000818,,1195.968,0x00,0x00,TEMPERATURE,1,0,OK,15.426,15.429,907.0,58.775,40.0,40.004,-0.004,15.43,344.0,13992.0
2026-08-07 15:12:29.186,15429932,906893,58774940,40.000908,,1196.783,0x00,0x00,TEMPERATURE,1,0,OK,15.426,15.429,907.0,58.775,40.0,40.004,-0.004,15.43,344.0,13992.0
2026-08-07 15:12:30.022,15429696,906880,58774952,40.000999,,1197.619,0x00,0x00,TEMPERATURE,1,0,OK,15.426,15.427,907.0,58.775,40.0,40.004,-0.004,15.429,344.0,13989.0
2026-08-07 15:12:30.872,15429472,906866,58774944,40.000939,,1198.469,0x00,0x00,TEMPERATURE,1,0,OK,15.426,15.427,907.0,58.775,40.0,40.004,-0.004,15.429,344.0,13989.0
2026-08-07 15:12:31.708,15429262,906854,58774948,40.000969,,1199.305,0x00,0x00,TEMPERATURE,1,0,OK,15.427,15.426,907.0,58.775,40.0,40.002,-0.002,15.429,344.0,13987.0
2026-08-07 15:12:32.523,15429070,906843,58774944,40.000939,,1200.120,0x00,0x00,TEMPERATURE,1,0,OK,15.427,15.426,907.0,58.775,40.0,40.002,-0.002,15.429,344.0,13987.0
2026-08-07 15:12:33.837,15428896,906832,58774932,40.000848,,1201.434,0x00,0x00,TEMPERATURE,1,0,OK,15.428,15.426,907.0,58.775,40.0,40.001,-0.001,15.429,344.0,13986.0
2026-08-07 15:12:34.652,15428888,906832,58774968,40.001120,,1202.249,0x00,0x00,TEMPERATURE,1,0,OK,15.428,15.426,907.0,58.775,40.0,40.001,-0.001,15.429,344.0,13986.0
2026-08-07 15:12:35.488,15428878,906832,58774992,40.001301,,1203.085,0x00,0x00,TEMPERATURE,1,0,OK,15.427,15.427,907.0,58.775,40.0,40.002,-0.002,15.429,344.0,13987.0
2026-08-07 15:12:36.371,15428876,906832,58775024,40.001543,,1203.968,0x00,0x00,TEMPERATURE,1,0,OK,15.427,15.427,907.0,58.775,40.0,40.002,-0.002,15.429,344.0,13987.0
2026-08-07 15:12:37.186,15428710,906822,58775004,40.001392,,1204.783,0x00,0x00,TEMPERATURE,1,0,OK,15.427,15.427,907.0,58.775,40.0,40.002,-0.002,15.429,344.0,13987.0
2026-08-07 15:12:38.022,15428556,906813,58774996,40.001331,,1205.619,0x00,0x00,TEMPERATURE,1,0,OK,15.427,15.427,907.0,58.775,40.0,40.002,-0.002,15.429,344.0,13988.0
2026-08-07 15:12:38.871,15428414,906805,58774996,40.001331,,1206.468,0x00,0x00,TEMPERATURE,1,0,OK,15.427,15.427,907.0,58.775,40.0,40.002,-0.002,15.429,344.0,13988.0
2026-08-07 15:12:39.707,15428274,906797,58774992,40.001301,,1207.304,0x00,0x00,TEMPERATURE,1,0,OK,15.426,15.426,907.0,58.775,40.0,40.002,-0.002,15.428,344.0,13987.0
2026-08-07 15:12:40.522,15428132,906788,58774992,40.001301,,1208.119,0x00,0x00,TEMPERATURE,1,0,OK,15.426,15.426,907.0,58.775,40.0,40.002,-0.002,15.428,344.0,13987.0
2026-08-07 15:12:41.836,15427992,906780,58774984,40.001241,,1209.433,0x00,0x00,TEMPERATURE,1,0,OK,15.426,15.426,907.0,58.775,40.0,40.002,-0.002,15.428,344.0,13986.0
2026-08-07 15:12:42.651,15427860,906772,58774984,40.001241,,1210.248,0x00,0x00,TEMPERATURE,1,0,OK,15.426,15.426,907.0,58.775,40.0,40.002,-0.002,15.428,344.0,13986.0
2026-08-07 15:12:43.487,15427738,906765,58774988,40.001271,,1211.083,0x00,0x00,TEMPERATURE,1,0,OK,15.426,15.426,907.0,58.775,40.0,40.002,-0.002,15.428,344.0,13986.0
2026-08-07 15:12:44.372,15427626,906758,58774980,40.001211,,1211.969,0x00,0x00,TEMPERATURE,1,0,OK,15.426,15.426,907.0,58.775,40.0,40.002,-0.002,15.428,344.0,13986.0
2026-08-07 15:12:45.187,15427518,906752,58774980,40.001211,,1212.784,0x00,0x00,TEMPERATURE,1,0,OK,15.426,15.426,907.0,58.775,40.0,40.002,-0.002,15.428,344.0,13986.0
2026-08-07 15:12:46.023,15427408,906746,58775000,40.001362,,1213.620,0x00,0x00,TEMPERATURE,1,0,OK,15.426,15.425,907.0,58.775,40.0,40.002,-0.002,15.428,344.0,13985.0
2026-08-07 15:12:46.872,15427302,906740,58775016,40.001482,,1214.469,0x00,0x00,TEMPERATURE,1,0,OK,15.426,15.425,907.0,58.775,40.0,40.002,-0.002,15.428,344.0,13985.0
2026-08-07 15:12:47.708,15427210,906735,58775036,40.001634,,1215.305,0x00,0x00,TEMPERATURE,1,0,OK,15.425,15.425,907.0,58.775,40.0,40.002,-0.002,15.428,344.0,13985.0
2026-08-07 15:12:48.523,15427122,906729,58775028,40.001573,,1216.120,0x00,0x00,TEMPERATURE,1,0,OK,15.425,15.425,907.0,58.775,40.0,40.002,-0.002,15.428,344.0,13985.0
2026-08-07 15:12:49.837,15427034,906724,58775028,40.001573,,1217.434,0x00,0x00,TEMPERATURE,1,0,OK,15.425,15.425,907.0,58.775,40.0,40.002,-0.002,15.427,344.0,13985.0
2026-08-07 15:12:50.652,15426952,906719,58775016,40.001482,,1218.249,0x00,0x00,TEMPERATURE,1,0,OK,15.425,15.425,907.0,58.775,40.0,40.002,-0.002,15.427,344.0,13985.0
2026-08-07 15:12:51.488,15426872,906715,58775012,40.001452,,1219.085,0x00,0x00,TEMPERATURE,1,0,OK,15.425,15.425,907.0,58.775,40.0,40.002,-0.002,15.427,344.0,13985.0
2026-08-07 15:12:52.373,15426804,906711,58775040,40.001664,,1219.970,0x00,0x00,TEMPERATURE,1,0,OK,15.425,15.425,907.0,58.775,40.0,40.002,-0.002,15.427,344.0,13985.0
2026-08-07 15:12:53.188,15426746,906708,58775068,40.001875,,1220.785,0x00,0x00,TEMPERATURE,1,0,OK,15.425,15.425,907.0,58.775,40.0,40.002,-0.002,15.427,344.0,13985.0
2026-08-07 15:12:54.024,15426678,906704,58775068,40.001875,,1221.620,0x00,0x00,TEMPERATURE,1,0,OK,15.423,15.425,907.0,58.775,40.0,40.004,-0.004,15.427,344.0,13985.0
2026-08-07 15:12:54.872,15426612,906700,58775064,40.001845,,1222.469,0x00,0x00,TEMPERATURE,1,0,OK,15.423,15.425,907.0,58.775,40.0,40.004,-0.004,15.427,344.0,13985.0
2026-08-07 15:12:55.708,15426560,906697,58775052,40.001754,,1223.305,0x00,0x00,TEMPERATURE,1,0,OK,15.424,15.425,907.0,58.775,40.0,40.003,-0.003,15.426,344.0,13985.0
2026-08-07 15:12:56.523,15426490,906692,58775020,40.001513,,1224.120,0x00,0x00,TEMPERATURE,1,0,OK,15.424,15.425,907.0,58.775,40.0,40.003,-0.003,15.426,344.0,13985.0
2026-08-07 15:12:57.837,15426412,906687,58774980,40.001211,,1225.433,0x00,0x00,TEMPERATURE,1,0,OK,15.426,15.425,907.0,58.775,40.0,40.0,0.0,15.426,344.0,13985.0
2026-08-07 15:12:58.652,15426340,906682,58774908,40.000667,,1226.249,0x00,0x00,TEMPERATURE,1,0,OK,15.426,15.425,907.0,58.775,40.0,40.0,0.0,15.426,344.0,13985.0
2026-08-07 15:12:59.488,15426442,906688,58774900,40.000606,,1227.085,0x00,0x00,TEMPERATURE,1,0,OK,15.431,15.425,907.0,58.774,40.0,39.996,0.004,15.427,344.0,13984.0
2026-08-07 15:13:00.372,15426534,906693,58774884,40.000485,,1227.969,0x00,0x00,TEMPERATURE,1,0,OK,15.431,15.425,907.0,58.774,40.0,39.996,0.004,15.427,344.0,13984.0
2026-08-07 15:13:01.187,15426628,906699,58774900,40.000606,,1228.784,0x00,0x00,TEMPERATURE,1,0,OK,15.431,15.425,907.0,58.774,40.0,39.996,0.004,15.427,344.0,13984.0
2026-08-07 15:13:02.023,15426720,906704,58774932,40.000848,,1229.619,0x00,0x00,TEMPERATURE,1,0,OK,15.428,15.427,907.0,58.775,40.0,39.999,0.001,15.427,344.0,13988.0
2026-08-07 15:13:02.873,15426820,906711,58774972,40.001150,,1230.469,0x00,0x00,TEMPERATURE,1,0,OK,15.428,15.427,907.0,58.775,40.0,39.999,0.001,15.427,344.0,13988.0
2026-08-07 15:13:03.709,15426920,906717,58775004,40.001392,,1231.305,0x00,0x00,TEMPERATURE,1,0,OK,15.425,15.428,907.0,58.775,40.0,40.002,-0.002,15.427,344.0,13989.0
2026-08-07 15:13:04.524,15427020,906724,58775048,40.001724,,1232.120,0x00,0x00,TEMPERATURE,1,0,OK,15.425,15.428,907.0,58.775,40.0,40.002,-0.002,15.427,344.0,13989.0
2026-08-07 15:13:05.838,15426944,906719,58775052,40.001754,,1233.434,0x00,0x00,TEMPERATURE,1,0,OK,15.422,15.428,907.0,58.775,40.0,40.005,-0.005,15.427,344.0,13990.0
2026-08-07 15:13:06.653,15426890,906717,58775076,40.001936,,1234.250,0x00,0x00,TEMPERATURE,1,0,OK,15.422,15.428,907.0,58.775,40.0,40.005,-0.005,15.427,344.0,13990.0
2026-08-07 15:13:07.489,15426672,906704,58775056,40.001785,,1235.085,0x00,0x00,TEMPERATURE,1,0,OK,15.422,15.427,907.0,58.775,40.0,40.004,-0.004,15.426,344.0,13988.0
2026-08-07 15:13:08.372,15426460,906691,58775048,40.001724,,1235.969,0x00,0x00,TEMPERATURE,1,0,OK,15.422,15.427,907.0,58.775,40.0,40.004,-0.004,15.426,344.0,13988.0
2026-08-07 15:13:09.187,15426250,906679,58775044,40.001694,,1236.783,0x00,0x00,TEMPERATURE,1,0,OK,15.422,15.427,907.0,58.775,40.0,40.004,-0.004,15.426,344.0,13988.0
2026-08-07 15:13:10.023,15426058,906667,58775036,40.001634,,1237.620,0x00,0x00,TEMPERATURE,1,0,OK,15.424,15.424,907.0,58.775,40.0,40.002,-0.002,15.426,344.0,13983.0
2026-08-07 15:13:10.873,15425886,906657,58775024,40.001543,,1238.469,0x00,0x00,TEMPERATURE,1,0,OK,15.424,15.424,907.0,58.775,40.0,40.002,-0.002,15.426,344.0,13983.0
2026-08-07 15:13:11.709,15425720,906647,58775020,40.001513,,1239.305,0x00,0x00,TEMPERATURE,1,0,OK,15.425,15.424,907.0,58.775,40.0,40.001,-0.001,15.426,344.0,13982.0
2026-08-07 15:13:12.524,15425562,906638,58775016,40.001482,,1240.120,0x00,0x00,TEMPERATURE,1,0,OK,15.425,15.424,907.0,58.775,40.0,40.001,-0.001,15.426,344.0,13982.0
2026-08-07 15:13:13.838,15425594,906640,58775056,40.001785,,1241.435,0x00,0x00,TEMPERATURE,1,0,OK,15.425,15.423,906.0,58.775,40.0,40.001,-0.001,15.426,344.0,13981.0
2026-08-07 15:13:14.653,15425452,906632,58775056,40.001785,,1242.249,0x00,0x00,TEMPERATURE,1,0,OK,15.425,15.423,906.0,58.775,40.0,40.001,-0.001,15.426,344.0,13981.0
2026-08-07 15:13:15.488,15425320,906624,58775052,40.001754,,1243.085,0x00,0x00,TEMPERATURE,1,0,OK,15.423,15.424,907.0,58.775,40.0,40.003,-0.003,15.425,344.0,13982.0
2026-08-07 15:13:16.372,15425206,906618,58775068,40.001875,,1243.968,0x00,0x00,TEMPERATURE,1,0,OK,15.423,15.424,907.0,58.775,40.0,40.003,-0.003,15.425,344.0,13982.0
2026-08-07 15:13:17.187,15425078,906611,58775104,40.002147,,1244.783,0x00,0x00,TEMPERATURE,1,0,OK,15.423,15.424,907.0,58.775,40.0,40.003,-0.003,15.425,344.0,13982.0
2026-08-07 15:13:18.023,15424958,906604,58775120,40.002268,,1245.619,0x00,0x00,TEMPERATURE,1,0,OK,15.42,15.423,906.0,58.775,40.0,40.005,-0.005,15.425,344.0,13981.0
2026-08-07 15:13:18.873,15424850,906598,58775156,40.002540,,1246.469,0x00,0x00,TEMPERATURE,1,0,OK,15.42,15.423,906.0,58.775,40.0,40.005,-0.005,15.425,344.0,13981.0
2026-08-07 15:13:19.709,15424738,906592,58775192,40.002812,,1247.305,0x00,0x00,TEMPERATURE,1,0,OK,15.418,15.423,906.0,58.776,40.0,40.006,-0.006,15.424,344.0,13981.0
2026-08-07 15:13:20.524,15424472,906576,58775192,40.002812,,1248.120,0x00,0x00,TEMPERATURE,1,0,OK,15.418,15.423,906.0,58.776,40.0,40.006,-0.006,15.424,344.0,13981.0
2026-08-07 15:13:21.838,15424202,906560,58775188,40.002782,,1249.434,0x00,0x00,TEMPERATURE,1,0,OK,15.418,15.422,906.0,58.776,40.0,40.006,-0.006,15.424,344.0,13979.0
2026-08-07 15:13:22.653,15423946,906545,58775168,40.002631,,1250.249,0x00,0x00,TEMPERATURE,1,0,OK,15.418,15.422,906.0,58.776,40.0,40.006,-0.006,15.424,344.0,13979.0
2026-08-07 15:13:23.489,15423704,906531,58775176,40.002691,,1251.085,0x00,0x00,TEMPERATURE,1,0,OK,15.42,15.42,906.0,58.775,40.0,40.003,-0.003,15.423,344.0,13976.0
2026-08-07 15:13:24.373,15423478,906518,58775188,40.002782,,1251.969,0x00,0x00,TEMPERATURE,1,0,OK,15.42,15.42,906.0,58.775,40.0,40.003,-0.003,15.423,344.0,13976.0
2026-08-07 15:13:25.188,15423264,906506,58775232,40.003114,,1252.784,0x00,0x00,TEMPERATURE,1,0,OK,15.42,15.42,906.0,58.775,40.0,40.003,-0.003,15.423,344.0,13976.0
2026-08-07 15:13:26.024,15423050,906494,58775252,40.003265,,1253.620,0x00,0x00,TEMPERATURE,1,0,OK,15.418,15.42,906.0,58.776,40.0,40.005,-0.005,15.423,344.0,13975.0
2026-08-07 15:13:26.873,15422848,906482,58775288,40.003537,,1254.469,0x00,0x00,TEMPERATURE,1,0,OK,15.418,15.42,906.0,58.776,40.0,40.005,-0.005,15.423,344.0,13975.0
2026-08-07 15:13:27.709,15422482,906461,58775284,40.003507,,1255.305,0x00,0x00,TEMPERATURE,1,0,OK,15.415,15.419,906.0,58.776,40.0,40.007,-0.007,15.422,344.0,13974.0
2026-08-07 15:13:28.524,15422136,906440,58775284,40.003507,,1256.120,0x00,0x00,TEMPERATURE,1,0,OK,15.415,15.419,906.0,58.776,40.0,40.007,-0.007,15.422,344.0,13974.0
2026-08-07 15:13:29.838,15421792,906420,58775296,40.003598,,1257.434,0x00,0x00,TEMPERATURE,1,0,OK,15.415,15.418,906.0,58.776,40.0,40.006,-0.006,15.422,344.0,13971.0
2026-08-07 15:13:30.653,15421462,906401,58775304,40.003658,,1258.249,0x00,0x00,TEMPERATURE,1,0,OK,15.415,15.418,906.0,58.776,40.0,40.006,-0.006,15.422,344.0,13971.0
2026-08-07 15:13:31.488,15421152,906383,58775316,40.003749,,1259.085,0x00,0x00,TEMPERATURE,1,0,OK,15.415,15.416,906.0,58.776,40.0,40.006,-0.006,15.421,344.0,13969.0
2026-08-07 15:13:32.373,15420862,906366,58775332,40.003870,,1259.969,0x00,0x00,TEMPERATURE,1,0,OK,15.415,15.416,906.0,58.776,40.0,40.006,-0.006,15.421,344.0,13969.0
2026-08-07 15:13:33.188,15420582,906350,58775348,40.003991,,1260.784,0x00,0x00,TEMPERATURE,1,0,OK,15.415,15.416,906.0,58.776,40.0,40.006,-0.006,15.421,344.0,13969.0
2026-08-07 15:13:34.023,15420326,906335,58775368,40.004142,,1261.620,0x00,0x00,TEMPERATURE,1,0,OK,15.415,15.416,906.0,58.776,40.0,40.005,-0.005,15.42,344.0,13968.0
2026-08-07 15:13:34.873,15420090,906322,58775400,40.004384,,1262.469,0x00,0x00,TEMPERATURE,1,0,OK,15.415,15.416,906.0,58.776,40.0,40.005,-0.005,15.42,344.0,13968.0
2026-08-07 15:13:35.708,15419870,906310,58775448,40.004746,,1263.305,0x00,0x00,TEMPERATURE,1,0,OK,15.413,15.416,906.0,58.776,40.0,40.007,-0.007,15.42,344.0,13968.0
2026-08-07 15:13:36.523,15419490,906287,58775432,40.004625,,1264.120,0x00,0x00,TEMPERATURE,1,0,OK,15.413,15.416,906.0,58.776,40.0,40.007,-0.007,15.42,344.0,13968.0
2026-08-07 15:13:37.838,15419132,906266,58775432,40.004625,,1265.434,0x00,0x00,TEMPERATURE,1,0,OK,15.413,15.415,906.0,58.776,40.0,40.007,-0.007,15.419,344.0,13966.0
2026-08-07 15:13:38.653,15418790,906246,58775432,40.004625,,1266.249,0x00,0x00,TEMPERATURE,1,0,OK,15.413,15.415,906.0,58.776,40.0,40.007,-0.007,15.419,344.0,13966.0
2026-08-07 15:13:39.489,15418468,906227,58775420,40.004535,,1267.085,0x00,0x00,TEMPERATURE,1,0,OK,15.413,15.413,906.0,58.776,40.0,40.006,-0.006,15.419,344.0,13963.0
2026-08-07 15:13:40.371,15418150,906208,58775408,40.004444,,1267.968,0x00,0x00,TEMPERATURE,1,0,OK,15.413,15.413,906.0,58.776,40.0,40.006,-0.006,15.419,344.0,13963.0
2026-08-07 15:13:41.187,15417846,906190,58775396,40.004353,,1268.783,0x00,0x00,TEMPERATURE,1,0,OK,15.413,15.413,906.0,58.776,40.0,40.006,-0.006,15.419,344.0,13963.0
2026-08-07 15:13:42.023,15417568,906173,58775380,40.004232,,1269.619,0x00,0x00,TEMPERATURE,1,0,OK,15.414,15.413,906.0,58.775,40.0,40.004,-0.004,15.418,344.0,13962.0
2026-08-07 15:13:42.873,15417304,906157,58775332,40.003870,,1270.469,0x00,0x00,TEMPERATURE,1,0,OK,15.414,15.413,906.0,58.775,40.0,40.004,-0.004,15.418,344.0,13962.0
2026-08-07 15:13:43.708,15417202,906151,58775332,40.003870,,1271.305,0x00,0x00,TEMPERATURE,1,0,OK,15.417,15.412,906.0,58.775,40.0,40.001,-0.001,15.418,344.0,13962.0
2026-08-07 15:13:44.524,15417092,906144,58775320,40.003779,,1272.120,0x00,0x00,TEMPERATURE,1,0,OK,15.417,15.412,906.0,58.775,40.0,40.001,-0.001,15.418,344.0,13962.0
2026-08-07 15:13:45.838,15416998,906139,58775300,40.003628,,1273.434,0x00,0x00,TEMPERATURE,1,0,OK,15.416,15.414,906.0,58.775,40.0,40.002,-0.002,15.418,344.0,13964.0
2026-08-07 15:13:46.652,15416904,906133,58775288,40.003537,,1274.249,0x00,0x00,TEMPERATURE,1,0,OK,15.416,15.414,906.0,58.775,40.0,40.002,-0.002,15.418,344.0,13964.0
2026-08-07 15:13:47.488,15416814,906127,58775260,40.003326,,1275.085,0x00,0x00,TEMPERATURE,1,0,OK,15.417,15.414,906.0,58.775,40.0,40.001,-0.001,15.418,344.0,13965.0
2026-08-07 15:13:48.371,15416748,906123,58775240,40.003175,,1275.968,0x00,0x00,TEMPERATURE,1,0,OK,15.417,15.414,906.0,58.775,40.0,40.001,-0.001,15.418,344.0,13965.0
2026-08-07 15:13:49.186,15416856,906130,58775252,40.003265,,1276.783,0x00,0x00,TEMPERATURE,1,0,OK,15.417,15.414,906.0,58.775,40.0,40.001,-0.001,15.418,344.0,13965.0
2026-08-07 15:13:50.022,15416778,906125,58775276,40.003447,,1277.619,0x00,0x00,TEMPERATURE,1,0,OK,15.414,15.416,906.0,58.775,40.0,40.003,-0.003,15.417,344.0,13968.0
2026-08-07 15:13:50.872,15416702,906122,58775316,40.003749,,1278.469,0x00,0x00,TEMPERATURE,1,0,OK,15.414,15.416,906.0,58.775,40.0,40.003,-0.003,15.417,344.0,13968.0
2026-08-07 15:13:51.708,15416634,906118,58775364,40.004112,,1279.305,0x00,0x00,TEMPERATURE,1,0,OK,15.412,15.416,906.0,58.776,40.0,40.005,-0.005,15.417,344.0,13968.0
2026-08-07 15:13:52.523,15416576,906116,58775420,40.004535,,1280.120,0x00,0x00,TEMPERATURE,1,0,OK,15.412,15.416,906.0,58.776,40.0,40.005,-0.005,15.417,344.0,13968.0
2026-08-07 15:13:53.837,15416344,906102,58775428,40.004595,,1281.434,0x00,0x00,TEMPERATURE,1,0,OK,15.408,15.416,906.0,58.776,40.0,40.008,-0.008,15.416,344.0,13968.0
2026-08-07 15:13:54.652,15416124,906089,58775408,40.004444,,1282.249,0x00,0x00,TEMPERATURE,1,0,OK,15.408,15.416,906.0,58.776,40.0,40.008,-0.008,15.416,344.0,13968.0
2026-08-07 15:13:55.488,15415918,906077,58775384,40.004263,,1283.085,0x00,0x00,TEMPERATURE,1,0,OK,15.411,15.414,906.0,58.775,40.0,40.005,-0.005,15.416,344.0,13964.0
2026-08-07 15:13:56.371,15415734,906066,58775388,40.004293,,1283.968,0x00,0x00,TEMPERATURE,1,0,OK,15.411,15.414,906.0,58.775,40.0,40.005,-0.005,15.416,344.0,13964.0
2026-08-07 15:13:57.186,15415390,906045,58775348,40.003991,,1284.783,0x00,0x00,TEMPERATURE,1,0,OK,15.411,15.414,906.0,58.775,40.0,40.005,-0.005,15.416,344.0,13964.0
2026-08-07 15:13:58.022,15415238,906036,58775344,40.003961,,1285.619,0x00,0x00,TEMPERATURE,1,0,OK,15.412,15.412,906.0,58.775,40.0,40.003,-0.003,15.415,344.0,13961.0
2026-08-07 15:13:58.872,15415104,906028,58775324,40.003809,,1286.469,0x00,0x00,TEMPERATURE,1,0,OK,15.412,15.412,906.0,58.775,40.0,40.003,-0.003,15.415,344.0,13961.0
2026-08-07 15:13:59.708,15414974,906020,58775316,40.003749,,1287.305,0x00,0x00,TEMPERATURE,1,0,OK,15.412,15.412,906.0,58.775,40.0,40.003,-0.003,15.415,344.0,13961.0
2026-08-07 15:14:00.523,15414854,906013,58775316,40.003749,,1288.120,0x00,0x00,TEMPERATURE,1,0,OK,15.412,15.412,906.0,58.775,40.0,40.003,-0.003,15.415,344.0,13961.0
2026-08-07 15:14:01.837,15414736,906006,58775320,40.003779,,1289.434,0x00,0x00,TEMPERATURE,1,0,OK,15.412,15.412,906.0,58.775,40.0,40.003,-0.003,15.415,344.0,13962.0
2026-08-07 15:14:02.652,15414626,906000,58775332,40.003870,,1290.249,0x00,0x00,TEMPERATURE,1,0,OK,15.412,15.412,906.0,58.775,40.0,40.003,-0.003,15.415,344.0,13962.0
2026-08-07 15:14:03.488,15414524,905994,58775328,40.003840,,1291.085,0x00,0x00,TEMPERATURE,1,0,OK,15.411,15.412,906.0,58.775,40.0,40.003,-0.003,15.415,344.0,13961.0
2026-08-07 15:14:04.372,15414418,905987,58775308,40.003689,,1291.969,0x00,0x00,TEMPERATURE,1,0,OK,15.411,15.412,906.0,58.775,40.0,40.003,-0.003,15.415,344.0,13961.0
2026-08-07 15:14:05.187,15414154,905971,58775252,40.003265,,1292.784,0x00,0x00,TEMPERATURE,1,0,OK,15.411,15.412,906.0,58.775,40.0,40.003,-0.003,15.415,344.0,13961.0
2026-08-07 15:14:06.023,15414070,905965,58775224,40.003054,,1293.620,0x00,0x00,TEMPERATURE,1,0,OK,15.414,15.411,906.0,58.775,40.0,40.001,-0.001,15.414,344.0,13960.0
2026-08-07 15:14:06.873,15413990,905960,58775192,40.002812,,1294.469,0x00,0x00,TEMPERATURE,1,0,OK,15.414,15.411,906.0,58.775,40.0,40.001,-0.001,15.414,344.0,13960.0
2026-08-07 15:14:07.709,15413910,905955,58775156,40.002540,,1295.306,0x00,0x00,TEMPERATURE,1,0,OK,15.415,15.412,906.0,58.775,40.0,39.999,0.001,15.414,344.0,13960.0
2026-08-07 15:14:08.524,15413838,905950,58775140,40.002419,,1296.121,0x00,0x00,TEMPERATURE,1,0,OK,15.415,15.412,906.0,58.775,40.0,39.999,0.001,15.414,344.0,13960.0
2026-08-07 15:14:09.838,15413938,905956,58775140,40.002419,,1297.435,0x00,0x00,TEMPERATURE,1,0,OK,15.416,15.412,906.0,58.775,40.0,39.999,0.001,15.414,344.0,13961.0
2026-08-07 15:14:10.653,15414034,905962,58775140,40.002419,,1298.250,0x00,0x00,TEMPERATURE,1,0,OK,15.416,15.412,906.0,58.775,40.0,39.999,0.001,15.414,344.0,13961.0
2026-08-07 15:14:11.489,15414106,905966,58775120,40.002268,,1299.086,0x00,0x00,TEMPERATURE,1,0,OK,15.414,15.414,906.0,58.775,40.0,40.0,0.0,15.414,344.0,13964.0
2026-08-07 15:14:12.372,15414166,905969,58775108,40.002178,,1299.969,0x00,0x00,TEMPERATURE,1,0,OK,15.414,15.414,906.0,58.775,40.0,40.0,0.0,15.414,344.0,13964.0
2026-08-07 15:14:13.187,15414218,905973,58775128,40.002329,,1300.784,0x00,0x00,TEMPERATURE,1,0,OK,15.414,15.414,906.0,58.775,40.0,40.0,0.0,15.414,344.0,13964.0
2026-08-07 15:14:14.023,15414100,905966,58775124,40.002298,,1301.619,0x00,0x00,TEMPERATURE,1,0,OK,15.412,15.415,906.0,58.775,40.0,40.002,-0.002,15.414,344.0,13966.0
2026-08-07 15:14:14.872,15414002,905961,58775168,40.002631,,1302.469,0x00,0x00,TEMPERATURE,1,0,OK,15.412,15.415,906.0,58.775,40.0,40.002,-0.002,15.414,344.0,13966.0
2026-08-07 15:14:15.708,15413916,905956,58775200,40.002873,,1303.305,0x00,0x00,TEMPERATURE,1,0,OK,15.41,15.414,906.0,58.775,40.0,40.004,-0.004,15.414,344.0,13964.0
2026-08-07 15:14:16.523,15413834,905952,58775236,40.003145,,1304.120,0x00,0x00,TEMPERATURE,1,0,OK,15.41,15.414,906.0,58.775,40.0,40.004,-0.004,15.414,344.0,13964.0
2026-08-07 15:14:17.837,15413590,905937,58775200,40.002873,,1305.434,0x00,0x00,TEMPERATURE,1,0,OK,15.408,15.413,906.0,58.776,40.0,40.005,-0.005,15.414,344.0,13963.0
2026-08-07 15:14:18.652,15413360,905923,58775156,40.002540,,1306.248,0x00,0x00,TEMPERATURE,1,0,OK,15.408,15.413,906.0,58.776,40.0,40.005,-0.005,15.414,344.0,13963.0
2026-08-07 15:14:19.488,15413146,905909,58775108,40.002178,,1307.085,0x00,0x00,TEMPERATURE,1,0,OK,15.411,15.411,906.0,58.775,40.0,40.002,-0.002,15.413,344.0,13959.0
2026-08-07 15:14:20.373,15412932,905896,58775060,40.001815,,1307.970,0x00,0x00,TEMPERATURE,1,0,OK,15.411,15.411,906.0,58.775,40.0,40.002,-0.002,15.413,344.0,13959.0
2026-08-07 15:14:21.188,15412888,905893,58775068,40.001875,,1308.785,0x00,0x00,TEMPERATURE,1,0,OK,15.411,15.411,906.0,58.775,40.0,40.002,-0.002,15.413,344.0,13959.0
2026-08-07 15:14:22.024,15412854,905892,58775080,40.001966,,1309.620,0x00,0x00,TEMPERATURE,1,0,OK,15.414,15.411,906.0,58.775,40.0,40.0,0.0,15.413,344.0,13958.0
2026-08-07 15:14:22.873,15412814,905890,58775100,40.002117,,1310.470,0x00,0x00,TEMPERATURE,1,0,OK,15.414,15.411,906.0,58.775,40.0,40.0,0.0,15.413,344.0,13958.0
2026-08-07 15:14:23.709,15412776,905888,58775124,40.002298,,1311.305,0x00,0x00,TEMPERATURE,1,0,OK,15.411,15.411,906.0,58.775,40.0,40.002,-0.002,15.413,344.0,13960.0
2026-08-07 15:14:24.524,15412746,905886,58775136,40.002389,,1312.121,0x00,0x00,TEMPERATURE,1,0,OK,15.411,15.411,906.0,58.775,40.0,40.002,-0.002,15.413,344.0,13960.0
2026-08-07 15:14:25.838,15412692,905883,58775116,40.002238,,1313.435,0x00,0x00,TEMPERATURE,1,0,OK,15.41,15.412,906.0,58.775,40.0,40.003,-0.003,15.413,344.0,13960.0
2026-08-07 15:14:26.653,15412638,905880,58775112,40.002208,,1314.249,0x00,0x00,TEMPERATURE,1,0,OK,15.41,15.412,906.0,58.775,40.0,40.003,-0.003,15.413,344.0,13960.0
2026-08-07 15:14:27.489,15412570,905876,58775128,40.002329,,1315.086,0x00,0x00,TEMPERATURE,1,0,OK,15.411,15.412,906.0,58.775,40.0,40.002,-0.002,15.413,344.0,13960.0
2026-08-07 15:14:28.373,15412512,905872,58775128,40.002329,,1315.969,0x00,0x00,TEMPERATURE,1,0,OK,15.411,15.412,906.0,58.775,40.0,40.002,-0.002,15.413,344.0,13960.0
2026-08-07 15:14:29.188,15412450,905869,58775144,40.002450,,1316.784,0x00,0x00,TEMPERATURE,1,0,OK,15.411,15.412,906.0,58.775,40.0,40.002,-0.002,15.413,344.0,13960.0
2026-08-07 15:14:30.024,15412214,905854,58775080,40.001966,,1317.620,0x00,0x00,TEMPERATURE,1,0,OK,15.41,15.411,906.0,58.775,40.0,40.003,-0.003,15.412,344.0,13960.0
2026-08-07 15:14:30.872,15412160,905851,58775064,40.001845,,1318.468,0x00,0x00,TEMPERATURE,1,0,OK,15.41,15.411,906.0,58.775,40.0,40.003,-0.003,15.412,344.0,13960.0
2026-08-07 15:14:31.708,15412112,905848,58775052,40.001754,,1319.304,0x00,0x00,TEMPERATURE,1,0,OK,15.412,15.411,906.0,58.775,40.0,40.0,0.0,15.412,344.0,13958.0
2026-08-07 15:14:32.523,15412066,905845,58775020,40.001513,,1320.119,0x00,0x00,TEMPERATURE,1,0,OK,15.412,15.411,906.0,58.775,40.0,40.0,0.0,15.412,344.0,13958.0
2026-08-07 15:14:33.837,15412020,905841,58774964,40.001090,,1321.433,0x00,0x00,TEMPERATURE,1,0,OK,15.414,15.411,906.0,58.775,40.0,39.999,0.001,15.413,344.0,13959.0
2026-08-07 15:14:34.652,15411990,905838,58774916,40.000727,,1322.248,0x00,0x00,TEMPERATURE,1,0,OK,15.414,15.411,906.0,58.775,40.0,39.999,0.001,15.413,344.0,13959.0
2026-08-07 15:14:35.488,15412136,905847,58774924,40.000787,,1323.084,0x00,0x00,TEMPERATURE,1,0,OK,15.417,15.411,906.0,58.774,40.0,39.996,0.004,15.413,344.0,13959.0
2026-08-07 15:14:36.373,15412280,905856,58774960,40.001059,,1323.969,0x00,0x00,TEMPERATURE,1,0,OK,15.417,15.411,906.0,58.774,40.0,39.996,0.004,15.413,344.0,13959.0
2026-08-07 15:14:37.188,15412422,905865,58774980,40.001211,,1324.785,0x00,0x00,TEMPERATURE,1,0,OK,15.417,15.411,906.0,58.774,40.0,39.996,0.004,15.413,344.0,13959.0
2026-08-07 15:14:38.024,15412550,905872,58774992,40.001301,,1325.620,0x00,0x00,TEMPERATURE,1,0,OK,15.412,15.413,906.0,58.775,40.0,40.001,-0.001,15.413,344.0,13963.0
2026-08-07 15:14:38.872,15412674,905881,58775044,40.001694,,1326.468,0x00,0x00,TEMPERATURE,1,0,OK,15.412,15.413,906.0,58.775,40.0,40.001,-0.001,15.413,344.0,13963.0
2026-08-07 15:14:39.708,15412614,905877,58775052,40.001754,,1327.304,0x00,0x00,TEMPERATURE,1,0,OK,15.409,15.414,906.0,58.775,40.0,40.004,-0.004,15.413,344.0,13965.0
2026-08-07 15:14:40.523,15412570,905875,58775052,40.001754,,1328.119,0x00,0x00,TEMPERATURE,1,0,OK,15.409,15.414,906.0,58.775,40.0,40.004,-0.004,15.413,344.0,13965.0
2026-08-07 15:14:41.837,15412522,905872,58775044,40.001694,,1329.433,0x00,0x00,TEMPERATURE,1,0,OK,15.409,15.413,906.0,58.775,40.0,40.004,-0.004,15.412,344.0,13963.0
2026-08-07 15:14:42.652,15412300,905858,58774988,40.001271,,1330.248,0x00,0x00,TEMPERATURE,1,0,OK,15.409,15.413,906.0,58.775,40.0,40.004,-0.004,15.412,344.0,13963.0
2026-08-07 15:14:43.487,15412082,905844,58774948,40.000969,,1331.084,0x00,0x00,TEMPERATURE,1,0,OK,15.411,15.411,906.0,58.775,40.0,40.001,-0.001,15.412,344.0,13960.0
2026-08-07 15:14:44.372,15412038,905842,58774932,40.000848,,1331.968,0x00,0x00,TEMPERATURE,1,0,OK,15.411,15.411,906.0,58.775,40.0,40.001,-0.001,15.412,344.0,13960.0
2026-08-07 15:14:45.187,15412002,905839,58774920,40.000757,,1332.783,0x00,0x00,TEMPERATURE,1,0,OK,15.411,15.411,906.0,58.775,40.0,40.001,-0.001,15.412,344.0,13960.0
2026-08-07 15:14:46.023,15411946,905835,58774892,40.000546,,1333.619,0x00,0x00,TEMPERATURE,1,0,OK,15.413,15.411,906.0,58.775,40.0,40.0,0.0,15.412,344.0,13959.0
2026-08-07 15:14:46.873,15411904,905832,58774852,40.000243,,1334.469,0x00,0x00,TEMPERATURE,1,0,OK,15.413,15.411,906.0,58.775,40.0,40.0,0.0,15.412,344.0,13959.0
2026-08-07 15:14:47.709,15411870,905830,58774820,40.000002,,1335.305,0x00,0x00,TEMPERATURE,1,0,OK,15.414,15.411,906.0,58.775,40.0,39.998,0.002,15.412,344.0,13959.0
2026-08-07 15:14:48.524,15411840,905828,58774800,39.999851,,1336.120,0x00,0x00,TEMPERATURE,1,0,OK,15.414,15.411,906.0,58.775,40.0,39.998,0.002,15.412,344.0,13959.0
2026-08-07 15:14:49.838,15411988,905837,58774828,40.000062,,1337.434,0x00,0x00,TEMPERATURE,1,0,OK,15.415,15.411,906.0,58.774,40.0,39.998,0.002,15.413,344.0,13959.0
2026-08-07 15:14:50.653,15412128,905845,58774844,40.000183,,1338.249,0x00,0x00,TEMPERATURE,1,0,OK,15.415,15.411,906.0,58.774,40.0,39.998,0.002,15.413,344.0,13959.0
2026-08-07 15:14:51.488,15412262,905853,58774856,40.000274,,1339.085,0x00,0x00,TEMPERATURE,1,0,OK,15.412,15.413,906.0,58.775,40.0,40.0,0.0,15.413,344.0,13962.0
2026-08-07 15:14:52.372,15412372,905860,58774884,40.000485,,1339.969,0x00,0x00,TEMPERATURE,1,0,OK,15.412,15.413,906.0,58.775,40.0,40.0,0.0,15.413,344.0,13962.0
2026-08-07 15:14:53.188,15412298,905856,58774900,40.000606,,1340.784,0x00,0x00,TEMPERATURE,1,0,OK,15.412,15.413,906.0,58.775,40.0,40.0,0.0,15.413,344.0,13962.0
2026-08-07 15:14:54.024,15412218,905852,58774912,40.000697,,1341.620,0x00,0x00,TEMPERATURE,1,0,OK,15.41,15.413,906.0,58.775,40.0,40.003,-0.003,15.412,344.0,13962.0
2026-08-07 15:14:54.871,15412144,905848,58774924,40.000787,,1342.468,0x00,0x00,TEMPERATURE,1,0,OK,15.41,15.413,906.0,58.775,40.0,40.003,-0.003,15.412,344.0,13962.0
2026-08-07 15:14:55.707,15412082,905844,58774948,40.000969,,1343.304,0x00,0x00,TEMPERATURE,1,0,OK,15.41,15.412,906.0,58.775,40.0,40.002,-0.002,15.412,344.0,13961.0
2026-08-07 15:14:56.522,15412030,905842,58774976,40.001180,,1344.119,0x00,0x00,TEMPERATURE,1,0,OK,15.41,15.412,906.0,58.775,40.0,40.002,-0.002,15.412,344.0,13961.0
2026-08-07 15:14:57.837,15412002,905840,58774996,40.001331,,1345.433,0x00,0x00,TEMPERATURE,1,0,OK,15.409,15.412,906.0,58.775,40.0,40.003,-0.003,15.412,344.0,13960.0
2026-08-07 15:14:58.651,15411806,905829,58775004,40.001392,,1346.248,0x00,0x00,TEMPERATURE,1,0,OK,15.409,15.412,906.0,58.775,40.0,40.003,-0.003,15.412,344.0,13960.0
2026-08-07 15:14:59.487,15411614,905817,58774984,40.001241,,1347.084,0x00,0x00,TEMPERATURE,1,0,OK,15.409,15.411,906.0,58.775,40.0,40.003,-0.003,15.411,344.0,13958.0
2026-08-07 15:15:00.372,15411422,905806,58774964,40.001090,,1347.969,0x00,0x00,TEMPERATURE,1,0,OK,15.409,15.411,906.0,58.775,40.0,40.003,-0.003,15.411,344.0,13958.0
2026-08-07 15:15:01.188,15411230,905794,58774936,40.000878,,1348.784,0x00,0x00,TEMPERATURE,1,0,OK,15.409,15.411,906.0,58.775,40.0,40.003,-0.003,15.411,344.0,13958.0
2026-08-07 15:15:02.024,15411048,905783,58774892,40.000546,,1349.620,0x00,0x00,TEMPERATURE,1,0,OK,15.412,15.409,906.0,58.775,40.0,39.999,0.001,15.411,344.0,13955.0
2026-08-07 15:15:02.872,15411046,905783,58774908,40.000667,,1350.469,0x00,0x00,TEMPERATURE,1,0,OK,15.412,15.409,906.0,58.775,40.0,39.999,0.001,15.411,344.0,13955.0
2026-08-07 15:15:03.709,15411034,905782,58774908,40.000667,,1351.305,0x00,0x00,TEMPERATURE,1,0,OK,15.412,15.409,906.0,58.775,40.0,39.999,0.001,15.412,344.0,13956.0
2026-08-07 15:15:04.524,15411026,905782,58774908,40.000667,,1352.120,0x00,0x00,TEMPERATURE,1,0,OK,15.412,15.409,906.0,58.775,40.0,39.999,0.001,15.412,344.0,13956.0
2026-08-07 15:15:05.838,15411018,905781,58774908,40.000667,,1353.434,0x00,0x00,TEMPERATURE,1,0,OK,15.412,15.41,906.0,58.775,40.0,40.0,0.0,15.412,344.0,13957.0
2026-08-07 15:15:06.653,15411014,905781,58774904,40.000636,,1354.249,0x00,0x00,TEMPERATURE,1,0,OK,15.412,15.41,906.0,58.775,40.0,40.0,0.0,15.412,344.0,13957.0
2026-08-07 15:15:07.489,15411006,905780,58774900,40.000606,,1355.085,0x00,0x00,TEMPERATURE,1,0,OK,15.411,15.411,906.0,58.775,40.0,40.001,-0.001,15.412,344.0,13958.0
2026-08-07 15:15:08.372,15411008,905780,58774904,40.000636,,1355.969,0x00,0x00,TEMPERATURE,1,0,OK,15.411,15.411,906.0,58.775,40.0,40.001,-0.001,15.412,344.0,13958.0
2026-08-07 15:15:09.188,15411008,905781,58774920,40.000757,,1356.784,0x00,0x00,TEMPERATURE,1,0,OK,15.411,15.411,906.0,58.775,40.0,40.001,-0.001,15.412,344.0,13958.0
2026-08-07 15:15:10.023,15411006,905781,58774952,40.000999,,1357.620,0x00,0x00,TEMPERATURE,1,0,OK,15.41,15.411,906.0,58.775,40.0,40.002,-0.002,15.411,344.0,13959.0
2026-08-07 15:15:10.872,15411006,905782,58774984,40.001241,,1358.469,0x00,0x00,TEMPERATURE,1,0,OK,15.41,15.411,906.0,58.775,40.0,40.002,-0.002,15.411,344.0,13959.0
2026-08-07 15:15:11.708,15411006,905782,58775008,40.001422,,1359.305,0x00,0x00,TEMPERATURE,1,0,OK,15.408,15.411,906.0,58.775,40.0,40.003,-0.003,15.411,344.0,13959.0
2026-08-07 15:15:12.524,15411002,905782,58775044,40.001694,,1360.120,0x00,0x00,TEMPERATURE,1,0,OK,15.408,15.411,906.0,58.775,40.0,40.003,-0.003,15.411,344.0,13959.0
2026-08-07 15:15:13.837,15410832,905772,58775024,40.001543,,1361.434,0x00,0x00,TEMPERATURE,1,0,OK,15.407,15.411,906.0,58.775,40.0,40.004,-0.004,15.411,344.0,13959.0
2026-08-07 15:15:14.652,15410660,905762,58775016,40.001482,,1362.249,0x00,0x00,TEMPERATURE,1,0,OK,15.407,15.411,906.0,58.775,40.0,40.004,-0.004,15.411,344.0,13959.0
2026-08-07 15:15:15.488,15410504,905753,58775008,40.001422,,1363.085,0x00,0x00,TEMPERATURE,1,0,OK,15.408,15.409,906.0,58.775,40.0,40.002,-0.002,15.41,344.0,13956.0
2026-08-07 15:15:16.371,15410362,905744,58774996,40.001331,,1363.968,0x00,0x00,TEMPERATURE,1,0,OK,15.408,15.409,906.0,58.775,40.0,40.002,-0.002,15.41,344.0,13956.0
2026-08-07 15:15:17.186,15410246,905737,58775004,40.001392,,1364.783,0x00,0x00,TEMPERATURE,1,0,OK,15.408,15.409,906.0,58.775,40.0,40.002,-0.002,15.41,344.0,13956.0
2026-08-07 15:15:18.022,15410140,905731,58774992,40.001301,,1365.619,0x00,0x00,TEMPERATURE,1,0,OK,15.409,15.409,906.0,58.775,40.0,40.002,-0.002,15.41,344.0,13955.0
2026-08-07 15:15:18.872,15410044,905725,58774984,40.001241,,1366.469,0x00,0x00,TEMPERATURE,1,0,OK,15.409,15.409,906.0,58.775,40.0,40.002,-0.002,15.41,344.0,13955.0
2026-08-07 15:15:19.708,15409954,905720,58774968,40.001120,,1367.305,0x00,0x00,TEMPERATURE,1,0,OK,15.409,15.408,906.0,58.775,40.0,40.001,-0.001,15.41,344.0,13954.0
2026-08-07 15:15:20.523,15409876,905715,58774960,40.001059,,1368.120,0x00,0x00,TEMPERATURE,1,0,OK,15.409,15.408,906.0,58.775,40.0,40.001,-0.001,15.41,344.0,13954.0
2026-08-07 15:15:21.837,15409798,905710,58774956,40.001029,,1369.434,0x00,0x00,TEMPERATURE,1,0,OK,15.41,15.408,906.0,58.775,40.0,40.0,0.0,15.41,344.0,13954.0
2026-08-07 15:15:22.652,15409732,905706,58774944,40.000939,,1370.249,0x00,0x00,TEMPERATURE,1,0,OK,15.41,15.408,906.0,58.775,40.0,40.0,0.0,15.41,344.0,13954.0
2026-08-07 15:15:23.488,15409838,905713,58774980,40.001211,,1371.085,0x00,0x00,TEMPERATURE,1,0,OK,15.411,15.408,906.0,58.775,40.0,40.0,0.0,15.41,344.0,13954.0
2026-08-07 15:15:24.373,15409940,905719,58774992,40.001301,,1371.970,0x00,0x00,TEMPERATURE,1,0,OK,15.411,15.408,906.0,58.775,40.0,40.0,0.0,15.41,344.0,13954.0
2026-08-07 15:15:25.188,15410032,905725,58775012,40.001452,,1372.785,0x00,0x00,TEMPERATURE,1,0,OK,15.411,15.408,906.0,58.775,40.0,40.0,0.0,15.41,344.0,13954.0
2026-08-07 15:15:26.024,15409950,905720,58774988,40.001271,,1373.621,0x00,0x00,TEMPERATURE,1,0,OK,15.408,15.41,906.0,58.775,40.0,40.002,-0.002,15.41,344.0,13958.0
2026-08-07 15:15:26.872,15409862,905714,58774964,40.001090,,1374.469,0x00,0x00,TEMPERATURE,1,0,OK,15.408,15.41,906.0,58.775,40.0,40.002,-0.002,15.41,344.0,13958.0
2026-08-07 15:15:27.708,15409792,905710,58774940,40.000908,,1375.305,0x00,0x00,TEMPERATURE,1,0,OK,15.409,15.41,906.0,58.775,40.0,40.0,0.0,15.41,344.0,13956.0
2026-08-07 15:15:28.523,15409714,905704,58774900,40.000606,,1376.120,0x00,0x00,TEMPERATURE,1,0,OK,15.409,15.41,906.0,58.775,40.0,40.0,0.0,15.41,344.0,13956.0
2026-08-07 15:15:29.837,15409816,905710,58774888,40.000515,,1377.434,0x00,0x00,TEMPERATURE,1,0,OK,15.411,15.409,906.0,58.775,40.0,39.999,0.001,15.41,344.0,13955.0
2026-08-07 15:15:30.652,15409906,905715,58774872,40.000395,,1378.248,0x00,0x00,TEMPERATURE,1,0,OK,15.411,15.409,906.0,58.775,40.0,39.999,0.001,15.41,344.0,13955.0
2026-08-07 15:15:31.488,15410004,905721,58774856,40.000274,,1379.085,0x00,0x00,TEMPERATURE,1,0,OK,15.411,15.411,906.0,58.775,40.0,39.999,0.001,15.41,344.0,13958.0
2026-08-07 15:15:32.373,15410086,905726,58774856,40.000274,,1379.970,0x00,0x00,TEMPERATURE,1,0,OK,15.411,15.411,906.0,58.775,40.0,39.999,0.001,15.41,344.0,13958.0
2026-08-07 15:15:33.188,15410162,905730,58774852,40.000243,,1380.785,0x00,0x00,TEMPERATURE,1,0,OK,15.411,15.411,906.0,58.775,40.0,39.999,0.001,15.41,344.0,13958.0
2026-08-07 15:15:34.024,15410242,905735,58774884,40.000485,,1381.620,0x00,0x00,TEMPERATURE,1,0,OK,15.41,15.411,906.0,58.775,40.0,40.0,0.0,15.41,344.0,13959.0
2026-08-07 15:15:34.872,15410326,905741,58774908,40.000667,,1382.468,0x00,0x00,TEMPERATURE,1,0,OK,15.41,15.411,906.0,58.775,40.0,40.0,0.0,15.41,344.0,13959.0
2026-08-07 15:15:35.708,15410250,905736,58774904,40.000636,,1383.304,0x00,0x00,TEMPERATURE,1,0,OK,15.409,15.412,906.0,58.775,40.0,40.002,-0.002,15.41,344.0,13960.0
2026-08-07 15:15:36.523,15410158,905730,58774888,40.000515,,1384.120,0x00,0x00,TEMPERATURE,1,0,OK,15.409,15.412,906.0,58.775,40.0,40.002,-0.002,15.41,344.0,13960.0
2026-08-07 15:15:37.837,15410072,905725,58774872,40.000395,,1385.434,0x00,0x00,TEMPERATURE,1,0,OK,15.41,15.41,906.0,58.775,40.0,40.0,0.0,15.41,344.0,13957.0
2026-08-07 15:15:38.652,15409996,905720,58774848,40.000213,,1386.248,0x00,0x00,TEMPERATURE,1,0,OK,15.41,15.41,906.0,58.775,40.0,40.0,0.0,15.41,344.0,13957.0
2026-08-07 15:15:39.487,15409932,905716,58774848,40.000213,,1387.084,0x00,0x00,TEMPERATURE,1,0,OK,15.411,15.409,906.0,58.775,40.0,39.999,0.001,15.41,344.0,13956.0
2026-08-07 15:15:40.373,15410038,905723,58774884,40.000485,,1387.970,0x00,0x00,TEMPERATURE,1,0,OK,15.411,15.409,906.0,58.775,40.0,39.999,0.001,15.41,344.0,13956.0
2026-08-07 15:15:41.188,15410156,905731,58774916,40.000727,,1388.784,0x00,0x00,TEMPERATURE,1,0,OK,15.411,15.409,906.0,58.775,40.0,39.999,0.001,15.41,344.0,13956.0
2026-08-07 15:15:42.024,15410092,905727,58774908,40.000667,,1389.620,0x00,0x00,TEMPERATURE,1,0,OK,15.408,15.41,906.0,58.775,40.0,40.002,-0.002,15.41,344.0,13958.0
2026-08-07 15:15:42.872,15410030,905723,58774908,40.000667,,1390.468,0x00,0x00,TEMPERATURE,1,0,OK,15.408,15.41,906.0,58.775,40.0,40.002,-0.002,15.41,344.0,13958.0
2026-08-07 15:15:43.708,15409972,905720,58774912,40.000697,,1391.305,0x00,0x00,TEMPERATURE,1,0,OK,15.408,15.41,906.0,58.775,40.0,40.002,-0.002,15.41,344.0,13957.0
2026-08-07 15:15:44.523,15409902,905716,58774908,40.000667,,1392.120,0x00,0x00,TEMPERATURE,1,0,OK,15.408,15.41,906.0,58.775,40.0,40.002,-0.002,15.41,344.0,13957.0
2026-08-07 15:15:45.837,15409826,905711,58774912,40.000697,,1393.434,0x00,0x00,TEMPERATURE,1,0,OK,15.408,15.409,906.0,58.775,40.0,40.002,-0.002,15.41,344.0,13956.0
2026-08-07 15:15:46.652,15409762,905708,58774932,40.000848,,1394.249,0x00,0x00,TEMPERATURE,1,0,OK,15.408,15.409,906.0,58.775,40.0,40.002,-0.002,15.41,344.0,13956.0
2026-08-07 15:15:47.488,15409692,905704,58774936,40.000878,,1395.084,0x00,0x00,TEMPERATURE,1,0,OK,15.407,15.409,906.0,58.775,40.0,40.002,-0.002,15.41,344.0,13955.0
2026-08-07 15:15:48.372,15409630,905700,58774920,40.000757,,1395.969,0x00,0x00,TEMPERATURE,1,0,OK,15.407,15.409,906.0,58.775,40.0,40.002,-0.002,15.41,344.0,13955.0
2026-08-07 15:15:49.187,15409568,905696,58774916,40.000727,,1396.783,0x00,0x00,TEMPERATURE,1,0,OK,15.407,15.409,906.0,58.775,40.0,40.002,-0.002,15.41,344.0,13955.0
2026-08-07 15:15:50.023,15409502,905692,58774928,40.000818,,1397.619,0x00,0x00,TEMPERATURE,1,0,OK,15.408,15.409,906.0,58.775,40.0,40.001,-0.001,15.409,344.0,13954.0
2026-08-07 15:15:50.873,15409436,905689,58774932,40.000848,,1398.469,0x00,0x00,TEMPERATURE,1,0,OK,15.408,15.409,906.0,58.775,40.0,40.001,-0.001,15.409,344.0,13954.0
2026-08-07 15:15:51.709,15409354,905684,58774932,40.000848,,1399.305,0x00,0x00,TEMPERATURE,1,0,OK,15.408,15.408,906.0,58.775,40.0,40.001,-0.001,15.409,344.0,13954.0
2026-08-07 15:15:52.524,15409260,905678,58774916,40.000727,,1400.120,0x00,0x00,TEMPERATURE,1,0,OK,15.408,15.408,906.0,58.775,40.0,40.001,-0.001,15.409,344.0,13954.0
2026-08-07 15:15:53.838,15409168,905673,58774928,40.000818,,1401.434,0x00,0x00,TEMPERATURE,1,0,OK,15.408,15.408,906.0,58.775,40.0,40.001,-0.001,15.409,344.0,13953.0
2026-08-07 15:15:54.653,15409084,905668,58774932,40.000848,,1402.249,0x00,0x00,TEMPERATURE,1,0,OK,15.408,15.408,906.0,58.775,40.0,40.001,-0.001,15.409,344.0,13953.0
2026-08-07 15:15:55.489,15409004,905663,58774928,40.000818,,1403.085,0x00,0x00,TEMPERATURE,1,0,OK,15.407,15.408,906.0,58.775,40.0,40.002,-0.002,15.409,344.0,13953.0
2026-08-07 15:15:56.372,15408928,905659,58774928,40.000818,,1403.968,0x00,0x00,TEMPERATURE,1,0,OK,15.407,15.408,906.0,58.775,40.0,40.002,-0.002,15.409,344.0,13953.0
2026-08-07 15:15:57.187,15408854,905654,58774920,40.000757,,1404.783,0x00,0x00,TEMPERATURE,1,0,OK,15.407,15.408,906.0,58.775,40.0,40.002,-0.002,15.409,344.0,13953.0
2026-08-07 15:15:58.023,15408794,905650,58774900,40.000606,,1405.619,0x00,0x00,TEMPERATURE,1,0,OK,15.407,15.408,906.0,58.775,40.0,40.002,-0.002,15.409,344.0,13953.0
2026-08-07 15:15:58.873,15408732,905646,58774880,40.000455,,1406.469,0x00,0x00,TEMPERATURE,1,0,OK,15.407,15.408,906.0,58.775,40.0,40.002,-0.002,15.409,344.0,13953.0
2026-08-07 15:15:59.709,15408676,905643,58774896,40.000576,,1407.305,0x00,0x00,TEMPERATURE,1,0,OK,15.408,15.408,906.0,58.775,40.0,40.001,-0.001,15.409,344.0,13953.0
2026-08-07 15:16:00.524,15408612,905640,58774912,40.000697,,1408.120,0x00,0x00,TEMPERATURE,1,0,OK,15.408,15.408,906.0,58.775,40.0,40.001,-0.001,15.409,344.0,13953.0
2026-08-07 15:16:01.838,15408562,905637,58774920,40.000757,,1409.434,0x00,0x00,TEMPERATURE,1,0,OK,15.407,15.408,906.0,58.775,40.0,40.002,-0.002,15.409,344.0,13953.0
2026-08-07 15:16:02.653,15408360,905625,58774908,40.000667,,1410.249,0x00,0x00,TEMPERATURE,1,0,OK,15.407,15.408,906.0,58.775,40.0,40.002,-0.002,15.409,344.0,13953.0
2026-08-07 15:16:03.489,15408342,905624,58774908,40.000667,,1411.085,0x00,0x00,TEMPERATURE,1,0,OK,15.408,15.407,906.0,58.775,40.0,40.001,-0.001,15.408,344.0,13951.0
2026-08-07 15:16:04.372,15408318,905623,58774916,40.000727,,1411.968,0x00,0x00,TEMPERATURE,1,0,OK,15.408,15.407,906.0,58.775,40.0,40.001,-0.001,15.408,344.0,13951.0
2026-08-07 15:16:05.187,15408294,905621,58774932,40.000848,,1412.783,0x00,0x00,TEMPERATURE,1,0,OK,15.408,15.407,906.0,58.775,40.0,40.001,-0.001,15.408,344.0,13951.0
2026-08-07 15:16:06.023,15408108,905610,58774892,40.000546,,1413.619,0x00,0x00,TEMPERATURE,1,0,OK,15.406,15.407,906.0,58.775,40.0,40.002,-0.002,15.408,344.0,13953.0
2026-08-07 15:16:06.872,15408096,905609,58774904,40.000636,,1414.468,0x00,0x00,TEMPERATURE,1,0,OK,15.406,15.407,906.0,58.775,40.0,40.002,-0.002,15.408,344.0,13953.0
2026-08-07 15:16:07.707,15408082,905609,58774916,40.000727,,1415.304,0x00,0x00,TEMPERATURE,1,0,OK,15.407,15.407,906.0,58.775,40.0,40.001,-0.001,15.408,344.0,13952.0
2026-08-07 15:16:08.523,15407902,905598,58774900,40.000606,,1416.119,0x00,0x00,TEMPERATURE,1,0,OK,15.407,15.407,906.0,58.775,40.0,40.001,-0.001,15.408,344.0,13952.0
2026-08-07 15:16:09.837,15407882,905597,58774912,40.000697,,1417.433,0x00,0x00,TEMPERATURE,1,0,OK,15.406,15.407,906.0,58.775,40.0,40.002,-0.002,15.408,344.0,13951.0
2026-08-07 15:16:10.652,15407704,905586,58774896,40.000576,,1418.248,0x00,0x00,TEMPERATURE,1,0,OK,15.406,15.407,906.0,58.775,40.0,40.002,-0.002,15.408,344.0,13951.0
2026-08-07 15:16:11.488,15407708,905587,58774916,40.000727,,1419.084,0x00,0x00,TEMPERATURE,1,0,OK,15.407,15.406,905.0,58.775,40.0,40.001,-0.001,15.408,344.0,13950.0
2026-08-07 15:16:12.371,15407710,905587,58774924,40.000787,,1419.968,0x00,0x00,TEMPERATURE,1,0,OK,15.407,15.406,905.0,58.775,40.0,40.001,-0.001,15.408,344.0,13950.0
2026-08-07 15:16:13.187,15407546,905577,58774900,40.000606,,1420.783,0x00,0x00,TEMPERATURE,1,0,OK,15.407,15.406,905.0,58.775,40.0,40.001,-0.001,15.408,344.0,13950.0
2026-08-07 15:16:14.022,15407558,905578,58774928,40.000818,,1421.619,0x00,0x00,TEMPERATURE,1,0,OK,15.407,15.406,905.0,58.775,40.0,40.001,-0.001,15.408,344.0,13950.0
2026-08-07 15:16:14.872,15407414,905570,58774928,40.000818,,1422.469,0x00,0x00,TEMPERATURE,1,0,OK,15.407,15.406,905.0,58.775,40.0,40.001,-0.001,15.408,344.0,13950.0
2026-08-07 15:16:15.708,15407294,905562,58774920,40.000757,,1423.305,0x00,0x00,TEMPERATURE,1,0,OK,15.405,15.406,905.0,58.775,40.0,40.003,-0.003,15.407,344.0,13950.0
2026-08-07 15:16:16.523,15407164,905555,58774932,40.000848,,1424.120,0x00,0x00,TEMPERATURE,1,0,OK,15.405,15.406,905.0,58.775,40.0,40.003,-0.003,15.407,344.0,13950.0
2026-08-07 15:16:17.837,15407038,905548,58774924,40.000787,,1425.434,0x00,0x00,TEMPERATURE,1,0,OK,15.405,15.406,905.0,58.775,40.0,40.002,-0.002,15.407,344.0,13949.0
2026-08-07 15:16:18.653,15406914,905540,58774904,40.000636,,1426.249,0x00,0x00,TEMPERATURE,1,0,OK,15.405,15.406,905.0,58.775,40.0,40.002,-0.002,15.407,344.0,13949.0
2026-08-07 15:16:19.488,15406798,905533,58774880,40.000455,,1427.085,0x00,0x00,TEMPERATURE,1,0,OK,15.406,15.405,905.0,58.775,40.0,40.001,-0.001,15.407,344.0,13948.0
2026-08-07 15:16:20.371,15406690,905526,58774856,40.000274,,1427.968,0x00,0x00,TEMPERATURE,1,0,OK,15.406,15.405,905.0,58.775,40.0,40.001,-0.001,15.407,344.0,13948.0
2026-08-07 15:16:21.186,15406762,905530,58774872,40.000395,,1428.783,0x00,0x00,TEMPERATURE,1,0,OK,15.406,15.405,905.0,58.775,40.0,40.001,-0.001,15.407,344.0,13948.0
2026-08-07 15:16:22.022,15406828,905535,58774888,40.000515,,1429.619,0x00,0x00,TEMPERATURE,1,0,OK,15.407,15.406,905.0,58.775,40.0,40.0,0.0,15.407,344.0,13949.0
2026-08-07 15:16:22.872,15406890,905538,58774900,40.000606,,1430.469,0x00,0x00,TEMPERATURE,1,0,OK,15.407,15.406,905.0,58.775,40.0,40.0,0.0,15.407,344.0,13949.0
2026-08-07 15:16:23.709,15406926,905540,58774896,40.000576,,1431.305,0x00,0x00,TEMPERATURE,1,0,OK,15.406,15.407,906.0,58.775,40.0,40.001,-0.001,15.407,344.0,13951.0
2026-08-07 15:16:24.524,15406940,905542,58774908,40.000667,,1432.120,0x00,0x00,TEMPERATURE,1,0,OK,15.406,15.407,906.0,58.775,40.0,40.001,-0.001,15.407,344.0,13951.0
2026-08-07 15:16:25.838,15406804,905533,58774880,40.000455,,1433.434,0x00,0x00,TEMPERATURE,1,0,OK,15.406,15.407,906.0,58.775,40.0,40.001,-0.001,15.407,344.0,13952.0
2026-08-07 15:16:26.652,15406688,905526,58774852,40.000243,,1434.249,0x00,0x00,TEMPERATURE,1,0,OK,15.406,15.407,906.0,58.775,40.0,40.001,-0.001,15.407,344.0,13952.0
2026-08-07 15:16:27.488,15406588,905520,58774828,40.000062,,1435.085,0x00,0x00,TEMPERATURE,1,0,OK,15.407,15.406,905.0,58.775,40.0,40.0,0.0,15.407,344.0,13950.0
2026-08-07 15:16:28.372,15406662,905525,58774872,40.000395,,1435.969,0x00,0x00,TEMPERATURE,1,0,OK,15.407,15.406,905.0,58.775,40.0,40.0,0.0,15.407,344.0,13950.0
2026-08-07 15:16:29.187,15406728,905529,58774904,40.000636,,1436.784,0x00,0x00,TEMPERATURE,1,0,OK,15.407,15.406,905.0,58.775,40.0,40.0,0.0,15.407,344.0,13950.0
2026-08-07 15:16:30.023,15406632,905523,58774876,40.000425,,1437.620,0x00,0x00,TEMPERATURE,1,0,OK,15.405,15.407,906.0,58.775,40.0,40.001,-0.001,15.407,344.0,13951.0
2026-08-07 15:16:30.872,15406546,905517,58774856,40.000274,,1438.469,0x00,0x00,TEMPERATURE,1,0,OK,15.405,15.407,906.0,58.775,40.0,40.001,-0.001,15.407,344.0,13951.0
2026-08-07 15:16:31.708,15406626,905522,58774872,40.000395,,1439.305,0x00,0x00,TEMPERATURE,1,0,OK,15.407,15.406,905.0,58.775,40.0,39.999,0.001,15.407,344.0,13950.0
2026-08-07 15:16:32.523,15406700,905527,58774892,40.000546,,1440.120,0x00,0x00,TEMPERATURE,1,0,OK,15.407,15.406,905.0,58.775,40.0,39.999,0.001,15.407,344.0,13950.0
2026-08-07 15:16:33.837,15406604,905521,58774872,40.000395,,1441.434,0x00,0x00,TEMPERATURE,1,0,OK,15.406,15.407,906.0,58.775,40.0,40.001,-0.001,15.407,344.0,13951.0
2026-08-07 15:16:34.652,15406508,905515,58774852,40.000243,,1442.249,0x00,0x00,TEMPERATURE,1,0,OK,15.406,15.407,906.0,58.775,40.0,40.001,-0.001,15.407,344.0,13951.0
2026-08-07 15:16:35.488,15406404,905509,58774836,40.000123,,1443.085,0x00,0x00,TEMPERATURE,1,0,OK,15.407,15.406,905.0,58.775,40.0,40.0,0.0,15.407,344.0,13950.0
2026-08-07 15:16:36.372,15406476,905514,58774880,40.000455,,1443.969,0x00,0x00,TEMPERATURE,1,0,OK,15.407,15.406,905.0,58.775,40.0,40.0,0.0,15.407,344.0,13950.0
2026-08-07 15:16:37.187,15406380,905508,58774888,40.000515,,1444.784,0x00,0x00,TEMPERATURE,1,0,OK,15.407,15.406,905.0,58.775,40.0,40.0,0.0,15.407,344.0,13950.0
2026-08-07 15:16:38.023,15406284,905503,58774884,40.000485,,1445.620,0x00,0x00,TEMPERATURE,1,0,OK,15.405,15.406,905.0,58.775,40.0,40.001,-0.001,15.407,344.0,13950.0
2026-08-07 15:16:38.873,15406188,905497,58774876,40.000425,,1446.469,0x00,0x00,TEMPERATURE,1,0,OK,15.405,15.406,905.0,58.775,40.0,40.001,-0.001,15.407,344.0,13950.0
2026-08-07 15:16:39.708,15406100,905492,58774888,40.000515,,1447.305,0x00,0x00,TEMPERATURE,1,0,OK,15.405,15.405,905.0,58.775,40.0,40.001,-0.001,15.407,344.0,13948.0
2026-08-07 15:16:40.523,15406000,905486,58774892,40.000546,,1448.119,0x00,0x00,TEMPERATURE,1,0,OK,15.405,15.405,905.0,58.775,40.0,40.001,-0.001,15.407,344.0,13948.0
2026-08-07 15:16:41.837,15405892,905479,58774884,40.000485,,1449.433,0x00,0x00,TEMPERATURE,1,0,OK,15.405,15.405,905.0,58.775,40.0,40.001,-0.001,15.406,344.0,13948.0
2026-08-07 15:16:42.652,15405786,905473,58774868,40.000364,,1450.248,0x00,0x00,TEMPERATURE,1,0,OK,15.405,15.405,905.0,58.775,40.0,40.001,-0.001,15.406,344.0,13948.0
2026-08-07 15:16:43.488,15405688,905467,58774852,40.000243,,1451.084,0x00,0x00,TEMPERATURE,1,0,OK,15.405,15.405,905.0,58.775,40.0,40.001,-0.001,15.406,344.0,13947.0
2026-08-07 15:16:44.372,15405594,905461,58774832,40.000092,,1451.969,0x00,0x00,TEMPERATURE,1,0,OK,15.405,15.405,905.0,58.775,40.0,40.001,-0.001,15.406,344.0,13947.0
2026-08-07 15:16:45.187,15405662,905465,58774832,40.000092,,1452.784,0x00,0x00,TEMPERATURE,1,0,OK,15.405,15.405,905.0,58.775,40.0,40.001,-0.001,15.406,344.0,13947.0
2026-08-07 15:16:46.023,15405714,905468,58774824,40.000032,,1453.619,0x00,0x00,TEMPERATURE,1,0,OK,15.406,15.405,905.0,58.775,40.0,40.0,0.0,15.406,344.0,13948.0
2026-08-07 15:16:46.872,15405766,905471,58774804,39.999881,,1454.469,0x00,0x00,TEMPERATURE,1,0,OK,15.406,15.405,905.0,58.775,40.0,40.0,0.0,15.406,344.0,13948.0
2026-08-07 15:16:47.708,15405808,905473,58774772,39.999639,,1455.305,0x00,0x00,TEMPERATURE,1,0,OK,15.407,15.406,905.0,58.775,40.0,39.999,0.001,15.406,344.0,13949.0
2026-08-07 15:16:48.523,15405852,905475,58774720,39.999246,,1456.119,0x00,0x00,TEMPERATURE,1,0,OK,15.407,15.406,905.0,58.775,40.0,39.999,0.001,15.406,344.0,13949.0
2026-08-07 15:16:49.837,15405902,905477,58774704,39.999125,,1457.434,0x00,0x00,TEMPERATURE,1,0,OK,15.409,15.406,905.0,58.774,40.0,39.997,0.003,15.406,344.0,13950.0
2026-08-07 15:16:50.652,15405970,905481,58774684,39.998974,,1458.249,0x00,0x00,TEMPERATURE,1,0,OK,15.409,15.406,905.0,58.774,40.0,39.997,0.003,15.406,344.0,13950.0
2026-08-07 15:16:51.488,15406188,905494,58774708,39.999156,,1459.084,0x00,0x00,TEMPERATURE,1,0,OK,15.41,15.407,906.0,58.774,40.0,39.997,0.003,15.407,344.0,13951.0
2026-08-07 15:16:52.372,15406406,905507,58774716,39.999216,,1459.969,0x00,0x00,TEMPERATURE,1,0,OK,15.41,15.407,906.0,58.774,40.0,39.997,0.003,15.407,344.0,13951.0
2026-08-07 15:16:53.187,15406622,905520,58774732,39.999337,,1460.784,0x00,0x00,TEMPERATURE,1,0,OK,15.41,15.407,906.0,58.774,40.0,39.997,0.003,15.407,344.0,13951.0
2026-08-07 15:16:54.023,15406840,905533,58774716,39.999216,,1461.620,0x00,0x00,TEMPERATURE,1,0,OK,15.409,15.409,906.0,58.775,40.0,39.998,0.002,15.407,344.0,13955.0
2026-08-07 15:16:54.872,15407054,905545,58774696,39.999065,,1462.469,0x00,0x00,TEMPERATURE,1,0,OK,15.409,15.409,906.0,58.775,40.0,39.998,0.002,15.407,344.0,13955.0
2026-08-07 15:16:55.708,15407266,905557,58774688,39.999004,,1463.305,0x00,0x00,TEMPERATURE,1,0,OK,15.41,15.41,906.0,58.775,40.0,39.998,0.002,15.407,344.0,13957.0
2026-08-07 15:16:56.523,15407468,905569,58774672,39.998884,,1464.119,0x00,0x00,TEMPERATURE,1,0,OK,15.41,15.41,906.0,58.775,40.0,39.998,0.002,15.407,344.0,13957.0
2026-08-07 15:16:57.837,15407664,905580,58774664,39.998823,,1465.434,0x00,0x00,TEMPERATURE,1,0,OK,15.41,15.411,906.0,58.774,40.0,39.997,0.003,15.407,344.0,13958.0
2026-08-07 15:16:58.652,15407858,905592,58774656,39.998763,,1466.248,0x00,0x00,TEMPERATURE,1,0,OK,15.41,15.411,906.0,58.774,40.0,39.997,0.003,15.407,344.0,13958.0
2026-08-07 15:16:59.488,15407870,905591,58774596,39.998309,,1467.084,0x00,0x00,TEMPERATURE,1,0,OK,15.41,15.411,906.0,58.775,40.0,39.998,0.002,15.408,344.0,13959.0
2026-08-07 15:17:00.371,15408044,905601,58774568,39.998098,,1467.967,0x00,0x00,TEMPERATURE,1,0,OK,15.41,15.411,906.0,58.775,40.0,39.998,0.002,15.408,344.0,13959.0
2026-08-07 15:17:01.186,15408196,905610,58774548,39.997947,,1468.782,0x00,0x00,TEMPERATURE,1,0,OK,15.41,15.411,906.0,58.775,40.0,39.998,0.002,15.408,344.0,13959.0
2026-08-07 15:17:02.022,15408344,905618,58774536,39.997856,,1469.619,0x00,0x00,TEMPERATURE,1,0,OK,15.412,15.411,906.0,58.774,40.0,39.996,0.004,15.408,344.0,13958.0
2026-08-07 15:17:02.873,15408480,905626,58774520,39.997735,,1470.469,0x00,0x00,TEMPERATURE,1,0,OK,15.412,15.411,906.0,58.774,40.0,39.996,0.004,15.408,344.0,13958.0
2026-08-07 15:17:03.709,15408600,905633,58774484,39.997463,,1471.306,0x00,0x00,TEMPERATURE,1,0,OK,15.413,15.411,906.0,58.774,40.0,39.995,0.005,15.409,344.0,13959.0
2026-08-07 15:17:04.524,15408710,905639,58774468,39.997342,,1472.120,0x00,0x00,TEMPERATURE,1,0,OK,15.413,15.411,906.0,58.774,40.0,39.995,0.005,15.409,344.0,13959.0
2026-08-07 15:17:05.838,15408826,905645,58774448,39.997191,,1473.434,0x00,0x00,TEMPERATURE,1,0,OK,15.414,15.411,906.0,58.774,40.0,39.995,0.005,15.409,344.0,13959.0
2026-08-07 15:17:06.653,15409100,905662,58774480,39.997433,,1474.250,0x00,0x00,TEMPERATURE,1,0,OK,15.414,15.411,906.0,58.774,40.0,39.995,0.005,15.409,344.0,13959.0
2026-08-07 15:17:07.489,15409360,905678,58774504,39.997614,,1475.085,0x00,0x00,TEMPERATURE,1,0,OK,15.412,15.412,906.0,58.774,40.0,39.997,0.003,15.409,344.0,13960.0
2026-08-07 15:17:08.372,15409604,905692,58774512,39.997675,,1475.968,0x00,0x00,TEMPERATURE,1,0,OK,15.412,15.412,906.0,58.774,40.0,39.997,0.003,15.409,344.0,13960.0
2026-08-07 15:17:09.187,15409658,905695,58774496,39.997554,,1476.783,0x00,0x00,TEMPERATURE,1,0,OK,15.412,15.412,906.0,58.774,40.0,39.997,0.003,15.409,344.0,13960.0
2026-08-07 15:17:10.023,15409698,905697,58774476,39.997403,,1477.619,0x00,0x00,TEMPERATURE,1,0,OK,15.412,15.412,906.0,58.774,40.0,39.997,0.003,15.41,344.0,13961.0
2026-08-07 15:17:10.873,15409910,905710,58774496,39.997554,,1478.469,0x00,0x00,TEMPERATURE,1,0,OK,15.412,15.412,906.0,58.774,40.0,39.997,0.003,15.41,344.0,13961.0
2026-08-07 15:17:11.709,15410104,905721,58774520,39.997735,,1479.305,0x00,0x00,TEMPERATURE,1,0,OK,15.412,15.412,906.0,58.774,40.0,39.998,0.002,15.41,344.0,13961.0
2026-08-07 15:17:12.524,15410132,905723,58774524,39.997765,,1480.120,0x00,0x00,TEMPERATURE,1,0,OK,15.412,15.412,906.0,58.774,40.0,39.998,0.002,15.41,344.0,13961.0
2026-08-07 15:17:13.837,15410160,905724,58774500,39.997584,,1481.434,0x00,0x00,TEMPERATURE,1,0,OK,15.412,15.412,906.0,58.775,40.0,39.998,0.002,15.41,344.0,13961.0
2026-08-07 15:17:14.652,15410358,905737,58774532,39.997826,,1482.249,0x00,0x00,TEMPERATURE,1,0,OK,15.412,15.412,906.0,58.775,40.0,39.998,0.002,15.41,344.0,13961.0
2026-08-07 15:17:15.489,15410376,905737,58774500,39.997584,,1483.085,0x00,0x00,TEMPERATURE,1,0,OK,15.411,15.412,906.0,58.775,40.0,39.999,0.001,15.41,344.0,13961.0
2026-08-07 15:17:16.372,15410570,905749,58774524,39.997765,,1483.969,0x00,0x00,TEMPERATURE,1,0,OK,15.411,15.412,906.0,58.775,40.0,39.999,0.001,15.41,344.0,13961.0
2026-08-07 15:17:17.188,15410576,905749,58774496,39.997554,,1484.784,0x00,0x00,TEMPERATURE,1,0,OK,15.411,15.412,906.0,58.775,40.0,39.999,0.001,15.41,344.0,13961.0
2026-08-07 15:17:18.024,15410760,905760,58774504,39.997614,,1485.620,0x00,0x00,TEMPERATURE,1,0,OK,15.413,15.412,906.0,58.774,40.0,39.997,0.003,15.41,344.0,13961.0
2026-08-07 15:17:18.872,15410936,905770,58774500,39.997584,,1486.468,0x00,0x00,TEMPERATURE,1,0,OK,15.413,15.412,906.0,58.774,40.0,39.997,0.003,15.41,344.0,13961.0
2026-08-07 15:17:19.707,15411110,905781,58774516,39.997705,,1487.304,0x00,0x00,TEMPERATURE,1,0,OK,15.413,15.413,906.0,58.775,40.0,39.998,0.002,15.411,344.0,13962.0
2026-08-07 15:17:20.523,15411120,905781,58774496,39.997554,,1488.119,0x00,0x00,TEMPERATURE,1,0,OK,15.413,15.413,906.0,58.775,40.0,39.998,0.002,15.411,344.0,13962.0
2026-08-07 15:17:21.837,15411268,905790,58774508,39.997645,,1489.433,0x00,0x00,TEMPERATURE,1,0,OK,15.413,15.413,906.0,58.774,40.0,39.997,0.003,15.411,344.0,13962.0
2026-08-07 15:17:22.652,15411236,905788,58774492,39.997524,,1490.249,0x00,0x00,TEMPERATURE,1,0,OK,15.413,15.413,906.0,58.774,40.0,39.997,0.003,15.411,344.0,13962.0
2026-08-07 15:17:23.489,15411202,905786,58774492,39.997524,,1491.085,0x00,0x00,TEMPERATURE,1,0,OK,15.413,15.413,906.0,58.775,40.0,39.998,0.002,15.411,344.0,13962.0
2026-08-07 15:17:24.372,15411338,905795,58774560,39.998037,,1491.968,0x00,0x00,TEMPERATURE,1,0,OK,15.413,15.413,906.0,58.775,40.0,39.998,0.002,15.411,344.0,13962.0
2026-08-07 15:17:25.187,15411310,905793,58774568,39.998098,,1492.783,0x00,0x00,TEMPERATURE,1,0,OK,15.413,15.413,906.0,58.775,40.0,39.998,0.002,15.411,344.0,13962.0
2026-08-07 15:17:26.023,15411292,905792,58774572,39.998128,,1493.620,0x00,0x00,TEMPERATURE,1,0,OK,15.411,15.412,906.0,58.775,40.0,40.0,0.0,15.411,344.0,13961.0
2026-08-07 15:17:26.872,15411264,905790,58774556,39.998007,,1494.468,0x00,0x00,TEMPERATURE,1,0,OK,15.411,15.412,906.0,58.775,40.0,40.0,0.0,15.411,344.0,13961.0
2026-08-07 15:17:27.708,15411242,905789,58774544,39.997917,,1495.304,0x00,0x00,TEMPERATURE,1,0,OK,15.412,15.412,906.0,58.775,40.0,39.999,0.001,15.411,344.0,13960.0
2026-08-07 15:17:28.523,15411202,905787,58774568,39.998098,,1496.119,0x00,0x00,TEMPERATURE,1,0,OK,15.412,15.412,906.0,58.775,40.0,39.999,0.001,15.411,344.0,13960.0
2026-08-07 15:17:29.837,15411170,905785,58774552,39.997977,,1497.433,0x00,0x00,TEMPERATURE,1,0,OK,15.412,15.411,906.0,58.775,40.0,39.999,0.001,15.411,344.0,13959.0
2026-08-07 15:17:30.652,15411138,905783,58774548,39.997947,,1498.248,0x00,0x00,TEMPERATURE,1,0,OK,15.412,15.411,906.0,58.775,40.0,39.999,0.001,15.411,344.0,13959.0
2026-08-07 15:17:31.487,15411108,905781,58774548,39.997947,,1499.084,0x00,0x00,TEMPERATURE,1,0,OK,15.412,15.411,906.0,58.775,40.0,39.999,0.001,15.411,344.0,13959.0
2026-08-07 15:17:32.372,15411246,905790,58774580,39.998189,,1499.968,0x00,0x00,TEMPERATURE,1,0,OK,15.412,15.411,906.0,58.775,40.0,39.999,0.001,15.411,344.0,13959.0
2026-08-07 15:17:33.187,15411372,905798,58774624,39.998521,,1500.783,0x00,0x00,TEMPERATURE,1,0,OK,15.412,15.411,906.0,58.775,40.0,39.999,0.001,15.411,344.0,13959.0
2026-08-07 15:17:34.022,15411340,905796,58774632,39.998581,,1501.619,0x00,0x00,TEMPERATURE,1,0,OK,15.41,15.412,906.0,58.775,40.0,40.002,-0.002,15.411,344.0,13961.0
2026-08-07 15:17:34.871,15411318,905795,58774652,39.998732,,1502.468,0x00,0x00,TEMPERATURE,1,0,OK,15.41,15.412,906.0,58.775,40.0,40.002,-0.002,15.411,344.0,13961.0
2026-08-07 15:17:35.707,15411304,905794,58774664,39.998823,,1503.304,0x00,0x00,TEMPERATURE,1,0,OK,15.41,15.412,906.0,58.775,40.0,40.001,-0.001,15.411,344.0,13960.0
2026-08-07 15:17:36.523,15411302,905794,58774684,39.998974,,1504.119,0x00,0x00,TEMPERATURE,1,0,OK,15.41,15.412,906.0,58.775,40.0,40.001,-0.001,15.411,344.0,13960.0
2026-08-07 15:17:37.836,15411292,905794,58774712,39.999186,,1505.433,0x00,0x00,TEMPERATURE,1,0,OK,15.409,15.411,906.0,58.775,40.0,40.002,-0.002,15.411,344.0,13960.0
2026-08-07 15:17:38.652,15411268,905793,58774732,39.999337,,1506.248,0x00,0x00,TEMPERATURE,1,0,OK,15.409,15.411,906.0,58.775,40.0,40.002,-0.002,15.411,344.0,13960.0
2026-08-07 15:17:39.487,15411246,905792,58774768,39.999609,,1507.084,0x00,0x00,TEMPERATURE,1,0,OK,15.408,15.411,906.0,58.775,40.0,40.003,-0.003,15.411,344.0,13959.0
2026-08-07 15:17:40.373,15411062,905781,58774748,39.999458,,1507.969,0x00,0x00,TEMPERATURE,1,0,OK,15.408,15.411,906.0,58.775,40.0,40.003,-0.003,15.411,344.0,13959.0
2026-08-07 15:17:41.187,15410890,905771,58774720,39.999246,,1508.784,0x00,0x00,TEMPERATURE,1,0,OK,15.408,15.411,906.0,58.775,40.0,40.003,-0.003,15.411,344.0,13959.0
2026-08-07 15:17:42.023,15410884,905771,58774732,39.999337,,1509.620,0x00,0x00,TEMPERATURE,1,0,OK,15.412,15.41,906.0,58.775,40.0,39.999,0.001,15.411,344.0,13956.0
2026-08-07 15:17:42.871,15410870,905770,58774736,39.999367,,1510.468,0x00,0x00,TEMPERATURE,1,0,OK,15.412,15.41,906.0,58.775,40.0,39.999,0.001,15.411,344.0,13956.0
2026-08-07 15:17:43.707,15410842,905768,58774744,39.999428,,1511.304,0x00,0x00,TEMPERATURE,1,0,OK,15.411,15.41,906.0,58.775,40.0,40.0,0.0,15.411,344.0,13957.0
2026-08-07 15:17:44.522,15410820,905767,58774740,39.999397,,1512.119,0x00,0x00,TEMPERATURE,1,0,OK,15.411,15.41,906.0,58.775,40.0,40.0,0.0,15.411,344.0,13957.0
2026-08-07 15:17:45.836,15410820,905767,58774728,39.999307,,1513.433,0x00,0x00,TEMPERATURE,1,0,OK,15.412,15.41,906.0,58.775,40.0,39.999,0.001,15.411,344.0,13957.0
2026-08-07 15:17:46.651,15410844,905768,58774716,39.999216,,1514.248,0x00,0x00,TEMPERATURE,1,0,OK,15.412,15.41,906.0,58.775,40.0,39.999,0.001,15.411,344.0,13957.0
2026-08-07 15:17:47.488,15410866,905769,58774696,39.999065,,1515.084,0x00,0x00,TEMPERATURE,1,0,OK,15.413,15.411,906.0,58.775,40.0,39.998,0.002,15.411,344.0,13958.0
2026-08-07 15:17:48.372,15410898,905771,58774680,39.998944,,1515.969,0x00,0x00,TEMPERATURE,1,0,OK,15.413,15.411,906.0,58.775,40.0,39.998,0.002,15.411,344.0,13958.0
2026-08-07 15:17:49.187,15410920,905771,58774652,39.998732,,1516.784,0x00,0x00,TEMPERATURE,1,0,OK,15.413,15.411,906.0,58.775,40.0,39.998,0.002,15.411,344.0,13958.0
2026-08-07 15:17:50.023,15411110,905783,58774692,39.999035,,1517.620,0x00,0x00,TEMPERATURE,1,0,OK,15.415,15.411,906.0,58.774,40.0,39.997,0.003,15.411,344.0,13959.0
2026-08-07 15:17:50.872,15411278,905794,58774756,39.999518,,1518.469,0x00,0x00,TEMPERATURE,1,0,OK,15.415,15.411,906.0,58.774,40.0,39.997,0.003,15.411,344.0,13959.0
2026-08-07 15:17:51.708,15411264,905793,58774772,39.999639,,1519.305,0x00,0x00,TEMPERATURE,1,0,OK,15.409,15.413,906.0,58.775,40.0,40.002,-0.002,15.411,344.0,13962.0
2026-08-07 15:17:52.523,15411238,905792,58774792,39.999790,,1520.119,0x00,0x00,TEMPERATURE,1,0,OK,15.409,15.413,906.0,58.775,40.0,40.002,-0.002,15.411,344.0,13962.0
2026-08-07 15:17:53.837,15411232,905792,58774800,39.999851,,1521.434,0x00,0x00,TEMPERATURE,1,0,OK,15.409,15.412,906.0,58.775,40.0,40.002,-0.002,15.411,344.0,13960.0
2026-08-07 15:17:54.652,15411228,905792,58774828,40.000062,,1522.249,0x00,0x00,TEMPERATURE,1,0,OK,15.409,15.412,906.0,58.775,40.0,40.002,-0.002,15.411,344.0,13960.0
2026-08-07 15:17:55.488,15411222,905792,58774844,40.000183,,1523.085,0x00,0x00,TEMPERATURE,1,0,OK,15.408,15.411,906.0,58.775,40.0,40.003,-0.003,15.411,344.0,13960.0
2026-08-07 15:17:56.371,15411054,905782,58774824,40.000032,,1523.968,0x00,0x00,TEMPERATURE,1,0,OK,15.408,15.411,906.0,58.775,40.0,40.003,-0.003,15.411,344.0,13960.0
2026-08-07 15:17:57.186,15410894,905772,58774780,39.999700,,1524.783,0x00,0x00,TEMPERATURE,1,0,OK,15.408,15.411,906.0,58.775,40.0,40.003,-0.003,15.411,344.0,13960.0
2026-08-07 15:17:58.022,15410740,905763,58774768,39.999609,,1525.618,0x00,0x00,TEMPERATURE,1,0,OK,15.411,15.41,906.0,58.775,40.0,40.0,0.0,15.411,344.0,13957.0
2026-08-07 15:17:58.872,15410764,905764,58774788,39.999760,,1526.468,0x00,0x00,TEMPERATURE,1,0,OK,15.411,15.41,906.0,58.775,40.0,40.0,0.0,15.411,344.0,13957.0
2026-08-07 15:17:59.708,15410784,905766,58774820,40.000002,,1527.304,0x00,0x00,TEMPERATURE,1,0,OK,15.411,15.41,906.0,58.775,40.0,40.0,0.0,15.411,344.0,13957.0
2026-08-07 15:18:00.523,15410800,905767,58774848,40.000213,,1528.119,0x00,0x00,TEMPERATURE,1,0,OK,15.411,15.41,906.0,58.775,40.0,40.0,0.0,15.411,344.0,13957.0
2026-08-07 15:18:01.837,15410634,905758,58774836,40.000123,,1529.434,0x00,0x00,TEMPERATURE,1,0,OK,15.409,15.41,906.0,58.775,40.0,40.002,-0.002,15.411,344.0,13958.0
2026-08-07 15:18:02.652,15410468,905748,58774828,40.000062,,1530.249,0x00,0x00,TEMPERATURE,1,0,OK,15.409,15.41,906.0,58.775,40.0,40.002,-0.002,15.411,344.0,13958.0
2026-08-07 15:18:03.488,15410474,905748,58774848,40.000213,,1531.085,0x00,0x00,TEMPERATURE,1,0,OK,15.41,15.409,906.0,58.775,40.0,40.001,-0.001,15.411,344.0,13956.0
2026-08-07 15:18:04.372,15410484,905749,58774888,40.000515,,1531.968,0x00,0x00,TEMPERATURE,1,0,OK,15.41,15.409,906.0,58.775,40.0,40.001,-0.001,15.411,344.0,13956.0
2026-08-07 15:18:05.187,15410320,905739,58774860,40.000304,,1532.784,0x00,0x00,TEMPERATURE,1,0,OK,15.41,15.409,906.0,58.775,40.0,40.001,-0.001,15.411,344.0,13956.0
2026-08-07 15:18:06.023,15410182,905731,58774848,40.000213,,1533.620,0x00,0x00,TEMPERATURE,1,0,OK,15.409,15.409,906.0,58.775,40.0,40.002,-0.002,15.41,344.0,13956.0
2026-08-07 15:18:06.871,15410058,905724,58774844,40.000183,,1534.467,0x00,0x00,TEMPERATURE,1,0,OK,15.409,15.409,906.0,58.775,40.0,40.002,-0.002,15.41,344.0,13956.0
2026-08-07 15:18:07.707,15409938,905717,58774836,40.000123,,1535.304,0x00,0x00,TEMPERATURE,1,0,OK,15.41,15.408,906.0,58.775,40.0,40.001,-0.001,15.41,344.0,13954.0
2026-08-07 15:18:08.522,15409976,905719,58774860,40.000304,,1536.118,0x00,0x00,TEMPERATURE,1,0,OK,15.41,15.408,906.0,58.775,40.0,40.001,-0.001,15.41,344.0,13954.0
2026-08-07 15:18:09.836,15409860,905712,58774844,40.000183,,1537.432,0x00,0x00,TEMPERATURE,1,0,OK,15.409,15.409,906.0,58.775,40.0,40.002,-0.002,15.41,344.0,13955.0
2026-08-07 15:18:10.651,15409760,905706,58774824,40.000032,,1538.247,0x00,0x00,TEMPERATURE,1,0,OK,15.409,15.409,906.0,58.775,40.0,40.002,-0.002,15.41,344.0,13955.0
2026-08-07 15:18:11.487,15409672,905700,58774808,39.999911,,1539.084,0x00,0x00,TEMPERATURE,1,0,OK,15.409,15.409,906.0,58.775,40.0,40.001,-0.001,15.41,344.0,13955.0
2026-08-07 15:18:12.372,15409760,905707,58774856,40.000274,,1539.969,0x00,0x00,TEMPERATURE,1,0,OK,15.409,15.409,906.0,58.775,40.0,40.001,-0.001,15.41,344.0,13955.0
2026-08-07 15:18:13.187,15409678,905701,58774832,40.000092,,1540.784,0x00,0x00,TEMPERATURE,1,0,OK,15.409,15.409,906.0,58.775,40.0,40.001,-0.001,15.41,344.0,13955.0
2026-08-07 15:18:14.023,15409762,905706,58774840,40.000153,,1541.619,0x00,0x00,TEMPERATURE,1,0,OK,15.41,15.409,906.0,58.775,40.0,40.0,0.0,15.41,344.0,13955.0
2026-08-07 15:18:14.872,15409678,905701,58774816,39.999971,,1542.468,0x00,0x00,TEMPERATURE,1,0,OK,15.41,15.409,906.0,58.775,40.0,40.0,0.0,15.41,344.0,13955.0
2026-08-07 15:18:15.708,15409756,905706,58774828,40.000062,,1543.304,0x00,0x00,TEMPERATURE,1,0,OK,15.411,15.409,906.0,58.775,40.0,39.999,0.001,15.41,344.0,13956.0
2026-08-07 15:18:16.523,15409828,905710,58774840,40.000153,,1544.120,0x00,0x00,TEMPERATURE,1,0,OK,15.411,15.409,906.0,58.775,40.0,39.999,0.001,15.41,344.0,13956.0
2026-08-07 15:18:17.837,15409908,905715,58774844,40.000183,,1545.433,0x00,0x00,TEMPERATURE,1,0,OK,15.41,15.41,906.0,58.775,40.0,40.0,0.0,15.41,344.0,13957.0
2026-08-07 15:18:18.652,15409798,905708,58774812,39.999941,,1546.249,0x00,0x00,TEMPERATURE,1,0,OK,15.41,15.41,906.0,58.775,40.0,40.0,0.0,15.41,344.0,13957.0
2026-08-07 15:18:19.488,15409676,905700,58774776,39.999669,,1547.084,0x00,0x00,TEMPERATURE,1,0,OK,15.41,15.41,906.0,58.775,40.0,40.0,0.0,15.41,344.0,13957.0
2026-08-07 15:18:20.373,15409726,905703,58774768,39.999609,,1547.969,0x00,0x00,TEMPERATURE,1,0,OK,15.41,15.41,906.0,58.775,40.0,40.0,0.0,15.41,344.0,13957.0
2026-08-07 15:18:21.188,15409776,905706,58774768,39.999609,,1548.785,0x00,0x00,TEMPERATURE,1,0,OK,15.41,15.41,906.0,58.775,40.0,40.0,0.0,15.41,344.0,13957.0
2026-08-07 15:18:22.024,15409826,905709,58774752,39.999488,,1549.620,0x00,0x00,TEMPERATURE,1,0,OK,15.411,15.41,906.0,58.775,40.0,39.999,0.001,15.41,344.0,13957.0
2026-08-07 15:18:22.873,15409870,905711,58774708,39.999156,,1550.469,0x00,0x00,TEMPERATURE,1,0,OK,15.411,15.41,906.0,58.775,40.0,39.999,0.001,15.41,344.0,13957.0
2026-08-07 15:18:23.709,15409916,905712,58774640,39.998642,,1551.305,0x00,0x00,TEMPERATURE,1,0,OK,15.414,15.41,906.0,58.774,40.0,39.996,0.004,15.41,344.0,13957.0
2026-08-07 15:18:24.524,15409960,905714,58774600,39.998340,,1552.120,0x00,0x00,TEMPERATURE,1,0,OK,15.414,15.41,906.0,58.774,40.0,39.996,0.004,15.41,344.0,13957.0
2026-08-07 15:18:25.838,15410186,905727,58774596,39.998309,,1553.434,0x00,0x00,TEMPERATURE,1,0,OK,15.417,15.41,906.0,58.774,40.0,39.994,0.006,15.411,344.0,13958.0
2026-08-07 15:18:26.653,15410406,905740,58774592,39.998279,,1554.249,0x00,0x00,TEMPERATURE,1,0,OK,15.417,15.41,906.0,58.774,40.0,39.994,0.006,15.411,344.0,13958.0
2026-08-07 15:18:27.489,15410608,905752,58774580,39.998189,,1555.085,0x00,0x00,TEMPERATURE,1,0,OK,15.415,15.413,906.0,58.774,40.0,39.997,0.003,15.411,344.0,13962.0
2026-08-07 15:18:28.373,15410788,905763,58774572,39.998128,,1555.969,0x00,0x00,TEMPERATURE,1,0,OK,15.415,15.413,906.0,58.774,40.0,39.997,0.003,15.411,344.0,13962.0
2026-08-07 15:18:29.188,15410962,905773,58774572,39.998128,,1556.784,0x00,0x00,TEMPERATURE,1,0,OK,15.415,15.413,906.0,58.774,40.0,39.997,0.003,15.411,344.0,13962.0
2026-08-07 15:18:30.024,15411286,905792,58774580,39.998189,,1557.620,0x00,0x00,TEMPERATURE,1,0,OK,15.416,15.414,906.0,58.774,40.0,39.996,0.004,15.412,344.0,13964.0
2026-08-07 15:18:30.873,15411446,905801,58774572,39.998128,,1558.469,0x00,0x00,TEMPERATURE,1,0,OK,15.416,15.414,906.0,58.774,40.0,39.996,0.004,15.412,344.0,13964.0
2026-08-07 15:18:31.709,15411614,905811,58774572,39.998128,,1559.306,0x00,0x00,TEMPERATURE,1,0,OK,15.414,15.415,906.0,58.775,40.0,39.998,0.002,15.412,344.0,13966.0
2026-08-07 15:18:32.524,15411772,905820,58774576,39.998158,,1560.120,0x00,0x00,TEMPERATURE,1,0,OK,15.414,15.415,906.0,58.775,40.0,39.998,0.002,15.412,344.0,13966.0
2026-08-07 15:18:33.838,15411922,905829,58774584,39.998219,,1561.434,0x00,0x00,TEMPERATURE,1,0,OK,15.413,15.415,906.0,58.775,40.0,39.999,0.001,15.412,344.0,13966.0
2026-08-07 15:18:34.652,15412070,905838,58774580,39.998189,,1562.249,0x00,0x00,TEMPERATURE,1,0,OK,15.413,15.415,906.0,58.775,40.0,39.999,0.001,15.412,344.0,13966.0
2026-08-07 15:18:35.489,15412210,905846,58774552,39.997977,,1563.085,0x00,0x00,TEMPERATURE,1,0,OK,15.415,15.415,906.0,58.774,40.0,39.997,0.003,15.412,344.0,13966.0
2026-08-07 15:18:36.372,15412332,905852,58774512,39.997675,,1563.968,0x00,0x00,TEMPERATURE,1,0,OK,15.415,15.415,906.0,58.774,40.0,39.997,0.003,15.412,344.0,13966.0
2026-08-07 15:18:37.187,15412444,905859,58774496,39.997554,,1564.783,0x00,0x00,TEMPERATURE,1,0,OK,15.415,15.415,906.0,58.774,40.0,39.997,0.003,15.412,344.0,13966.0
2026-08-07 15:18:38.023,15412550,905865,58774480,39.997433,,1565.619,0x00,0x00,TEMPERATURE,1,0,OK,15.417,15.415,906.0,58.774,40.0,39.996,0.004,15.413,344.0,13966.0
2026-08-07 15:18:38.873,15412822,905881,58774504,39.997614,,1566.469,0x00,0x00,TEMPERATURE,1,0,OK,15.417,15.415,906.0,58.774,40.0,39.996,0.004,15.413,344.0,13966.0
2026-08-07 15:18:39.709,15413078,905896,58774504,39.997614,,1567.305,0x00,0x00,TEMPERATURE,1,0,OK,15.416,15.415,906.0,58.774,40.0,39.997,0.003,15.413,344.0,13967.0
2026-08-07 15:18:40.524,15413330,905911,58774512,39.997675,,1568.120,0x00,0x00,TEMPERATURE,1,0,OK,15.416,15.415,906.0,58.774,40.0,39.997,0.003,15.413,344.0,13967.0
2026-08-07 15:18:41.838,15413410,905916,58774508,39.997645,,1569.434,0x00,0x00,TEMPERATURE,1,0,OK,15.415,15.417,906.0,58.775,40.0,39.999,0.001,15.413,344.0,13969.0
2026-08-07 15:18:42.653,15413500,905921,58774512,39.997675,,1570.249,0x00,0x00,TEMPERATURE,1,0,OK,15.415,15.417,906.0,58.775,40.0,39.999,0.001,15.413,344.0,13969.0
2026-08-07 15:18:43.488,15413586,905926,58774520,39.997735,,1571.085,0x00,0x00,TEMPERATURE,1,0,OK,15.415,15.416,906.0,58.775,40.0,39.998,0.002,15.413,344.0,13968.0
2026-08-07 15:18:44.371,15413660,905931,58774520,39.997735,,1571.968,0x00,0x00,TEMPERATURE,1,0,OK,15.415,15.416,906.0,58.775,40.0,39.998,0.002,15.413,344.0,13968.0
2026-08-07 15:18:45.187,15413726,905934,58774520,39.997735,,1572.783,0x00,0x00,TEMPERATURE,1,0,OK,15.415,15.416,906.0,58.775,40.0,39.998,0.002,15.413,344.0,13968.0
2026-08-07 15:18:46.022,15413790,905938,58774532,39.997826,,1573.619,0x00,0x00,TEMPERATURE,1,0,OK,15.416,15.415,906.0,58.775,40.0,39.998,0.002,15.414,344.0,13967.0
2026-08-07 15:18:46.872,15414014,905951,58774536,39.997856,,1574.468,0x00,0x00,TEMPERATURE,1,0,OK,15.416,15.415,906.0,58.775,40.0,39.998,0.002,15.414,344.0,13967.0
2026-08-07 15:18:47.707,15414222,905964,58774536,39.997856,,1575.304,0x00,0x00,TEMPERATURE,1,0,OK,15.417,15.416,906.0,58.774,40.0,39.997,0.003,15.414,344.0,13968.0
2026-08-07 15:18:48.522,15414416,905975,58774556,39.998007,,1576.119,0x00,0x00,TEMPERATURE,1,0,OK,15.417,15.416,906.0,58.774,40.0,39.997,0.003,15.414,344.0,13968.0
2026-08-07 15:18:49.838,15414586,905985,58774532,39.997826,,1577.434,0x00,0x00,TEMPERATURE,1,0,OK,15.416,15.417,906.0,58.775,40.0,39.998,0.002,15.414,344.0,13970.0
2026-08-07 15:18:50.652,15414758,905995,58774516,39.997705,,1578.249,0x00,0x00,TEMPERATURE,1,0,OK,15.416,15.417,906.0,58.775,40.0,39.998,0.002,15.414,344.0,13970.0
2026-08-07 15:18:51.488,15414926,906005,58774520,39.997735,,1579.085,0x00,0x00,TEMPERATURE,1,0,OK,15.418,15.418,906.0,58.774,40.0,39.997,0.003,15.414,344.0,13971.0
2026-08-07 15:18:52.372,15415090,906015,58774528,39.997796,,1579.968,0x00,0x00,TEMPERATURE,1,0,OK,15.418,15.418,906.0,58.774,40.0,39.997,0.003,15.414,344.0,13971.0
2026-08-07 15:18:53.186,15415244,906024,58774516,39.997705,,1580.783,0x00,0x00,TEMPERATURE,1,0,OK,15.418,15.418,906.0,58.774,40.0,39.997,0.003,15.414,344.0,13971.0
2026-08-07 15:18:54.022,15415380,906031,58774496,39.997554,,1581.619,0x00,0x00,TEMPERATURE,1,0,OK,15.419,15.418,906.0,58.774,40.0,39.996,0.004,15.415,344.0,13971.0
2026-08-07 15:18:54.871,15415510,906038,58774472,39.997373,,1582.468,0x00,0x00,TEMPERATURE,1,0,OK,15.419,15.418,906.0,58.774,40.0,39.996,0.004,15.415,344.0,13971.0
2026-08-07 15:18:55.708,15415636,906046,58774464,39.997312,,1583.304,0x00,0x00,TEMPERATURE,1,0,OK,15.419,15.418,906.0,58.774,40.0,39.996,0.004,15.415,344.0,13971.0
2026-08-07 15:18:56.522,15415760,906053,58774456,39.997252,,1584.119,0x00,0x00,TEMPERATURE,1,0,OK,15.419,15.418,906.0,58.774,40.0,39.996,0.004,15.415,344.0,13971.0
2026-08-07 15:18:57.836,15415884,906060,58774460,39.997282,,1585.433,0x00,0x00,TEMPERATURE,1,0,OK,15.42,15.418,906.0,58.774,40.0,39.995,0.005,15.416,344.0,13972.0
2026-08-07 15:18:58.651,15416006,906067,58774456,39.997252,,1586.248,0x00,0x00,TEMPERATURE,1,0,OK,15.42,15.418,906.0,58.774,40.0,39.995,0.005,15.416,344.0,13972.0
2026-08-07 15:18:59.488,15416112,906074,58774456,39.997252,,1587.084,0x00,0x00,TEMPERATURE,1,0,OK,15.42,15.418,906.0,58.774,40.0,39.996,0.004,15.416,344.0,13972.0
2026-08-07 15:19:00.372,15416198,906079,58774456,39.997252,,1587.969,0x00,0x00,TEMPERATURE,1,0,OK,15.42,15.418,906.0,58.774,40.0,39.996,0.004,15.416,344.0,13972.0
2026-08-07 15:19:01.187,15416294,906084,58774464,39.997312,,1588.784,0x00,0x00,TEMPERATURE,1,0,OK,15.42,15.418,906.0,58.774,40.0,39.996,0.004,15.416,344.0,13972.0
2026-08-07 15:19:02.024,15416376,906089,58774448,39.997191,,1589.620,0x00,0x00,TEMPERATURE,1,0,OK,15.419,15.418,906.0,58.774,40.0,39.997,0.003,15.416,344.0,13972.0
2026-08-07 15:19:02.873,15416464,906094,58774456,39.997252,,1590.469,0x00,0x00,TEMPERATURE,1,0,OK,15.419,15.418,906.0,58.774,40.0,39.997,0.003,15.416,344.0,13972.0
2026-08-07 15:19:03.708,15416554,906100,58774464,39.997312,,1591.305,0x00,0x00,TEMPERATURE,1,0,OK,15.419,15.418,906.0,58.775,40.0,39.998,0.002,15.417,344.0,13972.0
2026-08-07 15:19:04.523,15416816,906116,58774516,39.997705,,1592.120,0x00,0x00,TEMPERATURE,1,0,OK,15.419,15.418,906.0,58.775,40.0,39.998,0.002,15.417,344.0,13972.0
2026-08-07 15:19:05.837,15416910,906121,58774512,39.997675,,1593.434,0x00,0x00,TEMPERATURE,1,0,OK,15.417,15.419,906.0,58.775,40.0,40.0,0.0,15.417,344.0,13974.0
2026-08-07 15:19:06.652,15416980,906125,58774496,39.997554,,1594.249,0x00,0x00,TEMPERATURE,1,0,OK,15.417,15.419,906.0,58.775,40.0,40.0,0.0,15.417,344.0,13974.0
2026-08-07 15:19:07.488,15417058,906130,58774484,39.997463,,1595.085,0x00,0x00,TEMPERATURE,1,0,OK,15.42,15.419,906.0,58.774,40.0,39.997,0.003,15.417,344.0,13973.0
2026-08-07 15:19:08.373,15417140,906134,58774492,39.997524,,1595.969,0x00,0x00,TEMPERATURE,1,0,OK,15.42,15.419,906.0,58.774,40.0,39.997,0.003,15.417,344.0,13973.0
2026-08-07 15:19:09.187,15417210,906138,58774460,39.997282,,1596.784,0x00,0x00,TEMPERATURE,1,0,OK,15.42,15.419,906.0,58.774,40.0,39.997,0.003,15.417,344.0,13973.0
2026-08-07 15:19:10.023,15417438,906151,58774436,39.997101,,1597.620,0x00,0x00,TEMPERATURE,1,0,OK,15.422,15.419,906.0,58.774,40.0,39.996,0.004,15.417,344.0,13973.0
2026-08-07 15:19:10.872,15417652,906163,58774408,39.996889,,1598.469,0x00,0x00,TEMPERATURE,1,0,OK,15.422,15.419,906.0,58.774,40.0,39.996,0.004,15.417,344.0,13973.0
2026-08-07 15:19:11.708,15417856,906175,58774384,39.996708,,1599.305,0x00,0x00,TEMPERATURE,1,0,OK,15.423,15.42,906.0,58.774,40.0,39.994,0.006,15.418,344.0,13975.0
2026-08-07 15:19:12.523,15418040,906186,58774372,39.996617,,1600.120,0x00,0x00,TEMPERATURE,1,0,OK,15.423,15.42,906.0,58.774,40.0,39.994,0.006,15.418,344.0,13975.0
2026-08-07 15:19:13.837,15418182,906194,58774356,39.996496,,1601.433,0x00,0x00,TEMPERATURE,1,0,OK,15.424,15.421,906.0,58.774,40.0,39.994,0.006,15.418,344.0,13976.0
2026-08-07 15:19:14.652,15418496,906213,58774384,39.996708,,1602.249,0x00,0x00,TEMPERATURE,1,0,OK,15.424,15.421,906.0,58.774,40.0,39.994,0.006,15.418,344.0,13976.0
2026-08-07 15:19:15.487,15418796,906231,58774420,39.996980,,1603.084,0x00,0x00,TEMPERATURE,1,0,OK,15.422,15.422,906.0,58.774,40.0,39.997,0.003,15.419,344.0,13978.0
2026-08-07 15:19:16.373,15418920,906238,58774416,39.996949,,1603.970,0x00,0x00,TEMPERATURE,1,0,OK,15.422,15.422,906.0,58.774,40.0,39.997,0.003,15.419,344.0,13978.0
2026-08-07 15:19:17.188,15419038,906245,58774420,39.996980,,1604.785,0x00,0x00,TEMPERATURE,1,0,OK,15.422,15.422,906.0,58.774,40.0,39.997,0.003,15.419,344.0,13978.0
2026-08-07 15:19:18.024,15419156,906252,58774404,39.996859,,1605.621,0x00,0x00,TEMPERATURE,1,0,OK,15.422,15.422,906.0,58.774,40.0,39.997,0.003,15.419,344.0,13979.0
2026-08-07 15:19:18.872,15419276,906259,58774400,39.996829,,1606.469,0x00,0x00,TEMPERATURE,1,0,OK,15.422,15.422,906.0,58.774,40.0,39.997,0.003,15.419,344.0,13979.0
2026-08-07 15:19:19.708,15419392,906265,58774368,39.996587,,1607.305,0x00,0x00,TEMPERATURE,1,0,OK,15.423,15.422,906.0,58.774,40.0,39.996,0.004,15.419,344.0,13978.0
2026-08-07 15:19:20.523,15419654,906280,58774364,39.996557,,1608.120,0x00,0x00,TEMPERATURE,1,0,OK,15.423,15.422,906.0,58.774,40.0,39.996,0.004,15.419,344.0,13978.0
2026-08-07 15:19:21.837,15419912,906296,58774388,39.996738,,1609.434,0x00,0x00,TEMPERATURE,1,0,OK,15.424,15.422,906.0,58.774,40.0,39.996,0.004,15.42,344.0,13980.0
2026-08-07 15:19:22.652,15420162,906311,58774416,39.996949,,1610.249,0x00,0x00,TEMPERATURE,1,0,OK,15.424,15.422,906.0,58.774,40.0,39.996,0.004,15.42,344.0,13980.0
2026-08-07 15:19:23.488,15420396,906325,58774440,39.997131,,1611.084,0x00,0x00,TEMPERATURE,1,0,OK,15.422,15.424,907.0,58.775,40.0,39.998,0.002,15.42,344.0,13982.0
2026-08-07 15:19:24.372,15420450,906328,58774424,39.997010,,1611.969,0x00,0x00,TEMPERATURE,1,0,OK,15.422,15.424,907.0,58.775,40.0,39.998,0.002,15.42,344.0,13982.0
2026-08-07 15:19:25.187,15420494,906331,58774416,39.996949,,1612.784,0x00,0x00,TEMPERATURE,1,0,OK,15.422,15.424,907.0,58.775,40.0,39.998,0.002,15.42,344.0,13982.0
2026-08-07 15:19:26.023,15420534,906333,58774408,39.996889,,1613.619,0x00,0x00,TEMPERATURE,1,0,OK,15.423,15.423,906.0,58.774,40.0,39.997,0.003,15.42,344.0,13980.0
2026-08-07 15:19:26.871,15420574,906335,58774420,39.996980,,1614.467,0x00,0x00,TEMPERATURE,1,0,OK,15.423,15.423,906.0,58.774,40.0,39.997,0.003,15.42,344.0,13980.0
2026-08-07 15:19:27.707,15420606,906337,58774440,39.997131,,1615.304,0x00,0x00,TEMPERATURE,1,0,OK,15.422,15.422,906.0,58.775,40.0,39.998,0.002,15.42,344.0,13979.0
2026-08-07 15:19:28.522,15420648,906340,58774472,39.997373,,1616.119,0x00,0x00,TEMPERATURE,1,0,OK,15.422,15.422,906.0,58.775,40.0,39.998,0.002,15.42,344.0,13979.0
2026-08-07 15:19:29.836,15420682,906343,58774512,39.997675,,1617.433,0x00,0x00,TEMPERATURE,1,0,OK,15.421,15.422,906.0,58.775,40.0,40.0,0.0,15.42,344.0,13979.0
2026-08-07 15:19:30.651,15420720,906346,58774548,39.997947,,1618.247,0x00,0x00,TEMPERATURE,1,0,OK,15.421,15.422,906.0,58.775,40.0,40.0,0.0,15.42,344.0,13979.0
2026-08-07 15:19:31.487,15420764,906349,58774604,39.998370,,1619.084,0x00,0x00,TEMPERATURE,1,0,OK,15.418,15.422,906.0,58.775,40.0,40.003,-0.003,15.42,344.0,13978.0
2026-08-07 15:19:32.372,15420652,906343,58774612,39.998430,,1619.968,0x00,0x00,TEMPERATURE,1,0,OK,15.418,15.422,906.0,58.775,40.0,40.003,-0.003,15.42,344.0,13978.0
2026-08-07 15:19:33.187,15420548,906337,58774620,39.998491,,1620.784,0x00,0x00,TEMPERATURE,1,0,OK,15.418,15.422,906.0,58.775,40.0,40.003,-0.003,15.42,344.0,13978.0
2026-08-07 15:19:34.023,15420444,906331,58774636,39.998612,,1621.620,0x00,0x00,TEMPERATURE,1,0,OK,15.418,15.42,906.0,58.775,40.0,40.002,-0.002,15.42,344.0,13976.0
2026-08-07 15:19:34.873,15420328,906325,58774664,39.998823,,1622.470,0x00,0x00,TEMPERATURE,1,0,OK,15.418,15.42,906.0,58.775,40.0,40.002,-0.002,15.42,344.0,13976.0
2026-08-07 15:19:35.709,15420202,906317,58774676,39.998914,,1623.306,0x00,0x00,TEMPERATURE,1,0,OK,15.418,15.419,906.0,58.775,40.0,40.002,-0.002,15.42,344.0,13974.0
2026-08-07 15:19:36.524,15420080,906311,58774696,39.999065,,1624.121,0x00,0x00,TEMPERATURE,1,0,OK,15.418,15.419,906.0,58.775,40.0,40.002,-0.002,15.42,344.0,13974.0
2026-08-07 15:19:37.838,15419954,906303,58774684,39.998974,,1625.434,0x00,0x00,TEMPERATURE,1,0,OK,15.418,15.419,906.0,58.775,40.0,40.002,-0.002,15.42,344.0,13973.0
2026-08-07 15:19:38.653,15419854,906297,58774668,39.998853,,1626.249,0x00,0x00,TEMPERATURE,1,0,OK,15.418,15.419,906.0,58.775,40.0,40.002,-0.002,15.42,344.0,13973.0
2026-08-07 15:19:39.489,15419764,906291,58774648,39.998702,,1627.085,0x00,0x00,TEMPERATURE,1,0,OK,15.421,15.418,906.0,58.775,40.0,39.999,0.001,15.42,344.0,13972.0
2026-08-07 15:19:40.372,15419678,906286,58774632,39.998581,,1627.968,0x00,0x00,TEMPERATURE,1,0,OK,15.421,15.418,906.0,58.775,40.0,39.999,0.001,15.42,344.0,13972.0
2026-08-07 15:19:41.187,15419598,906281,58774616,39.998460,,1628.783,0x00,0x00,TEMPERATURE,1,0,OK,15.421,15.418,906.0,58.775,40.0,39.999,0.001,15.42,344.0,13972.0
2026-08-07 15:19:42.023,15419684,906286,58774640,39.998642,,1629.619,0x00,0x00,TEMPERATURE,1,0,OK,15.423,15.418,906.0,58.774,40.0,39.997,0.003,15.42,344.0,13972.0
2026-08-07 15:19:42.872,15419756,906291,58774656,39.998763,,1630.468,0x00,0x00,TEMPERATURE,1,0,OK,15.423,15.418,906.0,58.774,40.0,39.997,0.003,15.42,344.0,13972.0
2026-08-07 15:19:43.707,15419828,906295,58774664,39.998823,,1631.304,0x00,0x00,TEMPERATURE,1,0,OK,15.421,15.419,906.0,58.775,40.0,39.999,0.001,15.42,344.0,13974.0
2026-08-07 15:19:44.523,15419890,906299,58774664,39.998823,,1632.119,0x00,0x00,TEMPERATURE,1,0,OK,15.421,15.419,906.0,58.775,40.0,39.999,0.001,15.42,344.0,13974.0
2026-08-07 15:19:45.837,15419946,906302,58774668,39.998853,,1633.433,0x00,0x00,TEMPERATURE,1,0,OK,15.421,15.42,906.0,58.775,40.0,39.999,0.001,15.42,344.0,13976.0
2026-08-07 15:19:46.652,15420000,906306,58774672,39.998884,,1634.248,0x00,0x00,TEMPERATURE,1,0,OK,15.421,15.42,906.0,58.775,40.0,39.999,0.001,15.42,344.0,13976.0
2026-08-07 15:19:47.488,15420062,906310,58774712,39.999186,,1635.084,0x00,0x00,TEMPERATURE,1,0,OK,15.419,15.421,906.0,58.775,40.0,40.001,-0.001,15.42,344.0,13977.0
2026-08-07 15:19:48.372,15420126,906314,58774744,39.999428,,1635.968,0x00,0x00,TEMPERATURE,1,0,OK,15.419,15.421,906.0,58.775,40.0,40.001,-0.001,15.42,344.0,13977.0
2026-08-07 15:19:49.187,15420196,906318,58774764,39.999579,,1636.783,0x00,0x00,TEMPERATURE,1,0,OK,15.419,15.421,906.0,58.775,40.0,40.001,-0.001,15.42,344.0,13977.0
2026-08-07 15:19:50.022,15420092,906312,58774744,39.999428,,1637.619,0x00,0x00,TEMPERATURE,1,0,OK,15.418,15.421,906.0,58.775,40.0,40.002,-0.002,15.42,344.0,13977.0
2026-08-07 15:19:50.871,15420002,906306,58774724,39.999276,,1638.467,0x00,0x00,TEMPERATURE,1,0,OK,15.418,15.421,906.0,58.775,40.0,40.002,-0.002,15.42,344.0,13977.0
2026-08-07 15:19:51.707,15419914,906301,58774700,39.999095,,1639.303,0x00,0x00,TEMPERATURE,1,0,OK,15.42,15.42,906.0,58.775,40.0,39.999,0.001,15.42,344.0,13975.0
2026-08-07 15:19:52.522,15419834,906296,58774684,39.998974,,1640.118,0x00,0x00,TEMPERATURE,1,0,OK,15.42,15.42,906.0,58.775,40.0,39.999,0.001,15.42,344.0,13975.0
2026-08-07 15:19:53.835,15419904,906300,58774712,39.999186,,1641.432,0x00,0x00,TEMPERATURE,1,0,OK,15.421,15.419,906.0,58.775,40.0,39.998,0.002,15.42,344.0,13974.0
2026-08-07 15:19:54.651,15419972,906305,58774744,39.999428,,1642.247,0x00,0x00,TEMPERATURE,1,0,OK,15.421,15.419,906.0,58.775,40.0,39.998,0.002,15.42,344.0,13974.0
2026-08-07 15:19:55.486,15419860,906298,58774736,39.999367,,1643.083,0x00,0x00,TEMPERATURE,1,0,OK,15.418,15.42,906.0,58.775,40.0,40.002,-0.002,15.42,344.0,13976.0
2026-08-07 15:19:56.372,15419772,906293,58774732,39.999337,,1643.968,0x00,0x00,TEMPERATURE,1,0,OK,15.418,15.42,906.0,58.775,40.0,40.002,-0.002,15.42,344.0,13976.0
2026-08-07 15:19:57.186,15419682,906288,58774728,39.999307,,1644.783,0x00,0x00,TEMPERATURE,1,0,OK,15.418,15.42,906.0,58.775,40.0,40.002,-0.002,15.42,344.0,13976.0
2026-08-07 15:19:58.022,15419594,906283,58774732,39.999337,,1645.619,0x00,0x00,TEMPERATURE,1,0,OK,15.42,15.419,906.0,58.775,40.0,40.0,0.0,15.42,344.0,13973.0
2026-08-07 15:19:58.872,15419512,906278,58774732,39.999337,,1646.468,0x00,0x00,TEMPERATURE,1,0,OK,15.42,15.419,906.0,58.775,40.0,40.0,0.0,15.42,344.0,13973.0
2026-08-07 15:19:59.708,15419592,906283,58774772,39.999639,,1647.304,0x00,0x00,TEMPERATURE,1,0,OK,15.42,15.419,906.0,58.775,40.0,40.0,0.0,15.42,344.0,13973.0
2026-08-07 15:20:00.523,15419658,906288,58774812,39.999941,,1648.119,0x00,0x00,TEMPERATURE,1,0,OK,15.42,15.419,906.0,58.775,40.0,40.0,0.0,15.42,344.0,13973.0
2026-08-07 15:20:01.836,15419560,906282,58774816,39.999971,,1649.433,0x00,0x00,TEMPERATURE,1,0,OK,15.417,15.42,906.0,58.775,40.0,40.003,-0.003,15.42,344.0,13975.0
2026-08-07 15:20:02.651,15419460,906276,58774828,40.000062,,1650.248,0x00,0x00,TEMPERATURE,1,0,OK,15.417,15.42,906.0,58.775,40.0,40.003,-0.003,15.42,344.0,13975.0
2026-08-07 15:20:03.488,15419372,906271,58774832,40.000092,,1651.084,0x00,0x00,TEMPERATURE,1,0,OK,15.418,15.418,906.0,58.775,40.0,40.001,-0.001,15.419,344.0,13973.0
2026-08-07 15:20:04.371,15419282,906266,58774828,40.000062,,1651.968,0x00,0x00,TEMPERATURE,1,0,OK,15.418,15.418,906.0,58.775,40.0,40.001,-0.001,15.419,344.0,13973.0
2026-08-07 15:20:05.186,15419214,906261,58774796,39.999820,,1652.783,0x00,0x00,TEMPERATURE,1,0,OK,15.418,15.418,906.0,58.775,40.0,40.001,-0.001,15.419,344.0,13973.0
2026-08-07 15:20:06.023,15419322,906268,58774804,39.999881,,1653.619,0x00,0x00,TEMPERATURE,1,0,OK,15.421,15.418,906.0,58.775,40.0,39.998,0.002,15.42,344.0,13972.0
2026-08-07 15:20:06.872,15419430,906274,58774836,40.000123,,1654.468,0x00,0x00,TEMPERATURE,1,0,OK,15.421,15.418,906.0,58.775,40.0,39.998,0.002,15.42,344.0,13972.0
2026-08-07 15:20:07.707,15419524,906281,58774876,40.000425,,1655.304,0x00,0x00,TEMPERATURE,1,0,OK,15.418,15.42,906.0,58.775,40.0,40.001,-0.001,15.419,344.0,13974.0
2026-08-07 15:20:08.522,15419454,906276,58774860,40.000304,,1656.119,0x00,0x00,TEMPERATURE,1,0,OK,15.418,15.42,906.0,58.775,40.0,40.001,-0.001,15.419,344.0,13974.0
2026-08-07 15:20:09.837,15419368,906271,58774876,40.000425,,1657.433,0x00,0x00,TEMPERATURE,1,0,OK,15.417,15.419,906.0,58.775,40.0,40.002,-0.002,15.419,344.0,13974.0
2026-08-07 15:20:10.652,15419282,906266,58774880,40.000455,,1658.248,0x00,0x00,TEMPERATURE,1,0,OK,15.417,15.419,906.0,58.775,40.0,40.002,-0.002,15.419,344.0,13974.0
2026-08-07 15:20:11.488,15419212,906263,58774900,40.000606,,1659.084,0x00,0x00,TEMPERATURE,1,0,OK,15.416,15.418,906.0,58.775,40.0,40.003,-0.003,15.419,344.0,13973.0
2026-08-07 15:20:12.372,15419148,906259,58774916,40.000727,,1659.969,0x00,0x00,TEMPERATURE,1,0,OK,15.416,15.418,906.0,58.775,40.0,40.003,-0.003,15.419,344.0,13973.0
2026-08-07 15:20:13.188,15419088,906256,58774924,40.000787,,1660.784,0x00,0x00,TEMPERATURE,1,0,OK,15.416,15.418,906.0,58.775,40.0,40.003,-0.003,15.419,344.0,13973.0
2026-08-07 15:20:14.023,15419032,906253,58774924,40.000787,,1661.620,0x00,0x00,TEMPERATURE,1,0,OK,15.416,15.418,906.0,58.775,40.0,40.003,-0.003,15.419,344.0,13972.0
2026-08-07 15:20:14.872,15418816,906239,58774880,40.000455,,1662.469,0x00,0x00,TEMPERATURE,1,0,OK,15.416,15.418,906.0,58.775,40.0,40.003,-0.003,15.419,344.0,13972.0
2026-08-07 15:20:15.708,15418596,906226,58774860,40.000304,,1663.305,0x00,0x00,TEMPERATURE,1,0,OK,15.417,15.417,906.0,58.775,40.0,40.001,-0.001,15.418,344.0,13970.0
2026-08-07 15:20:16.523,15418392,906213,58774824,40.000032,,1664.120,0x00,0x00,TEMPERATURE,1,0,OK,15.417,15.417,906.0,58.775,40.0,40.001,-0.001,15.418,344.0,13970.0
2026-08-07 15:20:17.838,15418382,906213,58774820,40.000002,,1665.434,0x00,0x00,TEMPERATURE,1,0,OK,15.42,15.416,906.0,58.775,40.0,39.998,0.002,15.419,344.0,13968.0
2026-08-07 15:20:18.653,15418354,906211,58774836,40.000123,,1666.249,0x00,0x00,TEMPERATURE,1,0,OK,15.42,15.416,906.0,58.775,40.0,39.998,0.002,15.419,344.0,13968.0
2026-08-07 15:20:19.488,15418346,906211,58774864,40.000334,,1667.085,0x00,0x00,TEMPERATURE,1,0,OK,15.419,15.417,906.0,58.775,40.0,40.0,0.0,15.419,344.0,13970.0
2026-08-07 15:20:20.372,15418338,906211,58774884,40.000485,,1667.969,0x00,0x00,TEMPERATURE,1,0,OK,15.419,15.417,906.0,58.775,40.0,40.0,0.0,15.419,344.0,13970.0
2026-08-07 15:20:21.187,15418334,906211,58774908,40.000667,,1668.783,0x00,0x00,TEMPERATURE,1,0,OK,15.419,15.417,906.0,58.775,40.0,40.0,0.0,15.419,344.0,13970.0
2026-08-07 15:20:22.023,15418324,906211,58774920,40.000757,,1669.620,0x00,0x00,TEMPERATURE,1,0,OK,15.416,15.418,906.0,58.775,40.0,40.002,-0.002,15.418,344.0,13971.0
2026-08-07 15:20:22.871,15418300,906210,58774932,40.000848,,1670.468,0x00,0x00,TEMPERATURE,1,0,OK,15.416,15.418,906.0,58.775,40.0,40.002,-0.002,15.418,344.0,13971.0
2026-08-07 15:20:23.708,15418270,906208,58774924,40.000787,,1671.304,0x00,0x00,TEMPERATURE,1,0,OK,15.416,15.418,906.0,58.775,40.0,40.002,-0.002,15.418,344.0,13972.0
2026-08-07 15:20:24.522,15418264,906208,58774936,40.000878,,1672.119,0x00,0x00,TEMPERATURE,1,0,OK,15.416,15.418,906.0,58.775,40.0,40.002,-0.002,15.418,344.0,13972.0
2026-08-07 15:20:25.836,15418098,906197,58774908,40.000667,,1673.433,0x00,0x00,TEMPERATURE,1,0,OK,15.416,15.418,906.0,58.775,40.0,40.002,-0.002,15.418,344.0,13972.0
2026-08-07 15:20:26.651,15417954,906189,58774912,40.000697,,1674.248,0x00,0x00,TEMPERATURE,1,0,OK,15.416,15.418,906.0,58.775,40.0,40.002,-0.002,15.418,344.0,13972.0
2026-08-07 15:20:27.486,15417824,906181,58774908,40.000667,,1675.083,0x00,0x00,TEMPERATURE,1,0,OK,15.417,15.417,906.0,58.775,40.0,40.0,0.0,15.418,344.0,13969.0
2026-08-07 15:20:28.372,15417862,906184,58774936,40.000878,,1675.969,0x00,0x00,TEMPERATURE,1,0,OK,15.417,15.417,906.0,58.775,40.0,40.0,0.0,15.418,344.0,13969.0
2026-08-07 15:20:29.187,15417898,906187,58774972,40.001150,,1676.784,0x00,0x00,TEMPERATURE,1,0,OK,15.417,15.417,906.0,58.775,40.0,40.0,0.0,15.418,344.0,13969.0
2026-08-07 15:20:30.023,15417764,906178,58774964,40.001090,,1677.620,0x00,0x00,TEMPERATURE,1,0,OK,15.415,15.417,906.0,58.775,40.0,40.003,-0.003,15.418,344.0,13971.0
2026-08-07 15:20:30.871,15417644,906171,58774968,40.001120,,1678.468,0x00,0x00,TEMPERATURE,1,0,OK,15.415,15.417,906.0,58.775,40.0,40.003,-0.003,15.418,344.0,13971.0
2026-08-07 15:20:31.707,15417522,906165,58774976,40.001180,,1679.304,0x00,0x00,TEMPERATURE,1,0,OK,15.415,15.416,906.0,58.775,40.0,40.002,-0.002,15.418,344.0,13969.0
2026-08-07 15:20:32.522,15417414,906158,58774976,40.001180,,1680.119,0x00,0x00,TEMPERATURE,1,0,OK,15.415,15.416,906.0,58.775,40.0,40.002,-0.002,15.418,344.0,13969.0
2026-08-07 15:20:33.836,15417300,906152,58774992,40.001301,,1681.433,0x00,0x00,TEMPERATURE,1,0,OK,15.415,15.416,906.0,58.775,40.0,40.002,-0.002,15.417,344.0,13968.0
2026-08-07 15:20:34.651,15417188,906145,58775008,40.001422,,1682.248,0x00,0x00,TEMPERATURE,1,0,OK,15.415,15.416,906.0,58.775,40.0,40.002,-0.002,15.417,344.0,13968.0
2026-08-07 15:20:35.487,15417080,906140,58775044,40.001694,,1683.083,0x00,0x00,TEMPERATURE,1,0,OK,15.414,15.415,906.0,58.775,40.0,40.003,-0.003,15.417,344.0,13967.0
2026-08-07 15:20:36.372,15416984,906134,58775068,40.001875,,1683.969,0x00,0x00,TEMPERATURE,1,0,OK,15.414,15.415,906.0,58.775,40.0,40.003,-0.003,15.417,344.0,13967.0
2026-08-07 15:20:37.187,15416888,906129,58775108,40.002178,,1684.783,0x00,0x00,TEMPERATURE,1,0,OK,15.414,15.415,906.0,58.775,40.0,40.003,-0.003,15.417,344.0,13967.0
2026-08-07 15:20:38.023,15416630,906114,58775084,40.001996,,1685.619,0x00,0x00,TEMPERATURE,1,0,OK,15.411,15.415,906.0,58.775,40.0,40.005,-0.005,15.416,344.0,13967.0
2026-08-07 15:20:38.872,15416390,906099,58775044,40.001694,,1686.468,0x00,0x00,TEMPERATURE,1,0,OK,15.411,15.415,906.0,58.775,40.0,40.005,-0.005,15.416,344.0,13967.0
2026-08-07 15:20:39.708,15416168,906086,58775044,40.001694,,1687.304,0x00,0x00,TEMPERATURE,1,0,OK,15.414,15.414,906.0,58.775,40.0,40.002,-0.002,15.416,344.0,13964.0
2026-08-07 15:20:40.523,15415946,906073,58775020,40.001513,,1688.120,0x00,0x00,TEMPERATURE,1,0,OK,15.414,15.414,906.0,58.775,40.0,40.002,-0.002,15.416,344.0,13964.0
2026-08-07 15:20:41.837,15415908,906071,58775068,40.001875,,1689.434,0x00,0x00,TEMPERATURE,1,0,OK,15.415,15.413,906.0,58.775,40.0,40.002,-0.002,15.416,344.0,13963.0
2026-08-07 15:20:42.652,15415702,906059,58775076,40.001936,,1690.249,0x00,0x00,TEMPERATURE,1,0,OK,15.415,15.413,906.0,58.775,40.0,40.002,-0.002,15.416,344.0,13963.0
2026-08-07 15:20:43.488,15415502,906047,58775084,40.001996,,1691.084,0x00,0x00,TEMPERATURE,1,0,OK,15.412,15.413,906.0,58.775,40.0,40.004,-0.004,15.416,344.0,13963.0
2026-08-07 15:20:44.371,15415308,906036,58775088,40.002026,,1691.967,0x00,0x00,TEMPERATURE,1,0,OK,15.412,15.413,906.0,58.775,40.0,40.004,-0.004,15.416,344.0,13963.0
2026-08-07 15:20:45.186,15415126,906026,58775104,40.002147,,1692.782,0x00,0x00,TEMPERATURE,1,0,OK,15.412,15.413,906.0,58.775,40.0,40.004,-0.004,15.416,344.0,13963.0
2026-08-07 15:20:46.022,15414938,906015,58775124,40.002298,,1693.619,0x00,0x00,TEMPERATURE,1,0,OK,15.412,15.412,906.0,58.775,40.0,40.004,-0.004,15.415,344.0,13961.0
2026-08-07 15:20:46.871,15414762,906005,58775140,40.002419,,1694.467,0x00,0x00,TEMPERATURE,1,0,OK,15.412,15.412,906.0,58.775,40.0,40.004,-0.004,15.415,344.0,13961.0
2026-08-07 15:20:47.707,15414606,905996,58775148,40.002480,,1695.303,0x00,0x00,TEMPERATURE,1,0,OK,15.411,15.412,906.0,58.775,40.0,40.003,-0.003,15.415,344.0,13961.0
2026-08-07 15:20:48.522,15414464,905988,58775176,40.002691,,1696.119,0x00,0x00,TEMPERATURE,1,0,OK,15.411,15.412,906.0,58.775,40.0,40.003,-0.003,15.415,344.0,13961.0
2026-08-07 15:20:49.836,15414328,905980,58775212,40.002963,,1697.432,0x00,0x00,TEMPERATURE,1,0,OK,15.41,15.412,906.0,58.775,40.0,40.005,-0.005,15.415,344.0,13961.0
2026-08-07 15:20:50.651,15414206,905974,58775248,40.003235,,1698.247,0x00,0x00,TEMPERATURE,1,0,OK,15.41,15.412,906.0,58.775,40.0,40.005,-0.005,15.415,344.0,13961.0
2026-08-07 15:20:51.487,15413916,905957,58775252,40.003265,,1699.083,0x00,0x00,TEMPERATURE,1,0,OK,15.407,15.412,906.0,58.776,40.0,40.007,-0.007,15.414,344.0,13961.0
2026-08-07 15:20:52.372,15413634,905941,58775276,40.003447,,1699.968,0x00,0x00,TEMPERATURE,1,0,OK,15.407,15.412,906.0,58.776,40.0,40.007,-0.007,15.414,344.0,13961.0
2026-08-07 15:20:53.187,15413362,905925,58775292,40.003568,,1700.783,0x00,0x00,TEMPERATURE,1,0,OK,15.407,15.412,906.0,58.776,40.0,40.007,-0.007,15.414,344.0,13961.0
2026-08-07 15:20:54.023,15413096,905909,58775304,40.003658,,1701.619,0x00,0x00,TEMPERATURE,1,0,OK,15.407,15.41,906.0,58.776,40.0,40.006,-0.006,15.413,344.0,13957.0
2026-08-07 15:20:54.872,15412840,905894,58775304,40.003658,,1702.468,0x00,0x00,TEMPERATURE,1,0,OK,15.407,15.41,906.0,58.776,40.0,40.006,-0.006,15.413,344.0,13957.0
2026-08-07 15:20:55.708,15412594,905880,58775308,40.003689,,1703.304,0x00,0x00,TEMPERATURE,1,0,OK,15.407,15.409,906.0,58.776,40.0,40.006,-0.006,15.413,344.0,13955.0
2026-08-07 15:20:56.523,15412194,905856,58775252,40.003265,,1704.119,0x00,0x00,TEMPERATURE,1,0,OK,15.407,15.409,906.0,58.776,40.0,40.006,-0.006,15.413,344.0,13955.0
2026-08-07 15:20:57.837,15411980,905843,58775224,40.003054,,1705.433,0x00,0x00,TEMPERATURE,1,0,OK,15.41,15.408,906.0,58.775,40.0,40.002,-0.002,15.412,344.0,13953.0
2026-08-07 15:20:58.652,15411772,905830,58775228,40.003084,,1706.248,0x00,0x00,TEMPERATURE,1,0,OK,15.41,15.408,906.0,58.775,40.0,40.002,-0.002,15.412,344.0,13953.0
2026-08-07 15:20:59.488,15411586,905820,58775244,40.003205,,1707.084,0x00,0x00,TEMPERATURE,1,0,OK,15.409,15.408,906.0,58.775,40.0,40.003,-0.003,15.412,344.0,13953.0
2026-08-07 15:21:00.373,15411418,905810,58775252,40.003265,,1707.969,0x00,0x00,TEMPERATURE,1,0,OK,15.409,15.408,906.0,58.775,40.0,40.003,-0.003,15.412,344.0,13953.0
2026-08-07 15:21:01.188,15411266,905801,58775272,40.003417,,1708.784,0x00,0x00,TEMPERATURE,1,0,OK,15.409,15.408,906.0,58.775,40.0,40.003,-0.003,15.412,344.0,13953.0
2026-08-07 15:21:02.024,15411108,905792,58775276,40.003447,,1709.620,0x00,0x00,TEMPERATURE,1,0,OK,15.407,15.408,906.0,58.775,40.0,40.004,-0.004,15.412,344.0,13954.0
2026-08-07 15:21:02.873,15410970,905784,58775288,40.003537,,1710.469,0x00,0x00,TEMPERATURE,1,0,OK,15.407,15.408,906.0,58.775,40.0,40.004,-0.004,15.412,344.0,13954.0
2026-08-07 15:21:03.709,15410838,905777,58775304,40.003658,,1711.305,0x00,0x00,TEMPERATURE,1,0,OK,15.407,15.408,906.0,58.775,40.0,40.005,-0.005,15.411,344.0,13954.0
2026-08-07 15:21:04.524,15410712,905769,58775316,40.003749,,1712.120,0x00,0x00,TEMPERATURE,1,0,OK,15.407,15.408,906.0,58.775,40.0,40.005,-0.005,15.411,344.0,13954.0
2026-08-07 15:21:05.838,15410416,905752,58775292,40.003568,,1713.434,0x00,0x00,TEMPERATURE,1,0,OK,15.406,15.408,906.0,58.775,40.0,40.005,-0.005,15.411,344.0,13954.0
2026-08-07 15:21:06.653,15410134,905735,58775256,40.003296,,1714.249,0x00,0x00,TEMPERATURE,1,0,OK,15.406,15.408,906.0,58.775,40.0,40.005,-0.005,15.411,344.0,13954.0
2026-08-07 15:21:07.489,15410026,905728,58775268,40.003386,,1715.085,0x00,0x00,TEMPERATURE,1,0,OK,15.408,15.407,906.0,58.775,40.0,40.002,-0.002,15.41,344.0,13951.0
2026-08-07 15:21:08.371,15409930,905723,58775296,40.003598,,1715.967,0x00,0x00,TEMPERATURE,1,0,OK,15.408,15.407,906.0,58.775,40.0,40.002,-0.002,15.41,344.0,13951.0
2026-08-07 15:21:09.186,15409664,905707,58775272,40.003417,,1716.782,0x00,0x00,TEMPERATURE,1,0,OK,15.408,15.407,906.0,58.775,40.0,40.002,-0.002,15.41,344.0,13951.0
2026-08-07 15:21:10.021,15409414,905692,58775264,40.003356,,1717.618,0x00,0x00,TEMPERATURE,1,0,OK,15.406,15.407,906.0,58.775,40.0,40.004,-0.004,15.41,344.0,13951.0
2026-08-07 15:21:10.872,15409172,905678,58775252,40.003265,,1718.468,0x00,0x00,TEMPERATURE,1,0,OK,15.406,15.407,906.0,58.775,40.0,40.004,-0.004,15.41,344.0,13951.0
2026-08-07 15:21:11.708,15409120,905676,58775296,40.003598,,1719.304,0x00,0x00,TEMPERATURE,1,0,OK,15.407,15.406,905.0,58.775,40.0,40.003,-0.003,15.41,344.0,13950.0
2026-08-07 15:21:12.523,15408912,905663,58775292,40.003568,,1720.119,0x00,0x00,TEMPERATURE,1,0,OK,15.407,15.406,905.0,58.775,40.0,40.003,-0.003,15.41,344.0,13950.0
2026-08-07 15:21:13.837,15408724,905652,58775280,40.003477,,1721.433,0x00,0x00,TEMPERATURE,1,0,OK,15.405,15.406,905.0,58.775,40.0,40.005,-0.005,15.409,344.0,13950.0
2026-08-07 15:21:14.652,15408552,905642,58775264,40.003356,,1722.248,0x00,0x00,TEMPERATURE,1,0,OK,15.405,15.406,905.0,58.775,40.0,40.005,-0.005,15.409,344.0,13950.0
2026-08-07 15:21:15.488,15408376,905631,58775244,40.003205,,1723.084,0x00,0x00,TEMPERATURE,1,0,OK,15.406,15.406,905.0,58.775,40.0,40.003,-0.003,15.409,344.0,13949.0
2026-08-07 15:21:16.371,15408212,905621,58775220,40.003024,,1723.968,0x00,0x00,TEMPERATURE,1,0,OK,15.406,15.406,905.0,58.775,40.0,40.003,-0.003,15.409,344.0,13949.0
2026-08-07 15:21:17.186,15408232,905623,58775240,40.003175,,1724.783,0x00,0x00,TEMPERATURE,1,0,OK,15.406,15.406,905.0,58.775,40.0,40.003,-0.003,15.409,344.0,13949.0
2026-08-07 15:21:18.022,15408262,905625,58775264,40.003356,,1725.619,0x00,0x00,TEMPERATURE,1,0,OK,15.406,15.406,906.0,58.775,40.0,40.003,-0.003,15.409,344.0,13950.0
2026-08-07 15:21:18.872,15408114,905616,58775252,40.003265,,1726.469,0x00,0x00,TEMPERATURE,1,0,OK,15.406,15.406,906.0,58.775,40.0,40.003,-0.003,15.409,344.0,13950.0
2026-08-07 15:21:19.708,15407980,905608,58775248,40.003235,,1727.305,0x00,0x00,TEMPERATURE,1,0,OK,15.405,15.406,906.0,58.775,40.0,40.004,-0.004,15.408,344.0,13951.0
2026-08-07 15:21:20.524,15407850,905600,58775248,40.003235,,1728.120,0x00,0x00,TEMPERATURE,1,0,OK,15.405,15.406,906.0,58.775,40.0,40.004,-0.004,15.408,344.0,13951.0
2026-08-07 15:21:21.837,15407712,905592,58775244,40.003205,,1729.434,0x00,0x00,TEMPERATURE,1,0,OK,15.405,15.406,905.0,58.775,40.0,40.003,-0.003,15.408,344.0,13950.0
2026-08-07 15:21:22.652,15407584,905585,58775248,40.003235,,1730.249,0x00,0x00,TEMPERATURE,1,0,OK,15.405,15.406,905.0,58.775,40.0,40.003,-0.003,15.408,344.0,13950.0
2026-08-07 15:21:23.488,15407460,905577,58775252,40.003265,,1731.085,0x00,0x00,TEMPERATURE,1,0,OK,15.404,15.405,905.0,58.775,40.0,40.004,-0.004,15.408,344.0,13949.0
2026-08-07 15:21:24.372,15407344,905570,58775248,40.003235,,1731.969,0x00,0x00,TEMPERATURE,1,0,OK,15.404,15.405,905.0,58.775,40.0,40.004,-0.004,15.408,344.0,13949.0
2026-08-07 15:21:25.187,15407232,905564,58775264,40.003356,,1732.784,0x00,0x00,TEMPERATURE,1,0,OK,15.404,15.405,905.0,58.775,40.0,40.004,-0.004,15.408,344.0,13949.0
2026-08-07 15:21:26.023,15407126,905558,58775296,40.003598,,1733.620,0x00,0x00,TEMPERATURE,1,0,OK,15.403,15.405,905.0,58.775,40.0,40.004,-0.004,15.407,344.0,13949.0
2026-08-07 15:21:26.872,15407028,905553,58775300,40.003628,,1734.469,0x00,0x00,TEMPERATURE,1,0,OK,15.403,15.405,905.0,58.775,40.0,40.004,-0.004,15.407,344.0,13949.0
2026-08-07 15:21:27.708,15406764,905537,58775264,40.003356,,1735.305,0x00,0x00,TEMPERATURE,1,0,OK,15.402,15.405,905.0,58.775,40.0,40.005,-0.005,15.407,344.0,13949.0
2026-08-07 15:21:28.523,15406520,905522,58775240,40.003175,,1736.120,0x00,0x00,TEMPERATURE,1,0,OK,15.402,15.405,905.0,58.775,40.0,40.005,-0.005,15.407,344.0,13949.0
2026-08-07 15:21:29.837,15406298,905509,58775232,40.003114,,1737.434,0x00,0x00,TEMPERATURE,1,0,OK,15.404,15.404,905.0,58.775,40.0,40.002,-0.002,15.407,344.0,13946.0
2026-08-07 15:21:30.652,15406092,905496,58775212,40.002963,,1738.249,0x00,0x00,TEMPERATURE,1,0,OK,15.404,15.404,905.0,58.775,40.0,40.002,-0.002,15.407,344.0,13946.0
2026-08-07 15:21:31.488,15405888,905484,58775204,40.002903,,1739.085,0x00,0x00,TEMPERATURE,1,0,OK,15.404,15.403,905.0,58.775,40.0,40.002,-0.002,15.406,344.0,13944.0
2026-08-07 15:21:32.372,15405866,905484,58775256,40.003296,,1739.969,0x00,0x00,TEMPERATURE,1,0,OK,15.404,15.403,905.0,58.775,40.0,40.002,-0.002,15.406,344.0,13944.0
2026-08-07 15:21:33.187,15405686,905474,58775288,40.003537,,1740.784,0x00,0x00,TEMPERATURE,1,0,OK,15.404,15.403,905.0,58.775,40.0,40.002,-0.002,15.406,344.0,13944.0
2026-08-07 15:21:34.023,15405502,905463,58775304,40.003658,,1741.620,0x00,0x00,TEMPERATURE,1,0,OK,15.401,15.403,905.0,58.775,40.0,40.005,-0.005,15.406,344.0,13945.0
2026-08-07 15:21:34.873,15405330,905453,58775312,40.003719,,1742.470,0x00,0x00,TEMPERATURE,1,0,OK,15.401,15.403,905.0,58.775,40.0,40.005,-0.005,15.406,344.0,13945.0
2026-08-07 15:21:35.709,15405170,905444,58775324,40.003809,,1743.306,0x00,0x00,TEMPERATURE,1,0,OK,15.4,15.403,905.0,58.776,40.0,40.005,-0.005,15.405,344.0,13944.0
2026-08-07 15:21:36.524,15405014,905435,58775332,40.003870,,1744.121,0x00,0x00,TEMPERATURE,1,0,OK,15.4,15.403,905.0,58.776,40.0,40.005,-0.005,15.405,344.0,13944.0
2026-08-07 15:21:37.838,15404856,905426,58775344,40.003961,,1745.435,0x00,0x00,TEMPERATURE,1,0,OK,15.399,15.402,905.0,58.776,40.0,40.006,-0.006,15.405,344.0,13943.0
2026-08-07 15:21:38.653,15404540,905407,58775308,40.003689,,1746.250,0x00,0x00,TEMPERATURE,1,0,OK,15.399,15.402,905.0,58.776,40.0,40.006,-0.006,15.405,344.0,13943.0
2026-08-07 15:21:39.489,15404238,905389,58775288,40.003537,,1747.086,0x00,0x00,TEMPERATURE,1,0,OK,15.4,15.401,905.0,58.775,40.0,40.004,-0.004,15.404,344.0,13941.0
2026-08-07 15:21:40.372,15403958,905372,58775264,40.003356,,1747.969,0x00,0x00,TEMPERATURE,1,0,OK,15.4,15.401,905.0,58.775,40.0,40.004,-0.004,15.404,344.0,13941.0
2026-08-07 15:21:41.187,15403690,905356,58775252,40.003265,,1748.784,0x00,0x00,TEMPERATURE,1,0,OK,15.4,15.401,905.0,58.775,40.0,40.004,-0.004,15.404,344.0,13941.0
2026-08-07 15:21:42.023,15403440,905341,58775244,40.003205,,1749.620,0x00,0x00,TEMPERATURE,1,0,OK,15.401,15.4,905.0,58.775,40.0,40.003,-0.003,15.404,344.0,13939.0
2026-08-07 15:21:42.872,15403370,905337,58775280,40.003477,,1750.469,0x00,0x00,TEMPERATURE,1,0,OK,15.401,15.4,905.0,58.775,40.0,40.003,-0.003,15.404,344.0,13939.0
2026-08-07 15:21:43.708,15403300,905334,58775312,40.003719,,1751.305,0x00,0x00,TEMPERATURE,1,0,OK,15.4,15.4,905.0,58.775,40.0,40.004,-0.004,15.404,344.0,13939.0
2026-08-07 15:21:44.523,15403062,905319,58775292,40.003568,,1752.120,0x00,0x00,TEMPERATURE,1,0,OK,15.4,15.4,905.0,58.775,40.0,40.004,-0.004,15.404,344.0,13939.0
2026-08-07 15:21:45.837,15402846,905307,58775304,40.003658,,1753.434,0x00,0x00,TEMPERATURE,1,0,OK,15.399,15.4,905.0,58.775,40.0,40.004,-0.004,15.403,344.0,13939.0
2026-08-07 15:21:46.652,15402636,905295,58775320,40.003779,,1754.249,0x00,0x00,TEMPERATURE,1,0,OK,15.399,15.4,905.0,58.775,40.0,40.004,-0.004,15.403,344.0,13939.0
2026-08-07 15:21:47.488,15402440,905283,58775324,40.003809,,1755.085,0x00,0x00,TEMPERATURE,1,0,OK,15.398,15.399,905.0,58.775,40.0,40.005,-0.005,15.403,344.0,13938.0
2026-08-07 15:21:48.372,15402256,905273,58775344,40.003961,,1755.968,0x00,0x00,TEMPERATURE,1,0,OK,15.398,15.399,905.0,58.775,40.0,40.005,-0.005,15.403,344.0,13938.0
2026-08-07 15:21:49.187,15402076,905263,58775368,40.004142,,1756.784,0x00,0x00,TEMPERATURE,1,0,OK,15.398,15.399,905.0,58.775,40.0,40.005,-0.005,15.403,344.0,13938.0
2026-08-07 15:21:50.023,15401910,905253,58775396,40.004353,,1757.620,0x00,0x00,TEMPERATURE,1,0,OK,15.396,15.399,905.0,58.776,40.0,40.006,-0.006,15.402,344.0,13937.0
2026-08-07 15:21:50.872,15401758,905245,58775428,40.004595,,1758.469,0x00,0x00,TEMPERATURE,1,0,OK,15.396,15.399,905.0,58.776,40.0,40.006,-0.006,15.402,344.0,13937.0
2026-08-07 15:21:51.708,15401448,905227,58775420,40.004535,,1759.305,0x00,0x00,TEMPERATURE,1,0,OK,15.394,15.399,905.0,58.776,40.0,40.007,-0.007,15.401,344.0,13937.0
2026-08-07 15:21:52.523,15401144,905209,58775408,40.004444,,1760.120,0x00,0x00,TEMPERATURE,1,0,OK,15.394,15.399,905.0,58.776,40.0,40.007,-0.007,15.401,344.0,13937.0
2026-08-07 15:21:53.837,15400860,905192,58775432,40.004625,,1761.433,0x00,0x00,TEMPERATURE,1,0,OK,15.395,15.397,905.0,58.776,40.0,40.006,-0.006,15.401,344.0,13935.0
2026-08-07 15:21:54.652,15400590,905177,58775448,40.004746,,1762.249,0x00,0x00,TEMPERATURE,1,0,OK,15.395,15.397,905.0,58.776,40.0,40.006,-0.006,15.401,344.0,13935.0
2026-08-07 15:21:55.488,15400324,905161,58775456,40.004807,,1763.085,0x00,0x00,TEMPERATURE,1,0,OK,15.394,15.396,905.0,58.776,40.0,40.006,-0.006,15.4,344.0,13933.0
2026-08-07 15:21:56.371,15400072,905146,58775464,40.004867,,1763.968,0x00,0x00,TEMPERATURE,1,0,OK,15.394,15.396,905.0,58.776,40.0,40.006,-0.006,15.4,344.0,13933.0
2026-08-07 15:21:57.186,15399820,905132,58775484,40.005018,,1764.783,0x00,0x00,TEMPERATURE,1,0,OK,15.394,15.396,905.0,58.776,40.0,40.006,-0.006,15.4,344.0,13933.0
2026-08-07 15:21:58.022,15399422,905108,58775464,40.004867,,1765.619,0x00,0x00,TEMPERATURE,1,0,OK,15.393,15.396,905.0,58.776,40.0,40.007,-0.007,15.399,344.0,13931.0
2026-08-07 15:21:58.872,15399046,905086,58775432,40.004625,,1766.468,0x00,0x00,TEMPERATURE,1,0,OK,15.393,15.396,905.0,58.776,40.0,40.007,-0.007,15.399,344.0,13931.0
2026-08-07 15:21:59.708,15398686,905064,58775404,40.004414,,1767.304,0x00,0x00,TEMPERATURE,1,0,OK,15.395,15.394,905.0,58.775,40.0,40.004,-0.004,15.399,344.0,13928.0
2026-08-07 15:22:00.523,15398506,905054,58775420,40.004535,,1768.119,0x00,0x00,TEMPERATURE,1,0,OK,15.395,15.394,905.0,58.775,40.0,40.004,-0.004,15.399,344.0,13928.0
2026-08-07 15:22:01.837,15398334,905044,58775440,40.004686,,1769.433,0x00,0x00,TEMPERATURE,1,0,OK,15.395,15.394,905.0,58.775,40.0,40.004,-0.004,15.399,344.0,13928.0
2026-08-07 15:22:02.652,15398006,905024,58775420,40.004535,,1770.248,0x00,0x00,TEMPERATURE,1,0,OK,15.395,15.394,905.0,58.775,40.0,40.004,-0.004,15.399,344.0,13928.0
2026-08-07 15:22:03.488,15397690,905005,58775392,40.004323,,1771.084,0x00,0x00,TEMPERATURE,1,0,OK,15.394,15.394,905.0,58.775,40.0,40.005,-0.005,15.398,344.0,13928.0
2026-08-07 15:22:04.372,15397560,904998,58775400,40.004384,,1771.968,0x00,0x00,TEMPERATURE,1,0,OK,15.394,15.394,905.0,58.775,40.0,40.005,-0.005,15.398,344.0,13928.0
2026-08-07 15:22:05.187,15397434,904990,58775404,40.004414,,1772.783,0x00,0x00,TEMPERATURE,1,0,OK,15.394,15.394,905.0,58.775,40.0,40.005,-0.005,15.398,344.0,13928.0
2026-08-07 15:22:06.023,15397316,904984,58775408,40.004444,,1773.619,0x00,0x00,TEMPERATURE,1,0,OK,15.394,15.394,905.0,58.775,40.0,40.004,-0.004,15.398,344.0,13928.0
2026-08-07 15:22:06.872,15397032,904967,58775396,40.004353,,1774.468,0x00,0x00,TEMPERATURE,1,0,OK,15.394,15.394,905.0,58.775,40.0,40.004,-0.004,15.398,344.0,13928.0
2026-08-07 15:22:07.708,15396752,904950,58775376,40.004202,,1775.304,0x00,0x00,TEMPERATURE,1,0,OK,15.393,15.394,905.0,58.775,40.0,40.004,-0.004,15.397,344.0,13928.0
2026-08-07 15:22:08.523,15396492,904934,58775340,40.003930,,1776.119,0x00,0x00,TEMPERATURE,1,0,OK,15.393,15.394,905.0,58.775,40.0,40.004,-0.004,15.397,344.0,13928.0
2026-08-07 15:22:09.837,15396404,904929,58775364,40.004112,,1777.433,0x00,0x00,TEMPERATURE,1,0,OK,15.395,15.393,905.0,58.775,40.0,40.003,-0.003,15.397,344.0,13926.0
2026-08-07 15:22:10.652,15396326,904925,58775388,40.004293,,1778.248,0x00,0x00,TEMPERATURE,1,0,OK,15.395,15.393,905.0,58.775,40.0,40.003,-0.003,15.397,344.0,13926.0
2026-08-07 15:22:11.488,15396080,904910,58775360,40.004081,,1779.084,0x00,0x00,TEMPERATURE,1,0,OK,15.392,15.394,905.0,58.775,40.0,40.005,-0.005,15.397,344.0,13928.0
2026-08-07 15:22:12.372,15395850,904896,58775344,40.003961,,1779.968,0x00,0x00,TEMPERATURE,1,0,OK,15.392,15.394,905.0,58.775,40.0,40.005,-0.005,15.397,344.0,13928.0
2026-08-07 15:22:13.187,15395636,904884,58775332,40.003870,,1780.783,0x00,0x00,TEMPERATURE,1,0,OK,15.392,15.394,905.0,58.775,40.0,40.005,-0.005,15.397,344.0,13928.0
2026-08-07 15:22:14.023,15395432,904871,58775324,40.003809,,1781.619,0x00,0x00,TEMPERATURE,1,0,OK,15.392,15.393,905.0,58.775,40.0,40.004,-0.004,15.396,344.0,13926.0
2026-08-07 15:22:14.872,15395244,904861,58775332,40.003870,,1782.468,0x00,0x00,TEMPERATURE,1,0,OK,15.392,15.393,905.0,58.775,40.0,40.004,-0.004,15.396,344.0,13926.0
2026-08-07 15:22:15.708,15395074,904851,58775340,40.003930,,1783.304,0x00,0x00,TEMPERATURE,1,0,OK,15.392,15.392,905.0,58.775,40.0,40.004,-0.004,15.396,344.0,13925.0
2026-08-07 15:22:16.522,15394920,904842,58775356,40.004051,,1784.119,0x00,0x00,TEMPERATURE,1,0,OK,15.392,15.392,905.0,58.775,40.0,40.004,-0.004,15.396,344.0,13925.0
2026-08-07 15:22:17.837,15394776,904834,58775368,40.004142,,1785.433,0x00,0x00,TEMPERATURE,1,0,OK,15.39,15.392,905.0,58.776,40.0,40.005,-0.005,15.395,344.0,13925.0
2026-08-07 15:22:18.652,15394628,904825,58775372,40.004172,,1786.248,0x00,0x00,TEMPERATURE,1,0,OK,15.39,15.392,905.0,58.776,40.0,40.005,-0.005,15.395,344.0,13925.0
2026-08-07 15:22:19.487,15394470,904816,58775376,40.004202,,1787.084,0x00,0x00,TEMPERATURE,1,0,OK,15.39,15.392,905.0,58.775,40.0,40.005,-0.005,15.395,344.0,13925.0
2026-08-07 15:22:20.373,15394314,904807,58775376,40.004202,,1787.969,0x00,0x00,TEMPERATURE,1,0,OK,15.39,15.392,905.0,58.775,40.0,40.005,-0.005,15.395,344.0,13925.0
2026-08-07 15:22:21.187,15394168,904798,58775408,40.004444,,1788.784,0x00,0x00,TEMPERATURE,1,0,OK,15.39,15.392,905.0,58.775,40.0,40.005,-0.005,15.395,344.0,13925.0
2026-08-07 15:22:22.023,15394020,904790,58775420,40.004535,,1789.620,0x00,0x00,TEMPERATURE,1,0,OK,15.389,15.392,905.0,58.776,40.0,40.006,-0.006,15.394,344.0,13924.0
2026-08-07 15:22:22.872,15393724,904772,58775396,40.004353,,1790.468,0x00,0x00,TEMPERATURE,1,0,OK,15.389,15.392,905.0,58.776,40.0,40.006,-0.006,15.394,344.0,13924.0
2026-08-07 15:22:23.708,15393446,904755,58775364,40.004112,,1791.304,0x00,0x00,TEMPERATURE,1,0,OK,15.389,15.391,905.0,58.775,40.0,40.005,-0.005,15.394,344.0,13922.0
2026-08-07 15:22:24.522,15393200,904741,58775340,40.003930,,1792.119,0x00,0x00,TEMPERATURE,1,0,OK,15.389,15.391,905.0,58.775,40.0,40.005,-0.005,15.394,344.0,13922.0
2026-08-07 15:22:25.837,15392960,904726,58775316,40.003749,,1793.433,0x00,0x00,TEMPERATURE,1,0,OK,15.39,15.39,905.0,58.775,40.0,40.003,-0.003,15.394,344.0,13920.0
2026-08-07 15:22:26.652,15392888,904722,58775348,40.003991,,1794.248,0x00,0x00,TEMPERATURE,1,0,OK,15.39,15.39,905.0,58.775,40.0,40.003,-0.003,15.394,344.0,13920.0
2026-08-07 15:22:27.488,15392812,904718,58775368,40.004142,,1795.084,0x00,0x00,TEMPERATURE,1,0,OK,15.39,15.39,905.0,58.775,40.0,40.003,-0.003,15.393,344.0,13920.0
2026-08-07 15:22:28.373,15392562,904703,58775340,40.003930,,1795.969,0x00,0x00,TEMPERATURE,1,0,OK,15.39,15.39,905.0,58.775,40.0,40.003,-0.003,15.393,344.0,13920.0
2026-08-07 15:22:29.187,15392318,904689,58775328,40.003840,,1796.784,0x00,0x00,TEMPERATURE,1,0,OK,15.39,15.39,905.0,58.775,40.0,40.003,-0.003,15.393,344.0,13920.0
2026-08-07 15:22:30.024,15392102,904676,58775332,40.003870,,1797.620,0x00,0x00,TEMPERATURE,1,0,OK,15.389,15.389,904.0,58.775,40.0,40.004,-0.004,15.393,344.0,13919.0
2026-08-07 15:22:30.872,15391896,904664,58775336,40.003900,,1798.469,0x00,0x00,TEMPERATURE,1,0,OK,15.389,15.389,904.0,58.775,40.0,40.004,-0.004,15.393,344.0,13919.0
2026-08-07 15:22:31.709,15391706,904653,58775352,40.004021,,1799.305,0x00,0x00,TEMPERATURE,1,0,OK,15.388,15.389,904.0,58.775,40.0,40.005,-0.005,15.392,344.0,13919.0
2026-08-07 15:22:32.524,15391530,904643,58775348,40.003991,,1800.120,0x00,0x00,TEMPERATURE,1,0,OK,15.388,15.389,904.0,58.775,40.0,40.005,-0.005,15.392,344.0,13919.0
2026-08-07 15:22:33.838,15391382,904634,58775336,40.003900,,1801.434,0x00,0x00,TEMPERATURE,1,0,OK,15.388,15.388,904.0,58.775,40.0,40.004,-0.004,15.392,344.0,13918.0
2026-08-07 15:22:34.652,15391232,904625,58775336,40.003900,,1802.249,0x00,0x00,TEMPERATURE,1,0,OK,15.388,15.388,904.0,58.775,40.0,40.004,-0.004,15.392,344.0,13918.0
2026-08-07 15:22:35.489,15391090,904617,58775356,40.004051,,1803.085,0x00,0x00,TEMPERATURE,1,0,OK,15.387,15.388,904.0,58.775,40.0,40.004,-0.004,15.392,343.0,13918.0
2026-08-07 15:22:36.372,15390930,904607,58775364,40.004112,,1803.969,0x00,0x00,TEMPERATURE,1,0,OK,15.387,15.388,904.0,58.775,40.0,40.004,-0.004,15.392,343.0,13918.0
2026-08-07 15:22:37.188,15390776,904599,58775376,40.004202,,1804.784,0x00,0x00,TEMPERATURE,1,0,OK,15.387,15.388,904.0,58.775,40.0,40.004,-0.004,15.392,343.0,13918.0
2026-08-07 15:22:38.024,15390624,904590,58775372,40.004172,,1805.620,0x00,0x00,TEMPERATURE,1,0,OK,15.386,15.388,904.0,58.776,40.0,40.005,-0.005,15.391,343.0,13918.0
2026-08-07 15:22:38.872,15390486,904582,58775376,40.004202,,1806.469,0x00,0x00,TEMPERATURE,1,0,OK,15.386,15.388,904.0,58.776,40.0,40.005,-0.005,15.391,343.0,13918.0
2026-08-07 15:22:39.708,15390188,904563,58775328,40.003840,,1807.305,0x00,0x00,TEMPERATURE,1,0,OK,15.385,15.388,904.0,58.776,40.0,40.006,-0.006,15.39,343.0,13917.0
2026-08-07 15:22:40.523,15389892,904546,58775312,40.003719,,1808.120,0x00,0x00,TEMPERATURE,1,0,OK,15.385,15.388,904.0,58.776,40.0,40.006,-0.006,15.39,343.0,13917.0
2026-08-07 15:22:41.837,15389594,904528,58775312,40.003719,,1809.434,0x00,0x00,TEMPERATURE,1,0,OK,15.386,15.386,904.0,58.775,40.0,40.004,-0.004,15.39,343.0,13914.0
2026-08-07 15:22:42.652,15389472,904521,58775344,40.003961,,1810.249,0x00,0x00,TEMPERATURE,1,0,OK,15.386,15.386,904.0,58.775,40.0,40.004,-0.004,15.39,343.0,13914.0
2026-08-07 15:22:43.488,15389206,904506,58775328,40.003840,,1811.085,0x00,0x00,TEMPERATURE,1,0,OK,15.385,15.386,904.0,58.775,40.0,40.005,-0.005,15.39,343.0,13914.0
2026-08-07 15:22:44.372,15388958,904491,58775316,40.003749,,1811.969,0x00,0x00,TEMPERATURE,1,0,OK,15.385,15.386,904.0,58.775,40.0,40.005,-0.005,15.39,343.0,13914.0
2026-08-07 15:22:45.187,15388728,904478,58775328,40.003840,,1812.784,0x00,0x00,TEMPERATURE,1,0,OK,15.385,15.386,904.0,58.775,40.0,40.005,-0.005,15.39,343.0,13914.0
2026-08-07 15:22:46.023,15388518,904465,58775320,40.003779,,1813.620,0x00,0x00,TEMPERATURE,1,0,OK,15.385,15.385,904.0,58.775,40.0,40.004,-0.004,15.389,343.0,13912.0
2026-08-07 15:22:46.872,15388324,904454,58775324,40.003809,,1814.469,0x00,0x00,TEMPERATURE,1,0,OK,15.385,15.385,904.0,58.775,40.0,40.004,-0.004,15.389,343.0,13912.0
2026-08-07 15:22:47.708,15388142,904443,58775340,40.003930,,1815.305,0x00,0x00,TEMPERATURE,1,0,OK,15.385,15.385,904.0,58.775,40.0,40.003,-0.003,15.389,343.0,13912.0
2026-08-07 15:22:48.523,15387976,904434,58775360,40.004081,,1816.120,0x00,0x00,TEMPERATURE,1,0,OK,15.385,15.385,904.0,58.775,40.0,40.003,-0.003,15.389,343.0,13912.0
2026-08-07 15:22:49.837,15387814,904424,58775368,40.004142,,1817.434,0x00,0x00,TEMPERATURE,1,0,OK,15.384,15.385,904.0,58.775,40.0,40.005,-0.005,15.389,343.0,13912.0
2026-08-07 15:22:50.652,15387662,904416,58775392,40.004323,,1818.249,0x00,0x00,TEMPERATURE,1,0,OK,15.384,15.385,904.0,58.775,40.0,40.005,-0.005,15.389,343.0,13912.0
2026-08-07 15:22:51.488,15387528,904409,58775432,40.004625,,1819.085,0x00,0x00,TEMPERATURE,1,0,OK,15.382,15.385,904.0,58.776,40.0,40.006,-0.006,15.388,343.0,13912.0
2026-08-07 15:22:52.372,15387408,904402,58775428,40.004595,,1819.969,0x00,0x00,TEMPERATURE,1,0,OK,15.382,15.385,904.0,58.776,40.0,40.006,-0.006,15.388,343.0,13912.0
2026-08-07 15:22:53.187,15387290,904395,58775440,40.004686,,1820.784,0x00,0x00,TEMPERATURE,1,0,OK,15.382,15.385,904.0,58.776,40.0,40.006,-0.006,15.388,343.0,13912.0
2026-08-07 15:22:54.023,15387182,904389,58775452,40.004776,,1821.620,0x00,0x00,TEMPERATURE,1,0,OK,15.381,15.385,904.0,58.776,40.0,40.006,-0.006,15.387,343.0,13912.0
2026-08-07 15:22:54.872,15386886,904371,58775428,40.004595,,1822.469,0x00,0x00,TEMPERATURE,1,0,OK,15.381,15.385,904.0,58.776,40.0,40.006,-0.006,15.387,343.0,13912.0
2026-08-07 15:22:55.708,15386604,904354,58775404,40.004414,,1823.305,0x00,0x00,TEMPERATURE,1,0,OK,15.382,15.384,904.0,58.775,40.0,40.005,-0.005,15.387,343.0,13910.0
2026-08-07 15:22:56.523,15386344,904338,58775396,40.004353,,1824.120,0x00,0x00,TEMPERATURE,1,0,OK,15.382,15.384,904.0,58.775,40.0,40.005,-0.005,15.387,343.0,13910.0
2026-08-07 15:22:57.837,15386098,904323,58775348,40.003991,,1825.434,0x00,0x00,TEMPERATURE,1,0,OK,15.383,15.383,904.0,58.775,40.0,40.003,-0.003,15.386,343.0,13908.0
2026-08-07 15:22:58.652,15385874,904310,58775336,40.003900,,1826.249,0x00,0x00,TEMPERATURE,1,0,OK,15.383,15.383,904.0,58.775,40.0,40.003,-0.003,15.386,343.0,13908.0
2026-08-07 15:22:59.488,15385660,904297,58775332,40.003870,,1827.084,0x00,0x00,TEMPERATURE,1,0,OK,15.384,15.382,904.0,58.775,40.0,40.002,-0.002,15.386,343.0,13907.0
2026-08-07 15:23:00.372,15385638,904296,58775344,40.003961,,1827.969,0x00,0x00,TEMPERATURE,1,0,OK,15.384,15.382,904.0,58.775,40.0,40.002,-0.002,15.386,343.0,13907.0
2026-08-07 15:23:01.187,15385612,904295,58775380,40.004232,,1828.784,0x00,0x00,TEMPERATURE,1,0,OK,15.384,15.382,904.0,58.775,40.0,40.002,-0.002,15.386,343.0,13907.0
2026-08-07 15:23:02.023,15385400,904283,58775384,40.004263,,1829.619,0x00,0x00,TEMPERATURE,1,0,OK,15.381,15.383,904.0,58.775,40.0,40.005,-0.005,15.386,343.0,13909.0
2026-08-07 15:23:02.872,15385192,904271,58775404,40.004414,,1830.468,0x00,0x00,TEMPERATURE,1,0,OK,15.381,15.383,904.0,58.775,40.0,40.005,-0.005,15.386,343.0,13909.0
2026-08-07 15:23:03.708,15385002,904260,58775404,40.004414,,1831.305,0x00,0x00,TEMPERATURE,1,0,OK,15.38,15.383,904.0,58.776,40.0,40.006,-0.006,15.385,343.0,13908.0
2026-08-07 15:23:04.523,15384820,904249,58775404,40.004414,,1832.119,0x00,0x00,TEMPERATURE,1,0,OK,15.38,15.383,904.0,58.776,40.0,40.006,-0.006,15.385,343.0,13908.0
2026-08-07 15:23:05.837,15384630,904237,58775372,40.004172,,1833.433,0x00,0x00,TEMPERATURE,1,0,OK,15.38,15.382,904.0,58.775,40.0,40.005,-0.005,15.385,343.0,13907.0
2026-08-07 15:23:06.652,15384442,904226,58775356,40.004051,,1834.248,0x00,0x00,TEMPERATURE,1,0,OK,15.38,15.382,904.0,58.775,40.0,40.005,-0.005,15.385,343.0,13907.0
2026-08-07 15:23:07.488,15384270,904215,58775324,40.003809,,1835.085,0x00,0x00,TEMPERATURE,1,0,OK,15.382,15.381,904.0,58.775,40.0,40.002,-0.002,15.385,343.0,13905.0
2026-08-07 15:23:08.373,15384114,904206,58775296,40.003598,,1835.969,0x00,0x00,TEMPERATURE,1,0,OK,15.382,15.381,904.0,58.775,40.0,40.002,-0.002,15.385,343.0,13905.0
2026-08-07 15:23:09.188,15383968,904197,58775248,40.003235,,1836.784,0x00,0x00,TEMPERATURE,1,0,OK,15.382,15.381,904.0,58.775,40.0,40.002,-0.002,15.385,343.0,13905.0
2026-08-07 15:23:10.024,15383840,904188,58775212,40.002963,,1837.620,0x00,0x00,TEMPERATURE,1,0,OK,15.384,15.381,904.0,58.775,40.0,40.0,0.0,15.384,343.0,13905.0
2026-08-07 15:23:10.872,15383718,904181,58775188,40.002782,,1838.468,0x00,0x00,TEMPERATURE,1,0,OK,15.384,15.381,904.0,58.775,40.0,40.0,0.0,15.384,343.0,13905.0
2026-08-07 15:23:11.708,15383758,904184,58775204,40.002903,,1839.304,0x00,0x00,TEMPERATURE,1,0,OK,15.385,15.381,904.0,58.775,40.0,40.0,0.0,15.384,343.0,13905.0
2026-08-07 15:23:12.523,15383810,904187,58775240,40.003175,,1840.119,0x00,0x00,TEMPERATURE,1,0,OK,15.385,15.381,904.0,58.775,40.0,40.0,0.0,15.384,343.0,13905.0
2026-08-07 15:23:13.838,15383692,904180,58775240,40.003175,,1841.434,0x00,0x00,TEMPERATURE,1,0,OK,15.38,15.383,904.0,58.775,40.0,40.004,-0.004,15.384,343.0,13908.0
2026-08-07 15:23:14.653,15383586,904174,58775228,40.003084,,1842.249,0x00,0x00,TEMPERATURE,1,0,OK,15.38,15.383,904.0,58.775,40.0,40.004,-0.004,15.384,343.0,13908.0
2026-08-07 15:23:15.489,15383500,904169,58775232,40.003114,,1843.085,0x00,0x00,TEMPERATURE,1,0,OK,15.38,15.382,904.0,58.775,40.0,40.003,-0.003,15.384,343.0,13907.0
2026-08-07 15:23:16.372,15383412,904164,58775240,40.003175,,1843.968,0x00,0x00,TEMPERATURE,1,0,OK,15.38,15.382,904.0,58.775,40.0,40.003,-0.003,15.384,343.0,13907.0
2026-08-07 15:23:17.187,15383322,904158,58775240,40.003175,,1844.784,0x00,0x00,TEMPERATURE,1,0,OK,15.38,15.382,904.0,58.775,40.0,40.003,-0.003,15.384,343.0,13907.0
2026-08-07 15:23:18.023,15383242,904154,58775248,40.003235,,1845.619,0x00,0x00,TEMPERATURE,1,0,OK,15.38,15.382,904.0,58.775,40.0,40.003,-0.003,15.383,343.0,13906.0
2026-08-07 15:23:18.873,15383158,904149,58775256,40.003296,,1846.470,0x00,0x00,TEMPERATURE,1,0,OK,15.38,15.382,904.0,58.775,40.0,40.003,-0.003,15.383,343.0,13906.0
2026-08-07 15:23:19.709,15383080,904144,58775248,40.003235,,1847.305,0x00,0x00,TEMPERATURE,1,0,OK,15.38,15.382,904.0,58.775,40.0,40.004,-0.004,15.383,343.0,13906.0
2026-08-07 15:23:20.524,15383010,904140,58775248,40.003235,,1848.120,0x00,0x00,TEMPERATURE,1,0,OK,15.38,15.382,904.0,58.775,40.0,40.004,-0.004,15.383,343.0,13906.0
2026-08-07 15:23:21.838,15382788,904127,58775224,40.003054,,1849.434,0x00,0x00,TEMPERATURE,1,0,OK,15.38,15.382,904.0,58.775,40.0,40.003,-0.003,15.383,343.0,13906.0
2026-08-07 15:23:22.653,15382566,904113,58775200,40.002873,,1850.250,0x00,0x00,TEMPERATURE,1,0,OK,15.38,15.382,904.0,58.775,40.0,40.003,-0.003,15.383,343.0,13906.0
2026-08-07 15:23:23.488,15382516,904111,58775208,40.002933,,1851.085,0x00,0x00,TEMPERATURE,1,0,OK,15.381,15.38,904.0,58.775,40.0,40.001,-0.001,15.383,343.0,13903.0
2026-08-07 15:23:24.372,15382466,904108,58775220,40.003024,,1851.968,0x00,0x00,TEMPERATURE,1,0,OK,15.381,15.38,904.0,58.775,40.0,40.001,-0.001,15.383,343.0,13903.0
2026-08-07 15:23:25.186,15382410,904105,58775228,40.003084,,1852.783,0x00,0x00,TEMPERATURE,1,0,OK,15.381,15.38,904.0,58.775,40.0,40.001,-0.001,15.383,343.0,13903.0
2026-08-07 15:23:26.023,15382202,904092,58775204,40.002903,,1853.619,0x00,0x00,TEMPERATURE,1,0,OK,15.379,15.381,904.0,58.775,40.0,40.003,-0.003,15.382,343.0,13904.0
2026-08-07 15:23:26.873,15381992,904079,58775180,40.002722,,1854.469,0x00,0x00,TEMPERATURE,1,0,OK,15.379,15.381,904.0,58.775,40.0,40.003,-0.003,15.382,343.0,13904.0
2026-08-07 15:23:27.709,15381966,904078,58775184,40.002752,,1855.305,0x00,0x00,TEMPERATURE,1,0,OK,15.381,15.38,904.0,58.775,40.0,40.001,-0.001,15.382,343.0,13902.0
2026-08-07 15:23:28.523,15381952,904077,58775192,40.002812,,1856.120,0x00,0x00,TEMPERATURE,1,0,OK,15.381,15.38,904.0,58.775,40.0,40.001,-0.001,15.382,343.0,13902.0
2026-08-07 15:23:29.838,15381794,904067,58775156,40.002540,,1857.434,0x00,0x00,TEMPERATURE,1,0,OK,15.378,15.381,904.0,58.775,40.0,40.004,-0.004,15.382,343.0,13904.0
2026-08-07 15:23:30.653,15381646,904059,58775156,40.002540,,1858.249,0x00,0x00,TEMPERATURE,1,0,OK,15.378,15.381,904.0,58.775,40.0,40.004,-0.004,15.382,343.0,13904.0
2026-08-07 15:23:31.489,15381678,904061,58775184,40.002752,,1859.085,0x00,0x00,TEMPERATURE,1,0,OK,15.381,15.38,904.0,58.775,40.0,40.001,-0.001,15.382,343.0,13902.0
2026-08-07 15:23:32.373,15381514,904051,58775188,40.002782,,1859.969,0x00,0x00,TEMPERATURE,1,0,OK,15.381,15.38,904.0,58.775,40.0,40.001,-0.001,15.382,343.0,13902.0
2026-08-07 15:23:33.187,15381356,904042,58775176,40.002691,,1860.784,0x00,0x00,TEMPERATURE,1,0,OK,15.381,15.38,904.0,58.775,40.0,40.001,-0.001,15.382,343.0,13902.0
2026-08-07 15:23:34.023,15381210,904033,58775168,40.002631,,1861.620,0x00,0x00,TEMPERATURE,1,0,OK,15.379,15.379,904.0,58.775,40.0,40.003,-0.003,15.381,343.0,13902.0
2026-08-07 15:23:34.872,15381074,904025,58775168,40.002631,,1862.469,0x00,0x00,TEMPERATURE,1,0,OK,15.379,15.379,904.0,58.775,40.0,40.003,-0.003,15.381,343.0,13902.0
2026-08-07 15:23:35.709,15380946,904018,58775172,40.002661,,1863.305,0x00,0x00,TEMPERATURE,1,0,OK,15.379,15.379,904.0,58.775,40.0,40.003,-0.003,15.381,343.0,13901.0
2026-08-07 15:23:36.524,15380816,904010,58775164,40.002601,,1864.120,0x00,0x00,TEMPERATURE,1,0,OK,15.379,15.379,904.0,58.775,40.0,40.003,-0.003,15.381,343.0,13901.0
2026-08-07 15:23:37.837,15380712,904003,58775136,40.002389,,1865.434,0x00,0x00,TEMPERATURE,1,0,OK,15.379,15.379,904.0,58.775,40.0,40.002,-0.002,15.381,343.0,13901.0
2026-08-07 15:23:38.652,15380780,904008,58775152,40.002510,,1866.249,0x00,0x00,TEMPERATURE,1,0,OK,15.379,15.379,904.0,58.775,40.0,40.002,-0.002,15.381,343.0,13901.0
2026-08-07 15:23:39.488,15380852,904012,58775176,40.002691,,1867.085,0x00,0x00,TEMPERATURE,1,0,OK,15.379,15.38,904.0,58.775,40.0,40.001,-0.001,15.381,343.0,13902.0
2026-08-07 15:23:40.372,15380754,904006,58775164,40.002601,,1867.969,0x00,0x00,TEMPERATURE,1,0,OK,15.379,15.38,904.0,58.775,40.0,40.001,-0.001,15.381,343.0,13902.0
2026-08-07 15:23:41.188,15380648,904000,58775140,40.002419,,1868.784,0x00,0x00,TEMPERATURE,1,0,OK,15.379,15.38,904.0,58.775,40.0,40.001,-0.001,15.381,343.0,13902.0
2026-08-07 15:23:42.024,15380562,903994,58775116,40.002238,,1869.620,0x00,0x00,TEMPERATURE,1,0,OK,15.381,15.38,904.0,58.775,40.0,40.0,0.0,15.381,343.0,13902.0
2026-08-07 15:23:42.871,15380648,903999,58775112,40.002208,,1870.468,0x00,0x00,TEMPERATURE,1,0,OK,15.381,15.38,904.0,58.775,40.0,40.0,0.0,15.381,343.0,13902.0
2026-08-07 15:23:43.707,15380718,904004,58775140,40.002419,,1871.304,0x00,0x00,TEMPERATURE,1,0,OK,15.381,15.38,904.0,58.775,40.0,40.0,0.0,15.381,343.0,13903.0
2026-08-07 15:23:44.522,15380784,904008,58775172,40.002661,,1872.119,0x00,0x00,TEMPERATURE,1,0,OK,15.381,15.38,904.0,58.775,40.0,40.0,0.0,15.381,343.0,13903.0
2026-08-07 15:23:45.837,15380684,904002,58775180,40.002722,,1873.434,0x00,0x00,TEMPERATURE,1,0,OK,15.377,15.381,904.0,58.775,40.0,40.003,-0.003,15.381,343.0,13905.0
2026-08-07 15:23:46.652,15380576,903996,58775168,40.002631,,1874.249,0x00,0x00,TEMPERATURE,1,0,OK,15.377,15.381,904.0,58.775,40.0,40.003,-0.003,15.381,343.0,13905.0
2026-08-07 15:23:47.488,15380468,903990,58775172,40.002661,,1875.085,0x00,0x00,TEMPERATURE,1,0,OK,15.378,15.38,904.0,58.775,40.0,40.002,-0.002,15.38,343.0,13902.0
2026-08-07 15:23:48.372,15380348,903983,58775188,40.002782,,1875.969,0x00,0x00,TEMPERATURE,1,0,OK,15.378,15.38,904.0,58.775,40.0,40.002,-0.002,15.38,343.0,13902.0
2026-08-07 15:23:49.187,15380230,903976,58775176,40.002691,,1876.784,0x00,0x00,TEMPERATURE,1,0,OK,15.378,15.38,904.0,58.775,40.0,40.002,-0.002,15.38,343.0,13902.0
2026-08-07 15:23:50.023,15380114,903969,58775156,40.002540,,1877.620,0x00,0x00,TEMPERATURE,1,0,OK,15.378,15.379,904.0,58.775,40.0,40.002,-0.002,15.38,343.0,13901.0
2026-08-07 15:23:50.871,15380014,903962,58775124,40.002298,,1878.468,0x00,0x00,TEMPERATURE,1,0,OK,15.378,15.379,904.0,58.775,40.0,40.002,-0.002,15.38,343.0,13901.0
2026-08-07 15:23:51.707,15379918,903956,58775088,40.002026,,1879.304,0x00,0x00,TEMPERATURE,1,0,OK,15.379,15.378,904.0,58.775,40.0,40.0,0.0,15.38,343.0,13900.0
2026-08-07 15:23:52.522,15379818,903950,58775068,40.001875,,1880.119,0x00,0x00,TEMPERATURE,1,0,OK,15.379,15.378,904.0,58.775,40.0,40.0,0.0,15.38,343.0,13900.0
2026-08-07 15:23:53.836,15379730,903944,58775028,40.001573,,1881.433,0x00,0x00,TEMPERATURE,1,0,OK,15.38,15.378,904.0,58.775,40.0,40.0,0.0,15.38,343.0,13900.0
2026-08-07 15:23:54.651,15379632,903938,58774984,40.001241,,1882.248,0x00,0x00,TEMPERATURE,1,0,OK,15.38,15.378,904.0,58.775,40.0,40.0,0.0,15.38,343.0,13900.0
2026-08-07 15:23:55.487,15379700,903941,58774964,40.001090,,1883.084,0x00,0x00,TEMPERATURE,1,0,OK,15.383,15.378,904.0,58.774,40.0,39.997,0.003,15.38,343.0,13899.0
2026-08-07 15:23:56.372,15379772,903945,58774924,40.000787,,1883.969,0x00,0x00,TEMPERATURE,1,0,OK,15.383,15.378,904.0,58.774,40.0,39.997,0.003,15.38,343.0,13899.0
2026-08-07 15:23:57.187,15379838,903948,58774864,40.000334,,1884.784,0x00,0x00,TEMPERATURE,1,0,OK,15.383,15.378,904.0,58.774,40.0,39.997,0.003,15.38,343.0,13899.0
2026-08-07 15:23:58.023,15379894,903950,58774800,39.999851,,1885.620,0x00,0x00,TEMPERATURE,1,0,OK,15.385,15.38,904.0,58.774,40.0,39.995,0.005,15.381,343.0,13902.0
2026-08-07 15:23:58.871,15380114,903963,58774764,39.999579,,1886.468,0x00,0x00,TEMPERATURE,1,0,OK,15.385,15.38,904.0,58.774,40.0,39.995,0.005,15.381,343.0,13902.0
2026-08-07 15:23:59.707,15380334,903975,58774732,39.999337,,1887.304,0x00,0x00,TEMPERATURE,1,0,OK,15.387,15.381,904.0,58.774,40.0,39.994,0.006,15.381,343.0,13905.0
2026-08-07 15:24:00.522,15380538,903987,58774712,39.999186,,1888.119,0x00,0x00,TEMPERATURE,1,0,OK,15.387,15.381,904.0,58.774,40.0,39.994,0.006,15.381,343.0,13905.0
2026-08-07 15:24:01.836,15380906,904008,58774720,39.999246,,1889.432,0x00,0x00,TEMPERATURE,1,0,OK,15.387,15.383,904.0,58.774,40.0,39.994,0.006,15.382,343.0,13907.0
2026-08-07 15:24:02.651,15381252,904029,58774740,39.999397,,1890.247,0x00,0x00,TEMPERATURE,1,0,OK,15.387,15.383,904.0,58.774,40.0,39.994,0.006,15.382,343.0,13907.0
2026-08-07 15:24:03.486,15381578,904048,58774736,39.999367,,1891.083,0x00,0x00,TEMPERATURE,1,0,OK,15.384,15.386,904.0,58.775,40.0,39.998,0.002,15.382,343.0,13913.0
2026-08-07 15:24:04.371,15381904,904067,58774720,39.999246,,1891.968,0x00,0x00,TEMPERATURE,1,0,OK,15.384,15.386,904.0,58.775,40.0,39.998,0.002,15.382,343.0,13913.0
2026-08-07 15:24:05.186,15382042,904074,58774660,39.998793,,1892.783,0x00,0x00,TEMPERATURE,1,0,OK,15.384,15.386,904.0,58.775,40.0,39.998,0.002,15.382,343.0,13913.0
2026-08-07 15:24:06.022,15382168,904081,58774612,39.998430,,1893.619,0x00,0x00,TEMPERATURE,1,0,OK,15.386,15.386,904.0,58.774,40.0,39.996,0.004,15.382,343.0,13914.0
2026-08-07 15:24:06.872,15382456,904098,58774624,39.998521,,1894.469,0x00,0x00,TEMPERATURE,1,0,OK,15.386,15.386,904.0,58.774,40.0,39.996,0.004,15.382,343.0,13914.0
2026-08-07 15:24:07.708,15382728,904114,58774632,39.998581,,1895.305,0x00,0x00,TEMPERATURE,1,0,OK,15.387,15.386,904.0,58.774,40.0,39.996,0.004,15.383,343.0,13914.0
2026-08-07 15:24:08.523,15382978,904129,58774612,39.998430,,1896.119,0x00,0x00,TEMPERATURE,1,0,OK,15.387,15.386,904.0,58.774,40.0,39.996,0.004,15.383,343.0,13914.0
2026-08-07 15:24:09.837,15383194,904141,58774576,39.998158,,1897.434,0x00,0x00,TEMPERATURE,1,0,OK,15.387,15.387,904.0,58.774,40.0,39.996,0.004,15.383,343.0,13915.0
2026-08-07 15:24:10.652,15383402,904153,58774548,39.997947,,1898.248,0x00,0x00,TEMPERATURE,1,0,OK,15.387,15.387,904.0,58.774,40.0,39.996,0.004,15.383,343.0,13915.0
2026-08-07 15:24:11.488,15383614,904165,58774528,39.997796,,1899.085,0x00,0x00,TEMPERATURE,1,0,OK,15.389,15.387,904.0,58.774,40.0,39.994,0.006,15.384,343.0,13916.0
2026-08-07 15:24:12.372,15383810,904176,58774504,39.997614,,1899.968,0x00,0x00,TEMPERATURE,1,0,OK,15.389,15.387,904.0,58.774,40.0,39.994,0.006,15.384,343.0,13916.0
2026-08-07 15:24:13.187,15383990,904186,58774468,39.997342,,1900.783,0x00,0x00,TEMPERATURE,1,0,OK,15.389,15.387,904.0,58.774,40.0,39.994,0.006,15.384,343.0,13916.0
2026-08-07 15:24:14.023,15384156,904195,58774440,39.997131,,1901.619,0x00,0x00,TEMPERATURE,1,0,OK,15.391,15.387,904.0,58.774,40.0,39.994,0.006,15.384,344.0,13916.0
2026-08-07 15:24:14.872,15384322,904205,58774424,39.997010,,1902.468,0x00,0x00,TEMPERATURE,1,0,OK,15.391,15.387,904.0,58.774,40.0,39.994,0.006,15.384,344.0,13916.0
2026-08-07 15:24:15.708,15384642,904224,58774448,39.997191,,1903.304,0x00,0x00,TEMPERATURE,1,0,OK,15.391,15.387,904.0,58.774,40.0,39.994,0.006,15.385,344.0,13916.0
2026-08-07 15:24:16.523,15384946,904242,58774472,39.997373,,1904.120,0x00,0x00,TEMPERATURE,1,0,OK,15.391,15.387,904.0,58.774,40.0,39.994,0.006,15.385,344.0,13916.0
2026-08-07 15:24:17.837,15385052,904248,58774428,39.997040,,1905.434,0x00,0x00,TEMPERATURE,1,0,OK,15.387,15.389,904.0,58.775,40.0,39.998,0.002,15.385,344.0,13919.0
2026-08-07 15:24:18.652,15385162,904254,58774420,39.996980,,1906.248,0x00,0x00,TEMPERATURE,1,0,OK,15.387,15.389,904.0,58.775,40.0,39.998,0.002,15.385,344.0,13919.0
2026-08-07 15:24:19.488,15385262,904260,58774424,39.997010,,1907.084,0x00,0x00,TEMPERATURE,1,0,OK,15.388,15.388,904.0,58.774,40.0,39.997,0.003,15.385,344.0,13918.0
2026-08-07 15:24:20.372,15385358,904266,58774428,39.997040,,1907.968,0x00,0x00,TEMPERATURE,1,0,OK,15.388,15.388,904.0,58.774,40.0,39.997,0.003,15.385,344.0,13918.0
2026-08-07 15:24:21.187,15385614,904281,58774464,39.997312,,1908.784,0x00,0x00,TEMPERATURE,1,0,OK,15.388,15.388,904.0,58.774,40.0,39.997,0.003,15.385,344.0,13918.0
2026-08-07 15:24:22.023,15385700,904286,58774444,39.997161,,1909.619,0x00,0x00,TEMPERATURE,1,0,OK,15.388,15.388,904.0,58.775,40.0,39.998,0.002,15.386,344.0,13918.0
2026-08-07 15:24:22.871,15385958,904301,58774448,39.997191,,1910.467,0x00,0x00,TEMPERATURE,1,0,OK,15.388,15.388,904.0,58.775,40.0,39.998,0.002,15.386,344.0,13918.0
2026-08-07 15:24:23.707,15386206,904316,58774464,39.997312,,1911.303,0x00,0x00,TEMPERATURE,1,0,OK,15.389,15.389,904.0,58.774,40.0,39.997,0.003,15.386,344.0,13919.0
2026-08-07 15:24:24.522,15386284,904320,58774440,39.997131,,1912.119,0x00,0x00,TEMPERATURE,1,0,OK,15.389,15.389,904.0,58.774,40.0,39.997,0.003,15.386,344.0,13919.0
2026-08-07 15:24:25.836,15386526,904335,58774444,39.997161,,1913.432,0x00,0x00,TEMPERATURE,1,0,OK,15.39,15.389,904.0,58.774,40.0,39.996,0.004,15.386,344.0,13919.0
2026-08-07 15:24:26.651,15386764,904349,58774452,39.997221,,1914.247,0x00,0x00,TEMPERATURE,1,0,OK,15.39,15.389,904.0,58.774,40.0,39.996,0.004,15.386,344.0,13919.0
2026-08-07 15:24:27.486,15386818,904351,58774424,39.997010,,1915.082,0x00,0x00,TEMPERATURE,1,0,OK,15.389,15.39,905.0,58.775,40.0,39.998,0.002,15.387,344.0,13921.0
2026-08-07 15:24:28.800,15386868,904354,58774416,39.996949,,1916.396,0x00,0x00,TEMPERATURE,1,0,OK,15.389,15.39,905.0,58.775,40.0,39.998,0.002,15.387,344.0,13921.0
2026-08-07 15:24:29.636,15387094,904368,58774424,39.997010,,1917.232,0x00,0x00,TEMPERATURE,1,0,OK,15.392,15.389,904.0,58.774,40.0,39.995,0.005,15.387,344.0,13919.0
2026-08-07 15:24:30.451,15387290,904379,58774424,39.997010,,1918.047,0x00,0x00,TEMPERATURE,1,0,OK,15.392,15.389,904.0,58.774,40.0,39.995,0.005,15.387,344.0,13919.0
2026-08-07 15:24:31.786,15387474,904390,58774428,39.997040,,1919.382,0x00,0x00,TEMPERATURE,1,0,OK,15.391,15.39,905.0,58.774,40.0,39.997,0.003,15.387,344.0,13921.0
2026-08-07 15:24:32.601,15387642,904400,58774420,39.996980,,1920.197,0x00,0x00,TEMPERATURE,1,0,OK,15.391,15.39,905.0,58.774,40.0,39.997,0.003,15.387,344.0,13921.0
2026-08-07 15:24:33.435,15387776,904408,58774420,39.996980,,1921.032,0x00,0x00,TEMPERATURE,1,0,OK,15.391,15.39,905.0,58.774,40.0,39.997,0.003,15.388,344.0,13922.0
2026-08-07 15:24:34.750,15387910,904416,58774440,39.997131,,1922.346,0x00,0x00,TEMPERATURE,1,0,OK,15.391,15.39,905.0,58.774,40.0,39.997,0.003,15.388,344.0,13922.0
2026-08-07 15:24:35.586,15388050,904425,58774472,39.997373,,1923.182,0x00,0x00,TEMPERATURE,1,0,OK,15.39,15.39,905.0,58.775,40.0,39.998,0.002,15.388,344.0,13922.0
2026-08-07 15:24:36.401,15388182,904433,58774492,39.997524,,1923.997,0x00,0x00,TEMPERATURE,1,0,OK,15.39,15.39,905.0,58.775,40.0,39.998,0.002,15.388,344.0,13922.0
2026-08-07 15:24:37.216,15388314,904441,58774496,39.997554,,1924.812,0x00,0x00,TEMPERATURE,1,0,OK,15.39,15.39,905.0,58.775,40.0,39.998,0.002,15.388,344.0,13922.0
2026-08-07 15:24:38.052,15388422,904447,58774496,39.997554,,1925.648,0x00,0x00,TEMPERATURE,1,0,OK,15.39,15.391,905.0,58.775,40.0,39.999,0.001,15.388,344.0,13922.0
2026-08-07 15:24:38.872,15388514,904452,58774496,39.997554,,1926.468,0x00,0x00,TEMPERATURE,1,0,OK,15.39,15.391,905.0,58.775,40.0,39.999,0.001,15.388,344.0,13922.0
2026-08-07 15:24:39.708,15388592,904457,58774480,39.997433,,1927.304,0x00,0x00,TEMPERATURE,1,0,OK,15.391,15.39,905.0,58.775,40.0,39.998,0.002,15.388,344.0,13922.0
2026-08-07 15:24:40.523,15388660,904460,58774456,39.997252,,1928.119,0x00,0x00,TEMPERATURE,1,0,OK,15.391,15.39,905.0,58.775,40.0,39.998,0.002,15.388,344.0,13922.0
2026-08-07 15:24:41.836,15388726,904463,58774424,39.997010,,1929.433,0x00,0x00,TEMPERATURE,1,0,OK,15.392,15.39,905.0,58.774,40.0,39.996,0.004,15.389,344.0,13921.0
2026-08-07 15:24:42.652,15388792,904467,58774380,39.996678,,1930.248,0x00,0x00,TEMPERATURE,1,0,OK,15.392,15.39,905.0,58.774,40.0,39.996,0.004,15.389,344.0,13921.0
2026-08-07 15:24:43.487,15388862,904470,58774352,39.996466,,1931.083,0x00,0x00,TEMPERATURE,1,0,OK,15.394,15.39,905.0,58.774,40.0,39.995,0.005,15.389,344.0,13921.0
2026-08-07 15:24:44.373,15389110,904485,58774380,39.996678,,1931.969,0x00,0x00,TEMPERATURE,1,0,OK,15.394,15.39,905.0,58.774,40.0,39.995,0.005,15.389,344.0,13921.0
2026-08-07 15:24:45.188,15389350,904499,58774376,39.996647,,1932.784,0x00,0x00,TEMPERATURE,1,0,OK,15.394,15.39,905.0,58.774,40.0,39.995,0.005,15.389,344.0,13921.0
2026-08-07 15:24:46.023,15389570,904512,58774380,39.996678,,1933.620,0x00,0x00,TEMPERATURE,1,0,OK,15.394,15.392,905.0,58.774,40.0,39.996,0.004,15.39,344.0,13924.0
2026-08-07 15:24:46.892,15389784,904525,58774396,39.996798,,1934.489,0x00,0x00,TEMPERATURE,1,0,OK,15.394,15.392,905.0,58.774,40.0,39.996,0.004,15.39,344.0,13924.0
2026-08-07 15:24:47.728,15389970,904536,58774408,39.996889,,1935.325,0x00,0x00,TEMPERATURE,1,0,OK,15.393,15.393,905.0,58.774,40.0,39.997,0.003,15.39,344.0,13926.0
2026-08-07 15:24:48.543,15390142,904546,58774400,39.996829,,1936.140,0x00,0x00,TEMPERATURE,1,0,OK,15.393,15.393,905.0,58.774,40.0,39.997,0.003,15.39,344.0,13926.0
2026-08-07 15:24:49.437,15390314,904556,58774392,39.996768,,1937.033,0x00,0x00,TEMPERATURE,1,0,OK,15.393,15.393,905.0,58.774,40.0,39.997,0.003,15.39,344.0,13926.0
2026-08-07 15:24:50.750,15390478,904566,58774384,39.996708,,1938.347,0x00,0x00,TEMPERATURE,1,0,OK,15.393,15.393,905.0,58.774,40.0,39.997,0.003,15.39,344.0,13926.0
2026-08-07 15:24:51.586,15390636,904574,58774340,39.996375,,1939.183,0x00,0x00,TEMPERATURE,1,0,OK,15.395,15.393,905.0,58.774,40.0,39.996,0.004,15.391,344.0,13927.0
2026-08-07 15:24:52.401,15390774,904582,58774296,39.996043,,1939.998,0x00,0x00,TEMPERATURE,1,0,OK,15.395,15.393,905.0,58.774,40.0,39.996,0.004,15.391,344.0,13927.0
2026-08-07 15:24:53.217,15390916,904590,58774264,39.995801,,1940.813,0x00,0x00,TEMPERATURE,1,0,OK,15.395,15.393,905.0,58.774,40.0,39.996,0.004,15.391,344.0,13927.0
2026-08-07 15:24:54.053,15391238,904609,58774292,39.996013,,1941.649,0x00,0x00,TEMPERATURE,1,0,OK,15.398,15.394,905.0,58.774,40.0,39.993,0.007,15.391,344.0,13927.0
2026-08-07 15:24:54.872,15391546,904627,58774308,39.996134,,1942.469,0x00,0x00,TEMPERATURE,1,0,OK,15.398,15.394,905.0,58.774,40.0,39.993,0.007,15.391,344.0,13927.0
2026-08-07 15:24:55.708,15391826,904644,58774316,39.996194,,1943.305,0x00,0x00,TEMPERATURE,1,0,OK,15.396,15.395,905.0,58.774,40.0,39.996,0.004,15.392,344.0,13930.0
2026-08-07 15:24:56.523,15392090,904659,58774268,39.995831,,1944.120,0x00,0x00,TEMPERATURE,1,0,OK,15.396,15.395,905.0,58.774,40.0,39.996,0.004,15.392,344.0,13930.0
2026-08-07 15:24:57.837,15392344,904673,58774236,39.995590,,1945.434,0x00,0x00,TEMPERATURE,1,0,OK,15.398,15.396,905.0,58.774,40.0,39.994,0.006,15.392,344.0,13932.0
2026-08-07 15:24:58.652,15392588,904687,58774212,39.995408,,1946.249,0x00,0x00,TEMPERATURE,1,0,OK,15.398,15.396,905.0,58.774,40.0,39.994,0.006,15.392,344.0,13932.0
2026-08-07 15:24:59.488,15392812,904700,58774196,39.995287,,1947.085,0x00,0x00,TEMPERATURE,1,0,OK,15.399,15.397,905.0,58.774,40.0,39.994,0.006,15.393,344.0,13933.0
2026-08-07 15:25:00.372,15393190,904723,58774224,39.995499,,1947.969,0x00,0x00,TEMPERATURE,1,0,OK,15.399,15.397,905.0,58.774,40.0,39.994,0.006,15.393,344.0,13933.0
2026-08-07 15:25:01.187,15393546,904744,58774252,39.995710,,1948.784,0x00,0x00,TEMPERATURE,1,0,OK,15.399,15.397,905.0,58.774,40.0,39.994,0.006,15.393,344.0,13933.0
2026-08-07 15:25:02.023,15393892,904765,58774292,39.996013,,1949.620,0x00,0x00,TEMPERATURE,1,0,OK,15.398,15.398,905.0,58.774,40.0,39.996,0.004,15.394,344.0,13936.0
2026-08-07 15:25:02.872,15394064,904775,58774264,39.995801,,1950.469,0x00,0x00,TEMPERATURE,1,0,OK,15.398,15.398,905.0,58.774,40.0,39.996,0.004,15.394,344.0,13936.0
2026-08-07 15:25:03.708,15394222,904784,58774232,39.995559,,1951.305,0x00,0x00,TEMPERATURE,1,0,OK,15.398,15.398,905.0,58.774,40.0,39.996,0.004,15.394,344.0,13936.0
2026-08-07 15:25:04.523,15394542,904803,58774252,39.995710,,1952.120,0x00,0x00,TEMPERATURE,1,0,OK,15.398,15.398,905.0,58.774,40.0,39.996,0.004,15.394,344.0,13936.0
2026-08-07 15:25:05.837,15394854,904821,58774252,39.995710,,1953.434,0x00,0x00,TEMPERATURE,1,0,OK,15.399,15.399,905.0,58.774,40.0,39.995,0.005,15.394,344.0,13937.0
2026-08-07 15:25:06.652,15394962,904827,58774224,39.995499,,1954.249,0x00,0x00,TEMPERATURE,1,0,OK,15.399,15.399,905.0,58.774,40.0,39.995,0.005,15.394,344.0,13937.0
2026-08-07 15:25:07.487,15395224,904842,58774236,39.995590,,1955.084,0x00,0x00,TEMPERATURE,1,0,OK,15.401,15.399,905.0,58.774,40.0,39.994,0.006,15.395,344.0,13937.0
2026-08-07 15:25:08.372,15395468,904857,58774232,39.995559,,1955.969,0x00,0x00,TEMPERATURE,1,0,OK,15.401,15.399,905.0,58.774,40.0,39.994,0.006,15.395,344.0,13937.0
2026-08-07 15:25:09.187,15395692,904870,58774220,39.995469,,1956.784,0x00,0x00,TEMPERATURE,1,0,OK,15.401,15.399,905.0,58.774,40.0,39.994,0.006,15.395,344.0,13937.0
2026-08-07 15:25:10.023,15395900,904882,58774188,39.995227,,1957.619,0x00,0x00,TEMPERATURE,1,0,OK,15.401,15.4,905.0,58.774,40.0,39.994,0.006,15.396,344.0,13938.0
2026-08-07 15:25:10.872,15396102,904893,58774156,39.994985,,1958.469,0x00,0x00,TEMPERATURE,1,0,OK,15.401,15.4,905.0,58.774,40.0,39.994,0.006,15.396,344.0,13938.0
2026-08-07 15:25:11.708,15396294,904904,58774132,39.994804,,1959.305,0x00,0x00,TEMPERATURE,1,0,OK,15.404,15.4,905.0,58.774,40.0,39.992,0.008,15.396,344.0,13938.0
2026-08-07 15:25:12.523,15396482,904914,58774084,39.994441,,1960.120,0x00,0x00,TEMPERATURE,1,0,OK,15.404,15.4,905.0,58.774,40.0,39.992,0.008,15.396,344.0,13938.0
2026-08-07 15:25:13.837,15396834,904935,58774096,39.994532,,1961.434,0x00,0x00,TEMPERATURE,1,0,OK,15.406,15.4,905.0,58.774,40.0,39.991,0.009,15.397,344.0,13938.0
2026-08-07 15:25:14.652,15397174,904955,58774112,39.994653,,1962.249,0x00,0x00,TEMPERATURE,1,0,OK,15.406,15.4,905.0,58.774,40.0,39.991,0.009,15.397,344.0,13938.0
2026-08-07 15:25:15.488,15397500,904975,58774156,39.994985,,1963.084,0x00,0x00,TEMPERATURE,1,0,OK,15.403,15.402,905.0,58.774,40.0,39.995,0.005,15.398,344.0,13943.0
2026-08-07 15:25:16.372,15397812,904994,58774192,39.995257,,1963.969,0x00,0x00,TEMPERATURE,1,0,OK,15.403,15.402,905.0,58.774,40.0,39.995,0.005,15.398,344.0,13943.0
2026-08-07 15:25:17.187,15398106,905012,58774240,39.995620,,1964.784,0x00,0x00,TEMPERATURE,1,0,OK,15.403,15.402,905.0,58.774,40.0,39.995,0.005,15.398,344.0,13943.0
2026-08-07 15:25:18.023,15398388,905029,58774256,39.995741,,1965.620,0x00,0x00,TEMPERATURE,1,0,OK,15.399,15.403,905.0,58.775,40.0,39.999,0.001,15.398,344.0,13944.0
2026-08-07 15:25:18.872,15398652,905045,58774276,39.995892,,1966.468,0x00,0x00,TEMPERATURE,1,0,OK,15.399,15.403,905.0,58.775,40.0,39.999,0.001,15.398,344.0,13944.0
2026-08-07 15:25:19.708,15398722,905048,58774248,39.995680,,1967.304,0x00,0x00,TEMPERATURE,1,0,OK,15.4,15.403,905.0,58.775,40.0,39.998,0.002,15.398,344.0,13945.0
2026-08-07 15:25:20.523,15398800,905052,58774176,39.995136,,1968.119,0x00,0x00,TEMPERATURE,1,0,OK,15.4,15.403,905.0,58.775,40.0,39.998,0.002,15.398,344.0,13945.0
2026-08-07 15:25:21.837,15399036,905066,58774168,39.995076,,1969.433,0x00,0x00,TEMPERATURE,1,0,OK,15.404,15.402,905.0,58.774,40.0,39.994,0.006,15.398,344.0,13942.0
2026-08-07 15:25:22.652,15399260,905079,58774164,39.995046,,1970.248,0x00,0x00,TEMPERATURE,1,0,OK,15.404,15.402,905.0,58.774,40.0,39.994,0.006,15.398,344.0,13942.0
2026-08-07 15:25:23.488,15399474,905091,58774168,39.995076,,1971.085,0x00,0x00,TEMPERATURE,1,0,OK,15.405,15.403,905.0,58.774,40.0,39.994,0.006,15.399,344.0,13944.0
2026-08-07 15:25:24.372,15399680,905103,58774164,39.995046,,1971.968,0x00,0x00,TEMPERATURE,1,0,OK,15.405,15.403,905.0,58.774,40.0,39.994,0.006,15.399,344.0,13944.0
