timestamp,I_nA,V_uV,R_uOhm,chip_temp_C,note,elapsed_s,current_adc_status,voltage_adc_status,control_mode,control_enabled,control_fault,control_status,target_current_mA,measured_current_mA,measured_voltage_mV,measured_resistance_ohm,target_temp_C,measured_temp_C,temperature_error_C,temperature_integral_mA,drive_mV,power_uW
2026-08-05 10:27:12.883,299868,44985,150015888,1180.075923,,0.133,0x00,0x00,CURRENT,1,0,OK,0.3,0.3,45.0,149.993,,1179.832,,,1.0,14.0
2026-08-05 10:27:13.129,299572,44939,150009264,1180.005976,,0.379,0x00,0x00,CURRENT,1,0,OK,0.3,0.3,45.0,149.993,,1179.832,,,1.0,14.0
2026-08-05 10:27:13.445,299359,44904,150001616,1179.925216,,0.695,0x00,0x00,CURRENT,1,0,OK,0.3,0.3,45.0,149.993,,1179.832,,,1.0,14.0
2026-08-05 10:27:13.648,300010,45003,150003568,1179.945828,,0.898,0x00,0x00,CURRENT,1,0,OK,0.3,0.3,45.0,150.006,,1179.972,,,1.0,13.0
2026-08-05 10:27:13.845,300535,45079,149994384,1179.848848,,1.095,0x00,0x00,CURRENT,1,0,OK,0.3,0.3,45.0,150.006,,1179.972,,,1.0,13.0
2026-08-05 10:27:14.129,300100,45016,150002064,1179.929946,,1.379,0x00,0x00,CURRENT,1,0,OK,0.3,0.3,45.0,150.006,,1179.972,,,1.0,13.0
2026-08-05 10:27:14.444,299746,44965,150009360,1180.006990,,1.694,0x00,0x00,CURRENT,1,0,OK,0.3,0.3,45.0,150.006,,1179.972,,,1.0,13.0
2026-08-05 10:27:14.644,299517,44930,150008144,1179.994149,,1.894,0x00,0x00,CURRENT,1,0,OK,0.3,0.3,45.0,150.006,,1179.972,,,1.0,13.0
2026-08-05 10:27:14.844,299336,44902,150005920,1179.970664,,2.093,0x00,0x00,CURRENT,1,0,OK,0.3,0.3,45.0,150.006,,1179.972,,,1.0,13.0
2026-08-05 10:27:15.129,300030,45004,149998608,1179.893452,,2.379,0x00,0x00,CURRENT,1,0,OK,0.3,0.3,45.0,150.006,,1179.972,,,1.0,13.0
2026-08-05 10:27:15.445,300616,45091,149994912,1179.854424,,2.694,0x00,0x00,CURRENT,1,0,OK,0.3,0.3,45.0,150.006,,1179.972,,,1.0,13.0
2026-08-05 10:27:15.648,300179,45024,149991168,1179.814888,,2.898,0x00,0x00,CURRENT,1,0,OK,0.3,0.3,45.0,149.974,,1179.636,,,1.0,14.0
2026-08-05 10:27:15.844,299824,44974,150002816,1179.937887,,3.094,0x00,0x00,CURRENT,1,0,OK,0.3,0.3,45.0,149.974,,1179.636,,,1.0,14.0
2026-08-05 10:27:16.129,299501,44928,150010144,1180.015268,,3.379,0x00,0x00,CURRENT,1,0,OK,0.3,0.3,45.0,149.974,,1179.636,,,1.0,14.0
2026-08-05 10:27:16.445,299250,44888,150003328,1179.943294,,3.695,0x00,0x00,CURRENT,1,0,OK,0.3,0.3,45.0,149.974,,1179.636,,,1.0,14.0
2026-08-05 10:27:16.644,299891,44987,150010528,1180.019323,,3.894,0x00,0x00,CURRENT,1,0,OK,0.3,0.3,45.0,149.974,,1179.636,,,1.0,14.0
2026-08-05 10:27:16.844,300465,45069,149996736,1179.873684,,4.094,0x00,0x00,CURRENT,1,0,OK,0.3,0.3,45.0,149.974,,1179.636,,,1.0,14.0
2026-08-05 10:27:17.129,300839,45123,149990944,1179.812523,,4.379,0x00,0x00,CURRENT,1,0,OK,0.3,0.3,45.0,149.974,,1179.636,,,1.0,14.0
2026-08-05 10:27:17.445,301130,45167,149990928,1179.812354,,4.694,0x00,0x00,CURRENT,1,0,OK,0.3,0.3,45.0,149.974,,1179.636,,,1.0,14.0
2026-08-05 10:27:17.648,300518,45076,149995520,1179.860844,,4.898,0x00,0x00,CURRENT,1,0,OK,0.3,0.301,45.0,149.987,,1179.771,,,1.0,14.0
2026-08-05 10:27:17.844,300040,45005,149997296,1179.879598,,5.094,0x00,0x00,CURRENT,1,0,OK,0.3,0.301,45.0,149.987,,1179.771,,,1.0,14.0
2026-08-05 10:27:18.129,299710,44954,149992640,1179.830432,,5.379,0x00,0x00,CURRENT,1,0,OK,0.3,0.301,45.0,149.987,,1179.771,,,1.0,14.0
2026-08-05 10:27:18.444,299453,44919,150002800,1179.937718,,5.694,0x00,0x00,CURRENT,1,0,OK,0.3,0.301,45.0,149.987,,1179.771,,,1.0,14.0
2026-08-05 10:27:18.644,299270,44891,150000256,1179.910854,,5.894,0x00,0x00,CURRENT,1,0,OK,0.3,0.301,45.0,149.987,,1179.771,,,1.0,14.0
2026-08-05 10:27:18.845,299086,44863,150001728,1179.926398,,6.095,0x00,0x00,CURRENT,1,0,OK,0.3,0.301,45.0,149.987,,1179.771,,,1.0,14.0
2026-08-05 10:27:19.129,299041,44857,150001568,1179.924709,,6.379,0x00,0x00,CURRENT,1,0,OK,0.3,0.301,45.0,149.987,,1179.771,,,1.0,14.0
2026-08-05 10:27:19.445,298970,44847,150005152,1179.962555,,6.695,0x00,0x00,CURRENT,1,0,OK,0.3,0.301,45.0,149.987,,1179.771,,,1.0,14.0
2026-08-05 10:27:19.648,299783,44969,150005472,1179.965934,,6.898,0x00,0x00,CURRENT,1,0,OK,0.3,0.299,45.0,149.995,,1179.853,,,1.0,13.0
2026-08-05 10:27:19.844,300393,45059,149999248,1179.900210,,7.094,0x00,0x00,CURRENT,1,0,OK,0.3,0.299,45.0,149.995,,1179.853,,,1.0,13.0
2026-08-05 10:27:20.129,300842,45127,150003216,1179.942111,,7.379,0x00,0x00,CURRENT,1,0,OK,0.3,0.299,45.0,149.995,,1179.853,,,1.0,13.0
2026-08-05 10:27:20.445,301178,45178,150004208,1179.952586,,7.695,0x00,0x00,CURRENT,1,0,OK,0.3,0.299,45.0,149.995,,1179.853,,,1.0,13.0
2026-08-05 10:27:20.645,300601,45091,150004112,1179.951573,,7.895,0x00,0x00,CURRENT,1,0,OK,0.3,0.299,45.0,149.995,,1179.853,,,1.0,13.0
2026-08-05 10:27:20.845,300177,45026,149998896,1179.896493,,8.095,0x00,0x00,CURRENT,1,0,OK,0.3,0.299,45.0,149.995,,1179.853,,,1.0,13.0
2026-08-05 10:27:21.129,299831,44977,150007440,1179.986715,,8.379,0x00,0x00,CURRENT,1,0,OK,0.3,0.299,45.0,149.995,,1179.853,,,1.0,13.0
2026-08-05 10:27:21.445,299563,44934,149999088,1179.898521,,8.695,0x00,0x00,CURRENT,1,0,OK,0.3,0.299,45.0,149.995,,1179.853,,,1.0,13.0
2026-08-05 10:27:21.648,299370,44907,150005104,1179.962048,,8.898,0x00,0x00,CURRENT,1,0,OK,0.3,0.3,45.0,150.008,,1179.988,,,1.0,13.0
2026-08-05 10:27:21.845,299254,44886,149991616,1179.819619,,9.095,0x00,0x00,CURRENT,1,0,OK,0.3,0.3,45.0,150.008,,1179.988,,,1.0,13.0
2026-08-05 10:27:22.129,299102,44866,150002224,1179.931636,,9.379,0x00,0x00,CURRENT,1,0,OK,0.3,0.3,45.0,150.008,,1179.988,,,1.0,13.0
2026-08-05 10:27:22.444,299053,44856,149994448,1179.849524,,9.694,0x00,0x00,CURRENT,1,0,OK,0.3,0.3,45.0,150.008,,1179.988,,,1.0,13.0
2026-08-05 10:27:22.644,299818,44969,149988544,1179.787180,,9.893,0x00,0x00,CURRENT,1,0,OK,0.3,0.3,45.0,150.008,,1179.988,,,1.0,13.0
2026-08-05 10:27:22.844,300438,45064,149993696,1179.841583,,10.094,0x00,0x00,CURRENT,1,0,OK,0.3,0.3,45.0,150.008,,1179.988,,,1.0,13.0
2026-08-05 10:27:23.129,300912,45131,149980976,1179.707264,,10.378,0x00,0x00,CURRENT,1,0,OK,0.3,0.3,45.0,150.008,,1179.988,,,1.0,13.0
2026-08-05 10:27:23.445,301268,45185,149983872,1179.737845,,10.695,0x00,0x00,CURRENT,1,0,OK,0.3,0.3,45.0,150.008,,1179.988,,,1.0,13.0
2026-08-05 10:27:23.648,300640,45093,149988352,1179.785152,,10.898,0x00,0x00,CURRENT,1,0,OK,0.3,0.301,45.0,150.008,,1179.993,,,1.0,14.0
2026-08-05 10:27:23.844,300160,45021,149991408,1179.817423,,11.094,0x00,0x00,CURRENT,1,0,OK,0.3,0.301,45.0,150.008,,1179.993,,,1.0,14.0
2026-08-05 10:27:24.129,299847,44975,149993824,1179.842935,,11.378,0x00,0x00,CURRENT,1,0,OK,0.3,0.301,45.0,150.008,,1179.993,,,1.0,14.0
2026-08-05 10:27:24.444,299639,44941,149984640,1179.745955,,11.694,0x00,0x00,CURRENT,1,0,OK,0.3,0.301,45.0,150.008,,1179.993,,,1.0,14.0
2026-08-05 10:27:24.644,299465,44915,149984064,1179.739872,,11.894,0x00,0x00,CURRENT,1,0,OK,0.3,0.301,45.0,150.008,,1179.993,,,1.0,14.0
2026-08-05 10:27:24.845,299288,44890,149989024,1179.792248,,12.094,0x00,0x00,CURRENT,1,0,OK,0.3,0.301,45.0,150.008,,1179.993,,,1.0,14.0
2026-08-05 10:27:25.129,300013,44999,149989616,1179.798500,,12.379,0x00,0x00,CURRENT,1,0,OK,0.3,0.301,45.0,150.008,,1179.993,,,1.0,14.0
2026-08-05 10:27:25.445,300575,45085,149995168,1179.857127,,12.694,0x00,0x00,CURRENT,1,0,OK,0.3,0.301,45.0,150.008,,1179.993,,,1.0,14.0
2026-08-05 10:27:25.648,300092,45012,149994384,1179.848848,,12.898,0x00,0x00,CURRENT,1,0,OK,0.3,0.3,45.0,150.001,,1179.923,,,1.0,14.0
2026-08-05 10:27:25.845,299740,44958,149989136,1179.793431,,13.095,0x00,0x00,CURRENT,1,0,OK,0.3,0.3,45.0,150.001,,1179.923,,,1.0,14.0
2026-08-05 10:27:26.129,300352,45055,150006624,1179.978098,,13.379,0x00,0x00,CURRENT,1,0,OK,0.3,0.3,45.0,150.001,,1179.923,,,1.0,14.0
2026-08-05 10:27:26.445,300876,45130,149997072,1179.877232,,13.695,0x00,0x00,CURRENT,1,0,OK,0.3,0.3,45.0,150.001,,1179.923,,,1.0,14.0
2026-08-05 10:27:26.645,300374,45058,150007712,1179.989587,,13.895,0x00,0x00,CURRENT,1,0,OK,0.3,0.3,45.0,150.001,,1179.923,,,1.0,14.0
2026-08-05 10:27:26.844,300026,45008,150012688,1180.042132,,14.094,0x00,0x00,CURRENT,1,0,OK,0.3,0.3,45.0,150.001,,1179.923,,,1.0,14.0
2026-08-05 10:27:27.129,299718,44963,150017312,1180.090960,,14.379,0x00,0x00,CURRENT,1,0,OK,0.3,0.3,45.0,150.001,,1179.923,,,1.0,14.0
2026-08-05 10:27:27.445,299487,44926,150009312,1180.006483,,14.695,0x00,0x00,CURRENT,1,0,OK,0.3,0.3,45.0,150.001,,1179.923,,,1.0,14.0
2026-08-05 10:27:27.648,299351,44904,150003568,1179.945828,,14.898,0x00,0x00,CURRENT,1,0,OK,0.3,0.3,45.0,150.004,,1179.948,,,1.0,13.0
2026-08-05 10:27:27.844,299230,44885,150000128,1179.909503,,15.094,0x00,0x00,CURRENT,1,0,OK,0.3,0.3,45.0,150.004,,1179.948,,,1.0,13.0
2026-08-05 10:27:28.129,300016,45002,149999504,1179.902914,,15.379,0x00,0x00,CURRENT,1,0,OK,0.3,0.3,45.0,150.004,,1179.948,,,1.0,13.0
2026-08-05 10:27:28.445,300605,45087,149987136,1179.772312,,15.695,0x00,0x00,CURRENT,1,0,OK,0.3,0.3,45.0,150.004,,1179.948,,,1.0,13.0
2026-08-05 10:27:28.643,300227,45029,149984256,1179.741900,,15.892,0x00,0x00,CURRENT,1,0,OK,0.3,0.3,45.0,150.004,,1179.948,,,1.0,13.0
2026-08-05 10:27:28.845,299878,44981,149996272,1179.868785,,16.095,0x00,0x00,CURRENT,1,0,OK,0.3,0.3,45.0,150.004,,1179.948,,,1.0,13.0
2026-08-05 10:27:29.129,299607,44942,150002992,1179.939746,,16.378,0x00,0x00,CURRENT,1,0,OK,0.3,0.3,45.0,150.004,,1179.948,,,1.0,13.0
2026-08-05 10:27:29.445,299385,44909,150002416,1179.933663,,16.694,0x00,0x00,CURRENT,1,0,OK,0.3,0.3,45.0,150.004,,1179.948,,,1.0,13.0
2026-08-05 10:27:29.648,300076,45011,149998288,1179.890073,,16.898,0x00,0x00,CURRENT,1,0,OK,0.3,0.3,45.0,150.001,,1179.919,,,1.0,13.0
2026-08-05 10:27:29.844,300567,45089,150014160,1180.057676,,17.094,0x00,0x00,CURRENT,1,0,OK,0.3,0.3,45.0,150.001,,1179.919,,,1.0,13.0
2026-08-05 10:27:30.129,300114,45022,150017600,1180.094001,,17.379,0x00,0x00,CURRENT,1,0,OK,0.3,0.3,45.0,150.001,,1179.919,,,1.0,13.0
2026-08-05 10:27:30.444,299840,44979,150009456,1180.008003,,17.694,0x00,0x00,CURRENT,1,0,OK,0.3,0.3,45.0,150.001,,1179.919,,,1.0,13.0
2026-08-05 10:27:30.644,300436,45067,150005216,1179.963230,,17.894,0x00,0x00,CURRENT,1,0,OK,0.3,0.3,45.0,150.001,,1179.919,,,1.0,13.0
2026-08-05 10:27:30.844,300874,45134,150011168,1180.026082,,18.094,0x00,0x00,CURRENT,1,0,OK,0.3,0.3,45.0,150.001,,1179.919,,,1.0,13.0
2026-08-05 10:27:31.129,300391,45060,150004496,1179.955627,,18.379,0x00,0x00,CURRENT,1,0,OK,0.3,0.3,45.0,150.001,,1179.919,,,1.0,13.0
2026-08-05 10:27:31.445,299982,44999,150005856,1179.969989,,18.695,0x00,0x00,CURRENT,1,0,OK,0.3,0.3,45.0,150.001,,1179.919,,,1.0,13.0
2026-08-05 10:27:31.648,299685,44956,150010704,1180.021182,,18.898,0x00,0x00,CURRENT,1,0,OK,0.3,0.3,45.0,150.012,,1180.034,,,1.0,14.0
2026-08-05 10:27:31.844,299546,44932,149999248,1179.900210,,19.094,0x00,0x00,CURRENT,1,0,OK,0.3,0.3,45.0,150.012,,1180.034,,,1.0,14.0
2026-08-05 10:27:32.129,299358,44904,149999760,1179.905617,,19.379,0x00,0x00,CURRENT,1,0,OK,0.3,0.3,45.0,150.012,,1180.034,,,1.0,14.0
2026-08-05 10:27:32.445,299217,44883,150000128,1179.909503,,19.694,0x00,0x00,CURRENT,1,0,OK,0.3,0.3,45.0,150.012,,1180.034,,,1.0,14.0
2026-08-05 10:27:32.644,299997,45000,150003168,1179.941604,,19.894,0x00,0x00,CURRENT,1,0,OK,0.3,0.3,45.0,150.012,,1180.034,,,1.0,14.0
2026-08-05 10:27:32.845,300544,45084,150008160,1179.994318,,20.095,0x00,0x00,CURRENT,1,0,OK,0.3,0.3,45.0,150.012,,1180.034,,,1.0,14.0
2026-08-05 10:27:33.129,300181,45026,149996080,1179.866757,,20.379,0x00,0x00,CURRENT,1,0,OK,0.3,0.3,45.0,150.012,,1180.034,,,1.0,14.0
2026-08-05 10:27:33.445,299816,44975,150007680,1179.989249,,20.695,0x00,0x00,CURRENT,1,0,OK,0.3,0.3,45.0,150.012,,1180.034,,,1.0,14.0
2026-08-05 10:27:33.648,300427,45067,150009680,1180.010369,,20.898,0x00,0x00,CURRENT,1,0,OK,0.3,0.3,45.0,150.02,,1180.118,,,1.0,13.0
2026-08-05 10:27:33.844,300914,45135,149994256,1179.847496,,21.094,0x00,0x00,CURRENT,1,0,OK,0.3,0.3,45.0,150.02,,1180.118,,,1.0,13.0
2026-08-05 10:27:34.129,300449,45065,149992288,1179.826715,,21.379,0x00,0x00,CURRENT,1,0,OK,0.3,0.3,45.0,150.02,,1180.118,,,1.0,13.0
2026-08-05 10:27:34.444,300091,45011,149990480,1179.807623,,21.693,0x00,0x00,CURRENT,1,0,OK,0.3,0.3,45.0,150.02,,1180.118,,,1.0,13.0
2026-08-05 10:27:34.644,299795,44968,149996624,1179.872502,,21.894,0x00,0x00,CURRENT,1,0,OK,0.3,0.3,45.0,150.02,,1180.118,,,1.0,13.0
2026-08-05 10:27:34.844,299591,44939,149999408,1179.901900,,22.094,0x00,0x00,CURRENT,1,0,OK,0.3,0.3,45.0,150.02,,1180.118,,,1.0,13.0
2026-08-05 10:27:35.129,299467,44920,150000464,1179.913051,,22.379,0x00,0x00,CURRENT,1,0,OK,0.3,0.3,45.0,150.02,,1180.118,,,1.0,13.0
2026-08-05 10:27:35.444,299345,44900,149994256,1179.847496,,22.694,0x00,0x00,CURRENT,1,0,OK,0.3,0.3,45.0,150.02,,1180.118,,,1.0,13.0
2026-08-05 10:27:35.648,299189,44879,150002832,1179.938056,,22.898,0x00,0x00,CURRENT,1,0,OK,0.3,0.3,45.0,149.994,,1179.846,,,1.0,13.0
2026-08-05 10:27:35.844,299118,44870,150007920,1179.991784,,23.094,0x00,0x00,CURRENT,1,0,OK,0.3,0.3,45.0,149.994,,1179.846,,,1.0,13.0
2026-08-05 10:27:36.129,299950,44994,150005488,1179.966103,,23.379,0x00,0x00,CURRENT,1,0,OK,0.3,0.3,45.0,149.994,,1179.846,,,1.0,13.0
2026-08-05 10:27:36.445,300556,45083,149999072,1179.898352,,23.695,0x00,0x00,CURRENT,1,0,OK,0.3,0.3,45.0,149.994,,1179.846,,,1.0,13.0
2026-08-05 10:27:36.643,300992,45149,150000080,1179.908996,,23.892,0x00,0x00,CURRENT,1,0,OK,0.3,0.3,45.0,149.994,,1179.846,,,1.0,13.0
2026-08-05 10:27:36.843,301318,45198,150000816,1179.916768,,24.093,0x00,0x00,CURRENT,1,0,OK,0.3,0.3,45.0,149.994,,1179.846,,,1.0,13.0
2026-08-05 10:27:37.129,300771,45115,149999344,1179.901224,,24.379,0x00,0x00,CURRENT,1,0,OK,0.3,0.3,45.0,149.994,,1179.846,,,1.0,13.0
2026-08-05 10:27:37.444,300324,45049,150001440,1179.923357,,24.694,0x00,0x00,CURRENT,1,0,OK,0.3,0.3,45.0,149.994,,1179.846,,,1.0,13.0
2026-08-05 10:27:37.648,299960,44993,149998048,1179.887539,,24.897,0x00,0x00,CURRENT,1,0,OK,0.3,0.3,45.0,149.999,,1179.894,,,1.0,14.0
2026-08-05 10:27:37.843,299650,44946,149995696,1179.862702,,25.093,0x00,0x00,CURRENT,1,0,OK,0.4,0.3,45.0,149.999,,1179.894,,,1.0,14.0
2026-08-05 10:27:38.054,319113,47863,149986816,1179.768932,,25.304,0x00,0x00,CURRENT,1,0,OK,0.4,0.3,45.0,149.999,,1179.894,,,1.0,14.0
2026-08-05 10:27:38.244,319076,47859,149992176,1179.825532,,25.493,0x00,0x00,CURRENT,1,0,OK,0.4,0.3,45.0,149.999,,1179.894,,,1.0,14.0
2026-08-05 10:27:38.444,319076,47858,149989600,1179.798331,,25.694,0x00,0x00,CURRENT,1,0,OK,0.4,0.3,45.0,149.999,,1179.894,,,1.0,14.0
2026-08-05 10:27:38.644,323298,48489,149983536,1179.734297,,25.894,0x00,0x00,CURRENT,1,0,OK,0.4,0.3,45.0,149.999,,1179.894,,,1.0,14.0
2026-08-05 10:27:38.845,326455,48964,149987008,1179.770960,,26.094,0x00,0x00,CURRENT,1,0,OK,0.4,0.3,45.0,149.999,,1179.894,,,1.0,14.0
2026-08-05 10:27:39.128,332225,49830,149987312,1179.774170,,26.378,0x00,0x00,CURRENT,1,0,OK,0.4,0.3,45.0,149.999,,1179.894,,,1.0,14.0
2026-08-05 10:27:39.445,336515,50476,149994784,1179.853072,,26.695,0x00,0x00,CURRENT,1,0,OK,0.4,0.3,45.0,149.999,,1179.894,,,1.0,14.0
2026-08-05 10:27:39.648,343918,51588,149999472,1179.902576,,26.898,0x00,0x00,CURRENT,1,0,OK,0.4,0.321,48.0,149.969,,1179.579,,,2.0,15.0
2026-08-05 10:27:39.845,349507,52426,150000512,1179.913558,,27.095,0x00,0x00,CURRENT,1,0,OK,0.4,0.321,48.0,149.969,,1179.579,,,2.0,15.0
2026-08-05 10:27:40.129,356253,53438,150001136,1179.920147,,27.379,0x00,0x00,CURRENT,1,0,OK,0.4,0.321,48.0,149.969,,1179.579,,,2.0,15.0
2026-08-05 10:27:40.445,361285,54194,150002848,1179.938225,,27.695,0x00,0x00,CURRENT,1,0,OK,0.4,0.321,48.0,149.969,,1179.579,,,2.0,15.0
2026-08-05 10:27:40.644,367565,55135,150001392,1179.922850,,27.894,0x00,0x00,CURRENT,1,0,OK,0.4,0.321,48.0,149.969,,1179.579,,,2.0,15.0
2026-08-05 10:27:40.844,372285,55844,150003792,1179.948193,,28.093,0x00,0x00,CURRENT,1,0,OK,0.4,0.321,48.0,149.969,,1179.579,,,2.0,15.0
2026-08-05 10:27:41.129,377549,56630,149994432,1179.849355,,28.378,0x00,0x00,CURRENT,1,0,OK,0.4,0.321,48.0,149.969,,1179.579,,,2.0,15.0
2026-08-05 10:27:41.445,381386,57207,149997072,1179.877232,,28.694,0x00,0x00,CURRENT,1,0,OK,0.4,0.321,48.0,149.969,,1179.579,,,2.0,15.0
2026-08-05 10:27:41.648,385987,57898,150000944,1179.918120,,28.898,0x00,0x00,CURRENT,1,0,OK,0.4,0.364,55.0,149.993,,1179.836,,,3.0,20.0
2026-08-05 10:27:41.844,389401,58411,150003168,1179.941604,,29.093,0x00,0x00,CURRENT,1,0,OK,0.4,0.364,55.0,149.993,,1179.836,,,3.0,20.0
2026-08-05 10:27:42.129,393686,59055,150004400,1179.954614,,29.378,0x00,0x00,CURRENT,1,0,OK,0.4,0.364,55.0,149.993,,1179.836,,,3.0,20.0
2026-08-05 10:27:42.445,396918,59540,150006912,1179.981140,,29.694,0x00,0x00,CURRENT,1,0,OK,0.4,0.364,55.0,149.993,,1179.836,,,3.0,20.0
2026-08-05 10:27:42.644,400228,60035,150001136,1179.920147,,29.893,0x00,0x00,CURRENT,1,0,OK,0.4,0.364,55.0,149.993,,1179.836,,,3.0,20.0
2026-08-05 10:27:42.845,402710,60403,149991648,1179.819957,,30.094,0x00,0x00,CURRENT,1,0,OK,0.4,0.364,55.0,149.993,,1179.836,,,3.0,20.0
2026-08-05 10:27:43.129,404553,60680,149993760,1179.842259,,30.379,0x00,0x00,CURRENT,1,0,OK,0.4,0.364,55.0,149.993,,1179.836,,,3.0,20.0
2026-08-05 10:27:43.444,405954,60890,149992848,1179.832628,,30.694,0x00,0x00,CURRENT,1,0,OK,0.4,0.364,55.0,149.993,,1179.836,,,3.0,20.0
2026-08-05 10:27:43.648,407787,61166,149994192,1179.846821,,30.898,0x00,0x00,CURRENT,1,0,OK,0.4,0.394,59.0,150.003,,1179.935,,,3.0,23.0
2026-08-05 10:27:43.845,409116,61370,150006432,1179.976071,,31.094,0x00,0x00,CURRENT,1,0,OK,0.4,0.394,59.0,150.003,,1179.935,,,3.0,23.0
2026-08-05 10:27:44.129,410178,61528,150002256,1179.931974,,31.378,0x00,0x00,CURRENT,1,0,OK,0.4,0.394,59.0,150.003,,1179.935,,,3.0,23.0
2026-08-05 10:27:44.444,410965,61646,150004016,1179.950559,,31.694,0x00,0x00,CURRENT,1,0,OK,0.4,0.394,59.0,150.003,,1179.935,,,3.0,23.0
2026-08-05 10:27:44.644,411573,61739,150007968,1179.992291,,31.893,0x00,0x00,CURRENT,1,0,OK,0.4,0.394,59.0,150.003,,1179.935,,,3.0,23.0
2026-08-05 10:27:44.845,412049,61807,150000160,1179.909841,,32.095,0x00,0x00,CURRENT,1,0,OK,0.4,0.394,59.0,150.003,,1179.935,,,3.0,23.0
2026-08-05 10:27:45.129,411492,61724,150000640,1179.914909,,32.379,0x00,0x00,CURRENT,1,0,OK,0.4,0.394,59.0,150.003,,1179.935,,,3.0,23.0
2026-08-05 10:27:45.445,411111,61667,150001216,1179.920992,,32.694,0x00,0x00,CURRENT,1,0,OK,0.4,0.394,59.0,150.003,,1179.935,,,3.0,23.0
2026-08-05 10:27:45.648,410789,61619,150002160,1179.930960,,32.897,0x00,0x00,CURRENT,1,0,OK,0.4,0.406,61.0,150.004,,1179.95,,,3.0,25.0
2026-08-05 10:27:45.845,410603,61593,150006096,1179.972523,,33.095,0x00,0x00,CURRENT,1,0,OK,0.4,0.406,61.0,150.004,,1179.95,,,3.0,25.0
2026-08-05 10:27:46.129,410491,61575,150002848,1179.938225,,33.379,0x00,0x00,CURRENT,1,0,OK,0.4,0.406,61.0,150.004,,1179.95,,,3.0,25.0
2026-08-05 10:27:46.445,410370,61559,150008944,1180.002597,,33.694,0x00,0x00,CURRENT,1,0,OK,0.4,0.406,61.0,150.004,,1179.95,,,3.0,25.0
2026-08-05 10:27:46.644,409422,61417,150008912,1180.002259,,33.893,0x00,0x00,CURRENT,1,0,OK,0.4,0.406,61.0,150.004,,1179.95,,,3.0,25.0
2026-08-05 10:27:46.844,408739,61313,150005952,1179.971002,,34.093,0x00,0x00,CURRENT,1,0,OK,0.4,0.406,61.0,150.004,,1179.95,,,3.0,25.0
2026-08-05 10:27:47.129,408170,61228,150006720,1179.979112,,34.378,0x00,0x00,CURRENT,1,0,OK,0.4,0.406,61.0,150.004,,1179.95,,,3.0,25.0
2026-08-05 10:27:47.445,407809,61172,150001600,1179.925047,,34.694,0x00,0x00,CURRENT,1,0,OK,0.4,0.406,61.0,150.004,,1179.95,,,3.0,25.0
2026-08-05 10:27:47.648,406709,61007,150000448,1179.912882,,34.898,0x00,0x00,CURRENT,1,0,OK,0.4,0.407,61.0,149.995,,1179.854,,,3.0,25.0
2026-08-05 10:27:47.845,405837,60881,150014208,1180.058183,,35.094,0x00,0x00,CURRENT,1,0,OK,0.4,0.407,61.0,149.995,,1179.854,,,3.0,25.0
2026-08-05 10:27:48.129,405183,60782,150012016,1180.035036,,35.378,0x00,0x00,CURRENT,1,0,OK,0.4,0.407,61.0,149.995,,1179.854,,,3.0,25.0
2026-08-05 10:27:48.445,404665,60706,150015600,1180.072882,,35.694,0x00,0x00,CURRENT,1,0,OK,0.4,0.407,61.0,149.995,,1179.854,,,3.0,25.0
2026-08-05 10:27:48.644,404332,60652,150005264,1179.963737,,35.893,0x00,0x00,CURRENT,1,0,OK,0.4,0.407,61.0,149.995,,1179.854,,,3.0,25.0
2026-08-05 10:27:48.844,404111,60616,149997504,1179.881794,,36.093,0x00,0x00,CURRENT,1,0,OK,0.4,0.407,61.0,149.995,,1179.854,,,3.0,25.0
2026-08-05 10:27:49.129,403888,60582,149995792,1179.863716,,36.378,0x00,0x00,CURRENT,1,0,OK,0.4,0.407,61.0,149.995,,1179.854,,,3.0,25.0
2026-08-05 10:27:49.445,403759,60563,149998048,1179.887539,,36.694,0x00,0x00,CURRENT,1,0,OK,0.4,0.407,61.0,149.995,,1179.854,,,3.0,25.0
2026-08-05 10:27:49.648,402767,60417,150005216,1179.963230,,36.897,0x00,0x00,CURRENT,1,0,OK,0.4,0.405,61.0,149.989,,1179.794,,,3.0,25.0
2026-08-05 10:27:49.845,402061,60306,149991888,1179.822491,,37.094,0x00,0x00,CURRENT,1,0,OK,0.4,0.405,61.0,149.989,,1179.794,,,3.0,25.0
2026-08-05 10:27:50.129,401484,60224,150003728,1179.947518,,37.378,0x00,0x00,CURRENT,1,0,OK,0.4,0.405,61.0,149.989,,1179.794,,,3.0,25.0
2026-08-05 10:27:50.445,401080,60163,150002160,1179.930960,,37.694,0x00,0x00,CURRENT,1,0,OK,0.4,0.405,61.0,149.989,,1179.794,,,3.0,25.0
2026-08-05 10:27:50.645,400814,60122,149998976,1179.897338,,37.895,0x00,0x00,CURRENT,1,0,OK,0.4,0.405,61.0,149.989,,1179.794,,,3.0,25.0
2026-08-05 10:27:50.845,400558,60088,150010048,1180.014255,,38.094,0x00,0x00,CURRENT,1,0,OK,0.4,0.405,61.0,149.989,,1179.794,,,3.0,25.0
2026-08-05 10:27:51.129,400395,60065,150013888,1180.054804,,38.378,0x00,0x00,CURRENT,1,0,OK,0.4,0.405,61.0,149.989,,1179.794,,,3.0,25.0
2026-08-05 10:27:51.445,400272,60043,150004800,1179.958838,,38.694,0x00,0x00,CURRENT,1,0,OK,0.4,0.405,61.0,149.989,,1179.794,,,3.0,25.0
2026-08-05 10:27:51.647,400152,60022,149997616,1179.882977,,38.897,0x00,0x00,CURRENT,1,0,OK,0.4,0.401,60.0,149.999,,1179.896,,,3.0,24.0
2026-08-05 10:27:51.845,400043,60009,150005968,1179.971171,,39.094,0x00,0x00,CURRENT,1,0,OK,0.4,0.401,60.0,149.999,,1179.896,,,3.0,24.0
2026-08-05 10:27:52.129,400055,60008,149999312,1179.900886,,39.378,0x00,0x00,CURRENT,1,0,OK,0.4,0.401,60.0,149.999,,1179.896,,,3.0,24.0
2026-08-05 10:27:52.445,400008,59999,149995504,1179.860675,,39.694,0x00,0x00,CURRENT,1,0,OK,0.4,0.401,60.0,149.999,,1179.896,,,3.0,24.0
2026-08-05 10:27:52.645,399982,59997,149998112,1179.888215,,39.895,0x00,0x00,CURRENT,1,0,OK,0.4,0.401,60.0,149.999,,1179.896,,,3.0,24.0
2026-08-05 10:27:52.845,399944,59991,149997712,1179.883991,,40.094,0x00,0x00,CURRENT,1,0,OK,0.4,0.401,60.0,149.999,,1179.896,,,3.0,24.0
2026-08-05 10:27:53.129,399924,59988,149997264,1179.879260,,40.378,0x00,0x00,CURRENT,1,0,OK,0.4,0.401,60.0,149.999,,1179.896,,,3.0,24.0
2026-08-05 10:27:53.445,399919,59988,149999824,1179.906293,,40.694,0x00,0x00,CURRENT,1,0,OK,0.4,0.401,60.0,149.999,,1179.896,,,3.0,24.0
2026-08-05 10:27:53.648,399869,59979,149996400,1179.870136,,40.897,0x00,0x00,CURRENT,1,0,OK,0.4,0.4,60.0,149.998,,1179.892,,,3.0,24.0
2026-08-05 10:27:53.845,399859,59977,149996432,1179.870474,,41.094,0x00,0x00,CURRENT,1,0,OK,0.4,0.4,60.0,149.998,,1179.892,,,3.0,24.0
2026-08-05 10:27:54.129,399842,59976,149999952,1179.907644,,41.378,0x00,0x00,CURRENT,1,0,OK,0.4,0.4,60.0,149.998,,1179.892,,,3.0,24.0
2026-08-05 10:27:54.444,399867,59974,149985232,1179.752206,,41.693,0x00,0x00,CURRENT,1,0,OK,0.4,0.4,60.0,149.998,,1179.892,,,3.0,24.0
2026-08-05 10:27:54.645,399895,59975,149976688,1179.661984,,41.894,0x00,0x00,CURRENT,1,0,OK,0.4,0.4,60.0,149.998,,1179.892,,,3.0,24.0
2026-08-05 10:27:54.845,399953,59982,149972384,1179.616535,,42.094,0x00,0x00,CURRENT,1,0,OK,0.4,0.4,60.0,149.998,,1179.892,,,3.0,24.0
2026-08-05 10:27:55.129,399969,59986,149977008,1179.665363,,42.378,0x00,0x00,CURRENT,1,0,OK,0.4,0.4,60.0,149.998,,1179.892,,,3.0,24.0
2026-08-05 10:27:55.445,400008,59993,149978208,1179.678035,,42.694,0x00,0x00,CURRENT,1,0,OK,0.4,0.4,60.0,149.998,,1179.892,,,3.0,24.0
2026-08-05 10:27:55.648,399992,59989,149974912,1179.643230,,42.897,0x00,0x00,CURRENT,1,0,OK,0.4,0.4,60.0,149.995,,1179.855,,,3.0,24.0
2026-08-05 10:27:55.845,399932,59990,149999264,1179.900379,,43.094,0x00,0x00,CURRENT,1,0,OK,0.4,0.4,60.0,149.995,,1179.855,,,3.0,24.0
2026-08-05 10:27:56.129,399907,59985,149996720,1179.873515,,43.378,0x00,0x00,CURRENT,1,0,OK,0.4,0.4,60.0,149.995,,1179.855,,,3.0,24.0
2026-08-05 10:27:56.445,399934,59989,149998240,1179.889566,,43.694,0x00,0x00,CURRENT,1,0,OK,0.4,0.4,60.0,149.995,,1179.855,,,3.0,24.0
2026-08-05 10:27:56.645,399945,59989,149993168,1179.836008,,43.894,0x00,0x00,CURRENT,1,0,OK,0.4,0.4,60.0,149.995,,1179.855,,,3.0,24.0
2026-08-05 10:27:56.845,399916,59987,149998112,1179.888215,,44.094,0x00,0x00,CURRENT,1,0,OK,0.4,0.4,60.0,149.995,,1179.855,,,3.0,24.0
2026-08-05 10:27:57.129,399950,59989,149990192,1179.804582,,44.378,0x00,0x00,CURRENT,1,0,OK,0.4,0.4,60.0,149.995,,1179.855,,,3.0,24.0
2026-08-05 10:27:57.445,400013,59996,149985984,1179.760147,,44.694,0x00,0x00,CURRENT,1,0,OK,0.4,0.4,60.0,149.995,,1179.855,,,3.0,24.0
2026-08-05 10:27:57.648,399995,59995,149988592,1179.787686,,44.897,0x00,0x00,CURRENT,1,0,OK,0.4,0.4,60.0,149.99,,1179.807,,,3.0,24.0
2026-08-05 10:27:57.845,399944,59991,149998544,1179.892776,,45.094,0x00,0x00,CURRENT,1,0,OK,0.4,0.4,60.0,149.99,,1179.807,,,3.0,24.0
2026-08-05 10:27:58.129,399925,59986,149992688,1179.830939,,45.378,0x00,0x00,CURRENT,1,0,OK,0.4,0.4,60.0,149.99,,1179.807,,,3.0,24.0
2026-08-05 10:27:58.445,399901,59980,149987296,1179.774001,,45.694,0x00,0x00,CURRENT,1,0,OK,0.4,0.4,60.0,149.99,,1179.807,,,3.0,24.0
2026-08-05 10:27:58.645,399855,59976,149995216,1179.857634,,45.894,0x00,0x00,CURRENT,1,0,OK,0.4,0.4,60.0,149.99,,1179.807,,,3.0,24.0
2026-08-05 10:27:58.845,399821,59971,149994080,1179.845638,,46.094,0x00,0x00,CURRENT,1,0,OK,0.4,0.4,60.0,149.99,,1179.807,,,3.0,24.0
2026-08-05 10:27:59.129,399804,59970,149998320,1179.890411,,46.378,0x00,0x00,CURRENT,1,0,OK,0.4,0.4,60.0,149.99,,1179.807,,,3.0,24.0
2026-08-05 10:27:59.445,399848,59978,150001088,1179.919640,,46.694,0x00,0x00,CURRENT,1,0,OK,0.4,0.4,60.0,149.99,,1179.807,,,3.0,24.0
2026-08-05 10:27:59.648,399806,59974,150008336,1179.996177,,46.897,0x00,0x00,CURRENT,1,0,OK,0.4,0.4,60.0,150.007,,1179.986,,,3.0,24.0
2026-08-05 10:27:59.844,399802,59973,150006624,1179.978098,,47.094,0x00,0x00,CURRENT,1,0,OK,0.4,0.4,60.0,150.007,,1179.986,,,3.0,24.0
2026-08-05 10:28:00.129,399818,59974,150003600,1179.946166,,47.378,0x00,0x00,CURRENT,1,0,OK,0.4,0.4,60.0,150.007,,1179.986,,,3.0,24.0
2026-08-05 10:28:00.444,399821,59972,149998096,1179.888046,,47.694,0x00,0x00,CURRENT,1,0,OK,0.4,0.4,60.0,150.007,,1179.986,,,3.0,24.0
2026-08-05 10:28:00.645,399804,59974,150007296,1179.985195,,47.894,0x00,0x00,CURRENT,1,0,OK,0.4,0.4,60.0,150.007,,1179.986,,,3.0,24.0
2026-08-05 10:28:00.844,399801,59975,150011856,1180.033347,,48.093,0x00,0x00,CURRENT,1,0,OK,0.4,0.4,60.0,150.007,,1179.986,,,3.0,24.0
2026-08-05 10:28:01.129,399808,59977,150013632,1180.052101,,48.378,0x00,0x00,CURRENT,1,0,OK,0.4,0.4,60.0,150.007,,1179.986,,,3.0,24.0
2026-08-05 10:28:01.445,399841,59979,150007440,1179.986715,,48.694,0x00,0x00,CURRENT,1,0,OK,0.4,0.4,60.0,150.007,,1179.986,,,3.0,24.0
2026-08-05 10:28:01.647,399838,59980,150010704,1180.021182,,48.897,0x00,0x00,CURRENT,1,0,OK,0.4,0.4,60.0,149.998,,1179.892,,,3.0,24.0
2026-08-05 10:28:01.845,399790,59973,150011184,1180.026251,,49.094,0x00,0x00,CURRENT,1,0,OK,0.4,0.4,60.0,149.998,,1179.892,,,3.0,24.0
2026-08-05 10:28:02.129,399837,59977,150003632,1179.946504,,49.378,0x00,0x00,CURRENT,1,0,OK,0.4,0.4,60.0,149.998,,1179.892,,,3.0,24.0
2026-08-05 10:28:02.445,399835,59980,150011936,1180.034191,,49.694,0x00,0x00,CURRENT,1,0,OK,0.4,0.4,60.0,149.998,,1179.892,,,3.0,24.0
2026-08-05 10:28:02.644,399880,59984,150004064,1179.951066,,49.893,0x00,0x00,CURRENT,1,0,OK,0.4,0.4,60.0,149.998,,1179.892,,,3.0,24.0
2026-08-05 10:28:02.845,399923,59988,149999504,1179.902914,,50.094,0x00,0x00,CURRENT,1,0,OK,0.4,0.4,60.0,149.998,,1179.892,,,3.0,24.0
2026-08-05 10:28:03.129,399900,59991,150015600,1180.072882,,50.378,0x00,0x00,CURRENT,1,0,OK,0.4,0.4,60.0,149.998,,1179.892,,,3.0,24.0
2026-08-05 10:28:03.444,399929,59992,150007520,1179.987560,,50.694,0x00,0x00,CURRENT,1,0,OK,0.4,0.4,60.0,149.998,,1179.892,,,3.0,24.0
2026-08-05 10:28:03.648,399950,59995,150004864,1179.959513,,50.897,0x00,0x00,CURRENT,1,0,OK,0.4,0.4,60.0,149.994,,1179.847,,,3.0,24.0
2026-08-05 10:28:03.844,399985,60000,150005600,1179.967285,,51.093,0x00,0x00,CURRENT,1,0,OK,0.4,0.4,60.0,149.994,,1179.847,,,3.0,24.0
2026-08-05 10:28:04.129,399993,59999,149999680,1179.904772,,51.378,0x00,0x00,CURRENT,1,0,OK,0.4,0.4,60.0,149.994,,1179.847,,,3.0,24.0
2026-08-05 10:28:04.446,399961,59993,149997264,1179.879260,,51.695,0x00,0x00,CURRENT,1,0,OK,0.4,0.4,60.0,149.994,,1179.847,,,3.0,24.0
2026-08-05 10:28:04.644,399966,59996,150002144,1179.930791,,51.893,0x00,0x00,CURRENT,1,0,OK,0.4,0.4,60.0,149.994,,1179.847,,,3.0,24.0
2026-08-05 10:28:04.845,400025,60000,149991584,1179.819281,,52.094,0x00,0x00,CURRENT,1,0,OK,0.4,0.4,60.0,149.994,,1179.847,,,3.0,24.0
2026-08-05 10:28:05.130,400069,60009,149996368,1179.869798,,52.379,0x00,0x00,CURRENT,1,0,OK,0.4,0.4,60.0,149.994,,1179.847,,,3.0,24.0
2026-08-05 10:28:05.445,400084,60013,150000576,1179.914234,,52.695,0x00,0x00,CURRENT,1,0,OK,0.4,0.4,60.0,149.994,,1179.847,,,3.0,24.0
2026-08-05 10:28:05.649,400067,60013,150008624,1179.999218,,52.898,0x00,0x00,CURRENT,1,0,OK,0.4,0.4,60.0,149.986,,1179.761,,,3.0,24.0
2026-08-05 10:28:05.845,400063,60011,150004432,1179.954952,,53.094,0x00,0x00,CURRENT,1,0,OK,0.4,0.4,60.0,149.986,,1179.761,,,3.0,24.0
2026-08-05 10:28:06.130,400061,60007,149994928,1179.854593,,53.379,0x00,0x00,CURRENT,1,0,OK,0.4,0.4,60.0,149.986,,1179.761,,,3.0,24.0
2026-08-05 10:28:06.445,400040,60006,149999280,1179.900548,,53.694,0x00,0x00,CURRENT,1,0,OK,0.4,0.4,60.0,149.986,,1179.761,,,3.0,24.0
2026-08-05 10:28:06.645,399969,59998,150007824,1179.990770,,53.894,0x00,0x00,CURRENT,1,0,OK,0.4,0.4,60.0,149.986,,1179.761,,,3.0,24.0
2026-08-05 10:28:06.845,399943,59992,150002256,1179.931974,,54.094,0x00,0x00,CURRENT,1,0,OK,0.4,0.4,60.0,149.986,,1179.761,,,3.0,24.0
2026-08-05 10:28:07.130,399943,59989,149994448,1179.849524,,54.379,0x00,0x00,CURRENT,1,0,OK,0.4,0.4,60.0,149.986,,1179.761,,,3.0,24.0
2026-08-05 10:28:07.445,399942,59991,149999424,1179.902069,,54.695,0x00,0x00,CURRENT,1,0,OK,0.4,0.4,60.0,149.986,,1179.761,,,3.0,24.0
2026-08-05 10:28:07.649,399970,59994,149995280,1179.858310,,54.898,0x00,0x00,CURRENT,1,0,OK,0.4,0.4,60.0,149.986,,1179.764,,,3.0,24.0
2026-08-05 10:28:07.845,399963,59993,149995568,1179.861351,,55.094,0x00,0x00,CURRENT,1,0,OK,0.4,0.4,60.0,149.986,,1179.764,,,3.0,24.0
2026-08-05 10:28:08.130,399939,59991,150001664,1179.925722,,55.379,0x00,0x00,CURRENT,1,0,OK,0.4,0.4,60.0,149.986,,1179.764,,,3.0,24.0
2026-08-05 10:28:08.445,399921,59988,150000256,1179.910854,,55.694,0x00,0x00,CURRENT,1,0,OK,0.4,0.4,60.0,149.986,,1179.764,,,3.0,24.0
2026-08-05 10:28:08.644,399935,59990,149999904,1179.907137,,55.893,0x00,0x00,CURRENT,1,0,OK,0.4,0.4,60.0,149.986,,1179.764,,,3.0,24.0
2026-08-05 10:28:08.845,399937,59989,149996432,1179.870474,,56.094,0x00,0x00,CURRENT,1,0,OK,0.4,0.4,60.0,149.986,,1179.764,,,3.0,24.0
2026-08-05 10:28:09.130,399947,59989,149993312,1179.837528,,56.379,0x00,0x00,CURRENT,1,0,OK,0.4,0.4,60.0,149.986,,1179.764,,,3.0,24.0
2026-08-05 10:28:09.445,399936,59991,150002080,1179.930115,,56.695,0x00,0x00,CURRENT,1,0,OK,0.4,0.4,60.0,149.986,,1179.764,,,3.0,24.0
2026-08-05 10:28:09.648,399965,59995,149999520,1179.903083,,56.898,0x00,0x00,CURRENT,1,0,OK,0.4,0.4,60.0,149.977,,1179.668,,,3.0,24.0
2026-08-05 10:28:09.845,399959,59991,149993136,1179.835670,,57.094,0x00,0x00,CURRENT,1,0,OK,0.4,0.4,60.0,149.977,,1179.668,,,3.0,24.0
2026-08-05 10:28:10.129,399955,59993,149999568,1179.903589,,57.379,0x00,0x00,CURRENT,1,0,OK,0.4,0.4,60.0,149.977,,1179.668,,,3.0,24.0
2026-08-05 10:28:10.445,399933,59990,149999792,1179.905955,,57.694,0x00,0x00,CURRENT,1,0,OK,0.4,0.4,60.0,149.977,,1179.668,,,3.0,24.0
2026-08-05 10:28:10.644,399935,59989,149996704,1179.873347,,57.893,0x00,0x00,CURRENT,1,0,OK,0.4,0.4,60.0,149.977,,1179.668,,,3.0,24.0
2026-08-05 10:28:10.845,399946,59988,149991264,1179.815902,,58.094,0x00,0x00,CURRENT,1,0,OK,0.4,0.4,60.0,149.977,,1179.668,,,3.0,24.0
2026-08-05 10:28:11.130,399889,59981,149994464,1179.849693,,58.379,0x00,0x00,CURRENT,1,0,OK,0.4,0.4,60.0,149.977,,1179.668,,,3.0,24.0
2026-08-05 10:28:11.446,399855,59975,149991872,1179.822322,,58.695,0x00,0x00,CURRENT,1,0,OK,0.4,0.4,60.0,149.977,,1179.668,,,3.0,24.0
2026-08-05 10:28:11.649,399793,59969,149999808,1179.906124,,58.898,0x00,0x00,CURRENT,1,0,OK,0.4,0.4,60.0,149.996,,1179.864,,,3.0,24.0
2026-08-05 10:28:11.844,399811,59973,150002208,1179.931467,,59.094,0x00,0x00,CURRENT,1,0,OK,0.4,0.4,60.0,149.996,,1179.864,,,3.0,24.0
2026-08-05 10:28:12.129,399862,59979,149999376,1179.901562,,59.379,0x00,0x00,CURRENT,1,0,OK,0.4,0.4,60.0,149.996,,1179.864,,,3.0,24.0
2026-08-05 10:28:12.445,399845,59976,149997680,1179.883653,,59.695,0x00,0x00,CURRENT,1,0,OK,0.4,0.4,60.0,149.996,,1179.864,,,3.0,24.0
2026-08-05 10:28:12.644,399804,59970,149999408,1179.901900,,59.894,0x00,0x00,CURRENT,1,0,OK,0.4,0.4,60.0,149.996,,1179.864,,,3.0,24.0
2026-08-05 10:28:12.843,399810,59973,150003920,1179.949545,,60.093,0x00,0x00,CURRENT,1,0,OK,0.4,0.4,60.0,149.996,,1179.864,,,3.0,24.0
2026-08-05 10:28:13.129,399759,59969,150014080,1180.056831,,60.379,0x00,0x00,CURRENT,1,0,OK,0.4,0.4,60.0,149.996,,1179.864,,,3.0,24.0
2026-08-05 10:28:13.445,399786,59973,150012544,1180.040612,,60.694,0x00,0x00,CURRENT,1,0,OK,0.4,0.4,60.0,149.996,,1179.864,,,3.0,24.0
2026-08-05 10:28:13.648,399797,59971,150004432,1179.954952,,60.898,0x00,0x00,CURRENT,1,0,OK,0.4,0.4,60.0,149.996,,1179.867,,,3.0,24.0
2026-08-05 10:28:13.844,399833,59979,150009904,1180.012734,,61.094,0x00,0x00,CURRENT,1,0,OK,0.4,0.4,60.0,149.996,,1179.867,,,3.0,24.0
2026-08-05 10:28:14.129,399906,59986,149999520,1179.903083,,61.379,0x00,0x00,CURRENT,1,0,OK,0.4,0.4,60.0,149.996,,1179.867,,,3.0,24.0
2026-08-05 10:28:14.444,399896,59984,149998256,1179.889735,,61.694,0x00,0x00,CURRENT,1,0,OK,0.4,0.4,60.0,149.996,,1179.867,,,3.0,24.0
2026-08-05 10:28:14.644,399898,59982,149994208,1179.846990,,61.894,0x00,0x00,CURRENT,1,0,OK,0.4,0.4,60.0,149.996,,1179.867,,,3.0,24.0
2026-08-05 10:28:14.844,399937,59990,149998848,1179.895986,,62.094,0x00,0x00,CURRENT,1,0,OK,0.4,0.4,60.0,149.996,,1179.867,,,3.0,24.0
2026-08-05 10:28:15.129,399882,59984,150005024,1179.961203,,62.379,0x00,0x00,CURRENT,1,0,OK,0.4,0.4,60.0,149.996,,1179.867,,,3.0,24.0
2026-08-05 10:28:15.445,399887,59986,150006752,1179.979450,,62.695,0x00,0x00,CURRENT,1,0,OK,0.4,0.4,60.0,149.996,,1179.867,,,3.0,24.0
2026-08-05 10:28:15.648,399892,59987,150008048,1179.993135,,62.898,0x00,0x00,CURRENT,1,0,OK,0.4,0.4,60.0,149.989,,1179.792,,,3.0,24.0
2026-08-05 10:28:15.845,399848,59984,150017168,1180.089440,,63.094,0x00,0x00,CURRENT,1,0,OK,0.4,0.4,60.0,149.989,,1179.792,,,3.0,24.0
2026-08-05 10:28:16.129,399871,59987,150015328,1180.070010,,63.379,0x00,0x00,CURRENT,1,0,OK,0.4,0.4,60.0,149.989,,1179.792,,,3.0,24.0
2026-08-05 10:28:16.445,399907,59991,150011824,1180.033009,,63.694,0x00,0x00,CURRENT,1,0,OK,0.4,0.4,60.0,149.989,,1179.792,,,3.0,24.0
2026-08-05 10:28:16.644,399934,59996,150014448,1180.060717,,63.894,0x00,0x00,CURRENT,1,0,OK,0.4,0.4,60.0,149.989,,1179.792,,,3.0,24.0
2026-08-05 10:28:16.844,399945,59998,150015424,1180.071024,,64.093,0x00,0x00,CURRENT,1,0,OK,0.4,0.4,60.0,149.989,,1179.792,,,3.0,24.0
2026-08-05 10:28:17.129,399926,59993,150010192,1180.015775,,64.379,0x00,0x00,CURRENT,1,0,OK,0.4,0.4,60.0,149.989,,1179.792,,,3.0,24.0
2026-08-05 10:28:17.445,399976,59997,150001616,1179.925216,,64.695,0x00,0x00,CURRENT,1,0,OK,0.4,0.4,60.0,149.989,,1179.792,,,3.0,24.0
2026-08-05 10:28:17.648,399986,59999,150001920,1179.928426,,64.898,0x00,0x00,CURRENT,1,0,OK,0.4,0.4,60.0,149.977,,1179.669,,,3.0,24.0
2026-08-05 10:28:17.844,399910,59990,150009696,1180.010538,,65.094,0x00,0x00,CURRENT,1,0,OK,0.4,0.4,60.0,149.977,,1179.669,,,3.0,24.0
2026-08-05 10:28:18.130,399927,59990,150003632,1179.946504,,65.379,0x00,0x00,CURRENT,1,0,OK,0.4,0.4,60.0,149.977,,1179.669,,,3.0,24.0
2026-08-05 10:28:18.444,399930,59990,150001088,1179.919640,,65.694,0x00,0x00,CURRENT,1,0,OK,0.4,0.4,60.0,149.977,,1179.669,,,3.0,24.0
2026-08-05 10:28:18.644,399970,59996,150000880,1179.917444,,65.894,0x00,0x00,CURRENT,1,0,OK,0.4,0.4,60.0,149.977,,1179.669,,,3.0,24.0
2026-08-05 10:28:18.844,399972,59996,150000032,1179.908489,,66.094,0x00,0x00,CURRENT,1,0,OK,0.4,0.4,60.0,149.977,,1179.669,,,3.0,24.0
2026-08-05 10:28:19.129,399974,59999,150007968,1179.992291,,66.379,0x00,0x00,CURRENT,1,0,OK,0.4,0.4,60.0,149.977,,1179.669,,,3.0,24.0
2026-08-05 10:28:19.444,399928,59994,150010864,1180.022871,,66.693,0x00,0x00,CURRENT,1,0,OK,0.4,0.4,60.0,149.977,,1179.669,,,3.0,24.0
2026-08-05 10:28:19.648,399941,59995,150008992,1180.003104,,66.898,0x00,0x00,CURRENT,1,0,OK,0.4,0.4,60.0,149.993,,1179.839,,,3.0,24.0
2026-08-05 10:28:19.844,399960,59998,150009328,1180.006652,,67.094,0x00,0x00,CURRENT,1,0,OK,0.4,0.4,60.0,149.993,,1179.839,,,3.0,24.0
2026-08-05 10:28:20.129,399927,59992,150007248,1179.984688,,67.379,0x00,0x00,CURRENT,1,0,OK,0.4,0.4,60.0,149.993,,1179.839,,,3.0,24.0
2026-08-05 10:28:20.444,399893,59987,150007696,1179.989418,,67.694,0x00,0x00,CURRENT,1,0,OK,0.4,0.4,60.0,149.993,,1179.839,,,3.0,24.0
2026-08-05 10:28:20.644,399877,59985,150009024,1180.003442,,67.894,0x00,0x00,CURRENT,1,0,OK,0.4,0.4,60.0,149.993,,1179.839,,,3.0,24.0
2026-08-05 10:28:20.844,399856,59981,150006400,1179.975733,,68.094,0x00,0x00,CURRENT,1,0,OK,0.4,0.4,60.0,149.993,,1179.839,,,3.0,24.0
2026-08-05 10:28:21.129,399868,59979,149997680,1179.883653,,68.379,0x00,0x00,CURRENT,1,0,OK,0.4,0.4,60.0,149.993,,1179.839,,,3.0,24.0
2026-08-05 10:28:21.445,399868,59976,149989408,1179.796303,,68.694,0x00,0x00,CURRENT,1,0,OK,0.4,0.4,60.0,149.993,,1179.839,,,3.0,24.0
2026-08-05 10:28:21.648,399914,59980,149982912,1179.727708,,68.898,0x00,0x00,CURRENT,1,0,OK,0.4,0.4,60.0,149.996,,1179.867,,,3.0,24.0
2026-08-05 10:28:21.843,399930,59979,149973088,1179.623969,,69.093,0x00,0x00,CURRENT,1,0,OK,0.4,0.4,60.0,149.996,,1179.867,,,3.0,24.0
2026-08-05 10:28:22.129,399886,59977,149984048,1179.739703,,69.379,0x00,0x00,CURRENT,1,0,OK,0.4,0.4,60.0,149.996,,1179.867,,,3.0,24.0
2026-08-05 10:28:22.444,399872,59976,149989040,1179.792417,,69.694,0x00,0x00,CURRENT,1,0,OK,0.4,0.4,60.0,149.996,,1179.867,,,3.0,24.0
2026-08-05 10:28:22.644,399861,59978,149997632,1179.883146,,69.894,0x00,0x00,CURRENT,1,0,OK,0.4,0.4,60.0,149.996,,1179.867,,,3.0,24.0
2026-08-05 10:28:22.844,399881,59983,150001808,1179.927243,,70.094,0x00,0x00,CURRENT,1,0,OK,0.4,0.4,60.0,149.996,,1179.867,,,3.0,24.0
2026-08-05 10:28:23.129,399906,59986,150000704,1179.915585,,70.379,0x00,0x00,CURRENT,1,0,OK,0.4,0.4,60.0,149.996,,1179.867,,,3.0,24.0
2026-08-05 10:28:23.445,399914,59984,149993280,1179.837190,,70.695,0x00,0x00,CURRENT,1,0,OK,0.4,0.4,60.0,149.996,,1179.867,,,3.0,24.0
2026-08-05 10:28:23.648,399874,59980,149996576,1179.871995,,70.898,0x00,0x00,CURRENT,1,0,OK,0.4,0.4,60.0,149.989,,1179.79,,,3.0,24.0
2026-08-05 10:28:23.844,399919,59986,149996528,1179.871488,,71.094,0x00,0x00,CURRENT,1,0,OK,0.4,0.4,60.0,149.989,,1179.79,,,3.0,24.0
2026-08-05 10:28:24.129,399915,59988,150002992,1179.939746,,71.379,0x00,0x00,CURRENT,1,0,OK,0.4,0.4,60.0,149.989,,1179.79,,,3.0,24.0
2026-08-05 10:28:24.443,399884,59985,150004864,1179.959513,,71.693,0x00,0x00,CURRENT,1,0,OK,0.4,0.4,60.0,149.989,,1179.79,,,3.0,24.0
2026-08-05 10:28:24.644,399852,59982,150010512,1180.019154,,71.893,0x00,0x00,CURRENT,1,0,OK,0.4,0.4,60.0,149.989,,1179.79,,,3.0,24.0
2026-08-05 10:28:24.844,399865,59981,150002272,1179.932143,,72.094,0x00,0x00,CURRENT,1,0,OK,0.4,0.4,60.0,149.989,,1179.79,,,3.0,24.0
2026-08-05 10:28:25.129,399884,59986,150007920,1179.991784,,72.379,0x00,0x00,CURRENT,1,0,OK,0.4,0.4,60.0,149.989,,1179.79,,,3.0,24.0
2026-08-05 10:28:25.445,399898,59988,150007280,1179.985026,,72.694,0x00,0x00,CURRENT,1,0,OK,0.4,0.4,60.0,149.989,,1179.79,,,3.0,24.0
2026-08-05 10:28:25.648,399881,59985,150008336,1179.996177,,72.898,0x00,0x00,CURRENT,1,0,OK,0.4,0.4,60.0,150.001,,1179.921,,,3.0,24.0
2026-08-05 10:28:25.845,399905,59985,149998112,1179.888215,,73.095,0x00,0x00,CURRENT,1,0,OK,0.4,0.4,60.0,150.001,,1179.921,,,3.0,24.0
2026-08-05 10:28:26.129,399896,59988,150010288,1180.016789,,73.379,0x00,0x00,CURRENT,1,0,OK,0.4,0.4,60.0,150.001,,1179.921,,,3.0,24.0
2026-08-05 10:28:26.444,399898,59989,150011440,1180.028954,,73.694,0x00,0x00,CURRENT,1,0,OK,0.4,0.4,60.0,150.001,,1179.921,,,3.0,24.0
2026-08-05 10:28:26.644,399899,59991,150016432,1180.081668,,73.894,0x00,0x00,CURRENT,1,0,OK,0.4,0.4,60.0,150.001,,1179.921,,,3.0,24.0
2026-08-05 10:28:26.845,399966,59995,149999424,1179.902069,,74.095,0x00,0x00,CURRENT,1,0,OK,0.4,0.4,60.0,150.001,,1179.921,,,3.0,24.0
2026-08-05 10:28:27.129,399950,59995,150005520,1179.966441,,74.379,0x00,0x00,CURRENT,1,0,OK,0.4,0.4,60.0,150.001,,1179.921,,,3.0,24.0
2026-08-05 10:28:27.445,399901,59989,150009888,1180.012565,,74.694,0x00,0x00,CURRENT,1,0,OK,0.4,0.4,60.0,150.001,,1179.921,,,3.0,24.0
2026-08-05 10:28:27.648,399893,59985,150001552,1179.924540,,74.898,0x00,0x00,CURRENT,1,0,OK,0.4,0.4,60.0,149.979,,1179.69,,,3.0,24.0
2026-08-05 10:28:27.844,399858,59979,150001312,1179.922005,,75.094,0x00,0x00,CURRENT,1,0,OK,0.4,0.4,60.0,149.979,,1179.69,,,3.0,24.0
2026-08-05 10:28:28.129,399897,59984,149999088,1179.898521,,75.379,0x00,0x00,CURRENT,1,0,OK,0.4,0.4,60.0,149.979,,1179.69,,,3.0,24.0
2026-08-05 10:28:28.445,399899,59985,149999296,1179.900717,,75.695,0x00,0x00,CURRENT,1,0,OK,0.4,0.4,60.0,149.979,,1179.69,,,3.0,24.0
2026-08-05 10:28:28.645,399947,59990,149995824,1179.864054,,75.895,0x00,0x00,CURRENT,1,0,OK,0.4,0.4,60.0,149.979,,1179.69,,,3.0,24.0
2026-08-05 10:28:28.844,399927,59990,150001840,1179.927581,,76.094,0x00,0x00,CURRENT,1,0,OK,0.4,0.4,60.0,149.979,,1179.69,,,3.0,24.0
2026-08-05 10:28:29.129,399940,59989,149995888,1179.864730,,76.379,0x00,0x00,CURRENT,1,0,OK,0.4,0.4,60.0,149.979,,1179.69,,,3.0,24.0
2026-08-05 10:28:29.445,399940,59990,149997888,1179.885849,,76.695,0x00,0x00,CURRENT,1,0,OK,0.4,0.4,60.0,149.979,,1179.69,,,3.0,24.0
2026-08-05 10:28:29.648,399931,59989,149997648,1179.883315,,76.898,0x00,0x00,CURRENT,1,0,OK,0.4,0.4,60.0,149.991,,1179.815,,,3.0,24.0
2026-08-05 10:28:29.845,399878,59982,150000768,1179.916261,,77.095,0x00,0x00,CURRENT,1,0,OK,0.4,0.4,60.0,149.991,,1179.815,,,3.0,24.0
2026-08-05 10:28:30.129,399856,59982,150008400,1179.996852,,77.379,0x00,0x00,CURRENT,1,0,OK,0.4,0.4,60.0,149.991,,1179.815,,,3.0,24.0
2026-08-05 10:28:30.444,399840,59979,150006320,1179.974888,,77.694,0x00,0x00,CURRENT,1,0,OK,0.4,0.4,60.0,149.991,,1179.815,,,3.0,24.0
2026-08-05 10:28:30.644,399847,59979,150005984,1179.971340,,77.894,0x00,0x00,CURRENT,1,0,OK,0.4,0.4,60.0,149.991,,1179.815,,,3.0,24.0
2026-08-05 10:28:30.844,399814,59978,150015616,1180.073051,,78.094,0x00,0x00,CURRENT,1,0,OK,0.4,0.4,60.0,149.991,,1179.815,,,3.0,24.0
2026-08-05 10:28:31.129,399809,59980,150021440,1180.134551,,78.378,0x00,0x00,CURRENT,1,0,OK,0.4,0.4,60.0,149.991,,1179.815,,,3.0,24.0
2026-08-05 10:28:31.445,399777,59973,150016864,1180.086229,,78.695,0x00,0x00,CURRENT,1,0,OK,0.4,0.4,60.0,149.991,,1179.815,,,3.0,24.0
2026-08-05 10:28:31.648,399790,59973,150011760,1180.032333,,78.898,0x00,0x00,CURRENT,1,0,OK,0.4,0.4,60.0,149.998,,1179.887,,,3.0,24.0
2026-08-05 10:28:31.843,399800,59968,149995616,1179.861858,,79.093,0x00,0x00,CURRENT,1,0,OK,0.4,0.4,60.0,149.998,,1179.887,,,3.0,24.0
2026-08-05 10:28:32.129,399844,59972,149989328,1179.795458,,79.379,0x00,0x00,CURRENT,1,0,OK,0.4,0.4,60.0,149.998,,1179.887,,,3.0,24.0
2026-08-05 10:28:32.444,399887,59980,149993088,1179.835163,,79.694,0x00,0x00,CURRENT,1,0,OK,0.4,0.4,60.0,149.998,,1179.887,,,3.0,24.0
2026-08-05 10:28:32.644,399929,59986,149990544,1179.808299,,79.894,0x00,0x00,CURRENT,1,0,OK,0.4,0.4,60.0,149.998,,1179.887,,,3.0,24.0
2026-08-05 10:28:32.845,399913,59985,149994528,1179.850369,,80.095,0x00,0x00,CURRENT,1,0,OK,0.4,0.4,60.0,149.998,,1179.887,,,3.0,24.0
2026-08-05 10:28:33.129,399920,59987,149996496,1179.871150,,80.379,0x00,0x00,CURRENT,1,0,OK,0.4,0.4,60.0,149.998,,1179.887,,,3.0,24.0
2026-08-05 10:28:33.445,399888,59982,149998128,1179.888383,,80.694,0x00,0x00,CURRENT,1,0,OK,0.4,0.4,60.0,149.998,,1179.887,,,3.0,24.0
2026-08-05 10:28:33.648,399920,59984,149989952,1179.802048,,80.898,0x00,0x00,CURRENT,1,0,OK,0.4,0.4,60.0,150.0,,1179.912,,,3.0,24.0
2026-08-05 10:28:33.843,399907,59985,149997824,1179.885173,,81.093,0x00,0x00,CURRENT,1,0,OK,0.4,0.4,60.0,150.0,,1179.912,,,3.0,24.0
2026-08-05 10:28:34.129,399897,59985,150000352,1179.911868,,81.379,0x00,0x00,CURRENT,1,0,OK,0.4,0.4,60.0,150.0,,1179.912,,,3.0,24.0
2026-08-05 10:28:34.445,399908,59988,150003472,1179.944814,,81.695,0x00,0x00,CURRENT,1,0,OK,0.4,0.4,60.0,150.0,,1179.912,,,3.0,24.0
2026-08-05 10:28:34.644,399879,59986,150009712,1180.010707,,81.894,0x00,0x00,CURRENT,1,0,OK,0.4,0.4,60.0,150.0,,1179.912,,,3.0,24.0
2026-08-05 10:28:34.845,399866,59983,150007536,1179.987729,,82.095,0x00,0x00,CURRENT,1,0,OK,0.4,0.4,60.0,150.0,,1179.912,,,3.0,24.0
2026-08-05 10:28:35.129,399866,59982,150003904,1179.949376,,82.379,0x00,0x00,CURRENT,1,0,OK,0.4,0.4,60.0,150.0,,1179.912,,,3.0,24.0
2026-08-05 10:28:35.445,399838,59980,150009792,1180.011551,,82.695,0x00,0x00,CURRENT,1,0,OK,0.4,0.4,60.0,150.0,,1179.912,,,3.0,24.0
2026-08-05 10:28:35.648,399845,59981,150010832,1180.022534,,82.898,0x00,0x00,CURRENT,1,0,OK,0.4,0.4,60.0,149.986,,1179.758,,,3.0,24.0
2026-08-05 10:28:35.845,399851,59980,150006000,1179.971509,,83.095,0x00,0x00,CURRENT,1,0,OK,0.4,0.4,60.0,149.986,,1179.758,,,3.0,24.0
2026-08-05 10:28:36.129,399836,59977,150003392,1179.943970,,83.379,0x00,0x00,CURRENT,1,0,OK,0.4,0.4,60.0,149.986,,1179.758,,,3.0,24.0
2026-08-05 10:28:36.445,399872,59983,150004496,1179.955627,,83.695,0x00,0x00,CURRENT,1,0,OK,0.4,0.4,60.0,149.986,,1179.758,,,3.0,24.0
2026-08-05 10:28:36.645,399889,59981,149995008,1179.855437,,83.895,0x00,0x00,CURRENT,1,0,OK,0.4,0.4,60.0,149.986,,1179.758,,,3.0,24.0
2026-08-05 10:28:36.845,399865,59979,149997376,1179.880443,,84.095,0x00,0x00,CURRENT,1,0,OK,0.4,0.4,60.0,149.986,,1179.758,,,3.0,24.0
2026-08-05 10:28:37.129,399865,59979,149997424,1179.880949,,84.379,0x00,0x00,CURRENT,1,0,OK,0.4,0.4,60.0,149.986,,1179.758,,,3.0,24.0
2026-08-05 10:28:37.444,399856,59980,150005056,1179.961541,,84.694,0x00,0x00,CURRENT,1,0,OK,0.4,0.4,60.0,149.986,,1179.758,,,3.0,24.0
2026-08-05 10:28:37.648,399868,59979,149996288,1179.868954,,84.898,0x00,0x00,CURRENT,1,0,OK,0.4,0.4,60.0,149.998,,1179.887,,,3.0,24.0
2026-08-05 10:28:37.844,399914,59986,149995920,1179.865068,,85.094,0x00,0x00,CURRENT,1,0,OK,0.4,0.4,60.0,149.998,,1179.887,,,3.0,24.0
2026-08-05 10:28:38.129,399893,59982,149996096,1179.866926,,85.378,0x00,0x00,CURRENT,1,0,OK,0.4,0.4,60.0,149.998,,1179.887,,,3.0,24.0
2026-08-05 10:28:38.445,399858,59977,149994576,1179.850876,,85.695,0x00,0x00,CURRENT,1,0,OK,0.4,0.4,60.0,149.998,,1179.887,,,3.0,24.0
2026-08-05 10:28:38.644,399879,59978,149990928,1179.812354,,85.894,0x00,0x00,CURRENT,1,0,OK,0.4,0.4,60.0,149.998,,1179.887,,,3.0,24.0
2026-08-05 10:28:38.864,399876,59979,149995184,1179.857296,,86.113,0x00,0x00,CURRENT,1,0,OK,0.4,0.4,60.0,149.998,,1179.887,,,3.0,24.0
2026-08-05 10:28:39.129,399855,59980,150003872,1179.949038,,86.379,0x00,0x00,CURRENT,1,0,OK,0.4,0.4,60.0,149.998,,1179.887,,,3.0,24.0
2026-08-05 10:28:39.445,399839,59976,149999920,1179.907306,,86.694,0x00,0x00,CURRENT,1,0,OK,0.4,0.4,60.0,149.998,,1179.887,,,3.0,24.0
2026-08-05 10:28:39.648,399911,59982,149987552,1179.776704,,86.898,0x00,0x00,CURRENT,1,0,OK,0.4,0.4,60.0,150.004,,1179.956,,,3.0,24.0
2026-08-05 10:28:39.844,399891,59979,149987920,1179.780590,,87.094,0x00,0x00,CURRENT,1,0,OK,0.4,0.4,60.0,150.004,,1179.956,,,3.0,24.0
2026-08-05 10:28:40.129,399931,59986,149989648,1179.798837,,87.379,0x00,0x00,CURRENT,1,0,OK,0.4,0.4,60.0,150.004,,1179.956,,,3.0,24.0
2026-08-05 10:28:40.444,399934,59986,149990608,1179.808975,,87.694,0x00,0x00,CURRENT,1,0,OK,0.4,0.4,60.0,150.004,,1179.956,,,3.0,24.0
2026-08-05 10:28:40.644,399889,59983,149997936,1179.886356,,87.894,0x00,0x00,CURRENT,1,0,OK,0.4,0.4,60.0,150.004,,1179.956,,,3.0,24.0
2026-08-05 10:28:40.951,416755,62513,150000032,1179.908489,,88.201,0x00,0x00,CURRENT,1,0,OK,0.5,0.4,60.0,150.004,,1179.956,,,3.0,24.0
2026-08-05 10:28:41.244,416718,62512,150010960,1180.023885,,88.493,0x00,0x00,CURRENT,1,0,OK,0.5,0.4,60.0,150.004,,1179.956,,,3.0,24.0
2026-08-05 10:28:41.453,420950,63147,150010512,1180.019154,,88.702,0x00,0x00,CURRENT,1,0,OK,0.5,0.4,60.0,150.004,,1179.956,,,3.0,24.0
2026-08-05 10:28:41.643,424151,63625,150004896,1179.959851,,88.893,0x00,0x00,CURRENT,1,0,OK,0.5,0.404,61.0,149.982,,1179.723,,,4.0,24.0
2026-08-05 10:28:41.845,426515,63983,150012448,1180.039598,,89.095,0x00,0x00,CURRENT,1,0,OK,0.5,0.404,61.0,149.982,,1179.723,,,4.0,24.0
2026-08-05 10:28:42.044,432510,64883,150014320,1180.059366,,89.294,0x00,0x00,CURRENT,1,0,OK,0.5,0.404,61.0,149.982,,1179.723,,,4.0,24.0
2026-08-05 10:28:42.244,436942,65551,150022016,1180.140633,,89.494,0x00,0x00,CURRENT,1,0,OK,0.5,0.404,61.0,149.982,,1179.723,,,4.0,24.0
2026-08-05 10:28:42.529,443713,66558,150001808,1179.927243,,89.779,0x00,0x00,CURRENT,1,0,OK,0.5,0.404,61.0,149.982,,1179.723,,,4.0,24.0
2026-08-05 10:28:42.844,448755,67312,149996864,1179.875036,,90.094,0x00,0x00,CURRENT,1,0,OK,0.5,0.404,61.0,149.982,,1179.723,,,4.0,24.0
2026-08-05 10:28:43.044,455920,68386,149995024,1179.855606,,90.293,0x00,0x00,CURRENT,1,0,OK,0.5,0.404,61.0,149.982,,1179.723,,,4.0,24.0
2026-08-05 10:28:43.245,461312,69197,150000256,1179.910854,,90.495,0x00,0x00,CURRENT,1,0,OK,0.5,0.404,61.0,149.982,,1179.723,,,4.0,24.0
2026-08-05 10:28:43.528,467854,70177,149996656,1179.872840,,90.778,0x00,0x00,CURRENT,1,0,OK,0.5,0.404,61.0,149.982,,1179.723,,,4.0,24.0
2026-08-05 10:28:43.845,472770,70914,149996448,1179.870643,,91.094,0x00,0x00,CURRENT,1,0,OK,0.5,0.443,66.0,149.995,,1179.853,,,5.0,29.0
2026-08-05 10:28:44.045,478190,71726,149995232,1179.857803,,91.295,0x00,0x00,CURRENT,1,0,OK,0.5,0.443,66.0,149.995,,1179.853,,,5.0,29.0
2026-08-05 10:28:44.244,482237,72331,149990560,1179.808468,,91.493,0x00,0x00,CURRENT,1,0,OK,0.5,0.443,66.0,149.995,,1179.853,,,5.0,29.0
2026-08-05 10:28:44.529,486903,73033,149995232,1179.857803,,91.779,0x00,0x00,CURRENT,1,0,OK,0.5,0.443,66.0,149.995,,1179.853,,,5.0,29.0
2026-08-05 10:28:44.845,490440,73562,149991264,1179.815902,,92.095,0x00,0x00,CURRENT,1,0,OK,0.5,0.443,66.0,149.995,,1179.853,,,5.0,29.0
2026-08-05 10:28:45.044,493904,74081,149991168,1179.814888,,92.294,0x00,0x00,CURRENT,1,0,OK,0.5,0.443,66.0,149.995,,1179.853,,,5.0,29.0
2026-08-05 10:28:45.244,496520,74475,149994208,1179.846990,,92.494,0x00,0x00,CURRENT,1,0,OK,0.5,0.443,66.0,149.995,,1179.853,,,5.0,29.0
2026-08-05 10:28:45.528,499377,74899,149985168,1179.751530,,92.778,0x00,0x00,CURRENT,1,0,OK,0.5,0.443,66.0,149.995,,1179.853,,,5.0,29.0
2026-08-05 10:28:45.845,501520,75217,149977280,1179.668235,,93.095,0x00,0x00,CURRENT,1,0,OK,0.5,0.481,72.0,149.993,,1179.838,,,5.0,35.0
2026-08-05 10:28:46.044,503882,75573,149981984,1179.717908,,93.294,0x00,0x00,CURRENT,1,0,OK,0.5,0.481,72.0,149.993,,1179.838,,,5.0,35.0
2026-08-05 10:28:46.244,505700,75847,149983472,1179.733621,,93.494,0x00,0x00,CURRENT,1,0,OK,0.5,0.481,72.0,149.993,,1179.838,,,5.0,35.0
2026-08-05 10:28:46.529,507045,76050,149987168,1179.772650,,93.779,0x00,0x00,CURRENT,1,0,OK,0.5,0.481,72.0,149.993,,1179.838,,,5.0,35.0
2026-08-05 10:28:46.845,508072,76206,149990288,1179.805596,,94.094,0x00,0x00,CURRENT,1,0,OK,0.5,0.481,72.0,149.993,,1179.838,,,5.0,35.0
2026-08-05 10:28:47.044,508861,76327,149995360,1179.859154,,94.294,0x00,0x00,CURRENT,1,0,OK,0.5,0.481,72.0,149.993,,1179.838,,,5.0,35.0
2026-08-05 10:28:47.244,509435,76414,149996720,1179.873515,,94.494,0x00,0x00,CURRENT,1,0,OK,0.5,0.481,72.0,149.993,,1179.838,,,5.0,35.0
2026-08-05 10:28:47.528,509855,76477,149997840,1179.885342,,94.778,0x00,0x00,CURRENT,1,0,OK,0.5,0.481,72.0,149.993,,1179.838,,,5.0,35.0
2026-08-05 10:28:47.844,510115,76516,149997824,1179.885173,,95.093,0x00,0x00,CURRENT,1,0,OK,0.5,0.501,75.0,149.997,,1179.872,,,5.0,38.0
2026-08-05 10:28:48.044,510337,76549,149996336,1179.869461,,95.294,0x00,0x00,CURRENT,1,0,OK,0.5,0.501,75.0,149.997,,1179.872,,,5.0,38.0
2026-08-05 10:28:48.245,510458,76569,150000128,1179.909503,,95.495,0x00,0x00,CURRENT,1,0,OK,0.5,0.501,75.0,149.997,,1179.872,,,5.0,38.0
2026-08-05 10:28:48.529,510567,76584,149997792,1179.884835,,95.779,0x00,0x00,CURRENT,1,0,OK,0.5,0.501,75.0,149.997,,1179.872,,,5.0,38.0
2026-08-05 10:28:48.845,510658,76595,149992992,1179.834149,,96.095,0x00,0x00,CURRENT,1,0,OK,0.5,0.501,75.0,149.997,,1179.872,,,5.0,38.0
2026-08-05 10:28:49.045,509934,76486,149991712,1179.820633,,96.295,0x00,0x00,CURRENT,1,0,OK,0.5,0.501,75.0,149.997,,1179.872,,,5.0,38.0
2026-08-05 10:28:49.244,509391,76406,149994864,1179.853917,,96.493,0x00,0x00,CURRENT,1,0,OK,0.5,0.501,75.0,149.997,,1179.872,,,5.0,38.0
2026-08-05 10:28:49.528,509030,76352,149994944,1179.854762,,96.778,0x00,0x00,CURRENT,1,0,OK,0.5,0.501,75.0,149.997,,1179.872,,,5.0,38.0
2026-08-05 10:28:49.845,508731,76306,149992656,1179.830601,,97.095,0x00,0x00,CURRENT,1,0,OK,0.5,0.507,76.0,149.998,,1179.891,,,5.0,39.0
2026-08-05 10:28:50.044,508470,76266,149990784,1179.810833,,97.294,0x00,0x00,CURRENT,1,0,OK,0.5,0.507,76.0,149.998,,1179.891,,,5.0,39.0
2026-08-05 10:28:50.244,508265,76235,149991536,1179.818774,,97.494,0x00,0x00,CURRENT,1,0,OK,0.5,0.507,76.0,149.998,,1179.891,,,5.0,39.0
2026-08-05 10:28:50.529,507272,76088,149994928,1179.854593,,97.778,0x00,0x00,CURRENT,1,0,OK,0.5,0.507,76.0,149.998,,1179.891,,,5.0,39.0
2026-08-05 10:28:50.845,506575,75982,149991936,1179.822998,,98.094,0x00,0x00,CURRENT,1,0,OK,0.5,0.507,76.0,149.998,,1179.891,,,5.0,39.0
2026-08-05 10:28:51.043,506042,75906,149998656,1179.893959,,98.293,0x00,0x00,CURRENT,1,0,OK,0.5,0.507,76.0,149.998,,1179.891,,,5.0,39.0
2026-08-05 10:28:51.245,505633,75845,149999680,1179.904772,,98.495,0x00,0x00,CURRENT,1,0,OK,0.5,0.507,76.0,149.998,,1179.891,,,5.0,39.0
2026-08-05 10:28:51.528,505336,75800,149999152,1179.899197,,98.778,0x00,0x00,CURRENT,1,0,OK,0.5,0.507,76.0,149.998,,1179.891,,,5.0,39.0
2026-08-05 10:28:51.845,505094,75767,150005488,1179.966103,,99.094,0x00,0x00,CURRENT,1,0,OK,0.5,0.506,76.0,149.999,,1179.9,,,5.0,38.0
2026-08-05 10:28:52.044,504102,75618,150004496,1179.955627,,99.293,0x00,0x00,CURRENT,1,0,OK,0.5,0.506,76.0,149.999,,1179.9,,,5.0,38.0
2026-08-05 10:28:52.245,503348,75507,150010096,1180.014762,,99.494,0x00,0x00,CURRENT,1,0,OK,0.5,0.506,76.0,149.999,,1179.9,,,5.0,38.0
2026-08-05 10:28:52.529,502765,75419,150007664,1179.989081,,99.779,0x00,0x00,CURRENT,1,0,OK,0.5,0.506,76.0,149.999,,1179.9,,,5.0,38.0
2026-08-05 10:28:52.845,502401,75362,150002928,1179.939070,,100.095,0x00,0x00,CURRENT,1,0,OK,0.5,0.506,76.0,149.999,,1179.9,,,5.0,38.0
2026-08-05 10:28:53.044,502110,75318,150003456,1179.944645,,100.294,0x00,0x00,CURRENT,1,0,OK,0.5,0.506,76.0,149.999,,1179.9,,,5.0,38.0
2026-08-05 10:28:53.244,501901,75286,150001664,1179.925722,,100.494,0x00,0x00,CURRENT,1,0,OK,0.5,0.506,76.0,149.999,,1179.9,,,5.0,38.0
2026-08-05 10:28:53.528,501745,75263,150003296,1179.942956,,100.778,0x00,0x00,CURRENT,1,0,OK,0.5,0.506,76.0,149.999,,1179.9,,,5.0,38.0
2026-08-05 10:28:53.844,501580,75244,150013680,1180.052607,,101.094,0x00,0x00,CURRENT,1,0,OK,0.5,0.503,75.0,150.006,,1179.971,,,5.0,38.0
2026-08-05 10:28:54.045,500665,75103,150007456,1179.986884,,101.295,0x00,0x00,CURRENT,1,0,OK,0.5,0.503,75.0,150.006,,1179.971,,,5.0,38.0
2026-08-05 10:28:54.244,499969,75000,150008240,1179.995163,,101.494,0x00,0x00,CURRENT,1,0,OK,0.5,0.503,75.0,150.006,,1179.971,,,5.0,38.0
2026-08-05 10:28:54.529,499382,74913,150011696,1180.031657,,101.779,0x00,0x00,CURRENT,1,0,OK,0.5,0.503,75.0,150.006,,1179.971,,,5.0,38.0
2026-08-05 10:28:54.845,499035,74855,150000032,1179.908489,,102.095,0x00,0x00,CURRENT,1,0,OK,0.5,0.503,75.0,150.006,,1179.971,,,5.0,38.0
2026-08-05 10:28:55.044,498737,74809,149996192,1179.867940,,102.294,0x00,0x00,CURRENT,1,0,OK,0.5,0.503,75.0,150.006,,1179.971,,,5.0,38.0
2026-08-05 10:28:55.244,498495,74773,149997120,1179.877739,,102.493,0x00,0x00,CURRENT,1,0,OK,0.5,0.503,75.0,150.006,,1179.971,,,5.0,38.0
2026-08-05 10:28:55.528,498295,74742,149995920,1179.865068,,102.778,0x00,0x00,CURRENT,1,0,OK,0.5,0.503,75.0,150.006,,1179.971,,,5.0,38.0
2026-08-05 10:28:55.845,498183,74725,149994592,1179.851044,,103.095,0x00,0x00,CURRENT,1,0,OK,0.5,0.5,75.0,150.001,,1179.922,,,5.0,37.0
2026-08-05 10:28:56.044,498079,74707,149990512,1179.807961,,103.294,0x00,0x00,CURRENT,1,0,OK,0.5,0.5,75.0,150.001,,1179.922,,,5.0,37.0
2026-08-05 10:28:56.244,498021,74700,149992960,1179.833811,,103.494,0x00,0x00,CURRENT,1,0,OK,0.5,0.5,75.0,150.001,,1179.922,,,5.0,37.0
2026-08-05 10:28:56.529,497958,74691,149994992,1179.855268,,103.778,0x00,0x00,CURRENT,1,0,OK,0.5,0.5,75.0,150.001,,1179.922,,,5.0,37.0
2026-08-05 10:28:56.845,497874,74682,150002064,1179.929946,,104.095,0x00,0x00,CURRENT,1,0,OK,0.5,0.5,75.0,150.001,,1179.922,,,5.0,37.0
2026-08-05 10:28:57.044,498668,74802,150003328,1179.943294,,104.294,0x00,0x00,CURRENT,1,0,OK,0.5,0.5,75.0,150.001,,1179.922,,,5.0,37.0
2026-08-05 10:28:57.244,499310,74896,149999264,1179.900379,,104.494,0x00,0x00,CURRENT,1,0,OK,0.5,0.5,75.0,150.001,,1179.922,,,5.0,37.0
2026-08-05 10:28:57.528,499745,74958,149991648,1179.819957,,104.778,0x00,0x00,CURRENT,1,0,OK,0.5,0.5,75.0,150.001,,1179.922,,,5.0,37.0
2026-08-05 10:28:57.845,500090,75006,149984256,1179.741900,,105.095,0x00,0x00,CURRENT,1,0,OK,0.5,0.499,75.0,149.996,,1179.868,,,5.0,37.0
2026-08-05 10:28:58.044,500321,75044,149990672,1179.809651,,105.293,0x00,0x00,CURRENT,1,0,OK,0.5,0.499,75.0,149.996,,1179.868,,,5.0,37.0
2026-08-05 10:28:58.245,500550,75078,149990384,1179.806609,,105.495,0x00,0x00,CURRENT,1,0,OK,0.5,0.499,75.0,149.996,,1179.868,,,5.0,37.0
2026-08-05 10:28:58.529,500675,75098,149993680,1179.841414,,105.779,0x00,0x00,CURRENT,1,0,OK,0.5,0.499,75.0,149.996,,1179.868,,,5.0,37.0
2026-08-05 10:28:58.844,500751,75109,149993376,1179.838204,,106.094,0x00,0x00,CURRENT,1,0,OK,0.5,0.499,75.0,149.996,,1179.868,,,5.0,37.0
2026-08-05 10:28:59.044,500826,75121,149995024,1179.855606,,106.294,0x00,0x00,CURRENT,1,0,OK,0.5,0.499,75.0,149.996,,1179.868,,,5.0,37.0
2026-08-05 10:28:59.244,500873,75131,149999344,1179.901224,,106.493,0x00,0x00,CURRENT,1,0,OK,0.5,0.499,75.0,149.996,,1179.868,,,5.0,37.0
2026-08-05 10:28:59.528,500926,75138,149997296,1179.879598,,106.778,0x00,0x00,CURRENT,1,0,OK,0.5,0.499,75.0,149.996,,1179.868,,,5.0,37.0
2026-08-05 10:28:59.844,500967,75142,149993680,1179.841414,,107.093,0x00,0x00,CURRENT,1,0,OK,0.5,0.501,75.0,149.997,,1179.874,,,5.0,38.0
2026-08-05 10:29:00.045,500960,75143,149997072,1179.877232,,107.295,0x00,0x00,CURRENT,1,0,OK,0.5,0.501,75.0,149.997,,1179.874,,,5.0,38.0
2026-08-05 10:29:00.244,501038,75152,149992992,1179.834149,,107.494,0x00,0x00,CURRENT,1,0,OK,0.5,0.501,75.0,149.997,,1179.874,,,5.0,38.0
2026-08-05 10:29:00.529,501060,75155,149992128,1179.825025,,107.779,0x00,0x00,CURRENT,1,0,OK,0.5,0.501,75.0,149.997,,1179.874,,,5.0,38.0
2026-08-05 10:29:00.845,501076,75159,149995360,1179.859154,,108.095,0x00,0x00,CURRENT,1,0,OK,0.5,0.501,75.0,149.997,,1179.874,,,5.0,38.0
2026-08-05 10:29:01.044,500222,75033,150000384,1179.912206,,108.293,0x00,0x00,CURRENT,1,0,OK,0.5,0.501,75.0,149.997,,1179.874,,,5.0,38.0
2026-08-05 10:29:01.245,499618,74942,149998960,1179.897169,,108.495,0x00,0x00,CURRENT,1,0,OK,0.5,0.501,75.0,149.997,,1179.874,,,5.0,38.0
2026-08-05 10:29:01.528,499137,74870,149999696,1179.904941,,108.778,0x00,0x00,CURRENT,1,0,OK,0.5,0.501,75.0,149.997,,1179.874,,,5.0,38.0
2026-08-05 10:29:01.845,498749,74810,149994880,1179.854086,,109.095,0x00,0x00,CURRENT,1,0,OK,0.5,0.5,75.0,150.0,,1179.906,,,5.0,38.0
2026-08-05 10:29:02.044,498448,74764,149993760,1179.842259,,109.293,0x00,0x00,CURRENT,1,0,OK,0.5,0.5,75.0,150.0,,1179.906,,,5.0,38.0
2026-08-05 10:29:02.246,498232,74734,149998832,1179.895817,,109.496,0x00,0x00,CURRENT,1,0,OK,0.5,0.5,75.0,150.0,,1179.906,,,5.0,38.0
2026-08-05 10:29:02.529,498918,74838,150000816,1179.916768,,109.778,0x00,0x00,CURRENT,1,0,OK,0.5,0.5,75.0,150.0,,1179.906,,,5.0,38.0
2026-08-05 10:29:02.845,499451,74917,149999104,1179.898690,,110.094,0x00,0x00,CURRENT,1,0,OK,0.5,0.5,75.0,150.0,,1179.906,,,5.0,38.0
2026-08-05 10:29:03.045,499842,74973,149994336,1179.848341,,110.295,0x00,0x00,CURRENT,1,0,OK,0.5,0.5,75.0,150.0,,1179.906,,,5.0,38.0
2026-08-05 10:29:03.245,500153,75021,149996224,1179.868278,,110.495,0x00,0x00,CURRENT,1,0,OK,0.5,0.5,75.0,150.0,,1179.906,,,5.0,38.0
2026-08-05 10:29:03.528,500359,75053,149998864,1179.896155,,110.778,0x00,0x00,CURRENT,1,0,OK,0.5,0.5,75.0,150.0,,1179.906,,,5.0,38.0
2026-08-05 10:29:03.845,500523,75078,150000128,1179.909503,,111.095,0x00,0x00,CURRENT,1,0,OK,0.5,0.5,75.0,149.998,,1179.889,,,5.0,37.0
2026-08-05 10:29:04.044,500664,75101,150002368,1179.933156,,111.293,0x00,0x00,CURRENT,1,0,OK,0.5,0.5,75.0,149.998,,1179.889,,,5.0,37.0
2026-08-05 10:29:04.245,500789,75116,149995792,1179.863716,,111.494,0x00,0x00,CURRENT,1,0,OK,0.5,0.5,75.0,149.998,,1179.889,,,5.0,37.0
2026-08-05 10:29:04.529,500798,75120,149999552,1179.903420,,111.778,0x00,0x00,CURRENT,1,0,OK,0.5,0.5,75.0,149.998,,1179.889,,,5.0,37.0
2026-08-05 10:29:04.845,500815,75124,150002848,1179.938225,,112.094,0x00,0x00,CURRENT,1,0,OK,0.5,0.5,75.0,149.998,,1179.889,,,5.0,37.0
2026-08-05 10:29:05.044,500846,75127,149999472,1179.902576,,112.293,0x00,0x00,CURRENT,1,0,OK,0.5,0.5,75.0,149.998,,1179.889,,,5.0,37.0
2026-08-05 10:29:05.244,500962,75140,149991104,1179.814212,,112.493,0x00,0x00,CURRENT,1,0,OK,0.5,0.5,75.0,149.998,,1179.889,,,5.0,37.0
2026-08-05 10:29:05.528,500956,75140,149993616,1179.840738,,112.778,0x00,0x00,CURRENT,1,0,OK,0.5,0.5,75.0,149.998,,1179.889,,,5.0,37.0
2026-08-05 10:29:05.845,500999,75143,149986640,1179.767074,,113.095,0x00,0x00,CURRENT,1,0,OK,0.5,0.501,75.0,150.006,,1179.977,,,5.0,38.0
2026-08-05 10:29:06.045,500154,75019,149992144,1179.825194,,113.294,0x00,0x00,CURRENT,1,0,OK,0.5,0.501,75.0,150.006,,1179.977,,,5.0,38.0
2026-08-05 10:29:06.245,499530,74931,150002176,1179.931129,,113.495,0x00,0x00,CURRENT,1,0,OK,0.5,0.501,75.0,150.006,,1179.977,,,5.0,38.0
2026-08-05 10:29:06.529,499081,74865,150005600,1179.967285,,113.778,0x00,0x00,CURRENT,1,0,OK,0.5,0.501,75.0,150.006,,1179.977,,,5.0,38.0
2026-08-05 10:29:06.845,498744,74813,150002480,1179.934339,,114.094,0x00,0x00,CURRENT,1,0,OK,0.5,0.501,75.0,150.006,,1179.977,,,5.0,38.0
2026-08-05 10:29:07.046,499246,74893,150011360,1180.028109,,114.295,0x00,0x00,CURRENT,1,0,OK,0.5,0.501,75.0,150.006,,1179.977,,,5.0,38.0
2026-08-05 10:29:07.245,499688,74960,150013088,1180.046356,,114.494,0x00,0x00,CURRENT,1,0,OK,0.5,0.501,75.0,150.006,,1179.977,,,5.0,38.0
2026-08-05 10:29:07.528,500010,75008,150013328,1180.048890,,114.778,0x00,0x00,CURRENT,1,0,OK,0.5,0.501,75.0,150.006,,1179.977,,,5.0,38.0
2026-08-05 10:29:07.845,500242,75045,150018064,1180.098901,,115.094,0x00,0x00,CURRENT,1,0,OK,0.5,0.5,75.0,150.007,,1179.978,,,5.0,37.0
2026-08-05 10:29:08.045,500454,75074,150012800,1180.043315,,115.294,0x00,0x00,CURRENT,1,0,OK,0.5,0.5,75.0,150.007,,1179.978,,,5.0,37.0
2026-08-05 10:29:08.245,500631,75095,150000032,1179.908489,,115.494,0x00,0x00,CURRENT,1,0,OK,0.5,0.5,75.0,150.007,,1179.978,,,5.0,37.0
2026-08-05 10:29:08.529,500726,75109,150000144,1179.909672,,115.778,0x00,0x00,CURRENT,1,0,OK,0.5,0.5,75.0,150.007,,1179.978,,,5.0,37.0
2026-08-05 10:29:08.845,500770,75117,150002304,1179.932481,,116.094,0x00,0x00,CURRENT,1,0,OK,0.5,0.5,75.0,150.007,,1179.978,,,5.0,37.0
2026-08-05 10:29:09.044,499955,74990,149993456,1179.839049,,116.293,0x00,0x00,CURRENT,1,0,OK,0.5,0.5,75.0,150.007,,1179.978,,,5.0,37.0
2026-08-05 10:29:09.245,499334,74897,149993824,1179.842935,,116.494,0x00,0x00,CURRENT,1,0,OK,0.5,0.5,75.0,150.007,,1179.978,,,5.0,37.0
2026-08-05 10:29:09.528,498868,74830,149999168,1179.899366,,116.778,0x00,0x00,CURRENT,1,0,OK,0.5,0.5,75.0,150.007,,1179.978,,,5.0,37.0
2026-08-05 10:29:09.845,498482,74775,150005424,1179.965427,,117.094,0x00,0x00,CURRENT,1,0,OK,0.5,0.5,75.0,149.994,,1179.842,,,5.0,37.0
2026-08-05 10:29:10.045,499022,74856,150006416,1179.975902,,117.294,0x00,0x00,CURRENT,1,0,OK,0.5,0.5,75.0,149.994,,1179.842,,,5.0,37.0
2026-08-05 10:29:10.245,499510,74928,150003792,1179.948193,,117.494,0x00,0x00,CURRENT,1,0,OK,0.5,0.5,75.0,149.994,,1179.842,,,5.0,37.0
2026-08-05 10:29:10.528,499849,74980,150005776,1179.969144,,117.778,0x00,0x00,CURRENT,1,0,OK,0.5,0.5,75.0,149.994,,1179.842,,,5.0,37.0
2026-08-05 10:29:10.845,500131,75023,150006928,1179.981309,,118.094,0x00,0x00,CURRENT,1,0,OK,0.5,0.5,75.0,149.994,,1179.842,,,5.0,37.0
2026-08-05 10:29:11.046,500351,75058,150010976,1180.024054,,118.295,0x00,0x00,CURRENT,1,0,OK,0.5,0.5,75.0,149.994,,1179.842,,,5.0,37.0
2026-08-05 10:29:11.245,500535,75082,150003632,1179.946504,,118.494,0x00,0x00,CURRENT,1,0,OK,0.5,0.5,75.0,149.994,,1179.842,,,5.0,37.0
2026-08-05 10:29:11.528,500655,75097,149998336,1179.890580,,118.778,0x00,0x00,CURRENT,1,0,OK,0.5,0.5,75.0,149.994,,1179.842,,,5.0,37.0
2026-08-05 10:29:11.845,500754,75114,150001136,1179.920147,,119.094,0x00,0x00,CURRENT,1,0,OK,0.5,0.5,75.0,150.004,,1179.956,,,5.0,38.0
2026-08-05 10:29:12.045,500884,75132,149999328,1179.901055,,119.294,0x00,0x00,CURRENT,1,0,OK,0.5,0.5,75.0,150.004,,1179.956,,,5.0,38.0
2026-08-05 10:29:12.244,500954,75141,149996800,1179.874360,,119.494,0x00,0x00,CURRENT,1,0,OK,0.5,0.5,75.0,150.004,,1179.956,,,5.0,38.0
2026-08-05 10:29:12.529,500083,75014,150002880,1179.938563,,119.778,0x00,0x00,CURRENT,1,0,OK,0.5,0.5,75.0,150.004,,1179.956,,,5.0,38.0
2026-08-05 10:29:12.845,499458,74919,150000560,1179.914065,,120.094,0x00,0x00,CURRENT,1,0,OK,0.5,0.5,75.0,150.004,,1179.956,,,5.0,38.0
2026-08-05 10:29:13.045,498999,74850,150000496,1179.913389,,120.294,0x00,0x00,CURRENT,1,0,OK,0.5,0.5,75.0,150.004,,1179.956,,,5.0,38.0
2026-08-05 10:29:13.245,498636,74800,150008768,1180.000738,,120.494,0x00,0x00,CURRENT,1,0,OK,0.5,0.5,75.0,150.004,,1179.956,,,5.0,38.0
2026-08-05 10:29:13.528,499249,74891,150007360,1179.985870,,120.778,0x00,0x00,CURRENT,1,0,OK,0.5,0.5,75.0,150.004,,1179.956,,,5.0,38.0
2026-08-05 10:29:13.845,499671,74951,149999840,1179.906462,,121.094,0x00,0x00,CURRENT,1,0,OK,0.5,0.499,75.0,150.009,,1180.0,,,5.0,37.0
2026-08-05 10:29:14.045,499904,74985,149998448,1179.891763,,121.294,0x00,0x00,CURRENT,1,0,OK,0.5,0.499,75.0,150.009,,1180.0,,,5.0,37.0
2026-08-05 10:29:14.245,500107,75018,150003952,1179.949883,,121.494,0x00,0x00,CURRENT,1,0,OK,0.5,0.499,75.0,150.009,,1180.0,,,5.0,37.0
2026-08-05 10:29:14.529,500371,75051,149989792,1179.800358,,121.778,0x00,0x00,CURRENT,1,0,OK,0.5,0.499,75.0,150.009,,1180.0,,,5.0,37.0
2026-08-05 10:29:14.845,500476,75068,149993664,1179.841245,,122.094,0x00,0x00,CURRENT,1,0,OK,0.5,0.499,75.0,150.009,,1180.0,,,5.0,37.0
2026-08-05 10:29:15.045,500554,75083,149999568,1179.903589,,122.294,0x00,0x00,CURRENT,1,0,OK,0.5,0.499,75.0,150.009,,1180.0,,,5.0,37.0
2026-08-05 10:29:15.244,500632,75096,150002288,1179.932312,,122.493,0x00,0x00,CURRENT,1,0,OK,0.5,0.499,75.0,150.009,,1180.0,,,5.0,37.0
2026-08-05 10:29:15.528,500746,75112,150000704,1179.915585,,122.778,0x00,0x00,CURRENT,1,0,OK,0.5,0.499,75.0,150.009,,1180.0,,,5.0,37.0
2026-08-05 10:29:15.844,500785,75121,150006016,1179.971678,,123.094,0x00,0x00,CURRENT,1,0,OK,0.5,0.5,75.0,149.999,,1179.893,,,5.0,38.0
2026-08-05 10:29:16.045,499975,74994,149994960,1179.854930,,123.294,0x00,0x00,CURRENT,1,0,OK,0.5,0.5,75.0,149.999,,1179.893,,,5.0,38.0
2026-08-05 10:29:16.246,499396,74907,149994400,1179.849017,,123.495,0x00,0x00,CURRENT,1,0,OK,0.5,0.5,75.0,149.999,,1179.893,,,5.0,38.0
2026-08-05 10:29:16.529,499772,74962,149991712,1179.820633,,123.778,0x00,0x00,CURRENT,1,0,OK,0.5,0.5,75.0,149.999,,1179.893,,,5.0,38.0
2026-08-05 10:29:16.845,500083,75008,149990592,1179.808806,,124.094,0x00,0x00,CURRENT,1,0,OK,0.5,0.5,75.0,149.999,,1179.893,,,5.0,38.0
2026-08-05 10:29:17.045,499439,74913,149994848,1179.853748,,124.294,0x00,0x00,CURRENT,1,0,OK,0.5,0.5,75.0,149.999,,1179.893,,,5.0,38.0
2026-08-05 10:29:17.245,498975,74846,150000224,1179.910517,,124.494,0x00,0x00,CURRENT,1,0,OK,0.5,0.5,75.0,149.999,,1179.893,,,5.0,38.0
2026-08-05 10:29:17.528,499503,74926,150000960,1179.918288,,124.777,0x00,0x00,CURRENT,1,0,OK,0.5,0.5,75.0,149.999,,1179.893,,,5.0,38.0
2026-08-05 10:29:17.845,499918,74989,150002176,1179.931129,,125.094,0x00,0x00,CURRENT,1,0,OK,0.5,0.499,75.0,150.005,,1179.96,,,5.0,37.0
2026-08-05 10:29:18.044,500173,75027,150001936,1179.928595,,125.294,0x00,0x00,CURRENT,1,0,OK,0.5,0.499,75.0,150.005,,1179.96,,,5.0,37.0
2026-08-05 10:29:18.244,500365,75057,150005056,1179.961541,,125.494,0x00,0x00,CURRENT,1,0,OK,0.5,0.499,75.0,150.005,,1179.96,,,5.0,37.0
2026-08-05 10:29:18.529,500555,75082,149996976,1179.876219,,125.778,0x00,0x00,CURRENT,1,0,OK,0.5,0.499,75.0,150.005,,1179.96,,,5.0,37.0
2026-08-05 10:29:18.845,500670,75098,149994560,1179.850707,,126.094,0x00,0x00,CURRENT,1,0,OK,0.5,0.499,75.0,150.005,,1179.96,,,5.0,37.0
2026-08-05 10:29:19.044,500709,75105,149997120,1179.877739,,126.294,0x00,0x00,CURRENT,1,0,OK,0.5,0.499,75.0,150.005,,1179.96,,,5.0,37.0
2026-08-05 10:29:19.246,500804,75115,149989664,1179.799006,,126.495,0x00,0x00,CURRENT,1,0,OK,0.5,0.499,75.0,150.005,,1179.96,,,5.0,37.0
2026-08-05 10:29:19.528,499989,74994,149990752,1179.810495,,126.778,0x00,0x00,CURRENT,1,0,OK,0.5,0.499,75.0,150.005,,1179.96,,,5.0,37.0
2026-08-05 10:29:19.844,499369,74902,149994048,1179.845300,,127.094,0x00,0x00,CURRENT,1,0,OK,0.5,0.5,75.0,150.003,,1179.935,,,5.0,38.0
2026-08-05 10:29:20.045,499715,74957,149999664,1179.904603,,127.294,0x00,0x00,CURRENT,1,0,OK,0.5,0.5,75.0,150.003,,1179.935,,,5.0,38.0
2026-08-05 10:29:20.244,500021,75001,149996480,1179.870981,,127.494,0x00,0x00,CURRENT,1,0,OK,0.5,0.5,75.0,150.003,,1179.935,,,5.0,38.0
2026-08-05 10:29:20.528,500204,75027,149993392,1179.838373,,127.778,0x00,0x00,CURRENT,1,0,OK,0.5,0.5,75.0,150.003,,1179.935,,,5.0,38.0
2026-08-05 10:29:20.845,500369,75053,149994656,1179.851720,,128.094,0x00,0x00,CURRENT,1,0,OK,0.5,0.5,75.0,150.003,,1179.935,,,5.0,38.0
2026-08-05 10:29:21.045,499645,74948,150003392,1179.943970,,128.294,0x00,0x00,CURRENT,1,0,OK,0.5,0.5,75.0,150.003,,1179.935,,,5.0,38.0
2026-08-05 10:29:21.244,499064,74864,150008576,1179.998711,,128.494,0x00,0x00,CURRENT,1,0,OK,0.5,0.5,75.0,150.003,,1179.935,,,5.0,38.0
2026-08-05 10:29:21.528,499468,74924,150008688,1179.999894,,128.777,0x00,0x00,CURRENT,1,0,OK,0.5,0.5,75.0,150.003,,1179.935,,,5.0,38.0
2026-08-05 10:29:21.843,499761,74969,150010656,1180.020675,,129.093,0x00,0x00,CURRENT,1,0,OK,0.5,0.5,75.0,150.003,,1179.935,,,5.0,37.0
2026-08-05 10:29:22.044,500083,75017,150008560,1179.998542,,129.294,0x00,0x00,CURRENT,1,0,OK,0.5,0.5,75.0,150.003,,1179.935,,,5.0,37.0
2026-08-05 10:29:22.244,500260,75040,150002672,1179.936367,,129.494,0x00,0x00,CURRENT,1,0,OK,0.5,0.5,75.0,150.003,,1179.935,,,5.0,37.0
2026-08-05 10:29:22.528,500402,75064,150008016,1179.992798,,129.778,0x00,0x00,CURRENT,1,0,OK,0.5,0.5,75.0,150.003,,1179.935,,,5.0,37.0
2026-08-05 10:29:22.844,500536,75081,150002144,1179.930791,,130.094,0x00,0x00,CURRENT,1,0,OK,0.5,0.5,75.0,150.003,,1179.935,,,5.0,37.0
2026-08-05 10:29:23.045,499742,74964,150004528,1179.955965,,130.294,0x00,0x00,CURRENT,1,0,OK,0.5,0.5,75.0,150.003,,1179.935,,,5.0,37.0
2026-08-05 10:29:23.245,499184,74882,150008576,1179.998711,,130.494,0x00,0x00,CURRENT,1,0,OK,0.5,0.5,75.0,150.003,,1179.935,,,5.0,37.0
2026-08-05 10:29:23.528,499594,74943,150008576,1179.998711,,130.778,0x00,0x00,CURRENT,1,0,OK,0.5,0.5,75.0,150.003,,1179.935,,,5.0,37.0
2026-08-05 10:29:23.845,499912,74991,150008720,1180.000232,,131.094,0x00,0x00,CURRENT,1,0,OK,0.5,0.5,75.0,149.998,,1179.891,,,5.0,37.0
2026-08-05 10:29:24.045,500197,75026,149993664,1179.841245,,131.294,0x00,0x00,CURRENT,1,0,OK,0.5,0.5,75.0,149.998,,1179.891,,,5.0,37.0
2026-08-05 10:29:24.244,500392,75054,149990672,1179.809651,,131.493,0x00,0x00,CURRENT,1,0,OK,0.5,0.5,75.0,149.998,,1179.891,,,5.0,37.0
2026-08-05 10:29:24.529,500528,75073,149987024,1179.771129,,131.778,0x00,0x00,CURRENT,1,0,OK,0.5,0.5,75.0,149.998,,1179.891,,,5.0,37.0
2026-08-05 10:29:24.843,500650,75094,149993648,1179.841076,,132.093,0x00,0x00,CURRENT,1,0,OK,0.5,0.5,75.0,149.998,,1179.891,,,5.0,37.0
2026-08-05 10:29:25.045,499864,74978,149995936,1179.865237,,132.294,0x00,0x00,CURRENT,1,0,OK,0.5,0.5,75.0,149.998,,1179.891,,,5.0,37.0
2026-08-05 10:29:25.244,499294,74893,149997744,1179.884329,,132.494,0x00,0x00,CURRENT,1,0,OK,0.5,0.5,75.0,149.998,,1179.891,,,5.0,37.0
2026-08-05 10:29:25.528,499687,74952,149998528,1179.892607,,132.777,0x00,0x00,CURRENT,1,0,OK,0.5,0.5,75.0,149.998,,1179.891,,,5.0,37.0
2026-08-05 10:29:25.844,500028,75003,149997712,1179.883991,,133.094,0x00,0x00,CURRENT,1,0,OK,0.5,0.5,75.0,149.997,,1179.878,,,5.0,37.0
2026-08-05 10:29:26.044,499379,74911,150008768,1180.000738,,133.293,0x00,0x00,CURRENT,1,0,OK,0.5,0.5,75.0,149.997,,1179.878,,,5.0,37.0
2026-08-05 10:29:26.244,498884,74838,150011200,1180.026420,,133.494,0x00,0x00,CURRENT,1,0,OK,0.5,0.5,75.0,149.997,,1179.878,,,5.0,37.0
2026-08-05 10:29:26.528,499342,74905,150006640,1179.978267,,133.778,0x00,0x00,CURRENT,1,0,OK,0.5,0.5,75.0,149.997,,1179.878,,,5.0,37.0
2026-08-05 10:29:26.845,499685,74956,150005920,1179.970664,,134.094,0x00,0x00,CURRENT,1,0,OK,0.5,0.5,75.0,149.997,,1179.878,,,5.0,37.0
2026-08-05 10:29:27.045,500026,75004,149999936,1179.907475,,134.294,0x00,0x00,CURRENT,1,0,OK,0.5,0.5,75.0,149.997,,1179.878,,,5.0,37.0
2026-08-05 10:29:27.243,500236,75039,150007040,1179.982491,,134.493,0x00,0x00,CURRENT,1,0,OK,0.5,0.5,75.0,149.997,,1179.878,,,5.0,37.0
2026-08-05 10:29:27.528,500412,75069,150014832,1180.064772,,134.777,0x00,0x00,CURRENT,1,0,OK,0.5,0.5,75.0,149.997,,1179.878,,,5.0,37.0
2026-08-05 10:29:27.843,500534,75091,150020800,1180.127792,,135.093,0x00,0x00,CURRENT,1,0,OK,0.5,0.5,75.0,149.991,,1179.808,,,5.0,38.0
2026-08-05 10:29:28.043,500673,75108,150013984,1180.055818,,135.293,0x00,0x00,CURRENT,1,0,OK,0.5,0.5,75.0,149.991,,1179.808,,,5.0,38.0
2026-08-05 10:29:28.245,500814,75125,150005776,1179.969144,,135.494,0x00,0x00,CURRENT,1,0,OK,0.5,0.5,75.0,149.991,,1179.808,,,5.0,38.0
2026-08-05 10:29:28.528,500062,75012,150004800,1179.958838,,135.778,0x00,0x00,CURRENT,1,0,OK,0.5,0.5,75.0,149.991,,1179.808,,,5.0,38.0
2026-08-05 10:29:28.846,499508,74925,149998272,1179.889904,,136.095,0x00,0x00,CURRENT,1,0,OK,0.5,0.5,75.0,149.991,,1179.808,,,5.0,38.0
2026-08-05 10:29:29.045,499027,74855,150002192,1179.931298,,136.295,0x00,0x00,CURRENT,1,0,OK,0.5,0.5,75.0,149.991,,1179.808,,,5.0,38.0
2026-08-05 10:29:29.244,498666,74804,150007824,1179.990770,,136.494,0x00,0x00,CURRENT,1,0,OK,0.5,0.5,75.0,149.991,,1179.808,,,5.0,38.0
2026-08-05 10:29:29.529,499262,74892,150004672,1179.957486,,136.778,0x00,0x00,CURRENT,1,0,OK,0.5,0.5,75.0,149.991,,1179.808,,,5.0,38.0
2026-08-05 10:29:29.845,499681,74955,150005888,1179.970327,,137.095,0x00,0x00,CURRENT,1,0,OK,0.5,0.499,75.0,150.006,,1179.972,,,5.0,37.0
2026-08-05 10:29:30.045,499986,75001,150006032,1179.971847,,137.294,0x00,0x00,CURRENT,1,0,OK,0.5,0.499,75.0,150.006,,1179.972,,,5.0,37.0
2026-08-05 10:29:30.246,500271,75039,149996832,1179.874698,,137.495,0x00,0x00,CURRENT,1,0,OK,0.5,0.499,75.0,150.006,,1179.972,,,5.0,37.0
2026-08-05 10:29:30.529,500475,75071,149998720,1179.894635,,137.779,0x00,0x00,CURRENT,1,0,OK,0.5,0.499,75.0,150.006,,1179.972,,,5.0,37.0
2026-08-05 10:29:30.844,500628,75091,149993232,1179.836683,,138.094,0x00,0x00,CURRENT,1,0,OK,0.5,0.499,75.0,150.006,,1179.972,,,5.0,37.0
2026-08-05 10:29:31.045,500697,75104,149998608,1179.893452,,138.294,0x00,0x00,CURRENT,1,0,OK,0.5,0.499,75.0,150.006,,1179.972,,,5.0,37.0
2026-08-05 10:29:31.245,500757,75115,150002240,1179.931805,,138.495,0x00,0x00,CURRENT,1,0,OK,0.5,0.499,75.0,150.006,,1179.972,,,5.0,37.0
2026-08-05 10:29:31.529,500840,75128,150004560,1179.956303,,138.778,0x00,0x00,CURRENT,1,0,OK,0.5,0.499,75.0,150.006,,1179.972,,,5.0,37.0
2026-08-05 10:29:31.844,500921,75138,150000720,1179.915754,,139.094,0x00,0x00,CURRENT,1,0,OK,0.5,0.5,75.0,150.001,,1179.92,,,5.0,38.0
2026-08-05 10:29:32.044,500105,75017,150002304,1179.932481,,139.294,0x00,0x00,CURRENT,1,0,OK,0.5,0.5,75.0,150.001,,1179.92,,,5.0,38.0
2026-08-05 10:29:32.244,499521,74926,149996608,1179.872333,,139.494,0x00,0x00,CURRENT,1,0,OK,0.5,0.5,75.0,150.001,,1179.92,,,5.0,38.0
2026-08-05 10:29:32.529,499009,74852,150000368,1179.912037,,139.779,0x00,0x00,CURRENT,1,0,OK,0.5,0.5,75.0,150.001,,1179.92,,,5.0,38.0
2026-08-05 10:29:32.845,498652,74796,149996576,1179.871995,,140.095,0x00,0x00,CURRENT,1,0,OK,0.5,0.5,75.0,150.001,,1179.92,,,5.0,38.0
2026-08-05 10:29:33.045,499196,74878,149997456,1179.881287,,140.294,0x00,0x00,CURRENT,1,0,OK,0.5,0.5,75.0,150.001,,1179.92,,,5.0,38.0
2026-08-05 10:29:33.245,499613,74942,150000416,1179.912544,,140.495,0x00,0x00,CURRENT,1,0,OK,0.5,0.5,75.0,150.001,,1179.92,,,5.0,38.0
2026-08-05 10:29:33.529,499954,74993,149999024,1179.897845,,140.778,0x00,0x00,CURRENT,1,0,OK,0.5,0.5,75.0,150.001,,1179.92,,,5.0,38.0
2026-08-05 10:29:33.846,500219,75031,149996368,1179.869798,,141.095,0x00,0x00,CURRENT,1,0,OK,0.5,0.5,75.0,149.994,,1179.84,,,5.0,37.0
2026-08-05 10:29:34.046,500399,75061,150003264,1179.942618,,141.295,0x00,0x00,CURRENT,1,0,OK,0.5,0.5,75.0,149.994,,1179.84,,,5.0,37.0
2026-08-05 10:29:34.246,500552,75086,150006736,1179.979281,,141.495,0x00,0x00,CURRENT,1,0,OK,0.5,0.5,75.0,149.994,,1179.84,,,5.0,37.0
2026-08-05 10:29:34.529,500677,75106,150009792,1180.011551,,141.779,0x00,0x00,CURRENT,1,0,OK,0.5,0.5,75.0,149.994,,1179.84,,,5.0,37.0
2026-08-05 10:29:34.844,500780,75121,150008736,1180.000400,,142.094,0x00,0x00,CURRENT,1,0,OK,0.5,0.5,75.0,149.994,,1179.84,,,5.0,37.0
2026-08-05 10:29:35.045,499981,75001,150007952,1179.992122,,142.294,0x00,0x00,CURRENT,1,0,OK,0.5,0.5,75.0,149.994,,1179.84,,,5.0,37.0
2026-08-05 10:29:35.243,499400,74914,150008048,1179.993135,,142.493,0x00,0x00,CURRENT,1,0,OK,0.5,0.5,75.0,149.994,,1179.84,,,5.0,37.0
2026-08-05 10:29:35.529,498965,74847,150004528,1179.955965,,142.778,0x00,0x00,CURRENT,1,0,OK,0.5,0.5,75.0,149.994,,1179.84,,,5.0,37.0
2026-08-05 10:29:35.844,498647,74800,150005696,1179.968299,,143.094,0x00,0x00,CURRENT,1,0,OK,0.5,0.5,75.0,149.99,,1179.802,,,5.0,37.0
2026-08-05 10:29:36.044,499248,74890,150006352,1179.975226,,143.294,0x00,0x00,CURRENT,1,0,OK,0.5,0.5,75.0,149.99,,1179.802,,,5.0,37.0
2026-08-05 10:29:36.244,499680,74958,150011824,1180.033009,,143.494,0x00,0x00,CURRENT,1,0,OK,0.5,0.5,75.0,149.99,,1179.802,,,5.0,37.0
2026-08-05 10:29:36.529,500013,75007,150009552,1180.009017,,143.779,0x00,0x00,CURRENT,1,0,OK,0.5,0.5,75.0,149.99,,1179.802,,,5.0,37.0
2026-08-05 10:29:36.845,500263,75045,150010256,1180.016451,,144.095,0x00,0x00,CURRENT,1,0,OK,0.5,0.5,75.0,149.99,,1179.802,,,5.0,37.0
2026-08-05 10:29:37.044,500460,75075,150011552,1180.030137,,144.294,0x00,0x00,CURRENT,1,0,OK,0.5,0.5,75.0,149.99,,1179.802,,,5.0,37.0
2026-08-05 10:29:37.245,500599,75094,150008736,1180.000400,,144.495,0x00,0x00,CURRENT,1,0,OK,0.5,0.5,75.0,149.99,,1179.802,,,5.0,37.0
2026-08-05 10:29:37.529,500693,75111,150014512,1180.061393,,144.778,0x00,0x00,CURRENT,1,0,OK,0.5,0.5,75.0,149.99,,1179.802,,,5.0,37.0
2026-08-05 10:29:37.844,500754,75125,150023456,1180.155839,,145.094,0x00,0x00,CURRENT,1,0,OK,0.5,0.5,75.0,150.001,,1179.916,,,5.0,38.0
2026-08-05 10:29:38.044,500829,75133,150016960,1180.087243,,145.294,0x00,0x00,CURRENT,1,0,OK,0.5,0.5,75.0,150.001,,1179.916,,,5.0,38.0
2026-08-05 10:29:38.244,500893,75139,150010240,1180.016282,,145.494,0x00,0x00,CURRENT,1,0,OK,0.5,0.5,75.0,150.001,,1179.916,,,5.0,38.0
2026-08-05 10:29:38.529,500075,75014,150006016,1179.971678,,145.779,0x00,0x00,CURRENT,1,0,OK,0.5,0.5,75.0,150.001,,1179.916,,,5.0,38.0
2026-08-05 10:29:38.845,499480,74923,150002304,1179.932481,,146.095,0x00,0x00,CURRENT,1,0,OK,0.5,0.5,75.0,150.001,,1179.916,,,5.0,38.0
2026-08-05 10:29:39.044,499043,74864,150015600,1180.072882,,146.294,0x00,0x00,CURRENT,1,0,OK,0.5,0.5,75.0,150.001,,1179.916,,,5.0,38.0
2026-08-05 10:29:39.244,498660,74810,150022336,1180.144012,,146.494,0x00,0x00,CURRENT,1,0,OK,0.5,0.5,75.0,150.001,,1179.916,,,5.0,38.0
2026-08-05 10:29:39.529,499267,74901,150022576,1180.146546,,146.778,0x00,0x00,CURRENT,1,0,OK,0.5,0.5,75.0,150.001,,1179.916,,,5.0,38.0
2026-08-05 10:29:39.844,499703,74965,150019120,1180.110052,,147.094,0x00,0x00,CURRENT,1,0,OK,0.5,0.499,75.0,149.997,,1179.872,,,5.0,37.0
2026-08-05 10:29:40.044,500031,75009,150008432,1179.997190,,147.294,0x00,0x00,CURRENT,1,0,OK,0.5,0.499,75.0,149.997,,1179.872,,,5.0,37.0
2026-08-05 10:29:40.245,500239,75042,150011648,1180.031150,,147.495,0x00,0x00,CURRENT,1,0,OK,0.5,0.499,75.0,149.997,,1179.872,,,5.0,37.0
2026-08-05 10:29:40.529,500424,75068,150009216,1180.005469,,147.778,0x00,0x00,CURRENT,1,0,OK,0.6,0.499,75.0,149.997,,1179.872,,,5.0,37.0
2026-08-05 10:29:40.844,517790,77675,150011648,1180.031150,,148.094,0x00,0x00,CURRENT,1,0,OK,0.6,0.499,75.0,149.997,,1179.872,,,5.0,37.0
2026-08-05 10:29:41.044,517846,77680,150005808,1179.969482,,148.294,0x00,0x00,CURRENT,1,0,OK,0.6,0.499,75.0,149.997,,1179.872,,,5.0,37.0
2026-08-05 10:29:41.245,522045,78312,150010656,1180.020675,,148.495,0x00,0x00,CURRENT,1,0,OK,0.6,0.499,75.0,149.997,,1179.872,,,5.0,37.0
2026-08-05 10:29:41.444,525176,78782,150009888,1180.012565,,148.694,0x00,0x00,CURRENT,1,0,OK,0.6,0.499,75.0,149.997,,1179.872,,,5.0,37.0
2026-08-05 10:29:41.728,530935,79644,150007936,1179.991953,,148.978,0x00,0x00,CURRENT,1,0,OK,0.6,0.505,76.0,150.02,,1180.123,,,6.0,38.0
2026-08-05 10:29:42.045,535264,80293,150006112,1179.972692,,149.295,0x00,0x00,CURRENT,1,0,OK,0.6,0.505,76.0,150.02,,1180.123,,,6.0,38.0
2026-08-05 10:29:42.244,541903,81288,150005024,1179.961203,,149.494,0x00,0x00,CURRENT,1,0,OK,0.6,0.505,76.0,150.02,,1180.123,,,6.0,38.0
2026-08-05 10:29:42.445,546855,82029,150000688,1179.915416,,149.695,0x00,0x00,CURRENT,1,0,OK,0.6,0.505,76.0,150.02,,1180.123,,,6.0,38.0
2026-08-05 10:29:42.729,553905,83085,149999152,1179.899197,,149.979,0x00,0x00,CURRENT,1,0,OK,0.6,0.505,76.0,150.02,,1180.123,,,6.0,38.0
2026-08-05 10:29:43.044,559212,83882,150001040,1179.919133,,150.294,0x00,0x00,CURRENT,1,0,OK,0.6,0.505,76.0,150.02,,1180.123,,,6.0,38.0
2026-08-05 10:29:43.244,565708,84858,150003760,1179.947856,,150.494,0x00,0x00,CURRENT,1,0,OK,0.6,0.505,76.0,150.02,,1180.123,,,6.0,38.0
2026-08-05 10:29:43.445,570599,85590,149999552,1179.903420,,150.694,0x00,0x00,CURRENT,1,0,OK,0.6,0.505,76.0,150.02,,1180.123,,,6.0,38.0
2026-08-05 10:29:43.729,575963,86392,149996192,1179.867940,,150.979,0x00,0x00,CURRENT,1,0,OK,0.6,0.542,81.0,150.01,,1180.016,,,7.0,44.0
2026-08-05 10:29:44.044,579968,86993,149996480,1179.870981,,151.294,0x00,0x00,CURRENT,1,0,OK,0.6,0.542,81.0,150.01,,1180.016,,,7.0,44.0
2026-08-05 10:29:44.244,584668,87699,149998480,1179.892100,,151.494,0x00,0x00,CURRENT,1,0,OK,0.6,0.542,81.0,150.01,,1180.016,,,7.0,44.0
2026-08-05 10:29:44.444,588212,88231,149999280,1179.900548,,151.694,0x00,0x00,CURRENT,1,0,OK,0.6,0.542,81.0,150.01,,1180.016,,,7.0,44.0
2026-08-05 10:29:44.729,592510,88876,149999888,1179.906969,,151.979,0x00,0x00,CURRENT,1,0,OK,0.6,0.542,81.0,150.01,,1180.016,,,7.0,44.0
2026-08-05 10:29:45.044,595743,89363,150003520,1179.945321,,152.294,0x00,0x00,CURRENT,1,0,OK,0.6,0.542,81.0,150.01,,1180.016,,,7.0,44.0
2026-08-05 10:29:45.244,598978,89851,150007072,1179.982829,,152.494,0x00,0x00,CURRENT,1,0,OK,0.6,0.542,81.0,150.01,,1180.016,,,7.0,44.0
2026-08-05 10:29:45.445,601405,90214,150005232,1179.963399,,152.694,0x00,0x00,CURRENT,1,0,OK,0.6,0.542,81.0,150.01,,1180.016,,,7.0,44.0
2026-08-05 10:29:45.729,604082,90612,149999552,1179.903420,,152.979,0x00,0x00,CURRENT,1,0,OK,0.6,0.58,87.0,149.999,,1179.9,,,8.0,50.0
2026-08-05 10:29:46.044,606072,90908,149995008,1179.855437,,153.294,0x00,0x00,CURRENT,1,0,OK,0.6,0.58,87.0,149.999,,1179.9,,,8.0,50.0
2026-08-05 10:29:46.244,607592,91138,149998512,1179.892438,,153.494,0x00,0x00,CURRENT,1,0,OK,0.6,0.58,87.0,149.999,,1179.9,,,8.0,50.0
2026-08-05 10:29:46.444,608741,91309,149995872,1179.864561,,153.694,0x00,0x00,CURRENT,1,0,OK,0.6,0.58,87.0,149.999,,1179.9,,,8.0,50.0
2026-08-05 10:29:46.729,609575,91436,149999296,1179.900717,,153.979,0x00,0x00,CURRENT,1,0,OK,0.6,0.58,87.0,149.999,,1179.9,,,8.0,50.0
2026-08-05 10:29:47.045,610257,91536,149995488,1179.860506,,154.295,0x00,0x00,CURRENT,1,0,OK,0.6,0.58,87.0,149.999,,1179.9,,,8.0,50.0
2026-08-05 10:29:47.244,610749,91609,149994512,1179.850200,,154.494,0x00,0x00,CURRENT,1,0,OK,0.6,0.58,87.0,149.999,,1179.9,,,8.0,50.0
2026-08-05 10:29:47.445,611100,91665,150000064,1179.908827,,154.694,0x00,0x00,CURRENT,1,0,OK,0.6,0.58,87.0,149.999,,1179.9,,,8.0,50.0
2026-08-05 10:29:47.729,611410,91708,149993776,1179.842428,,154.979,0x00,0x00,CURRENT,1,0,OK,0.6,0.602,90.0,149.993,,1179.83,,,8.0,54.0
2026-08-05 10:29:48.045,611605,91739,149997216,1179.878753,,155.295,0x00,0x00,CURRENT,1,0,OK,0.6,0.602,90.0,149.993,,1179.83,,,8.0,54.0
2026-08-05 10:29:48.244,610893,91632,149997200,1179.878584,,155.494,0x00,0x00,CURRENT,1,0,OK,0.6,0.602,90.0,149.993,,1179.83,,,8.0,54.0
2026-08-05 10:29:48.444,610360,91554,149999632,1179.904265,,155.694,0x00,0x00,CURRENT,1,0,OK,0.6,0.602,90.0,149.993,,1179.83,,,8.0,54.0
2026-08-05 10:29:48.729,609969,91498,150004544,1179.956134,,155.979,0x00,0x00,CURRENT,1,0,OK,0.6,0.602,90.0,149.993,,1179.83,,,8.0,54.0
2026-08-05 10:29:49.045,609723,91459,150000464,1179.913051,,156.294,0x00,0x00,CURRENT,1,0,OK,0.6,0.602,90.0,149.993,,1179.83,,,8.0,54.0
2026-08-05 10:29:49.244,609435,91420,150007664,1179.989081,,156.494,0x00,0x00,CURRENT,1,0,OK,0.6,0.602,90.0,149.993,,1179.83,,,8.0,54.0
2026-08-05 10:29:49.444,609248,91389,150003232,1179.942280,,156.694,0x00,0x00,CURRENT,1,0,OK,0.6,0.602,90.0,149.993,,1179.83,,,8.0,54.0
2026-08-05 10:29:49.729,608324,91247,149996624,1179.872502,,156.979,0x00,0x00,CURRENT,1,0,OK,0.6,0.607,91.0,149.994,,1179.84,,,8.0,55.0
2026-08-05 10:29:50.045,607622,91142,149998128,1179.888383,,157.295,0x00,0x00,CURRENT,1,0,OK,0.6,0.607,91.0,149.994,,1179.84,,,8.0,55.0
2026-08-05 10:29:50.244,607105,91059,149989312,1179.795289,,157.494,0x00,0x00,CURRENT,1,0,OK,0.6,0.607,91.0,149.994,,1179.84,,,8.0,55.0
2026-08-05 10:29:50.444,606708,90998,149986704,1179.767750,,157.694,0x00,0x00,CURRENT,1,0,OK,0.6,0.607,91.0,149.994,,1179.84,,,8.0,55.0
2026-08-05 10:29:50.729,606372,90947,149985616,1179.756261,,157.979,0x00,0x00,CURRENT,1,0,OK,0.6,0.607,91.0,149.994,,1179.84,,,8.0,55.0
2026-08-05 10:29:51.045,606093,90905,149985536,1179.755416,,158.295,0x00,0x00,CURRENT,1,0,OK,0.6,0.607,91.0,149.994,,1179.84,,,8.0,55.0
2026-08-05 10:29:51.244,605110,90757,149984752,1179.747137,,158.494,0x00,0x00,CURRENT,1,0,OK,0.6,0.607,91.0,149.994,,1179.84,,,8.0,55.0
2026-08-05 10:29:51.445,604354,90645,149986576,1179.766398,,158.694,0x00,0x00,CURRENT,1,0,OK,0.6,0.607,91.0,149.994,,1179.84,,,8.0,55.0
2026-08-05 10:29:51.729,603778,90560,149988528,1179.787011,,158.979,0x00,0x00,CURRENT,1,0,OK,0.6,0.606,91.0,149.991,,1179.81,,,7.0,55.0
2026-08-05 10:29:52.045,603299,90493,149997616,1179.882977,,159.295,0x00,0x00,CURRENT,1,0,OK,0.6,0.606,91.0,149.991,,1179.81,,,7.0,55.0
2026-08-05 10:29:52.244,603005,90449,149996400,1179.870136,,159.494,0x00,0x00,CURRENT,1,0,OK,0.6,0.606,91.0,149.991,,1179.81,,,7.0,55.0
2026-08-05 10:29:52.444,602766,90417,150003344,1179.943463,,159.694,0x00,0x00,CURRENT,1,0,OK,0.6,0.606,91.0,149.991,,1179.81,,,7.0,55.0
2026-08-05 10:29:52.729,601738,90266,150008816,1180.001245,,159.979,0x00,0x00,CURRENT,1,0,OK,0.6,0.606,91.0,149.991,,1179.81,,,7.0,55.0
2026-08-05 10:29:53.044,601005,90154,150006112,1179.972692,,160.294,0x00,0x00,CURRENT,1,0,OK,0.6,0.606,91.0,149.991,,1179.81,,,7.0,55.0
2026-08-05 10:29:53.245,600492,90076,150004240,1179.952924,,160.495,0x00,0x00,CURRENT,1,0,OK,0.6,0.606,91.0,149.991,,1179.81,,,7.0,55.0
2026-08-05 10:29:53.444,600043,90006,149998704,1179.894466,,160.694,0x00,0x00,CURRENT,1,0,OK,0.6,0.606,91.0,149.991,,1179.81,,,7.0,55.0
2026-08-05 10:29:53.729,599696,89951,149994624,1179.851382,,160.978,0x00,0x00,CURRENT,1,0,OK,0.6,0.603,90.0,149.999,,1179.895,,,7.0,54.0
2026-08-05 10:29:54.045,599464,89915,149992816,1179.832291,,161.295,0x00,0x00,CURRENT,1,0,OK,0.6,0.603,90.0,149.999,,1179.895,,,7.0,54.0
2026-08-05 10:29:54.244,599280,89890,149995776,1179.863547,,161.494,0x00,0x00,CURRENT,1,0,OK,0.6,0.603,90.0,149.999,,1179.895,,,7.0,54.0
2026-08-05 10:29:54.444,599143,89869,149996496,1179.871150,,161.694,0x00,0x00,CURRENT,1,0,OK,0.6,0.603,90.0,149.999,,1179.895,,,7.0,54.0
2026-08-05 10:29:54.729,598993,89850,150002464,1179.934170,,161.979,0x00,0x00,CURRENT,1,0,OK,0.6,0.603,90.0,149.999,,1179.895,,,7.0,54.0
2026-08-05 10:29:55.045,598965,89846,150002416,1179.933663,,162.295,0x00,0x00,CURRENT,1,0,OK,0.6,0.603,90.0,149.999,,1179.895,,,7.0,54.0
2026-08-05 10:29:55.244,598981,89847,149999520,1179.903083,,162.494,0x00,0x00,CURRENT,1,0,OK,0.6,0.603,90.0,149.999,,1179.895,,,7.0,54.0
2026-08-05 10:29:55.447,598909,89834,149995904,1179.864899,,162.697,0x00,0x00,CURRENT,1,0,OK,0.6,0.603,90.0,149.999,,1179.895,,,7.0,54.0
2026-08-05 10:29:55.729,598883,89829,149994416,1179.849186,,162.978,0x00,0x00,CURRENT,1,0,OK,0.6,0.6,90.0,149.997,,1179.875,,,7.0,54.0
2026-08-05 10:29:56.045,598910,89832,149991872,1179.822322,,163.295,0x00,0x00,CURRENT,1,0,OK,0.6,0.6,90.0,149.997,,1179.875,,,7.0,54.0
2026-08-05 10:29:56.245,598921,89829,149984048,1179.739703,,163.495,0x00,0x00,CURRENT,1,0,OK,0.6,0.6,90.0,149.997,,1179.875,,,7.0,54.0
2026-08-05 10:29:56.444,598901,89826,149985440,1179.754402,,163.694,0x00,0x00,CURRENT,1,0,OK,0.6,0.6,90.0,149.997,,1179.875,,,7.0,54.0
2026-08-05 10:29:56.729,598952,89835,149986880,1179.769608,,163.979,0x00,0x00,CURRENT,1,0,OK,0.6,0.6,90.0,149.997,,1179.875,,,7.0,54.0
2026-08-05 10:29:57.045,598859,89826,149995408,1179.859661,,164.295,0x00,0x00,CURRENT,1,0,OK,0.6,0.6,90.0,149.997,,1179.875,,,7.0,54.0
2026-08-05 10:29:57.245,598855,89827,149997200,1179.878584,,164.495,0x00,0x00,CURRENT,1,0,OK,0.6,0.6,90.0,149.997,,1179.875,,,7.0,54.0
2026-08-05 10:29:57.444,598787,89820,150002896,1179.938732,,164.694,0x00,0x00,CURRENT,1,0,OK,0.6,0.6,90.0,149.997,,1179.875,,,7.0,54.0
2026-08-05 10:29:57.729,598745,89815,150005856,1179.969989,,164.979,0x00,0x00,CURRENT,1,0,OK,0.6,0.599,90.0,149.997,,1179.88,,,7.0,54.0
2026-08-05 10:29:58.045,598713,89810,150005568,1179.966947,,165.295,0x00,0x00,CURRENT,1,0,OK,0.6,0.599,90.0,149.997,,1179.88,,,7.0,54.0
2026-08-05 10:29:58.245,598680,89805,150004704,1179.957824,,165.495,0x00,0x00,CURRENT,1,0,OK,0.6,0.599,90.0,149.997,,1179.88,,,7.0,54.0
2026-08-05 10:29:58.444,598683,89803,150001024,1179.918964,,165.694,0x00,0x00,CURRENT,1,0,OK,0.6,0.599,90.0,149.997,,1179.88,,,7.0,54.0
2026-08-05 10:29:58.729,598677,89803,150002352,1179.932988,,165.979,0x00,0x00,CURRENT,1,0,OK,0.6,0.599,90.0,149.997,,1179.88,,,7.0,54.0
2026-08-05 10:29:59.044,598783,89819,150002544,1179.935015,,166.294,0x00,0x00,CURRENT,1,0,OK,0.6,0.599,90.0,149.997,,1179.88,,,7.0,54.0
2026-08-05 10:29:59.244,599684,89954,150002464,1179.934170,,166.494,0x00,0x00,CURRENT,1,0,OK,0.6,0.599,90.0,149.997,,1179.88,,,7.0,54.0
2026-08-05 10:29:59.445,600312,90046,149998352,1179.890749,,166.695,0x00,0x00,CURRENT,1,0,OK,0.6,0.599,90.0,149.997,,1179.88,,,7.0,54.0
2026-08-05 10:29:59.729,600802,90118,149995584,1179.861520,,166.979,0x00,0x00,CURRENT,1,0,OK,0.6,0.599,90.0,150.004,,1179.952,,,7.0,54.0
2026-08-05 10:30:00.045,601207,90179,149997152,1179.878077,,167.295,0x00,0x00,CURRENT,1,0,OK,0.6,0.599,90.0,150.004,,1179.952,,,7.0,54.0
2026-08-05 10:30:00.244,601417,90211,149997952,1179.886525,,167.493,0x00,0x00,CURRENT,1,0,OK,0.6,0.599,90.0,150.004,,1179.952,,,7.0,54.0
2026-08-05 10:30:00.445,601547,90230,149997328,1179.879936,,167.695,0x00,0x00,CURRENT,1,0,OK,0.6,0.599,90.0,150.004,,1179.952,,,7.0,54.0
2026-08-05 10:30:00.729,600862,90130,150000736,1179.915923,,167.979,0x00,0x00,CURRENT,1,0,OK,0.6,0.599,90.0,150.004,,1179.952,,,7.0,54.0
2026-08-05 10:30:01.044,600366,90056,150001856,1179.927750,,168.293,0x00,0x00,CURRENT,1,0,OK,0.6,0.599,90.0,150.004,,1179.952,,,7.0,54.0
2026-08-05 10:30:01.244,599948,89998,150009872,1180.012396,,168.493,0x00,0x00,CURRENT,1,0,OK,0.6,0.599,90.0,150.004,,1179.952,,,7.0,54.0
2026-08-05 10:30:01.447,599634,89955,150015648,1180.073389,,168.697,0x00,0x00,CURRENT,1,0,OK,0.6,0.599,90.0,150.004,,1179.952,,,7.0,54.0
2026-08-05 10:30:01.729,599427,89921,150010976,1180.024054,,168.979,0x00,0x00,CURRENT,1,0,OK,0.6,0.6,90.0,150.002,,1179.932,,,7.0,54.0
2026-08-05 10:30:02.044,599271,89895,150007472,1179.987053,,169.294,0x00,0x00,CURRENT,1,0,OK,0.6,0.6,90.0,150.002,,1179.932,,,7.0,54.0
2026-08-05 10:30:02.244,599183,89879,150002848,1179.938225,,169.494,0x00,0x00,CURRENT,1,0,OK,0.6,0.6,90.0,150.002,,1179.932,,,7.0,54.0
2026-08-05 10:30:02.445,599098,89867,150004528,1179.955965,,169.695,0x00,0x00,CURRENT,1,0,OK,0.6,0.6,90.0,150.002,,1179.932,,,7.0,54.0
2026-08-05 10:30:02.729,599015,89858,150009216,1180.005469,,169.979,0x00,0x00,CURRENT,1,0,OK,0.6,0.6,90.0,150.002,,1179.932,,,7.0,54.0
2026-08-05 10:30:03.045,598953,89849,150010736,1180.021520,,170.295,0x00,0x00,CURRENT,1,0,OK,0.6,0.6,90.0,150.002,,1179.932,,,7.0,54.0
2026-08-05 10:30:03.245,599774,89973,150011952,1180.034360,,170.495,0x00,0x00,CURRENT,1,0,OK,0.6,0.6,90.0,150.002,,1179.932,,,7.0,54.0
2026-08-05 10:30:03.447,600342,90059,150013296,1180.048553,,170.697,0x00,0x00,CURRENT,1,0,OK,0.6,0.6,90.0,150.002,,1179.932,,,7.0,54.0
2026-08-05 10:30:03.729,600788,90123,150008384,1179.996683,,170.978,0x00,0x00,CURRENT,1,0,OK,0.6,0.599,90.0,150.01,,1180.018,,,7.0,54.0
2026-08-05 10:30:04.044,601121,90170,150003216,1179.942111,,171.293,0x00,0x00,CURRENT,1,0,OK,0.6,0.599,90.0,150.01,,1180.018,,,7.0,54.0
2026-08-05 10:30:04.243,601419,90212,149999408,1179.901900,,171.493,0x00,0x00,CURRENT,1,0,OK,0.6,0.599,90.0,150.01,,1180.018,,,7.0,54.0
2026-08-05 10:30:04.444,601567,90236,150000976,1179.918457,,171.694,0x00,0x00,CURRENT,1,0,OK,0.6,0.599,90.0,150.01,,1180.018,,,7.0,54.0
2026-08-05 10:30:04.729,600820,90124,150001248,1179.921330,,171.979,0x00,0x00,CURRENT,1,0,OK,0.6,0.599,90.0,150.01,,1180.018,,,7.0,54.0
2026-08-05 10:30:05.044,600233,90039,150007440,1179.986715,,172.293,0x00,0x00,CURRENT,1,0,OK,0.6,0.599,90.0,150.01,,1180.018,,,7.0,54.0
2026-08-05 10:30:05.244,599848,89980,150005344,1179.964582,,172.493,0x00,0x00,CURRENT,1,0,OK,0.6,0.599,90.0,150.01,,1180.018,,,7.0,54.0
2026-08-05 10:30:05.447,599559,89933,149998784,1179.895311,,172.697,0x00,0x00,CURRENT,1,0,OK,0.6,0.599,90.0,150.01,,1180.018,,,7.0,54.0
2026-08-05 10:30:05.729,599315,89895,149996352,1179.869630,,172.979,0x00,0x00,CURRENT,1,0,OK,0.6,0.6,90.0,150.008,,1179.996,,,7.0,54.0
2026-08-05 10:30:06.044,599169,89874,149998176,1179.888890,,173.294,0x00,0x00,CURRENT,1,0,OK,0.6,0.6,90.0,150.008,,1179.996,,,7.0,54.0
2026-08-05 10:30:06.244,599040,89855,149997472,1179.881456,,173.494,0x00,0x00,CURRENT,1,0,OK,0.6,0.6,90.0,150.008,,1179.996,,,7.0,54.0
2026-08-05 10:30:06.444,598935,89838,149996288,1179.868954,,173.694,0x00,0x00,CURRENT,1,0,OK,0.6,0.6,90.0,150.008,,1179.996,,,7.0,54.0
2026-08-05 10:30:06.729,598865,89829,149998064,1179.887708,,173.978,0x00,0x00,CURRENT,1,0,OK,0.6,0.6,90.0,150.008,,1179.996,,,7.0,54.0
2026-08-05 10:30:07.045,598832,89821,149993712,1179.841752,,174.295,0x00,0x00,CURRENT,1,0,OK,0.6,0.6,90.0,150.008,,1179.996,,,7.0,54.0
2026-08-05 10:30:07.245,599617,89938,149993072,1179.834994,,174.495,0x00,0x00,CURRENT,1,0,OK,0.6,0.6,90.0,150.008,,1179.996,,,7.0,54.0
2026-08-05 10:30:07.445,600197,90030,150000656,1179.915078,,174.695,0x00,0x00,CURRENT,1,0,OK,0.6,0.6,90.0,150.008,,1179.996,,,7.0,54.0
2026-08-05 10:30:07.729,600660,90103,150006800,1179.979957,,174.978,0x00,0x00,CURRENT,1,0,OK,0.6,0.599,90.0,149.994,,1179.849,,,7.0,54.0
2026-08-05 10:30:08.045,601007,90151,149999216,1179.899872,,175.295,0x00,0x00,CURRENT,1,0,OK,0.6,0.599,90.0,149.994,,1179.849,,,7.0,54.0
2026-08-05 10:30:08.245,600382,90061,150006816,1179.980126,,175.494,0x00,0x00,CURRENT,1,0,OK,0.6,0.599,90.0,149.994,,1179.849,,,7.0,54.0
2026-08-05 10:30:08.445,599978,90001,150007424,1179.986546,,175.695,0x00,0x00,CURRENT,1,0,OK,0.6,0.599,90.0,149.994,,1179.849,,,7.0,54.0
2026-08-05 10:30:08.729,599629,89950,150010080,1180.014593,,175.979,0x00,0x00,CURRENT,1,0,OK,0.6,0.599,90.0,149.994,,1179.849,,,7.0,54.0
2026-08-05 10:30:09.045,599451,89919,150002064,1179.929946,,176.295,0x00,0x00,CURRENT,1,0,OK,0.6,0.599,90.0,149.994,,1179.849,,,7.0,54.0
2026-08-05 10:30:09.244,600147,90024,150002944,1179.939239,,176.493,0x00,0x00,CURRENT,1,0,OK,0.6,0.599,90.0,149.994,,1179.849,,,7.0,54.0
2026-08-05 10:30:09.444,600622,90097,150005776,1179.969144,,176.694,0x00,0x00,CURRENT,1,0,OK,0.6,0.599,90.0,149.994,,1179.849,,,7.0,54.0
2026-08-05 10:30:09.729,600131,90023,150006416,1179.975902,,176.979,0x00,0x00,CURRENT,1,0,OK,0.6,0.6,90.0,150.011,,1180.028,,,7.0,54.0
2026-08-05 10:30:10.045,599827,89975,150002288,1179.932312,,177.295,0x00,0x00,CURRENT,1,0,OK,0.6,0.6,90.0,150.011,,1180.028,,,7.0,54.0
2026-08-05 10:30:10.244,600401,90058,149997152,1179.878077,,177.494,0x00,0x00,CURRENT,1,0,OK,0.6,0.6,90.0,150.011,,1180.028,,,7.0,54.0
2026-08-05 10:30:10.444,600813,90122,150000192,1179.910179,,177.694,0x00,0x00,CURRENT,1,0,OK,0.6,0.6,90.0,150.011,,1180.028,,,7.0,54.0
2026-08-05 10:30:10.729,600320,90047,149997824,1179.885173,,177.979,0x00,0x00,CURRENT,1,0,OK,0.6,0.6,90.0,150.011,,1180.028,,,7.0,54.0
2026-08-05 10:30:11.044,599951,89995,150003488,1179.944983,,178.293,0x00,0x00,CURRENT,1,0,OK,0.6,0.6,90.0,150.011,,1180.028,,,7.0,54.0
2026-08-05 10:30:11.245,599683,89954,150002432,1179.933832,,178.494,0x00,0x00,CURRENT,1,0,OK,0.6,0.6,90.0,150.011,,1180.028,,,7.0,54.0
2026-08-05 10:30:11.447,599492,89923,149999552,1179.903420,,178.696,0x00,0x00,CURRENT,1,0,OK,0.6,0.6,90.0,150.011,,1180.028,,,7.0,54.0
2026-08-05 10:30:11.729,599376,89904,149995888,1179.864730,,178.978,0x00,0x00,CURRENT,1,0,OK,0.6,0.6,90.0,150.009,,1179.999,,,7.0,54.0
2026-08-05 10:30:12.045,599187,89880,150002592,1179.935522,,179.295,0x00,0x00,CURRENT,1,0,OK,0.6,0.6,90.0,150.009,,1179.999,,,7.0,54.0
2026-08-05 10:30:12.245,599939,89991,150000176,1179.910010,,179.495,0x00,0x00,CURRENT,1,0,OK,0.6,0.6,90.0,150.009,,1179.999,,,7.0,54.0
2026-08-05 10:30:12.445,600457,90067,149997328,1179.879936,,179.694,0x00,0x00,CURRENT,1,0,OK,0.6,0.6,90.0,150.009,,1179.999,,,7.0,54.0
2026-08-05 10:30:12.729,600902,90133,149996896,1179.875374,,179.978,0x00,0x00,CURRENT,1,0,OK,0.6,0.6,90.0,150.009,,1179.999,,,7.0,54.0
2026-08-05 10:30:13.045,601226,90181,149995920,1179.865068,,180.295,0x00,0x00,CURRENT,1,0,OK,0.6,0.6,90.0,150.009,,1179.999,,,7.0,54.0
2026-08-05 10:30:13.245,600593,90087,149997200,1179.878584,,180.494,0x00,0x00,CURRENT,1,0,OK,0.6,0.6,90.0,150.009,,1179.999,,,7.0,54.0
2026-08-05 10:30:13.447,600164,90021,149993968,1179.844455,,180.697,0x00,0x00,CURRENT,1,0,OK,0.6,0.6,90.0,150.009,,1179.999,,,7.0,54.0
2026-08-05 10:30:13.729,599750,89958,149992176,1179.825532,,180.978,0x00,0x00,CURRENT,1,0,OK,0.6,0.601,90.0,149.994,,1179.842,,,7.0,54.0
2026-08-05 10:30:14.044,599458,89918,149998384,1179.891087,,181.293,0x00,0x00,CURRENT,1,0,OK,0.6,0.601,90.0,149.994,,1179.842,,,7.0,54.0
2026-08-05 10:30:14.243,599220,89883,149999488,1179.902745,,181.492,0x00,0x00,CURRENT,1,0,OK,0.6,0.601,90.0,149.994,,1179.842,,,7.0,54.0
2026-08-05 10:30:14.445,599042,89854,149995824,1179.864054,,181.694,0x00,0x00,CURRENT,1,0,OK,0.6,0.601,90.0,149.994,,1179.842,,,7.0,54.0
2026-08-05 10:30:14.729,598955,89840,149994624,1179.851382,,181.978,0x00,0x00,CURRENT,1,0,OK,0.6,0.601,90.0,149.994,,1179.842,,,7.0,54.0
2026-08-05 10:30:15.045,598805,89823,150003248,1179.942449,,182.294,0x00,0x00,CURRENT,1,0,OK,0.6,0.601,90.0,149.994,,1179.842,,,7.0,54.0
2026-08-05 10:30:15.245,599588,89940,150002304,1179.932481,,182.494,0x00,0x00,CURRENT,1,0,OK,0.6,0.601,90.0,149.994,,1179.842,,,7.0,54.0
2026-08-05 10:30:15.445,600194,90033,150006128,1179.972861,,182.695,0x00,0x00,CURRENT,1,0,OK,0.6,0.601,90.0,149.994,,1179.842,,,7.0,54.0
2026-08-05 10:30:15.729,600648,90096,149998304,1179.890242,,182.978,0x00,0x00,CURRENT,1,0,OK,0.6,0.599,90.0,150.008,,1179.988,,,7.0,54.0
2026-08-05 10:30:16.046,600989,90148,149998912,1179.896662,,183.296,0x00,0x00,CURRENT,1,0,OK,0.6,0.599,90.0,150.008,,1179.988,,,7.0,54.0
2026-08-05 10:30:16.245,601217,90182,149999632,1179.904265,,183.495,0x00,0x00,CURRENT,1,0,OK,0.6,0.599,90.0,150.008,,1179.988,,,7.0,54.0
2026-08-05 10:30:16.445,601415,90215,150004128,1179.951742,,183.695,0x00,0x00,CURRENT,1,0,OK,0.6,0.599,90.0,150.008,,1179.988,,,7.0,54.0
2026-08-05 10:30:16.730,600707,90107,150002128,1179.930622,,183.979,0x00,0x00,CURRENT,1,0,OK,0.6,0.599,90.0,150.008,,1179.988,,,7.0,54.0
2026-08-05 10:30:17.045,600222,90029,149993456,1179.839049,,184.294,0x00,0x00,CURRENT,1,0,OK,0.6,0.599,90.0,150.008,,1179.988,,,7.0,54.0
2026-08-05 10:30:17.245,599784,89967,149999104,1179.898690,,184.494,0x00,0x00,CURRENT,1,0,OK,0.6,0.599,90.0,150.008,,1179.988,,,7.0,54.0
2026-08-05 10:30:17.445,599493,89923,149998752,1179.894973,,184.695,0x00,0x00,CURRENT,1,0,OK,0.6,0.599,90.0,150.008,,1179.988,,,7.0,54.0
2026-08-05 10:30:17.730,599293,89893,149998576,1179.893114,,184.979,0x00,0x00,CURRENT,1,0,OK,0.6,0.6,90.0,150.005,,1179.959,,,7.0,54.0
2026-08-05 10:30:18.044,599171,89876,150000160,1179.909841,,185.293,0x00,0x00,CURRENT,1,0,OK,0.6,0.6,90.0,150.005,,1179.959,,,7.0,54.0
2026-08-05 10:30:18.245,599089,89866,150003792,1179.948193,,185.494,0x00,0x00,CURRENT,1,0,OK,0.6,0.6,90.0,150.005,,1179.959,,,7.0,54.0
2026-08-05 10:30:18.445,598962,89847,150005344,1179.964582,,185.694,0x00,0x00,CURRENT,1,0,OK,0.6,0.6,90.0,150.005,,1179.959,,,7.0,54.0
2026-08-05 10:30:18.730,599650,89952,150008384,1179.996683,,185.979,0x00,0x00,CURRENT,1,0,OK,0.6,0.6,90.0,150.005,,1179.959,,,7.0,54.0
2026-08-05 10:30:19.046,600231,90039,150006544,1179.977254,,186.295,0x00,0x00,CURRENT,1,0,OK,0.6,0.6,90.0,150.005,,1179.959,,,7.0,54.0
2026-08-05 10:30:19.245,600676,90102,150001616,1179.925216,,186.494,0x00,0x00,CURRENT,1,0,OK,0.6,0.6,90.0,150.005,,1179.959,,,7.0,54.0
2026-08-05 10:30:19.445,601028,90154,149999728,1179.905279,,186.695,0x00,0x00,CURRENT,1,0,OK,0.6,0.6,90.0,150.005,,1179.959,,,7.0,54.0
2026-08-05 10:30:19.730,600407,90061,150000400,1179.912375,,186.979,0x00,0x00,CURRENT,1,0,OK,0.6,0.6,90.0,150.003,,1179.936,,,7.0,54.0
2026-08-05 10:30:20.045,599979,89995,149997056,1179.877064,,187.294,0x00,0x00,CURRENT,1,0,OK,0.6,0.6,90.0,150.003,,1179.936,,,7.0,54.0
2026-08-05 10:30:20.245,599611,89943,150002464,1179.934170,,187.494,0x00,0x00,CURRENT,1,0,OK,0.6,0.6,90.0,150.003,,1179.936,,,7.0,54.0
2026-08-05 10:30:20.445,599391,89909,150000784,1179.916430,,187.694,0x00,0x00,CURRENT,1,0,OK,0.6,0.6,90.0,150.003,,1179.936,,,7.0,54.0
2026-08-05 10:30:20.730,599226,89882,149996512,1179.871319,,187.979,0x00,0x00,CURRENT,1,0,OK,0.6,0.6,90.0,150.003,,1179.936,,,7.0,54.0
2026-08-05 10:30:21.045,599102,89863,149996544,1179.871657,,188.294,0x00,0x00,CURRENT,1,0,OK,0.6,0.6,90.0,150.003,,1179.936,,,7.0,54.0
2026-08-05 10:30:21.245,599820,89970,149994432,1179.849355,,188.494,0x00,0x00,CURRENT,1,0,OK,0.6,0.6,90.0,150.003,,1179.936,,,7.0,54.0
2026-08-05 10:30:21.447,600396,90057,149995744,1179.863209,,188.697,0x00,0x00,CURRENT,1,0,OK,0.6,0.6,90.0,150.003,,1179.936,,,7.0,54.0
2026-08-05 10:30:21.730,600790,90122,150006288,1179.974550,,188.979,0x00,0x00,CURRENT,1,0,OK,0.6,0.599,90.0,149.998,,1179.889,,,7.0,54.0
2026-08-05 10:30:22.046,601142,90174,150004944,1179.960358,,189.295,0x00,0x00,CURRENT,1,0,OK,0.6,0.599,90.0,149.998,,1179.889,,,7.0,54.0
2026-08-05 10:30:22.245,600577,90090,150005040,1179.961372,,189.494,0x00,0x00,CURRENT,1,0,OK,0.6,0.599,90.0,149.998,,1179.889,,,7.0,54.0
2026-08-05 10:30:22.445,600124,90020,150002368,1179.933156,,189.694,0x00,0x00,CURRENT,1,0,OK,0.6,0.599,90.0,149.998,,1179.889,,,7.0,54.0
2026-08-05 10:30:22.730,599729,89961,150003136,1179.941266,,189.979,0x00,0x00,CURRENT,1,0,OK,0.6,0.599,90.0,149.998,,1179.889,,,7.0,54.0
2026-08-05 10:30:23.045,599470,89922,150001840,1179.927581,,190.294,0x00,0x00,CURRENT,1,0,OK,0.6,0.599,90.0,149.998,,1179.889,,,7.0,54.0
2026-08-05 10:30:23.245,599276,89891,149999904,1179.907137,,190.494,0x00,0x00,CURRENT,1,0,OK,0.6,0.599,90.0,149.998,,1179.889,,,7.0,54.0
2026-08-05 10:30:23.445,599158,89874,150001152,1179.920316,,190.695,0x00,0x00,CURRENT,1,0,OK,0.6,0.599,90.0,149.998,,1179.889,,,7.0,54.0
2026-08-05 10:30:23.730,599927,89988,149998800,1179.895480,,190.979,0x00,0x00,CURRENT,1,0,OK,0.6,0.6,90.0,149.995,,1179.854,,,7.0,54.0
2026-08-05 10:30:24.045,600514,90078,150002400,1179.933494,,191.294,0x00,0x00,CURRENT,1,0,OK,0.6,0.6,90.0,149.995,,1179.854,,,7.0,54.0
2026-08-05 10:30:24.245,600096,90017,150005184,1179.962893,,191.494,0x00,0x00,CURRENT,1,0,OK,0.6,0.6,90.0,149.995,,1179.854,,,7.0,54.0
2026-08-05 10:30:24.444,599820,89974,150000944,1179.918120,,191.694,0x00,0x00,CURRENT,1,0,OK,0.6,0.6,90.0,149.995,,1179.854,,,7.0,54.0
2026-08-05 10:30:24.730,600377,90057,150000816,1179.916768,,191.979,0x00,0x00,CURRENT,1,0,OK,0.6,0.6,90.0,149.995,,1179.854,,,7.0,54.0
2026-08-05 10:30:25.045,600851,90127,149999664,1179.904603,,192.294,0x00,0x00,CURRENT,1,0,OK,0.6,0.6,90.0,149.995,,1179.854,,,7.0,54.0
2026-08-05 10:30:25.245,600330,90054,150007552,1179.987898,,192.494,0x00,0x00,CURRENT,1,0,OK,0.6,0.6,90.0,149.995,,1179.854,,,7.0,54.0
2026-08-05 10:30:25.447,599930,89995,150008320,1179.996008,,192.696,0x00,0x00,CURRENT,1,0,OK,0.6,0.6,90.0,149.995,,1179.854,,,7.0,54.0
2026-08-05 10:30:25.730,599639,89951,150007824,1179.990770,,192.979,0x00,0x00,CURRENT,1,0,OK,0.6,0.6,90.0,150.004,,1179.947,,,7.0,54.0
2026-08-05 10:30:26.043,599412,89915,150005040,1179.961372,,193.293,0x00,0x00,CURRENT,1,0,OK,0.6,0.6,90.0,150.004,,1179.947,,,7.0,54.0
2026-08-05 10:30:26.244,600146,90024,150003664,1179.946842,,193.493,0x00,0x00,CURRENT,1,0,OK,0.6,0.6,90.0,150.004,,1179.947,,,7.0,54.0
2026-08-05 10:30:26.444,600659,90099,150000752,1179.916092,,193.693,0x00,0x00,CURRENT,1,0,OK,0.6,0.6,90.0,150.004,,1179.947,,,7.0,54.0
2026-08-05 10:30:26.730,600205,90032,150002720,1179.936873,,193.980,0x00,0x00,CURRENT,1,0,OK,0.6,0.6,90.0,150.004,,1179.947,,,7.0,54.0
2026-08-05 10:30:27.044,599818,89975,150004112,1179.951573,,194.294,0x00,0x00,CURRENT,1,0,OK,0.6,0.6,90.0,150.004,,1179.947,,,7.0,54.0
2026-08-05 10:30:27.244,599499,89932,150012448,1180.039598,,194.494,0x00,0x00,CURRENT,1,0,OK,0.6,0.6,90.0,150.004,,1179.947,,,7.0,54.0
2026-08-05 10:30:27.447,599288,89901,150012416,1180.039260,,194.696,0x00,0x00,CURRENT,1,0,OK,0.6,0.6,90.0,150.004,,1179.947,,,7.0,54.0
2026-08-05 10:30:27.729,600016,90008,150009792,1180.011551,,194.979,0x00,0x00,CURRENT,1,0,OK,0.6,0.6,90.0,150.002,,1179.928,,,7.0,54.0
2026-08-05 10:30:28.044,600543,90084,150005024,1179.961203,,195.294,0x00,0x00,CURRENT,1,0,OK,0.6,0.6,90.0,150.002,,1179.928,,,7.0,54.0
2026-08-05 10:30:28.246,600090,90016,150003680,1179.947011,,195.495,0x00,0x00,CURRENT,1,0,OK,0.6,0.6,90.0,150.002,,1179.928,,,7.0,54.0
2026-08-05 10:30:28.443,599685,89958,150008528,1179.998204,,195.693,0x00,0x00,CURRENT,1,0,OK,0.6,0.6,90.0,150.002,,1179.928,,,7.0,54.0
2026-08-05 10:30:28.730,599455,89920,150002736,1179.937042,,195.979,0x00,0x00,CURRENT,1,0,OK,0.6,0.6,90.0,150.002,,1179.928,,,7.0,54.0
2026-08-05 10:30:29.046,599302,89895,149999952,1179.907644,,196.295,0x00,0x00,CURRENT,1,0,OK,0.6,0.6,90.0,150.002,,1179.928,,,7.0,54.0
2026-08-05 10:30:29.245,600026,90004,149999712,1179.905110,,196.495,0x00,0x00,CURRENT,1,0,OK,0.6,0.6,90.0,150.002,,1179.928,,,7.0,54.0
2026-08-05 10:30:29.447,600476,90072,150001152,1179.920316,,196.697,0x00,0x00,CURRENT,1,0,OK,0.6,0.6,90.0,150.002,,1179.928,,,7.0,54.0
2026-08-05 10:30:29.729,600878,90131,149998128,1179.888383,,196.979,0x00,0x00,CURRENT,1,0,OK,0.6,0.6,90.0,150.007,,1179.981,,,7.0,54.0
2026-08-05 10:30:30.046,601199,90182,150003408,1179.944139,,197.295,0x00,0x00,CURRENT,1,0,OK,0.6,0.6,90.0,150.007,,1179.981,,,7.0,54.0
2026-08-05 10:30:30.246,600554,90085,150002976,1179.939577,,197.495,0x00,0x00,CURRENT,1,0,OK,0.6,0.6,90.0,150.007,,1179.981,,,7.0,54.0
2026-08-05 10:30:30.444,600126,90022,150005120,1179.962217,,197.694,0x00,0x00,CURRENT,1,0,OK,0.6,0.6,90.0,150.007,,1179.981,,,7.0,54.0
2026-08-05 10:30:30.730,599758,89970,150010176,1180.015606,,197.979,0x00,0x00,CURRENT,1,0,OK,0.6,0.6,90.0,150.007,,1179.981,,,7.0,54.0
2026-08-05 10:30:31.046,599501,89928,150005312,1179.964244,,198.295,0x00,0x00,CURRENT,1,0,OK,0.6,0.6,90.0,150.007,,1179.981,,,7.0,54.0
2026-08-05 10:30:31.245,599271,89896,150008992,1180.003104,,198.495,0x00,0x00,CURRENT,1,0,OK,0.6,0.6,90.0,150.007,,1179.981,,,7.0,54.0
2026-08-05 10:30:31.445,599099,89870,150008016,1179.992798,,198.695,0x00,0x00,CURRENT,1,0,OK,0.6,0.6,90.0,150.007,,1179.981,,,7.0,54.0
2026-08-05 10:30:31.729,599864,89984,150006576,1179.977592,,198.979,0x00,0x00,CURRENT,1,0,OK,0.6,0.6,90.0,150.013,,1180.047,,,7.0,54.0
2026-08-05 10:30:32.045,600382,90059,150003296,1179.942956,,199.294,0x00,0x00,CURRENT,1,0,OK,0.6,0.6,90.0,150.013,,1180.047,,,7.0,54.0
2026-08-05 10:30:32.245,600827,90125,150001312,1179.922005,,199.494,0x00,0x00,CURRENT,1,0,OK,0.6,0.6,90.0,150.013,,1180.047,,,7.0,54.0
2026-08-05 10:30:32.445,601104,90164,149997600,1179.882808,,199.695,0x00,0x00,CURRENT,1,0,OK,0.6,0.6,90.0,150.013,,1180.047,,,7.0,54.0
2026-08-05 10:30:32.729,600539,90081,150000112,1179.909334,,199.979,0x00,0x00,CURRENT,1,0,OK,0.6,0.6,90.0,150.013,,1180.047,,,7.0,54.0
2026-08-05 10:30:33.045,600096,90014,149998928,1179.896831,,200.294,0x00,0x00,CURRENT,1,0,OK,0.6,0.6,90.0,150.013,,1180.047,,,7.0,54.0
2026-08-05 10:30:33.245,599755,89962,149998368,1179.890918,,200.494,0x00,0x00,CURRENT,1,0,OK,0.6,0.6,90.0,150.013,,1180.047,,,7.0,54.0
2026-08-05 10:30:33.447,599489,89923,149999280,1179.900548,,200.697,0x00,0x00,CURRENT,1,0,OK,0.6,0.6,90.0,150.013,,1180.047,,,7.0,54.0
2026-08-05 10:30:33.730,599337,89900,149998288,1179.890073,,200.979,0x00,0x00,CURRENT,1,0,OK,0.6,0.6,90.0,149.999,,1179.899,,,7.0,54.0
2026-08-05 10:30:34.045,599213,89879,149994608,1179.851213,,201.294,0x00,0x00,CURRENT,1,0,OK,0.6,0.6,90.0,149.999,,1179.899,,,7.0,54.0
2026-08-05 10:30:34.244,599111,89864,149995952,1179.865406,,201.494,0x00,0x00,CURRENT,1,0,OK,0.6,0.6,90.0,149.999,,1179.899,,,7.0,54.0
2026-08-05 10:30:34.445,599044,89849,149987888,1179.780252,,201.694,0x00,0x00,CURRENT,1,0,OK,0.6,0.6,90.0,149.999,,1179.899,,,7.0,54.0
2026-08-05 10:30:34.730,599804,89964,149989184,1179.793938,,201.979,0x00,0x00,CURRENT,1,0,OK,0.6,0.6,90.0,149.999,,1179.899,,,7.0,54.0
2026-08-05 10:30:35.045,600421,90057,149990480,1179.807623,,202.294,0x00,0x00,CURRENT,1,0,OK,0.6,0.6,90.0,149.999,,1179.899,,,7.0,54.0
2026-08-05 10:30:35.244,600828,90119,149991472,1179.818098,,202.494,0x00,0x00,CURRENT,1,0,OK,0.6,0.6,90.0,149.999,,1179.899,,,7.0,54.0
2026-08-05 10:30:35.448,601180,90172,149992528,1179.829249,,202.698,0x00,0x00,CURRENT,1,0,OK,0.6,0.6,90.0,149.999,,1179.899,,,7.0,54.0
2026-08-05 10:30:35.730,600577,90084,149994960,1179.854930,,202.979,0x00,0x00,CURRENT,1,0,OK,0.6,0.6,90.0,150.0,,1179.909,,,7.0,54.0
2026-08-05 10:30:36.045,600125,90018,149999040,1179.898014,,203.294,0x00,0x00,CURRENT,1,0,OK,0.6,0.6,90.0,150.0,,1179.909,,,7.0,54.0
2026-08-05 10:30:36.245,599748,89966,150005936,1179.970833,,203.494,0x00,0x00,CURRENT,1,0,OK,0.6,0.6,90.0,150.0,,1179.909,,,7.0,54.0
2026-08-05 10:30:36.445,599494,89928,150007376,1179.986039,,203.694,0x00,0x00,CURRENT,1,0,OK,0.6,0.6,90.0,150.0,,1179.909,,,7.0,54.0
2026-08-05 10:30:36.730,600160,90028,150006592,1179.977761,,203.979,0x00,0x00,CURRENT,1,0,OK,0.6,0.6,90.0,150.0,,1179.909,,,7.0,54.0
2026-08-05 10:30:37.045,600688,90108,150007248,1179.984688,,204.294,0x00,0x00,CURRENT,1,0,OK,0.6,0.6,90.0,150.0,,1179.909,,,7.0,54.0
2026-08-05 10:30:37.244,600245,90039,150004448,1179.955121,,204.494,0x00,0x00,CURRENT,1,0,OK,0.6,0.6,90.0,150.0,,1179.909,,,7.0,54.0
2026-08-05 10:30:37.447,599867,89979,149998768,1179.895142,,204.696,0x00,0x00,CURRENT,1,0,OK,0.6,0.6,90.0,150.0,,1179.909,,,7.0,54.0
2026-08-05 10:30:37.729,599611,89938,149994240,1179.847327,,204.979,0x00,0x00,CURRENT,1,0,OK,0.6,0.6,90.0,149.998,,1179.882,,,7.0,54.0
2026-08-05 10:30:38.044,599363,89902,149996368,1179.869798,,205.294,0x00,0x00,CURRENT,1,0,OK,0.6,0.6,90.0,149.998,,1179.882,,,7.0,54.0
2026-08-05 10:30:38.245,599251,89882,149990512,1179.807961,,205.494,0x00,0x00,CURRENT,1,0,OK,0.6,0.6,90.0,149.998,,1179.882,,,7.0,54.0
2026-08-05 10:30:38.445,599149,89867,149991552,1179.818943,,205.695,0x00,0x00,CURRENT,1,0,OK,0.6,0.6,90.0,149.998,,1179.882,,,7.0,54.0
2026-08-05 10:30:38.729,599902,89982,149994992,1179.855268,,205.979,0x00,0x00,CURRENT,1,0,OK,0.6,0.6,90.0,149.998,,1179.882,,,7.0,54.0
2026-08-05 10:30:39.044,600448,90064,149995520,1179.860844,,206.294,0x00,0x00,CURRENT,1,0,OK,0.6,0.6,90.0,149.998,,1179.882,,,7.0,54.0
2026-08-05 10:30:39.244,600876,90130,149997952,1179.886525,,206.494,0x00,0x00,CURRENT,1,0,OK,0.6,0.6,90.0,149.998,,1179.882,,,7.0,54.0
2026-08-05 10:30:39.446,601225,90181,149995312,1179.858647,,206.696,0x00,0x00,CURRENT,1,0,OK,0.6,0.6,90.0,149.998,,1179.882,,,7.0,54.0
2026-08-05 10:30:39.729,600639,90091,149992560,1179.829587,,206.979,0x00,0x00,CURRENT,1,0,OK,0.6,0.6,90.0,149.996,,1179.867,,,7.0,54.0
2026-08-05 10:30:40.045,600152,90021,149997648,1179.883315,,207.294,0x00,0x00,CURRENT,1,0,OK,0.6,0.6,90.0,149.996,,1179.867,,,7.0,54.0
2026-08-05 10:30:40.246,599834,89972,149994304,1179.848003,,207.495,0x00,0x00,CURRENT,1,0,OK,0.6,0.6,90.0,149.996,,1179.867,,,7.0,54.0
2026-08-05 10:30:40.445,599586,89938,149999632,1179.904265,,207.694,0x00,0x00,CURRENT,1,0,OK,0.6,0.6,90.0,149.996,,1179.867,,,7.0,54.0
2026-08-05 10:30:40.729,599400,89910,149999376,1179.901562,,207.979,0x00,0x00,CURRENT,1,0,OK,0.6,0.6,90.0,149.996,,1179.867,,,7.0,54.0
2026-08-05 10:30:41.044,599233,89888,150005184,1179.962893,,208.294,0x00,0x00,CURRENT,1,0,OK,0.6,0.6,90.0,149.996,,1179.867,,,7.0,54.0
2026-08-05 10:30:41.244,599098,89869,150006896,1179.980971,,208.494,0x00,0x00,CURRENT,1,0,OK,0.6,0.6,90.0,149.996,,1179.867,,,7.0,54.0
2026-08-05 10:30:41.445,599043,89858,150002240,1179.931805,,208.694,0x00,0x00,CURRENT,1,0,OK,0.6,0.6,90.0,149.996,,1179.867,,,7.0,54.0
2026-08-05 10:30:41.729,599823,89975,150002768,1179.937380,,208.979,0x00,0x00,CURRENT,1,0,OK,0.6,0.6,90.0,149.996,,1179.87,,,7.0,54.0
2026-08-05 10:30:42.045,600435,90066,150001152,1179.920316,,209.294,0x00,0x00,CURRENT,1,0,OK,0.6,0.6,90.0,149.996,,1179.87,,,7.0,54.0
2026-08-05 10:30:42.245,600055,90009,150001824,1179.927412,,209.494,0x00,0x00,CURRENT,1,0,OK,0.6,0.6,90.0,149.996,,1179.87,,,7.0,54.0
2026-08-05 10:30:42.445,599752,89962,149998032,1179.887370,,209.694,0x00,0x00,CURRENT,1,0,OK,0.6,0.6,90.0,149.996,,1179.87,,,7.0,54.0
2026-08-05 10:30:42.729,600354,90051,149997120,1179.877739,,209.979,0x00,0x00,CURRENT,1,0,OK,0.6,0.6,90.0,149.996,,1179.87,,,7.0,54.0
2026-08-05 10:30:43.045,600778,90113,149994448,1179.849524,,210.294,0x00,0x00,CURRENT,1,0,OK,0.6,0.6,90.0,149.996,,1179.87,,,7.0,54.0
2026-08-05 10:30:43.244,600322,90046,149996208,1179.868109,,210.494,0x00,0x00,CURRENT,1,0,OK,0.6,0.6,90.0,149.996,,1179.87,,,7.0,54.0
2026-08-05 10:30:43.445,599915,89985,149996672,1179.873009,,210.694,0x00,0x00,CURRENT,1,0,OK,0.6,0.6,90.0,149.996,,1179.87,,,7.0,54.0
2026-08-05 10:30:43.730,599684,89945,149986592,1179.766567,,210.979,0x00,0x00,CURRENT,1,0,OK,0.6,0.6,90.0,149.998,,1179.886,,,7.0,54.0
2026-08-05 10:30:44.045,599501,89917,149986592,1179.766567,,211.294,0x00,0x00,CURRENT,1,0,OK,0.6,0.6,90.0,149.998,,1179.886,,,7.0,54.0
2026-08-05 10:30:44.245,600157,90016,149987872,1179.780084,,211.494,0x00,0x00,CURRENT,1,0,OK,0.6,0.6,90.0,149.998,,1179.886,,,7.0,54.0
2026-08-05 10:30:44.445,600686,90097,149990480,1179.807623,,211.694,0x00,0x00,CURRENT,1,0,OK,0.6,0.6,90.0,149.998,,1179.886,,,7.0,54.0
2026-08-05 10:30:44.729,600160,90021,149994864,1179.853917,,211.979,0x00,0x00,CURRENT,1,0,OK,0.6,0.6,90.0,149.998,,1179.886,,,7.0,54.0
2026-08-05 10:30:45.044,599849,89970,149987152,1179.772481,,212.294,0x00,0x00,CURRENT,1,0,OK,0.6,0.6,90.0,149.998,,1179.886,,,7.0,54.0
2026-08-05 10:30:45.245,599597,89932,149987776,1179.779070,,212.495,0x00,0x00,CURRENT,1,0,OK,0.6,0.6,90.0,149.998,,1179.886,,,7.0,54.0
2026-08-05 10:30:45.445,599399,89904,149989568,1179.797993,,212.694,0x00,0x00,CURRENT,1,0,OK,0.6,0.6,90.0,149.998,,1179.886,,,7.0,54.0
2026-08-05 10:30:45.729,600118,90014,149993968,1179.844455,,212.979,0x00,0x00,CURRENT,1,0,OK,0.6,0.6,90.0,150.01,,1180.017,,,7.0,54.0
2026-08-05 10:30:46.045,600638,90093,149995488,1179.860506,,213.295,0x00,0x00,CURRENT,1,0,OK,0.6,0.6,90.0,150.01,,1180.017,,,7.0,54.0
2026-08-05 10:30:46.244,600981,90149,150003776,1179.948025,,213.494,0x00,0x00,CURRENT,1,0,OK,0.6,0.6,90.0,150.01,,1180.017,,,7.0,54.0
2026-08-05 10:30:46.444,601267,90194,150007216,1179.984350,,213.694,0x00,0x00,CURRENT,1,0,OK,0.6,0.6,90.0,150.01,,1180.017,,,7.0,54.0
2026-08-05 10:30:46.729,600670,90100,149999760,1179.905617,,213.979,0x00,0x00,CURRENT,1,0,OK,0.6,0.6,90.0,150.01,,1180.017,,,7.0,54.0
2026-08-05 10:30:47.044,600269,90036,149992224,1179.826039,,214.294,0x00,0x00,CURRENT,1,0,OK,0.6,0.6,90.0,150.01,,1180.017,,,7.0,54.0
2026-08-05 10:30:47.243,599903,89981,149992912,1179.833304,,214.493,0x00,0x00,CURRENT,1,0,OK,0.6,0.6,90.0,150.01,,1180.017,,,7.0,54.0
2026-08-05 10:30:47.445,599610,89938,149994832,1179.853579,,214.694,0x00,0x00,CURRENT,1,0,OK,0.6,0.6,90.0,150.01,,1180.017,,,7.0,54.0
2026-08-05 10:30:47.729,599409,89908,149994112,1179.845976,,214.979,0x00,0x00,CURRENT,1,0,OK,0.6,0.6,90.0,149.998,,1179.886,,,7.0,54.0
2026-08-05 10:30:48.044,599258,89886,149994832,1179.853579,,215.294,0x00,0x00,CURRENT,1,0,OK,0.6,0.6,90.0,149.998,,1179.886,,,7.0,54.0
2026-08-05 10:30:48.244,599107,89867,150001456,1179.923526,,215.494,0x00,0x00,CURRENT,1,0,OK,0.6,0.6,90.0,149.998,,1179.886,,,7.0,54.0
2026-08-05 10:30:48.444,599060,89861,150003312,1179.943125,,215.694,0x00,0x00,CURRENT,1,0,OK,0.6,0.6,90.0,149.998,,1179.886,,,7.0,54.0
2026-08-05 10:30:48.729,599826,89978,150006400,1179.975733,,215.979,0x00,0x00,CURRENT,1,0,OK,0.6,0.6,90.0,149.998,,1179.886,,,7.0,54.0
2026-08-05 10:30:49.044,600335,90055,150007808,1179.990601,,216.294,0x00,0x00,CURRENT,1,0,OK,0.6,0.6,90.0,149.998,,1179.886,,,7.0,54.0
2026-08-05 10:30:49.244,600800,90122,150003120,1179.941097,,216.494,0x00,0x00,CURRENT,1,0,OK,0.6,0.6,90.0,149.998,,1179.886,,,7.0,54.0
2026-08-05 10:30:49.447,601140,90175,150005888,1179.970327,,216.696,0x00,0x00,CURRENT,1,0,OK,0.6,0.6,90.0,149.998,,1179.886,,,7.0,54.0
2026-08-05 10:30:49.729,600519,90086,150014240,1180.058521,,216.979,0x00,0x00,CURRENT,1,0,OK,0.6,0.6,90.0,150.003,,1179.942,,,7.0,54.0
2026-08-05 10:30:50.044,600044,90014,150012848,1180.043822,,217.294,0x00,0x00,CURRENT,1,0,OK,0.6,0.6,90.0,150.003,,1179.942,,,7.0,54.0
2026-08-05 10:30:50.244,599706,89963,150012144,1180.036388,,217.494,0x00,0x00,CURRENT,1,0,OK,0.6,0.6,90.0,150.003,,1179.942,,,7.0,54.0
2026-08-05 10:30:50.444,599444,89922,150009696,1180.010538,,217.694,0x00,0x00,CURRENT,1,0,OK,0.6,0.6,90.0,150.003,,1179.942,,,7.0,54.0
2026-08-05 10:30:50.729,599331,89898,149998112,1179.888215,,217.979,0x00,0x00,CURRENT,1,0,OK,0.6,0.6,90.0,150.003,,1179.942,,,7.0,54.0
2026-08-05 10:30:51.044,599097,89862,149996032,1179.866250,,218.294,0x00,0x00,CURRENT,1,0,OK,0.6,0.6,90.0,150.003,,1179.942,,,7.0,54.0
2026-08-05 10:30:51.244,599844,89975,149996544,1179.871657,,218.494,0x00,0x00,CURRENT,1,0,OK,0.6,0.6,90.0,150.003,,1179.942,,,7.0,54.0
2026-08-05 10:30:51.447,600321,90047,149997680,1179.883653,,218.696,0x00,0x00,CURRENT,1,0,OK,0.6,0.6,90.0,150.003,,1179.942,,,7.0,54.0
2026-08-05 10:30:51.729,600753,90109,149992880,1179.832966,,218.979,0x00,0x00,CURRENT,1,0,OK,0.6,0.599,90.0,150.011,,1180.022,,,7.0,54.0
2026-08-05 10:30:52.044,601049,90154,149994512,1179.850200,,219.294,0x00,0x00,CURRENT,1,0,OK,0.6,0.599,90.0,150.011,,1180.022,,,7.0,54.0
2026-08-05 10:30:52.244,600451,90060,149987264,1179.773663,,219.493,0x00,0x00,CURRENT,1,0,OK,0.6,0.599,90.0,150.011,,1180.022,,,7.0,54.0
2026-08-05 10:30:52.444,599955,89992,149997936,1179.886356,,219.694,0x00,0x00,CURRENT,1,0,OK,0.6,0.599,90.0,150.011,,1180.022,,,7.0,54.0
2026-08-05 10:30:52.729,599649,89948,150000608,1179.914571,,219.979,0x00,0x00,CURRENT,1,0,OK,0.6,0.599,90.0,150.011,,1180.022,,,7.0,54.0
2026-08-05 10:30:53.044,599382,89907,149999488,1179.902745,,220.294,0x00,0x00,CURRENT,1,0,OK,0.6,0.599,90.0,150.011,,1180.022,,,7.0,54.0
2026-08-05 10:30:53.244,599229,89887,150005184,1179.962893,,220.494,0x00,0x00,CURRENT,1,0,OK,0.6,0.599,90.0,150.011,,1180.022,,,7.0,54.0
2026-08-05 10:30:53.445,599104,89868,150003792,1179.948193,,220.694,0x00,0x00,CURRENT,1,0,OK,0.6,0.599,90.0,150.011,,1180.022,,,7.0,54.0
2026-08-05 10:30:53.729,599877,89979,149995344,1179.858985,,220.979,0x00,0x00,CURRENT,1,0,OK,0.6,0.6,90.0,150.009,,1180.004,,,7.0,54.0
2026-08-05 10:30:54.046,600411,90060,149997440,1179.881118,,221.295,0x00,0x00,CURRENT,1,0,OK,0.6,0.6,90.0,150.009,,1180.004,,,7.0,54.0
2026-08-05 10:30:54.243,600830,90122,149995600,1179.861689,,221.493,0x00,0x00,CURRENT,1,0,OK,0.6,0.6,90.0,150.009,,1180.004,,,7.0,54.0
2026-08-05 10:30:54.444,601079,90160,149997552,1179.882301,,221.694,0x00,0x00,CURRENT,1,0,OK,0.6,0.6,90.0,150.009,,1180.004,,,7.0,54.0
2026-08-05 10:30:54.729,600436,90064,149997376,1179.880443,,221.979,0x00,0x00,CURRENT,1,0,OK,0.6,0.6,90.0,150.009,,1180.004,,,7.0,54.0
2026-08-05 10:30:55.045,599963,89998,150006112,1179.972692,,222.295,0x00,0x00,CURRENT,1,0,OK,0.6,0.6,90.0,150.009,,1180.004,,,7.0,54.0
2026-08-05 10:30:55.244,599636,89948,150004432,1179.954952,,222.494,0x00,0x00,CURRENT,1,0,OK,0.6,0.6,90.0,150.009,,1180.004,,,7.0,54.0
2026-08-05 10:30:55.445,599410,89912,150001488,1179.923864,,222.694,0x00,0x00,CURRENT,1,0,OK,0.6,0.6,90.0,150.009,,1180.004,,,7.0,54.0
2026-08-05 10:30:55.729,599240,89885,149998272,1179.889904,,222.979,0x00,0x00,CURRENT,1,0,OK,0.6,0.6,90.0,149.998,,1179.889,,,7.0,54.0
2026-08-05 10:30:56.044,599140,89870,149998128,1179.888383,,223.294,0x00,0x00,CURRENT,1,0,OK,0.6,0.6,90.0,149.998,,1179.889,,,7.0,54.0
2026-08-05 10:30:56.244,599895,89983,149998416,1179.891425,,223.494,0x00,0x00,CURRENT,1,0,OK,0.6,0.6,90.0,149.998,,1179.889,,,7.0,54.0
2026-08-05 10:30:56.445,600508,90073,149994224,1179.847159,,223.695,0x00,0x00,CURRENT,1,0,OK,0.6,0.6,90.0,149.998,,1179.889,,,7.0,54.0
2026-08-05 10:30:56.730,600959,90140,149992912,1179.833304,,223.979,0x00,0x00,CURRENT,1,0,OK,0.6,0.6,90.0,149.998,,1179.889,,,7.0,54.0
2026-08-05 10:30:57.046,601259,90187,149996256,1179.868616,,224.295,0x00,0x00,CURRENT,1,0,OK,0.6,0.6,90.0,149.998,,1179.889,,,7.0,54.0
2026-08-05 10:30:57.245,600646,90094,149995184,1179.857296,,224.494,0x00,0x00,CURRENT,1,0,OK,0.6,0.6,90.0,149.998,,1179.889,,,7.0,54.0
2026-08-05 10:30:57.445,600204,90025,149990960,1179.812692,,224.694,0x00,0x00,CURRENT,1,0,OK,0.6,0.6,90.0,149.998,,1179.889,,,7.0,54.0
2026-08-05 10:30:57.730,599864,89972,149987136,1179.772312,,224.979,0x00,0x00,CURRENT,1,0,OK,0.6,0.601,90.0,149.999,,1179.897,,,7.0,54.0
2026-08-05 10:30:58.044,599627,89936,149985840,1179.758626,,225.294,0x00,0x00,CURRENT,1,0,OK,0.6,0.601,90.0,149.999,,1179.897,,,7.0,54.0
2026-08-05 10:30:58.244,599431,89906,149985792,1179.758119,,225.494,0x00,0x00,CURRENT,1,0,OK,0.6,0.601,90.0,149.999,,1179.897,,,7.0,54.0
2026-08-05 10:30:58.445,599237,89879,149988944,1179.791403,,225.694,0x00,0x00,CURRENT,1,0,OK,0.6,0.601,90.0,149.999,,1179.897,,,7.0,54.0
2026-08-05 10:30:58.729,599110,89862,149992608,1179.830094,,225.979,0x00,0x00,CURRENT,1,0,OK,0.6,0.601,90.0,149.999,,1179.897,,,7.0,54.0
2026-08-05 10:30:59.045,598978,89846,149997968,1179.886694,,226.295,0x00,0x00,CURRENT,1,0,OK,0.6,0.601,90.0,149.999,,1179.897,,,7.0,54.0
2026-08-05 10:30:59.245,599802,89967,149994560,1179.850707,,226.495,0x00,0x00,CURRENT,1,0,OK,0.6,0.601,90.0,149.999,,1179.897,,,7.0,54.0
2026-08-05 10:30:59.445,600335,90049,149998016,1179.887201,,226.694,0x00,0x00,CURRENT,1,0,OK,0.6,0.601,90.0,149.999,,1179.897,,,7.0,54.0
2026-08-05 10:30:59.729,600764,90111,149994624,1179.851382,,226.978,0x00,0x00,CURRENT,1,0,OK,0.6,0.599,90.0,149.987,,1179.774,,,7.0,54.0
2026-08-05 10:31:00.044,601113,90164,149995296,1179.858479,,227.294,0x00,0x00,CURRENT,1,0,OK,0.6,0.599,90.0,149.987,,1179.774,,,7.0,54.0
2026-08-05 10:31:00.244,600471,90070,149999824,1179.906293,,227.493,0x00,0x00,CURRENT,1,0,OK,0.6,0.599,90.0,149.987,,1179.774,,,7.0,54.0
2026-08-05 10:31:00.445,600026,90002,149996864,1179.875036,,227.695,0x00,0x00,CURRENT,1,0,OK,0.6,0.599,90.0,149.987,,1179.774,,,7.0,54.0
2026-08-05 10:31:00.729,599684,89950,149995248,1179.857972,,227.979,0x00,0x00,CURRENT,1,0,OK,0.6,0.599,90.0,149.987,,1179.774,,,7.0,54.0
2026-08-05 10:31:01.043,599445,89911,149990608,1179.808975,,228.293,0x00,0x00,CURRENT,1,0,OK,0.6,0.599,90.0,149.987,,1179.774,,,7.0,54.0
2026-08-05 10:31:01.245,599257,89886,149994944,1179.854762,,228.495,0x00,0x00,CURRENT,1,0,OK,0.6,0.599,90.0,149.987,,1179.774,,,7.0,54.0
2026-08-05 10:31:01.444,599079,89861,149999056,1179.898183,,228.693,0x00,0x00,CURRENT,1,0,OK,0.6,0.599,90.0,149.987,,1179.774,,,7.0,54.0
2026-08-05 10:31:01.729,599877,89979,149994880,1179.854086,,228.979,0x00,0x00,CURRENT,1,0,OK,0.6,0.6,90.0,149.992,,1179.821,,,7.0,54.0
2026-08-05 10:31:02.044,600430,90065,150000160,1179.909841,,229.294,0x00,0x00,CURRENT,1,0,OK,0.6,0.6,90.0,149.992,,1179.821,,,7.0,54.0
2026-08-05 10:31:02.245,600834,90126,150001456,1179.923526,,229.495,0x00,0x00,CURRENT,1,0,OK,0.6,0.6,90.0,149.992,,1179.821,,,7.0,54.0
2026-08-05 10:31:02.444,601184,90175,149996016,1179.866081,,229.694,0x00,0x00,CURRENT,1,0,OK,0.6,0.6,90.0,149.992,,1179.821,,,7.0,54.0
2026-08-05 10:31:02.729,600543,90082,150000928,1179.917951,,229.979,0x00,0x00,CURRENT,1,0,OK,0.6,0.6,90.0,149.992,,1179.821,,,7.0,54.0
2026-08-05 10:31:03.045,600099,90014,149999280,1179.900548,,230.295,0x00,0x00,CURRENT,1,0,OK,0.6,0.6,90.0,149.992,,1179.821,,,7.0,54.0
2026-08-05 10:31:03.244,599738,89962,150002800,1179.937718,,230.494,0x00,0x00,CURRENT,1,0,OK,0.6,0.6,90.0,149.992,,1179.821,,,7.0,54.0
2026-08-05 10:31:03.446,599486,89928,150008000,1179.992629,,230.696,0x00,0x00,CURRENT,1,0,OK,0.6,0.6,90.0,149.992,,1179.821,,,7.0,54.0
2026-08-05 10:31:03.729,599372,89905,149998976,1179.897338,,230.979,0x00,0x00,CURRENT,1,0,OK,0.6,0.6,90.0,150.001,,1179.917,,,7.0,54.0
2026-08-05 10:31:04.052,599258,89885,149993232,1179.836683,,231.302,0x00,0x00,CURRENT,1,0,OK,0.7,0.6,90.0,150.001,,1179.917,,,7.0,54.0
2026-08-05 10:31:04.328,618863,92830,150000768,1179.916261,,231.578,0x00,0x00,CURRENT,1,0,OK,0.7,0.6,90.0,150.001,,1179.917,,,7.0,54.0
2026-08-05 10:31:04.645,618872,92831,150000192,1179.910179,,231.894,0x00,0x00,CURRENT,1,0,OK,0.7,0.6,90.0,150.001,,1179.917,,,7.0,54.0
2026-08-05 10:31:04.845,623111,93465,149998176,1179.888890,,232.094,0x00,0x00,CURRENT,1,0,OK,0.7,0.6,90.0,150.001,,1179.917,,,7.0,54.0
2026-08-05 10:31:05.044,626290,93943,149999536,1179.903252,,232.294,0x00,0x00,CURRENT,1,0,OK,0.7,0.6,90.0,150.001,,1179.917,,,7.0,54.0
2026-08-05 10:31:05.329,632001,94802,150003024,1179.940084,,232.579,0x00,0x00,CURRENT,1,0,OK,0.7,0.6,90.0,150.001,,1179.917,,,7.0,54.0
2026-08-05 10:31:05.645,636350,95455,150003856,1179.948869,,232.895,0x00,0x00,CURRENT,1,0,OK,0.7,0.614,92.0,150.012,,1180.033,,,8.0,56.0
2026-08-05 10:31:05.845,642930,96443,150004864,1179.959513,,233.095,0x00,0x00,CURRENT,1,0,OK,0.7,0.614,92.0,150.012,,1180.033,,,8.0,56.0
2026-08-05 10:31:06.044,647893,97188,150006752,1179.979450,,233.294,0x00,0x00,CURRENT,1,0,OK,0.7,0.614,92.0,150.012,,1180.033,,,8.0,56.0
2026-08-05 10:31:06.329,654961,98250,150009408,1180.007497,,233.579,0x00,0x00,CURRENT,1,0,OK,0.7,0.614,92.0,150.012,,1180.033,,,8.0,56.0
2026-08-05 10:31:06.644,660253,99045,150010336,1180.017296,,233.894,0x00,0x00,CURRENT,1,0,OK,0.7,0.614,92.0,150.012,,1180.033,,,8.0,56.0
2026-08-05 10:31:06.844,666729,100013,150005008,1179.961034,,234.094,0x00,0x00,CURRENT,1,0,OK,0.7,0.614,92.0,150.012,,1180.033,,,8.0,56.0
2026-08-05 10:31:07.044,671586,100743,150006864,1179.980633,,234.294,0x00,0x00,CURRENT,1,0,OK,0.7,0.614,92.0,150.012,,1180.033,,,8.0,56.0
2026-08-05 10:31:07.329,676935,101546,150008352,1179.996346,,234.579,0x00,0x00,CURRENT,1,0,OK,0.7,0.614,92.0,150.012,,1180.033,,,8.0,56.0
2026-08-05 10:31:07.645,680993,102154,150006880,1179.980802,,234.895,0x00,0x00,CURRENT,1,0,OK,0.7,0.654,98.0,150.005,,1179.958,,,9.0,64.0
2026-08-05 10:31:07.844,685714,102861,150005264,1179.963737,,235.094,0x00,0x00,CURRENT,1,0,OK,0.7,0.654,98.0,150.005,,1179.958,,,9.0,64.0
2026-08-05 10:31:08.045,689255,103391,150004736,1179.958162,,235.295,0x00,0x00,CURRENT,1,0,OK,0.7,0.654,98.0,150.005,,1179.958,,,9.0,64.0
2026-08-05 10:31:08.329,692721,103910,150002256,1179.931974,,235.579,0x00,0x00,CURRENT,1,0,OK,0.7,0.654,98.0,150.005,,1179.958,,,9.0,64.0
2026-08-05 10:31:08.644,695340,104302,150001328,1179.922174,,235.894,0x00,0x00,CURRENT,1,0,OK,0.7,0.654,98.0,150.005,,1179.958,,,9.0,64.0
2026-08-05 10:31:08.844,698152,104722,149999376,1179.901562,,236.094,0x00,0x00,CURRENT,1,0,OK,0.7,0.654,98.0,150.005,,1179.958,,,9.0,64.0
2026-08-05 10:31:09.044,700280,105041,149999248,1179.900210,,236.294,0x00,0x00,CURRENT,1,0,OK,0.7,0.654,98.0,150.005,,1179.958,,,9.0,64.0
2026-08-05 10:31:09.329,702658,105401,150002864,1179.938394,,236.579,0x00,0x00,CURRENT,1,0,OK,0.7,0.654,98.0,150.005,,1179.958,,,9.0,64.0
2026-08-05 10:31:09.644,704517,105680,150002848,1179.938225,,236.894,0x00,0x00,CURRENT,1,0,OK,0.7,0.687,103.0,150.003,,1179.935,,,10.0,71.0
2026-08-05 10:31:09.844,705864,105880,150000240,1179.910686,,237.094,0x00,0x00,CURRENT,1,0,OK,0.7,0.687,103.0,150.003,,1179.935,,,10.0,71.0
2026-08-05 10:31:10.045,706894,106036,150002368,1179.933156,,237.295,0x00,0x00,CURRENT,1,0,OK,0.7,0.687,103.0,150.003,,1179.935,,,10.0,71.0
2026-08-05 10:31:10.329,708532,106280,150000224,1179.910517,,237.579,0x00,0x00,CURRENT,1,0,OK,0.7,0.687,103.0,150.003,,1179.935,,,10.0,71.0
2026-08-05 10:31:10.644,709752,106461,149997440,1179.881118,,237.894,0x00,0x00,CURRENT,1,0,OK,0.7,0.687,103.0,150.003,,1179.935,,,10.0,71.0
2026-08-05 10:31:10.844,710676,106600,149998016,1179.887201,,238.094,0x00,0x00,CURRENT,1,0,OK,0.7,0.687,103.0,150.003,,1179.935,,,10.0,71.0
2026-08-05 10:31:11.045,711350,106703,150000896,1179.917613,,238.295,0x00,0x00,CURRENT,1,0,OK,0.7,0.687,103.0,150.003,,1179.935,,,10.0,71.0
2026-08-05 10:31:11.329,710989,106651,150004064,1179.951066,,238.579,0x00,0x00,CURRENT,1,0,OK,0.7,0.687,103.0,150.003,,1179.935,,,10.0,71.0
2026-08-05 10:31:11.644,710728,106614,150007184,1179.984012,,238.894,0x00,0x00,CURRENT,1,0,OK,0.7,0.704,106.0,150.008,,1179.992,,,10.0,74.0
2026-08-05 10:31:11.845,710513,106580,150004448,1179.955121,,239.095,0x00,0x00,CURRENT,1,0,OK,0.7,0.704,106.0,150.008,,1179.992,,,10.0,74.0
2026-08-05 10:31:12.045,710380,106561,150006144,1179.973030,,239.295,0x00,0x00,CURRENT,1,0,OK,0.7,0.704,106.0,150.008,,1179.992,,,10.0,74.0
2026-08-05 10:31:12.329,710308,106550,150004896,1179.959851,,239.579,0x00,0x00,CURRENT,1,0,OK,0.7,0.704,106.0,150.008,,1179.992,,,10.0,74.0
2026-08-05 10:31:12.645,710245,106538,150001296,1179.921837,,239.895,0x00,0x00,CURRENT,1,0,OK,0.7,0.704,106.0,150.008,,1179.992,,,10.0,74.0
2026-08-05 10:31:12.844,709331,106401,150001248,1179.921330,,240.094,0x00,0x00,CURRENT,1,0,OK,0.7,0.704,106.0,150.008,,1179.992,,,10.0,74.0
2026-08-05 10:31:13.045,708683,106303,150000304,1179.911361,,240.295,0x00,0x00,CURRENT,1,0,OK,0.7,0.704,106.0,150.008,,1179.992,,,10.0,74.0
2026-08-05 10:31:13.329,708150,106228,150007968,1179.992291,,240.579,0x00,0x00,CURRENT,1,0,OK,0.7,0.704,106.0,150.008,,1179.992,,,10.0,74.0
2026-08-05 10:31:13.645,707778,106173,150008224,1179.994994,,240.895,0x00,0x00,CURRENT,1,0,OK,0.7,0.707,106.0,150.008,,1179.993,,,10.0,75.0
2026-08-05 10:31:13.844,707518,106131,150004064,1179.951066,,241.094,0x00,0x00,CURRENT,1,0,OK,0.7,0.707,106.0,150.008,,1179.993,,,10.0,75.0
2026-08-05 10:31:14.044,707267,106095,150006864,1179.980633,,241.294,0x00,0x00,CURRENT,1,0,OK,0.7,0.707,106.0,150.008,,1179.993,,,10.0,75.0
2026-08-05 10:31:14.329,706277,105944,150002896,1179.938732,,241.579,0x00,0x00,CURRENT,1,0,OK,0.7,0.707,106.0,150.008,,1179.993,,,10.0,75.0
2026-08-05 10:31:14.644,705479,105827,150007344,1179.985701,,241.894,0x00,0x00,CURRENT,1,0,OK,0.7,0.707,106.0,150.008,,1179.993,,,10.0,75.0
2026-08-05 10:31:14.844,704889,105738,150007232,1179.984519,,242.094,0x00,0x00,CURRENT,1,0,OK,0.7,0.707,106.0,150.008,,1179.993,,,10.0,75.0
2026-08-05 10:31:15.045,704466,105677,150010176,1180.015606,,242.295,0x00,0x00,CURRENT,1,0,OK,0.7,0.707,106.0,150.008,,1179.993,,,10.0,75.0
2026-08-05 10:31:15.329,704130,105623,150005104,1179.962048,,242.579,0x00,0x00,CURRENT,1,0,OK,0.7,0.707,106.0,150.008,,1179.993,,,10.0,75.0
2026-08-05 10:31:15.645,703933,105591,150001072,1179.919471,,242.895,0x00,0x00,CURRENT,1,0,OK,0.7,0.705,106.0,150.0,,1179.91,,,10.0,75.0
2026-08-05 10:31:15.844,702854,105432,150005296,1179.964075,,243.094,0x00,0x00,CURRENT,1,0,OK,0.7,0.705,106.0,150.0,,1179.91,,,10.0,75.0
2026-08-05 10:31:16.044,702091,105318,150005968,1179.971171,,243.294,0x00,0x00,CURRENT,1,0,OK,0.7,0.705,106.0,150.0,,1179.91,,,10.0,75.0
2026-08-05 10:31:16.329,701501,105230,150006832,1179.980295,,243.579,0x00,0x00,CURRENT,1,0,OK,0.7,0.705,106.0,150.0,,1179.91,,,10.0,75.0
2026-08-05 10:31:16.644,701039,105161,150007216,1179.984350,,243.894,0x00,0x00,CURRENT,1,0,OK,0.7,0.705,106.0,150.0,,1179.91,,,10.0,75.0
2026-08-05 10:31:16.845,700693,105112,150011760,1180.032333,,244.095,0x00,0x00,CURRENT,1,0,OK,0.7,0.705,106.0,150.0,,1179.91,,,10.0,75.0
2026-08-05 10:31:17.045,700433,105070,150007936,1179.991953,,244.295,0x00,0x00,CURRENT,1,0,OK,0.7,0.705,106.0,150.0,,1179.91,,,10.0,75.0
2026-08-05 10:31:17.329,700247,105041,150005408,1179.965258,,244.579,0x00,0x00,CURRENT,1,0,OK,0.7,0.705,106.0,150.0,,1179.91,,,10.0,75.0
2026-08-05 10:31:17.645,700090,105018,150005776,1179.969144,,244.895,0x00,0x00,CURRENT,1,0,OK,0.7,0.702,105.0,150.0,,1179.908,,,10.0,74.0
2026-08-05 10:31:17.845,700009,105006,150006624,1179.978098,,245.095,0x00,0x00,CURRENT,1,0,OK,0.7,0.702,105.0,150.0,,1179.908,,,10.0,74.0
2026-08-05 10:31:18.045,699957,104996,150003552,1179.945659,,245.295,0x00,0x00,CURRENT,1,0,OK,0.7,0.702,105.0,150.0,,1179.908,,,10.0,74.0
2026-08-05 10:31:18.329,699891,104987,150004256,1179.953093,,245.579,0x00,0x00,CURRENT,1,0,OK,0.7,0.702,105.0,150.0,,1179.908,,,10.0,74.0
2026-08-05 10:31:18.644,699878,104982,149999776,1179.905786,,245.894,0x00,0x00,CURRENT,1,0,OK,0.7,0.702,105.0,150.0,,1179.908,,,10.0,74.0
2026-08-05 10:31:18.845,699878,104978,149994224,1179.847159,,246.095,0x00,0x00,CURRENT,1,0,OK,0.7,0.702,105.0,150.0,,1179.908,,,10.0,74.0
2026-08-05 10:31:19.045,699850,104971,149991328,1179.816578,,246.295,0x00,0x00,CURRENT,1,0,OK,0.7,0.702,105.0,150.0,,1179.908,,,10.0,74.0
2026-08-05 10:31:19.329,699885,104978,149993616,1179.840738,,246.579,0x00,0x00,CURRENT,1,0,OK,0.7,0.702,105.0,150.0,,1179.908,,,10.0,74.0
2026-08-05 10:31:19.645,699836,104974,149997232,1179.878922,,246.895,0x00,0x00,CURRENT,1,0,OK,0.7,0.7,105.0,149.998,,1179.888,,,10.0,74.0
2026-08-05 10:31:19.844,699912,104985,149997120,1179.877739,,247.094,0x00,0x00,CURRENT,1,0,OK,0.7,0.7,105.0,149.998,,1179.888,,,10.0,74.0
2026-08-05 10:31:20.045,699941,104988,149995328,1179.858816,,247.295,0x00,0x00,CURRENT,1,0,OK,0.7,0.7,105.0,149.998,,1179.888,,,10.0,74.0
2026-08-05 10:31:20.329,699943,104988,149994992,1179.855268,,247.579,0x00,0x00,CURRENT,1,0,OK,0.7,0.7,105.0,149.998,,1179.888,,,10.0,74.0
2026-08-05 10:31:20.645,699983,104994,149994880,1179.854086,,247.895,0x00,0x00,CURRENT,1,0,OK,0.7,0.7,105.0,149.998,,1179.888,,,10.0,74.0
2026-08-05 10:31:20.844,699984,104995,149996512,1179.871319,,248.094,0x00,0x00,CURRENT,1,0,OK,0.7,0.7,105.0,149.998,,1179.888,,,10.0,74.0
2026-08-05 10:31:21.045,699939,104992,150001296,1179.921837,,248.295,0x00,0x00,CURRENT,1,0,OK,0.7,0.7,105.0,149.998,,1179.888,,,10.0,74.0
2026-08-05 10:31:21.329,699989,104996,149996752,1179.873853,,248.578,0x00,0x00,CURRENT,1,0,OK,0.7,0.7,105.0,149.998,,1179.888,,,10.0,74.0
2026-08-05 10:31:21.644,699980,104995,149996704,1179.873347,,248.894,0x00,0x00,CURRENT,1,0,OK,0.7,0.7,105.0,149.997,,1179.879,,,10.0,74.0
2026-08-05 10:31:21.844,699945,104992,149999872,1179.906800,,249.094,0x00,0x00,CURRENT,1,0,OK,0.7,0.7,105.0,149.997,,1179.879,,,10.0,74.0
2026-08-05 10:31:22.045,699900,104990,150006464,1179.976409,,249.295,0x00,0x00,CURRENT,1,0,OK,0.7,0.7,105.0,149.997,,1179.879,,,10.0,74.0
2026-08-05 10:31:22.329,699922,104992,150004560,1179.956303,,249.579,0x00,0x00,CURRENT,1,0,OK,0.7,0.7,105.0,149.997,,1179.879,,,10.0,74.0
2026-08-05 10:31:22.644,699911,104988,150002496,1179.934508,,249.894,0x00,0x00,CURRENT,1,0,OK,0.7,0.7,105.0,149.997,,1179.879,,,10.0,74.0
2026-08-05 10:31:22.844,699837,104979,150004448,1179.955121,,250.094,0x00,0x00,CURRENT,1,0,OK,0.7,0.7,105.0,149.997,,1179.879,,,10.0,74.0
2026-08-05 10:31:23.044,699866,104983,150003776,1179.948025,,250.294,0x00,0x00,CURRENT,1,0,OK,0.7,0.7,105.0,149.997,,1179.879,,,10.0,74.0
2026-08-05 10:31:23.329,699888,104983,150000256,1179.910854,,250.579,0x00,0x00,CURRENT,1,0,OK,0.7,0.7,105.0,149.997,,1179.879,,,10.0,74.0
2026-08-05 10:31:23.645,699885,104983,150000544,1179.913896,,250.895,0x00,0x00,CURRENT,1,0,OK,0.7,0.7,105.0,150.001,,1179.922,,,10.0,73.0
2026-08-05 10:31:23.845,699827,104980,150008688,1179.999894,,251.094,0x00,0x00,CURRENT,1,0,OK,0.7,0.7,105.0,150.001,,1179.922,,,10.0,73.0
2026-08-05 10:31:24.045,699840,104984,150010928,1180.023547,,251.295,0x00,0x00,CURRENT,1,0,OK,0.7,0.7,105.0,150.001,,1179.922,,,10.0,73.0
2026-08-05 10:31:24.329,699831,104981,150009360,1180.006990,,251.578,0x00,0x00,CURRENT,1,0,OK,0.7,0.7,105.0,150.001,,1179.922,,,10.0,73.0
2026-08-05 10:31:24.645,699861,104983,150005504,1179.966272,,251.895,0x00,0x00,CURRENT,1,0,OK,0.7,0.7,105.0,150.001,,1179.922,,,10.0,73.0
2026-08-05 10:31:24.845,699874,104983,150003136,1179.941266,,252.094,0x00,0x00,CURRENT,1,0,OK,0.7,0.7,105.0,150.001,,1179.922,,,10.0,73.0
2026-08-05 10:31:25.045,699866,104982,150002368,1179.933156,,252.294,0x00,0x00,CURRENT,1,0,OK,0.7,0.7,105.0,150.001,,1179.922,,,10.0,73.0
2026-08-05 10:31:25.329,699869,104982,150002352,1179.932988,,252.579,0x00,0x00,CURRENT,1,0,OK,0.7,0.7,105.0,150.001,,1179.922,,,10.0,73.0
2026-08-05 10:31:25.645,699890,104987,150004960,1179.960527,,252.895,0x00,0x00,CURRENT,1,0,OK,0.7,0.7,105.0,150.008,,1179.992,,,10.0,73.0
2026-08-05 10:31:25.845,699877,104985,150005008,1179.961034,,253.095,0x00,0x00,CURRENT,1,0,OK,0.7,0.7,105.0,150.008,,1179.992,,,10.0,73.0
2026-08-05 10:31:26.045,699887,104989,150008304,1179.995839,,253.295,0x00,0x00,CURRENT,1,0,OK,0.7,0.7,105.0,150.008,,1179.992,,,10.0,73.0
2026-08-05 10:31:26.329,699856,104983,150006592,1179.977761,,253.579,0x00,0x00,CURRENT,1,0,OK,0.7,0.7,105.0,150.008,,1179.992,,,10.0,73.0
2026-08-05 10:31:26.645,699852,104979,150001968,1179.928933,,253.895,0x00,0x00,CURRENT,1,0,OK,0.7,0.7,105.0,150.008,,1179.992,,,10.0,73.0
2026-08-05 10:31:26.844,699831,104979,150006336,1179.975057,,254.093,0x00,0x00,CURRENT,1,0,OK,0.7,0.7,105.0,150.008,,1179.992,,,10.0,73.0
2026-08-05 10:31:27.046,699852,104983,150007792,1179.990432,,254.296,0x00,0x00,CURRENT,1,0,OK,0.7,0.7,105.0,150.008,,1179.992,,,10.0,73.0
2026-08-05 10:31:27.329,699849,104984,150009280,1180.006145,,254.579,0x00,0x00,CURRENT,1,0,OK,0.7,0.7,105.0,150.008,,1179.992,,,10.0,73.0
2026-08-05 10:31:27.646,699865,104986,150009600,1180.009524,,254.896,0x00,0x00,CURRENT,1,0,OK,0.7,0.7,105.0,150.002,,1179.931,,,10.0,73.0
2026-08-05 10:31:27.845,699859,104985,150009344,1180.006821,,255.095,0x00,0x00,CURRENT,1,0,OK,0.7,0.7,105.0,150.002,,1179.931,,,10.0,73.0
2026-08-05 10:31:28.045,699864,104985,150007376,1179.986039,,255.294,0x00,0x00,CURRENT,1,0,OK,0.7,0.7,105.0,150.002,,1179.931,,,10.0,73.0
2026-08-05 10:31:28.330,699876,104987,150008592,1179.998880,,255.580,0x00,0x00,CURRENT,1,0,OK,0.7,0.7,105.0,150.002,,1179.931,,,10.0,73.0
2026-08-05 10:31:28.644,699867,104986,150007952,1179.992122,,255.893,0x00,0x00,CURRENT,1,0,OK,0.7,0.7,105.0,150.002,,1179.931,,,10.0,73.0
2026-08-05 10:31:28.844,699888,104984,150001680,1179.925891,,256.093,0x00,0x00,CURRENT,1,0,OK,0.7,0.7,105.0,150.002,,1179.931,,,10.0,73.0
2026-08-05 10:31:29.045,699839,104977,150001552,1179.924540,,256.294,0x00,0x00,CURRENT,1,0,OK,0.7,0.7,105.0,150.002,,1179.931,,,10.0,73.0
2026-08-05 10:31:29.330,699849,104979,150002800,1179.937718,,256.579,0x00,0x00,CURRENT,1,0,OK,0.7,0.7,105.0,150.002,,1179.931,,,10.0,73.0
2026-08-05 10:31:29.645,699874,104981,149999104,1179.898690,,256.895,0x00,0x00,CURRENT,1,0,OK,0.7,0.7,105.0,149.999,,1179.902,,,10.0,73.0
2026-08-05 10:31:29.844,699866,104981,150001040,1179.919133,,257.094,0x00,0x00,CURRENT,1,0,OK,0.7,0.7,105.0,149.999,,1179.902,,,10.0,73.0
2026-08-05 10:31:30.044,699841,104977,150001360,1179.922512,,257.294,0x00,0x00,CURRENT,1,0,OK,0.7,0.7,105.0,149.999,,1179.902,,,10.0,73.0
2026-08-05 10:31:30.330,699831,104972,149996608,1179.872333,,257.580,0x00,0x00,CURRENT,1,0,OK,0.7,0.7,105.0,149.999,,1179.902,,,10.0,73.0
2026-08-05 10:31:30.646,699824,104974,150000320,1179.911530,,257.895,0x00,0x00,CURRENT,1,0,OK,0.7,0.7,105.0,149.999,,1179.902,,,10.0,73.0
2026-08-05 10:31:30.845,699810,104974,150003392,1179.943970,,258.094,0x00,0x00,CURRENT,1,0,OK,0.7,0.7,105.0,149.999,,1179.902,,,10.0,73.0
2026-08-05 10:31:31.045,699854,104979,150001808,1179.927243,,258.295,0x00,0x00,CURRENT,1,0,OK,0.7,0.7,105.0,149.999,,1179.902,,,10.0,73.0
2026-08-05 10:31:31.330,699879,104981,149998144,1179.888552,,258.579,0x00,0x00,CURRENT,1,0,OK,0.7,0.7,105.0,149.999,,1179.902,,,10.0,73.0
2026-08-05 10:31:31.644,699897,104977,149989408,1179.796303,,258.893,0x00,0x00,CURRENT,1,0,OK,0.7,0.7,105.0,150.002,,1179.925,,,10.0,73.0
2026-08-05 10:31:31.844,699920,104979,149987488,1179.776029,,259.094,0x00,0x00,CURRENT,1,0,OK,0.7,0.7,105.0,150.002,,1179.925,,,10.0,73.0
2026-08-05 10:31:32.044,699872,104979,149997888,1179.885849,,259.293,0x00,0x00,CURRENT,1,0,OK,0.7,0.7,105.0,150.002,,1179.925,,,10.0,73.0
2026-08-05 10:31:32.330,699808,104973,150002944,1179.939239,,259.579,0x00,0x00,CURRENT,1,0,OK,0.7,0.7,105.0,150.002,,1179.925,,,10.0,73.0
2026-08-05 10:31:32.645,699807,104975,150005920,1179.970664,,259.894,0x00,0x00,CURRENT,1,0,OK,0.7,0.7,105.0,150.002,,1179.925,,,10.0,73.0
2026-08-05 10:31:32.845,699731,104968,150011760,1180.032333,,260.095,0x00,0x00,CURRENT,1,0,OK,0.7,0.7,105.0,150.002,,1179.925,,,10.0,73.0
2026-08-05 10:31:33.045,699749,104968,150008048,1179.993135,,260.294,0x00,0x00,CURRENT,1,0,OK,0.7,0.7,105.0,150.002,,1179.925,,,10.0,73.0
2026-08-05 10:31:33.330,699772,104968,150003696,1179.947180,,260.579,0x00,0x00,CURRENT,1,0,OK,0.7,0.7,105.0,150.002,,1179.925,,,10.0,73.0
2026-08-05 10:31:33.645,699798,104971,150002480,1179.934339,,260.894,0x00,0x00,CURRENT,1,0,OK,0.7,0.7,105.0,149.994,,1179.85,,,10.0,73.0
2026-08-05 10:31:33.844,699846,104977,149999440,1179.902238,,261.094,0x00,0x00,CURRENT,1,0,OK,0.7,0.7,105.0,149.994,,1179.85,,,10.0,73.0
2026-08-05 10:31:34.044,699826,104974,150000160,1179.909841,,261.293,0x00,0x00,CURRENT,1,0,OK,0.7,0.7,105.0,149.994,,1179.85,,,10.0,73.0
2026-08-05 10:31:34.330,699867,104980,149999600,1179.903927,,261.579,0x00,0x00,CURRENT,1,0,OK,0.7,0.7,105.0,149.994,,1179.85,,,10.0,73.0
2026-08-05 10:31:34.645,699842,104980,150005616,1179.967454,,261.894,0x00,0x00,CURRENT,1,0,OK,0.7,0.7,105.0,149.994,,1179.85,,,10.0,73.0
2026-08-05 10:31:34.845,699850,104979,150002016,1179.929439,,262.094,0x00,0x00,CURRENT,1,0,OK,0.7,0.7,105.0,149.994,,1179.85,,,10.0,73.0
2026-08-05 10:31:35.046,699867,104979,149998176,1179.888890,,262.295,0x00,0x00,CURRENT,1,0,OK,0.7,0.7,105.0,149.994,,1179.85,,,10.0,73.0
2026-08-05 10:31:35.330,699897,104984,149999408,1179.901900,,262.579,0x00,0x00,CURRENT,1,0,OK,0.7,0.7,105.0,149.994,,1179.85,,,10.0,73.0
2026-08-05 10:31:35.645,699902,104988,150003264,1179.942618,,262.894,0x00,0x00,CURRENT,1,0,OK,0.7,0.7,105.0,150.002,,1179.924,,,10.0,73.0
2026-08-05 10:31:35.844,699914,104994,150010128,1180.015100,,263.094,0x00,0x00,CURRENT,1,0,OK,0.7,0.7,105.0,150.002,,1179.924,,,10.0,73.0
2026-08-05 10:31:36.044,699914,104995,150011728,1180.031995,,263.294,0x00,0x00,CURRENT,1,0,OK,0.7,0.7,105.0,150.002,,1179.924,,,10.0,73.0
2026-08-05 10:31:36.330,699924,104994,150007728,1179.989756,,263.579,0x00,0x00,CURRENT,1,0,OK,0.7,0.7,105.0,150.002,,1179.924,,,10.0,73.0
2026-08-05 10:31:36.644,699931,104994,150006432,1179.976071,,263.893,0x00,0x00,CURRENT,1,0,OK,0.7,0.7,105.0,150.002,,1179.924,,,10.0,73.0
2026-08-05 10:31:36.845,699945,104993,150001328,1179.922174,,264.094,0x00,0x00,CURRENT,1,0,OK,0.7,0.7,105.0,150.002,,1179.924,,,10.0,73.0
2026-08-05 10:31:37.045,699975,104994,149996496,1179.871150,,264.294,0x00,0x00,CURRENT,1,0,OK,0.7,0.7,105.0,150.002,,1179.924,,,10.0,73.0
2026-08-05 10:31:37.330,700016,104998,149993136,1179.835670,,264.579,0x00,0x00,CURRENT,1,0,OK,0.7,0.7,105.0,150.002,,1179.924,,,10.0,73.0
2026-08-05 10:31:37.645,699991,105000,150001968,1179.928933,,264.895,0x00,0x00,CURRENT,1,0,OK,0.7,0.7,105.0,150.004,,1179.956,,,10.0,73.0
2026-08-05 10:31:37.845,699990,104997,149998416,1179.891425,,265.094,0x00,0x00,CURRENT,1,0,OK,0.7,0.7,105.0,150.004,,1179.956,,,10.0,73.0
2026-08-05 10:31:38.044,699981,104995,149997312,1179.879767,,265.293,0x00,0x00,CURRENT,1,0,OK,0.7,0.7,105.0,150.004,,1179.956,,,10.0,73.0
2026-08-05 10:31:38.330,699992,104998,149998896,1179.896493,,265.579,0x00,0x00,CURRENT,1,0,OK,0.7,0.7,105.0,150.004,,1179.956,,,10.0,73.0
2026-08-05 10:31:38.645,699973,104997,150001152,1179.920316,,265.894,0x00,0x00,CURRENT,1,0,OK,0.7,0.7,105.0,150.004,,1179.956,,,10.0,73.0
2026-08-05 10:31:38.845,699949,104995,150003792,1179.948193,,266.094,0x00,0x00,CURRENT,1,0,OK,0.7,0.7,105.0,150.004,,1179.956,,,10.0,73.0
2026-08-05 10:31:39.045,699950,104995,150003280,1179.942787,,266.294,0x00,0x00,CURRENT,1,0,OK,0.7,0.7,105.0,150.004,,1179.956,,,10.0,73.0
2026-08-05 10:31:39.330,699978,104996,149999440,1179.902238,,266.579,0x00,0x00,CURRENT,1,0,OK,0.7,0.7,105.0,150.004,,1179.956,,,10.0,73.0
2026-08-05 10:31:39.645,699972,104997,150001712,1179.926229,,266.894,0x00,0x00,CURRENT,1,0,OK,0.7,0.7,105.0,149.996,,1179.866,,,10.0,73.0
2026-08-05 10:31:39.845,699967,104995,150000000,1179.908151,,267.094,0x00,0x00,CURRENT,1,0,OK,0.7,0.7,105.0,149.996,,1179.866,,,10.0,73.0
2026-08-05 10:31:40.045,699954,104992,149998992,1179.897507,,267.294,0x00,0x00,CURRENT,1,0,OK,0.7,0.7,105.0,149.996,,1179.866,,,10.0,73.0
2026-08-05 10:31:40.330,699916,104988,150000816,1179.916768,,267.579,0x00,0x00,CURRENT,1,0,OK,0.7,0.7,105.0,149.996,,1179.866,,,10.0,73.0
2026-08-05 10:31:40.645,699916,104989,150001744,1179.926567,,267.894,0x00,0x00,CURRENT,1,0,OK,0.7,0.7,105.0,149.996,,1179.866,,,10.0,73.0
2026-08-05 10:31:40.845,699906,104986,149999744,1179.905448,,268.094,0x00,0x00,CURRENT,1,0,OK,0.7,0.7,105.0,149.996,,1179.866,,,10.0,73.0
2026-08-05 10:31:41.044,699862,104981,150002800,1179.937718,,268.294,0x00,0x00,CURRENT,1,0,OK,0.7,0.7,105.0,149.996,,1179.866,,,10.0,73.0
2026-08-05 10:31:41.330,699828,104976,150002976,1179.939577,,268.579,0x00,0x00,CURRENT,1,0,OK,0.7,0.7,105.0,149.996,,1179.866,,,10.0,73.0
2026-08-05 10:31:41.645,699850,104977,149998864,1179.896155,,268.895,0x00,0x00,CURRENT,1,0,OK,0.7,0.7,105.0,150.003,,1179.936,,,10.0,73.0
2026-08-05 10:31:41.845,699866,104979,149998160,1179.888721,,269.094,0x00,0x00,CURRENT,1,0,OK,0.7,0.7,105.0,150.003,,1179.936,,,10.0,73.0
2026-08-05 10:31:42.045,699916,104985,149996240,1179.868447,,269.294,0x00,0x00,CURRENT,1,0,OK,0.7,0.7,105.0,150.003,,1179.936,,,10.0,73.0
2026-08-05 10:31:42.330,699915,104987,149999392,1179.901731,,269.579,0x00,0x00,CURRENT,1,0,OK,0.7,0.7,105.0,150.003,,1179.936,,,10.0,73.0
2026-08-05 10:31:42.645,699952,104991,149997584,1179.882639,,269.894,0x00,0x00,CURRENT,1,0,OK,0.7,0.7,105.0,150.003,,1179.936,,,10.0,73.0
2026-08-05 10:31:42.845,699990,104993,149992336,1179.827222,,270.094,0x00,0x00,CURRENT,1,0,OK,0.7,0.7,105.0,150.003,,1179.936,,,10.0,73.0
2026-08-05 10:31:43.045,700008,104997,149993808,1179.842766,,270.294,0x00,0x00,CURRENT,1,0,OK,0.7,0.7,105.0,150.003,,1179.936,,,10.0,73.0
2026-08-05 10:31:43.330,699957,104992,149997152,1179.878077,,270.579,0x00,0x00,CURRENT,1,0,OK,0.7,0.7,105.0,150.003,,1179.936,,,10.0,73.0
2026-08-05 10:31:43.645,699909,104990,150004624,1179.956979,,270.894,0x00,0x00,CURRENT,1,0,OK,0.7,0.7,105.0,150.001,,1179.915,,,10.0,73.0
2026-08-05 10:31:43.846,699910,104987,150000544,1179.913896,,271.095,0x00,0x00,CURRENT,1,0,OK,0.7,0.7,105.0,150.001,,1179.915,,,10.0,73.0
2026-08-05 10:31:44.046,699884,104982,149999424,1179.902069,,271.295,0x00,0x00,CURRENT,1,0,OK,0.7,0.7,105.0,150.001,,1179.915,,,10.0,73.0
2026-08-05 10:31:44.329,699854,104979,150001216,1179.920992,,271.579,0x00,0x00,CURRENT,1,0,OK,0.7,0.7,105.0,150.001,,1179.915,,,10.0,73.0
2026-08-05 10:31:44.646,699785,104969,150001680,1179.925891,,271.895,0x00,0x00,CURRENT,1,0,OK,0.7,0.7,105.0,150.001,,1179.915,,,10.0,73.0
2026-08-05 10:31:44.845,699818,104969,149994688,1179.852058,,272.094,0x00,0x00,CURRENT,1,0,OK,0.7,0.7,105.0,150.001,,1179.915,,,10.0,73.0
2026-08-05 10:31:45.045,699795,104967,149997104,1179.877570,,272.294,0x00,0x00,CURRENT,1,0,OK,0.7,0.7,105.0,150.001,,1179.915,,,10.0,73.0
2026-08-05 10:31:45.330,699769,104966,150001552,1179.924540,,272.579,0x00,0x00,CURRENT,1,0,OK,0.7,0.7,105.0,150.001,,1179.915,,,10.0,73.0
2026-08-05 10:31:45.645,699768,104966,150001120,1179.919978,,272.894,0x00,0x00,CURRENT,1,0,OK,0.7,0.7,105.0,150.003,,1179.935,,,10.0,73.0
2026-08-05 10:31:45.845,699777,104970,150005616,1179.967454,,273.094,0x00,0x00,CURRENT,1,0,OK,0.7,0.7,105.0,150.003,,1179.935,,,10.0,73.0
2026-08-05 10:31:46.046,699793,104971,150003136,1179.941266,,273.295,0x00,0x00,CURRENT,1,0,OK,0.7,0.7,105.0,150.003,,1179.935,,,10.0,73.0
2026-08-05 10:31:46.330,699730,104964,150006400,1179.975733,,273.579,0x00,0x00,CURRENT,1,0,OK,0.7,0.7,105.0,150.003,,1179.935,,,10.0,73.0
2026-08-05 10:31:46.645,699730,104964,150006512,1179.976916,,273.894,0x00,0x00,CURRENT,1,0,OK,0.7,0.7,105.0,150.003,,1179.935,,,10.0,73.0
2026-08-05 10:31:46.845,699748,104965,150004336,1179.953938,,274.094,0x00,0x00,CURRENT,1,0,OK,0.7,0.7,105.0,150.003,,1179.935,,,10.0,73.0
2026-08-05 10:31:47.045,699715,104964,150009248,1180.005807,,274.294,0x00,0x00,CURRENT,1,0,OK,0.7,0.7,105.0,150.003,,1179.935,,,10.0,73.0
2026-08-05 10:31:47.330,699700,104962,150010096,1180.014762,,274.579,0x00,0x00,CURRENT,1,0,OK,0.7,0.7,105.0,150.003,,1179.935,,,10.0,73.0
2026-08-05 10:31:47.645,699716,104963,150007936,1179.991953,,274.894,0x00,0x00,CURRENT,1,0,OK,0.7,0.7,105.0,150.001,,1179.922,,,10.0,73.0
2026-08-05 10:31:47.845,699756,104967,150004816,1179.959007,,275.094,0x00,0x00,CURRENT,1,0,OK,0.7,0.7,105.0,150.001,,1179.922,,,10.0,73.0
2026-08-05 10:31:48.045,699768,104969,150005632,1179.967623,,275.294,0x00,0x00,CURRENT,1,0,OK,0.7,0.7,105.0,150.001,,1179.922,,,10.0,73.0
2026-08-05 10:31:48.330,699786,104975,150009568,1180.009186,,275.579,0x00,0x00,CURRENT,1,0,OK,0.7,0.7,105.0,150.001,,1179.922,,,10.0,73.0
2026-08-05 10:31:48.646,699856,104982,150005232,1179.963399,,275.895,0x00,0x00,CURRENT,1,0,OK,0.7,0.7,105.0,150.001,,1179.922,,,10.0,73.0
2026-08-05 10:31:48.845,699870,104987,150008704,1180.000063,,276.094,0x00,0x00,CURRENT,1,0,OK,0.7,0.7,105.0,150.001,,1179.922,,,10.0,73.0
2026-08-05 10:31:49.045,699872,104987,150008160,1179.994318,,276.294,0x00,0x00,CURRENT,1,0,OK,0.7,0.7,105.0,150.001,,1179.922,,,10.0,73.0
2026-08-05 10:31:49.330,699855,104982,150005776,1179.969144,,276.579,0x00,0x00,CURRENT,1,0,OK,0.7,0.7,105.0,150.001,,1179.922,,,10.0,73.0
2026-08-05 10:31:49.644,699870,104983,150003776,1179.948025,,276.893,0x00,0x00,CURRENT,1,0,OK,0.7,0.7,105.0,150.001,,1179.92,,,10.0,73.0
2026-08-05 10:31:49.845,699900,104985,150000160,1179.909841,,277.094,0x00,0x00,CURRENT,1,0,OK,0.7,0.7,105.0,150.001,,1179.92,,,10.0,73.0
2026-08-05 10:31:50.045,699885,104980,149996512,1179.871319,,277.294,0x00,0x00,CURRENT,1,0,OK,0.7,0.7,105.0,150.001,,1179.92,,,10.0,73.0
2026-08-05 10:31:50.329,699855,104979,150000528,1179.913727,,277.579,0x00,0x00,CURRENT,1,0,OK,0.7,0.7,105.0,150.001,,1179.92,,,10.0,73.0
2026-08-05 10:31:50.645,699795,104974,150007056,1179.982660,,277.894,0x00,0x00,CURRENT,1,0,OK,0.7,0.7,105.0,150.001,,1179.92,,,10.0,73.0
2026-08-05 10:31:50.845,699769,104974,150012432,1180.039429,,278.094,0x00,0x00,CURRENT,1,0,OK,0.7,0.7,105.0,150.001,,1179.92,,,10.0,73.0
2026-08-05 10:31:51.045,699787,104976,150010832,1180.022534,,278.294,0x00,0x00,CURRENT,1,0,OK,0.7,0.7,105.0,150.001,,1179.92,,,10.0,73.0
2026-08-05 10:31:51.330,699828,104977,150004480,1179.955459,,278.579,0x00,0x00,CURRENT,1,0,OK,0.7,0.7,105.0,150.001,,1179.92,,,10.0,73.0
2026-08-05 10:31:51.645,699831,104978,150005296,1179.964075,,278.894,0x00,0x00,CURRENT,1,0,OK,0.7,0.7,105.0,149.998,,1179.887,,,10.0,73.0
2026-08-05 10:31:51.845,699796,104978,150011968,1180.034529,,279.094,0x00,0x00,CURRENT,1,0,OK,0.7,0.7,105.0,149.998,,1179.887,,,10.0,73.0
2026-08-05 10:31:52.045,699761,104972,150011296,1180.027433,,279.294,0x00,0x00,CURRENT,1,0,OK,0.7,0.7,105.0,149.998,,1179.887,,,10.0,73.0
2026-08-05 10:31:52.330,699762,104970,150008832,1180.001414,,279.579,0x00,0x00,CURRENT,1,0,OK,0.7,0.7,105.0,149.998,,1179.887,,,10.0,73.0
2026-08-05 10:31:52.646,699800,104972,150003472,1179.944814,,279.895,0x00,0x00,CURRENT,1,0,OK,0.7,0.7,105.0,149.998,,1179.887,,,10.0,73.0
2026-08-05 10:31:52.845,699857,104979,150001168,1179.920485,,280.094,0x00,0x00,CURRENT,1,0,OK,0.7,0.7,105.0,149.998,,1179.887,,,10.0,73.0
2026-08-05 10:31:53.044,699862,104980,150001024,1179.918964,,280.294,0x00,0x00,CURRENT,1,0,OK,0.7,0.7,105.0,149.998,,1179.887,,,10.0,73.0
2026-08-05 10:31:53.330,699875,104983,150002336,1179.932819,,280.579,0x00,0x00,CURRENT,1,0,OK,0.7,0.7,105.0,149.998,,1179.887,,,10.0,73.0
2026-08-05 10:31:53.644,699904,104984,149998464,1179.891932,,280.894,0x00,0x00,CURRENT,1,0,OK,0.7,0.7,105.0,149.993,,1179.832,,,10.0,73.0
2026-08-05 10:31:53.844,699897,104985,150001120,1179.919978,,281.094,0x00,0x00,CURRENT,1,0,OK,0.7,0.7,105.0,149.993,,1179.832,,,10.0,73.0
2026-08-05 10:31:54.045,699855,104979,150001712,1179.926229,,281.295,0x00,0x00,CURRENT,1,0,OK,0.7,0.7,105.0,149.993,,1179.832,,,10.0,73.0
2026-08-05 10:31:54.329,699842,104980,150005200,1179.963061,,281.579,0x00,0x00,CURRENT,1,0,OK,0.7,0.7,105.0,149.993,,1179.832,,,10.0,73.0
2026-08-05 10:31:54.644,699907,104988,150002752,1179.937211,,281.894,0x00,0x00,CURRENT,1,0,OK,0.7,0.7,105.0,149.993,,1179.832,,,10.0,73.0
2026-08-05 10:31:54.843,699890,104982,149998432,1179.891594,,282.093,0x00,0x00,CURRENT,1,0,OK,0.7,0.7,105.0,149.993,,1179.832,,,10.0,73.0
2026-08-05 10:31:55.044,699915,104985,149997040,1179.876895,,282.294,0x00,0x00,CURRENT,1,0,OK,0.7,0.7,105.0,149.993,,1179.832,,,10.0,73.0
2026-08-05 10:31:55.329,699896,104988,150005680,1179.968130,,282.579,0x00,0x00,CURRENT,1,0,OK,0.7,0.7,105.0,149.993,,1179.832,,,10.0,73.0
2026-08-05 10:31:55.644,699882,104985,150004048,1179.950897,,282.894,0x00,0x00,CURRENT,1,0,OK,0.7,0.7,105.0,149.998,,1179.889,,,10.0,73.0
2026-08-05 10:31:55.844,699909,104988,150001872,1179.927919,,283.094,0x00,0x00,CURRENT,1,0,OK,0.7,0.7,105.0,149.998,,1179.889,,,10.0,73.0
2026-08-05 10:31:56.046,699910,104988,150001904,1179.928257,,283.295,0x00,0x00,CURRENT,1,0,OK,0.7,0.7,105.0,149.998,,1179.889,,,10.0,73.0
2026-08-05 10:31:56.329,699874,104984,150003728,1179.947518,,283.579,0x00,0x00,CURRENT,1,0,OK,0.7,0.7,105.0,149.998,,1179.889,,,10.0,73.0
2026-08-05 10:31:56.645,699828,104983,150012928,1180.044667,,283.894,0x00,0x00,CURRENT,1,0,OK,0.7,0.7,105.0,149.998,,1179.889,,,10.0,73.0
2026-08-05 10:31:56.844,699794,104979,150013632,1180.052101,,284.094,0x00,0x00,CURRENT,1,0,OK,0.7,0.7,105.0,149.998,,1179.889,,,10.0,73.0
2026-08-05 10:31:57.044,699824,104979,150007936,1179.991953,,284.294,0x00,0x00,CURRENT,1,0,OK,0.7,0.7,105.0,149.998,,1179.889,,,10.0,73.0
2026-08-05 10:31:57.329,699837,104981,150008240,1179.995163,,284.579,0x00,0x00,CURRENT,1,0,OK,0.7,0.7,105.0,149.998,,1179.889,,,10.0,73.0
2026-08-05 10:31:57.645,699894,104989,150006400,1179.975733,,284.894,0x00,0x00,CURRENT,1,0,OK,0.7,0.7,105.0,150.007,,1179.983,,,10.0,73.0
2026-08-05 10:31:57.845,699862,104987,150010720,1180.021351,,285.094,0x00,0x00,CURRENT,1,0,OK,0.7,0.7,105.0,150.007,,1179.983,,,10.0,73.0
2026-08-05 10:31:58.045,699810,104979,150010768,1180.021858,,285.294,0x00,0x00,CURRENT,1,0,OK,0.7,0.7,105.0,150.007,,1179.983,,,10.0,73.0
2026-08-05 10:31:58.330,699762,104973,150013024,1180.045680,,285.579,0x00,0x00,CURRENT,1,0,OK,0.7,0.7,105.0,150.007,,1179.983,,,10.0,73.0
2026-08-05 10:31:58.645,699744,104967,150007936,1179.991953,,285.895,0x00,0x00,CURRENT,1,0,OK,0.7,0.7,105.0,150.007,,1179.983,,,10.0,73.0
2026-08-05 10:31:58.844,699787,104974,150008144,1179.994149,,286.094,0x00,0x00,CURRENT,1,0,OK,0.7,0.7,105.0,150.007,,1179.983,,,10.0,73.0
2026-08-05 10:31:59.045,699837,104979,150005392,1179.965089,,286.294,0x00,0x00,CURRENT,1,0,OK,0.7,0.7,105.0,150.007,,1179.983,,,10.0,73.0
2026-08-05 10:31:59.330,699866,104985,150006592,1179.977761,,286.579,0x00,0x00,CURRENT,1,0,OK,0.7,0.7,105.0,150.007,,1179.983,,,10.0,73.0
2026-08-05 10:31:59.646,699897,104988,150004656,1179.957317,,286.895,0x00,0x00,CURRENT,1,0,OK,0.7,0.7,105.0,149.999,,1179.899,,,10.0,73.0
2026-08-05 10:31:59.845,699892,104990,150009184,1180.005131,,287.094,0x00,0x00,CURRENT,1,0,OK,0.7,0.7,105.0,149.999,,1179.899,,,10.0,73.0
2026-08-05 10:32:00.045,699907,104993,150010288,1180.016789,,287.295,0x00,0x00,CURRENT,1,0,OK,0.7,0.7,105.0,149.999,,1179.899,,,10.0,73.0
2026-08-05 10:32:00.330,699909,104994,150010576,1180.019830,,287.579,0x00,0x00,CURRENT,1,0,OK,0.7,0.7,105.0,149.999,,1179.899,,,10.0,73.0
2026-08-05 10:32:00.645,699938,104994,150004352,1179.954107,,287.894,0x00,0x00,CURRENT,1,0,OK,0.7,0.7,105.0,149.999,,1179.899,,,10.0,73.0
2026-08-05 10:32:00.844,699960,104993,149998416,1179.891425,,288.094,0x00,0x00,CURRENT,1,0,OK,0.7,0.7,105.0,149.999,,1179.899,,,10.0,73.0
2026-08-05 10:32:01.045,699930,104986,149995392,1179.859492,,288.295,0x00,0x00,CURRENT,1,0,OK,0.7,0.7,105.0,149.999,,1179.899,,,10.0,73.0
2026-08-05 10:32:01.330,699908,104985,149997840,1179.885342,,288.579,0x00,0x00,CURRENT,1,0,OK,0.7,0.7,105.0,149.999,,1179.899,,,10.0,73.0
2026-08-05 10:32:01.644,699826,104975,150001696,1179.926060,,288.893,0x00,0x00,CURRENT,1,0,OK,0.7,0.7,105.0,150.005,,1179.962,,,10.0,73.0
2026-08-05 10:32:01.844,699829,104974,149998928,1179.896831,,289.094,0x00,0x00,CURRENT,1,0,OK,0.7,0.7,105.0,150.005,,1179.962,,,10.0,73.0
2026-08-05 10:32:02.046,699785,104972,150006416,1179.975902,,289.295,0x00,0x00,CURRENT,1,0,OK,0.7,0.7,105.0,150.005,,1179.962,,,10.0,73.0
2026-08-05 10:32:02.329,699836,104975,149999600,1179.903927,,289.579,0x00,0x00,CURRENT,1,0,OK,0.7,0.7,105.0,150.005,,1179.962,,,10.0,73.0
2026-08-05 10:32:02.644,699800,104972,150002576,1179.935353,,289.894,0x00,0x00,CURRENT,1,0,OK,0.7,0.7,105.0,150.005,,1179.962,,,10.0,73.0
2026-08-05 10:32:02.844,699782,104973,150007728,1179.989756,,290.094,0x00,0x00,CURRENT,1,0,OK,0.7,0.7,105.0,150.005,,1179.962,,,10.0,73.0
2026-08-05 10:32:03.044,699759,104967,150005024,1179.961203,,290.294,0x00,0x00,CURRENT,1,0,OK,0.7,0.7,105.0,150.005,,1179.962,,,10.0,73.0
2026-08-05 10:32:03.330,699733,104962,150003488,1179.944983,,290.579,0x00,0x00,CURRENT,1,0,OK,0.7,0.7,105.0,150.005,,1179.962,,,10.0,73.0
2026-08-05 10:32:03.645,699769,104966,150000208,1179.910348,,290.895,0x00,0x00,CURRENT,1,0,OK,0.7,0.7,105.0,150.001,,1179.918,,,10.0,73.0
2026-08-05 10:32:03.844,699824,104969,149994096,1179.845807,,291.094,0x00,0x00,CURRENT,1,0,OK,0.7,0.7,105.0,150.001,,1179.918,,,10.0,73.0
2026-08-05 10:32:04.044,699847,104973,149994800,1179.853241,,291.294,0x00,0x00,CURRENT,1,0,OK,0.7,0.7,105.0,150.001,,1179.918,,,10.0,73.0
2026-08-05 10:32:04.329,699808,104970,149998752,1179.894973,,291.579,0x00,0x00,CURRENT,1,0,OK,0.7,0.7,105.0,150.001,,1179.918,,,10.0,73.0
2026-08-05 10:32:04.644,699816,104969,149994576,1179.850876,,291.894,0x00,0x00,CURRENT,1,0,OK,0.7,0.7,105.0,150.001,,1179.918,,,10.0,73.0
2026-08-05 10:32:04.844,699766,104964,149998752,1179.894973,,292.094,0x00,0x00,CURRENT,1,0,OK,0.7,0.7,105.0,150.001,,1179.918,,,10.0,73.0
2026-08-05 10:32:05.045,699757,104962,149998208,1179.889228,,292.294,0x00,0x00,CURRENT,1,0,OK,0.7,0.7,105.0,150.001,,1179.918,,,10.0,73.0
2026-08-05 10:32:05.329,699722,104962,150005952,1179.971002,,292.579,0x00,0x00,CURRENT,1,0,OK,0.7,0.7,105.0,150.001,,1179.918,,,10.0,73.0
2026-08-05 10:32:05.645,699695,104958,150004912,1179.960020,,292.895,0x00,0x00,CURRENT,1,0,OK,0.7,0.7,105.0,150.008,,1179.988,,,10.0,73.0
2026-08-05 10:32:05.844,699731,104960,150000272,1179.911023,,293.094,0x00,0x00,CURRENT,1,0,OK,0.7,0.7,105.0,150.008,,1179.988,,,10.0,73.0
2026-08-05 10:32:06.044,699721,104960,150002656,1179.936198,,293.294,0x00,0x00,CURRENT,1,0,OK,0.7,0.7,105.0,150.008,,1179.988,,,10.0,73.0
2026-08-05 10:32:06.329,699732,104961,150001504,1179.924033,,293.579,0x00,0x00,CURRENT,1,0,OK,0.7,0.7,105.0,150.008,,1179.988,,,10.0,73.0
2026-08-05 10:32:06.644,699703,104959,150005648,1179.967792,,293.894,0x00,0x00,CURRENT,1,0,OK,0.7,0.7,105.0,150.008,,1179.988,,,10.0,73.0
2026-08-05 10:32:06.845,699728,104961,150002608,1179.935691,,294.094,0x00,0x00,CURRENT,1,0,OK,0.7,0.7,105.0,150.008,,1179.988,,,10.0,73.0
2026-08-05 10:32:07.044,699784,104970,150003456,1179.944645,,294.294,0x00,0x00,CURRENT,1,0,OK,0.7,0.7,105.0,150.008,,1179.988,,,10.0,73.0
2026-08-05 10:32:07.329,699808,104973,150002096,1179.930284,,294.579,0x00,0x00,CURRENT,1,0,OK,0.7,0.7,105.0,150.008,,1179.988,,,10.0,73.0
2026-08-05 10:32:07.646,699788,104967,149998592,1179.893283,,294.895,0x00,0x00,CURRENT,1,0,OK,0.7,0.7,105.0,150.003,,1179.944,,,10.0,73.0
2026-08-05 10:32:07.845,699792,104966,149996032,1179.866250,,295.094,0x00,0x00,CURRENT,1,0,OK,0.7,0.7,105.0,150.003,,1179.944,,,10.0,73.0
2026-08-05 10:32:08.045,699813,104970,149997392,1179.880612,,295.295,0x00,0x00,CURRENT,1,0,OK,0.7,0.7,105.0,150.003,,1179.944,,,10.0,73.0
2026-08-05 10:32:08.329,699783,104969,150001760,1179.926736,,295.579,0x00,0x00,CURRENT,1,0,OK,0.7,0.7,105.0,150.003,,1179.944,,,10.0,73.0
2026-08-05 10:32:08.717,720122,108020,150002256,1179.931974,,295.967,0x00,0x00,CURRENT,1,0,OK,0.8,0.7,105.0,150.003,,1179.944,,,10.0,73.0
2026-08-05 10:32:09.045,720066,108011,150001472,1179.923695,,296.295,0x00,0x00,CURRENT,1,0,OK,0.8,0.7,105.0,150.003,,1179.944,,,10.0,73.0
2026-08-05 10:32:09.244,724265,108641,150002096,1179.930284,,296.494,0x00,0x00,CURRENT,1,0,OK,0.8,0.7,105.0,150.003,,1179.944,,,10.0,73.0
2026-08-05 10:32:09.445,727377,109113,150008608,1179.999049,,296.695,0x00,0x00,CURRENT,1,0,OK,0.8,0.7,105.0,150.003,,1179.944,,,10.0,73.0
2026-08-05 10:32:09.729,733057,109967,150011104,1180.025406,,296.979,0x00,0x00,CURRENT,1,0,OK,0.8,0.705,106.0,150.001,,1179.916,,,10.0,75.0
2026-08-05 10:32:10.044,737401,110615,150006224,1179.973875,,297.294,0x00,0x00,CURRENT,1,0,OK,0.8,0.705,106.0,150.001,,1179.916,,,10.0,75.0
2026-08-05 10:32:10.244,744033,111611,150007744,1179.989925,,297.494,0x00,0x00,CURRENT,1,0,OK,0.8,0.705,106.0,150.001,,1179.916,,,10.0,75.0
2026-08-05 10:32:10.444,749062,112361,150002080,1179.930115,,297.694,0x00,0x00,CURRENT,1,0,OK,0.8,0.705,106.0,150.001,,1179.916,,,10.0,75.0
2026-08-05 10:32:10.729,756134,113423,150004288,1179.953431,,297.979,0x00,0x00,CURRENT,1,0,OK,0.8,0.705,106.0,150.001,,1179.916,,,10.0,75.0
2026-08-05 10:32:11.044,761448,114218,150001536,1179.924371,,298.294,0x00,0x00,CURRENT,1,0,OK,0.8,0.705,106.0,150.001,,1179.916,,,10.0,75.0
2026-08-05 10:32:11.244,767949,115196,150004976,1179.960696,,298.494,0x00,0x00,CURRENT,1,0,OK,0.8,0.705,106.0,150.001,,1179.916,,,10.0,75.0
2026-08-05 10:32:11.445,772853,115931,150003824,1179.948531,,298.695,0x00,0x00,CURRENT,1,0,OK,0.8,0.705,106.0,150.001,,1179.916,,,10.0,75.0
2026-08-05 10:32:11.729,778209,116736,150005616,1179.967454,,298.979,0x00,0x00,CURRENT,1,0,OK,0.8,0.744,112.0,150.0,,1179.903,,,12.0,83.0
2026-08-05 10:32:12.045,782235,117337,150002272,1179.932143,,299.295,0x00,0x00,CURRENT,1,0,OK,0.8,0.744,112.0,150.0,,1179.903,,,12.0,83.0
2026-08-05 10:32:12.244,786970,118047,150001552,1179.924540,,299.494,0x00,0x00,CURRENT,1,0,OK,0.8,0.744,112.0,150.0,,1179.903,,,12.0,83.0
2026-08-05 10:32:12.445,790511,118575,149998432,1179.891594,,299.695,0x00,0x00,CURRENT,1,0,OK,0.8,0.744,112.0,150.0,,1179.903,,,12.0,83.0
2026-08-05 10:32:12.729,793960,119094,150000496,1179.913389,,299.979,0x00,0x00,CURRENT,1,0,OK,0.8,0.744,112.0,150.0,,1179.903,,,12.0,83.0
2026-08-05 10:32:13.045,796556,119481,149996864,1179.875036,,300.295,0x00,0x00,CURRENT,1,0,OK,0.8,0.744,112.0,150.0,,1179.903,,,12.0,83.0
2026-08-05 10:32:13.244,799332,119896,149994688,1179.852058,,300.494,0x00,0x00,CURRENT,1,0,OK,0.8,0.744,112.0,150.0,,1179.903,,,12.0,83.0
2026-08-05 10:32:13.447,801433,120208,149991424,1179.817591,,300.696,0x00,0x00,CURRENT,1,0,OK,0.8,0.744,112.0,150.0,,1179.903,,,12.0,83.0
2026-08-05 10:32:13.729,803903,120577,149989968,1179.802217,,300.979,0x00,0x00,CURRENT,1,0,OK,0.8,0.781,117.0,150.001,,1179.919,,,12.0,92.0
2026-08-05 10:32:14.045,805728,120849,149986880,1179.769608,,301.295,0x00,0x00,CURRENT,1,0,OK,0.8,0.781,117.0,150.001,,1179.919,,,12.0,92.0
2026-08-05 10:32:14.244,807097,121059,149993264,1179.837021,,301.494,0x00,0x00,CURRENT,1,0,OK,0.8,0.781,117.0,150.001,,1179.919,,,12.0,92.0
2026-08-05 10:32:14.444,808095,121210,149994896,1179.854255,,301.694,0x00,0x00,CURRENT,1,0,OK,0.8,0.781,117.0,150.001,,1179.919,,,12.0,92.0
2026-08-05 10:32:14.729,808816,121318,149994288,1179.847834,,301.979,0x00,0x00,CURRENT,1,0,OK,0.8,0.781,117.0,150.001,,1179.919,,,12.0,92.0
2026-08-05 10:32:15.045,809375,121398,149989456,1179.796810,,302.295,0x00,0x00,CURRENT,1,0,OK,0.8,0.781,117.0,150.001,,1179.919,,,12.0,92.0
2026-08-05 10:32:15.244,809804,121464,149991504,1179.818436,,302.494,0x00,0x00,CURRENT,1,0,OK,0.8,0.781,117.0,150.001,,1179.919,,,12.0,92.0
2026-08-05 10:32:15.446,810144,121515,149991792,1179.821477,,302.696,0x00,0x00,CURRENT,1,0,OK,0.8,0.781,117.0,150.001,,1179.919,,,12.0,92.0
2026-08-05 10:32:15.729,810400,121555,149993664,1179.841245,,302.979,0x00,0x00,CURRENT,1,0,OK,0.8,0.801,120.0,149.998,,1179.89,,,12.0,96.0
2026-08-05 10:32:16.044,810535,121577,149996208,1179.868109,,303.294,0x00,0x00,CURRENT,1,0,OK,0.8,0.801,120.0,149.998,,1179.89,,,12.0,96.0
2026-08-05 10:32:16.244,810655,121595,149995936,1179.865237,,303.494,0x00,0x00,CURRENT,1,0,OK,0.8,0.801,120.0,149.998,,1179.89,,,12.0,96.0
2026-08-05 10:32:16.445,810764,121610,149994688,1179.852058,,303.695,0x00,0x00,CURRENT,1,0,OK,0.8,0.801,120.0,149.998,,1179.89,,,12.0,96.0
2026-08-05 10:32:16.729,809988,121496,149997328,1179.879936,,303.979,0x00,0x00,CURRENT,1,0,OK,0.8,0.801,120.0,149.998,,1179.89,,,12.0,96.0
2026-08-05 10:32:17.044,809397,121405,149994560,1179.850707,,304.294,0x00,0x00,CURRENT,1,0,OK,0.8,0.801,120.0,149.998,,1179.89,,,12.0,96.0
2026-08-05 10:32:17.244,808972,121340,149992176,1179.825532,,304.494,0x00,0x00,CURRENT,1,0,OK,0.8,0.801,120.0,149.998,,1179.89,,,12.0,96.0
2026-08-05 10:32:17.445,808570,121285,149999088,1179.898521,,304.694,0x00,0x00,CURRENT,1,0,OK,0.8,0.801,120.0,149.998,,1179.89,,,12.0,96.0
2026-08-05 10:32:17.729,808324,121248,149999648,1179.904434,,304.979,0x00,0x00,CURRENT,1,0,OK,0.8,0.807,121.0,150.002,,1179.927,,,12.0,98.0
2026-08-05 10:32:18.045,808139,121220,149998576,1179.893114,,305.295,0x00,0x00,CURRENT,1,0,OK,0.8,0.807,121.0,150.002,,1179.927,,,12.0,98.0
2026-08-05 10:32:18.244,807162,121078,150004944,1179.960358,,305.494,0x00,0x00,CURRENT,1,0,OK,0.8,0.807,121.0,150.002,,1179.927,,,12.0,98.0
2026-08-05 10:32:18.444,806457,120973,150005632,1179.967623,,305.694,0x00,0x00,CURRENT,1,0,OK,0.8,0.807,121.0,150.002,,1179.927,,,12.0,98.0
2026-08-05 10:32:18.729,805966,120897,150002192,1179.931298,,305.979,0x00,0x00,CURRENT,1,0,OK,0.8,0.807,121.0,150.002,,1179.927,,,12.0,98.0
2026-08-05 10:32:19.045,805569,120836,150000896,1179.917613,,306.295,0x00,0x00,CURRENT,1,0,OK,0.8,0.807,121.0,150.002,,1179.927,,,12.0,98.0
2026-08-05 10:32:19.244,805263,120792,150003520,1179.945321,,306.494,0x00,0x00,CURRENT,1,0,OK,0.8,0.807,121.0,150.002,,1179.927,,,12.0,98.0
2026-08-05 10:32:19.448,805005,120756,150006432,1179.976071,,306.697,0x00,0x00,CURRENT,1,0,OK,0.8,0.807,121.0,150.002,,1179.927,,,12.0,98.0
2026-08-05 10:32:19.729,803991,120602,150003984,1179.950221,,306.979,0x00,0x00,CURRENT,1,0,OK,0.8,0.806,121.0,149.995,,1179.855,,,12.0,97.0
2026-08-05 10:32:20.045,803231,120486,150002128,1179.930622,,307.295,0x00,0x00,CURRENT,1,0,OK,0.8,0.806,121.0,149.995,,1179.855,,,12.0,97.0
2026-08-05 10:32:20.244,802670,120401,150000288,1179.911192,,307.494,0x00,0x00,CURRENT,1,0,OK,0.8,0.806,121.0,149.995,,1179.855,,,12.0,97.0
2026-08-05 10:32:20.444,802268,120341,150000656,1179.915078,,307.694,0x00,0x00,CURRENT,1,0,OK,0.8,0.806,121.0,149.995,,1179.855,,,12.0,97.0
2026-08-05 10:32:20.729,801920,120289,150001632,1179.925385,,307.979,0x00,0x00,CURRENT,1,0,OK,0.8,0.806,121.0,149.995,,1179.855,,,12.0,97.0
2026-08-05 10:32:21.045,801677,120254,150003152,1179.941435,,308.295,0x00,0x00,CURRENT,1,0,OK,0.8,0.806,121.0,149.995,,1179.855,,,12.0,97.0
2026-08-05 10:32:21.244,801486,120225,150002320,1179.932650,,308.494,0x00,0x00,CURRENT,1,0,OK,0.8,0.806,121.0,149.995,,1179.855,,,12.0,97.0
2026-08-05 10:32:21.448,801343,120202,150000176,1179.910010,,308.697,0x00,0x00,CURRENT,1,0,OK,0.8,0.806,121.0,149.995,,1179.855,,,12.0,97.0
2026-08-05 10:32:21.729,801235,120183,149996544,1179.871657,,308.979,0x00,0x00,CURRENT,1,0,OK,0.8,0.803,120.0,149.995,,1179.858,,,12.0,97.0
2026-08-05 10:32:22.044,801136,120170,149998992,1179.897507,,309.294,0x00,0x00,CURRENT,1,0,OK,0.8,0.803,120.0,149.995,,1179.858,,,12.0,97.0
2026-08-05 10:32:22.245,800288,120044,150000672,1179.915247,,309.495,0x00,0x00,CURRENT,1,0,OK,0.8,0.803,120.0,149.995,,1179.858,,,12.0,97.0
2026-08-05 10:32:22.445,799586,119940,150002192,1179.931298,,309.695,0x00,0x00,CURRENT,1,0,OK,0.8,0.803,120.0,149.995,,1179.858,,,12.0,97.0
2026-08-05 10:32:22.729,799088,119862,149998480,1179.892100,,309.979,0x00,0x00,CURRENT,1,0,OK,0.8,0.803,120.0,149.995,,1179.858,,,12.0,97.0
2026-08-05 10:32:23.044,798678,119806,150005104,1179.962048,,310.294,0x00,0x00,CURRENT,1,0,OK,0.8,0.803,120.0,149.995,,1179.858,,,12.0,97.0
2026-08-05 10:32:23.244,798407,119763,150002352,1179.932988,,310.494,0x00,0x00,CURRENT,1,0,OK,0.8,0.803,120.0,149.995,,1179.858,,,12.0,97.0
2026-08-05 10:32:23.448,798213,119733,150001136,1179.920147,,310.697,0x00,0x00,CURRENT,1,0,OK,0.8,0.803,120.0,149.995,,1179.858,,,12.0,97.0
2026-08-05 10:32:23.729,798114,119719,150001968,1179.928933,,310.979,0x00,0x00,CURRENT,1,0,OK,0.8,0.8,120.0,150.008,,1179.997,,,12.0,96.0
2026-08-05 10:32:24.045,798050,119708,150000816,1179.916768,,311.295,0x00,0x00,CURRENT,1,0,OK,0.8,0.8,120.0,150.008,,1179.997,,,12.0,96.0
2026-08-05 10:32:24.244,798831,119828,150003664,1179.946842,,311.494,0x00,0x00,CURRENT,1,0,OK,0.8,0.8,120.0,150.008,,1179.997,,,12.0,96.0
2026-08-05 10:32:24.445,799407,119916,150006048,1179.972016,,311.695,0x00,0x00,CURRENT,1,0,OK,0.8,0.8,120.0,150.008,,1179.997,,,12.0,96.0
2026-08-05 10:32:24.729,799839,119977,150001104,1179.919809,,311.978,0x00,0x00,CURRENT,1,0,OK,0.8,0.8,120.0,150.008,,1179.997,,,12.0,96.0
2026-08-05 10:32:25.045,800154,120020,149996704,1179.873347,,312.295,0x00,0x00,CURRENT,1,0,OK,0.8,0.8,120.0,150.008,,1179.997,,,12.0,96.0
2026-08-05 10:32:25.245,800362,120054,149999968,1179.907813,,312.495,0x00,0x00,CURRENT,1,0,OK,0.8,0.8,120.0,150.008,,1179.997,,,12.0,96.0
2026-08-05 10:32:25.445,800481,120070,149997616,1179.882977,,312.694,0x00,0x00,CURRENT,1,0,OK,0.8,0.8,120.0,150.008,,1179.997,,,12.0,96.0
2026-08-05 10:32:25.729,800608,120089,149997296,1179.879598,,312.979,0x00,0x00,CURRENT,1,0,OK,0.8,0.8,120.0,150.006,,1179.969,,,12.0,96.0
2026-08-05 10:32:26.044,800712,120104,149996592,1179.872164,,313.294,0x00,0x00,CURRENT,1,0,OK,0.8,0.8,120.0,150.006,,1179.969,,,12.0,96.0
2026-08-05 10:32:26.245,800771,120114,149997712,1179.883991,,313.495,0x00,0x00,CURRENT,1,0,OK,0.8,0.8,120.0,150.006,,1179.969,,,12.0,96.0
2026-08-05 10:32:26.444,800825,120123,149998480,1179.892100,,313.694,0x00,0x00,CURRENT,1,0,OK,0.8,0.8,120.0,150.006,,1179.969,,,12.0,96.0
2026-08-05 10:32:26.729,799999,119999,149998448,1179.891763,,313.979,0x00,0x00,CURRENT,1,0,OK,0.8,0.8,120.0,150.006,,1179.969,,,12.0,96.0
2026-08-05 10:32:27.045,799351,119902,149999344,1179.901224,,314.294,0x00,0x00,CURRENT,1,0,OK,0.8,0.8,120.0,150.006,,1179.969,,,12.0,96.0
2026-08-05 10:32:27.244,798884,119834,150002336,1179.932819,,314.494,0x00,0x00,CURRENT,1,0,OK,0.8,0.8,120.0,150.006,,1179.969,,,12.0,96.0
2026-08-05 10:32:27.446,798571,119788,150003552,1179.945659,,314.696,0x00,0x00,CURRENT,1,0,OK,0.8,0.8,120.0,150.006,,1179.969,,,12.0,96.0
2026-08-05 10:32:27.729,799138,119870,149998832,1179.895817,,314.979,0x00,0x00,CURRENT,1,0,OK,0.8,0.8,120.0,150.003,,1179.938,,,12.0,96.0
2026-08-05 10:32:28.044,799619,119941,149998064,1179.887708,,315.294,0x00,0x00,CURRENT,1,0,OK,0.8,0.8,120.0,150.003,,1179.938,,,12.0,96.0
2026-08-05 10:32:28.244,799961,119992,149997248,1179.879091,,315.494,0x00,0x00,CURRENT,1,0,OK,0.8,0.8,120.0,150.003,,1179.938,,,12.0,96.0
2026-08-05 10:32:28.444,800152,120023,150000832,1179.916937,,315.694,0x00,0x00,CURRENT,1,0,OK,0.8,0.8,120.0,150.003,,1179.938,,,12.0,96.0
2026-08-05 10:32:28.729,800352,120053,150000320,1179.911530,,315.979,0x00,0x00,CURRENT,1,0,OK,0.8,0.8,120.0,150.003,,1179.938,,,12.0,96.0
2026-08-05 10:32:29.045,800483,120073,150001376,1179.922681,,316.295,0x00,0x00,CURRENT,1,0,OK,0.8,0.8,120.0,150.003,,1179.938,,,12.0,96.0
2026-08-05 10:32:29.245,800599,120092,150002592,1179.935522,,316.495,0x00,0x00,CURRENT,1,0,OK,0.8,0.8,120.0,150.003,,1179.938,,,12.0,96.0
2026-08-05 10:32:29.447,800687,120107,150004448,1179.955121,,316.697,0x00,0x00,CURRENT,1,0,OK,0.8,0.8,120.0,150.003,,1179.938,,,12.0,96.0
2026-08-05 10:32:29.729,800790,120120,150002032,1179.929608,,316.979,0x00,0x00,CURRENT,1,0,OK,0.8,0.8,120.0,150.006,,1179.972,,,12.0,96.0
2026-08-05 10:32:30.045,800867,120130,150000016,1179.908320,,317.295,0x00,0x00,CURRENT,1,0,OK,0.8,0.8,120.0,150.006,,1179.972,,,12.0,96.0
2026-08-05 10:32:30.244,800897,120137,150003008,1179.939915,,317.494,0x00,0x00,CURRENT,1,0,OK,0.8,0.8,120.0,150.006,,1179.972,,,12.0,96.0
2026-08-05 10:32:30.445,800938,120143,150002880,1179.938563,,317.694,0x00,0x00,CURRENT,1,0,OK,0.8,0.8,120.0,150.006,,1179.972,,,12.0,96.0
2026-08-05 10:32:30.729,800112,120018,150002112,1179.930453,,317.979,0x00,0x00,CURRENT,1,0,OK,0.8,0.8,120.0,150.006,,1179.972,,,12.0,96.0
2026-08-05 10:32:31.045,799510,119924,149997264,1179.879260,,318.295,0x00,0x00,CURRENT,1,0,OK,0.8,0.8,120.0,150.006,,1179.972,,,12.0,96.0
2026-08-05 10:32:31.244,799050,119856,149997632,1179.883146,,318.494,0x00,0x00,CURRENT,1,0,OK,0.8,0.8,120.0,150.006,,1179.972,,,12.0,96.0
2026-08-05 10:32:31.447,798705,119802,149995856,1179.864392,,318.697,0x00,0x00,CURRENT,1,0,OK,0.8,0.8,120.0,150.006,,1179.972,,,12.0,96.0
2026-08-05 10:32:31.729,799275,119888,149996336,1179.869461,,318.979,0x00,0x00,CURRENT,1,0,OK,0.8,0.8,120.0,149.999,,1179.896,,,12.0,96.0
2026-08-05 10:32:32.045,799731,119958,149997424,1179.880949,,319.295,0x00,0x00,CURRENT,1,0,OK,0.8,0.8,120.0,149.999,,1179.896,,,12.0,96.0
2026-08-05 10:32:32.244,800092,120011,149996256,1179.868616,,319.494,0x00,0x00,CURRENT,1,0,OK,0.8,0.8,120.0,149.999,,1179.896,,,12.0,96.0
2026-08-05 10:32:32.445,800344,120048,149996064,1179.866588,,319.695,0x00,0x00,CURRENT,1,0,OK,0.8,0.8,120.0,149.999,,1179.896,,,12.0,96.0
2026-08-05 10:32:32.729,800523,120075,149995984,1179.865744,,319.979,0x00,0x00,CURRENT,1,0,OK,0.8,0.8,120.0,149.999,,1179.896,,,12.0,96.0
2026-08-05 10:32:33.045,800695,120102,149997360,1179.880274,,320.295,0x00,0x00,CURRENT,1,0,OK,0.8,0.8,120.0,149.999,,1179.896,,,12.0,96.0
2026-08-05 10:32:33.244,799939,119988,149996016,1179.866081,,320.494,0x00,0x00,CURRENT,1,0,OK,0.8,0.8,120.0,149.999,,1179.896,,,12.0,96.0
2026-08-05 10:32:33.447,799315,119898,150000480,1179.913220,,320.696,0x00,0x00,CURRENT,1,0,OK,0.8,0.8,120.0,149.999,,1179.896,,,12.0,96.0
2026-08-05 10:32:33.729,799761,119961,149996240,1179.868447,,320.979,0x00,0x00,CURRENT,1,0,OK,0.8,0.8,120.0,150.001,,1179.915,,,12.0,96.0
2026-08-05 10:32:34.045,800030,120001,149995024,1179.855606,,321.295,0x00,0x00,CURRENT,1,0,OK,0.8,0.8,120.0,150.001,,1179.915,,,12.0,96.0
2026-08-05 10:32:34.244,800270,120035,149992912,1179.833304,,321.494,0x00,0x00,CURRENT,1,0,OK,0.8,0.8,120.0,150.001,,1179.915,,,12.0,96.0
2026-08-05 10:32:34.445,800449,120065,149996944,1179.875881,,321.695,0x00,0x00,CURRENT,1,0,OK,0.8,0.8,120.0,150.001,,1179.915,,,12.0,96.0
2026-08-05 10:32:34.729,800611,120093,150002000,1179.929271,,321.979,0x00,0x00,CURRENT,1,0,OK,0.8,0.8,120.0,150.001,,1179.915,,,12.0,96.0
2026-08-05 10:32:35.045,800696,120108,150004176,1179.952248,,322.295,0x00,0x00,CURRENT,1,0,OK,0.8,0.8,120.0,150.001,,1179.915,,,12.0,96.0
2026-08-05 10:32:35.244,799921,119992,150004816,1179.959007,,322.494,0x00,0x00,CURRENT,1,0,OK,0.8,0.8,120.0,150.001,,1179.915,,,12.0,96.0
2026-08-05 10:32:35.446,799320,119902,150004496,1179.955627,,322.696,0x00,0x00,CURRENT,1,0,OK,0.8,0.8,120.0,150.001,,1179.915,,,12.0,96.0
2026-08-05 10:32:35.729,799756,119963,150000080,1179.908996,,322.979,0x00,0x00,CURRENT,1,0,OK,0.8,0.8,120.0,149.999,,1179.893,,,12.0,96.0
2026-08-05 10:32:36.045,800064,120009,149998944,1179.897000,,323.295,0x00,0x00,CURRENT,1,0,OK,0.8,0.8,120.0,149.999,,1179.893,,,12.0,96.0
2026-08-05 10:32:36.245,800322,120046,149997328,1179.879936,,323.495,0x00,0x00,CURRENT,1,0,OK,0.8,0.8,120.0,149.999,,1179.893,,,12.0,96.0
2026-08-05 10:32:36.444,800479,120072,149999552,1179.903420,,323.694,0x00,0x00,CURRENT,1,0,OK,0.8,0.8,120.0,149.999,,1179.893,,,12.0,96.0
2026-08-05 10:32:36.729,799767,119966,150001664,1179.925722,,323.979,0x00,0x00,CURRENT,1,0,OK,0.8,0.8,120.0,149.999,,1179.893,,,12.0,96.0
2026-08-05 10:32:37.044,799206,119886,150006816,1179.980126,,324.294,0x00,0x00,CURRENT,1,0,OK,0.8,0.8,120.0,149.999,,1179.893,,,12.0,96.0
2026-08-05 10:32:37.244,799642,119949,150003680,1179.947011,,324.494,0x00,0x00,CURRENT,1,0,OK,0.8,0.8,120.0,149.999,,1179.893,,,12.0,96.0
2026-08-05 10:32:37.445,799950,119995,150002784,1179.937549,,324.694,0x00,0x00,CURRENT,1,0,OK,0.8,0.8,120.0,149.999,,1179.893,,,12.0,96.0
2026-08-05 10:32:37.729,800125,120027,150010352,1180.017465,,324.979,0x00,0x00,CURRENT,1,0,OK,0.8,0.8,120.0,149.995,,1179.856,,,12.0,96.0
2026-08-05 10:32:38.045,800313,120051,150005536,1179.966610,,325.295,0x00,0x00,CURRENT,1,0,OK,0.8,0.8,120.0,149.995,,1179.856,,,12.0,96.0
2026-08-05 10:32:38.244,800509,120080,150004336,1179.953938,,325.494,0x00,0x00,CURRENT,1,0,OK,0.8,0.8,120.0,149.995,,1179.856,,,12.0,96.0
2026-08-05 10:32:38.444,800675,120103,150002000,1179.929271,,325.694,0x00,0x00,CURRENT,1,0,OK,0.8,0.8,120.0,149.995,,1179.856,,,12.0,96.0
2026-08-05 10:32:38.729,799933,119991,150001680,1179.925891,,325.979,0x00,0x00,CURRENT,1,0,OK,0.8,0.8,120.0,149.995,,1179.856,,,12.0,96.0
2026-08-05 10:32:39.044,799432,119913,149997312,1179.879767,,326.294,0x00,0x00,CURRENT,1,0,OK,0.8,0.8,120.0,149.995,,1179.856,,,12.0,96.0
2026-08-05 10:32:39.244,799010,119847,149993808,1179.842766,,326.493,0x00,0x00,CURRENT,1,0,OK,0.8,0.8,120.0,149.995,,1179.856,,,12.0,96.0
2026-08-05 10:32:39.444,798684,119799,149995536,1179.861013,,326.694,0x00,0x00,CURRENT,1,0,OK,0.8,0.8,120.0,149.995,,1179.856,,,12.0,96.0
2026-08-05 10:32:39.729,799288,119890,149995712,1179.862871,,326.978,0x00,0x00,CURRENT,1,0,OK,0.8,0.8,120.0,149.999,,1179.894,,,12.0,96.0
2026-08-05 10:32:40.053,799759,119962,149997408,1179.880781,,327.303,0x00,0x00,CURRENT,1,0,OK,0.8,0.8,120.0,149.999,,1179.894,,,12.0,96.0
2026-08-05 10:32:40.245,800010,120004,150003136,1179.941266,,327.494,0x00,0x00,CURRENT,1,0,OK,0.8,0.8,120.0,149.999,,1179.894,,,12.0,96.0
2026-08-05 10:32:40.445,800273,120046,150006880,1179.980802,,327.694,0x00,0x00,CURRENT,1,0,OK,0.8,0.8,120.0,149.999,,1179.894,,,12.0,96.0
2026-08-05 10:32:40.729,800433,120072,150008672,1179.999725,,327.978,0x00,0x00,CURRENT,1,0,OK,0.8,0.8,120.0,149.999,,1179.894,,,12.0,96.0
2026-08-05 10:32:41.045,800627,120097,150003856,1179.948869,,328.294,0x00,0x00,CURRENT,1,0,OK,0.8,0.8,120.0,149.999,,1179.894,,,12.0,96.0
2026-08-05 10:32:41.244,800745,120114,150002336,1179.932819,,328.493,0x00,0x00,CURRENT,1,0,OK,0.8,0.8,120.0,149.999,,1179.894,,,12.0,96.0
2026-08-05 10:32:41.447,800843,120128,150001856,1179.927750,,328.697,0x00,0x00,CURRENT,1,0,OK,0.8,0.8,120.0,149.999,,1179.894,,,12.0,96.0
2026-08-05 10:32:41.729,800012,120005,150004336,1179.953938,,328.978,0x00,0x00,CURRENT,1,0,OK,0.8,0.8,120.0,149.995,,1179.852,,,12.0,96.0
2026-08-05 10:32:42.045,799482,119923,150000496,1179.913389,,329.294,0x00,0x00,CURRENT,1,0,OK,0.8,0.8,120.0,149.995,,1179.852,,,12.0,96.0
2026-08-05 10:32:42.245,799868,119984,150004224,1179.952755,,329.494,0x00,0x00,CURRENT,1,0,OK,0.8,0.8,120.0,149.995,,1179.852,,,12.0,96.0
2026-08-05 10:32:42.444,800110,120022,150006240,1179.974044,,329.694,0x00,0x00,CURRENT,1,0,OK,0.8,0.8,120.0,149.995,,1179.852,,,12.0,96.0
2026-08-05 10:32:42.729,799491,119931,150008736,1180.000400,,329.979,0x00,0x00,CURRENT,1,0,OK,0.8,0.8,120.0,149.995,,1179.852,,,12.0,96.0
2026-08-05 10:32:43.045,799101,119870,150006352,1179.975226,,330.294,0x00,0x00,CURRENT,1,0,OK,0.8,0.8,120.0,149.995,,1179.852,,,12.0,96.0
2026-08-05 10:32:43.245,799637,119948,150003376,1179.943801,,330.495,0x00,0x00,CURRENT,1,0,OK,0.8,0.8,120.0,149.995,,1179.852,,,12.0,96.0
2026-08-05 10:32:43.447,800022,120001,149997712,1179.883991,,330.697,0x00,0x00,CURRENT,1,0,OK,0.8,0.8,120.0,149.995,,1179.852,,,12.0,96.0
2026-08-05 10:32:43.729,800300,120045,150000464,1179.913051,,330.978,0x00,0x00,CURRENT,1,0,OK,0.8,0.8,120.0,150.007,,1179.984,,,12.0,96.0
2026-08-05 10:32:44.044,800463,120069,149999840,1179.906462,,331.294,0x00,0x00,CURRENT,1,0,OK,0.8,0.8,120.0,150.007,,1179.984,,,12.0,96.0
2026-08-05 10:32:44.244,800668,120098,149997312,1179.879767,,331.494,0x00,0x00,CURRENT,1,0,OK,0.8,0.8,120.0,150.007,,1179.984,,,12.0,96.0
2026-08-05 10:32:44.444,800739,120108,149996000,1179.865913,,331.693,0x00,0x00,CURRENT,1,0,OK,0.8,0.8,120.0,150.007,,1179.984,,,12.0,96.0
2026-08-05 10:32:44.729,800009,119999,149997536,1179.882132,,331.978,0x00,0x00,CURRENT,1,0,OK,0.8,0.8,120.0,150.007,,1179.984,,,12.0,96.0
2026-08-05 10:32:45.044,799452,119914,149995392,1179.859492,,332.293,0x00,0x00,CURRENT,1,0,OK,0.8,0.8,120.0,150.007,,1179.984,,,12.0,96.0
2026-08-05 10:32:45.244,799863,119979,149998976,1179.897338,,332.494,0x00,0x00,CURRENT,1,0,OK,0.8,0.8,120.0,150.007,,1179.984,,,12.0,96.0
2026-08-05 10:32:45.444,800247,120035,149997776,1179.884666,,332.694,0x00,0x00,CURRENT,1,0,OK,0.8,0.8,120.0,150.007,,1179.984,,,12.0,96.0
2026-08-05 10:32:45.729,800469,120069,149997872,1179.885680,,332.978,0x00,0x00,CURRENT,1,0,OK,0.8,0.8,120.0,149.997,,1179.881,,,12.0,96.0
2026-08-05 10:32:46.044,800645,120096,149999584,1179.903758,,333.294,0x00,0x00,CURRENT,1,0,OK,0.8,0.8,120.0,149.997,,1179.881,,,12.0,96.0
2026-08-05 10:32:46.244,799948,119993,150001488,1179.923864,,333.494,0x00,0x00,CURRENT,1,0,OK,0.8,0.8,120.0,149.997,,1179.881,,,12.0,96.0
2026-08-05 10:32:46.444,799415,119912,149999968,1179.907813,,333.693,0x00,0x00,CURRENT,1,0,OK,0.8,0.8,120.0,149.997,,1179.881,,,12.0,96.0
2026-08-05 10:32:46.729,799883,119980,149997200,1179.878584,,333.978,0x00,0x00,CURRENT,1,0,OK,0.8,0.8,120.0,149.997,,1179.881,,,12.0,96.0
2026-08-05 10:32:47.045,800206,120029,149997408,1179.880781,,334.295,0x00,0x00,CURRENT,1,0,OK,0.8,0.8,120.0,149.997,,1179.881,,,12.0,96.0
2026-08-05 10:32:47.245,799618,119940,149996288,1179.868954,,334.495,0x00,0x00,CURRENT,1,0,OK,0.8,0.8,120.0,149.997,,1179.881,,,12.0,96.0
2026-08-05 10:32:47.447,799205,119876,149993936,1179.844117,,334.697,0x00,0x00,CURRENT,1,0,OK,0.8,0.8,120.0,149.997,,1179.881,,,12.0,96.0
2026-08-05 10:32:47.729,799697,119953,149998304,1179.890242,,334.978,0x00,0x00,CURRENT,1,0,OK,0.8,0.8,120.0,150.0,,1179.905,,,12.0,96.0
2026-08-05 10:32:48.044,800020,120003,150000608,1179.914571,,335.294,0x00,0x00,CURRENT,1,0,OK,0.8,0.8,120.0,150.0,,1179.905,,,12.0,96.0
2026-08-05 10:32:48.245,800318,120049,150002128,1179.930622,,335.494,0x00,0x00,CURRENT,1,0,OK,0.8,0.8,120.0,150.0,,1179.905,,,12.0,96.0
2026-08-05 10:32:48.445,800513,120080,150004192,1179.952417,,335.694,0x00,0x00,CURRENT,1,0,OK,0.8,0.8,120.0,150.0,,1179.905,,,12.0,96.0
2026-08-05 10:32:48.729,800669,120102,150002144,1179.930791,,335.978,0x00,0x00,CURRENT,1,0,OK,0.8,0.8,120.0,150.0,,1179.905,,,12.0,96.0
2026-08-05 10:32:49.045,800814,120119,149995920,1179.865068,,336.294,0x00,0x00,CURRENT,1,0,OK,0.8,0.8,120.0,150.0,,1179.905,,,12.0,96.0
2026-08-05 10:32:49.245,800046,120002,149994448,1179.849524,,336.494,0x00,0x00,CURRENT,1,0,OK,0.8,0.8,120.0,150.0,,1179.905,,,12.0,96.0
2026-08-05 10:32:49.444,799480,119917,149993824,1179.842935,,336.694,0x00,0x00,CURRENT,1,0,OK,0.8,0.8,120.0,150.0,,1179.905,,,12.0,96.0
2026-08-05 10:32:49.729,799857,119980,150001728,1179.926398,,336.978,0x00,0x00,CURRENT,1,0,OK,0.8,0.8,120.0,150.005,,1179.966,,,12.0,96.0
2026-08-05 10:32:50.044,800186,120028,150000048,1179.908658,,337.294,0x00,0x00,CURRENT,1,0,OK,0.8,0.8,120.0,150.005,,1179.966,,,12.0,96.0
2026-08-05 10:32:50.244,799631,119943,149997888,1179.885849,,337.494,0x00,0x00,CURRENT,1,0,OK,0.8,0.8,120.0,150.005,,1179.966,,,12.0,96.0
2026-08-05 10:32:50.444,799122,119872,150004976,1179.960696,,337.694,0x00,0x00,CURRENT,1,0,OK,0.8,0.8,120.0,150.005,,1179.966,,,12.0,96.0
2026-08-05 10:32:50.729,799644,119948,150001824,1179.927412,,337.978,0x00,0x00,CURRENT,1,0,OK,0.8,0.8,120.0,150.005,,1179.966,,,12.0,96.0
2026-08-05 10:32:51.045,800036,120003,149996496,1179.871150,,338.294,0x00,0x00,CURRENT,1,0,OK,0.8,0.8,120.0,150.005,,1179.966,,,12.0,96.0
2026-08-05 10:32:51.244,800302,120043,149997184,1179.878415,,338.494,0x00,0x00,CURRENT,1,0,OK,0.8,0.8,120.0,150.005,,1179.966,,,12.0,96.0
2026-08-05 10:32:51.447,800520,120076,149997920,1179.886187,,338.697,0x00,0x00,CURRENT,1,0,OK,0.8,0.8,120.0,150.005,,1179.966,,,12.0,96.0
2026-08-05 10:32:51.729,800702,120102,149995920,1179.865068,,338.979,0x00,0x00,CURRENT,1,0,OK,0.8,0.8,120.0,150.002,,1179.926,,,12.0,96.0
2026-08-05 10:32:52.045,800848,120125,149997920,1179.886187,,339.294,0x00,0x00,CURRENT,1,0,OK,0.8,0.8,120.0,150.002,,1179.926,,,12.0,96.0
2026-08-05 10:32:52.245,800128,120017,149997216,1179.878753,,339.494,0x00,0x00,CURRENT,1,0,OK,0.8,0.8,120.0,150.002,,1179.926,,,12.0,96.0
2026-08-05 10:32:52.445,799569,119936,150000944,1179.918120,,339.694,0x00,0x00,CURRENT,1,0,OK,0.8,0.8,120.0,150.002,,1179.926,,,12.0,96.0
2026-08-05 10:32:52.728,799094,119867,150004144,1179.951910,,339.978,0x00,0x00,CURRENT,1,0,OK,0.8,0.8,120.0,150.002,,1179.926,,,12.0,96.0
2026-08-05 10:32:53.045,798747,119817,150005728,1179.968637,,340.295,0x00,0x00,CURRENT,1,0,OK,0.8,0.8,120.0,150.002,,1179.926,,,12.0,96.0
2026-08-05 10:32:53.244,799382,119909,150002464,1179.934170,,340.493,0x00,0x00,CURRENT,1,0,OK,0.8,0.8,120.0,150.002,,1179.926,,,12.0,96.0
2026-08-05 10:32:53.447,799895,119985,150000496,1179.913389,,340.696,0x00,0x00,CURRENT,1,0,OK,0.8,0.8,120.0,150.002,,1179.926,,,12.0,96.0
2026-08-05 10:32:53.729,800270,120041,150000768,1179.916261,,340.978,0x00,0x00,CURRENT,1,0,OK,0.8,0.799,120.0,150.002,,1179.928,,,12.0,96.0
2026-08-05 10:32:54.043,800478,120074,150003376,1179.943801,,341.293,0x00,0x00,CURRENT,1,0,OK,0.8,0.799,120.0,150.002,,1179.928,,,12.0,96.0
2026-08-05 10:32:54.245,800624,120096,150003328,1179.943294,,341.494,0x00,0x00,CURRENT,1,0,OK,0.8,0.799,120.0,150.002,,1179.928,,,12.0,96.0
2026-08-05 10:32:54.445,800789,120119,150001040,1179.919133,,341.694,0x00,0x00,CURRENT,1,0,OK,0.8,0.799,120.0,150.002,,1179.928,,,12.0,96.0
2026-08-05 10:32:54.729,800065,120012,150002880,1179.938563,,341.978,0x00,0x00,CURRENT,1,0,OK,0.8,0.799,120.0,150.002,,1179.928,,,12.0,96.0
2026-08-05 10:32:55.045,799531,119931,150001568,1179.924709,,342.294,0x00,0x00,CURRENT,1,0,OK,0.8,0.799,120.0,150.002,,1179.928,,,12.0,96.0
2026-08-05 10:32:55.263,799914,119990,150003296,1179.942956,,342.513,0x00,0x00,CURRENT,1,0,OK,0.8,0.799,120.0,150.002,,1179.928,,,12.0,96.0
2026-08-05 10:32:55.444,800238,120036,150000208,1179.910348,,342.694,0x00,0x00,CURRENT,1,0,OK,0.8,0.799,120.0,150.002,,1179.928,,,12.0,96.0
2026-08-05 10:32:55.728,799577,119940,150003728,1179.947518,,342.978,0x00,0x00,CURRENT,1,0,OK,0.8,0.8,120.0,149.995,,1179.856,,,12.0,96.0
2026-08-05 10:32:56.045,799081,119863,150001136,1179.920147,,343.294,0x00,0x00,CURRENT,1,0,OK,0.8,0.8,120.0,149.995,,1179.856,,,12.0,96.0
2026-08-05 10:32:56.244,799567,119937,150002272,1179.932143,,343.493,0x00,0x00,CURRENT,1,0,OK,0.8,0.8,120.0,149.995,,1179.856,,,12.0,96.0
2026-08-05 10:32:56.445,799885,119986,150003472,1179.944814,,343.694,0x00,0x00,CURRENT,1,0,OK,0.8,0.8,120.0,149.995,,1179.856,,,12.0,96.0
2026-08-05 10:32:56.729,800207,120029,149997968,1179.886694,,343.978,0x00,0x00,CURRENT,1,0,OK,0.8,0.8,120.0,149.995,,1179.856,,,12.0,96.0
2026-08-05 10:32:57.043,800346,120055,150004112,1179.951573,,344.293,0x00,0x00,CURRENT,1,0,OK,0.8,0.8,120.0,149.995,,1179.856,,,12.0,96.0
2026-08-05 10:32:57.243,800506,120079,150003456,1179.944645,,344.493,0x00,0x00,CURRENT,1,0,OK,0.8,0.8,120.0,149.995,,1179.856,,,12.0,96.0
2026-08-05 10:32:57.444,800627,120096,150002784,1179.937549,,344.694,0x00,0x00,CURRENT,1,0,OK,0.8,0.8,120.0,149.995,,1179.856,,,12.0,96.0
2026-08-05 10:32:57.729,799850,119980,150002608,1179.935691,,344.978,0x00,0x00,CURRENT,1,0,OK,0.8,0.8,120.0,150.0,,1179.907,,,12.0,96.0
2026-08-05 10:32:58.045,799333,119898,149997312,1179.879767,,345.295,0x00,0x00,CURRENT,1,0,OK,0.8,0.8,120.0,150.0,,1179.907,,,12.0,96.0
2026-08-05 10:32:58.245,799718,119958,150000816,1179.916768,,345.494,0x00,0x00,CURRENT,1,0,OK,0.8,0.8,120.0,150.0,,1179.907,,,12.0,96.0
2026-08-05 10:32:58.445,800054,120008,149999728,1179.905279,,345.694,0x00,0x00,CURRENT,1,0,OK,0.8,0.8,120.0,150.0,,1179.907,,,12.0,96.0
2026-08-05 10:32:58.729,800306,120045,149998368,1179.890918,,345.978,0x00,0x00,CURRENT,1,0,OK,0.8,0.8,120.0,150.0,,1179.907,,,12.0,96.0
2026-08-05 10:32:59.046,800504,120073,149997088,1179.877401,,346.295,0x00,0x00,CURRENT,1,0,OK,0.8,0.8,120.0,150.0,,1179.907,,,12.0,96.0
2026-08-05 10:32:59.244,799758,119965,150002080,1179.930115,,346.494,0x00,0x00,CURRENT,1,0,OK,0.8,0.8,120.0,150.0,,1179.907,,,12.0,96.0
2026-08-05 10:32:59.447,799208,119886,150006112,1179.972692,,346.697,0x00,0x00,CURRENT,1,0,OK,0.8,0.8,120.0,150.0,,1179.907,,,12.0,96.0
2026-08-05 10:32:59.729,799709,119959,150003072,1179.940591,,346.979,0x00,0x00,CURRENT,1,0,OK,0.8,0.8,120.0,150.002,,1179.929,,,12.0,96.0
2026-08-05 10:33:00.045,800047,120008,150001440,1179.923357,,347.294,0x00,0x00,CURRENT,1,0,OK,0.8,0.8,120.0,150.002,,1179.929,,,12.0,96.0
2026-08-05 10:33:00.244,800254,120044,150006880,1179.980802,,347.494,0x00,0x00,CURRENT,1,0,OK,0.8,0.8,120.0,150.002,,1179.929,,,12.0,96.0
2026-08-05 10:33:00.449,800437,120069,150003840,1179.948700,,347.699,0x00,0x00,CURRENT,1,0,OK,0.9,0.8,120.0,150.002,,1179.929,,,12.0,96.0
2026-08-05 10:33:00.645,817801,122675,150006160,1179.973199,,347.894,0x00,0x00,CURRENT,1,0,OK,0.9,0.8,120.0,150.002,,1179.929,,,12.0,96.0
2026-08-05 10:33:00.846,817820,122676,150003296,1179.942956,,348.095,0x00,0x00,CURRENT,1,0,OK,0.9,0.8,120.0,150.002,,1179.929,,,12.0,96.0
2026-08-05 10:33:01.044,817890,122685,150001680,1179.925891,,348.294,0x00,0x00,CURRENT,1,0,OK,0.9,0.8,120.0,150.002,,1179.929,,,12.0,96.0
2026-08-05 10:33:01.245,822109,123317,150000240,1179.910686,,348.494,0x00,0x00,CURRENT,1,0,OK,0.9,0.8,120.0,150.002,,1179.929,,,12.0,96.0
2026-08-05 10:33:01.447,825254,123791,150003280,1179.942787,,348.697,0x00,0x00,CURRENT,1,0,OK,0.9,0.8,120.0,150.002,,1179.929,,,12.0,96.0
2026-08-05 10:33:01.729,830997,124652,150003088,1179.940759,,348.978,0x00,0x00,CURRENT,1,0,OK,0.9,0.805,121.0,149.997,,1179.873,,,13.0,97.0
2026-08-05 10:33:02.045,835294,125296,150002816,1179.937887,,349.294,0x00,0x00,CURRENT,1,0,OK,0.9,0.805,121.0,149.997,,1179.873,,,13.0,97.0
2026-08-05 10:33:02.245,841901,126285,149999472,1179.902576,,349.494,0x00,0x00,CURRENT,1,0,OK,0.9,0.805,121.0,149.997,,1179.873,,,13.0,97.0
2026-08-05 10:33:02.445,846865,127028,149997984,1179.886863,,349.694,0x00,0x00,CURRENT,1,0,OK,0.9,0.805,121.0,149.997,,1179.873,,,13.0,97.0
2026-08-05 10:33:02.728,853943,128088,149996448,1179.870643,,349.978,0x00,0x00,CURRENT,1,0,OK,0.9,0.805,121.0,149.997,,1179.873,,,13.0,97.0
2026-08-05 10:33:03.044,859234,128886,150001008,1179.918795,,350.294,0x00,0x00,CURRENT,1,0,OK,0.9,0.805,121.0,149.997,,1179.873,,,13.0,97.0
2026-08-05 10:33:03.243,865727,129860,150001392,1179.922850,,350.493,0x00,0x00,CURRENT,1,0,OK,0.9,0.805,121.0,149.997,,1179.873,,,13.0,97.0
2026-08-05 10:33:03.447,870616,130595,150003104,1179.940928,,350.697,0x00,0x00,CURRENT,1,0,OK,0.9,0.805,121.0,149.997,,1179.873,,,13.0,97.0
2026-08-05 10:33:03.729,875904,131388,150002112,1179.930453,,350.978,0x00,0x00,CURRENT,1,0,OK,0.9,0.842,126.0,150.001,,1179.923,,,14.0,106.0
2026-08-05 10:33:04.045,879955,131994,150001168,1179.920485,,351.294,0x00,0x00,CURRENT,1,0,OK,0.9,0.842,126.0,150.001,,1179.923,,,14.0,106.0
2026-08-05 10:33:04.245,884689,132709,150006064,1179.972185,,351.494,0x00,0x00,CURRENT,1,0,OK,0.9,0.842,126.0,150.001,,1179.923,,,14.0,106.0
2026-08-05 10:33:04.444,888220,133240,150007280,1179.985026,,351.693,0x00,0x00,CURRENT,1,0,OK,0.9,0.842,126.0,150.001,,1179.923,,,14.0,106.0
2026-08-05 10:33:04.729,892584,133888,150000496,1179.913389,,351.978,0x00,0x00,CURRENT,1,0,OK,0.9,0.842,126.0,150.001,,1179.923,,,14.0,106.0
2026-08-05 10:33:05.044,895829,134376,150002144,1179.930791,,352.294,0x00,0x00,CURRENT,1,0,OK,0.9,0.842,126.0,150.001,,1179.923,,,14.0,106.0
2026-08-05 10:33:05.245,899111,134869,150002736,1179.937042,,352.494,0x00,0x00,CURRENT,1,0,OK,0.9,0.842,126.0,150.001,,1179.923,,,14.0,106.0
2026-08-05 10:33:05.445,901591,135242,150003360,1179.943632,,352.694,0x00,0x00,CURRENT,1,0,OK,0.9,0.842,126.0,150.001,,1179.923,,,14.0,106.0
2026-08-05 10:33:05.729,904327,135649,149999696,1179.904941,,352.978,0x00,0x00,CURRENT,1,0,OK,0.9,0.88,132.0,149.999,,1179.902,,,14.0,116.0
2026-08-05 10:33:06.044,906352,135956,150003392,1179.943970,,353.294,0x00,0x00,CURRENT,1,0,OK,0.9,0.88,132.0,149.999,,1179.902,,,14.0,116.0
2026-08-05 10:33:06.243,907870,136182,150002208,1179.931467,,353.493,0x00,0x00,CURRENT,1,0,OK,0.9,0.88,132.0,149.999,,1179.902,,,14.0,116.0
2026-08-05 10:33:06.445,909046,136357,150000608,1179.914571,,353.694,0x00,0x00,CURRENT,1,0,OK,0.9,0.88,132.0,149.999,,1179.902,,,14.0,116.0
2026-08-05 10:33:06.729,909834,136475,150000304,1179.911361,,353.978,0x00,0x00,CURRENT,1,0,OK,0.9,0.88,132.0,149.999,,1179.902,,,14.0,116.0
2026-08-05 10:33:07.045,910482,136572,149999744,1179.905448,,354.294,0x00,0x00,CURRENT,1,0,OK,0.9,0.88,132.0,149.999,,1179.902,,,14.0,116.0
2026-08-05 10:33:07.245,910977,136639,149992192,1179.825701,,354.494,0x00,0x00,CURRENT,1,0,OK,0.9,0.88,132.0,149.999,,1179.902,,,14.0,116.0
2026-08-05 10:33:07.445,911283,136686,149993008,1179.834318,,354.695,0x00,0x00,CURRENT,1,0,OK,0.9,0.88,132.0,149.999,,1179.902,,,14.0,116.0
2026-08-05 10:33:07.729,911531,136724,149993680,1179.841414,,354.978,0x00,0x00,CURRENT,1,0,OK,0.9,0.902,135.0,149.998,,1179.887,,,14.0,122.0
2026-08-05 10:33:08.045,911717,136756,149997952,1179.886525,,355.294,0x00,0x00,CURRENT,1,0,OK,0.9,0.902,135.0,149.998,,1179.887,,,14.0,122.0
2026-08-05 10:33:08.246,911008,136652,150000992,1179.918626,,355.495,0x00,0x00,CURRENT,1,0,OK,0.9,0.902,135.0,149.998,,1179.887,,,14.0,122.0
2026-08-05 10:33:08.445,910477,136574,150002464,1179.934170,,355.694,0x00,0x00,CURRENT,1,0,OK,0.9,0.902,135.0,149.998,,1179.887,,,14.0,122.0
2026-08-05 10:33:08.729,910041,136513,150007232,1179.984519,,355.978,0x00,0x00,CURRENT,1,0,OK,0.9,0.902,135.0,149.998,,1179.887,,,14.0,122.0
2026-08-05 10:33:09.045,909798,136474,150004528,1179.955965,,356.294,0x00,0x00,CURRENT,1,0,OK,0.9,0.902,135.0,149.998,,1179.887,,,14.0,122.0
2026-08-05 10:33:09.244,909560,136437,150003504,1179.945152,,356.493,0x00,0x00,CURRENT,1,0,OK,0.9,0.902,135.0,149.998,,1179.887,,,14.0,122.0
2026-08-05 10:33:09.444,909390,136409,150000416,1179.912544,,356.694,0x00,0x00,CURRENT,1,0,OK,0.9,0.902,135.0,149.998,,1179.887,,,14.0,122.0
2026-08-05 10:33:09.728,908368,136259,150003952,1179.949883,,356.978,0x00,0x00,CURRENT,1,0,OK,0.9,0.907,136.0,150.0,,1179.912,,,14.0,124.0
2026-08-05 10:33:10.045,907658,136153,150004624,1179.956979,,357.294,0x00,0x00,CURRENT,1,0,OK,0.9,0.907,136.0,150.0,,1179.912,,,14.0,124.0
2026-08-05 10:33:10.246,907162,136078,150003584,1179.945997,,357.495,0x00,0x00,CURRENT,1,0,OK,0.9,0.907,136.0,150.0,,1179.912,,,14.0,124.0
2026-08-05 10:33:10.445,906772,136018,150002896,1179.938732,,357.695,0x00,0x00,CURRENT,1,0,OK,0.9,0.907,136.0,150.0,,1179.912,,,14.0,124.0
2026-08-05 10:33:10.729,905641,135846,150000368,1179.912037,,357.978,0x00,0x00,CURRENT,1,0,OK,0.9,0.907,136.0,150.0,,1179.912,,,14.0,124.0
2026-08-05 10:33:11.045,904811,135720,149998000,1179.887032,,358.294,0x00,0x00,CURRENT,1,0,OK,0.9,0.907,136.0,150.0,,1179.912,,,14.0,124.0
2026-08-05 10:33:11.245,904188,135623,149994576,1179.850876,,358.494,0x00,0x00,CURRENT,1,0,OK,0.9,0.907,136.0,150.0,,1179.912,,,14.0,124.0
2026-08-05 10:33:11.447,903703,135551,149995104,1179.856451,,358.697,0x00,0x00,CURRENT,1,0,OK,0.9,0.907,136.0,150.0,,1179.912,,,14.0,124.0
2026-08-05 10:33:11.729,903348,135500,149997584,1179.882639,,358.978,0x00,0x00,CURRENT,1,0,OK,0.9,0.906,136.0,150.0,,1179.912,,,14.0,123.0
2026-08-05 10:33:12.045,903035,135456,150000576,1179.914234,,359.294,0x00,0x00,CURRENT,1,0,OK,0.9,0.906,136.0,150.0,,1179.912,,,14.0,123.0
2026-08-05 10:33:12.245,902810,135424,150002752,1179.937211,,359.494,0x00,0x00,CURRENT,1,0,OK,0.9,0.906,136.0,150.0,,1179.912,,,14.0,123.0
2026-08-05 10:33:12.445,902650,135399,150001696,1179.926060,,359.695,0x00,0x00,CURRENT,1,0,OK,0.9,0.906,136.0,150.0,,1179.912,,,14.0,123.0
2026-08-05 10:33:12.728,901720,135258,149999664,1179.904603,,359.978,0x00,0x00,CURRENT,1,0,OK,0.9,0.906,136.0,150.0,,1179.912,,,14.0,123.0
2026-08-05 10:33:13.045,900938,135141,150000656,1179.915078,,360.295,0x00,0x00,CURRENT,1,0,OK,0.9,0.906,136.0,150.0,,1179.912,,,14.0,123.0
2026-08-05 10:33:13.244,900389,135061,150002832,1179.938056,,360.494,0x00,0x00,CURRENT,1,0,OK,0.9,0.906,136.0,150.0,,1179.912,,,14.0,123.0
2026-08-05 10:33:13.447,900014,135004,150001888,1179.928088,,360.697,0x00,0x00,CURRENT,1,0,OK,0.9,0.906,136.0,150.0,,1179.912,,,14.0,123.0
2026-08-05 10:33:13.729,899696,134956,150001600,1179.925047,,360.979,0x00,0x00,CURRENT,1,0,OK,0.9,0.902,135.0,150.001,,1179.917,,,14.0,122.0
2026-08-05 10:33:14.046,899485,134921,149997536,1179.882132,,361.295,0x00,0x00,CURRENT,1,0,OK,0.9,0.902,135.0,150.001,,1179.917,,,14.0,122.0
2026-08-05 10:33:14.245,899318,134897,149999696,1179.904941,,361.495,0x00,0x00,CURRENT,1,0,OK,0.9,0.902,135.0,150.001,,1179.917,,,14.0,122.0
2026-08-05 10:33:14.444,899202,134881,150000432,1179.912713,,361.694,0x00,0x00,CURRENT,1,0,OK,0.9,0.902,135.0,150.001,,1179.917,,,14.0,122.0
2026-08-05 10:33:14.730,899152,134875,150002240,1179.931805,,361.979,0x00,0x00,CURRENT,1,0,OK,0.9,0.902,135.0,150.001,,1179.917,,,14.0,122.0
2026-08-05 10:33:15.044,899068,134864,150004752,1179.958331,,362.294,0x00,0x00,CURRENT,1,0,OK,0.9,0.902,135.0,150.001,,1179.917,,,14.0,122.0
2026-08-05 10:33:15.244,899014,134855,150003392,1179.943970,,362.494,0x00,0x00,CURRENT,1,0,OK,0.9,0.902,135.0,150.001,,1179.917,,,14.0,122.0
2026-08-05 10:33:15.445,899011,134851,149999488,1179.902745,,362.695,0x00,0x00,CURRENT,1,0,OK,0.9,0.902,135.0,150.001,,1179.917,,,14.0,122.0
2026-08-05 10:33:15.729,898972,134846,150000432,1179.912713,,362.979,0x00,0x00,CURRENT,1,0,OK,0.9,0.9,135.0,149.995,,1179.858,,,14.0,122.0
2026-08-05 10:33:16.044,898914,134835,149998000,1179.887032,,363.294,0x00,0x00,CURRENT,1,0,OK,0.9,0.9,135.0,149.995,,1179.858,,,14.0,122.0
2026-08-05 10:33:16.244,898908,134832,149995280,1179.858310,,363.494,0x00,0x00,CURRENT,1,0,OK,0.9,0.9,135.0,149.995,,1179.858,,,14.0,122.0
2026-08-05 10:33:16.444,898904,134831,149994560,1179.850707,,363.694,0x00,0x00,CURRENT,1,0,OK,0.9,0.9,135.0,149.995,,1179.858,,,14.0,122.0
2026-08-05 10:33:16.730,898891,134833,149998896,1179.896493,,363.979,0x00,0x00,CURRENT,1,0,OK,0.9,0.9,135.0,149.995,,1179.858,,,14.0,122.0
2026-08-05 10:33:17.045,898900,134832,149996896,1179.875374,,364.294,0x00,0x00,CURRENT,1,0,OK,0.9,0.9,135.0,149.995,,1179.858,,,14.0,122.0
2026-08-05 10:33:17.244,898926,134836,149996784,1179.874191,,364.494,0x00,0x00,CURRENT,1,0,OK,0.9,0.9,135.0,149.995,,1179.858,,,14.0,122.0
2026-08-05 10:33:17.447,898917,134838,150000688,1179.915416,,364.697,0x00,0x00,CURRENT,1,0,OK,0.9,0.9,135.0,149.995,,1179.858,,,14.0,122.0
2026-08-05 10:33:17.730,898938,134840,149998784,1179.895311,,364.979,0x00,0x00,CURRENT,1,0,OK,0.9,0.899,135.0,149.998,,1179.892,,,14.0,121.0
2026-08-05 10:33:18.044,898917,134839,150001904,1179.928257,,365.294,0x00,0x00,CURRENT,1,0,OK,0.9,0.899,135.0,149.998,,1179.892,,,14.0,121.0
2026-08-05 10:33:18.244,898985,134843,149994912,1179.854424,,365.494,0x00,0x00,CURRENT,1,0,OK,0.9,0.899,135.0,149.998,,1179.892,,,14.0,121.0
2026-08-05 10:33:18.445,898924,134838,149999040,1179.898014,,365.695,0x00,0x00,CURRENT,1,0,OK,0.9,0.899,135.0,149.998,,1179.892,,,14.0,121.0
2026-08-05 10:33:18.729,898981,134845,149998144,1179.888552,,365.979,0x00,0x00,CURRENT,1,0,OK,0.9,0.899,135.0,149.998,,1179.892,,,14.0,121.0
2026-08-05 10:33:19.045,899005,134849,149997904,1179.886018,,366.294,0x00,0x00,CURRENT,1,0,OK,0.9,0.899,135.0,149.998,,1179.892,,,14.0,121.0
2026-08-05 10:33:19.245,898976,134847,150000368,1179.912037,,366.494,0x00,0x00,CURRENT,1,0,OK,0.9,0.899,135.0,149.998,,1179.892,,,14.0,121.0
2026-08-05 10:33:19.445,898964,134843,149998320,1179.890411,,366.694,0x00,0x00,CURRENT,1,0,OK,0.9,0.899,135.0,149.998,,1179.892,,,14.0,121.0
2026-08-05 10:33:19.730,899841,134974,149997712,1179.883991,,366.979,0x00,0x00,CURRENT,1,0,OK,0.9,0.899,135.0,150.003,,1179.943,,,14.0,121.0
2026-08-05 10:33:20.044,900461,135066,149997008,1179.876557,,367.294,0x00,0x00,CURRENT,1,0,OK,0.9,0.899,135.0,150.003,,1179.943,,,14.0,121.0
2026-08-05 10:33:20.244,900926,135137,149997808,1179.885004,,367.493,0x00,0x00,CURRENT,1,0,OK,0.9,0.899,135.0,150.003,,1179.943,,,14.0,121.0
2026-08-05 10:33:20.443,901246,135188,150001232,1179.921161,,367.693,0x00,0x00,CURRENT,1,0,OK,0.9,0.899,135.0,150.003,,1179.943,,,14.0,121.0
2026-08-05 10:33:20.730,900629,135097,150002528,1179.934846,,367.979,0x00,0x00,CURRENT,1,0,OK,0.9,0.899,135.0,150.003,,1179.943,,,14.0,121.0
2026-08-05 10:33:21.045,900232,135037,150001936,1179.928595,,368.294,0x00,0x00,CURRENT,1,0,OK,0.9,0.899,135.0,150.003,,1179.943,,,14.0,121.0
2026-08-05 10:33:21.245,899953,134990,149997056,1179.877064,,368.495,0x00,0x00,CURRENT,1,0,OK,0.9,0.899,135.0,150.003,,1179.943,,,14.0,121.0
2026-08-05 10:33:21.445,899734,134960,149999440,1179.902238,,368.695,0x00,0x00,CURRENT,1,0,OK,0.9,0.899,135.0,150.003,,1179.943,,,14.0,121.0
2026-08-05 10:33:21.729,899579,134937,149999824,1179.906293,,368.979,0x00,0x00,CURRENT,1,0,OK,0.9,0.9,135.0,149.996,,1179.864,,,14.0,122.0
2026-08-05 10:33:22.044,899444,134916,149998912,1179.896662,,369.294,0x00,0x00,CURRENT,1,0,OK,0.9,0.9,135.0,149.996,,1179.864,,,14.0,122.0
2026-08-05 10:33:22.244,900163,135024,149999408,1179.901900,,369.494,0x00,0x00,CURRENT,1,0,OK,0.9,0.9,135.0,149.996,,1179.864,,,14.0,122.0
2026-08-05 10:33:22.446,900684,135102,149999376,1179.901562,,369.695,0x00,0x00,CURRENT,1,0,OK,0.9,0.9,135.0,149.996,,1179.864,,,14.0,122.0
2026-08-05 10:33:22.729,900263,135035,149994976,1179.855099,,369.979,0x00,0x00,CURRENT,1,0,OK,0.9,0.9,135.0,149.996,,1179.864,,,14.0,122.0
2026-08-05 10:33:23.045,899855,134977,149998400,1179.891256,,370.294,0x00,0x00,CURRENT,1,0,OK,0.9,0.9,135.0,149.996,,1179.864,,,14.0,122.0
2026-08-05 10:33:23.244,900406,135060,149999440,1179.902238,,370.494,0x00,0x00,CURRENT,1,0,OK,0.9,0.9,135.0,149.996,,1179.864,,,14.0,122.0
2026-08-05 10:33:23.447,900791,135127,150008688,1179.999894,,370.696,0x00,0x00,CURRENT,1,0,OK,0.9,0.9,135.0,149.996,,1179.864,,,14.0,122.0
2026-08-05 10:33:23.729,900288,135050,150007456,1179.986884,,370.979,0x00,0x00,CURRENT,1,0,OK,0.9,0.9,135.0,150.004,,1179.95,,,14.0,121.0
2026-08-05 10:33:24.046,899939,134999,150009200,1180.005300,,371.295,0x00,0x00,CURRENT,1,0,OK,0.9,0.9,135.0,150.004,,1179.95,,,14.0,121.0
2026-08-05 10:33:24.245,899695,134961,150007056,1179.982660,,371.494,0x00,0x00,CURRENT,1,0,OK,0.9,0.9,135.0,150.004,,1179.95,,,14.0,121.0
2026-08-05 10:33:24.445,899457,134927,150009104,1180.004286,,371.695,0x00,0x00,CURRENT,1,0,OK,0.9,0.9,135.0,150.004,,1179.95,,,14.0,121.0
2026-08-05 10:33:24.730,899343,134905,150003792,1179.948193,,371.979,0x00,0x00,CURRENT,1,0,OK,0.9,0.9,135.0,150.004,,1179.95,,,14.0,121.0
2026-08-05 10:33:25.045,899258,134892,150003104,1179.940928,,372.294,0x00,0x00,CURRENT,1,0,OK,0.9,0.9,135.0,150.004,,1179.95,,,14.0,121.0
2026-08-05 10:33:25.245,900033,135005,150000320,1179.911530,,372.495,0x00,0x00,CURRENT,1,0,OK,0.9,0.9,135.0,150.004,,1179.95,,,14.0,121.0
2026-08-05 10:33:25.447,900605,135089,149998128,1179.888383,,372.696,0x00,0x00,CURRENT,1,0,OK,0.9,0.9,135.0,150.004,,1179.95,,,14.0,121.0
2026-08-05 10:33:25.730,901034,135152,149996816,1179.874529,,372.979,0x00,0x00,CURRENT,1,0,OK,0.9,0.9,135.0,150.001,,1179.917,,,14.0,121.0
2026-08-05 10:33:26.046,901309,135194,149997616,1179.882977,,373.295,0x00,0x00,CURRENT,1,0,OK,0.9,0.9,135.0,150.001,,1179.917,,,14.0,121.0
2026-08-05 10:33:26.246,900686,135101,149998112,1179.888215,,373.495,0x00,0x00,CURRENT,1,0,OK,0.9,0.9,135.0,150.001,,1179.917,,,14.0,121.0
2026-08-05 10:33:26.445,900209,135030,149998848,1179.895986,,373.694,0x00,0x00,CURRENT,1,0,OK,0.9,0.9,135.0,150.001,,1179.917,,,14.0,121.0
2026-08-05 10:33:26.730,899889,134983,150000160,1179.909841,,373.979,0x00,0x00,CURRENT,1,0,OK,0.9,0.9,135.0,150.001,,1179.917,,,14.0,121.0
2026-08-05 10:33:27.044,899574,134935,149998496,1179.892269,,374.294,0x00,0x00,CURRENT,1,0,OK,0.9,0.9,135.0,150.001,,1179.917,,,14.0,121.0
2026-08-05 10:33:27.245,899328,134900,150000928,1179.917951,,374.495,0x00,0x00,CURRENT,1,0,OK,0.9,0.9,135.0,150.001,,1179.917,,,14.0,121.0
2026-08-05 10:33:27.447,899228,134881,149996928,1179.875712,,374.696,0x00,0x00,CURRENT,1,0,OK,0.9,0.9,135.0,150.001,,1179.917,,,14.0,121.0
2026-08-05 10:33:27.729,899144,134868,149996304,1179.869123,,374.979,0x00,0x00,CURRENT,1,0,OK,0.9,0.9,135.0,150.0,,1179.907,,,14.0,121.0
2026-08-05 10:33:28.045,898978,134848,150001968,1179.928933,,375.294,0x00,0x00,CURRENT,1,0,OK,0.9,0.9,135.0,150.0,,1179.907,,,14.0,121.0
2026-08-05 10:33:28.244,899748,134964,150001920,1179.928426,,375.494,0x00,0x00,CURRENT,1,0,OK,0.9,0.9,135.0,150.0,,1179.907,,,14.0,121.0
2026-08-05 10:33:28.445,900410,135058,149995568,1179.861351,,375.695,0x00,0x00,CURRENT,1,0,OK,0.9,0.9,135.0,150.0,,1179.907,,,14.0,121.0
2026-08-05 10:33:28.729,900841,135120,149993696,1179.841583,,375.979,0x00,0x00,CURRENT,1,0,OK,0.9,0.9,135.0,150.0,,1179.907,,,14.0,121.0
2026-08-05 10:33:29.044,901080,135162,150000128,1179.909503,,376.294,0x00,0x00,CURRENT,1,0,OK,0.9,0.9,135.0,150.0,,1179.907,,,14.0,121.0
2026-08-05 10:33:29.245,900496,135072,149997456,1179.881287,,376.495,0x00,0x00,CURRENT,1,0,OK,0.9,0.9,135.0,150.0,,1179.907,,,14.0,121.0
2026-08-05 10:33:29.445,900057,135009,150000080,1179.908996,,376.695,0x00,0x00,CURRENT,1,0,OK,0.9,0.9,135.0,150.0,,1179.907,,,14.0,121.0
2026-08-05 10:33:29.729,899738,134959,149998192,1179.889059,,376.979,0x00,0x00,CURRENT,1,0,OK,0.9,0.901,135.0,150.002,,1179.925,,,14.0,122.0
2026-08-05 10:33:30.044,899507,134923,149997040,1179.876895,,377.294,0x00,0x00,CURRENT,1,0,OK,0.9,0.901,135.0,150.002,,1179.925,,,14.0,122.0
2026-08-05 10:33:30.245,899372,134903,149996928,1179.875712,,377.495,0x00,0x00,CURRENT,1,0,OK,0.9,0.901,135.0,150.002,,1179.925,,,14.0,122.0
2026-08-05 10:33:30.444,899223,134882,149998304,1179.890242,,377.694,0x00,0x00,CURRENT,1,0,OK,0.9,0.901,135.0,150.002,,1179.925,,,14.0,122.0
2026-08-05 10:33:30.729,899970,134994,149998448,1179.891763,,377.979,0x00,0x00,CURRENT,1,0,OK,0.9,0.901,135.0,150.002,,1179.925,,,14.0,122.0
2026-08-05 10:33:31.045,900474,135073,150001904,1179.928257,,378.295,0x00,0x00,CURRENT,1,0,OK,0.9,0.901,135.0,150.002,,1179.925,,,14.0,122.0
2026-08-05 10:33:31.244,900889,135132,149998608,1179.893452,,378.494,0x00,0x00,CURRENT,1,0,OK,0.9,0.901,135.0,150.002,,1179.925,,,14.0,122.0
2026-08-05 10:33:31.445,901172,135175,149999152,1179.899197,,378.694,0x00,0x00,CURRENT,1,0,OK,0.9,0.901,135.0,150.002,,1179.925,,,14.0,122.0
2026-08-05 10:33:31.729,900602,135092,150001952,1179.928764,,378.979,0x00,0x00,CURRENT,1,0,OK,0.9,0.9,135.0,149.999,,1179.9,,,14.0,122.0
2026-08-05 10:33:32.044,900155,135024,150001024,1179.918964,,379.294,0x00,0x00,CURRENT,1,0,OK,0.9,0.9,135.0,149.999,,1179.9,,,14.0,122.0
2026-08-05 10:33:32.244,899792,134969,150000672,1179.915247,,379.494,0x00,0x00,CURRENT,1,0,OK,0.9,0.9,135.0,149.999,,1179.9,,,14.0,122.0
2026-08-05 10:33:32.445,899558,134931,149997200,1179.878584,,379.695,0x00,0x00,CURRENT,1,0,OK,0.9,0.9,135.0,149.999,,1179.9,,,14.0,122.0
2026-08-05 10:33:32.729,899372,134904,149997456,1179.881287,,379.979,0x00,0x00,CURRENT,1,0,OK,0.9,0.9,135.0,149.999,,1179.9,,,14.0,122.0
2026-08-05 10:33:33.044,899224,134884,150000848,1179.917106,,380.294,0x00,0x00,CURRENT,1,0,OK,0.9,0.9,135.0,149.999,,1179.9,,,14.0,122.0
2026-08-05 10:33:33.244,899989,134997,149998752,1179.894973,,380.494,0x00,0x00,CURRENT,1,0,OK,0.9,0.9,135.0,149.999,,1179.9,,,14.0,122.0
2026-08-05 10:33:33.446,900572,135083,149996784,1179.874191,,380.696,0x00,0x00,CURRENT,1,0,OK,0.9,0.9,135.0,149.999,,1179.9,,,14.0,122.0
2026-08-05 10:33:33.729,900123,135018,149999856,1179.906631,,380.979,0x00,0x00,CURRENT,1,0,OK,0.9,0.9,135.0,149.997,,1179.872,,,14.0,121.0
2026-08-05 10:33:34.045,899824,134970,149995456,1179.860168,,381.295,0x00,0x00,CURRENT,1,0,OK,0.9,0.9,135.0,149.997,,1179.872,,,14.0,121.0
2026-08-05 10:33:34.245,899535,134926,149995552,1179.861182,,381.495,0x00,0x00,CURRENT,1,0,OK,0.9,0.9,135.0,149.997,,1179.872,,,14.0,121.0
2026-08-05 10:33:34.444,899383,134903,149995056,1179.855944,,381.694,0x00,0x00,CURRENT,1,0,OK,0.9,0.9,135.0,149.997,,1179.872,,,14.0,121.0
2026-08-05 10:33:34.729,900127,135011,149990960,1179.812692,,381.979,0x00,0x00,CURRENT,1,0,OK,0.9,0.9,135.0,149.997,,1179.872,,,14.0,121.0
2026-08-05 10:33:35.044,900610,135089,149997008,1179.876557,,382.294,0x00,0x00,CURRENT,1,0,OK,0.9,0.9,135.0,149.997,,1179.872,,,14.0,121.0
2026-08-05 10:33:35.244,901028,135153,149998512,1179.892438,,382.494,0x00,0x00,CURRENT,1,0,OK,0.9,0.9,135.0,149.997,,1179.872,,,14.0,121.0
2026-08-05 10:33:35.445,901323,135196,149996944,1179.875881,,382.694,0x00,0x00,CURRENT,1,0,OK,0.9,0.9,135.0,149.997,,1179.872,,,14.0,121.0
2026-08-05 10:33:35.729,900725,135102,149992784,1179.831953,,382.979,0x00,0x00,CURRENT,1,0,OK,0.9,0.9,135.0,150.001,,1179.921,,,14.0,122.0
2026-08-05 10:33:36.045,900238,135028,149991376,1179.817085,,383.295,0x00,0x00,CURRENT,1,0,OK,0.9,0.9,135.0,150.001,,1179.921,,,14.0,122.0
2026-08-05 10:33:36.245,899948,134984,149991344,1179.816747,,383.495,0x00,0x00,CURRENT,1,0,OK,0.9,0.9,135.0,150.001,,1179.921,,,14.0,122.0
2026-08-05 10:33:36.444,899656,134940,149990944,1179.812523,,383.694,0x00,0x00,CURRENT,1,0,OK,0.9,0.9,135.0,150.001,,1179.921,,,14.0,122.0
2026-08-05 10:33:36.729,899511,134918,149989888,1179.801372,,383.979,0x00,0x00,CURRENT,1,0,OK,0.9,0.9,135.0,150.001,,1179.921,,,14.0,122.0
2026-08-05 10:33:37.045,899319,134889,149990416,1179.806947,,384.295,0x00,0x00,CURRENT,1,0,OK,0.9,0.9,135.0,150.001,,1179.921,,,14.0,122.0
2026-08-05 10:33:37.245,899212,134872,149989088,1179.792924,,384.495,0x00,0x00,CURRENT,1,0,OK,0.9,0.9,135.0,150.001,,1179.921,,,14.0,122.0
2026-08-05 10:33:37.445,899131,134859,149987600,1179.777211,,384.694,0x00,0x00,CURRENT,1,0,OK,0.9,0.9,135.0,150.001,,1179.921,,,14.0,122.0
2026-08-05 10:33:37.729,899882,134976,149992704,1179.831108,,384.979,0x00,0x00,CURRENT,1,0,OK,0.9,0.9,135.0,149.994,,1179.849,,,14.0,121.0
2026-08-05 10:33:38.045,900436,135061,149994768,1179.852903,,385.295,0x00,0x00,CURRENT,1,0,OK,0.9,0.9,135.0,149.994,,1179.849,,,14.0,121.0
2026-08-05 10:33:38.244,900049,135001,149993024,1179.834487,,385.494,0x00,0x00,CURRENT,1,0,OK,0.9,0.9,135.0,149.994,,1179.849,,,14.0,121.0
2026-08-05 10:33:38.444,899760,134959,149994544,1179.850538,,385.694,0x00,0x00,CURRENT,1,0,OK,0.9,0.9,135.0,149.994,,1179.849,,,14.0,121.0
2026-08-05 10:33:38.729,900353,135052,149998736,1179.894804,,385.979,0x00,0x00,CURRENT,1,0,OK,0.9,0.9,135.0,149.994,,1179.849,,,14.0,121.0
2026-08-05 10:33:39.044,900836,135124,149998160,1179.888721,,386.293,0x00,0x00,CURRENT,1,0,OK,0.9,0.9,135.0,149.994,,1179.849,,,14.0,121.0
2026-08-05 10:33:39.243,900349,135048,149994736,1179.852565,,386.493,0x00,0x00,CURRENT,1,0,OK,0.9,0.9,135.0,149.994,,1179.849,,,14.0,121.0
2026-08-05 10:33:39.446,899994,134993,149992944,1179.833642,,386.696,0x00,0x00,CURRENT,1,0,OK,0.9,0.9,135.0,149.994,,1179.849,,,14.0,121.0
2026-08-05 10:33:39.729,899774,134958,149990480,1179.807623,,386.979,0x00,0x00,CURRENT,1,0,OK,0.9,0.9,135.0,149.996,,1179.867,,,14.0,122.0
2026-08-05 10:33:40.044,899535,134926,149995424,1179.859830,,387.294,0x00,0x00,CURRENT,1,0,OK,0.9,0.9,135.0,149.996,,1179.867,,,14.0,122.0
2026-08-05 10:33:40.244,899355,134904,150000928,1179.917951,,387.494,0x00,0x00,CURRENT,1,0,OK,0.9,0.9,135.0,149.996,,1179.867,,,14.0,122.0
2026-08-05 10:33:40.444,899248,134889,150002416,1179.933663,,387.694,0x00,0x00,CURRENT,1,0,OK,0.9,0.9,135.0,149.996,,1179.867,,,14.0,122.0
2026-08-05 10:33:40.729,899960,134998,150004368,1179.954276,,387.979,0x00,0x00,CURRENT,1,0,OK,0.9,0.9,135.0,149.996,,1179.867,,,14.0,122.0
2026-08-05 10:33:41.044,900532,135081,150001440,1179.923357,,388.294,0x00,0x00,CURRENT,1,0,OK,0.9,0.9,135.0,149.996,,1179.867,,,14.0,122.0
2026-08-05 10:33:41.244,900988,135149,150000896,1179.917613,,388.494,0x00,0x00,CURRENT,1,0,OK,0.9,0.9,135.0,149.996,,1179.867,,,14.0,122.0
2026-08-05 10:33:41.445,901265,135190,150000576,1179.914234,,388.694,0x00,0x00,CURRENT,1,0,OK,0.9,0.9,135.0,149.996,,1179.867,,,14.0,122.0
2026-08-05 10:33:41.729,900662,135101,150001760,1179.926736,,388.979,0x00,0x00,CURRENT,1,0,OK,0.9,0.9,135.0,149.998,,1179.892,,,14.0,122.0
2026-08-05 10:33:42.045,900229,135035,150000528,1179.913727,,389.295,0x00,0x00,CURRENT,1,0,OK,0.9,0.9,135.0,149.998,,1179.892,,,14.0,122.0
2026-08-05 10:33:42.244,899922,134987,149998672,1179.894128,,389.494,0x00,0x00,CURRENT,1,0,OK,0.9,0.9,135.0,149.998,,1179.892,,,14.0,122.0
2026-08-05 10:33:42.444,899674,134952,150001040,1179.919133,,389.694,0x00,0x00,CURRENT,1,0,OK,0.9,0.9,135.0,149.998,,1179.892,,,14.0,122.0
2026-08-05 10:33:42.729,899534,134931,150000688,1179.915416,,389.979,0x00,0x00,CURRENT,1,0,OK,0.9,0.9,135.0,149.998,,1179.892,,,14.0,122.0
2026-08-05 10:33:43.045,899410,134910,149997744,1179.884329,,390.295,0x00,0x00,CURRENT,1,0,OK,0.9,0.9,135.0,149.998,,1179.892,,,14.0,122.0
2026-08-05 10:33:43.244,899299,134892,149997136,1179.877908,,390.494,0x00,0x00,CURRENT,1,0,OK,0.9,0.9,135.0,149.998,,1179.892,,,14.0,122.0
2026-08-05 10:33:43.444,899132,134868,149997536,1179.882132,,390.694,0x00,0x00,CURRENT,1,0,OK,0.9,0.9,135.0,149.998,,1179.892,,,14.0,122.0
2026-08-05 10:33:43.729,899053,134855,149996384,1179.869967,,390.979,0x00,0x00,CURRENT,1,0,OK,0.9,0.9,135.0,149.998,,1179.885,,,14.0,121.0
2026-08-05 10:33:44.046,898984,134847,149998896,1179.896493,,391.296,0x00,0x00,CURRENT,1,0,OK,0.9,0.9,135.0,149.998,,1179.885,,,14.0,121.0
2026-08-05 10:33:44.244,899837,134969,149992944,1179.833642,,391.494,0x00,0x00,CURRENT,1,0,OK,0.9,0.9,135.0,149.998,,1179.885,,,14.0,121.0
2026-08-05 10:33:44.445,900439,135063,149996864,1179.875036,,391.695,0x00,0x00,CURRENT,1,0,OK,0.9,0.9,135.0,149.998,,1179.885,,,14.0,121.0
2026-08-05 10:33:44.730,900919,135130,149991840,1179.821984,,391.980,0x00,0x00,CURRENT,1,0,OK,0.9,0.9,135.0,149.998,,1179.885,,,14.0,121.0
2026-08-05 10:33:45.044,901241,135177,149989952,1179.802048,,392.294,0x00,0x00,CURRENT,1,0,OK,0.9,0.9,135.0,149.998,,1179.885,,,14.0,121.0
2026-08-05 10:33:45.244,900654,135090,149991072,1179.813874,,392.494,0x00,0x00,CURRENT,1,0,OK,0.9,0.9,135.0,149.998,,1179.885,,,14.0,121.0
2026-08-05 10:33:45.447,900176,135023,149995808,1179.863885,,392.697,0x00,0x00,CURRENT,1,0,OK,0.9,0.9,135.0,149.998,,1179.885,,,14.0,121.0
2026-08-05 10:33:45.730,899836,134969,149992912,1179.833304,,392.980,0x00,0x00,CURRENT,1,0,OK,0.9,0.901,135.0,149.998,,1179.887,,,14.0,122.0
2026-08-05 10:33:46.045,899627,134936,149991280,1179.816071,,393.295,0x00,0x00,CURRENT,1,0,OK,0.9,0.901,135.0,149.998,,1179.887,,,14.0,122.0
2026-08-05 10:33:46.244,899462,134908,149987472,1179.775860,,393.494,0x00,0x00,CURRENT,1,0,OK,0.9,0.901,135.0,149.998,,1179.887,,,14.0,122.0
2026-08-05 10:33:46.444,899272,134884,149992496,1179.828911,,393.694,0x00,0x00,CURRENT,1,0,OK,0.9,0.901,135.0,149.998,,1179.887,,,14.0,122.0
2026-08-05 10:33:46.730,899969,134994,149998832,1179.895817,,393.980,0x00,0x00,CURRENT,1,0,OK,0.9,0.901,135.0,149.998,,1179.887,,,14.0,122.0
2026-08-05 10:33:47.044,900557,135081,149996992,1179.876388,,394.294,0x00,0x00,CURRENT,1,0,OK,0.9,0.901,135.0,149.998,,1179.887,,,14.0,122.0
2026-08-05 10:33:47.245,900168,135021,149995008,1179.855437,,394.495,0x00,0x00,CURRENT,1,0,OK,0.9,0.901,135.0,149.998,,1179.887,,,14.0,122.0
2026-08-05 10:33:47.444,899868,134977,149996240,1179.868447,,394.694,0x00,0x00,CURRENT,1,0,OK,0.9,0.901,135.0,149.998,,1179.887,,,14.0,122.0
2026-08-05 10:33:47.730,899670,134946,149994528,1179.850369,,394.980,0x00,0x00,CURRENT,1,0,OK,0.9,0.9,135.0,149.999,,1179.895,,,14.0,122.0
2026-08-05 10:33:48.045,899494,134919,149994880,1179.854086,,395.295,0x00,0x00,CURRENT,1,0,OK,0.9,0.9,135.0,149.999,,1179.895,,,14.0,122.0
2026-08-05 10:33:48.245,900182,135027,149999488,1179.902745,,395.495,0x00,0x00,CURRENT,1,0,OK,0.9,0.9,135.0,149.999,,1179.895,,,14.0,122.0
2026-08-05 10:33:48.444,900726,135108,149998928,1179.896831,,395.694,0x00,0x00,CURRENT,1,0,OK,0.9,0.9,135.0,149.999,,1179.895,,,14.0,122.0
2026-08-05 10:33:48.730,900258,135039,150000688,1179.915416,,395.980,0x00,0x00,CURRENT,1,0,OK,0.9,0.9,135.0,149.999,,1179.895,,,14.0,122.0
2026-08-05 10:33:49.045,899934,134990,149999680,1179.904772,,396.295,0x00,0x00,CURRENT,1,0,OK,0.9,0.9,135.0,149.999,,1179.895,,,14.0,122.0
2026-08-05 10:33:49.244,899692,134955,150000912,1179.917782,,396.494,0x00,0x00,CURRENT,1,0,OK,0.9,0.9,135.0,149.999,,1179.895,,,14.0,122.0
2026-08-05 10:33:49.447,899482,134925,150003024,1179.940084,,396.696,0x00,0x00,CURRENT,1,0,OK,0.9,0.9,135.0,149.999,,1179.895,,,14.0,122.0
2026-08-05 10:33:49.730,900183,135031,150004528,1179.955965,,396.979,0x00,0x00,CURRENT,1,0,OK,0.9,0.9,135.0,149.997,,1179.872,,,14.0,121.0
2026-08-05 10:33:50.044,900717,135109,150001952,1179.928764,,397.294,0x00,0x00,CURRENT,1,0,OK,0.9,0.9,135.0,149.997,,1179.872,,,14.0,121.0
2026-08-05 10:33:50.357,919098,137870,150005888,1179.970327,,397.607,0x00,0x00,CURRENT,1,0,OK,1.0,0.9,135.0,149.997,,1179.872,,,14.0,121.0
2026-08-05 10:33:50.644,919126,137875,150006208,1179.973706,,397.894,0x00,0x00,CURRENT,1,0,OK,1.0,0.9,135.0,149.997,,1179.872,,,14.0,121.0
2026-08-05 10:33:50.857,923331,138501,150001248,1179.921330,,398.107,0x00,0x00,CURRENT,1,0,OK,1.0,0.9,135.0,149.997,,1179.872,,,14.0,121.0
2026-08-05 10:33:51.045,926449,138969,150002144,1179.930791,,398.295,0x00,0x00,CURRENT,1,0,OK,1.0,0.9,135.0,149.997,,1179.872,,,14.0,121.0
2026-08-05 10:33:51.245,928824,139325,150001952,1179.928764,,398.494,0x00,0x00,CURRENT,1,0,OK,1.0,0.9,135.0,149.997,,1179.872,,,14.0,121.0
2026-08-05 10:33:51.447,933951,140095,150002384,1179.933325,,398.697,0x00,0x00,CURRENT,1,0,OK,1.0,0.9,135.0,149.997,,1179.872,,,14.0,121.0
2026-08-05 10:33:51.645,937834,140679,150004560,1179.956303,,398.895,0x00,0x00,CURRENT,1,0,OK,1.0,0.912,137.0,150.002,,1179.926,,,15.0,125.0
2026-08-05 10:33:51.929,944978,141750,150003200,1179.941942,,399.179,0x00,0x00,CURRENT,1,0,OK,1.0,0.912,137.0,150.002,,1179.926,,,15.0,125.0
2026-08-05 10:33:52.245,950289,142547,150003744,1179.947687,,399.495,0x00,0x00,CURRENT,1,0,OK,1.0,0.912,137.0,150.002,,1179.926,,,15.0,125.0
2026-08-05 10:33:52.445,956863,143532,150002304,1179.932481,,399.694,0x00,0x00,CURRENT,1,0,OK,1.0,0.912,137.0,150.002,,1179.926,,,15.0,125.0
2026-08-05 10:33:52.645,961729,144262,150002384,1179.933325,,399.895,0x00,0x00,CURRENT,1,0,OK,1.0,0.912,137.0,150.002,,1179.926,,,15.0,125.0
2026-08-05 10:33:52.929,967969,145196,150000928,1179.917951,,400.179,0x00,0x00,CURRENT,1,0,OK,1.0,0.912,137.0,150.002,,1179.926,,,15.0,125.0
2026-08-05 10:33:53.245,972622,145893,150000016,1179.908320,,400.494,0x00,0x00,CURRENT,1,0,OK,1.0,0.912,137.0,150.002,,1179.926,,,15.0,125.0
2026-08-05 10:33:53.444,977835,146672,149996256,1179.868616,,400.693,0x00,0x00,CURRENT,1,0,OK,1.0,0.912,137.0,150.002,,1179.926,,,15.0,125.0
2026-08-05 10:33:53.644,981755,147258,149994640,1179.851551,,400.894,0x00,0x00,CURRENT,1,0,OK,1.0,0.954,143.0,150.002,,1179.932,,,16.0,137.0
2026-08-05 10:33:53.929,986409,147953,149991984,1179.823505,,401.179,0x00,0x00,CURRENT,1,0,OK,1.0,0.954,143.0,150.002,,1179.932,,,16.0,137.0
2026-08-05 10:33:54.244,989863,148477,149997312,1179.879767,,401.494,0x00,0x00,CURRENT,1,0,OK,1.0,0.954,143.0,150.002,,1179.932,,,16.0,137.0
2026-08-05 10:33:54.444,994131,149117,149997616,1179.882977,,401.694,0x00,0x00,CURRENT,1,0,OK,1.0,0.954,143.0,150.002,,1179.932,,,16.0,137.0
2026-08-05 10:33:54.644,997323,149597,149998512,1179.892438,,401.894,0x00,0x00,CURRENT,1,0,OK,1.0,0.954,143.0,150.002,,1179.932,,,16.0,137.0
2026-08-05 10:33:54.929,1000527,150078,149999088,1179.898521,,402.179,0x00,0x00,CURRENT,1,0,OK,1.0,0.954,143.0,150.002,,1179.932,,,16.0,137.0
2026-08-05 10:33:55.244,1002921,150438,149999440,1179.902238,,402.494,0x00,0x00,CURRENT,1,0,OK,1.0,0.954,143.0,150.002,,1179.932,,,16.0,137.0
2026-08-05 10:33:55.447,1004726,150708,149999344,1179.901224,,402.697,0x00,0x00,CURRENT,1,0,OK,1.0,0.954,143.0,150.002,,1179.932,,,16.0,137.0
2026-08-05 10:33:55.645,1006098,150915,150000496,1179.913389,,402.895,0x00,0x00,CURRENT,1,0,OK,1.0,0.989,148.0,149.999,,1179.893,,,17.0,147.0
2026-08-05 10:33:55.929,1007948,151192,149999440,1179.902238,,403.179,0x00,0x00,CURRENT,1,0,OK,1.0,0.989,148.0,149.999,,1179.893,,,17.0,147.0
2026-08-05 10:33:56.245,1009326,151398,149999136,1179.899028,,403.495,0x00,0x00,CURRENT,1,0,OK,1.0,0.989,148.0,149.999,,1179.893,,,17.0,147.0
2026-08-05 10:33:56.445,1010312,151549,150002576,1179.935353,,403.695,0x00,0x00,CURRENT,1,0,OK,1.0,0.989,148.0,149.999,,1179.893,,,17.0,147.0
2026-08-05 10:33:56.645,1011109,151667,150000240,1179.910686,,403.895,0x00,0x00,CURRENT,1,0,OK,1.0,0.989,148.0,149.999,,1179.893,,,17.0,147.0
2026-08-05 10:33:56.929,1011687,151754,150000832,1179.916937,,404.179,0x00,0x00,CURRENT,1,0,OK,1.0,0.989,148.0,149.999,,1179.893,,,17.0,147.0
2026-08-05 10:33:57.245,1012130,151820,150000032,1179.908489,,404.495,0x00,0x00,CURRENT,1,0,OK,1.0,0.989,148.0,149.999,,1179.893,,,17.0,147.0
2026-08-05 10:33:57.445,1011614,151741,149998992,1179.897507,,404.694,0x00,0x00,CURRENT,1,0,OK,1.0,0.989,148.0,149.999,,1179.893,,,17.0,147.0
2026-08-05 10:33:57.644,1011218,151680,149997376,1179.880443,,404.894,0x00,0x00,CURRENT,1,0,OK,1.0,1.005,151.0,150.0,,1179.911,,,17.0,152.0
2026-08-05 10:33:57.929,1010930,151635,149995968,1179.865575,,405.178,0x00,0x00,CURRENT,1,0,OK,1.0,1.005,151.0,150.0,,1179.911,,,17.0,152.0
2026-08-05 10:33:58.245,1010733,151603,149993344,1179.837866,,405.495,0x00,0x00,CURRENT,1,0,OK,1.0,1.005,151.0,150.0,,1179.911,,,17.0,152.0
2026-08-05 10:33:58.444,1010557,151576,149992400,1179.827898,,405.694,0x00,0x00,CURRENT,1,0,OK,1.0,1.005,151.0,150.0,,1179.911,,,17.0,152.0
2026-08-05 10:33:58.645,1010406,151556,149994592,1179.851044,,405.895,0x00,0x00,CURRENT,1,0,OK,1.0,1.005,151.0,150.0,,1179.911,,,17.0,152.0
2026-08-05 10:33:58.929,1009427,151413,149998592,1179.893283,,406.179,0x00,0x00,CURRENT,1,0,OK,1.0,1.005,151.0,150.0,,1179.911,,,17.0,152.0
2026-08-05 10:33:59.245,1008748,151312,150000240,1179.910686,,406.494,0x00,0x00,CURRENT,1,0,OK,1.0,1.005,151.0,150.0,,1179.911,,,17.0,152.0
2026-08-05 10:33:59.445,1008210,151230,149998208,1179.889228,,406.694,0x00,0x00,CURRENT,1,0,OK,1.0,1.005,151.0,150.0,,1179.911,,,17.0,152.0
2026-08-05 10:33:59.644,1007854,151172,149993904,1179.843779,,406.894,0x00,0x00,CURRENT,1,0,OK,1.0,1.008,151.0,150.001,,1179.916,,,17.0,152.0
2026-08-05 10:33:59.929,1006711,151003,149996032,1179.866250,,407.179,0x00,0x00,CURRENT,1,0,OK,1.0,1.008,151.0,150.001,,1179.916,,,17.0,152.0
2026-08-05 10:34:00.244,1005863,150878,149998448,1179.891763,,407.494,0x00,0x00,CURRENT,1,0,OK,1.0,1.008,151.0,150.001,,1179.916,,,17.0,152.0
2026-08-05 10:34:00.445,1005208,150777,149995760,1179.863378,,407.694,0x00,0x00,CURRENT,1,0,OK,1.0,1.008,151.0,150.001,,1179.916,,,17.0,152.0
2026-08-05 10:34:00.645,1004708,150700,149994096,1179.845807,,407.895,0x00,0x00,CURRENT,1,0,OK,1.0,1.008,151.0,150.001,,1179.916,,,17.0,152.0
2026-08-05 10:34:00.929,1004370,150648,149992336,1179.827222,,408.179,0x00,0x00,CURRENT,1,0,OK,1.0,1.008,151.0,150.001,,1179.916,,,17.0,152.0
2026-08-05 10:34:01.244,1004079,150607,149995120,1179.856620,,408.494,0x00,0x00,CURRENT,1,0,OK,1.0,1.008,151.0,150.001,,1179.916,,,17.0,152.0
2026-08-05 10:34:01.447,1003078,150456,149994736,1179.852565,,408.697,0x00,0x00,CURRENT,1,0,OK,1.0,1.008,151.0,150.001,,1179.916,,,17.0,152.0
2026-08-05 10:34:01.645,1002290,150339,149995856,1179.864392,,408.895,0x00,0x00,CURRENT,1,0,OK,1.0,1.005,151.0,150.0,,1179.909,,,16.0,151.0
2026-08-05 10:34:01.929,1001671,150250,149999392,1179.901731,,409.178,0x00,0x00,CURRENT,1,0,OK,1.0,1.005,151.0,150.0,,1179.909,,,16.0,151.0
2026-08-05 10:34:02.245,1001235,150183,149998016,1179.887201,,409.495,0x00,0x00,CURRENT,1,0,OK,1.0,1.005,151.0,150.0,,1179.909,,,16.0,151.0
2026-08-05 10:34:02.444,1000907,150135,149998624,1179.893621,,409.694,0x00,0x00,CURRENT,1,0,OK,1.0,1.005,151.0,150.0,,1179.909,,,16.0,151.0
2026-08-05 10:34:02.644,1000615,150094,150001568,1179.924709,,409.893,0x00,0x00,CURRENT,1,0,OK,1.0,1.005,151.0,150.0,,1179.909,,,16.0,151.0
2026-08-05 10:34:02.929,1000387,150059,150001296,1179.921837,,410.179,0x00,0x00,CURRENT,1,0,OK,1.0,1.005,151.0,150.0,,1179.909,,,16.0,151.0
2026-08-05 10:34:03.244,1000300,150045,149999728,1179.905279,,410.494,0x00,0x00,CURRENT,1,0,OK,1.0,1.005,151.0,150.0,,1179.909,,,16.0,151.0
2026-08-05 10:34:03.445,1000188,150026,149997600,1179.882808,,410.694,0x00,0x00,CURRENT,1,0,OK,1.0,1.005,151.0,150.0,,1179.909,,,16.0,151.0
2026-08-05 10:34:03.645,1000131,150020,150000048,1179.908658,,410.895,0x00,0x00,CURRENT,1,0,OK,1.0,1.001,150.0,149.998,,1179.887,,,16.0,150.0
2026-08-05 10:34:03.929,1000071,150011,150000800,1179.916599,,411.178,0x00,0x00,CURRENT,1,0,OK,1.0,1.001,150.0,149.998,,1179.887,,,16.0,150.0
2026-08-05 10:34:04.244,1000025,150002,149998496,1179.892269,,411.493,0x00,0x00,CURRENT,1,0,OK,1.0,1.001,150.0,149.998,,1179.887,,,16.0,150.0
2026-08-05 10:34:04.444,999972,149992,149996000,1179.865913,,411.693,0x00,0x00,CURRENT,1,0,OK,1.0,1.001,150.0,149.998,,1179.887,,,16.0,150.0
2026-08-05 10:34:04.645,999961,149992,149997408,1179.880781,,411.894,0x00,0x00,CURRENT,1,0,OK,1.0,1.001,150.0,149.998,,1179.887,,,16.0,150.0
2026-08-05 10:34:04.929,999943,149989,149998064,1179.887708,,412.178,0x00,0x00,CURRENT,1,0,OK,1.0,1.001,150.0,149.998,,1179.887,,,16.0,150.0
2026-08-05 10:34:05.245,999938,149989,149997888,1179.885849,,412.495,0x00,0x00,CURRENT,1,0,OK,1.0,1.001,150.0,149.998,,1179.887,,,16.0,150.0
2026-08-05 10:34:05.445,999935,149987,149996432,1179.870474,,412.695,0x00,0x00,CURRENT,1,0,OK,1.0,1.001,150.0,149.998,,1179.887,,,16.0,150.0
2026-08-05 10:34:05.644,999933,149985,149995472,1179.860337,,412.894,0x00,0x00,CURRENT,1,0,OK,1.0,1.0,150.0,149.995,,1179.856,,,16.0,150.0
2026-08-05 10:34:05.929,999894,149980,149996176,1179.867771,,413.178,0x00,0x00,CURRENT,1,0,OK,1.0,1.0,150.0,149.995,,1179.856,,,16.0,150.0
2026-08-05 10:34:06.245,999874,149981,149999792,1179.905955,,413.495,0x00,0x00,CURRENT,1,0,OK,1.0,1.0,150.0,149.995,,1179.856,,,16.0,150.0
2026-08-05 10:34:06.445,999868,149981,150001088,1179.919640,,413.694,0x00,0x00,CURRENT,1,0,OK,1.0,1.0,150.0,149.995,,1179.856,,,16.0,150.0
2026-08-05 10:34:06.645,999901,149985,149999472,1179.902576,,413.894,0x00,0x00,CURRENT,1,0,OK,1.0,1.0,150.0,149.995,,1179.856,,,16.0,150.0
2026-08-05 10:34:06.929,999898,149985,150000352,1179.911868,,414.178,0x00,0x00,CURRENT,1,0,OK,1.0,1.0,150.0,149.995,,1179.856,,,16.0,150.0
2026-08-05 10:34:07.245,999924,149986,149997264,1179.879260,,414.494,0x00,0x00,CURRENT,1,0,OK,1.0,1.0,150.0,149.995,,1179.856,,,16.0,150.0
2026-08-05 10:34:07.444,999924,149987,149998656,1179.893959,,414.694,0x00,0x00,CURRENT,1,0,OK,1.0,1.0,150.0,149.995,,1179.856,,,16.0,150.0
2026-08-05 10:34:07.644,999831,149975,150000672,1179.915247,,414.893,0x00,0x00,CURRENT,1,0,OK,1.0,1.0,150.0,150.0,,1179.903,,,16.0,150.0
2026-08-05 10:34:07.929,999808,149972,150001152,1179.920316,,415.178,0x00,0x00,CURRENT,1,0,OK,1.0,1.0,150.0,150.0,,1179.903,,,16.0,150.0
2026-08-05 10:34:08.246,999866,149980,150000528,1179.913727,,415.496,0x00,0x00,CURRENT,1,0,OK,1.0,1.0,150.0,150.0,,1179.903,,,16.0,150.0
2026-08-05 10:34:08.445,999909,149987,150001088,1179.919640,,415.694,0x00,0x00,CURRENT,1,0,OK,1.0,1.0,150.0,150.0,,1179.903,,,16.0,150.0
2026-08-05 10:34:08.644,999913,149991,150004048,1179.950897,,415.893,0x00,0x00,CURRENT,1,0,OK,1.0,1.0,150.0,150.0,,1179.903,,,16.0,150.0
2026-08-05 10:34:08.930,999916,149991,150003424,1179.944308,,416.179,0x00,0x00,CURRENT,1,0,OK,1.0,1.0,150.0,150.0,,1179.903,,,16.0,150.0
2026-08-05 10:34:09.245,999956,149991,149997824,1179.885173,,416.494,0x00,0x00,CURRENT,1,0,OK,1.0,1.0,150.0,150.0,,1179.903,,,16.0,150.0
2026-08-05 10:34:09.445,999948,149994,150001760,1179.926736,,416.695,0x00,0x00,CURRENT,1,0,OK,1.0,1.0,150.0,150.0,,1179.903,,,16.0,150.0
2026-08-05 10:34:09.644,999971,149996,150000368,1179.912037,,416.893,0x00,0x00,CURRENT,1,0,OK,1.0,1.0,150.0,149.995,,1179.856,,,16.0,150.0
2026-08-05 10:34:09.930,999969,149994,149998832,1179.895817,,417.179,0x00,0x00,CURRENT,1,0,OK,1.0,1.0,150.0,149.995,,1179.856,,,16.0,150.0
2026-08-05 10:34:10.244,999986,149997,149998768,1179.895142,,417.493,0x00,0x00,CURRENT,1,0,OK,1.0,1.0,150.0,149.995,,1179.856,,,16.0,150.0
2026-08-05 10:34:10.445,1000027,150000,149995552,1179.861182,,417.695,0x00,0x00,CURRENT,1,0,OK,1.0,1.0,150.0,149.995,,1179.856,,,16.0,150.0
2026-08-05 10:34:10.645,1000011,150000,149998064,1179.887708,,417.894,0x00,0x00,CURRENT,1,0,OK,1.0,1.0,150.0,149.995,,1179.856,,,16.0,150.0
2026-08-05 10:34:10.930,999934,149996,150005536,1179.966610,,418.179,0x00,0x00,CURRENT,1,0,OK,1.0,1.0,150.0,149.995,,1179.856,,,16.0,150.0
2026-08-05 10:34:11.245,999969,149994,149998960,1179.897169,,418.494,0x00,0x00,CURRENT,1,0,OK,1.0,1.0,150.0,149.995,,1179.856,,,16.0,150.0
2026-08-05 10:34:11.447,999967,149995,149999872,1179.906800,,418.697,0x00,0x00,CURRENT,1,0,OK,1.0,1.0,150.0,149.995,,1179.856,,,16.0,150.0
2026-08-05 10:34:11.645,999966,149996,150001152,1179.920316,,418.895,0x00,0x00,CURRENT,1,0,OK,1.0,1.0,150.0,149.993,,1179.834,,,16.0,150.0
2026-08-05 10:34:11.930,999956,149993,149999488,1179.902745,,419.180,0x00,0x00,CURRENT,1,0,OK,1.0,1.0,150.0,149.993,,1179.834,,,16.0,150.0
2026-08-05 10:34:12.245,999995,149998,149998400,1179.891256,,419.494,0x00,0x00,CURRENT,1,0,OK,1.0,1.0,150.0,149.993,,1179.834,,,16.0,150.0
2026-08-05 10:34:12.445,999987,149995,149997200,1179.878584,,419.694,0x00,0x00,CURRENT,1,0,OK,1.0,1.0,150.0,149.993,,1179.834,,,16.0,150.0
2026-08-05 10:34:12.646,999972,149992,149995760,1179.863378,,419.895,0x00,0x00,CURRENT,1,0,OK,1.0,1.0,150.0,149.993,,1179.834,,,16.0,150.0
2026-08-05 10:34:12.930,999932,149987,149997088,1179.877401,,420.179,0x00,0x00,CURRENT,1,0,OK,1.0,1.0,150.0,149.993,,1179.834,,,16.0,150.0
2026-08-05 10:34:13.246,999893,149986,150001568,1179.924709,,420.495,0x00,0x00,CURRENT,1,0,OK,1.0,1.0,150.0,149.993,,1179.834,,,16.0,150.0
2026-08-05 10:34:13.445,999883,149980,149997648,1179.883315,,420.695,0x00,0x00,CURRENT,1,0,OK,1.0,1.0,150.0,149.993,,1179.834,,,16.0,150.0
2026-08-05 10:34:13.645,999931,149990,150000384,1179.912206,,420.894,0x00,0x00,CURRENT,1,0,OK,1.0,1.0,150.0,150.004,,1179.952,,,16.0,150.0
2026-08-05 10:34:13.930,999939,149990,149999584,1179.903758,,421.179,0x00,0x00,CURRENT,1,0,OK,1.0,1.0,150.0,150.004,,1179.952,,,16.0,150.0
2026-08-05 10:34:14.245,999991,149996,149996800,1179.874360,,421.494,0x00,0x00,CURRENT,1,0,OK,1.0,1.0,150.0,150.004,,1179.952,,,16.0,150.0
2026-08-05 10:34:14.446,1000003,149997,149996208,1179.868109,,421.695,0x00,0x00,CURRENT,1,0,OK,1.0,1.0,150.0,150.004,,1179.952,,,16.0,150.0
2026-08-05 10:34:14.645,999993,149999,150000496,1179.913389,,421.894,0x00,0x00,CURRENT,1,0,OK,1.0,1.0,150.0,150.004,,1179.952,,,16.0,150.0
2026-08-05 10:34:14.930,999976,149997,150000592,1179.914403,,422.179,0x00,0x00,CURRENT,1,0,OK,1.0,1.0,150.0,150.004,,1179.952,,,16.0,150.0
2026-08-05 10:34:15.245,1000001,149999,149998688,1179.894297,,422.494,0x00,0x00,CURRENT,1,0,OK,1.0,1.0,150.0,150.004,,1179.952,,,16.0,150.0
2026-08-05 10:34:15.445,1000029,150003,149998400,1179.891256,,422.695,0x00,0x00,CURRENT,1,0,OK,1.0,1.0,150.0,150.004,,1179.952,,,16.0,150.0
2026-08-05 10:34:15.645,1000022,150000,149997008,1179.876557,,422.894,0x00,0x00,CURRENT,1,0,OK,1.0,1.0,150.0,150.001,,1179.917,,,16.0,150.0
2026-08-05 10:34:15.930,1000035,150002,149997200,1179.878584,,423.179,0x00,0x00,CURRENT,1,0,OK,1.0,1.0,150.0,150.001,,1179.917,,,16.0,150.0
2026-08-05 10:34:16.244,1000017,149999,149996304,1179.869123,,423.493,0x00,0x00,CURRENT,1,0,OK,1.0,1.0,150.0,150.001,,1179.917,,,16.0,150.0
2026-08-05 10:34:16.443,999985,149997,149998864,1179.896155,,423.693,0x00,0x00,CURRENT,1,0,OK,1.0,1.0,150.0,150.001,,1179.917,,,16.0,150.0
2026-08-05 10:34:16.644,999942,149990,149998816,1179.895649,,423.893,0x00,0x00,CURRENT,1,0,OK,1.0,1.0,150.0,150.001,,1179.917,,,16.0,150.0
2026-08-05 10:34:16.930,999975,149990,149993760,1179.842259,,424.179,0x00,0x00,CURRENT,1,0,OK,1.0,1.0,150.0,150.001,,1179.917,,,16.0,150.0
2026-08-05 10:34:17.245,1000009,149996,149994704,1179.852227,,424.494,0x00,0x00,CURRENT,1,0,OK,1.0,1.0,150.0,150.001,,1179.917,,,16.0,150.0
2026-08-05 10:34:17.448,1000044,150001,149994784,1179.853072,,424.697,0x00,0x00,CURRENT,1,0,OK,1.0,1.0,150.0,150.001,,1179.917,,,16.0,150.0
2026-08-05 10:34:17.644,1000005,150000,149999216,1179.899872,,424.893,0x00,0x00,CURRENT,1,0,OK,1.0,1.0,150.0,149.998,,1179.887,,,16.0,150.0
2026-08-05 10:34:17.930,1000023,150000,149996624,1179.872502,,425.179,0x00,0x00,CURRENT,1,0,OK,1.0,1.0,150.0,149.998,,1179.887,,,16.0,150.0
2026-08-05 10:34:18.245,1000064,150007,149997808,1179.885004,,425.494,0x00,0x00,CURRENT,1,0,OK,1.0,1.0,150.0,149.998,,1179.887,,,16.0,150.0
2026-08-05 10:34:18.446,1000104,150016,150000736,1179.915923,,425.695,0x00,0x00,CURRENT,1,0,OK,1.0,1.0,150.0,149.998,,1179.887,,,16.0,150.0
2026-08-05 10:34:18.645,1000087,150012,149998528,1179.892607,,425.894,0x00,0x00,CURRENT,1,0,OK,1.0,1.0,150.0,149.998,,1179.887,,,16.0,150.0
2026-08-05 10:34:18.930,1000112,150010,149993248,1179.836852,,426.179,0x00,0x00,CURRENT,1,0,OK,1.0,1.0,150.0,149.998,,1179.887,,,16.0,150.0
2026-08-05 10:34:19.245,1000121,150009,149990400,1179.806778,,426.494,0x00,0x00,CURRENT,1,0,OK,1.0,1.0,150.0,149.998,,1179.887,,,16.0,150.0
2026-08-05 10:34:19.447,1000110,150008,149991344,1179.816747,,426.696,0x00,0x00,CURRENT,1,0,OK,1.0,1.0,150.0,149.998,,1179.887,,,16.0,150.0
2026-08-05 10:34:19.644,1000092,150010,149995840,1179.864223,,426.894,0x00,0x00,CURRENT,1,0,OK,1.0,1.0,150.0,150.001,,1179.922,,,16.0,150.0
2026-08-05 10:34:19.930,1000087,150010,149996624,1179.872502,,427.179,0x00,0x00,CURRENT,1,0,OK,1.0,1.0,150.0,150.001,,1179.922,,,16.0,150.0
2026-08-05 10:34:20.245,1000047,150005,149998192,1179.889059,,427.494,0x00,0x00,CURRENT,1,0,OK,1.0,1.0,150.0,150.001,,1179.922,,,16.0,150.0
2026-08-05 10:34:20.445,1000035,150002,149996976,1179.876219,,427.694,0x00,0x00,CURRENT,1,0,OK,1.0,1.0,150.0,150.001,,1179.922,,,16.0,150.0
2026-08-05 10:34:20.645,999961,149995,150000352,1179.911868,,427.894,0x00,0x00,CURRENT,1,0,OK,1.0,1.0,150.0,150.001,,1179.922,,,16.0,150.0
2026-08-05 10:34:20.929,999999,149997,149997408,1179.880781,,428.179,0x00,0x00,CURRENT,1,0,OK,1.0,1.0,150.0,150.001,,1179.922,,,16.0,150.0
2026-08-05 10:34:21.244,1000027,150003,149999088,1179.898521,,428.493,0x00,0x00,CURRENT,1,0,OK,1.0,1.0,150.0,150.001,,1179.922,,,16.0,150.0
2026-08-05 10:34:21.447,1000076,150007,149995264,1179.858141,,428.696,0x00,0x00,CURRENT,1,0,OK,1.0,1.0,150.0,150.001,,1179.922,,,16.0,150.0
2026-08-05 10:34:21.646,1000048,150004,149996800,1179.874360,,428.895,0x00,0x00,CURRENT,1,0,OK,1.0,1.0,150.0,149.999,,1179.901,,,16.0,150.0
2026-08-05 10:34:21.930,1000027,150003,149998544,1179.892776,,429.179,0x00,0x00,CURRENT,1,0,OK,1.0,1.0,150.0,149.999,,1179.901,,,16.0,150.0
2026-08-05 10:34:22.244,1000029,150003,149998560,1179.892945,,429.493,0x00,0x00,CURRENT,1,0,OK,1.0,1.0,150.0,149.999,,1179.901,,,16.0,150.0
2026-08-05 10:34:22.445,1000013,150002,149999584,1179.903758,,429.694,0x00,0x00,CURRENT,1,0,OK,1.0,1.0,150.0,149.999,,1179.901,,,16.0,150.0
2026-08-05 10:34:22.646,999991,149999,150000688,1179.915416,,429.895,0x00,0x00,CURRENT,1,0,OK,1.0,1.0,150.0,149.999,,1179.901,,,16.0,150.0
2026-08-05 10:34:22.930,1000012,149999,149996816,1179.874529,,430.179,0x00,0x00,CURRENT,1,0,OK,1.0,1.0,150.0,149.999,,1179.901,,,16.0,150.0
2026-08-05 10:34:23.245,1000028,150000,149996000,1179.865913,,430.494,0x00,0x00,CURRENT,1,0,OK,1.0,1.0,150.0,149.999,,1179.901,,,16.0,150.0
2026-08-05 10:34:23.447,1000002,149997,149996368,1179.869798,,430.697,0x00,0x00,CURRENT,1,0,OK,1.0,1.0,150.0,149.999,,1179.901,,,16.0,150.0
2026-08-05 10:34:23.645,1000020,149998,149994768,1179.852903,,430.894,0x00,0x00,CURRENT,1,0,OK,1.0,1.0,150.0,149.997,,1179.876,,,16.0,150.0
2026-08-05 10:34:23.930,1000006,149999,149998208,1179.889228,,431.179,0x00,0x00,CURRENT,1,0,OK,1.0,1.0,150.0,149.997,,1179.876,,,16.0,150.0
2026-08-05 10:34:24.246,1000051,150002,149994656,1179.851720,,431.495,0x00,0x00,CURRENT,1,0,OK,1.0,1.0,150.0,149.997,,1179.876,,,16.0,150.0
2026-08-05 10:34:24.445,1000113,150011,149994224,1179.847159,,431.694,0x00,0x00,CURRENT,1,0,OK,1.0,1.0,150.0,149.997,,1179.876,,,16.0,150.0
2026-08-05 10:34:24.646,1000076,150009,149997952,1179.886525,,431.895,0x00,0x00,CURRENT,1,0,OK,1.0,1.0,150.0,149.997,,1179.876,,,16.0,150.0
2026-08-05 10:34:24.930,1000057,150006,149997392,1179.880612,,432.179,0x00,0x00,CURRENT,1,0,OK,1.0,1.0,150.0,149.997,,1179.876,,,16.0,150.0
2026-08-05 10:34:25.246,1000052,150004,149996496,1179.871150,,432.495,0x00,0x00,CURRENT,1,0,OK,1.0,1.0,150.0,149.997,,1179.876,,,16.0,150.0
2026-08-05 10:34:25.447,1000020,150003,150000160,1179.909841,,432.696,0x00,0x00,CURRENT,1,0,OK,1.0,1.0,150.0,149.997,,1179.876,,,16.0,150.0
2026-08-05 10:34:25.644,1000025,150002,149998416,1179.891425,,432.894,0x00,0x00,CURRENT,1,0,OK,1.0,1.0,150.0,150.001,,1179.92,,,16.0,150.0
2026-08-05 10:34:25.930,1000019,150005,150002560,1179.935184,,433.179,0x00,0x00,CURRENT,1,0,OK,1.0,1.0,150.0,150.001,,1179.92,,,16.0,150.0
2026-08-05 10:34:26.245,1000033,150008,150003312,1179.943125,,433.495,0x00,0x00,CURRENT,1,0,OK,1.0,1.0,150.0,150.001,,1179.92,,,16.0,150.0
2026-08-05 10:34:26.445,1000062,150011,150002112,1179.930453,,433.694,0x00,0x00,CURRENT,1,0,OK,1.0,1.0,150.0,150.001,,1179.92,,,16.0,150.0
2026-08-05 10:34:26.645,1000047,150012,150004720,1179.957993,,433.894,0x00,0x00,CURRENT,1,0,OK,1.0,1.0,150.0,150.001,,1179.92,,,16.0,150.0
2026-08-05 10:34:26.930,999988,150002,150004256,1179.953093,,434.179,0x00,0x00,CURRENT,1,0,OK,1.0,1.0,150.0,150.001,,1179.92,,,16.0,150.0
2026-08-05 10:34:27.244,1000075,150011,150000176,1179.910010,,434.494,0x00,0x00,CURRENT,1,0,OK,1.0,1.0,150.0,150.001,,1179.92,,,16.0,150.0
2026-08-05 10:34:27.447,1000084,150010,149996976,1179.876219,,434.697,0x00,0x00,CURRENT,1,0,OK,1.0,1.0,150.0,150.001,,1179.92,,,16.0,150.0
2026-08-05 10:34:27.645,1000045,150002,149995760,1179.863378,,434.894,0x00,0x00,CURRENT,1,0,OK,1.0,1.0,150.0,149.997,,1179.88,,,16.0,150.0
2026-08-05 10:34:27.930,1000034,150001,149995904,1179.864899,,435.179,0x00,0x00,CURRENT,1,0,OK,1.0,1.0,150.0,149.997,,1179.88,,,16.0,150.0
2026-08-05 10:34:28.245,1000053,150003,149994960,1179.854930,,435.494,0x00,0x00,CURRENT,1,0,OK,1.0,1.0,150.0,149.997,,1179.88,,,16.0,150.0
2026-08-05 10:34:28.445,1000068,150003,149993088,1179.835163,,435.694,0x00,0x00,CURRENT,1,0,OK,1.0,1.0,150.0,149.997,,1179.88,,,16.0,150.0
2026-08-05 10:34:28.645,1000004,150000,149999712,1179.905110,,435.894,0x00,0x00,CURRENT,1,0,OK,1.0,1.0,150.0,149.997,,1179.88,,,16.0,150.0
2026-08-05 10:34:28.930,1000022,150000,149996976,1179.876219,,436.179,0x00,0x00,CURRENT,1,0,OK,1.0,1.0,150.0,149.997,,1179.88,,,16.0,150.0
2026-08-05 10:34:29.245,1000007,149998,149997360,1179.880274,,436.495,0x00,0x00,CURRENT,1,0,OK,1.0,1.0,150.0,149.997,,1179.88,,,16.0,150.0
2026-08-05 10:34:29.445,1000033,150002,149996672,1179.873009,,436.695,0x00,0x00,CURRENT,1,0,OK,1.0,1.0,150.0,149.997,,1179.88,,,16.0,150.0
2026-08-05 10:34:29.644,1000034,150002,149996544,1179.871657,,436.894,0x00,0x00,CURRENT,1,0,OK,1.0,1.0,150.0,149.997,,1179.877,,,16.0,150.0
2026-08-05 10:34:29.930,999998,149999,149999664,1179.904603,,437.179,0x00,0x00,CURRENT,1,0,OK,1.0,1.0,150.0,149.997,,1179.877,,,16.0,150.0
2026-08-05 10:34:30.245,999952,149991,149998512,1179.892438,,437.494,0x00,0x00,CURRENT,1,0,OK,1.0,1.0,150.0,149.997,,1179.877,,,16.0,150.0
2026-08-05 10:34:30.444,999917,149990,150002752,1179.937211,,437.694,0x00,0x00,CURRENT,1,0,OK,1.0,1.0,150.0,149.997,,1179.877,,,16.0,150.0
2026-08-05 10:34:30.644,999873,149985,150004368,1179.954276,,437.894,0x00,0x00,CURRENT,1,0,OK,1.0,1.0,150.0,149.997,,1179.877,,,16.0,150.0
2026-08-05 10:34:30.929,999914,149990,150003376,1179.943801,,438.179,0x00,0x00,CURRENT,1,0,OK,1.0,1.0,150.0,149.997,,1179.877,,,16.0,150.0
2026-08-05 10:34:31.244,999964,149996,150001328,1179.922174,,438.494,0x00,0x00,CURRENT,1,0,OK,1.0,1.0,150.0,149.997,,1179.877,,,16.0,150.0
2026-08-05 10:34:31.448,999963,149998,150003728,1179.947518,,438.697,0x00,0x00,CURRENT,1,0,OK,1.0,1.0,150.0,149.997,,1179.877,,,16.0,150.0
2026-08-05 10:34:31.644,1000038,150006,150000480,1179.913220,,438.893,0x00,0x00,CURRENT,1,0,OK,1.0,1.0,150.0,149.999,,1179.893,,,16.0,150.0
2026-08-05 10:34:31.930,999982,149997,149999856,1179.906631,,439.179,0x00,0x00,CURRENT,1,0,OK,1.0,1.0,150.0,149.999,,1179.893,,,16.0,150.0
2026-08-05 10:34:32.244,999996,149995,149995664,1179.862364,,439.494,0x00,0x00,CURRENT,1,0,OK,1.0,1.0,150.0,149.999,,1179.893,,,16.0,150.0
2026-08-05 10:34:32.444,999978,149991,149994144,1179.846314,,439.694,0x00,0x00,CURRENT,1,0,OK,1.0,1.0,150.0,149.999,,1179.893,,,16.0,150.0
2026-08-05 10:34:32.644,999956,149988,149994416,1179.849186,,439.894,0x00,0x00,CURRENT,1,0,OK,1.0,1.0,150.0,149.999,,1179.893,,,16.0,150.0
2026-08-05 10:34:32.929,999948,149985,149993072,1179.834994,,440.179,0x00,0x00,CURRENT,1,0,OK,1.0,1.0,150.0,149.999,,1179.893,,,16.0,150.0
2026-08-05 10:34:33.244,999980,149989,149992464,1179.828574,,440.494,0x00,0x00,CURRENT,1,0,OK,1.0,1.0,150.0,149.999,,1179.893,,,16.0,150.0
2026-08-05 10:34:33.445,999966,149989,149994432,1179.849355,,440.695,0x00,0x00,CURRENT,1,0,OK,1.0,1.0,150.0,149.999,,1179.893,,,16.0,150.0
2026-08-05 10:34:33.645,999947,149989,149997200,1179.878584,,440.895,0x00,0x00,CURRENT,1,0,OK,1.5,1.0,150.0,150.002,,1179.928,,,16.0,150.0
2026-08-05 10:34:33.902,1087502,163132,150006416,1179.975902,,441.152,0x00,0x00,CURRENT,1,0,OK,1.5,1.0,150.0,150.002,,1179.928,,,16.0,150.0
2026-08-05 10:34:34.048,1087511,163134,150006368,1179.975395,,441.298,0x00,0x00,CURRENT,1,0,OK,1.5,1.0,150.0,150.002,,1179.928,,,16.0,150.0
2026-08-05 10:34:34.245,1087528,163136,150005872,1179.970158,,441.494,0x00,0x00,CURRENT,1,0,OK,1.5,1.0,150.0,150.002,,1179.928,,,16.0,150.0
2026-08-05 10:34:34.445,1108604,166294,150003424,1179.944308,,441.694,0x00,0x00,CURRENT,1,0,OK,1.5,1.0,150.0,150.002,,1179.928,,,16.0,150.0
2026-08-05 10:34:34.645,1124393,168659,150000000,1179.908151,,441.894,0x00,0x00,CURRENT,1,0,OK,1.5,1.0,150.0,150.002,,1179.928,,,16.0,150.0
2026-08-05 10:34:34.928,1155519,173331,150002400,1179.933494,,442.178,0x00,0x00,CURRENT,1,0,OK,1.5,1.0,150.0,150.002,,1179.928,,,16.0,150.0
2026-08-05 10:34:35.245,1178920,176838,149999888,1179.906969,,442.494,0x00,0x00,CURRENT,1,0,OK,1.5,1.0,150.0,150.002,,1179.928,,,16.0,150.0
2026-08-05 10:34:35.447,1214076,182111,149999456,1179.902407,,442.697,0x00,0x00,CURRENT,1,0,OK,1.5,1.0,150.0,150.002,,1179.928,,,16.0,150.0
2026-08-05 10:34:35.644,1240416,186065,150001888,1179.928088,,442.894,0x00,0x00,CURRENT,1,0,OK,1.5,1.107,166.0,149.992,,1179.821,,,24.0,184.0
2026-08-05 10:34:35.928,1275298,191297,150001664,1179.925722,,443.178,0x00,0x00,CURRENT,1,0,OK,1.5,1.107,166.0,149.992,,1179.821,,,24.0,184.0
2026-08-05 10:34:36.244,1301469,195224,150002496,1179.934508,,443.494,0x00,0x00,CURRENT,1,0,OK,1.5,1.107,166.0,149.992,,1179.821,,,24.0,184.0
2026-08-05 10:34:36.443,1332879,199935,150002688,1179.936536,,443.693,0x00,0x00,CURRENT,1,0,OK,1.5,1.107,166.0,149.992,,1179.821,,,24.0,184.0
2026-08-05 10:34:36.644,1356473,203472,150000448,1179.912882,,443.894,0x00,0x00,CURRENT,1,0,OK,1.5,1.107,166.0,149.992,,1179.821,,,24.0,184.0
2026-08-05 10:34:36.929,1385065,207757,149998400,1179.891256,,444.178,0x00,0x00,CURRENT,1,0,OK,1.5,1.107,166.0,149.992,,1179.821,,,24.0,184.0
2026-08-05 10:34:37.245,1406461,210970,150000816,1179.916768,,444.494,0x00,0x00,CURRENT,1,0,OK,1.5,1.107,166.0,149.992,,1179.821,,,24.0,184.0
2026-08-05 10:34:37.445,1430124,214517,149998992,1179.897507,,444.694,0x00,0x00,CURRENT,1,0,OK,1.5,1.107,166.0,149.992,,1179.821,,,24.0,184.0
2026-08-05 10:34:37.645,1447871,217180,149999312,1179.900886,,444.894,0x00,0x00,CURRENT,1,0,OK,1.5,1.319,198.0,149.997,,1179.882,,,28.0,261.0
2026-08-05 10:34:37.928,1467044,220053,149997392,1179.880612,,445.178,0x00,0x00,CURRENT,1,0,OK,1.5,1.319,198.0,149.997,,1179.882,,,28.0,261.0
2026-08-05 10:34:38.245,1481433,222210,149996960,1179.876050,,445.495,0x00,0x00,CURRENT,1,0,OK,1.5,1.319,198.0,149.997,,1179.882,,,28.0,261.0
2026-08-05 10:34:38.445,1496410,224461,149999360,1179.901393,,445.694,0x00,0x00,CURRENT,1,0,OK,1.5,1.319,198.0,149.997,,1179.882,,,28.0,261.0
2026-08-05 10:34:38.646,1507652,226148,150000304,1179.911361,,445.895,0x00,0x00,CURRENT,1,0,OK,1.5,1.319,198.0,149.997,,1179.882,,,28.0,261.0
2026-08-05 10:34:38.930,1518628,227793,149999024,1179.897845,,446.179,0x00,0x00,CURRENT,1,0,OK,1.5,1.319,198.0,149.997,,1179.882,,,28.0,261.0
2026-08-05 10:34:39.244,1526822,229022,149999392,1179.901731,,446.494,0x00,0x00,CURRENT,1,0,OK,1.5,1.319,198.0,149.997,,1179.882,,,28.0,261.0
2026-08-05 10:34:39.447,1534683,230199,149997840,1179.885342,,446.697,0x00,0x00,CURRENT,1,0,OK,1.5,1.319,198.0,149.997,,1179.882,,,28.0,261.0
2026-08-05 10:34:39.644,1540579,231081,149995904,1179.864899,,446.894,0x00,0x00,CURRENT,1,0,OK,1.5,1.467,220.0,149.999,,1179.899,,,29.0,323.0
2026-08-05 10:34:39.929,1545849,231870,149995456,1179.860168,,447.179,0x00,0x00,CURRENT,1,0,OK,1.5,1.467,220.0,149.999,,1179.899,,,29.0,323.0
2026-08-05 10:34:40.246,1549792,232463,149996496,1179.871150,,447.495,0x00,0x00,CURRENT,1,0,OK,1.5,1.467,220.0,149.999,,1179.899,,,29.0,323.0
2026-08-05 10:34:40.444,1551892,232782,149998544,1179.892776,,447.694,0x00,0x00,CURRENT,1,0,OK,1.5,1.467,220.0,149.999,,1179.899,,,29.0,323.0
2026-08-05 10:34:40.644,1553476,233023,150000928,1179.917951,,447.894,0x00,0x00,CURRENT,1,0,OK,1.5,1.467,220.0,149.999,,1179.899,,,29.0,323.0
2026-08-05 10:34:40.929,1553853,233082,150002384,1179.933325,,448.179,0x00,0x00,CURRENT,1,0,OK,1.5,1.467,220.0,149.999,,1179.899,,,29.0,323.0
2026-08-05 10:34:41.244,1554136,233120,149999904,1179.907137,,448.494,0x00,0x00,CURRENT,1,0,OK,1.5,1.467,220.0,149.999,,1179.899,,,29.0,323.0
2026-08-05 10:34:41.447,1553482,233021,149999376,1179.901562,,448.697,0x00,0x00,CURRENT,1,0,OK,1.5,1.467,220.0,149.999,,1179.899,,,29.0,323.0
2026-08-05 10:34:41.644,1552963,232945,150000224,1179.910517,,448.894,0x00,0x00,CURRENT,1,0,OK,1.5,1.529,229.0,149.999,,1179.9,,,29.0,351.0
2026-08-05 10:34:41.929,1550933,232638,149998640,1179.893790,,449.179,0x00,0x00,CURRENT,1,0,OK,1.5,1.529,229.0,149.999,,1179.9,,,29.0,351.0
2026-08-05 10:34:42.244,1549420,232411,149998384,1179.891087,,449.494,0x00,0x00,CURRENT,1,0,OK,1.5,1.529,229.0,149.999,,1179.9,,,29.0,351.0
2026-08-05 10:34:42.444,1546561,231984,150000032,1179.908489,,449.694,0x00,0x00,CURRENT,1,0,OK,1.5,1.529,229.0,149.999,,1179.9,,,29.0,351.0
2026-08-05 10:34:42.644,1544426,231668,150002688,1179.936536,,449.894,0x00,0x00,CURRENT,1,0,OK,1.5,1.529,229.0,149.999,,1179.9,,,29.0,351.0
2026-08-05 10:34:42.929,1541120,231169,150000720,1179.915754,,450.179,0x00,0x00,CURRENT,1,0,OK,1.5,1.529,229.0,149.999,,1179.9,,,29.0,351.0
2026-08-05 10:34:43.245,1538695,230804,149999840,1179.906462,,450.494,0x00,0x00,CURRENT,1,0,OK,1.5,1.529,229.0,149.999,,1179.9,,,29.0,351.0
2026-08-05 10:34:43.447,1535190,230275,149997680,1179.883653,,450.697,0x00,0x00,CURRENT,1,0,OK,1.5,1.529,229.0,149.999,,1179.9,,,29.0,351.0
2026-08-05 10:34:43.645,1532580,229880,149995696,1179.862702,,450.895,0x00,0x00,CURRENT,1,0,OK,1.5,1.536,230.0,150.002,,1179.924,,,28.0,354.0
2026-08-05 10:34:43.929,1528879,229327,149997104,1179.877570,,451.179,0x00,0x00,CURRENT,1,0,OK,1.5,1.536,230.0,150.002,,1179.924,,,28.0,354.0
2026-08-05 10:34:44.245,1526104,228914,149998752,1179.894973,,451.495,0x00,0x00,CURRENT,1,0,OK,1.5,1.536,230.0,150.002,,1179.924,,,28.0,354.0
2026-08-05 10:34:44.444,1523165,228476,150000592,1179.914403,,451.694,0x00,0x00,CURRENT,1,0,OK,1.5,1.536,230.0,150.002,,1179.924,,,28.0,354.0
2026-08-05 10:34:44.644,1521007,228153,150001440,1179.923357,,451.894,0x00,0x00,CURRENT,1,0,OK,1.5,1.536,230.0,150.002,,1179.924,,,28.0,354.0
2026-08-05 10:34:44.929,1518522,227778,149999776,1179.905786,,452.179,0x00,0x00,CURRENT,1,0,OK,1.5,1.536,230.0,150.002,,1179.924,,,28.0,354.0
2026-08-05 10:34:45.245,1516658,227503,150002656,1179.936198,,452.495,0x00,0x00,CURRENT,1,0,OK,1.5,1.536,230.0,150.002,,1179.924,,,28.0,354.0
2026-08-05 10:34:45.447,1513545,227039,150004896,1179.959851,,452.696,0x00,0x00,CURRENT,1,0,OK,1.5,1.536,230.0,150.002,,1179.924,,,28.0,354.0
2026-08-05 10:34:45.644,1511276,226695,150002480,1179.934339,,452.894,0x00,0x00,CURRENT,1,0,OK,1.5,1.522,228.0,150.002,,1179.934,,,28.0,347.0
2026-08-05 10:34:45.929,1508744,226310,149999008,1179.897676,,453.179,0x00,0x00,CURRENT,1,0,OK,1.5,1.522,228.0,150.002,,1179.934,,,28.0,347.0
2026-08-05 10:34:46.244,1506911,226035,149999136,1179.899028,,453.494,0x00,0x00,CURRENT,1,0,OK,1.5,1.522,228.0,150.002,,1179.934,,,28.0,347.0
2026-08-05 10:34:46.444,1505452,225816,149998848,1179.895986,,453.694,0x00,0x00,CURRENT,1,0,OK,1.5,1.522,228.0,150.002,,1179.934,,,28.0,347.0
2026-08-05 10:34:46.644,1504339,225651,150000112,1179.909334,,453.894,0x00,0x00,CURRENT,1,0,OK,1.5,1.522,228.0,150.002,,1179.934,,,28.0,347.0
2026-08-05 10:34:46.929,1502637,225395,149999616,1179.904096,,454.179,0x00,0x00,CURRENT,1,0,OK,1.5,1.522,228.0,150.002,,1179.934,,,28.0,347.0
2026-08-05 10:34:47.245,1501408,225209,149998384,1179.891087,,454.495,0x00,0x00,CURRENT,1,0,OK,1.5,1.522,228.0,150.002,,1179.934,,,28.0,347.0
2026-08-05 10:34:47.447,1500477,225070,149999184,1179.899535,,454.696,0x00,0x00,CURRENT,1,0,OK,1.5,1.522,228.0,150.002,,1179.934,,,28.0,347.0
2026-08-05 10:34:47.644,1499787,224968,150000032,1179.908489,,454.894,0x00,0x00,CURRENT,1,0,OK,1.5,1.507,226.0,150.001,,1179.918,,,28.0,341.0
2026-08-05 10:34:47.929,1499186,224879,150000704,1179.915585,,455.179,0x00,0x00,CURRENT,1,0,OK,1.5,1.507,226.0,150.001,,1179.918,,,28.0,341.0
2026-08-05 10:34:48.245,1498736,224812,150001008,1179.918795,,455.495,0x00,0x00,CURRENT,1,0,OK,1.5,1.507,226.0,150.001,,1179.918,,,28.0,341.0
2026-08-05 10:34:48.444,1497615,224641,149999280,1179.900548,,455.694,0x00,0x00,CURRENT,1,0,OK,1.5,1.507,226.0,150.001,,1179.918,,,28.0,341.0
2026-08-05 10:34:48.644,1496774,224511,149996288,1179.868954,,455.894,0x00,0x00,CURRENT,1,0,OK,1.5,1.507,226.0,150.001,,1179.918,,,28.0,341.0
2026-08-05 10:34:48.929,1496116,224413,149996752,1179.873853,,456.179,0x00,0x00,CURRENT,1,0,OK,1.5,1.507,226.0,150.001,,1179.918,,,28.0,341.0
2026-08-05 10:34:49.245,1495622,224340,149998000,1179.887032,,456.495,0x00,0x00,CURRENT,1,0,OK,1.5,1.507,226.0,150.001,,1179.918,,,28.0,341.0
2026-08-05 10:34:49.445,1495289,224288,149996512,1179.871319,,456.694,0x00,0x00,CURRENT,1,0,OK,1.5,1.507,226.0,150.001,,1179.918,,,28.0,341.0
2026-08-05 10:34:49.645,1495030,224250,149997312,1179.879767,,456.894,0x00,0x00,CURRENT,1,0,OK,1.5,1.499,225.0,150.001,,1179.922,,,28.0,337.0
2026-08-05 10:34:49.929,1495711,224355,149998896,1179.896493,,457.179,0x00,0x00,CURRENT,1,0,OK,1.5,1.499,225.0,150.001,,1179.922,,,28.0,337.0
2026-08-05 10:34:50.245,1496223,224433,149999600,1179.903927,,457.495,0x00,0x00,CURRENT,1,0,OK,1.5,1.499,225.0,150.001,,1179.922,,,28.0,337.0
2026-08-05 10:34:50.445,1496587,224487,149999504,1179.902914,,457.694,0x00,0x00,CURRENT,1,0,OK,1.5,1.499,225.0,150.001,,1179.922,,,28.0,337.0
2026-08-05 10:34:50.646,1496843,224523,149997696,1179.883822,,457.895,0x00,0x00,CURRENT,1,0,OK,1.5,1.499,225.0,150.001,,1179.922,,,28.0,337.0
2026-08-05 10:34:50.930,1497015,224550,149998704,1179.894466,,458.179,0x00,0x00,CURRENT,1,0,OK,1.5,1.499,225.0,150.001,,1179.922,,,28.0,337.0
2026-08-05 10:34:51.245,1497257,224582,149995744,1179.863209,,458.494,0x00,0x00,CURRENT,1,0,OK,1.5,1.499,225.0,150.001,,1179.922,,,28.0,337.0
2026-08-05 10:34:51.447,1497382,224601,149995536,1179.861013,,458.697,0x00,0x00,CURRENT,1,0,OK,1.5,1.499,225.0,150.001,,1179.922,,,28.0,337.0
2026-08-05 10:34:51.645,1497429,224611,149997856,1179.885511,,458.895,0x00,0x00,CURRENT,1,0,OK,1.5,1.498,225.0,149.998,,1179.89,,,28.0,337.0
2026-08-05 10:34:51.930,1497492,224620,149997296,1179.879598,,459.179,0x00,0x00,CURRENT,1,0,OK,1.5,1.498,225.0,149.998,,1179.89,,,28.0,337.0
2026-08-05 10:34:52.245,1497539,224627,149997680,1179.883653,,459.495,0x00,0x00,CURRENT,1,0,OK,1.5,1.498,225.0,149.998,,1179.89,,,28.0,337.0
2026-08-05 10:34:52.444,1497612,224637,149996912,1179.875543,,459.694,0x00,0x00,CURRENT,1,0,OK,1.5,1.498,225.0,149.998,,1179.89,,,28.0,337.0
2026-08-05 10:34:52.644,1497676,224644,149994912,1179.854424,,459.894,0x00,0x00,CURRENT,1,0,OK,1.5,1.498,225.0,149.998,,1179.89,,,28.0,337.0
2026-08-05 10:34:52.930,1497622,224639,149996992,1179.876388,,460.179,0x00,0x00,CURRENT,1,0,OK,1.5,1.498,225.0,149.998,,1179.89,,,28.0,337.0
2026-08-05 10:34:53.245,1497646,224643,149997200,1179.878584,,460.495,0x00,0x00,CURRENT,1,0,OK,1.5,1.498,225.0,149.998,,1179.89,,,28.0,337.0
2026-08-05 10:34:53.448,1497627,224645,150000688,1179.915416,,460.697,0x00,0x00,CURRENT,1,0,OK,1.5,1.498,225.0,149.998,,1179.89,,,28.0,337.0
2026-08-05 10:34:53.646,1497622,224645,150001296,1179.921837,,460.895,0x00,0x00,CURRENT,1,0,OK,1.5,1.498,225.0,150.0,,1179.904,,,28.0,336.0
2026-08-05 10:34:53.929,1498476,224772,150000400,1179.912375,,461.179,0x00,0x00,CURRENT,1,0,OK,1.5,1.498,225.0,150.0,,1179.904,,,28.0,336.0
2026-08-05 10:34:54.244,1499117,224869,150001136,1179.920147,,461.494,0x00,0x00,CURRENT,1,0,OK,1.5,1.498,225.0,150.0,,1179.904,,,28.0,336.0
2026-08-05 10:34:54.445,1499569,224935,149999696,1179.904941,,461.694,0x00,0x00,CURRENT,1,0,OK,1.5,1.498,225.0,150.0,,1179.904,,,28.0,336.0
2026-08-05 10:34:54.645,1499936,224991,150000192,1179.910179,,461.894,0x00,0x00,CURRENT,1,0,OK,1.5,1.498,225.0,150.0,,1179.904,,,28.0,336.0
2026-08-05 10:34:54.930,1500249,225033,149996944,1179.875881,,462.179,0x00,0x00,CURRENT,1,0,OK,1.5,1.498,225.0,150.0,,1179.904,,,28.0,336.0
2026-08-05 10:34:55.245,1500492,225066,149994976,1179.855099,,462.494,0x00,0x00,CURRENT,1,0,OK,1.5,1.498,225.0,150.0,,1179.904,,,28.0,336.0
2026-08-05 10:34:55.447,1500638,225090,149996448,1179.870643,,462.696,0x00,0x00,CURRENT,1,0,OK,1.5,1.498,225.0,150.0,,1179.904,,,28.0,336.0
2026-08-05 10:34:55.646,1500701,225101,149997600,1179.882808,,462.895,0x00,0x00,CURRENT,1,0,OK,1.5,1.5,225.0,150.003,,1179.943,,,28.0,337.0
2026-08-05 10:34:55.929,1500794,225115,149997088,1179.877401,,463.179,0x00,0x00,CURRENT,1,0,OK,1.5,1.5,225.0,150.003,,1179.943,,,28.0,337.0
2026-08-05 10:34:56.245,1500818,225122,149999872,1179.906800,,463.494,0x00,0x00,CURRENT,1,0,OK,1.5,1.5,225.0,150.003,,1179.943,,,28.0,337.0
2026-08-05 10:34:56.444,1500808,225124,150001792,1179.927074,,463.694,0x00,0x00,CURRENT,1,0,OK,1.5,1.5,225.0,150.003,,1179.943,,,28.0,337.0
2026-08-05 10:34:56.644,1500856,225131,150001600,1179.925047,,463.894,0x00,0x00,CURRENT,1,0,OK,1.5,1.5,225.0,150.003,,1179.943,,,28.0,337.0
2026-08-05 10:34:56.929,1500901,225136,150000832,1179.916937,,464.179,0x00,0x00,CURRENT,1,0,OK,1.5,1.5,225.0,150.003,,1179.943,,,28.0,337.0
2026-08-05 10:34:57.244,1500954,225141,149998880,1179.896324,,464.494,0x00,0x00,CURRENT,1,0,OK,1.5,1.5,225.0,150.003,,1179.943,,,28.0,337.0
2026-08-05 10:34:57.445,1501040,225152,149997664,1179.883484,,464.694,0x00,0x00,CURRENT,1,0,OK,1.5,1.5,225.0,150.003,,1179.943,,,28.0,337.0
2026-08-05 10:34:57.644,1501058,225157,149998896,1179.896493,,464.894,0x00,0x00,CURRENT,1,0,OK,1.5,1.501,225.0,150.0,,1179.911,,,28.0,338.0
2026-08-05 10:34:57.929,1501081,225162,149999696,1179.904941,,465.179,0x00,0x00,CURRENT,1,0,OK,1.5,1.501,225.0,150.0,,1179.911,,,28.0,338.0
2026-08-05 10:34:58.246,1501024,225158,150002960,1179.939408,,465.495,0x00,0x00,CURRENT,1,0,OK,1.5,1.501,225.0,150.0,,1179.911,,,28.0,338.0
2026-08-05 10:34:58.444,1501008,225159,150005104,1179.962048,,465.694,0x00,0x00,CURRENT,1,0,OK,1.5,1.501,225.0,150.0,,1179.911,,,28.0,338.0
2026-08-05 10:34:58.645,1501044,225157,150000160,1179.909841,,465.894,0x00,0x00,CURRENT,1,0,OK,1.5,1.501,225.0,150.0,,1179.911,,,28.0,338.0
2026-08-05 10:34:58.929,1500175,225030,150002320,1179.932650,,466.179,0x00,0x00,CURRENT,1,0,OK,1.5,1.501,225.0,150.0,,1179.911,,,28.0,338.0
2026-08-05 10:34:59.244,1499580,224938,150000752,1179.916092,,466.494,0x00,0x00,CURRENT,1,0,OK,1.5,1.501,225.0,150.0,,1179.911,,,28.0,338.0
2026-08-05 10:34:59.445,1499124,224867,149998688,1179.894297,,466.694,0x00,0x00,CURRENT,1,0,OK,1.5,1.501,225.0,150.0,,1179.911,,,28.0,338.0
2026-08-05 10:34:59.645,1498773,224816,150000272,1179.911023,,466.895,0x00,0x00,CURRENT,1,0,OK,1.5,1.5,225.0,149.999,,1179.901,,,28.0,338.0
2026-08-05 10:34:59.929,1498444,224768,150000608,1179.914571,,467.179,0x00,0x00,CURRENT,1,0,OK,1.5,1.5,225.0,149.999,,1179.901,,,28.0,338.0
2026-08-05 10:35:00.244,1498235,224733,149998736,1179.894804,,467.494,0x00,0x00,CURRENT,1,0,OK,1.5,1.5,225.0,149.999,,1179.901,,,28.0,338.0
2026-08-05 10:35:00.444,1498954,224837,149995712,1179.862871,,467.694,0x00,0x00,CURRENT,1,0,OK,1.5,1.5,225.0,149.999,,1179.901,,,28.0,338.0
2026-08-05 10:35:00.644,1499513,224922,149996976,1179.876219,,467.894,0x00,0x00,CURRENT,1,0,OK,1.5,1.5,225.0,149.999,,1179.901,,,28.0,338.0
2026-08-05 10:35:00.929,1499903,224981,149997136,1179.877908,,468.179,0x00,0x00,CURRENT,1,0,OK,1.5,1.5,225.0,149.999,,1179.901,,,28.0,338.0
2026-08-05 10:35:01.245,1500196,225025,149997056,1179.877064,,468.495,0x00,0x00,CURRENT,1,0,OK,1.5,1.5,225.0,149.999,,1179.901,,,28.0,338.0
2026-08-05 10:35:01.445,1500369,225052,149997664,1179.883484,,468.694,0x00,0x00,CURRENT,1,0,OK,1.5,1.5,225.0,149.999,,1179.901,,,28.0,338.0
2026-08-05 10:35:01.645,1500518,225078,150000032,1179.908489,,468.895,0x00,0x00,CURRENT,1,0,OK,1.5,1.5,225.0,149.999,,1179.895,,,28.0,337.0
2026-08-05 10:35:01.929,1500610,225091,149999808,1179.906124,,469.179,0x00,0x00,CURRENT,1,0,OK,1.5,1.5,225.0,149.999,,1179.895,,,28.0,337.0
2026-08-05 10:35:02.244,1500680,225102,150000128,1179.909503,,469.494,0x00,0x00,CURRENT,1,0,OK,1.5,1.5,225.0,149.999,,1179.895,,,28.0,337.0
2026-08-05 10:35:02.444,1500779,225117,150000176,1179.910010,,469.694,0x00,0x00,CURRENT,1,0,OK,1.5,1.5,225.0,149.999,,1179.895,,,28.0,337.0
2026-08-05 10:35:02.645,1500853,225129,150000944,1179.918120,,469.895,0x00,0x00,CURRENT,1,0,OK,1.5,1.5,225.0,149.999,,1179.895,,,28.0,337.0
2026-08-05 10:35:02.929,1500973,225145,149999248,1179.900210,,470.179,0x00,0x00,CURRENT,1,0,OK,1.5,1.5,225.0,149.999,,1179.895,,,28.0,337.0
2026-08-05 10:35:03.243,1501083,225157,149996624,1179.872502,,470.493,0x00,0x00,CURRENT,1,0,OK,1.5,1.5,225.0,149.999,,1179.895,,,28.0,337.0
2026-08-05 10:35:03.444,1500307,225042,149997488,1179.881625,,470.694,0x00,0x00,CURRENT,1,0,OK,1.5,1.5,225.0,149.999,,1179.895,,,28.0,337.0
2026-08-05 10:35:03.645,1499642,224944,149998240,1179.889566,,470.895,0x00,0x00,CURRENT,1,0,OK,1.5,1.501,225.0,150.0,,1179.904,,,28.0,338.0
2026-08-05 10:35:03.929,1499152,224873,150000080,1179.908996,,471.179,0x00,0x00,CURRENT,1,0,OK,1.5,1.501,225.0,150.0,,1179.904,,,28.0,338.0
2026-08-05 10:35:04.244,1498747,224814,150001488,1179.923864,,471.494,0x00,0x00,CURRENT,1,0,OK,1.5,1.501,225.0,150.0,,1179.904,,,28.0,338.0
2026-08-05 10:35:04.444,1499320,224898,150000048,1179.908658,,471.694,0x00,0x00,CURRENT,1,0,OK,1.5,1.501,225.0,150.0,,1179.904,,,28.0,338.0
2026-08-05 10:35:04.652,1499777,224965,149998960,1179.897169,,471.902,0x00,0x00,CURRENT,1,0,OK,2.0,1.501,225.0,150.0,,1179.904,,,28.0,338.0
2026-08-05 10:35:04.845,1588427,238264,150000016,1179.908320,,472.095,0x00,0x00,CURRENT,1,0,OK,2.0,1.501,225.0,150.0,,1179.904,,,28.0,338.0
2026-08-05 10:35:05.045,1588446,238265,149998912,1179.896662,,472.295,0x00,0x00,CURRENT,1,0,OK,2.0,1.501,225.0,150.0,,1179.904,,,28.0,338.0
2026-08-05 10:35:05.244,1588460,238266,149998192,1179.889059,,472.494,0x00,0x00,CURRENT,1,0,OK,2.0,1.501,225.0,150.0,,1179.904,,,28.0,338.0
2026-08-05 10:35:05.444,1609470,241419,149999120,1179.898859,,472.694,0x00,0x00,CURRENT,1,0,OK,2.0,1.501,225.0,150.0,,1179.904,,,28.0,338.0
2026-08-05 10:35:05.644,1625171,243779,150001936,1179.928595,,472.894,0x00,0x00,CURRENT,1,0,OK,2.0,1.523,228.0,149.996,,1179.866,,,32.0,348.0
2026-08-05 10:35:05.928,1656269,248446,150003264,1179.942618,,473.178,0x00,0x00,CURRENT,1,0,OK,2.0,1.523,228.0,149.996,,1179.866,,,32.0,348.0
2026-08-05 10:35:06.244,1679657,251950,150000800,1179.916599,,473.494,0x00,0x00,CURRENT,1,0,OK,2.0,1.523,228.0,149.996,,1179.866,,,32.0,348.0
2026-08-05 10:35:06.444,1713985,257101,150002128,1179.930622,,473.694,0x00,0x00,CURRENT,1,0,OK,2.0,1.523,228.0,149.996,,1179.866,,,32.0,348.0
2026-08-05 10:35:06.645,1739749,260965,150001712,1179.926229,,473.895,0x00,0x00,CURRENT,1,0,OK,2.0,1.523,228.0,149.996,,1179.866,,,32.0,348.0
2026-08-05 10:35:06.928,1774135,266124,150001888,1179.928088,,474.178,0x00,0x00,CURRENT,1,0,OK,2.0,1.523,228.0,149.996,,1179.866,,,32.0,348.0
2026-08-05 10:35:07.245,1799961,269996,150001152,1179.920316,,474.495,0x00,0x00,CURRENT,1,0,OK,2.0,1.523,228.0,149.996,,1179.866,,,32.0,348.0
2026-08-05 10:35:07.445,1831951,274794,150000928,1179.917951,,474.694,0x00,0x00,CURRENT,1,0,OK,2.0,1.523,228.0,149.996,,1179.866,,,32.0,348.0
2026-08-05 10:35:07.645,1855925,278390,150000912,1179.917782,,474.895,0x00,0x00,CURRENT,1,0,OK,2.0,1.714,257.0,149.998,,1179.888,,,37.0,441.0
2026-08-05 10:35:07.929,1883971,282598,150001072,1179.919471,,475.179,0x00,0x00,CURRENT,1,0,OK,2.0,1.714,257.0,149.998,,1179.888,,,37.0,441.0
2026-08-05 10:35:08.245,1905071,285762,150000448,1179.912882,,475.495,0x00,0x00,CURRENT,1,0,OK,2.0,1.714,257.0,149.998,,1179.888,,,37.0,441.0
2026-08-05 10:35:08.445,1929070,289365,150002352,1179.932988,,475.695,0x00,0x00,CURRENT,1,0,OK,2.0,1.714,257.0,149.998,,1179.888,,,37.0,441.0
2026-08-05 10:35:08.644,1947042,292061,150002592,1179.935522,,475.894,0x00,0x00,CURRENT,1,0,OK,2.0,1.714,257.0,149.998,,1179.888,,,37.0,441.0
2026-08-05 10:35:08.929,1966420,294968,150002432,1179.933832,,476.179,0x00,0x00,CURRENT,1,0,OK,2.0,1.714,257.0,149.998,,1179.888,,,37.0,441.0
2026-08-05 10:35:09.245,1981001,297150,149999680,1179.904772,,476.495,0x00,0x00,CURRENT,1,0,OK,2.0,1.714,257.0,149.998,,1179.888,,,37.0,441.0
2026-08-05 10:35:09.445,1996103,299413,149998848,1179.895986,,476.694,0x00,0x00,CURRENT,1,0,OK,2.0,1.714,257.0,149.998,,1179.888,,,37.0,441.0
2026-08-05 10:35:09.643,2007410,301109,149998864,1179.896155,,476.893,0x00,0x00,CURRENT,1,0,OK,2.0,1.904,286.0,150.002,,1179.932,,,40.0,544.0
2026-08-05 10:35:09.929,2018361,302753,149999248,1179.900210,,477.179,0x00,0x00,CURRENT,1,0,OK,2.0,1.904,286.0,150.002,,1179.932,,,40.0,544.0
2026-08-05 10:35:10.245,2026574,303987,150000416,1179.912544,,477.495,0x00,0x00,CURRENT,1,0,OK,2.0,1.904,286.0,150.002,,1179.932,,,40.0,544.0
2026-08-05 10:35:10.444,2034458,305170,150000528,1179.913727,,477.694,0x00,0x00,CURRENT,1,0,OK,2.0,1.904,286.0,150.002,,1179.932,,,40.0,544.0
2026-08-05 10:35:10.644,2040389,306061,150001088,1179.919640,,477.894,0x00,0x00,CURRENT,1,0,OK,2.0,1.904,286.0,150.002,,1179.932,,,40.0,544.0
2026-08-05 10:35:10.929,2045659,306849,149999968,1179.907813,,478.179,0x00,0x00,CURRENT,1,0,OK,2.0,1.904,286.0,150.002,,1179.932,,,40.0,544.0
2026-08-05 10:35:11.244,2049713,307453,149997984,1179.886863,,478.494,0x00,0x00,CURRENT,1,0,OK,2.0,1.904,286.0,150.002,,1179.932,,,40.0,544.0
2026-08-05 10:35:11.444,2051868,307778,149998848,1179.895986,,478.694,0x00,0x00,CURRENT,1,0,OK,2.0,1.904,286.0,150.002,,1179.932,,,40.0,544.0
2026-08-05 10:35:11.645,2053456,308016,149998992,1179.897507,,478.895,0x00,0x00,CURRENT,1,0,OK,2.0,2.008,301.0,150.001,,1179.924,,,40.0,605.0
2026-08-05 10:35:11.929,2053818,308070,149998688,1179.894297,,479.179,0x00,0x00,CURRENT,1,0,OK,2.0,2.008,301.0,150.001,,1179.924,,,40.0,605.0
2026-08-05 10:35:12.244,2054062,308107,149998832,1179.895817,,479.494,0x00,0x00,CURRENT,1,0,OK,2.0,2.008,301.0,150.001,,1179.924,,,40.0,605.0
2026-08-05 10:35:12.444,2053405,308007,149998320,1179.890411,,479.694,0x00,0x00,CURRENT,1,0,OK,2.0,2.008,301.0,150.001,,1179.924,,,40.0,605.0
2026-08-05 10:35:12.644,2052876,307928,149998400,1179.891256,,479.894,0x00,0x00,CURRENT,1,0,OK,2.0,2.008,301.0,150.001,,1179.924,,,40.0,605.0
2026-08-05 10:35:12.929,2050829,307625,150000512,1179.913558,,480.178,0x00,0x00,CURRENT,1,0,OK,2.0,2.008,301.0,150.001,,1179.924,,,40.0,605.0
2026-08-05 10:35:13.245,2049313,307398,150000544,1179.913896,,480.495,0x00,0x00,CURRENT,1,0,OK,2.0,2.008,301.0,150.001,,1179.924,,,40.0,605.0
2026-08-05 10:35:13.447,2046516,306976,149999136,1179.899028,,480.697,0x00,0x00,CURRENT,1,0,OK,2.0,2.008,301.0,150.001,,1179.924,,,40.0,605.0
2026-08-05 10:35:13.645,2044410,306661,149999712,1179.905110,,480.895,0x00,0x00,CURRENT,1,0,OK,2.0,2.037,306.0,149.998,,1179.89,,,40.0,622.0
2026-08-05 10:35:13.929,2041180,306171,149996928,1179.875712,,481.179,0x00,0x00,CURRENT,1,0,OK,2.0,2.037,306.0,149.998,,1179.89,,,40.0,622.0
2026-08-05 10:35:14.244,2038729,305800,149995600,1179.861689,,481.494,0x00,0x00,CURRENT,1,0,OK,2.0,2.037,306.0,149.998,,1179.89,,,40.0,622.0
2026-08-05 10:35:14.445,2035186,305270,149996208,1179.868109,,481.695,0x00,0x00,CURRENT,1,0,OK,2.0,2.037,306.0,149.998,,1179.89,,,40.0,622.0
2026-08-05 10:35:14.644,2032594,304880,149995472,1179.860337,,481.894,0x00,0x00,CURRENT,1,0,OK,2.0,2.037,306.0,149.998,,1179.89,,,40.0,622.0
2026-08-05 10:35:14.929,2028907,304333,149998576,1179.893114,,482.179,0x00,0x00,CURRENT,1,0,OK,2.0,2.037,306.0,149.998,,1179.89,,,40.0,622.0
2026-08-05 10:35:15.244,2026216,303929,149998192,1179.889059,,482.494,0x00,0x00,CURRENT,1,0,OK,2.0,2.037,306.0,149.998,,1179.89,,,40.0,622.0
2026-08-05 10:35:15.444,2023312,303493,149998320,1179.890411,,482.694,0x00,0x00,CURRENT,1,0,OK,2.0,2.037,306.0,149.998,,1179.89,,,40.0,622.0
2026-08-05 10:35:15.645,2021144,303169,149998464,1179.891932,,482.895,0x00,0x00,CURRENT,1,0,OK,2.0,2.029,304.0,150.0,,1179.912,,,39.0,618.0
2026-08-05 10:35:15.929,2017831,302673,149999440,1179.902238,,483.178,0x00,0x00,CURRENT,1,0,OK,2.0,2.029,304.0,150.0,,1179.912,,,39.0,618.0
2026-08-05 10:35:16.245,2015327,302300,150000720,1179.915754,,483.494,0x00,0x00,CURRENT,1,0,OK,2.0,2.029,304.0,150.0,,1179.912,,,39.0,618.0
2026-08-05 10:35:16.445,2012676,301902,150000208,1179.910348,,483.695,0x00,0x00,CURRENT,1,0,OK,2.0,2.029,304.0,150.0,,1179.912,,,39.0,618.0
2026-08-05 10:35:16.644,2010631,301597,150001264,1179.921499,,483.893,0x00,0x00,CURRENT,1,0,OK,2.0,2.029,304.0,150.0,,1179.912,,,39.0,618.0
2026-08-05 10:35:16.929,2008297,301241,149998336,1179.890580,,484.179,0x00,0x00,CURRENT,1,0,OK,2.0,2.029,304.0,150.0,,1179.912,,,39.0,618.0
2026-08-05 10:35:17.245,2006480,300969,149998720,1179.894635,,484.495,0x00,0x00,CURRENT,1,0,OK,2.0,2.029,304.0,150.0,,1179.912,,,39.0,618.0
2026-08-05 10:35:17.447,2005099,300763,149998976,1179.897338,,484.697,0x00,0x00,CURRENT,1,0,OK,2.0,2.029,304.0,150.0,,1179.912,,,39.0,618.0
2026-08-05 10:35:17.644,2004082,300612,150000016,1179.908320,,484.894,0x00,0x00,CURRENT,1,0,OK,2.0,2.013,302.0,149.998,,1179.891,,,39.0,608.0
2026-08-05 10:35:17.929,2002453,300368,150000096,1179.909165,,485.179,0x00,0x00,CURRENT,1,0,OK,2.0,2.013,302.0,149.998,,1179.891,,,39.0,608.0
2026-08-05 10:35:18.245,2001286,300191,149998944,1179.897000,,485.495,0x00,0x00,CURRENT,1,0,OK,2.0,2.013,302.0,149.998,,1179.891,,,39.0,608.0
2026-08-05 10:35:18.444,2000421,300057,149996944,1179.875881,,485.694,0x00,0x00,CURRENT,1,0,OK,2.0,2.013,302.0,149.998,,1179.891,,,39.0,608.0
2026-08-05 10:35:18.644,1999753,299959,149998048,1179.887539,,485.894,0x00,0x00,CURRENT,1,0,OK,2.0,2.013,302.0,149.998,,1179.891,,,39.0,608.0
2026-08-05 10:35:18.929,1999215,299878,149997936,1179.886356,,486.178,0x00,0x00,CURRENT,1,0,OK,2.0,2.013,302.0,149.998,,1179.891,,,39.0,608.0
2026-08-05 10:35:19.245,1998793,299814,149997664,1179.883484,,486.495,0x00,0x00,CURRENT,1,0,OK,2.0,2.013,302.0,149.998,,1179.891,,,39.0,608.0
2026-08-05 10:35:19.447,1997861,299677,149999120,1179.898859,,486.697,0x00,0x00,CURRENT,1,0,OK,2.0,2.013,302.0,149.998,,1179.891,,,39.0,608.0
2026-08-05 10:35:19.645,1997116,299569,150000960,1179.918288,,486.895,0x00,0x00,CURRENT,1,0,OK,2.0,2.003,300.0,150.0,,1179.906,,,39.0,602.0
2026-08-05 10:35:19.929,1996640,299494,149999104,1179.898690,,487.178,0x00,0x00,CURRENT,1,0,OK,2.0,2.003,300.0,150.0,,1179.906,,,39.0,602.0
2026-08-05 10:35:20.245,1996265,299441,150000464,1179.913051,,487.494,0x00,0x00,CURRENT,1,0,OK,2.0,2.003,300.0,150.0,,1179.906,,,39.0,602.0
2026-08-05 10:35:20.445,1996012,299404,150001088,1179.919640,,487.695,0x00,0x00,CURRENT,1,0,OK,2.0,2.003,300.0,150.0,,1179.906,,,39.0,602.0
2026-08-05 10:35:20.644,1995794,299369,150000160,1179.909841,,487.894,0x00,0x00,CURRENT,1,0,OK,2.0,2.003,300.0,150.0,,1179.906,,,39.0,602.0
2026-08-05 10:35:20.929,1995659,299350,150000624,1179.914740,,488.179,0x00,0x00,CURRENT,1,0,OK,2.0,2.003,300.0,150.0,,1179.906,,,39.0,602.0
2026-08-05 10:35:21.244,1995529,299331,150001072,1179.919471,,488.494,0x00,0x00,CURRENT,1,0,OK,2.0,2.003,300.0,150.0,,1179.906,,,39.0,602.0
2026-08-05 10:35:21.447,1996094,299412,149999008,1179.897676,,488.697,0x00,0x00,CURRENT,1,0,OK,2.0,2.003,300.0,150.0,,1179.906,,,39.0,602.0
2026-08-05 10:35:21.646,1996499,299473,149999312,1179.900886,,488.896,0x00,0x00,CURRENT,1,0,OK,2.0,1.998,300.0,150.002,,1179.928,,,39.0,599.0
2026-08-05 10:35:21.929,1996793,299519,150000160,1179.909841,,489.179,0x00,0x00,CURRENT,1,0,OK,2.0,1.998,300.0,150.002,,1179.928,,,39.0,599.0
2026-08-05 10:35:22.244,1997023,299556,150001376,1179.922681,,489.493,0x00,0x00,CURRENT,1,0,OK,2.0,1.998,300.0,150.002,,1179.928,,,39.0,599.0
2026-08-05 10:35:22.445,1997205,299581,150000080,1179.908996,,489.695,0x00,0x00,CURRENT,1,0,OK,2.0,1.998,300.0,150.002,,1179.928,,,39.0,599.0
2026-08-05 10:35:22.645,1997322,299601,150001280,1179.921668,,489.895,0x00,0x00,CURRENT,1,0,OK,2.0,1.998,300.0,150.002,,1179.928,,,39.0,599.0
2026-08-05 10:35:22.929,1997420,299614,150000640,1179.914909,,490.179,0x00,0x00,CURRENT,1,0,OK,2.0,1.998,300.0,150.002,,1179.928,,,39.0,599.0
2026-08-05 10:35:23.245,1997475,299622,150000496,1179.913389,,490.494,0x00,0x00,CURRENT,1,0,OK,2.0,1.998,300.0,150.002,,1179.928,,,39.0,599.0
2026-08-05 10:35:23.447,1997469,299621,150000384,1179.912206,,490.697,0x00,0x00,CURRENT,1,0,OK,2.0,1.998,300.0,150.002,,1179.928,,,39.0,599.0
2026-08-05 10:35:23.645,1997521,299627,149999696,1179.904941,,490.895,0x00,0x00,CURRENT,1,0,OK,2.0,1.998,300.0,150.0,,1179.904,,,39.0,599.0
2026-08-05 10:35:23.929,1997569,299631,149998032,1179.887370,,491.179,0x00,0x00,CURRENT,1,0,OK,2.0,1.998,300.0,150.0,,1179.904,,,39.0,599.0
2026-08-05 10:35:24.245,1997549,299628,149998064,1179.887708,,491.495,0x00,0x00,CURRENT,1,0,OK,2.0,1.998,300.0,150.0,,1179.904,,,39.0,599.0
2026-08-05 10:35:24.445,1997599,299636,149997904,1179.886018,,491.695,0x00,0x00,CURRENT,1,0,OK,2.0,1.998,300.0,150.0,,1179.904,,,39.0,599.0
2026-08-05 10:35:24.645,1997609,299638,149998528,1179.892607,,491.895,0x00,0x00,CURRENT,1,0,OK,2.0,1.998,300.0,150.0,,1179.904,,,39.0,599.0
2026-08-05 10:35:24.929,1998445,299765,149999232,1179.900041,,492.178,0x00,0x00,CURRENT,1,0,OK,2.0,1.998,300.0,150.0,,1179.904,,,39.0,599.0
2026-08-05 10:35:25.245,1999073,299854,149996576,1179.871995,,492.494,0x00,0x00,CURRENT,1,0,OK,2.0,1.998,300.0,150.0,,1179.904,,,39.0,599.0
2026-08-05 10:35:25.444,1999553,299927,149996768,1179.874022,,492.694,0x00,0x00,CURRENT,1,0,OK,2.0,1.998,300.0,150.0,,1179.904,,,39.0,599.0
2026-08-05 10:35:25.645,1999895,299980,149997680,1179.883653,,492.894,0x00,0x00,CURRENT,1,0,OK,2.0,1.998,300.0,150.002,,1179.929,,,39.0,599.0
2026-08-05 10:35:25.929,2000095,300008,149997040,1179.876895,,493.179,0x00,0x00,CURRENT,1,0,OK,2.0,1.998,300.0,150.002,,1179.929,,,39.0,599.0
2026-08-05 10:35:26.244,2000292,300037,149996416,1179.870305,,493.494,0x00,0x00,CURRENT,1,0,OK,2.0,1.998,300.0,150.002,,1179.929,,,39.0,599.0
2026-08-05 10:35:26.445,2000477,300064,149996080,1179.866757,,493.695,0x00,0x00,CURRENT,1,0,OK,2.0,1.998,300.0,150.002,,1179.929,,,39.0,599.0
2026-08-05 10:35:26.646,2000606,300085,149997120,1179.877739,,493.896,0x00,0x00,CURRENT,1,0,OK,2.0,1.998,300.0,150.002,,1179.929,,,39.0,599.0
2026-08-05 10:35:26.929,2000721,300104,149997712,1179.883991,,494.178,0x00,0x00,CURRENT,1,0,OK,2.0,1.998,300.0,150.002,,1179.929,,,39.0,599.0
2026-08-05 10:35:27.245,2000817,300118,149997680,1179.883653,,494.495,0x00,0x00,CURRENT,1,0,OK,2.0,1.998,300.0,150.002,,1179.929,,,39.0,599.0
2026-08-05 10:35:27.447,2000899,300126,149995808,1179.863885,,494.697,0x00,0x00,CURRENT,1,0,OK,2.0,1.998,300.0,150.002,,1179.929,,,39.0,599.0
2026-08-05 10:35:27.645,2000960,300137,149996368,1179.869798,,494.894,0x00,0x00,CURRENT,1,0,OK,2.0,2.0,300.0,150.0,,1179.911,,,39.0,600.0
2026-08-05 10:35:27.929,2000949,300138,149997552,1179.882301,,495.179,0x00,0x00,CURRENT,1,0,OK,2.0,2.0,300.0,150.0,,1179.911,,,39.0,600.0
2026-08-05 10:35:28.245,2000998,300144,149997376,1179.880443,,495.495,0x00,0x00,CURRENT,1,0,OK,2.0,2.0,300.0,150.0,,1179.911,,,39.0,600.0
2026-08-05 10:35:28.444,2001006,300146,149997680,1179.883653,,495.693,0x00,0x00,CURRENT,1,0,OK,2.0,2.0,300.0,150.0,,1179.911,,,39.0,600.0
2026-08-05 10:35:28.645,2001040,300149,149996256,1179.868616,,495.894,0x00,0x00,CURRENT,1,0,OK,2.0,2.0,300.0,150.0,,1179.911,,,39.0,600.0
2026-08-05 10:35:28.929,2001038,300147,149995808,1179.863885,,496.178,0x00,0x00,CURRENT,1,0,OK,2.0,2.0,300.0,150.0,,1179.911,,,39.0,600.0
2026-08-05 10:35:29.244,2001018,300147,149997232,1179.878922,,496.494,0x00,0x00,CURRENT,1,0,OK,2.0,2.0,300.0,150.0,,1179.911,,,39.0,600.0
2026-08-05 10:35:29.447,2001021,300150,149998336,1179.890580,,496.697,0x00,0x00,CURRENT,1,0,OK,2.0,2.0,300.0,150.0,,1179.911,,,39.0,600.0
2026-08-05 10:35:29.645,2001051,300153,149997520,1179.881963,,496.894,0x00,0x00,CURRENT,1,0,OK,2.0,2.001,300.0,150.0,,1179.905,,,39.0,600.0
2026-08-05 10:35:29.929,2000245,300033,149997968,1179.886694,,497.178,0x00,0x00,CURRENT,1,0,OK,2.0,2.001,300.0,150.0,,1179.905,,,39.0,600.0
2026-08-05 10:35:30.245,1999602,299937,149998416,1179.891425,,497.494,0x00,0x00,CURRENT,1,0,OK,2.0,2.001,300.0,150.0,,1179.905,,,39.0,600.0
2026-08-05 10:35:30.445,1999121,299869,150000688,1179.915416,,497.694,0x00,0x00,CURRENT,1,0,OK,2.0,2.001,300.0,150.0,,1179.905,,,39.0,600.0
2026-08-05 10:35:30.645,1998769,299817,150000640,1179.914909,,497.894,0x00,0x00,CURRENT,1,0,OK,2.0,2.001,300.0,150.0,,1179.905,,,39.0,600.0
2026-08-05 10:35:30.929,1999325,299897,149999120,1179.898859,,498.178,0x00,0x00,CURRENT,1,0,OK,2.0,2.001,300.0,150.0,,1179.905,,,39.0,600.0
2026-08-05 10:35:31.245,1999714,299958,150000512,1179.913558,,498.494,0x00,0x00,CURRENT,1,0,OK,2.0,2.001,300.0,150.0,,1179.905,,,39.0,600.0
2026-08-05 10:35:31.447,2000053,300005,149998592,1179.893283,,498.697,0x00,0x00,CURRENT,1,0,OK,2.0,2.001,300.0,150.0,,1179.905,,,39.0,600.0
2026-08-05 10:35:31.645,2000251,300036,149999184,1179.899535,,498.894,0x00,0x00,CURRENT,1,0,OK,2.0,2.0,300.0,150.0,,1179.913,,,39.0,600.0
2026-08-05 10:35:31.929,2000455,300067,149999248,1179.900210,,499.179,0x00,0x00,CURRENT,1,0,OK,2.0,2.0,300.0,150.0,,1179.913,,,39.0,600.0
2026-08-05 10:35:32.245,2000543,300079,149998656,1179.893959,,499.495,0x00,0x00,CURRENT,1,0,OK,2.0,2.0,300.0,150.0,,1179.913,,,39.0,600.0
2026-08-05 10:35:32.445,2000647,300096,149999296,1179.900717,,499.694,0x00,0x00,CURRENT,1,0,OK,2.0,2.0,300.0,150.0,,1179.913,,,39.0,600.0
2026-08-05 10:35:32.645,2000696,300102,149998880,1179.896324,,499.894,0x00,0x00,CURRENT,1,0,OK,2.0,2.0,300.0,150.0,,1179.913,,,39.0,600.0
2026-08-05 10:35:32.929,1999894,299983,149999392,1179.901731,,500.178,0x00,0x00,CURRENT,1,0,OK,2.0,2.0,300.0,150.0,,1179.913,,,39.0,600.0
2026-08-05 10:35:33.245,1999274,299893,150001072,1179.919471,,500.494,0x00,0x00,CURRENT,1,0,OK,2.0,2.0,300.0,150.0,,1179.913,,,39.0,600.0
2026-08-05 10:35:33.445,1998744,299815,150001776,1179.926905,,500.695,0x00,0x00,CURRENT,1,0,OK,2.0,2.0,300.0,150.0,,1179.913,,,39.0,600.0
2026-08-05 10:35:33.645,1998430,299769,150002304,1179.932481,,500.895,0x00,0x00,CURRENT,1,0,OK,2.0,2.0,300.0,150.0,,1179.909,,,39.0,600.0
2026-08-05 10:35:33.929,1999071,299863,150001344,1179.922343,,501.178,0x00,0x00,CURRENT,1,0,OK,2.0,2.0,300.0,150.0,,1179.909,,,39.0,600.0
2026-08-05 10:35:34.245,1999542,299930,149999376,1179.901562,,501.494,0x00,0x00,CURRENT,1,0,OK,2.0,2.0,300.0,150.0,,1179.909,,,39.0,600.0
2026-08-05 10:35:34.445,1999887,299984,150000624,1179.914740,,501.694,0x00,0x00,CURRENT,1,0,OK,2.0,2.0,300.0,150.0,,1179.909,,,39.0,600.0
2026-08-05 10:35:34.646,2000163,300025,150000000,1179.908151,,501.895,0x00,0x00,CURRENT,1,0,OK,2.0,2.0,300.0,150.0,,1179.909,,,39.0,600.0
2026-08-05 10:35:34.929,2000380,300055,149998848,1179.895986,,502.178,0x00,0x00,CURRENT,1,0,OK,2.0,2.0,300.0,150.0,,1179.909,,,39.0,600.0
2026-08-05 10:35:35.245,2000571,300080,149997360,1179.880274,,502.495,0x00,0x00,CURRENT,1,0,OK,2.0,2.0,300.0,150.0,,1179.909,,,39.0,600.0
2026-08-05 10:35:35.445,2000658,300094,149997760,1179.884498,,502.695,0x00,0x00,CURRENT,1,0,OK,2.0,2.0,300.0,150.0,,1179.909,,,39.0,600.0
2026-08-05 10:35:35.645,2000761,300112,149998848,1179.895986,,502.894,0x00,0x00,CURRENT,1,0,OK,2.0,2.0,300.0,149.998,,1179.89,,,39.0,600.0
2026-08-05 10:35:35.929,2000800,300119,149999632,1179.904265,,503.178,0x00,0x00,CURRENT,1,0,OK,2.0,2.0,300.0,149.998,,1179.89,,,39.0,600.0
2026-08-05 10:35:36.245,2000830,300119,149997216,1179.878753,,503.495,0x00,0x00,CURRENT,1,0,OK,2.0,2.0,300.0,149.998,,1179.89,,,39.0,600.0
2026-08-05 10:35:36.444,2000060,300002,149996304,1179.869123,,503.694,0x00,0x00,CURRENT,1,0,OK,2.0,2.0,300.0,149.998,,1179.89,,,39.0,600.0
2026-08-05 10:35:36.644,1999436,299911,149997680,1179.883653,,503.893,0x00,0x00,CURRENT,1,0,OK,2.0,2.0,300.0,149.998,,1179.89,,,39.0,600.0
2026-08-05 10:35:36.929,1999769,299965,149999680,1179.904772,,504.178,0x00,0x00,CURRENT,1,0,OK,2.0,2.0,300.0,149.998,,1179.89,,,39.0,600.0
2026-08-05 10:35:37.244,2000075,300008,149998256,1179.889735,,504.493,0x00,0x00,CURRENT,1,0,OK,2.0,2.0,300.0,149.998,,1179.89,,,39.0,600.0
2026-08-05 10:35:37.446,2000268,300036,149998048,1179.887539,,504.696,0x00,0x00,CURRENT,1,0,OK,2.0,2.0,300.0,149.998,,1179.89,,,39.0,600.0
2026-08-05 10:35:37.645,2000431,300061,149998192,1179.889059,,504.894,0x00,0x00,CURRENT,1,0,OK,2.0,2.0,300.0,149.998,,1179.892,,,39.0,600.0
2026-08-05 10:35:37.929,1999667,299949,149999664,1179.904603,,505.178,0x00,0x00,CURRENT,1,0,OK,2.0,2.0,300.0,149.998,,1179.892,,,39.0,600.0
2026-08-05 10:35:38.245,1999114,299872,150002304,1179.932481,,505.494,0x00,0x00,CURRENT,1,0,OK,2.0,2.0,300.0,149.998,,1179.892,,,39.0,600.0
2026-08-05 10:35:38.444,1999593,299941,150000848,1179.917106,,505.694,0x00,0x00,CURRENT,1,0,OK,2.0,2.0,300.0,149.998,,1179.892,,,39.0,600.0
2026-08-05 10:35:38.644,1999934,299991,150000432,1179.912713,,505.893,0x00,0x00,CURRENT,1,0,OK,2.0,2.0,300.0,149.998,,1179.892,,,39.0,600.0
2026-08-05 10:35:38.929,2000180,300025,149998944,1179.897000,,506.178,0x00,0x00,CURRENT,1,0,OK,2.0,2.0,300.0,149.998,,1179.892,,,39.0,600.0
2026-08-05 10:35:39.244,2000346,300053,150000496,1179.913389,,506.494,0x00,0x00,CURRENT,1,0,OK,2.0,2.0,300.0,149.998,,1179.892,,,39.0,600.0
2026-08-05 10:35:39.444,1999641,299949,150001376,1179.922681,,506.694,0x00,0x00,CURRENT,1,0,OK,2.0,2.0,300.0,149.998,,1179.892,,,39.0,600.0
2026-08-05 10:35:39.645,1999169,299875,149999792,1179.905955,,506.894,0x00,0x00,CURRENT,1,0,OK,2.0,2.0,300.0,149.999,,1179.898,,,39.0,600.0
2026-08-05 10:35:39.929,1999634,299944,149999264,1179.900379,,507.178,0x00,0x00,CURRENT,1,0,OK,2.0,2.0,300.0,149.999,,1179.898,,,39.0,600.0
2026-08-05 10:35:40.246,1999956,299994,150000240,1179.910686,,507.495,0x00,0x00,CURRENT,1,0,OK,2.0,2.0,300.0,149.999,,1179.898,,,39.0,600.0
2026-08-05 10:35:40.445,2000178,300028,150000848,1179.917106,,507.694,0x00,0x00,CURRENT,1,0,OK,2.0,2.0,300.0,149.999,,1179.898,,,39.0,600.0
2026-08-05 10:35:40.644,2000307,300047,150000688,1179.915416,,507.893,0x00,0x00,CURRENT,1,0,OK,2.0,2.0,300.0,149.999,,1179.898,,,39.0,600.0
2026-08-05 10:35:40.929,2000460,300070,150000544,1179.913896,,508.178,0x00,0x00,CURRENT,1,0,OK,3.0,2.0,300.0,149.999,,1179.898,,,39.0,600.0
2026-08-05 10:35:41.245,2175512,326326,149999392,1179.901731,,508.494,0x00,0x00,CURRENT,1,0,OK,3.0,2.0,300.0,149.999,,1179.898,,,39.0,600.0
2026-08-05 10:35:41.445,2175485,326323,150000208,1179.910348,,508.694,0x00,0x00,CURRENT,1,0,OK,3.0,2.0,300.0,149.999,,1179.898,,,39.0,600.0
2026-08-05 10:35:41.649,2217397,332611,150000768,1179.916261,,508.898,0x00,0x00,CURRENT,1,0,OK,3.0,2.045,307.0,150.0,,1179.903,,,47.0,627.0
2026-08-05 10:35:41.844,2248831,337324,149999888,1179.906969,,509.093,0x00,0x00,CURRENT,1,0,OK,3.0,2.045,307.0,150.0,,1179.903,,,47.0,627.0
2026-08-05 10:35:42.129,2310985,346647,149999888,1179.906969,,509.378,0x00,0x00,CURRENT,1,0,OK,3.0,2.045,307.0,150.0,,1179.903,,,47.0,627.0
2026-08-05 10:35:42.445,2357572,353638,150001088,1179.919640,,509.694,0x00,0x00,CURRENT,1,0,OK,3.0,2.045,307.0,150.0,,1179.903,,,47.0,627.0
2026-08-05 10:35:42.645,2426980,364046,149999808,1179.906124,,509.894,0x00,0x00,CURRENT,1,0,OK,3.0,2.045,307.0,150.0,,1179.903,,,47.0,627.0
2026-08-05 10:35:42.845,2479026,371852,149999280,1179.900548,,510.094,0x00,0x00,CURRENT,1,0,OK,3.0,2.045,307.0,150.0,,1179.903,,,47.0,627.0
2026-08-05 10:35:43.129,2548204,382234,150001248,1179.921330,,510.378,0x00,0x00,CURRENT,1,0,OK,3.0,2.045,307.0,150.0,,1179.903,,,47.0,627.0
2026-08-05 10:35:43.444,2600143,390028,150002416,1179.933663,,510.694,0x00,0x00,CURRENT,1,0,OK,3.0,2.045,307.0,150.0,,1179.903,,,47.0,627.0
2026-08-05 10:35:43.649,2664282,399648,150002048,1179.929777,,510.898,0x00,0x00,CURRENT,1,0,OK,3.0,2.428,364.0,150.0,,1179.913,,,59.0,885.0
2026-08-05 10:35:43.845,2712386,406862,150001616,1179.925216,,511.094,0x00,0x00,CURRENT,1,0,OK,3.0,2.428,364.0,150.0,,1179.913,,,59.0,885.0
2026-08-05 10:35:44.128,2768624,415300,150002240,1179.931805,,511.378,0x00,0x00,CURRENT,1,0,OK,3.0,2.428,364.0,150.0,,1179.913,,,59.0,885.0
2026-08-05 10:35:44.446,2810850,421631,150001104,1179.919809,,511.695,0x00,0x00,CURRENT,1,0,OK,3.0,2.428,364.0,150.0,,1179.913,,,59.0,885.0
2026-08-05 10:35:44.646,2858457,428770,150000512,1179.913558,,511.895,0x00,0x00,CURRENT,1,0,OK,3.0,2.428,364.0,150.0,,1179.913,,,59.0,885.0
2026-08-05 10:35:44.845,2894116,434118,150000176,1179.910010,,512.094,0x00,0x00,CURRENT,1,0,OK,3.0,2.428,364.0,150.0,,1179.913,,,59.0,885.0
2026-08-05 10:35:45.129,2933526,440028,149999632,1179.904265,,512.379,0x00,0x00,CURRENT,1,0,OK,3.0,2.428,364.0,150.0,,1179.913,,,59.0,885.0
2026-08-05 10:35:45.445,2963038,444457,150000496,1179.913389,,512.695,0x00,0x00,CURRENT,1,0,OK,3.0,2.428,364.0,150.0,,1179.913,,,59.0,885.0
2026-08-05 10:35:45.649,2993653,449045,149999056,1179.898183,,512.898,0x00,0x00,CURRENT,1,0,OK,3.0,2.808,421.0,150.001,,1179.918,,,64.0,1183.0
2026-08-05 10:35:45.845,3016531,452479,149999648,1179.904434,,513.094,0x00,0x00,CURRENT,1,0,OK,3.0,2.808,421.0,150.001,,1179.918,,,64.0,1183.0
2026-08-05 10:35:46.130,3038750,455812,149999696,1179.904941,,513.379,0x00,0x00,CURRENT,1,0,OK,3.0,2.808,421.0,150.001,,1179.918,,,64.0,1183.0
2026-08-05 10:35:46.445,3055415,458312,149999840,1179.906462,,513.694,0x00,0x00,CURRENT,1,0,OK,3.0,2.808,421.0,150.001,,1179.918,,,64.0,1183.0
2026-08-05 10:35:46.646,3071259,460689,150000160,1179.909841,,513.895,0x00,0x00,CURRENT,1,0,OK,3.0,2.808,421.0,150.001,,1179.918,,,64.0,1183.0
2026-08-05 10:35:46.845,3083124,462467,149999440,1179.902238,,514.094,0x00,0x00,CURRENT,1,0,OK,3.0,2.808,421.0,150.001,,1179.918,,,64.0,1183.0
2026-08-05 10:35:47.130,3092927,463936,149999072,1179.898352,,514.379,0x00,0x00,CURRENT,1,0,OK,3.0,2.808,421.0,150.001,,1179.918,,,64.0,1183.0
2026-08-05 10:35:47.445,3100241,465031,149998496,1179.892269,,514.695,0x00,0x00,CURRENT,1,0,OK,3.0,2.808,421.0,150.001,,1179.918,,,64.0,1183.0
2026-08-05 10:35:47.649,3104889,465731,149999424,1179.902069,,514.898,0x00,0x00,CURRENT,1,0,OK,3.0,3.016,452.0,150.0,,1179.905,,,65.0,1364.0
2026-08-05 10:35:47.846,3108318,466248,150000224,1179.910517,,515.095,0x00,0x00,CURRENT,1,0,OK,3.0,3.016,452.0,150.0,,1179.905,,,65.0,1364.0
2026-08-05 10:35:48.130,3109268,466392,150000560,1179.914065,,515.379,0x00,0x00,CURRENT,1,0,OK,3.0,3.016,452.0,150.0,,1179.905,,,65.0,1364.0
2026-08-05 10:35:48.446,3109999,466501,150000192,1179.910179,,515.695,0x00,0x00,CURRENT,1,0,OK,3.0,3.016,452.0,150.0,,1179.905,,,65.0,1364.0
2026-08-05 10:35:48.645,3108041,466204,149999264,1179.900379,,515.894,0x00,0x00,CURRENT,1,0,OK,3.0,3.016,452.0,150.0,,1179.905,,,65.0,1364.0
2026-08-05 10:35:48.845,3106525,465980,150000352,1179.911868,,516.094,0x00,0x00,CURRENT,1,0,OK,3.0,3.016,452.0,150.0,,1179.905,,,65.0,1364.0
2026-08-05 10:35:49.130,3102061,465306,149999056,1179.898183,,516.379,0x00,0x00,CURRENT,1,0,OK,3.0,3.016,452.0,150.0,,1179.905,,,65.0,1364.0
2026-08-05 10:35:49.445,3098732,464806,149998672,1179.894128,,516.695,0x00,0x00,CURRENT,1,0,OK,3.0,3.016,452.0,150.0,,1179.905,,,65.0,1364.0
2026-08-05 10:35:49.649,3092879,463926,149998272,1179.889904,,516.898,0x00,0x00,CURRENT,1,0,OK,3.0,3.075,461.0,150.0,,1179.91,,,64.0,1418.0
2026-08-05 10:35:49.845,3088462,463264,149998448,1179.891763,,517.094,0x00,0x00,CURRENT,1,0,OK,3.0,3.075,461.0,150.0,,1179.91,,,64.0,1418.0
2026-08-05 10:35:50.130,3081756,462260,149998976,1179.897338,,517.379,0x00,0x00,CURRENT,1,0,OK,3.0,3.075,461.0,150.0,,1179.91,,,64.0,1418.0
2026-08-05 10:35:50.443,3076736,461508,149999360,1179.901393,,517.693,0x00,0x00,CURRENT,1,0,OK,3.0,3.075,461.0,150.0,,1179.91,,,64.0,1418.0
2026-08-05 10:35:50.645,3069569,460436,150000240,1179.910686,,517.894,0x00,0x00,CURRENT,1,0,OK,3.0,3.075,461.0,150.0,,1179.91,,,64.0,1418.0
2026-08-05 10:35:50.844,3064175,459631,150001680,1179.925891,,518.094,0x00,0x00,CURRENT,1,0,OK,3.0,3.075,461.0,150.0,,1179.91,,,64.0,1418.0
2026-08-05 10:35:51.130,3057641,458650,150001392,1179.922850,,518.379,0x00,0x00,CURRENT,1,0,OK,3.0,3.075,461.0,150.0,,1179.91,,,64.0,1418.0
2026-08-05 10:35:51.445,3052778,457918,150000272,1179.911023,,518.695,0x00,0x00,CURRENT,1,0,OK,3.0,3.075,461.0,150.0,,1179.91,,,64.0,1418.0
2026-08-05 10:35:51.649,3046577,456990,150001264,1179.921499,,518.898,0x00,0x00,CURRENT,1,0,OK,3.0,3.059,459.0,150.0,,1179.904,,,62.0,1403.0
2026-08-05 10:35:51.844,3041926,456292,150001152,1179.920316,,519.093,0x00,0x00,CURRENT,1,0,OK,3.0,3.059,459.0,150.0,,1179.904,,,62.0,1403.0
2026-08-05 10:35:52.130,3035940,455392,150000480,1179.913220,,519.379,0x00,0x00,CURRENT,1,0,OK,3.0,3.059,459.0,150.0,,1179.904,,,62.0,1403.0
2026-08-05 10:35:52.445,3031394,454709,150000064,1179.908827,,519.694,0x00,0x00,CURRENT,1,0,OK,3.0,3.059,459.0,150.0,,1179.904,,,62.0,1403.0
2026-08-05 10:35:52.645,3026335,453950,149999840,1179.906462,,519.894,0x00,0x00,CURRENT,1,0,OK,3.0,3.059,459.0,150.0,,1179.904,,,62.0,1403.0
2026-08-05 10:35:52.845,3022532,453379,149999616,1179.904096,,520.094,0x00,0x00,CURRENT,1,0,OK,3.0,3.059,459.0,150.0,,1179.904,,,62.0,1403.0
2026-08-05 10:35:53.130,3017973,452700,150001488,1179.923864,,520.379,0x00,0x00,CURRENT,1,0,OK,3.0,3.059,459.0,150.0,,1179.904,,,62.0,1403.0
2026-08-05 10:35:53.446,3014592,452192,150001232,1179.921161,,520.695,0x00,0x00,CURRENT,1,0,OK,3.0,3.059,459.0,150.0,,1179.904,,,62.0,1403.0
2026-08-05 10:35:53.650,3011264,451690,150000240,1179.910686,,520.899,0x00,0x00,CURRENT,1,0,OK,3.0,3.027,454.0,150.0,,1179.906,,,62.0,1375.0
2026-08-05 10:35:53.845,3008730,451310,150000160,1179.909841,,521.094,0x00,0x00,CURRENT,1,0,OK,3.0,3.027,454.0,150.0,,1179.906,,,62.0,1375.0
2026-08-05 10:35:54.130,3005106,450766,150000160,1179.909841,,521.379,0x00,0x00,CURRENT,1,0,OK,3.0,3.027,454.0,150.0,,1179.906,,,62.0,1375.0
2026-08-05 10:35:54.445,3002406,450361,150000080,1179.908996,,521.694,0x00,0x00,CURRENT,1,0,OK,3.0,3.027,454.0,150.0,,1179.906,,,62.0,1375.0
2026-08-05 10:35:54.645,3000381,450056,149999552,1179.903420,,521.894,0x00,0x00,CURRENT,1,0,OK,3.0,3.027,454.0,150.0,,1179.906,,,62.0,1375.0
2026-08-05 10:35:54.845,2998891,449830,149998960,1179.897169,,522.094,0x00,0x00,CURRENT,1,0,OK,3.0,3.027,454.0,150.0,,1179.906,,,62.0,1375.0
2026-08-05 10:35:55.130,2996943,449537,149998544,1179.892776,,522.379,0x00,0x00,CURRENT,1,0,OK,3.0,3.027,454.0,150.0,,1179.906,,,62.0,1375.0
2026-08-05 10:35:55.445,2995464,449317,149999216,1179.899872,,522.695,0x00,0x00,CURRENT,1,0,OK,3.0,3.027,454.0,150.0,,1179.906,,,62.0,1375.0
2026-08-05 10:35:55.649,2994308,449146,150000096,1179.909165,,522.898,0x00,0x00,CURRENT,1,0,OK,3.0,3.005,451.0,150.0,,1179.905,,,62.0,1354.0
2026-08-05 10:35:55.843,2993478,449020,149999344,1179.901224,,523.093,0x00,0x00,CURRENT,1,0,OK,3.0,3.005,451.0,150.0,,1179.905,,,62.0,1354.0
2026-08-05 10:35:56.129,2992884,448929,149998976,1179.897338,,523.379,0x00,0x00,CURRENT,1,0,OK,3.0,3.005,451.0,150.0,,1179.905,,,62.0,1354.0
2026-08-05 10:35:56.445,2992382,448857,149999968,1179.907813,,523.694,0x00,0x00,CURRENT,1,0,OK,3.0,3.005,451.0,150.0,,1179.905,,,62.0,1354.0
2026-08-05 10:35:56.644,2992043,448804,149999088,1179.898521,,523.894,0x00,0x00,CURRENT,1,0,OK,3.0,3.005,451.0,150.0,,1179.905,,,62.0,1354.0
2026-08-05 10:35:56.844,2991789,448767,149999472,1179.902576,,524.094,0x00,0x00,CURRENT,1,0,OK,3.0,3.005,451.0,150.0,,1179.905,,,62.0,1354.0
2026-08-05 10:35:57.129,2991561,448732,149999424,1179.902069,,524.379,0x00,0x00,CURRENT,1,0,OK,3.0,3.005,451.0,150.0,,1179.905,,,62.0,1354.0
2026-08-05 10:35:57.445,2991418,448715,150000736,1179.915923,,524.695,0x00,0x00,CURRENT,1,0,OK,3.0,3.005,451.0,150.0,,1179.905,,,62.0,1354.0
2026-08-05 10:35:57.649,2991310,448699,150000768,1179.916261,,524.898,0x00,0x00,CURRENT,1,0,OK,3.0,2.995,449.0,149.999,,1179.894,,,62.0,1346.0
2026-08-05 10:35:57.845,2991239,448687,150000480,1179.913220,,525.095,0x00,0x00,CURRENT,1,0,OK,3.0,2.995,449.0,149.999,,1179.894,,,62.0,1346.0
2026-08-05 10:35:58.129,2992090,448811,149999056,1179.898183,,525.379,0x00,0x00,CURRENT,1,0,OK,3.0,2.995,449.0,149.999,,1179.894,,,62.0,1346.0
2026-08-05 10:35:58.444,2992672,448900,149999584,1179.903758,,525.694,0x00,0x00,CURRENT,1,0,OK,3.0,2.995,449.0,149.999,,1179.894,,,62.0,1346.0
2026-08-05 10:35:58.644,2993128,448967,149999200,1179.899703,,525.894,0x00,0x00,CURRENT,1,0,OK,3.0,2.995,449.0,149.999,,1179.894,,,62.0,1346.0
2026-08-05 10:35:58.846,2993432,449013,149999504,1179.902914,,526.095,0x00,0x00,CURRENT,1,0,OK,3.0,2.995,449.0,149.999,,1179.894,,,62.0,1346.0
2026-08-05 10:35:59.130,2993697,449050,149998352,1179.890749,,526.379,0x00,0x00,CURRENT,1,0,OK,3.0,2.995,449.0,149.999,,1179.894,,,62.0,1346.0
2026-08-05 10:35:59.445,2993849,449074,149998768,1179.895142,,526.694,0x00,0x00,CURRENT,1,0,OK,3.0,2.995,449.0,149.999,,1179.894,,,62.0,1346.0
2026-08-05 10:35:59.648,2994821,449218,149998304,1179.890242,,526.898,0x00,0x00,CURRENT,1,0,OK,3.0,2.994,449.0,149.998,,1179.89,,,62.0,1345.0
2026-08-05 10:35:59.844,2995541,449329,149999392,1179.901731,,527.094,0x00,0x00,CURRENT,1,0,OK,3.0,2.994,449.0,149.998,,1179.89,,,62.0,1345.0
2026-08-05 10:36:00.129,2996062,449405,149998560,1179.892945,,527.379,0x00,0x00,CURRENT,1,0,OK,3.0,2.994,449.0,149.998,,1179.89,,,62.0,1345.0
2026-08-05 10:36:00.444,2996462,449465,149998656,1179.893959,,527.694,0x00,0x00,CURRENT,1,0,OK,3.0,2.994,449.0,149.998,,1179.89,,,62.0,1345.0
2026-08-05 10:36:00.644,2996772,449517,150000288,1179.911192,,527.894,0x00,0x00,CURRENT,1,0,OK,3.0,2.994,449.0,149.998,,1179.89,,,62.0,1345.0
2026-08-05 10:36:00.845,2997013,449555,150001104,1179.919809,,528.094,0x00,0x00,CURRENT,1,0,OK,3.0,2.994,449.0,149.998,,1179.89,,,62.0,1345.0
2026-08-05 10:36:01.129,2997222,449586,150000960,1179.918288,,528.379,0x00,0x00,CURRENT,1,0,OK,3.0,2.994,449.0,149.998,,1179.89,,,62.0,1345.0
2026-08-05 10:36:01.446,2997388,449612,150001280,1179.921668,,528.695,0x00,0x00,CURRENT,1,0,OK,3.0,2.994,449.0,149.998,,1179.89,,,62.0,1345.0
2026-08-05 10:36:01.649,2997485,449626,150001216,1179.920992,,528.899,0x00,0x00,CURRENT,1,0,OK,3.0,2.997,450.0,150.0,,1179.904,,,62.0,1347.0
2026-08-05 10:36:01.844,2997501,449627,150000688,1179.915416,,529.094,0x00,0x00,CURRENT,1,0,OK,3.0,2.997,450.0,150.0,,1179.904,,,62.0,1347.0
2026-08-05 10:36:02.129,2998362,449756,150000528,1179.913727,,529.379,0x00,0x00,CURRENT,1,0,OK,3.0,2.997,450.0,150.0,,1179.904,,,62.0,1347.0
2026-08-05 10:36:02.443,2999007,449852,150000272,1179.911023,,529.693,0x00,0x00,CURRENT,1,0,OK,3.0,2.997,450.0,150.0,,1179.904,,,62.0,1347.0
2026-08-05 10:36:02.644,2999547,449930,149999264,1179.900379,,529.894,0x00,0x00,CURRENT,1,0,OK,3.0,2.997,450.0,150.0,,1179.904,,,62.0,1347.0
2026-08-05 10:36:02.844,2999868,449980,149999792,1179.905955,,530.094,0x00,0x00,CURRENT,1,0,OK,3.0,2.997,450.0,150.0,,1179.904,,,62.0,1347.0
2026-08-05 10:36:03.129,3000165,450021,149998656,1179.893959,,530.379,0x00,0x00,CURRENT,1,0,OK,3.0,2.997,450.0,150.0,,1179.904,,,62.0,1347.0
2026-08-05 10:36:03.445,3000406,450055,149997920,1179.886187,,530.694,0x00,0x00,CURRENT,1,0,OK,3.0,2.997,450.0,150.0,,1179.904,,,62.0,1347.0
2026-08-05 10:36:03.649,3000559,450076,149997344,1179.880105,,530.898,0x00,0x00,CURRENT,1,0,OK,3.0,2.999,450.0,150.001,,1179.922,,,62.0,1349.0
2026-08-05 10:36:03.845,3000655,450093,149998336,1179.890580,,531.094,0x00,0x00,CURRENT,1,0,OK,3.0,2.999,450.0,150.001,,1179.922,,,62.0,1349.0
2026-08-05 10:36:04.130,3000755,450110,149999024,1179.897845,,531.379,0x00,0x00,CURRENT,1,0,OK,3.0,2.999,450.0,150.001,,1179.922,,,62.0,1349.0
2026-08-05 10:36:04.444,3000821,450119,149998608,1179.893452,,531.694,0x00,0x00,CURRENT,1,0,OK,3.0,2.999,450.0,150.001,,1179.922,,,62.0,1349.0
2026-08-05 10:36:04.644,3000842,450125,149999456,1179.902407,,531.894,0x00,0x00,CURRENT,1,0,OK,3.0,2.999,450.0,150.001,,1179.922,,,62.0,1349.0
2026-08-05 10:36:04.844,3000895,450129,149998208,1179.889228,,532.094,0x00,0x00,CURRENT,1,0,OK,3.0,2.999,450.0,150.001,,1179.922,,,62.0,1349.0
2026-08-05 10:36:05.129,3000944,450135,149997728,1179.884160,,532.379,0x00,0x00,CURRENT,1,0,OK,3.0,2.999,450.0,150.001,,1179.922,,,62.0,1349.0
2026-08-05 10:36:05.445,3000944,450139,149999120,1179.898859,,532.695,0x00,0x00,CURRENT,1,0,OK,3.0,2.999,450.0,150.001,,1179.922,,,62.0,1349.0
2026-08-05 10:36:05.649,3000925,450138,149999696,1179.904941,,532.899,0x00,0x00,CURRENT,1,0,OK,3.0,3.0,450.0,150.0,,1179.905,,,62.0,1350.0
2026-08-05 10:36:05.844,3000976,450141,149998272,1179.889904,,533.094,0x00,0x00,CURRENT,1,0,OK,3.0,3.0,450.0,150.0,,1179.905,,,62.0,1350.0
2026-08-05 10:36:06.129,3001005,450142,149997104,1179.877570,,533.379,0x00,0x00,CURRENT,1,0,OK,3.0,3.0,450.0,150.0,,1179.905,,,62.0,1350.0
2026-08-05 10:36:06.445,3001036,450150,149998064,1179.887708,,533.695,0x00,0x00,CURRENT,1,0,OK,3.0,3.0,450.0,150.0,,1179.905,,,62.0,1350.0
2026-08-05 10:36:06.645,3001050,450151,149997904,1179.886018,,533.895,0x00,0x00,CURRENT,1,0,OK,3.0,3.0,450.0,150.0,,1179.905,,,62.0,1350.0
2026-08-05 10:36:06.845,3001098,450158,149997824,1179.885173,,534.095,0x00,0x00,CURRENT,1,0,OK,3.0,3.0,450.0,150.0,,1179.905,,,62.0,1350.0
2026-08-05 10:36:07.129,3001124,450163,149998064,1179.887708,,534.379,0x00,0x00,CURRENT,1,0,OK,3.0,3.0,450.0,150.0,,1179.905,,,62.0,1350.0
2026-08-05 10:36:07.445,3001126,450166,149999184,1179.899535,,534.695,0x00,0x00,CURRENT,1,0,OK,3.0,3.0,450.0,150.0,,1179.905,,,62.0,1350.0
2026-08-05 10:36:07.648,3001108,450166,149999856,1179.906631,,534.898,0x00,0x00,CURRENT,1,0,OK,3.0,3.001,450.0,150.001,,1179.916,,,62.0,1351.0
2026-08-05 10:36:07.844,3001057,450162,150000992,1179.918626,,535.094,0x00,0x00,CURRENT,1,0,OK,3.0,3.001,450.0,150.001,,1179.916,,,62.0,1351.0
2026-08-05 10:36:08.129,3001066,450161,150000192,1179.910179,,535.379,0x00,0x00,CURRENT,1,0,OK,3.0,3.001,450.0,150.001,,1179.916,,,62.0,1351.0
2026-08-05 10:36:08.445,3001045,450157,150000256,1179.910854,,535.695,0x00,0x00,CURRENT,1,0,OK,3.0,3.001,450.0,150.001,,1179.916,,,62.0,1351.0
2026-08-05 10:36:08.645,3001084,450162,149999840,1179.906462,,535.895,0x00,0x00,CURRENT,1,0,OK,3.0,3.001,450.0,150.001,,1179.916,,,62.0,1351.0
2026-08-05 10:36:08.845,3001124,450167,149999360,1179.901393,,536.095,0x00,0x00,CURRENT,1,0,OK,3.0,3.001,450.0,150.001,,1179.916,,,62.0,1351.0
2026-08-05 10:36:09.129,3000324,450049,150000064,1179.908827,,536.379,0x00,0x00,CURRENT,1,0,OK,3.0,3.001,450.0,150.001,,1179.916,,,62.0,1351.0
2026-08-05 10:36:09.445,2999677,449951,149999936,1179.907475,,536.695,0x00,0x00,CURRENT,1,0,OK,3.0,3.001,450.0,150.001,,1179.916,,,62.0,1351.0
2026-08-05 10:36:09.649,2999183,449878,150000112,1179.909334,,536.899,0x00,0x00,CURRENT,1,0,OK,3.0,3.0,450.0,150.002,,1179.929,,,62.0,1350.0
2026-08-05 10:36:09.845,2998877,449830,149999616,1179.904096,,537.095,0x00,0x00,CURRENT,1,0,OK,3.0,3.0,450.0,150.002,,1179.929,,,62.0,1350.0
2026-08-05 10:36:10.129,2998573,449787,150000224,1179.910517,,537.379,0x00,0x00,CURRENT,1,0,OK,3.0,3.0,450.0,150.002,,1179.929,,,62.0,1350.0
2026-08-05 10:36:10.445,2998355,449753,149999872,1179.906800,,537.695,0x00,0x00,CURRENT,1,0,OK,3.0,3.0,450.0,150.002,,1179.929,,,62.0,1350.0
2026-08-05 10:36:10.644,2999048,449857,149999840,1179.906462,,537.894,0x00,0x00,CURRENT,1,0,OK,3.0,3.0,450.0,150.002,,1179.929,,,62.0,1350.0
2026-08-05 10:36:10.844,2999550,449933,150000160,1179.909841,,538.094,0x00,0x00,CURRENT,1,0,OK,3.0,3.0,450.0,150.002,,1179.929,,,62.0,1350.0
2026-08-05 10:36:11.129,2999936,449990,149999920,1179.907306,,538.379,0x00,0x00,CURRENT,1,0,OK,3.0,3.0,450.0,150.002,,1179.929,,,62.0,1350.0
2026-08-05 10:36:11.445,3000244,450033,149998896,1179.896493,,538.694,0x00,0x00,CURRENT,1,0,OK,3.0,3.0,450.0,150.002,,1179.929,,,62.0,1350.0
2026-08-05 10:36:11.648,3000474,450065,149997856,1179.885511,,538.898,0x00,0x00,CURRENT,1,0,OK,3.0,3.0,450.0,149.999,,1179.902,,,62.0,1350.0
2026-08-05 10:36:11.845,3000610,450087,149998640,1179.893790,,539.095,0x00,0x00,CURRENT,1,0,OK,3.0,3.0,450.0,149.999,,1179.902,,,62.0,1350.0
2026-08-05 10:36:12.129,3000749,450111,149999456,1179.902407,,539.379,0x00,0x00,CURRENT,1,0,OK,3.0,3.0,450.0,149.999,,1179.902,,,62.0,1350.0
2026-08-05 10:36:12.445,3000835,450124,149999456,1179.902407,,539.695,0x00,0x00,CURRENT,1,0,OK,3.0,3.0,450.0,149.999,,1179.902,,,62.0,1350.0
2026-08-05 10:36:12.644,3000881,450134,150000512,1179.913558,,539.894,0x00,0x00,CURRENT,1,0,OK,3.0,3.0,450.0,149.999,,1179.902,,,62.0,1350.0
2026-08-05 10:36:12.844,3000943,450142,150000224,1179.910517,,540.094,0x00,0x00,CURRENT,1,0,OK,3.0,3.0,450.0,149.999,,1179.902,,,62.0,1350.0
2026-08-05 10:36:13.129,3000160,450028,150001312,1179.922005,,540.379,0x00,0x00,CURRENT,1,0,OK,3.0,3.0,450.0,149.999,,1179.902,,,62.0,1350.0
2026-08-05 10:36:13.445,2999601,449937,149999104,1179.898690,,540.695,0x00,0x00,CURRENT,1,0,OK,3.0,3.0,450.0,149.999,,1179.902,,,62.0,1350.0
2026-08-05 10:36:13.649,2999135,449867,149998816,1179.895649,,540.899,0x00,0x00,CURRENT,1,0,OK,3.0,3.0,450.0,149.998,,1179.89,,,62.0,1350.0
2026-08-05 10:36:13.844,2998776,449811,149998304,1179.890242,,541.094,0x00,0x00,CURRENT,1,0,OK,3.0,3.0,450.0,149.998,,1179.89,,,62.0,1350.0
2026-08-05 10:36:14.129,2999392,449901,149997216,1179.878753,,541.379,0x00,0x00,CURRENT,1,0,OK,3.0,3.0,450.0,149.998,,1179.89,,,62.0,1350.0
2026-08-05 10:36:14.445,2999827,449970,149998704,1179.894466,,541.695,0x00,0x00,CURRENT,1,0,OK,3.0,3.0,450.0,149.998,,1179.89,,,62.0,1350.0
2026-08-05 10:36:14.644,3000162,450018,149997856,1179.885511,,541.894,0x00,0x00,CURRENT,1,0,OK,3.0,3.0,450.0,149.998,,1179.89,,,62.0,1350.0
2026-08-05 10:36:14.845,3000394,450054,149998160,1179.888721,,542.095,0x00,0x00,CURRENT,1,0,OK,3.0,3.0,450.0,149.998,,1179.89,,,62.0,1350.0
2026-08-05 10:36:15.129,3000569,450081,149998560,1179.892945,,542.379,0x00,0x00,CURRENT,1,0,OK,3.0,3.0,450.0,149.998,,1179.89,,,62.0,1350.0
2026-08-05 10:36:15.445,3000690,450103,149999744,1179.905448,,542.694,0x00,0x00,CURRENT,1,0,OK,3.0,3.0,450.0,149.998,,1179.89,,,62.0,1350.0
2026-08-05 10:36:15.648,2999915,449988,150000416,1179.912544,,542.898,0x00,0x00,CURRENT,1,0,OK,3.0,3.0,450.0,150.002,,1179.928,,,62.0,1350.0
2026-08-05 10:36:15.844,2999324,449898,149999792,1179.905955,,543.094,0x00,0x00,CURRENT,1,0,OK,3.0,3.0,450.0,150.002,,1179.928,,,62.0,1350.0
2026-08-05 10:36:16.129,2999766,449966,150000464,1179.913051,,543.379,0x00,0x00,CURRENT,1,0,OK,3.0,3.0,450.0,150.002,,1179.928,,,62.0,1350.0
2026-08-05 10:36:16.445,3000078,450010,149999392,1179.901731,,543.695,0x00,0x00,CURRENT,1,0,OK,3.0,3.0,450.0,150.002,,1179.928,,,62.0,1350.0
2026-08-05 10:36:16.644,3000332,450049,149999872,1179.906800,,543.894,0x00,0x00,CURRENT,1,0,OK,3.0,3.0,450.0,150.002,,1179.928,,,62.0,1350.0
2026-08-05 10:36:16.844,3000513,450077,150000048,1179.908658,,544.094,0x00,0x00,CURRENT,1,0,OK,3.0,3.0,450.0,150.002,,1179.928,,,62.0,1350.0
2026-08-05 10:36:17.129,3000667,450098,149999216,1179.899872,,544.379,0x00,0x00,CURRENT,1,0,OK,3.0,3.0,450.0,150.002,,1179.928,,,62.0,1350.0
2026-08-05 10:36:17.445,3000736,450117,150002096,1179.930284,,544.695,0x00,0x00,CURRENT,1,0,OK,3.0,3.0,450.0,150.002,,1179.928,,,62.0,1350.0
2026-08-05 10:36:17.649,2999986,450002,150001504,1179.924033,,544.899,0x00,0x00,CURRENT,1,0,OK,3.0,3.0,450.0,150.002,,1179.926,,,62.0,1350.0
2026-08-05 10:36:17.845,2999461,449922,150000992,1179.918626,,545.095,0x00,0x00,CURRENT,1,0,OK,3.0,3.0,450.0,150.002,,1179.926,,,62.0,1350.0
2026-08-05 10:36:18.129,2999850,449982,150001456,1179.923526,,545.379,0x00,0x00,CURRENT,1,0,OK,3.0,3.0,450.0,150.002,,1179.926,,,62.0,1350.0
2026-08-05 10:36:18.445,3000170,450029,150001152,1179.920316,,545.695,0x00,0x00,CURRENT,1,0,OK,3.0,3.0,450.0,150.002,,1179.926,,,62.0,1350.0
2026-08-05 10:36:18.644,3000326,450054,150001552,1179.924540,,545.894,0x00,0x00,CURRENT,1,0,OK,3.0,3.0,450.0,150.002,,1179.926,,,62.0,1350.0
2026-08-05 10:36:18.845,3000480,450079,150002352,1179.932988,,546.095,0x00,0x00,CURRENT,1,0,OK,3.0,3.0,450.0,150.002,,1179.926,,,62.0,1350.0
2026-08-05 10:36:19.129,2999813,449975,150001168,1179.920485,,546.379,0x00,0x00,CURRENT,1,0,OK,3.0,3.0,450.0,150.002,,1179.926,,,62.0,1350.0
2026-08-05 10:36:19.580,3176021,476398,149998528,1179.892607,,546.830,0x00,0x00,CURRENT,1,0,OK,4.0,3.0,450.0,150.002,,1179.926,,,62.0,1350.0
2026-08-05 10:36:19.845,3176077,476407,149998720,1179.894635,,547.095,0x00,0x00,CURRENT,1,0,OK,4.0,2.998,450.0,149.999,,1179.898,,,66.0,1348.0
2026-08-05 10:36:20.081,3218192,482720,149997312,1179.879767,,547.331,0x00,0x00,CURRENT,1,0,OK,4.0,2.998,450.0,149.999,,1179.898,,,66.0,1348.0
2026-08-05 10:36:20.244,3249769,487457,149997552,1179.882301,,547.494,0x00,0x00,CURRENT,1,0,OK,4.0,2.998,450.0,149.999,,1179.898,,,66.0,1348.0
2026-08-05 10:36:20.444,3273386,491000,149997568,1179.882470,,547.694,0x00,0x00,CURRENT,1,0,OK,4.0,2.998,450.0,149.999,,1179.898,,,66.0,1348.0
2026-08-05 10:36:20.644,3329817,499466,149997968,1179.886694,,547.894,0x00,0x00,CURRENT,1,0,OK,4.0,2.998,450.0,149.999,,1179.898,,,66.0,1348.0
2026-08-05 10:36:20.845,3372122,505812,149998176,1179.888890,,548.095,0x00,0x00,CURRENT,1,0,OK,4.0,2.998,450.0,149.999,,1179.898,,,66.0,1348.0
2026-08-05 10:36:21.128,3439166,515873,149999504,1179.902914,,548.378,0x00,0x00,CURRENT,1,0,OK,4.0,2.998,450.0,149.999,,1179.898,,,66.0,1348.0
2026-08-05 10:36:21.446,3489486,523421,149999328,1179.901055,,548.696,0x00,0x00,CURRENT,1,0,OK,4.0,2.998,450.0,149.999,,1179.898,,,66.0,1348.0
2026-08-05 10:36:21.650,3556437,533462,149998944,1179.897000,,548.900,0x00,0x00,CURRENT,1,0,OK,4.0,3.32,498.0,149.998,,1179.892,,,79.0,1653.0
2026-08-05 10:36:21.845,3606631,540995,150000080,1179.908996,,549.095,0x00,0x00,CURRENT,1,0,OK,4.0,3.32,498.0,149.998,,1179.892,,,79.0,1653.0
2026-08-05 10:36:22.130,3669508,550424,149999440,1179.902238,,549.380,0x00,0x00,CURRENT,1,0,OK,4.0,3.32,498.0,149.998,,1179.892,,,79.0,1653.0
2026-08-05 10:36:22.444,3716694,557504,149999936,1179.907475,,549.694,0x00,0x00,CURRENT,1,0,OK,4.0,3.32,498.0,149.998,,1179.892,,,79.0,1653.0
2026-08-05 10:36:22.645,3773064,565961,150000496,1179.913389,,549.895,0x00,0x00,CURRENT,1,0,OK,4.0,3.32,498.0,149.998,,1179.892,,,79.0,1653.0
2026-08-05 10:36:22.844,3815369,572311,150001472,1179.923695,,550.093,0x00,0x00,CURRENT,1,0,OK,4.0,3.32,498.0,149.998,,1179.892,,,79.0,1653.0
2026-08-05 10:36:23.131,3863045,579458,150000288,1179.911192,,550.380,0x00,0x00,CURRENT,1,0,OK,4.0,3.32,498.0,149.998,,1179.892,,,79.0,1653.0
2026-08-05 10:36:23.445,3898784,584819,150000368,1179.912037,,550.694,0x00,0x00,CURRENT,1,0,OK,4.0,3.32,498.0,149.998,,1179.892,,,79.0,1653.0
2026-08-05 10:36:23.649,3937369,590610,150001200,1179.920823,,550.899,0x00,0x00,CURRENT,1,0,OK,4.0,3.73,559.0,149.999,,1179.898,,,86.0,2087.0
2026-08-05 10:36:23.845,3966346,594955,150000720,1179.915754,,551.095,0x00,0x00,CURRENT,1,0,OK,4.0,3.73,559.0,149.999,,1179.898,,,86.0,2087.0
2026-08-05 10:36:24.130,3996411,599467,150001344,1179.922343,,551.380,0x00,0x00,CURRENT,1,0,OK,4.0,3.73,559.0,149.999,,1179.898,,,86.0,2087.0
2026-08-05 10:36:24.445,4018987,602856,150001872,1179.927919,,551.695,0x00,0x00,CURRENT,1,0,OK,4.0,3.73,559.0,149.999,,1179.898,,,86.0,2087.0
2026-08-05 10:36:24.645,4040981,606149,150000464,1179.913051,,551.894,0x00,0x00,CURRENT,1,0,OK,4.0,3.73,559.0,149.999,,1179.898,,,86.0,2087.0
2026-08-05 10:36:24.845,4057420,608616,150000816,1179.916768,,552.095,0x00,0x00,CURRENT,1,0,OK,4.0,3.73,559.0,149.999,,1179.898,,,86.0,2087.0
2026-08-05 10:36:25.130,4072294,610845,150000240,1179.910686,,552.380,0x00,0x00,CURRENT,1,0,OK,4.0,3.73,559.0,149.999,,1179.898,,,86.0,2087.0
2026-08-05 10:36:25.445,4083458,612519,150000016,1179.908320,,552.694,0x00,0x00,CURRENT,1,0,OK,4.0,3.73,559.0,149.999,,1179.898,,,86.0,2087.0
2026-08-05 10:36:25.649,4092652,613897,149999872,1179.906800,,552.899,0x00,0x00,CURRENT,1,0,OK,4.0,3.982,597.0,149.999,,1179.899,,,87.0,2378.0
2026-08-05 10:36:25.844,4099548,614932,149999984,1179.907982,,553.094,0x00,0x00,CURRENT,1,0,OK,4.0,3.982,597.0,149.999,,1179.899,,,87.0,2378.0
2026-08-05 10:36:26.130,4103853,615582,150001104,1179.919809,,553.380,0x00,0x00,CURRENT,1,0,OK,4.0,3.982,597.0,149.999,,1179.899,,,87.0,2378.0
2026-08-05 10:36:26.444,4107081,616068,150001408,1179.923019,,553.693,0x00,0x00,CURRENT,1,0,OK,4.0,3.982,597.0,149.999,,1179.899,,,87.0,2378.0
2026-08-05 10:36:26.644,4107871,616185,150001008,1179.918795,,553.894,0x00,0x00,CURRENT,1,0,OK,4.0,3.982,597.0,149.999,,1179.899,,,87.0,2378.0
2026-08-05 10:36:26.845,4108445,616274,150001808,1179.927243,,554.095,0x00,0x00,CURRENT,1,0,OK,4.0,3.982,597.0,149.999,,1179.899,,,87.0,2378.0
2026-08-05 10:36:27.130,4106405,615965,150000992,1179.918626,,554.380,0x00,0x00,CURRENT,1,0,OK,4.0,3.982,597.0,149.999,,1179.899,,,87.0,2378.0
2026-08-05 10:36:27.444,4104810,615727,150001408,1179.923019,,554.694,0x00,0x00,CURRENT,1,0,OK,4.0,3.982,597.0,149.999,,1179.899,,,87.0,2378.0
2026-08-05 10:36:27.649,4101126,615170,150000304,1179.911361,,554.899,0x00,0x00,CURRENT,1,0,OK,4.0,4.069,610.0,150.001,,1179.914,,,87.0,2484.0
2026-08-05 10:36:27.844,4098353,614753,149999936,1179.907475,,555.094,0x00,0x00,CURRENT,1,0,OK,4.0,4.069,610.0,150.001,,1179.914,,,87.0,2484.0
2026-08-05 10:36:28.130,4092909,613935,149999696,1179.904941,,555.380,0x00,0x00,CURRENT,1,0,OK,4.0,4.069,610.0,150.001,,1179.914,,,87.0,2484.0
2026-08-05 10:36:28.444,4088928,613336,149999152,1179.899197,,555.694,0x00,0x00,CURRENT,1,0,OK,4.0,4.069,610.0,150.001,,1179.914,,,87.0,2484.0
2026-08-05 10:36:28.644,4082494,612369,149998672,1179.894128,,555.894,0x00,0x00,CURRENT,1,0,OK,4.0,4.069,610.0,150.001,,1179.914,,,87.0,2484.0
2026-08-05 10:36:28.844,4077585,611633,149998960,1179.897169,,556.094,0x00,0x00,CURRENT,1,0,OK,4.0,4.069,610.0,150.001,,1179.914,,,87.0,2484.0
2026-08-05 10:36:29.130,4070621,610589,149999008,1179.897676,,556.380,0x00,0x00,CURRENT,1,0,OK,4.0,4.069,610.0,150.001,,1179.914,,,87.0,2484.0
2026-08-05 10:36:29.445,4065390,609804,149998832,1179.895817,,556.694,0x00,0x00,CURRENT,1,0,OK,4.0,4.069,610.0,150.001,,1179.914,,,87.0,2484.0
2026-08-05 10:36:29.649,4058139,608715,149998624,1179.893621,,556.899,0x00,0x00,CURRENT,1,0,OK,4.0,4.066,610.0,150.0,,1179.913,,,85.0,2480.0
2026-08-05 10:36:29.844,4052672,607896,149998736,1179.894804,,557.094,0x00,0x00,CURRENT,1,0,OK,4.0,4.066,610.0,150.0,,1179.913,,,85.0,2480.0
2026-08-05 10:36:30.130,4046047,606908,150000304,1179.911361,,557.380,0x00,0x00,CURRENT,1,0,OK,4.0,4.066,610.0,150.0,,1179.913,,,85.0,2480.0
2026-08-05 10:36:30.444,4041096,606160,149998976,1179.897338,,557.694,0x00,0x00,CURRENT,1,0,OK,4.0,4.066,610.0,150.0,,1179.913,,,85.0,2480.0
2026-08-05 10:36:30.644,4035724,605353,149998576,1179.893114,,557.894,0x00,0x00,CURRENT,1,0,OK,4.0,4.066,610.0,150.0,,1179.913,,,85.0,2480.0
2026-08-05 10:36:30.844,4031686,604748,149998848,1179.895986,,558.094,0x00,0x00,CURRENT,1,0,OK,4.0,4.066,610.0,150.0,,1179.913,,,85.0,2480.0
2026-08-05 10:36:31.130,4026971,604042,149999008,1179.897676,,558.380,0x00,0x00,CURRENT,1,0,OK,4.0,4.066,610.0,150.0,,1179.913,,,85.0,2480.0
2026-08-05 10:36:31.445,4023443,603509,149998080,1179.887877,,558.694,0x00,0x00,CURRENT,1,0,OK,4.0,4.066,610.0,150.0,,1179.913,,,85.0,2480.0
2026-08-05 10:36:31.649,4019120,602861,149998384,1179.891087,,558.899,0x00,0x00,CURRENT,1,0,OK,4.0,4.035,605.0,150.0,,1179.909,,,85.0,2443.0
2026-08-05 10:36:31.845,4015849,602372,149998560,1179.892945,,559.095,0x00,0x00,CURRENT,1,0,OK,4.0,4.035,605.0,150.0,,1179.909,,,85.0,2443.0
2026-08-05 10:36:32.130,4011700,601748,149998192,1179.889059,,559.380,0x00,0x00,CURRENT,1,0,OK,4.0,4.035,605.0,150.0,,1179.909,,,85.0,2443.0
2026-08-05 10:36:32.444,4008616,601285,149998160,1179.888721,,559.694,0x00,0x00,CURRENT,1,0,OK,4.0,4.035,605.0,150.0,,1179.909,,,85.0,2443.0
2026-08-05 10:36:32.645,4005455,600813,149998688,1179.894297,,559.895,0x00,0x00,CURRENT,1,0,OK,4.0,4.035,605.0,150.0,,1179.909,,,85.0,2443.0
2026-08-05 10:36:32.845,4003103,600462,149999088,1179.898521,,560.095,0x00,0x00,CURRENT,1,0,OK,4.0,4.035,605.0,150.0,,1179.909,,,85.0,2443.0
2026-08-05 10:36:33.130,4000453,600065,149999328,1179.901055,,560.380,0x00,0x00,CURRENT,1,0,OK,4.0,4.035,605.0,150.0,,1179.909,,,85.0,2443.0
2026-08-05 10:36:33.446,3998401,599763,150000592,1179.914403,,560.695,0x00,0x00,CURRENT,1,0,OK,4.0,4.035,605.0,150.0,,1179.909,,,85.0,2443.0
2026-08-05 10:36:33.649,3996964,599545,150000000,1179.908151,,560.899,0x00,0x00,CURRENT,1,0,OK,4.0,4.009,601.0,150.0,,1179.91,,,84.0,2411.0
2026-08-05 10:36:33.844,3995896,599387,150000656,1179.915078,,561.094,0x00,0x00,CURRENT,1,0,OK,4.0,4.009,601.0,150.0,,1179.91,,,84.0,2411.0
2026-08-05 10:36:34.130,3995103,599269,150000768,1179.916261,,561.380,0x00,0x00,CURRENT,1,0,OK,4.0,4.009,601.0,150.0,,1179.91,,,84.0,2411.0
2026-08-05 10:36:34.445,3994538,599177,149999088,1179.898521,,561.695,0x00,0x00,CURRENT,1,0,OK,4.0,4.009,601.0,150.0,,1179.91,,,84.0,2411.0
2026-08-05 10:36:34.644,3993312,598995,149999456,1179.902407,,561.894,0x00,0x00,CURRENT,1,0,OK,4.0,4.009,601.0,150.0,,1179.91,,,84.0,2411.0
2026-08-05 10:36:34.845,3992336,598851,150000224,1179.910517,,562.095,0x00,0x00,CURRENT,1,0,OK,4.0,4.009,601.0,150.0,,1179.91,,,84.0,2411.0
2026-08-05 10:36:35.130,3992453,598870,150000432,1179.912713,,562.379,0x00,0x00,CURRENT,1,0,OK,4.0,4.009,601.0,150.0,,1179.91,,,84.0,2411.0
2026-08-05 10:36:35.446,3992512,598880,150000864,1179.917275,,562.696,0x00,0x00,CURRENT,1,0,OK,4.0,4.009,601.0,150.0,,1179.91,,,84.0,2411.0
2026-08-05 10:36:35.650,3992538,598884,150000768,1179.916261,,562.900,0x00,0x00,CURRENT,1,0,OK,4.0,3.997,600.0,150.0,,1179.907,,,84.0,2397.0
2026-08-05 10:36:35.844,3992660,598899,150000032,1179.908489,,563.094,0x00,0x00,CURRENT,1,0,OK,4.0,3.997,600.0,150.0,,1179.907,,,84.0,2397.0
2026-08-05 10:36:36.130,3992649,598900,150000624,1179.914740,,563.380,0x00,0x00,CURRENT,1,0,OK,4.0,3.997,600.0,150.0,,1179.907,,,84.0,2397.0
2026-08-05 10:36:36.444,3992715,598909,150000496,1179.913389,,563.694,0x00,0x00,CURRENT,1,0,OK,4.0,3.997,600.0,150.0,,1179.907,,,84.0,2397.0
2026-08-05 10:36:36.644,3992746,598912,150000000,1179.908151,,563.893,0x00,0x00,CURRENT,1,0,OK,4.0,3.997,600.0,150.0,,1179.907,,,84.0,2397.0
2026-08-05 10:36:36.844,3992695,598906,150000496,1179.913389,,564.094,0x00,0x00,CURRENT,1,0,OK,4.0,3.997,600.0,150.0,,1179.907,,,84.0,2397.0
2026-08-05 10:36:37.130,3992647,598900,150000768,1179.916261,,564.380,0x00,0x00,CURRENT,1,0,OK,4.0,3.997,600.0,150.0,,1179.907,,,84.0,2397.0
2026-08-05 10:36:37.444,3992658,598903,150001152,1179.920316,,564.694,0x00,0x00,CURRENT,1,0,OK,4.0,3.997,600.0,150.0,,1179.907,,,84.0,2397.0
2026-08-05 10:36:37.649,3993542,599033,150000448,1179.912882,,564.899,0x00,0x00,CURRENT,1,0,OK,4.0,3.994,599.0,149.999,,1179.903,,,84.0,2393.0
2026-08-05 10:36:37.845,3994177,599130,150000912,1179.917782,,565.095,0x00,0x00,CURRENT,1,0,OK,4.0,3.994,599.0,149.999,,1179.903,,,84.0,2393.0
2026-08-05 10:36:38.130,3994644,599201,150001056,1179.919302,,565.379,0x00,0x00,CURRENT,1,0,OK,4.0,3.994,599.0,149.999,,1179.903,,,84.0,2393.0
2026-08-05 10:36:38.444,3995041,599257,150000224,1179.910517,,565.694,0x00,0x00,CURRENT,1,0,OK,4.0,3.994,599.0,149.999,,1179.903,,,84.0,2393.0
2026-08-05 10:36:38.645,3995302,599300,150001104,1179.919809,,565.894,0x00,0x00,CURRENT,1,0,OK,4.0,3.994,599.0,149.999,,1179.903,,,84.0,2393.0
2026-08-05 10:36:38.844,3995488,599329,150001488,1179.923864,,566.093,0x00,0x00,CURRENT,1,0,OK,4.0,3.994,599.0,149.999,,1179.903,,,84.0,2393.0
2026-08-05 10:36:39.130,3996475,599475,150000944,1179.918120,,566.380,0x00,0x00,CURRENT,1,0,OK,4.0,3.994,599.0,149.999,,1179.903,,,84.0,2393.0
2026-08-05 10:36:39.446,3997216,599585,150000672,1179.915247,,566.695,0x00,0x00,CURRENT,1,0,OK,4.0,3.994,599.0,149.999,,1179.903,,,84.0,2393.0
2026-08-05 10:36:39.649,3997735,599660,149999936,1179.907475,,566.899,0x00,0x00,CURRENT,1,0,OK,4.0,3.996,599.0,150.0,,1179.907,,,85.0,2396.0
2026-08-05 10:36:39.845,3998198,599727,149999216,1179.899872,,567.095,0x00,0x00,CURRENT,1,0,OK,4.0,3.996,599.0,150.0,,1179.907,,,85.0,2396.0
2026-08-05 10:36:40.130,3998471,599771,150000208,1179.910348,,567.380,0x00,0x00,CURRENT,1,0,OK,4.0,3.996,599.0,150.0,,1179.907,,,85.0,2396.0
2026-08-05 10:36:40.444,3998703,599808,150000656,1179.915078,,567.694,0x00,0x00,CURRENT,1,0,OK,4.0,3.996,599.0,150.0,,1179.907,,,85.0,2396.0
2026-08-05 10:36:40.645,3998850,599832,150001216,1179.920992,,567.895,0x00,0x00,CURRENT,1,0,OK,4.0,3.996,599.0,150.0,,1179.907,,,85.0,2396.0
2026-08-05 10:36:40.844,3998997,599854,150001200,1179.920823,,568.094,0x00,0x00,CURRENT,1,0,OK,4.0,3.996,599.0,150.0,,1179.907,,,85.0,2396.0
2026-08-05 10:36:41.130,3999107,599869,150000752,1179.916092,,568.380,0x00,0x00,CURRENT,1,0,OK,4.0,3.996,599.0,150.0,,1179.907,,,85.0,2396.0
2026-08-05 10:36:41.445,3999181,599878,150000240,1179.910686,,568.694,0x00,0x00,CURRENT,1,0,OK,4.0,3.996,599.0,150.0,,1179.907,,,85.0,2396.0
2026-08-05 10:36:41.649,3999283,599892,149999936,1179.907475,,568.899,0x00,0x00,CURRENT,1,0,OK,4.0,3.999,600.0,149.999,,1179.894,,,85.0,2398.0
2026-08-05 10:36:41.845,3999359,599903,149999824,1179.906293,,569.095,0x00,0x00,CURRENT,1,0,OK,4.0,3.999,600.0,149.999,,1179.894,,,85.0,2398.0
2026-08-05 10:36:42.130,3999435,599912,149999072,1179.898352,,569.380,0x00,0x00,CURRENT,1,0,OK,4.0,3.999,600.0,149.999,,1179.894,,,85.0,2398.0
2026-08-05 10:36:42.445,3999445,599913,149998976,1179.897338,,569.695,0x00,0x00,CURRENT,1,0,OK,4.0,3.999,600.0,149.999,,1179.894,,,85.0,2398.0
2026-08-05 10:36:42.644,3999453,599918,149999872,1179.906800,,569.894,0x00,0x00,CURRENT,1,0,OK,4.0,3.999,600.0,149.999,,1179.894,,,85.0,2398.0
2026-08-05 10:36:42.845,3999449,599918,150000096,1179.909165,,570.095,0x00,0x00,CURRENT,1,0,OK,4.0,3.999,600.0,149.999,,1179.894,,,85.0,2398.0
2026-08-05 10:36:43.130,3999428,599914,150000016,1179.908320,,570.380,0x00,0x00,CURRENT,1,0,OK,4.0,3.999,600.0,149.999,,1179.894,,,85.0,2398.0
2026-08-05 10:36:43.446,3999459,599920,150000336,1179.911699,,570.695,0x00,0x00,CURRENT,1,0,OK,4.0,3.999,600.0,149.999,,1179.894,,,85.0,2398.0
2026-08-05 10:36:43.649,3999500,599926,150000224,1179.910517,,570.899,0x00,0x00,CURRENT,1,0,OK,4.0,3.999,600.0,149.999,,1179.896,,,85.0,2399.0
2026-08-05 10:36:43.844,3999485,599924,150000208,1179.910348,,571.094,0x00,0x00,CURRENT,1,0,OK,4.0,3.999,600.0,149.999,,1179.896,,,85.0,2399.0
2026-08-05 10:36:44.130,3999501,599925,150000000,1179.908151,,571.380,0x00,0x00,CURRENT,1,0,OK,4.0,3.999,600.0,149.999,,1179.896,,,85.0,2399.0
2026-08-05 10:36:44.444,3999523,599926,149999328,1179.901055,,571.694,0x00,0x00,CURRENT,1,0,OK,4.0,3.999,600.0,149.999,,1179.896,,,85.0,2399.0
2026-08-05 10:36:44.645,3999464,599918,149999520,1179.903083,,571.895,0x00,0x00,CURRENT,1,0,OK,4.0,3.999,600.0,149.999,,1179.896,,,85.0,2399.0
2026-08-05 10:36:44.845,3999486,599924,150000336,1179.911699,,572.095,0x00,0x00,CURRENT,1,0,OK,4.0,3.999,600.0,149.999,,1179.896,,,85.0,2399.0
2026-08-05 10:36:45.130,3999493,599927,150000672,1179.915247,,572.380,0x00,0x00,CURRENT,1,0,OK,4.0,3.999,600.0,149.999,,1179.896,,,85.0,2399.0
2026-08-05 10:36:45.445,3999498,599924,149999840,1179.906462,,572.695,0x00,0x00,CURRENT,1,0,OK,4.0,3.999,600.0,149.999,,1179.896,,,85.0,2399.0
2026-08-05 10:36:45.649,3999529,599928,149999712,1179.905110,,572.899,0x00,0x00,CURRENT,1,0,OK,4.0,3.999,600.0,149.999,,1179.896,,,85.0,2399.0
2026-08-05 10:36:45.845,3999507,599925,149999840,1179.906462,,573.095,0x00,0x00,CURRENT,1,0,OK,4.0,3.999,600.0,149.999,,1179.896,,,85.0,2399.0
2026-08-05 10:36:46.130,3999508,599924,149999504,1179.902914,,573.380,0x00,0x00,CURRENT,1,0,OK,4.0,3.999,600.0,149.999,,1179.896,,,85.0,2399.0
2026-08-05 10:36:46.445,3999500,599923,149999408,1179.901900,,573.695,0x00,0x00,CURRENT,1,0,OK,4.0,3.999,600.0,149.999,,1179.896,,,85.0,2399.0
2026-08-05 10:36:46.645,4000333,600048,149999456,1179.902407,,573.895,0x00,0x00,CURRENT,1,0,OK,4.0,3.999,600.0,149.999,,1179.896,,,85.0,2399.0
2026-08-05 10:36:46.844,4000901,600136,150000304,1179.911361,,574.094,0x00,0x00,CURRENT,1,0,OK,4.0,3.999,600.0,149.999,,1179.896,,,85.0,2399.0
2026-08-05 10:36:47.130,4000573,600086,149999952,1179.907644,,574.380,0x00,0x00,CURRENT,1,0,OK,4.0,3.999,600.0,149.999,,1179.896,,,85.0,2399.0
2026-08-05 10:36:47.445,4000345,600049,149999328,1179.901055,,574.695,0x00,0x00,CURRENT,1,0,OK,4.0,3.999,600.0,149.999,,1179.896,,,85.0,2399.0
2026-08-05 10:36:47.649,4000128,600014,149998768,1179.895142,,574.898,0x00,0x00,CURRENT,1,0,OK,4.0,4.0,600.0,150.0,,1179.905,,,85.0,2400.0
2026-08-05 10:36:47.846,3999956,599988,149998624,1179.893621,,575.096,0x00,0x00,CURRENT,1,0,OK,4.0,4.0,600.0,150.0,,1179.905,,,85.0,2400.0
2026-08-05 10:36:48.130,3999892,599978,149998640,1179.893790,,575.379,0x00,0x00,CURRENT,1,0,OK,4.0,4.0,600.0,150.0,,1179.905,,,85.0,2400.0
2026-08-05 10:36:48.445,3999788,599963,149998816,1179.895649,,575.695,0x00,0x00,CURRENT,1,0,OK,4.0,4.0,600.0,150.0,,1179.905,,,85.0,2400.0
2026-08-05 10:36:48.645,3999729,599950,149997632,1179.883146,,575.894,0x00,0x00,CURRENT,1,0,OK,4.0,4.0,600.0,150.0,,1179.905,,,85.0,2400.0
2026-08-05 10:36:48.846,3999647,599941,149998624,1179.893621,,576.096,0x00,0x00,CURRENT,1,0,OK,4.0,4.0,600.0,150.0,,1179.905,,,85.0,2400.0
2026-08-05 10:36:49.130,4000462,600066,149999088,1179.898521,,576.380,0x00,0x00,CURRENT,1,0,OK,4.0,4.0,600.0,150.0,,1179.905,,,85.0,2400.0
2026-08-05 10:36:49.445,4001045,600153,149999104,1179.898690,,576.695,0x00,0x00,CURRENT,1,0,OK,4.0,4.0,600.0,150.0,,1179.905,,,85.0,2400.0
2026-08-05 10:36:49.649,4000671,600094,149998304,1179.890242,,576.898,0x00,0x00,CURRENT,1,0,OK,4.0,4.001,600.0,149.999,,1179.898,,,85.0,2401.0
2026-08-05 10:36:49.845,4000410,600054,149998032,1179.887370,,577.095,0x00,0x00,CURRENT,1,0,OK,4.0,4.001,600.0,149.999,,1179.898,,,85.0,2401.0
2026-08-05 10:36:50.130,4000195,600023,149998480,1179.892100,,577.380,0x00,0x00,CURRENT,1,0,OK,4.0,4.001,600.0,149.999,,1179.898,,,85.0,2401.0
2026-08-05 10:36:50.445,4000062,600003,149998336,1179.890580,,577.695,0x00,0x00,CURRENT,1,0,OK,4.0,4.001,600.0,149.999,,1179.898,,,85.0,2401.0
2026-08-05 10:36:50.644,3999906,599983,149999312,1179.900886,,577.894,0x00,0x00,CURRENT,1,0,OK,4.0,4.001,600.0,149.999,,1179.898,,,85.0,2401.0
2026-08-05 10:36:50.845,3999780,599969,150000400,1179.912375,,578.094,0x00,0x00,CURRENT,1,0,OK,4.0,4.001,600.0,149.999,,1179.898,,,85.0,2401.0
2026-08-05 10:36:51.130,3999741,599961,150000016,1179.908320,,578.380,0x00,0x00,CURRENT,1,0,OK,4.0,4.001,600.0,149.999,,1179.898,,,85.0,2401.0
2026-08-05 10:36:51.444,3999703,599954,149999680,1179.904772,,578.694,0x00,0x00,CURRENT,1,0,OK,4.0,4.001,600.0,149.999,,1179.898,,,85.0,2401.0
2026-08-05 10:36:51.649,3999637,599944,149999616,1179.904096,,578.899,0x00,0x00,CURRENT,1,0,OK,4.0,4.0,600.0,150.0,,1179.907,,,85.0,2400.0
2026-08-05 10:36:51.846,3999578,599933,149998992,1179.897507,,579.095,0x00,0x00,CURRENT,1,0,OK,4.0,4.0,600.0,150.0,,1179.907,,,85.0,2400.0
2026-08-05 10:36:52.130,3999506,599921,149998672,1179.894128,,579.379,0x00,0x00,CURRENT,1,0,OK,4.0,4.0,600.0,150.0,,1179.907,,,85.0,2400.0
2026-08-05 10:36:52.445,3999480,599916,149998512,1179.892438,,579.694,0x00,0x00,CURRENT,1,0,OK,4.0,4.0,600.0,150.0,,1179.907,,,85.0,2400.0
2026-08-05 10:36:52.646,3999442,599914,149999344,1179.901224,,579.895,0x00,0x00,CURRENT,1,0,OK,4.0,4.0,600.0,150.0,,1179.907,,,85.0,2400.0
2026-08-05 10:36:52.845,3999422,599912,149999712,1179.905110,,580.095,0x00,0x00,CURRENT,1,0,OK,4.0,4.0,600.0,150.0,,1179.907,,,85.0,2400.0
2026-08-05 10:36:53.130,4000265,600038,149999424,1179.902069,,580.379,0x00,0x00,CURRENT,1,0,OK,4.0,4.0,600.0,150.0,,1179.907,,,85.0,2400.0
2026-08-05 10:36:53.445,4000898,600132,149999344,1179.901224,,580.695,0x00,0x00,CURRENT,1,0,OK,4.0,4.0,600.0,150.0,,1179.907,,,85.0,2400.0
2026-08-05 10:36:53.649,4000514,600073,149999008,1179.897676,,580.898,0x00,0x00,CURRENT,1,0,OK,4.0,4.0,600.0,149.999,,1179.899,,,85.0,2400.0
2026-08-05 10:36:53.845,4000246,600038,150000288,1179.911192,,581.095,0x00,0x00,CURRENT,1,0,OK,4.0,4.0,600.0,149.999,,1179.899,,,85.0,2400.0
2026-08-05 10:36:54.130,4000044,600009,150000704,1179.915585,,581.379,0x00,0x00,CURRENT,1,0,OK,4.0,4.0,600.0,149.999,,1179.899,,,85.0,2400.0
2026-08-05 10:36:54.445,3999949,599991,149999584,1179.903758,,581.694,0x00,0x00,CURRENT,1,0,OK,4.0,4.0,600.0,149.999,,1179.899,,,85.0,2400.0
2026-08-05 10:36:54.645,3999849,599972,149998640,1179.893790,,581.894,0x00,0x00,CURRENT,1,0,OK,4.0,4.0,600.0,149.999,,1179.899,,,85.0,2400.0
2026-08-05 10:36:54.845,3999728,599957,149999488,1179.902745,,582.094,0x00,0x00,CURRENT,1,0,OK,4.0,4.0,600.0,149.999,,1179.899,,,85.0,2400.0
2026-08-05 10:36:55.129,3999590,599938,149999856,1179.906631,,582.379,0x00,0x00,CURRENT,1,0,OK,4.0,4.0,600.0,149.999,,1179.899,,,85.0,2400.0
2026-08-05 10:36:55.446,3999515,599930,150000784,1179.916430,,582.695,0x00,0x00,CURRENT,1,0,OK,4.0,4.0,600.0,149.999,,1179.899,,,85.0,2400.0
2026-08-05 10:36:55.650,3999495,599929,150001136,1179.920147,,582.899,0x00,0x00,CURRENT,1,0,OK,4.0,4.0,600.0,150.001,,1179.915,,,85.0,2400.0
2026-08-05 10:36:55.846,3999490,599928,150001040,1179.919133,,583.095,0x00,0x00,CURRENT,1,0,OK,4.0,4.0,600.0,150.001,,1179.915,,,85.0,2400.0
2026-08-05 10:36:56.130,4000326,600052,150000688,1179.915416,,583.380,0x00,0x00,CURRENT,1,0,OK,4.0,4.0,600.0,150.001,,1179.915,,,85.0,2400.0
2026-08-05 10:36:56.446,4000906,600140,150001072,1179.919471,,583.695,0x00,0x00,CURRENT,1,0,OK,4.0,4.0,600.0,150.001,,1179.915,,,85.0,2400.0
2026-08-05 10:36:56.646,4000558,600085,150000352,1179.911868,,583.895,0x00,0x00,CURRENT,1,0,OK,4.0,4.0,600.0,150.001,,1179.915,,,85.0,2400.0
2026-08-05 10:36:56.845,4000297,600045,150000080,1179.908996,,584.094,0x00,0x00,CURRENT,1,0,OK,4.0,4.0,600.0,150.001,,1179.915,,,85.0,2400.0
2026-08-05 10:36:57.130,4000128,600022,150000560,1179.914065,,584.379,0x00,0x00,CURRENT,1,0,OK,4.0,4.0,600.0,150.001,,1179.915,,,85.0,2400.0
2026-08-05 10:36:57.445,4000012,600001,149999920,1179.907306,,584.695,0x00,0x00,CURRENT,1,0,OK,4.0,4.0,600.0,150.001,,1179.915,,,85.0,2400.0
2026-08-05 10:36:57.649,3999878,599985,150000864,1179.917275,,584.898,0x00,0x00,CURRENT,1,0,OK,4.0,4.0,600.0,150.002,,1179.927,,,85.0,2400.0
2026-08-05 10:36:57.845,3999768,599969,150000896,1179.917613,,585.094,0x00,0x00,CURRENT,1,0,OK,4.0,4.0,600.0,150.002,,1179.927,,,85.0,2400.0
2026-08-05 10:36:58.130,3999704,599959,150000800,1179.916599,,585.379,0x00,0x00,CURRENT,1,0,OK,4.0,4.0,600.0,150.002,,1179.927,,,85.0,2400.0
2026-08-05 10:36:58.445,3999638,599949,150000816,1179.916768,,585.694,0x00,0x00,CURRENT,1,0,OK,4.0,4.0,600.0,150.002,,1179.927,,,85.0,2400.0
2026-08-05 10:36:58.645,3999644,599945,149999680,1179.904772,,585.894,0x00,0x00,CURRENT,1,0,OK,4.0,4.0,600.0,150.002,,1179.927,,,85.0,2400.0
2026-08-05 10:36:58.845,3999602,599940,150000048,1179.908658,,586.094,0x00,0x00,CURRENT,1,0,OK,4.0,4.0,600.0,150.002,,1179.927,,,85.0,2400.0
2026-08-05 10:36:59.130,4000391,600061,150000496,1179.913389,,586.379,0x00,0x00,CURRENT,1,0,OK,4.0,4.0,600.0,150.002,,1179.927,,,85.0,2400.0
2026-08-05 10:36:59.446,4000991,600150,150000320,1179.911530,,586.695,0x00,0x00,CURRENT,1,0,OK,4.0,4.0,600.0,150.002,,1179.927,,,85.0,2400.0
2026-08-05 10:36:59.650,4000585,600086,149999696,1179.904941,,586.899,0x00,0x00,CURRENT,1,0,OK,4.0,4.001,600.0,150.001,,1179.914,,,85.0,2401.0
2026-08-05 10:36:59.845,4000270,600042,150000240,1179.910686,,587.094,0x00,0x00,CURRENT,1,0,OK,4.0,4.001,600.0,150.001,,1179.914,,,85.0,2401.0
2026-08-05 10:37:00.130,4000081,600010,149999520,1179.903083,,587.379,0x00,0x00,CURRENT,1,0,OK,4.0,4.001,600.0,150.001,,1179.914,,,85.0,2401.0
2026-08-05 10:37:00.446,3999855,599974,149998944,1179.897000,,587.695,0x00,0x00,CURRENT,1,0,OK,4.0,4.001,600.0,150.001,,1179.914,,,85.0,2401.0
2026-08-05 10:37:00.645,3999667,599947,149999296,1179.900717,,587.894,0x00,0x00,CURRENT,1,0,OK,4.0,4.001,600.0,150.001,,1179.914,,,85.0,2401.0
2026-08-05 10:37:00.846,3999526,599932,150000688,1179.915416,,588.095,0x00,0x00,CURRENT,1,0,OK,4.0,4.001,600.0,150.001,,1179.914,,,85.0,2401.0
2026-08-05 10:37:01.130,3999448,599922,150001120,1179.919978,,588.379,0x00,0x00,CURRENT,1,0,OK,4.0,4.001,600.0,150.001,,1179.914,,,85.0,2401.0
2026-08-05 10:37:01.445,3999418,599913,150000128,1179.909503,,588.695,0x00,0x00,CURRENT,1,0,OK,4.0,4.001,600.0,150.001,,1179.914,,,85.0,2401.0
2026-08-05 10:37:01.650,4000243,600034,149999344,1179.901224,,588.899,0x00,0x00,CURRENT,1,0,OK,4.0,4.0,600.0,150.0,,1179.904,,,85.0,2400.0
2026-08-05 10:37:01.845,4000825,600120,149999152,1179.899197,,589.094,0x00,0x00,CURRENT,1,0,OK,4.0,4.0,600.0,150.0,,1179.904,,,85.0,2400.0
2026-08-05 10:37:02.130,4000423,600062,149999760,1179.905617,,589.379,0x00,0x00,CURRENT,1,0,OK,4.0,4.0,600.0,150.0,,1179.904,,,85.0,2400.0
2026-08-05 10:37:02.446,4000084,600013,150000064,1179.908827,,589.695,0x00,0x00,CURRENT,1,0,OK,4.0,4.0,600.0,150.0,,1179.904,,,85.0,2400.0
2026-08-05 10:37:02.645,3999867,599982,150000592,1179.914403,,589.894,0x00,0x00,CURRENT,1,0,OK,4.0,4.0,600.0,150.0,,1179.904,,,85.0,2400.0
2026-08-05 10:37:02.845,3999685,599958,150001424,1179.923188,,590.094,0x00,0x00,CURRENT,1,0,OK,4.0,4.0,600.0,150.0,,1179.904,,,85.0,2400.0
2026-08-05 10:37:03.130,3999549,599938,150001488,1179.923864,,590.379,0x00,0x00,CURRENT,1,0,OK,4.0,4.0,600.0,150.0,,1179.904,,,85.0,2400.0
2026-08-05 10:37:03.445,3999465,599924,150001152,1179.920316,,590.695,0x00,0x00,CURRENT,1,0,OK,4.0,4.0,600.0,150.0,,1179.904,,,85.0,2400.0
2026-08-05 10:37:03.649,4000223,600037,150000816,1179.916768,,590.898,0x00,0x00,CURRENT,1,0,OK,4.0,4.0,600.0,149.999,,1179.901,,,85.0,2400.0
2026-08-05 10:37:03.845,4000866,600126,149998944,1179.897000,,591.094,0x00,0x00,CURRENT,1,0,OK,4.0,4.0,600.0,149.999,,1179.901,,,85.0,2400.0
2026-08-05 10:37:04.130,4000472,600068,149999296,1179.900717,,591.379,0x00,0x00,CURRENT,1,0,OK,4.0,4.0,600.0,149.999,,1179.901,,,85.0,2400.0
2026-08-05 10:37:04.445,4000204,600024,149998320,1179.890411,,591.694,0x00,0x00,CURRENT,1,0,OK,4.0,4.0,600.0,149.999,,1179.901,,,85.0,2400.0
2026-08-05 10:37:04.645,3999919,599986,149999440,1179.902238,,591.894,0x00,0x00,CURRENT,1,0,OK,4.0,4.0,600.0,149.999,,1179.901,,,85.0,2400.0
2026-08-05 10:37:04.845,3999808,599968,149999152,1179.899197,,592.094,0x00,0x00,CURRENT,1,0,OK,4.0,4.0,600.0,149.999,,1179.901,,,85.0,2400.0
2026-08-05 10:37:05.130,3999660,599947,149999408,1179.901900,,592.379,0x00,0x00,CURRENT,1,0,OK,4.0,4.0,600.0,149.999,,1179.901,,,85.0,2400.0
2026-08-05 10:37:05.445,3999558,599934,150000176,1179.910010,,592.695,0x00,0x00,CURRENT,1,0,OK,4.0,4.0,600.0,149.999,,1179.901,,,85.0,2400.0
2026-08-05 10:37:05.649,3999482,599923,150000272,1179.911023,,592.898,0x00,0x00,CURRENT,1,0,OK,4.0,4.0,600.0,149.999,,1179.899,,,85.0,2400.0
2026-08-05 10:37:05.845,3999480,599922,149999920,1179.907306,,593.094,0x00,0x00,CURRENT,1,0,OK,4.0,4.0,600.0,149.999,,1179.899,,,85.0,2400.0
2026-08-05 10:37:06.130,4000318,600045,149999312,1179.900886,,593.379,0x00,0x00,CURRENT,1,0,OK,4.0,4.0,600.0,149.999,,1179.899,,,85.0,2400.0
2026-08-05 10:37:06.444,4000965,600142,149999312,1179.900886,,593.694,0x00,0x00,CURRENT,1,0,OK,4.0,4.0,600.0,149.999,,1179.899,,,85.0,2400.0
2026-08-05 10:37:06.644,4000620,600092,149999760,1179.905617,,593.893,0x00,0x00,CURRENT,1,0,OK,4.0,4.0,600.0,149.999,,1179.899,,,85.0,2400.0
2026-08-05 10:37:06.845,4000353,600052,149999856,1179.906631,,594.095,0x00,0x00,CURRENT,1,0,OK,4.0,4.0,600.0,149.999,,1179.899,,,85.0,2400.0
2026-08-05 10:37:07.130,4000152,600021,149999600,1179.903927,,594.379,0x00,0x00,CURRENT,1,0,OK,4.0,4.0,600.0,149.999,,1179.899,,,85.0,2400.0
2026-08-05 10:37:07.445,3999964,599994,149999744,1179.905448,,594.695,0x00,0x00,CURRENT,1,0,OK,4.0,4.0,600.0,149.999,,1179.899,,,85.0,2400.0
2026-08-05 10:37:07.649,3999917,599983,149998752,1179.894973,,594.898,0x00,0x00,CURRENT,1,0,OK,4.0,4.0,600.0,150.0,,1179.91,,,85.0,2400.0
2026-08-05 10:37:07.844,3999825,599969,149998832,1179.895817,,595.093,0x00,0x00,CURRENT,1,0,OK,4.0,4.0,600.0,150.0,,1179.91,,,85.0,2400.0
2026-08-05 10:37:08.130,3999710,599958,150000256,1179.910854,,595.379,0x00,0x00,CURRENT,1,0,OK,4.0,4.0,600.0,150.0,,1179.91,,,85.0,2400.0
2026-08-05 10:37:08.445,3999651,599946,149999536,1179.903252,,595.694,0x00,0x00,CURRENT,1,0,OK,4.0,4.0,600.0,150.0,,1179.91,,,85.0,2400.0
2026-08-05 10:37:08.645,3999673,599946,149998816,1179.895649,,595.894,0x00,0x00,CURRENT,1,0,OK,4.0,4.0,600.0,150.0,,1179.91,,,85.0,2400.0
2026-08-05 10:37:08.845,3999680,599948,149999104,1179.898690,,596.094,0x00,0x00,CURRENT,1,0,OK,4.0,4.0,600.0,150.0,,1179.91,,,85.0,2400.0
2026-08-05 10:37:09.130,3999657,599946,149999424,1179.902069,,596.379,0x00,0x00,CURRENT,1,0,OK,4.0,4.0,600.0,150.0,,1179.91,,,85.0,2400.0
2026-08-05 10:37:09.445,3999649,599944,149999232,1179.900041,,596.695,0x00,0x00,CURRENT,1,0,OK,4.0,4.0,600.0,150.0,,1179.91,,,85.0,2400.0
2026-08-05 10:37:09.650,4000463,600067,149999392,1179.901731,,596.899,0x00,0x00,CURRENT,1,0,OK,4.0,4.0,600.0,150.001,,1179.916,,,85.0,2400.0
2026-08-05 10:37:09.845,4001055,600161,150000784,1179.916430,,597.094,0x00,0x00,CURRENT,1,0,OK,4.0,4.0,600.0,150.001,,1179.916,,,85.0,2400.0
2026-08-05 10:37:10.130,4000697,600107,150000560,1179.914065,,597.379,0x00,0x00,CURRENT,1,0,OK,4.0,4.0,600.0,150.001,,1179.916,,,85.0,2400.0
2026-08-05 10:37:10.446,4000383,600063,150001440,1179.923357,,597.695,0x00,0x00,CURRENT,1,0,OK,4.0,4.0,600.0,150.001,,1179.916,,,85.0,2400.0
2026-08-05 10:37:10.645,4000174,600034,150001888,1179.928088,,597.894,0x00,0x00,CURRENT,1,0,OK,4.0,4.0,600.0,150.001,,1179.916,,,85.0,2400.0
2026-08-05 10:37:10.844,4000028,600009,150001248,1179.921330,,598.093,0x00,0x00,CURRENT,1,0,OK,4.0,4.0,600.0,150.001,,1179.916,,,85.0,2400.0
2026-08-05 10:37:11.130,3999909,599990,150000816,1179.916768,,598.379,0x00,0x00,CURRENT,1,0,OK,4.0,4.0,600.0,150.001,,1179.916,,,85.0,2400.0
2026-08-05 10:37:11.446,3999791,599970,150000416,1179.912544,,598.695,0x00,0x00,CURRENT,1,0,OK,4.0,4.0,600.0,150.001,,1179.916,,,85.0,2400.0
2026-08-05 10:37:11.650,3999713,599958,150000368,1179.912037,,598.899,0x00,0x00,CURRENT,1,0,OK,4.0,4.0,600.0,150.0,,1179.903,,,85.0,2400.0
2026-08-05 10:37:11.844,3999681,599955,150000768,1179.916261,,599.094,0x00,0x00,CURRENT,1,0,OK,4.0,4.0,600.0,150.0,,1179.903,,,85.0,2400.0
2026-08-05 10:37:12.129,3999667,599949,149999840,1179.906462,,599.379,0x00,0x00,CURRENT,1,0,OK,4.0,4.0,600.0,150.0,,1179.903,,,85.0,2400.0
2026-08-05 10:37:12.445,3999675,599950,149999792,1179.905955,,599.695,0x00,0x00,CURRENT,1,0,OK,4.0,4.0,600.0,150.0,,1179.903,,,85.0,2400.0
2026-08-05 10:37:12.645,3999663,599947,149999296,1179.900717,,599.894,0x00,0x00,CURRENT,1,0,OK,4.0,4.0,600.0,150.0,,1179.903,,,85.0,2400.0
2026-08-05 10:37:12.846,3999588,599939,150000128,1179.909503,,600.095,0x00,0x00,CURRENT,1,0,OK,4.0,4.0,600.0,150.0,,1179.903,,,85.0,2400.0
2026-08-05 10:37:13.130,4000380,600061,150000976,1179.918457,,600.379,0x00,0x00,CURRENT,1,0,OK,4.0,4.0,600.0,150.0,,1179.903,,,85.0,2400.0
2026-08-05 10:37:13.445,4000993,600153,150000992,1179.918626,,600.695,0x00,0x00,CURRENT,1,0,OK,4.0,4.0,600.0,150.0,,1179.903,,,85.0,2400.0
2026-08-05 10:37:13.649,4000604,600093,150000624,1179.914740,,600.898,0x00,0x00,CURRENT,1,0,OK,4.0,4.0,600.0,150.0,,1179.912,,,85.0,2401.0
2026-08-05 10:37:13.846,4000350,600053,150000048,1179.908658,,601.095,0x00,0x00,CURRENT,1,0,OK,4.0,4.0,600.0,150.0,,1179.912,,,85.0,2401.0
2026-08-05 10:37:14.129,4000132,600018,149999488,1179.902745,,601.379,0x00,0x00,CURRENT,1,0,OK,4.0,4.0,600.0,150.0,,1179.912,,,85.0,2401.0
2026-08-05 10:37:14.444,3999986,599995,149999184,1179.899535,,601.694,0x00,0x00,CURRENT,1,0,OK,4.0,4.0,600.0,150.0,,1179.912,,,85.0,2401.0
2026-08-05 10:37:14.643,3999877,599977,149998864,1179.896155,,601.893,0x00,0x00,CURRENT,1,0,OK,4.0,4.0,600.0,150.0,,1179.912,,,85.0,2401.0
2026-08-05 10:37:14.844,3999759,599960,149998928,1179.896831,,602.094,0x00,0x00,CURRENT,1,0,OK,4.0,4.0,600.0,150.0,,1179.912,,,85.0,2401.0
2026-08-05 10:37:15.129,3999651,599942,149998560,1179.892945,,602.379,0x00,0x00,CURRENT,1,0,OK,4.0,4.0,600.0,150.0,,1179.912,,,85.0,2401.0
2026-08-05 10:37:15.445,3999663,599944,149998528,1179.892607,,602.695,0x00,0x00,CURRENT,1,0,OK,4.0,4.0,600.0,150.0,,1179.912,,,85.0,2401.0
2026-08-05 10:37:15.649,3999625,599940,149999008,1179.897676,,602.898,0x00,0x00,CURRENT,1,0,OK,4.0,4.0,600.0,150.0,,1179.909,,,85.0,2400.0
2026-08-05 10:37:15.844,3999598,599937,149999296,1179.900717,,603.094,0x00,0x00,CURRENT,1,0,OK,4.0,4.0,600.0,150.0,,1179.909,,,85.0,2400.0
2026-08-05 10:37:16.129,4000378,600052,149998896,1179.896493,,603.379,0x00,0x00,CURRENT,1,0,OK,4.0,4.0,600.0,150.0,,1179.909,,,85.0,2400.0
2026-08-05 10:37:16.445,4001019,600148,149998736,1179.894804,,603.694,0x00,0x00,CURRENT,1,0,OK,4.0,4.0,600.0,150.0,,1179.909,,,85.0,2400.0
2026-08-05 10:37:16.645,4000605,600088,149999312,1179.900886,,603.894,0x00,0x00,CURRENT,1,0,OK,4.0,4.0,600.0,150.0,,1179.909,,,85.0,2400.0
2026-08-05 10:37:16.845,4000295,600044,149999856,1179.906631,,604.095,0x00,0x00,CURRENT,1,0,OK,4.0,4.0,600.0,150.0,,1179.909,,,85.0,2400.0
2026-08-05 10:37:17.130,4000118,600015,149999440,1179.902238,,604.379,0x00,0x00,CURRENT,1,0,OK,4.0,4.0,600.0,150.0,,1179.909,,,85.0,2400.0
2026-08-05 10:37:17.445,3999995,599997,149999376,1179.901562,,604.695,0x00,0x00,CURRENT,1,0,OK,4.0,4.0,600.0,150.0,,1179.909,,,85.0,2400.0
2026-08-05 10:37:17.648,3999883,599983,150000096,1179.909165,,604.898,0x00,0x00,CURRENT,1,0,OK,4.0,4.0,600.0,149.998,,1179.888,,,85.0,2400.0
2026-08-05 10:37:17.844,3999772,599968,150000480,1179.913220,,605.094,0x00,0x00,CURRENT,1,0,OK,4.0,4.0,600.0,149.998,,1179.888,,,85.0,2400.0
2026-08-05 10:37:18.129,3999698,599955,150000000,1179.908151,,605.379,0x00,0x00,CURRENT,1,0,OK,4.0,4.0,600.0,149.998,,1179.888,,,85.0,2400.0
2026-08-05 10:37:18.443,3999661,599943,149998528,1179.892607,,605.693,0x00,0x00,CURRENT,1,0,OK,4.0,4.0,600.0,149.998,,1179.888,,,85.0,2400.0
2026-08-05 10:37:18.644,3999587,599937,149999712,1179.905110,,605.894,0x00,0x00,CURRENT,1,0,OK,4.0,4.0,600.0,149.998,,1179.888,,,85.0,2400.0
2026-08-05 10:37:18.843,3999569,599932,149999216,1179.899872,,606.093,0x00,0x00,CURRENT,1,0,OK,4.0,4.0,600.0,149.998,,1179.888,,,85.0,2400.0
2026-08-05 10:37:19.129,3999555,599929,149998944,1179.897000,,606.379,0x00,0x00,CURRENT,1,0,OK,4.0,4.0,600.0,149.998,,1179.888,,,85.0,2400.0
2026-08-05 10:37:19.445,3999470,599918,149999280,1179.900548,,606.695,0x00,0x00,CURRENT,1,0,OK,4.0,4.0,600.0,149.998,,1179.888,,,85.0,2400.0
2026-08-05 10:37:19.650,4000217,600035,150000608,1179.914571,,606.899,0x00,0x00,CURRENT,1,0,OK,4.0,4.0,600.0,149.999,,1179.902,,,85.0,2400.0
2026-08-05 10:37:19.844,4000871,600131,150000080,1179.908996,,607.094,0x00,0x00,CURRENT,1,0,OK,4.0,4.0,600.0,149.999,,1179.902,,,85.0,2400.0
2026-08-05 10:37:20.129,4000531,600077,149999440,1179.902238,,607.379,0x00,0x00,CURRENT,1,0,OK,4.0,4.0,600.0,149.999,,1179.902,,,85.0,2400.0
2026-08-05 10:37:20.444,4000295,600042,149999504,1179.902914,,607.693,0x00,0x00,CURRENT,1,0,OK,4.0,4.0,600.0,149.999,,1179.902,,,85.0,2400.0
2026-08-05 10:37:20.645,4000081,600010,149999392,1179.901731,,607.894,0x00,0x00,CURRENT,1,0,OK,4.0,4.0,600.0,149.999,,1179.902,,,85.0,2400.0
2026-08-05 10:37:20.845,3999901,599984,149999728,1179.905279,,608.094,0x00,0x00,CURRENT,1,0,OK,4.0,4.0,600.0,149.999,,1179.902,,,85.0,2400.0
2026-08-05 10:37:21.129,3999823,599970,149999152,1179.899197,,608.379,0x00,0x00,CURRENT,1,0,OK,4.0,4.0,600.0,149.999,,1179.902,,,85.0,2400.0
2026-08-05 10:37:21.445,3999708,599956,149999936,1179.907475,,608.694,0x00,0x00,CURRENT,1,0,OK,4.0,4.0,600.0,149.999,,1179.902,,,85.0,2400.0
2026-08-05 10:37:21.648,3999604,599940,149999792,1179.905955,,608.898,0x00,0x00,CURRENT,1,0,OK,4.0,4.0,600.0,150.0,,1179.907,,,85.0,2400.0
2026-08-05 10:37:21.844,3999553,599932,149999776,1179.905786,,609.094,0x00,0x00,CURRENT,1,0,OK,4.0,4.0,600.0,150.0,,1179.907,,,85.0,2400.0
2026-08-05 10:37:22.129,3999506,599925,149999776,1179.905786,,609.379,0x00,0x00,CURRENT,1,0,OK,4.0,4.0,600.0,150.0,,1179.907,,,85.0,2400.0
2026-08-05 10:37:22.445,3999470,599922,150000288,1179.911192,,609.694,0x00,0x00,CURRENT,1,0,OK,4.0,4.0,600.0,150.0,,1179.907,,,85.0,2400.0
2026-08-05 10:37:22.644,4000255,600042,150000864,1179.917275,,609.894,0x00,0x00,CURRENT,1,0,OK,4.0,4.0,600.0,150.0,,1179.907,,,85.0,2400.0
2026-08-05 10:37:22.844,4000899,600137,150000544,1179.913896,,610.094,0x00,0x00,CURRENT,1,0,OK,4.0,4.0,600.0,150.0,,1179.907,,,85.0,2400.0
2026-08-05 10:37:23.129,4000543,600082,150000064,1179.908827,,610.379,0x00,0x00,CURRENT,1,0,OK,4.0,4.0,600.0,150.0,,1179.907,,,85.0,2400.0
2026-08-05 10:37:23.445,4000192,600035,150001488,1179.923864,,610.695,0x00,0x00,CURRENT,1,0,OK,4.0,4.0,600.0,150.0,,1179.907,,,85.0,2400.0
2026-08-05 10:37:23.649,4000013,600010,150002000,1179.929271,,610.899,0x00,0x00,CURRENT,1,0,OK,4.0,4.0,600.0,150.001,,1179.916,,,85.0,2400.0
2026-08-05 10:37:23.845,3999870,599983,150000512,1179.913558,,611.095,0x00,0x00,CURRENT,1,0,OK,4.0,4.0,600.0,150.001,,1179.916,,,85.0,2400.0
2026-08-05 10:37:24.129,3999734,599964,150000912,1179.917782,,611.379,0x00,0x00,CURRENT,1,0,OK,4.0,4.0,600.0,150.001,,1179.916,,,85.0,2400.0
2026-08-05 10:37:24.445,3999632,599951,150001616,1179.925216,,611.695,0x00,0x00,CURRENT,1,0,OK,4.0,4.0,600.0,150.001,,1179.916,,,85.0,2400.0
2026-08-05 10:37:24.644,3999556,599938,150001104,1179.919809,,611.894,0x00,0x00,CURRENT,1,0,OK,4.0,4.0,600.0,150.001,,1179.916,,,85.0,2400.0
2026-08-05 10:37:24.844,3999517,599933,150001408,1179.923019,,612.094,0x00,0x00,CURRENT,1,0,OK,4.0,4.0,600.0,150.001,,1179.916,,,85.0,2400.0
2026-08-05 10:37:25.129,3999535,599931,150000112,1179.909334,,612.379,0x00,0x00,CURRENT,1,0,OK,4.0,4.0,600.0,150.001,,1179.916,,,85.0,2400.0
2026-08-05 10:37:25.445,3999520,599925,149999344,1179.901224,,612.695,0x00,0x00,CURRENT,1,0,OK,4.0,4.0,600.0,150.001,,1179.916,,,85.0,2400.0
2026-08-05 10:37:25.649,4000320,600046,149999600,1179.903927,,612.899,0x00,0x00,CURRENT,1,0,OK,4.0,4.0,600.0,149.999,,1179.893,,,85.0,2400.0
2026-08-05 10:37:25.846,4000873,600132,150000256,1179.910854,,613.095,0x00,0x00,CURRENT,1,0,OK,5.0,4.0,600.0,149.999,,1179.893,,,85.0,2400.0
2026-08-05 10:37:26.127,4177424,626631,150004048,1179.950897,,613.377,0x00,0x00,CURRENT,1,0,OK,5.0,4.0,600.0,149.999,,1179.893,,,85.0,2400.0
2026-08-05 10:37:26.444,4177387,626621,150003152,1179.941435,,613.694,0x00,0x00,CURRENT,1,0,OK,5.0,4.0,600.0,149.999,,1179.893,,,85.0,2400.0
2026-08-05 10:37:26.644,4219404,632923,150003008,1179.939915,,613.894,0x00,0x00,CURRENT,1,0,OK,5.0,4.0,600.0,149.999,,1179.893,,,85.0,2400.0
2026-08-05 10:37:26.844,4250935,637651,150002448,1179.934001,,614.094,0x00,0x00,CURRENT,1,0,OK,5.0,4.0,600.0,149.999,,1179.893,,,85.0,2400.0
2026-08-05 10:37:27.128,4313181,646987,150002304,1179.932481,,614.378,0x00,0x00,CURRENT,1,0,OK,5.0,4.0,600.0,149.999,,1179.893,,,85.0,2400.0
2026-08-05 10:37:27.444,4359921,653996,150001920,1179.928426,,614.694,0x00,0x00,CURRENT,1,0,OK,5.0,4.0,600.0,149.999,,1179.893,,,85.0,2400.0
2026-08-05 10:37:27.648,4429331,664409,150002144,1179.930791,,614.898,0x00,0x00,CURRENT,1,0,OK,5.0,4.216,632.0,150.001,,1179.918,,,99.0,2666.0
2026-08-05 10:37:27.844,4481473,672225,150000960,1179.918288,,615.094,0x00,0x00,CURRENT,1,0,OK,5.0,4.216,632.0,150.001,,1179.918,,,99.0,2666.0
2026-08-05 10:37:28.128,4550629,682601,150001504,1179.924033,,615.378,0x00,0x00,CURRENT,1,0,OK,5.0,4.216,632.0,150.001,,1179.918,,,99.0,2666.0
2026-08-05 10:37:28.446,4602571,690392,150001488,1179.923864,,615.695,0x00,0x00,CURRENT,1,0,OK,5.0,4.216,632.0,150.001,,1179.918,,,99.0,2666.0
2026-08-05 10:37:28.645,4665835,699880,150001008,1179.918795,,615.895,0x00,0x00,CURRENT,1,0,OK,5.0,4.216,632.0,150.001,,1179.918,,,99.0,2666.0
2026-08-05 10:37:28.845,4713273,706996,150000976,1179.918457,,616.095,0x00,0x00,CURRENT,1,0,OK,5.0,4.216,632.0,150.001,,1179.918,,,99.0,2666.0
2026-08-05 10:37:29.129,4769768,715472,150001472,1179.923695,,616.379,0x00,0x00,CURRENT,1,0,OK,5.0,4.216,632.0,150.001,,1179.918,,,99.0,2666.0
2026-08-05 10:37:29.445,4812195,721832,150000560,1179.914065,,616.694,0x00,0x00,CURRENT,1,0,OK,5.0,4.216,632.0,150.001,,1179.918,,,99.0,2666.0
2026-08-05 10:37:29.648,4859925,728991,150000464,1179.913051,,616.898,0x00,0x00,CURRENT,1,0,OK,5.0,4.637,696.0,150.0,,1179.907,,,107.0,3226.0
2026-08-05 10:37:29.844,4895685,734353,150000112,1179.909334,,617.094,0x00,0x00,CURRENT,1,0,OK,5.0,4.637,696.0,150.0,,1179.907,,,107.0,3226.0
2026-08-05 10:37:30.129,4934278,740139,149999520,1179.903083,,617.379,0x00,0x00,CURRENT,1,0,OK,5.0,4.637,696.0,150.0,,1179.907,,,107.0,3226.0
2026-08-05 10:37:30.444,4963203,744477,149999200,1179.899703,,617.694,0x00,0x00,CURRENT,1,0,OK,5.0,4.637,696.0,150.0,,1179.907,,,107.0,3226.0
2026-08-05 10:37:30.645,4993323,748994,149999184,1179.899535,,617.895,0x00,0x00,CURRENT,1,0,OK,5.0,4.637,696.0,150.0,,1179.907,,,107.0,3226.0
2026-08-05 10:37:30.844,5015858,752376,149999408,1179.901900,,618.094,0x00,0x00,CURRENT,1,0,OK,5.0,4.637,696.0,150.0,,1179.907,,,107.0,3226.0
2026-08-05 10:37:31.129,5037773,755661,149999040,1179.898014,,618.379,0x00,0x00,CURRENT,1,0,OK,5.0,4.637,696.0,150.0,,1179.907,,,107.0,3226.0
2026-08-05 10:37:31.445,5054246,758132,149999040,1179.898014,,618.694,0x00,0x00,CURRENT,1,0,OK,5.0,4.637,696.0,150.0,,1179.907,,,107.0,3226.0
2026-08-05 10:37:31.648,5069901,760481,149999184,1179.899535,,618.898,0x00,0x00,CURRENT,1,0,OK,5.0,4.934,740.0,150.0,,1179.904,,,110.0,3652.0
2026-08-05 10:37:31.844,5081660,762247,149999536,1179.903252,,619.094,0x00,0x00,CURRENT,1,0,OK,5.0,4.934,740.0,150.0,,1179.904,,,110.0,3652.0
2026-08-05 10:37:32.129,5091328,763696,149999440,1179.902238,,619.379,0x00,0x00,CURRENT,1,0,OK,5.0,4.934,740.0,150.0,,1179.904,,,110.0,3652.0
2026-08-05 10:37:32.444,5098607,764786,149998912,1179.896662,,619.694,0x00,0x00,CURRENT,1,0,OK,5.0,4.934,740.0,150.0,,1179.904,,,110.0,3652.0
2026-08-05 10:37:32.644,5103237,765478,149998608,1179.893452,,619.894,0x00,0x00,CURRENT,1,0,OK,5.0,4.934,740.0,150.0,,1179.904,,,110.0,3652.0
2026-08-05 10:37:32.844,5106728,766001,149998352,1179.890749,,620.094,0x00,0x00,CURRENT,1,0,OK,5.0,4.934,740.0,150.0,,1179.904,,,110.0,3652.0
2026-08-05 10:37:33.129,5107669,766146,149999136,1179.899028,,620.379,0x00,0x00,CURRENT,1,0,OK,5.0,4.934,740.0,150.0,,1179.904,,,110.0,3652.0
2026-08-05 10:37:33.445,5108345,766248,149999248,1179.900210,,620.694,0x00,0x00,CURRENT,1,0,OK,5.0,4.934,740.0,150.0,,1179.904,,,110.0,3652.0
2026-08-05 10:37:33.648,5106309,765943,149999312,1179.900886,,620.898,0x00,0x00,CURRENT,1,0,OK,5.0,5.058,759.0,149.999,,1179.898,,,110.0,3837.0
2026-08-05 10:37:33.845,5104773,765712,149999216,1179.899872,,621.095,0x00,0x00,CURRENT,1,0,OK,5.0,5.058,759.0,149.999,,1179.898,,,110.0,3837.0
2026-08-05 10:37:34.129,5100237,765036,150000160,1179.909841,,621.379,0x00,0x00,CURRENT,1,0,OK,5.0,5.058,759.0,149.999,,1179.898,,,110.0,3837.0
2026-08-05 10:37:34.444,5096909,764534,149999456,1179.902407,,621.694,0x00,0x00,CURRENT,1,0,OK,5.0,5.058,759.0,149.999,,1179.898,,,110.0,3837.0
2026-08-05 10:37:34.644,5091021,763654,150000096,1179.909165,,621.894,0x00,0x00,CURRENT,1,0,OK,5.0,5.058,759.0,149.999,,1179.898,,,110.0,3837.0
2026-08-05 10:37:34.844,5086530,762981,150000288,1179.911192,,622.094,0x00,0x00,CURRENT,1,0,OK,5.0,5.058,759.0,149.999,,1179.898,,,110.0,3837.0
2026-08-05 10:37:35.129,5080692,762104,149999952,1179.907644,,622.379,0x00,0x00,CURRENT,1,0,OK,5.0,5.058,759.0,149.999,,1179.898,,,110.0,3837.0
2026-08-05 10:37:35.445,5076314,761446,149999760,1179.905617,,622.694,0x00,0x00,CURRENT,1,0,OK,5.0,5.058,759.0,149.999,,1179.898,,,110.0,3837.0
2026-08-05 10:37:35.648,5069674,760447,149999232,1179.900041,,622.898,0x00,0x00,CURRENT,1,0,OK,5.0,5.071,761.0,149.999,,1179.902,,,108.0,3857.0
2026-08-05 10:37:35.844,5064677,759701,150000000,1179.908151,,623.094,0x00,0x00,CURRENT,1,0,OK,5.0,5.071,761.0,149.999,,1179.902,,,108.0,3857.0
2026-08-05 10:37:36.129,5057610,758643,150000256,1179.910854,,623.379,0x00,0x00,CURRENT,1,0,OK,5.0,5.071,761.0,149.999,,1179.902,,,108.0,3857.0
2026-08-05 10:37:36.445,5052356,757853,149999856,1179.906631,,623.695,0x00,0x00,CURRENT,1,0,OK,5.0,5.071,761.0,149.999,,1179.902,,,108.0,3857.0
2026-08-05 10:37:36.644,5045853,756878,150000032,1179.908489,,623.894,0x00,0x00,CURRENT,1,0,OK,5.0,5.071,761.0,149.999,,1179.902,,,108.0,3857.0
2026-08-05 10:37:36.844,5040985,756148,150000160,1179.909841,,624.094,0x00,0x00,CURRENT,1,0,OK,5.0,5.071,761.0,149.999,,1179.902,,,108.0,3857.0
2026-08-05 10:37:37.129,5035665,755350,150000064,1179.908827,,624.379,0x00,0x00,CURRENT,1,0,OK,5.0,5.071,761.0,149.999,,1179.902,,,108.0,3857.0
2026-08-05 10:37:37.445,5031694,754754,149999920,1179.907306,,624.695,0x00,0x00,CURRENT,1,0,OK,5.0,5.071,761.0,149.999,,1179.902,,,108.0,3857.0
2026-08-05 10:37:37.649,5026982,754046,149999808,1179.906124,,624.899,0x00,0x00,CURRENT,1,0,OK,5.0,5.043,756.0,150.001,,1179.915,,,108.0,3814.0
2026-08-05 10:37:37.844,5023467,753522,150000320,1179.911530,,625.094,0x00,0x00,CURRENT,1,0,OK,5.0,5.043,756.0,150.001,,1179.915,,,108.0,3814.0
2026-08-05 10:37:38.129,5019172,752878,150000464,1179.913051,,625.379,0x00,0x00,CURRENT,1,0,OK,5.0,5.043,756.0,150.001,,1179.915,,,108.0,3814.0
2026-08-05 10:37:38.444,5015969,752398,150000496,1179.913389,,625.694,0x00,0x00,CURRENT,1,0,OK,5.0,5.043,756.0,150.001,,1179.915,,,108.0,3814.0
2026-08-05 10:37:38.645,5011927,751788,149999760,1179.905617,,625.895,0x00,0x00,CURRENT,1,0,OK,5.0,5.043,756.0,150.001,,1179.915,,,108.0,3814.0
2026-08-05 10:37:38.844,5008848,751328,150000224,1179.910517,,626.094,0x00,0x00,CURRENT,1,0,OK,5.0,5.043,756.0,150.001,,1179.915,,,108.0,3814.0
2026-08-05 10:37:39.129,5005728,750858,149999872,1179.906800,,626.379,0x00,0x00,CURRENT,1,0,OK,5.0,5.043,756.0,150.001,,1179.915,,,108.0,3814.0
2026-08-05 10:37:39.445,5003360,750504,149999968,1179.907813,,626.695,0x00,0x00,CURRENT,1,0,OK,5.0,5.043,756.0,150.001,,1179.915,,,108.0,3814.0
2026-08-05 10:37:39.648,5000764,750110,149999072,1179.898352,,626.898,0x00,0x00,CURRENT,1,0,OK,5.0,5.015,752.0,149.999,,1179.897,,,107.0,3772.0
2026-08-05 10:37:39.845,4998761,749812,149999664,1179.904603,,627.095,0x00,0x00,CURRENT,1,0,OK,5.0,5.015,752.0,149.999,,1179.897,,,107.0,3772.0
2026-08-05 10:37:40.129,4997278,749595,150000656,1179.915078,,627.379,0x00,0x00,CURRENT,1,0,OK,5.0,5.015,752.0,149.999,,1179.897,,,107.0,3772.0
2026-08-05 10:37:40.444,4996183,749434,150001232,1179.921161,,627.694,0x00,0x00,CURRENT,1,0,OK,5.0,5.015,752.0,149.999,,1179.897,,,107.0,3772.0
2026-08-05 10:37:40.644,4995372,749310,150000752,1179.916092,,627.894,0x00,0x00,CURRENT,1,0,OK,5.0,5.015,752.0,149.999,,1179.897,,,107.0,3772.0
2026-08-05 10:37:40.844,4994782,749223,150001072,1179.919471,,628.094,0x00,0x00,CURRENT,1,0,OK,5.0,5.015,752.0,149.999,,1179.897,,,107.0,3772.0
2026-08-05 10:37:41.129,4994303,749148,150000592,1179.914403,,628.379,0x00,0x00,CURRENT,1,0,OK,5.0,5.015,752.0,149.999,,1179.897,,,107.0,3772.0
2026-08-05 10:37:41.445,4993962,749097,150000576,1179.914234,,628.694,0x00,0x00,CURRENT,1,0,OK,5.0,5.015,752.0,149.999,,1179.897,,,107.0,3772.0
2026-08-05 10:37:41.648,4993697,749053,149999776,1179.905786,,628.898,0x00,0x00,CURRENT,1,0,OK,5.0,5.0,750.0,150.001,,1179.918,,,107.0,3750.0
2026-08-05 10:37:41.844,4993460,749017,149999584,1179.903758,,629.094,0x00,0x00,CURRENT,1,0,OK,5.0,5.0,750.0,150.001,,1179.918,,,107.0,3750.0
2026-08-05 10:37:42.129,4993283,748992,149999968,1179.907813,,629.379,0x00,0x00,CURRENT,1,0,OK,5.0,5.0,750.0,150.001,,1179.918,,,107.0,3750.0
2026-08-05 10:37:42.444,4993178,748977,150000064,1179.908827,,629.694,0x00,0x00,CURRENT,1,0,OK,5.0,5.0,750.0,150.001,,1179.918,,,107.0,3750.0
2026-08-05 10:37:42.644,4993118,748968,150000128,1179.909503,,629.894,0x00,0x00,CURRENT,1,0,OK,5.0,5.0,750.0,150.001,,1179.918,,,107.0,3750.0
2026-08-05 10:37:42.844,4993046,748958,150000320,1179.911530,,630.094,0x00,0x00,CURRENT,1,0,OK,5.0,5.0,750.0,150.001,,1179.918,,,107.0,3750.0
2026-08-05 10:37:43.129,4992991,748952,150000656,1179.915078,,630.379,0x00,0x00,CURRENT,1,0,OK,5.0,5.0,750.0,150.001,,1179.918,,,107.0,3750.0
2026-08-05 10:37:43.445,4993043,748954,149999568,1179.903589,,630.694,0x00,0x00,CURRENT,1,0,OK,5.0,5.0,750.0,150.001,,1179.918,,,107.0,3750.0
2026-08-05 10:37:43.648,4993082,748957,149998848,1179.895986,,630.898,0x00,0x00,CURRENT,1,0,OK,5.0,4.995,749.0,149.999,,1179.902,,,107.0,3743.0
2026-08-05 10:37:43.845,4993102,748961,149999168,1179.899366,,631.095,0x00,0x00,CURRENT,1,0,OK,5.0,4.995,749.0,149.999,,1179.902,,,107.0,3743.0
2026-08-05 10:37:44.129,4993965,749091,149999328,1179.901055,,631.379,0x00,0x00,CURRENT,1,0,OK,5.0,4.995,749.0,149.999,,1179.902,,,107.0,3743.0
2026-08-05 10:37:44.445,4994594,749187,149999568,1179.903589,,631.695,0x00,0x00,CURRENT,1,0,OK,5.0,4.995,749.0,149.999,,1179.902,,,107.0,3743.0
2026-08-05 10:37:44.645,4995094,749261,149999440,1179.902238,,631.895,0x00,0x00,CURRENT,1,0,OK,5.0,4.995,749.0,149.999,,1179.902,,,107.0,3743.0
2026-08-05 10:37:44.844,4995469,749317,149999440,1179.902238,,632.094,0x00,0x00,CURRENT,1,0,OK,5.0,4.995,749.0,149.999,,1179.902,,,107.0,3743.0
2026-08-05 10:37:45.129,4995702,749351,149999104,1179.898690,,632.379,0x00,0x00,CURRENT,1,0,OK,5.0,4.995,749.0,149.999,,1179.902,,,107.0,3743.0
2026-08-05 10:37:45.445,4995887,749380,149999328,1179.901055,,632.695,0x00,0x00,CURRENT,1,0,OK,5.0,4.995,749.0,149.999,,1179.902,,,107.0,3743.0
2026-08-05 10:37:45.649,4995998,749399,149999840,1179.906462,,632.899,0x00,0x00,CURRENT,1,0,OK,5.0,4.996,749.0,149.999,,1179.896,,,107.0,3743.0
2026-08-05 10:37:45.845,4996137,749421,150000016,1179.908320,,633.095,0x00,0x00,CURRENT,1,0,OK,5.0,4.996,749.0,149.999,,1179.896,,,107.0,3743.0
2026-08-05 10:37:46.129,4997015,749551,149999808,1179.906124,,633.379,0x00,0x00,CURRENT,1,0,OK,5.0,4.996,749.0,149.999,,1179.896,,,107.0,3743.0
2026-08-05 10:37:46.445,4997683,749652,149999840,1179.906462,,633.695,0x00,0x00,CURRENT,1,0,OK,5.0,4.996,749.0,149.999,,1179.896,,,107.0,3743.0
2026-08-05 10:37:46.643,4998156,749726,150000528,1179.913727,,633.893,0x00,0x00,CURRENT,1,0,OK,5.0,4.996,749.0,149.999,,1179.896,,,107.0,3743.0
2026-08-05 10:37:46.845,4998604,749790,149999792,1179.905955,,634.095,0x00,0x00,CURRENT,1,0,OK,5.0,4.996,749.0,149.999,,1179.896,,,107.0,3743.0
2026-08-05 10:37:47.129,4998865,749827,149999456,1179.902407,,634.379,0x00,0x00,CURRENT,1,0,OK,5.0,4.996,749.0,149.999,,1179.896,,,107.0,3743.0
2026-08-05 10:37:47.445,4999061,749858,149999776,1179.905786,,634.694,0x00,0x00,CURRENT,1,0,OK,5.0,4.996,749.0,149.999,,1179.896,,,107.0,3743.0
2026-08-05 10:37:47.648,4999171,749877,150000304,1179.911361,,634.898,0x00,0x00,CURRENT,1,0,OK,5.0,4.998,750.0,149.999,,1179.901,,,107.0,3747.0
2026-08-05 10:37:47.845,4999338,749902,150000352,1179.911868,,635.095,0x00,0x00,CURRENT,1,0,OK,5.0,4.998,750.0,149.999,,1179.901,,,107.0,3747.0
2026-08-05 10:37:48.129,4999452,749919,150000208,1179.910348,,635.379,0x00,0x00,CURRENT,1,0,OK,5.0,4.998,750.0,149.999,,1179.901,,,107.0,3747.0
2026-08-05 10:37:48.444,4999530,749930,150000096,1179.909165,,635.694,0x00,0x00,CURRENT,1,0,OK,5.0,4.998,750.0,149.999,,1179.901,,,107.0,3747.0
2026-08-05 10:37:48.645,4999588,749938,149999920,1179.907306,,635.895,0x00,0x00,CURRENT,1,0,OK,5.0,4.998,750.0,149.999,,1179.901,,,107.0,3747.0
2026-08-05 10:37:48.844,4999650,749943,149999152,1179.899197,,636.094,0x00,0x00,CURRENT,1,0,OK,5.0,4.998,750.0,149.999,,1179.901,,,107.0,3747.0
2026-08-05 10:37:49.129,4999650,749945,149999568,1179.903589,,636.379,0x00,0x00,CURRENT,1,0,OK,5.0,4.998,750.0,149.999,,1179.901,,,107.0,3747.0
2026-08-05 10:37:49.445,4999650,749941,149998640,1179.893790,,636.694,0x00,0x00,CURRENT,1,0,OK,5.0,4.998,750.0,149.999,,1179.901,,,107.0,3747.0
2026-08-05 10:37:49.649,4999659,749943,149998848,1179.895986,,636.899,0x00,0x00,CURRENT,1,0,OK,5.0,4.999,750.0,149.998,,1179.889,,,107.0,3749.0
2026-08-05 10:37:49.844,4999647,749941,149998752,1179.894973,,637.094,0x00,0x00,CURRENT,1,0,OK,5.0,4.999,750.0,149.998,,1179.889,,,107.0,3749.0
2026-08-05 10:37:50.129,4999676,749945,149998656,1179.893959,,637.379,0x00,0x00,CURRENT,1,0,OK,5.0,4.999,750.0,149.998,,1179.889,,,107.0,3749.0
2026-08-05 10:37:50.444,4999678,749950,149999600,1179.903927,,637.694,0x00,0x00,CURRENT,1,0,OK,5.0,4.999,750.0,149.998,,1179.889,,,107.0,3749.0
2026-08-05 10:37:50.645,4999737,749957,149999392,1179.901731,,637.895,0x00,0x00,CURRENT,1,0,OK,5.0,4.999,750.0,149.998,,1179.889,,,107.0,3749.0
2026-08-05 10:37:50.844,4999780,749959,149998432,1179.891594,,638.094,0x00,0x00,CURRENT,1,0,OK,5.0,4.999,750.0,149.998,,1179.889,,,107.0,3749.0
2026-08-05 10:37:51.129,4999794,749962,149998688,1179.894297,,638.379,0x00,0x00,CURRENT,1,0,OK,5.0,4.999,750.0,149.998,,1179.889,,,107.0,3749.0
2026-08-05 10:37:51.445,4999785,749963,149999120,1179.898859,,638.694,0x00,0x00,CURRENT,1,0,OK,5.0,4.999,750.0,149.998,,1179.889,,,107.0,3749.0
2026-08-05 10:37:51.649,4999835,749969,149998768,1179.895142,,638.899,0x00,0x00,CURRENT,1,0,OK,5.0,5.0,750.0,149.998,,1179.887,,,107.0,3749.0
2026-08-05 10:37:51.845,4999798,749964,149998800,1179.895480,,639.095,0x00,0x00,CURRENT,1,0,OK,5.0,5.0,750.0,149.998,,1179.887,,,107.0,3749.0
2026-08-05 10:37:52.129,4999780,749963,149999248,1179.900210,,639.379,0x00,0x00,CURRENT,1,0,OK,5.0,5.0,750.0,149.998,,1179.887,,,107.0,3749.0
2026-08-05 10:37:52.445,4999765,749960,149998944,1179.897000,,639.695,0x00,0x00,CURRENT,1,0,OK,5.0,5.0,750.0,149.998,,1179.887,,,107.0,3749.0
2026-08-05 10:37:52.644,4999783,749965,149999504,1179.902914,,639.894,0x00,0x00,CURRENT,1,0,OK,5.0,5.0,750.0,149.998,,1179.887,,,107.0,3749.0
2026-08-05 10:37:52.844,4999778,749966,149999968,1179.907813,,640.094,0x00,0x00,CURRENT,1,0,OK,5.0,5.0,750.0,149.998,,1179.887,,,107.0,3749.0
2026-08-05 10:37:53.129,4999773,749964,149999552,1179.903420,,640.379,0x00,0x00,CURRENT,1,0,OK,5.0,5.0,750.0,149.998,,1179.887,,,107.0,3749.0
2026-08-05 10:37:53.445,4999780,749964,149999408,1179.901900,,640.694,0x00,0x00,CURRENT,1,0,OK,5.0,5.0,750.0,149.998,,1179.887,,,107.0,3749.0
2026-08-05 10:37:53.649,4999738,749956,149999120,1179.898859,,640.899,0x00,0x00,CURRENT,1,0,OK,5.0,5.0,750.0,149.998,,1179.888,,,107.0,3750.0
2026-08-05 10:37:53.844,4999678,749953,150000160,1179.909841,,641.094,0x00,0x00,CURRENT,1,0,OK,5.0,5.0,750.0,149.998,,1179.888,,,107.0,3750.0
2026-08-05 10:37:54.129,4999671,749954,150000640,1179.914909,,641.379,0x00,0x00,CURRENT,1,0,OK,5.0,5.0,750.0,149.998,,1179.888,,,107.0,3750.0
2026-08-05 10:37:54.445,4999646,749947,150000016,1179.908320,,641.695,0x00,0x00,CURRENT,1,0,OK,5.0,5.0,750.0,149.998,,1179.888,,,107.0,3750.0
2026-08-05 10:37:54.645,4999629,749944,150000032,1179.908489,,641.895,0x00,0x00,CURRENT,1,0,OK,5.0,5.0,750.0,149.998,,1179.888,,,107.0,3750.0
2026-08-05 10:37:54.844,4999606,749940,149999904,1179.907137,,642.094,0x00,0x00,CURRENT,1,0,OK,5.0,5.0,750.0,149.998,,1179.888,,,107.0,3750.0
2026-08-05 10:37:55.129,4999589,749937,149999776,1179.905786,,642.379,0x00,0x00,CURRENT,1,0,OK,5.0,5.0,750.0,149.998,,1179.888,,,107.0,3750.0
2026-08-05 10:37:55.445,4999557,749933,149999904,1179.907137,,642.694,0x00,0x00,CURRENT,1,0,OK,5.0,5.0,750.0,149.998,,1179.888,,,107.0,3750.0
2026-08-05 10:37:55.648,4999580,749937,149999984,1179.907982,,642.897,0x00,0x00,CURRENT,1,0,OK,5.0,5.0,750.0,149.998,,1179.885,,,107.0,3749.0
2026-08-05 10:37:55.845,4999616,749941,149999808,1179.906124,,643.095,0x00,0x00,CURRENT,1,0,OK,5.0,5.0,750.0,149.998,,1179.885,,,107.0,3749.0
2026-08-05 10:37:56.129,4999615,749943,150000064,1179.908827,,643.379,0x00,0x00,CURRENT,1,0,OK,5.0,5.0,750.0,149.998,,1179.885,,,107.0,3749.0
2026-08-05 10:37:56.444,4999623,749942,149999728,1179.905279,,643.694,0x00,0x00,CURRENT,1,0,OK,5.0,5.0,750.0,149.998,,1179.885,,,107.0,3749.0
2026-08-05 10:37:56.645,4999639,749944,149999680,1179.904772,,643.895,0x00,0x00,CURRENT,1,0,OK,5.0,5.0,750.0,149.998,,1179.885,,,107.0,3749.0
2026-08-05 10:37:56.845,4999576,749939,150000448,1179.912882,,644.095,0x00,0x00,CURRENT,1,0,OK,5.0,5.0,750.0,149.998,,1179.885,,,107.0,3749.0
2026-08-05 10:37:57.129,4999557,749939,150001040,1179.919133,,644.379,0x00,0x00,CURRENT,1,0,OK,5.0,5.0,750.0,149.998,,1179.885,,,107.0,3749.0
2026-08-05 10:37:57.445,4999552,749937,150000880,1179.917444,,644.694,0x00,0x00,CURRENT,1,0,OK,5.0,5.0,750.0,149.998,,1179.885,,,107.0,3749.0
2026-08-05 10:37:57.649,4999511,749930,150000672,1179.915247,,644.898,0x00,0x00,CURRENT,1,0,OK,5.0,5.0,750.0,149.997,,1179.877,,,107.0,3750.0
2026-08-05 10:37:57.844,4999527,749928,149999824,1179.906293,,645.094,0x00,0x00,CURRENT,1,0,OK,5.0,5.0,750.0,149.997,,1179.877,,,107.0,3750.0
2026-08-05 10:37:58.129,4999549,749932,149999856,1179.906631,,645.379,0x00,0x00,CURRENT,1,0,OK,5.0,5.0,750.0,149.997,,1179.877,,,107.0,3750.0
2026-08-05 10:37:58.444,4999499,749923,149999712,1179.905110,,645.694,0x00,0x00,CURRENT,1,0,OK,5.0,5.0,750.0,149.997,,1179.877,,,107.0,3750.0
2026-08-05 10:37:58.644,4999480,749921,149999744,1179.905448,,645.893,0x00,0x00,CURRENT,1,0,OK,5.0,5.0,750.0,149.997,,1179.877,,,107.0,3750.0
2026-08-05 10:37:58.845,4999457,749918,149999792,1179.905955,,646.095,0x00,0x00,CURRENT,1,0,OK,5.0,5.0,750.0,149.997,,1179.877,,,107.0,3750.0
2026-08-05 10:37:59.129,4999430,749913,149999728,1179.905279,,646.379,0x00,0x00,CURRENT,1,0,OK,5.0,5.0,750.0,149.997,,1179.877,,,107.0,3750.0
2026-08-05 10:37:59.445,4999429,749912,149999536,1179.903252,,646.694,0x00,0x00,CURRENT,1,0,OK,5.0,5.0,750.0,149.997,,1179.877,,,107.0,3750.0
2026-08-05 10:37:59.649,5000286,750039,149999312,1179.900886,,646.899,0x00,0x00,CURRENT,1,0,OK,5.0,5.0,750.0,149.998,,1179.891,,,107.0,3749.0
2026-08-05 10:37:59.845,5000910,750134,149999504,1179.902914,,647.095,0x00,0x00,CURRENT,1,0,OK,5.0,5.0,750.0,149.998,,1179.891,,,107.0,3749.0
2026-08-05 10:38:00.129,5001340,750198,149999408,1179.901900,,647.379,0x00,0x00,CURRENT,1,0,OK,5.0,5.0,750.0,149.998,,1179.891,,,107.0,3749.0
2026-08-05 10:38:00.445,5001701,750252,149999440,1179.902238,,647.695,0x00,0x00,CURRENT,1,0,OK,5.0,5.0,750.0,149.998,,1179.891,,,107.0,3749.0
2026-08-05 10:38:00.645,5001132,750166,149999296,1179.900717,,647.895,0x00,0x00,CURRENT,1,0,OK,5.0,5.0,750.0,149.998,,1179.891,,,107.0,3749.0
2026-08-05 10:38:00.844,5000668,750097,149999424,1179.902069,,648.094,0x00,0x00,CURRENT,1,0,OK,5.0,5.0,750.0,149.998,,1179.891,,,107.0,3749.0
2026-08-05 10:38:01.129,5000311,750046,149999856,1179.906631,,648.379,0x00,0x00,CURRENT,1,0,OK,5.0,5.0,750.0,149.998,,1179.891,,,107.0,3749.0
2026-08-05 10:38:01.445,5000033,750007,150000288,1179.911192,,648.694,0x00,0x00,CURRENT,1,0,OK,5.0,5.0,750.0,149.998,,1179.891,,,107.0,3749.0
2026-08-05 10:38:01.649,4999882,749984,150000304,1179.911361,,648.898,0x00,0x00,CURRENT,1,0,OK,5.0,5.0,750.0,149.999,,1179.9,,,107.0,3750.0
2026-08-05 10:38:01.845,4999786,749966,149999552,1179.903420,,649.094,0x00,0x00,CURRENT,1,0,OK,5.0,5.0,750.0,149.999,,1179.9,,,107.0,3750.0
2026-08-05 10:38:02.129,4999650,749946,149999776,1179.905786,,649.379,0x00,0x00,CURRENT,1,0,OK,5.0,5.0,750.0,149.999,,1179.9,,,107.0,3750.0
2026-08-05 10:38:02.445,4999556,749939,150001008,1179.918795,,649.695,0x00,0x00,CURRENT,1,0,OK,5.0,5.0,750.0,149.999,,1179.9,,,107.0,3750.0
2026-08-05 10:38:02.644,4999542,749934,150000480,1179.913220,,649.894,0x00,0x00,CURRENT,1,0,OK,5.0,5.0,750.0,149.999,,1179.9,,,107.0,3750.0
2026-08-05 10:38:02.845,4999504,749929,150000656,1179.915078,,650.095,0x00,0x00,CURRENT,1,0,OK,5.0,5.0,750.0,149.999,,1179.9,,,107.0,3750.0
2026-08-05 10:38:03.129,4999531,749931,150000288,1179.911192,,650.379,0x00,0x00,CURRENT,1,0,OK,5.0,5.0,750.0,149.999,,1179.9,,,107.0,3750.0
2026-08-05 10:38:03.445,4999477,749923,150000336,1179.911699,,650.694,0x00,0x00,CURRENT,1,0,OK,5.0,5.0,750.0,149.999,,1179.9,,,107.0,3750.0
2026-08-05 10:38:03.648,4999417,749915,150000496,1179.913389,,650.897,0x00,0x00,CURRENT,1,0,OK,5.0,5.0,750.0,149.999,,1179.901,,,107.0,3749.0
2026-08-05 10:38:03.845,4999428,749914,149999952,1179.907644,,651.095,0x00,0x00,CURRENT,1,0,OK,5.0,5.0,750.0,149.999,,1179.901,,,107.0,3749.0
2026-08-05 10:38:04.129,4999418,749908,149999056,1179.898183,,651.379,0x00,0x00,CURRENT,1,0,OK,5.0,5.0,750.0,149.999,,1179.901,,,107.0,3749.0
2026-08-05 10:38:04.445,4999410,749906,149998832,1179.895817,,651.694,0x00,0x00,CURRENT,1,0,OK,5.0,5.0,750.0,149.999,,1179.901,,,107.0,3749.0
2026-08-05 10:38:04.645,5000244,750031,149998816,1179.895649,,651.894,0x00,0x00,CURRENT,1,0,OK,5.0,5.0,750.0,149.999,,1179.901,,,107.0,3749.0
2026-08-05 10:38:04.845,5000906,750130,149998864,1179.896155,,652.095,0x00,0x00,CURRENT,1,0,OK,5.0,5.0,750.0,149.999,,1179.901,,,107.0,3749.0
2026-08-05 10:38:05.129,5000564,750078,149998656,1179.893959,,652.378,0x00,0x00,CURRENT,1,0,OK,5.0,5.0,750.0,149.999,,1179.901,,,107.0,3749.0
2026-08-05 10:38:05.445,5000270,750037,149999344,1179.901224,,652.694,0x00,0x00,CURRENT,1,0,OK,5.0,5.0,750.0,149.999,,1179.901,,,107.0,3749.0
2026-08-05 10:38:05.649,5000031,750001,149999376,1179.901562,,652.899,0x00,0x00,CURRENT,1,0,OK,5.0,5.0,750.0,149.999,,1179.898,,,107.0,3750.0
2026-08-05 10:38:05.844,4999898,749980,149999104,1179.898690,,653.093,0x00,0x00,CURRENT,1,0,OK,5.0,5.0,750.0,149.999,,1179.898,,,107.0,3750.0
2026-08-05 10:38:06.129,4999761,749960,149999200,1179.899703,,653.378,0x00,0x00,CURRENT,1,0,OK,5.0,5.0,750.0,149.999,,1179.898,,,107.0,3750.0
2026-08-05 10:38:06.445,4999640,749943,149999328,1179.901055,,653.694,0x00,0x00,CURRENT,1,0,OK,5.0,5.0,750.0,149.999,,1179.898,,,107.0,3750.0
2026-08-05 10:38:06.645,5000406,750059,149999568,1179.903589,,653.894,0x00,0x00,CURRENT,1,0,OK,5.0,5.0,750.0,149.999,,1179.898,,,107.0,3750.0
2026-08-05 10:38:06.846,5001000,750149,149999792,1179.905955,,654.095,0x00,0x00,CURRENT,1,0,OK,5.0,5.0,750.0,149.999,,1179.898,,,107.0,3750.0
2026-08-05 10:38:07.129,5000606,750090,149999840,1179.906462,,654.378,0x00,0x00,CURRENT,1,0,OK,5.0,5.0,750.0,149.999,,1179.898,,,107.0,3750.0
2026-08-05 10:38:07.445,5000293,750042,149999664,1179.904603,,654.694,0x00,0x00,CURRENT,1,0,OK,5.0,5.0,750.0,149.999,,1179.898,,,107.0,3750.0
2026-08-05 10:38:07.649,5000113,750014,149999456,1179.902407,,654.898,0x00,0x00,CURRENT,1,0,OK,5.0,5.0,750.0,149.999,,1179.893,,,107.0,3750.0
2026-08-05 10:38:07.844,4999997,749998,149999776,1179.905786,,655.093,0x00,0x00,CURRENT,1,0,OK,5.0,5.0,750.0,149.999,,1179.893,,,107.0,3750.0
2026-08-05 10:38:08.129,4999863,749977,149999520,1179.903083,,655.379,0x00,0x00,CURRENT,1,0,OK,5.0,5.0,750.0,149.999,,1179.893,,,107.0,3750.0
2026-08-05 10:38:08.445,4999744,749963,150000208,1179.910348,,655.694,0x00,0x00,CURRENT,1,0,OK,5.0,5.0,750.0,149.999,,1179.893,,,107.0,3750.0
2026-08-05 10:38:08.644,4999683,749954,150000320,1179.911530,,655.893,0x00,0x00,CURRENT,1,0,OK,5.0,5.0,750.0,149.999,,1179.893,,,107.0,3750.0
2026-08-05 10:38:08.845,4999638,749947,150000160,1179.909841,,656.094,0x00,0x00,CURRENT,1,0,OK,5.0,5.0,750.0,149.999,,1179.893,,,107.0,3750.0
2026-08-05 10:38:09.129,4999594,749941,150000304,1179.911361,,656.378,0x00,0x00,CURRENT,1,0,OK,5.0,5.0,750.0,149.999,,1179.893,,,107.0,3750.0
2026-08-05 10:38:09.445,4999580,749937,149999984,1179.907982,,656.694,0x00,0x00,CURRENT,1,0,OK,5.0,5.0,750.0,149.999,,1179.893,,,107.0,3750.0
2026-08-05 10:38:09.649,4999597,749939,149999856,1179.906631,,656.898,0x00,0x00,CURRENT,1,0,OK,5.0,5.0,750.0,149.999,,1179.899,,,107.0,3750.0
2026-08-05 10:38:09.845,4999536,749933,150000432,1179.912713,,657.094,0x00,0x00,CURRENT,1,0,OK,5.0,5.0,750.0,149.999,,1179.899,,,107.0,3750.0
2026-08-05 10:38:10.129,5000375,750058,150000304,1179.911361,,657.379,0x00,0x00,CURRENT,1,0,OK,5.0,5.0,750.0,149.999,,1179.899,,,107.0,3750.0
2026-08-05 10:38:10.446,5000995,750147,149999488,1179.902745,,657.695,0x00,0x00,CURRENT,1,0,OK,5.0,5.0,750.0,149.999,,1179.899,,,107.0,3750.0
2026-08-05 10:38:10.645,5000621,750090,149999264,1179.900379,,657.894,0x00,0x00,CURRENT,1,0,OK,5.0,5.0,750.0,149.999,,1179.899,,,107.0,3750.0
2026-08-05 10:38:10.845,5000313,750047,150000016,1179.908320,,658.094,0x00,0x00,CURRENT,1,0,OK,5.0,5.0,750.0,149.999,,1179.899,,,107.0,3750.0
2026-08-05 10:38:11.130,5000129,750014,149999040,1179.898014,,658.379,0x00,0x00,CURRENT,1,0,OK,5.0,5.0,750.0,149.999,,1179.899,,,107.0,3750.0
2026-08-05 10:38:11.445,4999952,749990,149999376,1179.901562,,658.695,0x00,0x00,CURRENT,1,0,OK,5.0,5.0,750.0,149.999,,1179.899,,,107.0,3750.0
2026-08-05 10:38:11.649,4999849,749975,149999568,1179.903589,,658.899,0x00,0x00,CURRENT,1,0,OK,5.0,5.0,750.0,149.999,,1179.895,,,107.0,3750.0
2026-08-05 10:38:11.844,4999743,749962,150000032,1179.908489,,659.094,0x00,0x00,CURRENT,1,0,OK,5.0,5.0,750.0,149.999,,1179.895,,,107.0,3750.0
2026-08-05 10:38:12.130,4999766,749963,149999648,1179.904434,,659.380,0x00,0x00,CURRENT,1,0,OK,5.0,5.0,750.0,149.999,,1179.895,,,107.0,3750.0
2026-08-05 10:38:12.446,4999737,749958,149999456,1179.902407,,659.695,0x00,0x00,CURRENT,1,0,OK,5.0,5.0,750.0,149.999,,1179.895,,,107.0,3750.0
2026-08-05 10:38:12.645,4999687,749952,149999808,1179.906124,,659.894,0x00,0x00,CURRENT,1,0,OK,5.0,5.0,750.0,149.999,,1179.895,,,107.0,3750.0
2026-08-05 10:38:12.845,4999697,749952,149999584,1179.903758,,660.094,0x00,0x00,CURRENT,1,0,OK,5.0,5.0,750.0,149.999,,1179.895,,,107.0,3750.0
2026-08-05 10:38:13.130,4999675,749950,149999840,1179.906462,,660.380,0x00,0x00,CURRENT,1,0,OK,5.0,5.0,750.0,149.999,,1179.895,,,107.0,3750.0
2026-08-05 10:38:13.445,4999687,749950,149999328,1179.901055,,660.695,0x00,0x00,CURRENT,1,0,OK,5.0,5.0,750.0,149.999,,1179.895,,,107.0,3750.0
2026-08-05 10:38:13.649,5000479,750070,149999552,1179.903420,,660.898,0x00,0x00,CURRENT,1,0,OK,5.0,5.0,750.0,150.0,,1179.906,,,107.0,3749.0
2026-08-05 10:38:13.845,5001092,750159,149998976,1179.897338,,661.095,0x00,0x00,CURRENT,1,0,OK,5.0,5.0,750.0,150.0,,1179.906,,,107.0,3749.0
2026-08-05 10:38:14.130,5000740,750105,149998704,1179.894466,,661.380,0x00,0x00,CURRENT,1,0,OK,5.0,5.0,750.0,150.0,,1179.906,,,107.0,3749.0
2026-08-05 10:38:14.445,5000412,750060,149999632,1179.904265,,661.695,0x00,0x00,CURRENT,1,0,OK,5.0,5.0,750.0,150.0,,1179.906,,,107.0,3749.0
2026-08-05 10:38:14.645,5000156,750023,149999840,1179.906462,,661.895,0x00,0x00,CURRENT,1,0,OK,5.0,5.0,750.0,150.0,,1179.906,,,107.0,3749.0
2026-08-05 10:38:14.846,4999945,749992,150000128,1179.909503,,662.096,0x00,0x00,CURRENT,1,0,OK,5.0,5.0,750.0,150.0,,1179.906,,,107.0,3749.0
2026-08-05 10:38:15.130,4999815,749969,149999392,1179.901731,,662.380,0x00,0x00,CURRENT,1,0,OK,5.0,5.0,750.0,150.0,,1179.906,,,107.0,3749.0
2026-08-05 10:38:15.445,4999681,749953,150000128,1179.909503,,662.695,0x00,0x00,CURRENT,1,0,OK,5.0,5.0,750.0,150.0,,1179.906,,,107.0,3749.0
2026-08-05 10:38:15.649,4999571,749935,149999856,1179.906631,,662.899,0x00,0x00,CURRENT,1,0,OK,5.0,5.0,750.0,150.001,,1179.919,,,107.0,3750.0
2026-08-05 10:38:15.846,4999488,749925,150000336,1179.911699,,663.096,0x00,0x00,CURRENT,1,0,OK,5.0,5.0,750.0,150.001,,1179.919,,,107.0,3750.0
2026-08-05 10:38:16.130,5000255,750040,150000336,1179.911699,,663.380,0x00,0x00,CURRENT,1,0,OK,5.0,5.0,750.0,150.001,,1179.919,,,107.0,3750.0
2026-08-05 10:38:16.446,5000812,750125,150000560,1179.914065,,663.695,0x00,0x00,CURRENT,1,0,OK,5.0,5.0,750.0,150.001,,1179.919,,,107.0,3750.0
2026-08-05 10:38:16.645,5001201,750186,150001104,1179.919809,,663.895,0x00,0x00,CURRENT,1,0,OK,5.0,5.0,750.0,150.001,,1179.919,,,107.0,3750.0
2026-08-05 10:38:16.845,5001531,750234,150000800,1179.916599,,664.095,0x00,0x00,CURRENT,1,0,OK,5.0,5.0,750.0,150.001,,1179.919,,,107.0,3750.0
2026-08-05 10:38:17.130,5000930,750141,150000256,1179.910854,,664.380,0x00,0x00,CURRENT,1,0,OK,5.0,5.0,750.0,150.001,,1179.919,,,107.0,3750.0
2026-08-05 10:38:17.445,5000461,750070,150000096,1179.909165,,664.695,0x00,0x00,CURRENT,1,0,OK,5.0,5.0,750.0,150.001,,1179.919,,,107.0,3750.0
2026-08-05 10:38:17.649,5000090,750016,150000496,1179.913389,,664.899,0x00,0x00,CURRENT,1,0,OK,5.0,5.0,750.0,150.001,,1179.917,,,107.0,3751.0
2026-08-05 10:38:17.843,4999840,749978,150000368,1179.912037,,665.093,0x00,0x00,CURRENT,1,0,OK,5.0,5.0,750.0,150.001,,1179.917,,,107.0,3751.0
2026-08-05 10:38:18.130,4999661,749952,150000576,1179.914234,,665.379,0x00,0x00,CURRENT,1,0,OK,5.0,5.0,750.0,150.001,,1179.917,,,107.0,3751.0
2026-08-05 10:38:18.445,4999621,749944,150000160,1179.909841,,665.694,0x00,0x00,CURRENT,1,0,OK,5.0,5.0,750.0,150.001,,1179.917,,,107.0,3751.0
2026-08-05 10:38:18.645,4999553,749936,150000496,1179.913389,,665.894,0x00,0x00,CURRENT,1,0,OK,5.0,5.0,750.0,150.001,,1179.917,,,107.0,3751.0
2026-08-05 10:38:18.845,4999512,749927,149999984,1179.907982,,666.094,0x00,0x00,CURRENT,1,0,OK,5.0,5.0,750.0,150.001,,1179.917,,,107.0,3751.0
2026-08-05 10:38:19.130,4999490,749923,149999952,1179.907644,,666.379,0x00,0x00,CURRENT,1,0,OK,5.0,5.0,750.0,150.001,,1179.917,,,107.0,3751.0
2026-08-05 10:38:19.445,4999428,749916,150000288,1179.911192,,666.695,0x00,0x00,CURRENT,1,0,OK,5.0,5.0,750.0,150.001,,1179.917,,,107.0,3751.0
2026-08-05 10:38:19.649,4999418,749911,149999728,1179.905279,,666.899,0x00,0x00,CURRENT,1,0,OK,5.0,5.0,750.0,149.999,,1179.902,,,107.0,3750.0
2026-08-05 10:38:19.845,4999420,749912,149999856,1179.906631,,667.095,0x00,0x00,CURRENT,1,0,OK,5.0,5.0,750.0,149.999,,1179.902,,,107.0,3750.0
2026-08-05 10:38:20.130,4999403,749908,149999472,1179.902576,,667.380,0x00,0x00,CURRENT,1,0,OK,5.0,5.0,750.0,149.999,,1179.902,,,107.0,3750.0
2026-08-05 10:38:20.445,4999399,749905,149999120,1179.898859,,667.694,0x00,0x00,CURRENT,1,0,OK,5.0,5.0,750.0,149.999,,1179.902,,,107.0,3750.0
2026-08-05 10:38:20.646,4999406,749907,149999312,1179.900886,,667.895,0x00,0x00,CURRENT,1,0,OK,5.0,5.0,750.0,149.999,,1179.902,,,107.0,3750.0
2026-08-05 10:38:20.844,4999420,749913,150000016,1179.908320,,668.094,0x00,0x00,CURRENT,1,0,OK,5.0,5.0,750.0,149.999,,1179.902,,,107.0,3750.0
2026-08-05 10:38:21.129,5000269,750040,150000032,1179.908489,,668.379,0x00,0x00,CURRENT,1,0,OK,5.0,5.0,750.0,149.999,,1179.902,,,107.0,3750.0
2026-08-05 10:38:21.445,5000887,750134,150000256,1179.910854,,668.695,0x00,0x00,CURRENT,1,0,OK,5.0,5.0,750.0,149.999,,1179.902,,,107.0,3750.0
2026-08-05 10:38:21.649,5001323,750201,150000400,1179.912375,,668.898,0x00,0x00,CURRENT,1,0,OK,5.0,5.0,750.0,150.0,,1179.914,,,107.0,3751.0
2026-08-05 10:38:21.846,5001669,750251,150000160,1179.909841,,669.095,0x00,0x00,CURRENT,1,0,OK,5.0,5.0,750.0,150.0,,1179.914,,,107.0,3751.0
2026-08-05 10:38:22.130,5001062,750162,150000448,1179.912882,,669.379,0x00,0x00,CURRENT,1,0,OK,5.0,5.0,750.0,150.0,,1179.914,,,107.0,3751.0
2026-08-05 10:38:22.446,5000644,750098,150000336,1179.911699,,669.695,0x00,0x00,CURRENT,1,0,OK,5.0,5.0,750.0,150.0,,1179.914,,,107.0,3751.0
2026-08-05 10:38:22.644,5000358,750054,149999984,1179.907982,,669.893,0x00,0x00,CURRENT,1,0,OK,5.0,5.0,750.0,150.0,,1179.914,,,107.0,3751.0
2026-08-05 10:38:22.845,5000125,750018,149999856,1179.906631,,670.094,0x00,0x00,CURRENT,1,0,OK,5.0,5.0,750.0,150.0,,1179.914,,,107.0,3751.0
2026-08-05 10:38:23.130,4999922,749989,150000096,1179.909165,,670.379,0x00,0x00,CURRENT,1,0,OK,5.0,5.0,750.0,150.0,,1179.914,,,107.0,3751.0
2026-08-05 10:38:23.445,4999752,749962,149999840,1179.906462,,670.695,0x00,0x00,CURRENT,1,0,OK,5.0,5.0,750.0,150.0,,1179.914,,,107.0,3751.0
2026-08-05 10:38:23.649,4999642,749948,150000256,1179.910854,,670.898,0x00,0x00,CURRENT,1,0,OK,5.0,5.0,750.0,149.999,,1179.897,,,107.0,3750.0
2026-08-05 10:38:23.845,4999597,749938,149999584,1179.903758,,671.094,0x00,0x00,CURRENT,1,0,OK,5.0,5.0,750.0,149.999,,1179.897,,,107.0,3750.0
2026-08-05 10:38:24.130,4999554,749931,149999664,1179.904603,,671.379,0x00,0x00,CURRENT,1,0,OK,5.0,5.0,750.0,149.999,,1179.897,,,107.0,3750.0
2026-08-05 10:38:24.445,4999551,749931,149999776,1179.905786,,671.694,0x00,0x00,CURRENT,1,0,OK,5.0,5.0,750.0,149.999,,1179.897,,,107.0,3750.0
2026-08-05 10:38:24.645,4999491,749924,150000096,1179.909165,,671.894,0x00,0x00,CURRENT,1,0,OK,5.0,5.0,750.0,149.999,,1179.897,,,107.0,3750.0
2026-08-05 10:38:24.844,4999438,749918,150000496,1179.913389,,672.093,0x00,0x00,CURRENT,1,0,OK,5.0,5.0,750.0,149.999,,1179.897,,,107.0,3750.0
2026-08-05 10:38:25.130,4999444,749919,150000496,1179.913389,,672.379,0x00,0x00,CURRENT,1,0,OK,5.0,5.0,750.0,149.999,,1179.897,,,107.0,3750.0
2026-08-05 10:38:25.444,4999477,749919,149999504,1179.902914,,672.693,0x00,0x00,CURRENT,1,0,OK,5.0,5.0,750.0,149.999,,1179.897,,,107.0,3750.0
2026-08-05 10:38:25.648,4999491,749921,149999504,1179.902914,,672.898,0x00,0x00,CURRENT,1,0,OK,5.0,5.0,750.0,149.999,,1179.897,,,107.0,3750.0
2026-08-05 10:38:25.844,4999475,749922,150000160,1179.909841,,673.094,0x00,0x00,CURRENT,1,0,OK,5.0,5.0,750.0,149.999,,1179.897,,,107.0,3750.0
2026-08-05 10:38:26.130,4999490,749925,150000256,1179.910854,,673.379,0x00,0x00,CURRENT,1,0,OK,5.0,5.0,750.0,149.999,,1179.897,,,107.0,3750.0
2026-08-05 10:38:26.445,4999531,749928,149999600,1179.903927,,673.694,0x00,0x00,CURRENT,1,0,OK,5.0,5.0,750.0,149.999,,1179.897,,,107.0,3750.0
2026-08-05 10:38:26.646,4999551,749929,149999232,1179.900041,,673.895,0x00,0x00,CURRENT,1,0,OK,5.0,5.0,750.0,149.999,,1179.897,,,107.0,3750.0
2026-08-05 10:38:26.845,4999557,749927,149998768,1179.895142,,674.094,0x00,0x00,CURRENT,1,0,OK,5.0,5.0,750.0,149.999,,1179.897,,,107.0,3750.0
2026-08-05 10:38:27.130,5000391,750055,149999360,1179.901393,,674.379,0x00,0x00,CURRENT,1,0,OK,5.0,5.0,750.0,149.999,,1179.897,,,107.0,3750.0
2026-08-05 10:38:27.445,5000998,750148,149999616,1179.904096,,674.695,0x00,0x00,CURRENT,1,0,OK,5.0,5.0,750.0,149.999,,1179.897,,,107.0,3750.0
2026-08-05 10:38:27.649,5000623,750094,150000064,1179.908827,,674.898,0x00,0x00,CURRENT,1,0,OK,5.0,5.0,750.0,149.999,,1179.9,,,107.0,3751.0
2026-08-05 10:38:27.845,5000389,750054,149999184,1179.899535,,675.094,0x00,0x00,CURRENT,1,0,OK,5.0,5.0,750.0,149.999,,1179.9,,,107.0,3751.0
2026-08-05 10:38:28.130,5000148,750016,149998736,1179.894804,,675.379,0x00,0x00,CURRENT,1,0,OK,5.0,5.0,750.0,149.999,,1179.9,,,107.0,3751.0
2026-08-05 10:38:28.445,4999986,749991,149998640,1179.893790,,675.695,0x00,0x00,CURRENT,1,0,OK,6.0,5.0,750.0,149.999,,1179.9,,,107.0,3751.0
2026-08-05 10:38:28.721,5176889,776531,149999472,1179.902576,,675.971,0x00,0x00,CURRENT,1,0,OK,6.0,5.0,750.0,149.999,,1179.9,,,107.0,3751.0
2026-08-05 10:38:29.045,5176880,776528,149999280,1179.900548,,676.294,0x00,0x00,CURRENT,1,0,OK,6.0,5.0,750.0,149.999,,1179.9,,,107.0,3751.0
2026-08-05 10:38:29.245,5218806,782815,149998880,1179.896324,,676.494,0x00,0x00,CURRENT,1,0,OK,6.0,5.0,750.0,149.999,,1179.9,,,107.0,3751.0
2026-08-05 10:38:29.445,5250158,787523,149999808,1179.906124,,676.695,0x00,0x00,CURRENT,1,0,OK,6.0,5.0,750.0,149.999,,1179.9,,,107.0,3751.0
2026-08-05 10:38:29.728,5312091,796815,150000272,1179.911023,,676.978,0x00,0x00,CURRENT,1,0,OK,6.0,5.044,757.0,149.999,,1179.902,,,115.0,3816.0
2026-08-05 10:38:30.045,5358504,803775,149999952,1179.907644,,677.294,0x00,0x00,CURRENT,1,0,OK,6.0,5.044,757.0,149.999,,1179.902,,,115.0,3816.0
2026-08-05 10:38:30.245,5427836,814174,149999664,1179.904603,,677.494,0x00,0x00,CURRENT,1,0,OK,6.0,5.044,757.0,149.999,,1179.902,,,115.0,3816.0
2026-08-05 10:38:30.444,5479799,821966,149999296,1179.900717,,677.694,0x00,0x00,CURRENT,1,0,OK,6.0,5.044,757.0,149.999,,1179.902,,,115.0,3816.0
2026-08-05 10:38:30.729,5549007,832350,149999760,1179.905617,,677.978,0x00,0x00,CURRENT,1,0,OK,6.0,5.044,757.0,149.999,,1179.902,,,115.0,3816.0
2026-08-05 10:38:31.044,5600959,840139,149999216,1179.899872,,678.294,0x00,0x00,CURRENT,1,0,OK,6.0,5.044,757.0,149.999,,1179.902,,,115.0,3816.0
2026-08-05 10:38:31.245,5665079,849756,149998976,1179.897338,,678.494,0x00,0x00,CURRENT,1,0,OK,6.0,5.044,757.0,149.999,,1179.902,,,115.0,3816.0
2026-08-05 10:38:31.447,5713133,856965,149999152,1179.899197,,678.696,0x00,0x00,CURRENT,1,0,OK,6.0,5.044,757.0,149.999,,1179.902,,,115.0,3816.0
2026-08-05 10:38:31.729,5769295,865398,150000640,1179.914909,,678.978,0x00,0x00,CURRENT,1,0,OK,6.0,5.429,814.0,149.999,,1179.9,,,127.0,4420.0
2026-08-05 10:38:32.045,5811464,871722,150000448,1179.912882,,679.294,0x00,0x00,CURRENT,1,0,OK,6.0,5.429,814.0,149.999,,1179.9,,,127.0,4420.0
2026-08-05 10:38:32.245,5859924,878990,150000288,1179.911192,,679.494,0x00,0x00,CURRENT,1,0,OK,6.0,5.429,814.0,149.999,,1179.9,,,127.0,4420.0
2026-08-05 10:38:32.445,5896306,884447,150000176,1179.910010,,679.694,0x00,0x00,CURRENT,1,0,OK,6.0,5.429,814.0,149.999,,1179.9,,,127.0,4420.0
2026-08-05 10:38:32.729,5935252,890290,150000304,1179.911361,,679.978,0x00,0x00,CURRENT,1,0,OK,6.0,5.429,814.0,149.999,,1179.9,,,127.0,4420.0
2026-08-05 10:38:33.045,5964500,894673,149999696,1179.904941,,680.294,0x00,0x00,CURRENT,1,0,OK,6.0,5.429,814.0,149.999,,1179.9,,,127.0,4420.0
2026-08-05 10:38:33.244,5994833,899222,149999552,1179.903420,,680.494,0x00,0x00,CURRENT,1,0,OK,6.0,5.429,814.0,149.999,,1179.9,,,127.0,4420.0
2026-08-05 10:38:33.447,6017536,902631,150000032,1179.908489,,680.697,0x00,0x00,CURRENT,1,0,OK,6.0,5.429,814.0,149.999,,1179.9,,,127.0,4420.0
2026-08-05 10:38:33.728,6039671,905949,149999760,1179.905617,,680.978,0x00,0x00,CURRENT,1,0,OK,6.0,5.809,871.0,149.999,,1179.899,,,132.0,5062.0
2026-08-05 10:38:34.046,6056217,908430,149999648,1179.904434,,681.295,0x00,0x00,CURRENT,1,0,OK,6.0,5.809,871.0,149.999,,1179.899,,,132.0,5062.0
2026-08-05 10:38:34.245,6071972,910795,149999840,1179.906462,,681.495,0x00,0x00,CURRENT,1,0,OK,6.0,5.809,871.0,149.999,,1179.899,,,132.0,5062.0
2026-08-05 10:38:34.443,6083826,912572,149999680,1179.904772,,681.693,0x00,0x00,CURRENT,1,0,OK,6.0,5.809,871.0,149.999,,1179.899,,,132.0,5062.0
2026-08-05 10:38:34.730,6093452,914021,150000512,1179.913558,,681.979,0x00,0x00,CURRENT,1,0,OK,6.0,5.809,871.0,149.999,,1179.899,,,132.0,5062.0
2026-08-05 10:38:35.046,6100757,915115,150000288,1179.911192,,682.295,0x00,0x00,CURRENT,1,0,OK,6.0,5.809,871.0,149.999,,1179.899,,,132.0,5062.0
2026-08-05 10:38:35.245,6105423,915814,150000064,1179.908827,,682.494,0x00,0x00,CURRENT,1,0,OK,6.0,5.809,871.0,149.999,,1179.899,,,132.0,5062.0
2026-08-05 10:38:35.447,6108970,916348,150000480,1179.913220,,682.697,0x00,0x00,CURRENT,1,0,OK,6.0,5.809,871.0,149.999,,1179.899,,,132.0,5062.0
2026-08-05 10:38:35.729,6109058,916359,150000064,1179.908827,,682.979,0x00,0x00,CURRENT,1,0,OK,6.0,6.017,902.0,150.001,,1179.915,,,133.0,5430.0
2026-08-05 10:38:36.045,6109142,916369,149999696,1179.904941,,683.295,0x00,0x00,CURRENT,1,0,OK,6.0,6.017,902.0,150.001,,1179.915,,,133.0,5430.0
2026-08-05 10:38:36.244,6106679,915999,149999600,1179.903927,,683.494,0x00,0x00,CURRENT,1,0,OK,6.0,6.017,902.0,150.001,,1179.915,,,133.0,5430.0
2026-08-05 10:38:36.444,6104805,915720,149999808,1179.906124,,683.694,0x00,0x00,CURRENT,1,0,OK,6.0,6.017,902.0,150.001,,1179.915,,,133.0,5430.0
2026-08-05 10:38:36.729,6100901,915135,150000016,1179.908320,,683.979,0x00,0x00,CURRENT,1,0,OK,6.0,6.017,902.0,150.001,,1179.915,,,133.0,5430.0
2026-08-05 10:38:37.045,6097972,914693,149999552,1179.903420,,684.295,0x00,0x00,CURRENT,1,0,OK,6.0,6.017,902.0,150.001,,1179.915,,,133.0,5430.0
2026-08-05 10:38:37.244,6092430,913859,149999024,1179.897845,,684.494,0x00,0x00,CURRENT,1,0,OK,6.0,6.017,902.0,150.001,,1179.915,,,133.0,5430.0
2026-08-05 10:38:37.448,6088264,913234,149999088,1179.898521,,684.698,0x00,0x00,CURRENT,1,0,OK,6.0,6.017,902.0,150.001,,1179.915,,,133.0,5430.0
2026-08-05 10:38:37.730,6081803,912265,149999184,1179.899535,,684.979,0x00,0x00,CURRENT,1,0,OK,6.0,6.074,911.0,150.001,,1179.915,,,132.0,5534.0
2026-08-05 10:38:38.045,6076939,911537,149999376,1179.901562,,685.295,0x00,0x00,CURRENT,1,0,OK,6.0,6.074,911.0,150.001,,1179.915,,,132.0,5534.0
2026-08-05 10:38:38.244,6069944,910490,149999664,1179.904603,,685.494,0x00,0x00,CURRENT,1,0,OK,6.0,6.074,911.0,150.001,,1179.915,,,132.0,5534.0
2026-08-05 10:38:38.445,6064670,909697,149999456,1179.902407,,685.694,0x00,0x00,CURRENT,1,0,OK,6.0,6.074,911.0,150.001,,1179.915,,,132.0,5534.0
2026-08-05 10:38:38.729,6058171,908721,149999296,1179.900717,,685.979,0x00,0x00,CURRENT,1,0,OK,6.0,6.074,911.0,150.001,,1179.915,,,132.0,5534.0
2026-08-05 10:38:39.045,6053342,908000,149999776,1179.905786,,686.294,0x00,0x00,CURRENT,1,0,OK,6.0,6.074,911.0,150.001,,1179.915,,,132.0,5534.0
2026-08-05 10:38:39.245,6047167,907072,149999536,1179.903252,,686.494,0x00,0x00,CURRENT,1,0,OK,6.0,6.074,911.0,150.001,,1179.915,,,132.0,5534.0
2026-08-05 10:38:39.447,6042554,906380,149999424,1179.902069,,686.696,0x00,0x00,CURRENT,1,0,OK,6.0,6.074,911.0,150.001,,1179.915,,,132.0,5534.0
2026-08-05 10:38:39.730,6036596,905482,149998816,1179.895649,,686.979,0x00,0x00,CURRENT,1,0,OK,6.0,6.059,909.0,150.0,,1179.905,,,131.0,5507.0
2026-08-05 10:38:40.045,6032073,904805,149999024,1179.897845,,687.295,0x00,0x00,CURRENT,1,0,OK,6.0,6.059,909.0,150.0,,1179.905,,,131.0,5507.0
2026-08-05 10:38:40.244,6027021,904049,149999264,1179.900379,,687.494,0x00,0x00,CURRENT,1,0,OK,6.0,6.059,909.0,150.0,,1179.905,,,131.0,5507.0
2026-08-05 10:38:40.446,6023250,903486,149999792,1179.905955,,687.695,0x00,0x00,CURRENT,1,0,OK,6.0,6.059,909.0,150.0,,1179.905,,,131.0,5507.0
2026-08-05 10:38:40.730,6018820,902818,149999136,1179.899028,,687.979,0x00,0x00,CURRENT,1,0,OK,6.0,6.059,909.0,150.0,,1179.905,,,131.0,5507.0
2026-08-05 10:38:41.045,6015487,902316,149998816,1179.895649,,688.295,0x00,0x00,CURRENT,1,0,OK,6.0,6.059,909.0,150.0,,1179.905,,,131.0,5507.0
2026-08-05 10:38:41.245,6011328,901689,149998256,1179.889735,,688.495,0x00,0x00,CURRENT,1,0,OK,6.0,6.059,909.0,150.0,,1179.905,,,131.0,5507.0
2026-08-05 10:38:41.447,6008135,901214,149998992,1179.897507,,688.697,0x00,0x00,CURRENT,1,0,OK,6.0,6.059,909.0,150.0,,1179.905,,,131.0,5507.0
2026-08-05 10:38:41.730,6004929,900733,149998944,1179.897000,,688.979,0x00,0x00,CURRENT,1,0,OK,6.0,6.028,904.0,149.999,,1179.9,,,130.0,5451.0
2026-08-05 10:38:42.044,6002496,900367,149998800,1179.895480,,689.294,0x00,0x00,CURRENT,1,0,OK,6.0,6.028,904.0,149.999,,1179.9,,,130.0,5451.0
2026-08-05 10:38:42.245,5999852,899970,149998688,1179.894297,,689.494,0x00,0x00,CURRENT,1,0,OK,6.0,6.028,904.0,149.999,,1179.9,,,130.0,5451.0
2026-08-05 10:38:42.446,5997841,899668,149998720,1179.894635,,689.695,0x00,0x00,CURRENT,1,0,OK,6.0,6.028,904.0,149.999,,1179.9,,,130.0,5451.0
2026-08-05 10:38:42.729,5996350,899442,149998288,1179.890073,,689.979,0x00,0x00,CURRENT,1,0,OK,6.0,6.028,904.0,149.999,,1179.9,,,130.0,5451.0
2026-08-05 10:38:43.045,5995196,899271,149998640,1179.893790,,690.294,0x00,0x00,CURRENT,1,0,OK,6.0,6.028,904.0,149.999,,1179.9,,,130.0,5451.0
2026-08-05 10:38:43.246,5994357,899147,149998880,1179.896324,,690.495,0x00,0x00,CURRENT,1,0,OK,6.0,6.028,904.0,149.999,,1179.9,,,130.0,5451.0
2026-08-05 10:38:43.448,5993766,899058,149998848,1179.895986,,690.697,0x00,0x00,CURRENT,1,0,OK,6.0,6.028,904.0,149.999,,1179.9,,,130.0,5451.0
2026-08-05 10:38:43.730,5993323,898993,149999152,1179.899197,,690.979,0x00,0x00,CURRENT,1,0,OK,6.0,6.004,901.0,150.0,,1179.905,,,130.0,5408.0
2026-08-05 10:38:44.045,5992934,898938,149999632,1179.904265,,691.295,0x00,0x00,CURRENT,1,0,OK,6.0,6.004,901.0,150.0,,1179.905,,,130.0,5408.0
2026-08-05 10:38:44.244,5992698,898902,149999568,1179.903589,,691.494,0x00,0x00,CURRENT,1,0,OK,6.0,6.004,901.0,150.0,,1179.905,,,130.0,5408.0
2026-08-05 10:38:44.445,5992494,898871,149999472,1179.902576,,691.694,0x00,0x00,CURRENT,1,0,OK,6.0,6.004,901.0,150.0,,1179.905,,,130.0,5408.0
2026-08-05 10:38:44.729,5992350,898850,149999552,1179.903420,,691.979,0x00,0x00,CURRENT,1,0,OK,6.0,6.004,901.0,150.0,,1179.905,,,130.0,5408.0
2026-08-05 10:38:45.045,5992186,898830,150000288,1179.911192,,692.294,0x00,0x00,CURRENT,1,0,OK,6.0,6.004,901.0,150.0,,1179.905,,,130.0,5408.0
2026-08-05 10:38:45.245,5992176,898824,149999568,1179.903589,,692.494,0x00,0x00,CURRENT,1,0,OK,6.0,6.004,901.0,150.0,,1179.905,,,130.0,5408.0
2026-08-05 10:38:45.447,5992130,898814,149999184,1179.899535,,692.696,0x00,0x00,CURRENT,1,0,OK,6.0,6.004,901.0,150.0,,1179.905,,,130.0,5408.0
2026-08-05 10:38:45.730,5992058,898804,149999232,1179.900041,,692.979,0x00,0x00,CURRENT,1,0,OK,6.0,5.996,899.0,149.999,,1179.895,,,130.0,5393.0
2026-08-05 10:38:46.045,5992079,898803,149998576,1179.893114,,693.295,0x00,0x00,CURRENT,1,0,OK,6.0,5.996,899.0,149.999,,1179.895,,,130.0,5393.0
2026-08-05 10:38:46.244,5992859,898924,149999264,1179.900379,,693.494,0x00,0x00,CURRENT,1,0,OK,6.0,5.996,899.0,149.999,,1179.895,,,130.0,5393.0
2026-08-05 10:38:46.445,5993453,899014,149999408,1179.901900,,693.695,0x00,0x00,CURRENT,1,0,OK,6.0,5.996,899.0,149.999,,1179.895,,,130.0,5393.0
2026-08-05 10:38:46.730,5993955,899091,149999584,1179.903758,,693.979,0x00,0x00,CURRENT,1,0,OK,6.0,5.996,899.0,149.999,,1179.895,,,130.0,5393.0
2026-08-05 10:38:47.044,5994331,899148,149999792,1179.905955,,694.294,0x00,0x00,CURRENT,1,0,OK,6.0,5.996,899.0,149.999,,1179.895,,,130.0,5393.0
2026-08-05 10:38:47.244,5994623,899195,150000304,1179.911361,,694.494,0x00,0x00,CURRENT,1,0,OK,6.0,5.996,899.0,149.999,,1179.895,,,130.0,5393.0
2026-08-05 10:38:47.447,5994795,899224,150000752,1179.916092,,694.696,0x00,0x00,CURRENT,1,0,OK,6.0,5.996,899.0,149.999,,1179.895,,,130.0,5393.0
2026-08-05 10:38:47.730,5995763,899364,149999888,1179.906969,,694.979,0x00,0x00,CURRENT,1,0,OK,6.0,5.995,899.0,149.999,,1179.898,,,130.0,5390.0
2026-08-05 10:38:48.044,5996508,899474,149999616,1179.904096,,695.294,0x00,0x00,CURRENT,1,0,OK,6.0,5.995,899.0,149.999,,1179.898,,,130.0,5390.0
2026-08-05 10:38:48.245,5997131,899561,149998528,1179.892607,,695.494,0x00,0x00,CURRENT,1,0,OK,6.0,5.995,899.0,149.999,,1179.898,,,130.0,5390.0
2026-08-05 10:38:48.444,5997580,899629,149998768,1179.895142,,695.694,0x00,0x00,CURRENT,1,0,OK,6.0,5.995,899.0,149.999,,1179.898,,,130.0,5390.0
2026-08-05 10:38:48.730,5997861,899676,149999424,1179.902069,,695.979,0x00,0x00,CURRENT,1,0,OK,6.0,5.995,899.0,149.999,,1179.898,,,130.0,5390.0
2026-08-05 10:38:49.045,5998072,899707,149999424,1179.902069,,696.295,0x00,0x00,CURRENT,1,0,OK,6.0,5.995,899.0,149.999,,1179.898,,,130.0,5390.0
2026-08-05 10:38:49.244,5998286,899740,149999568,1179.903589,,696.494,0x00,0x00,CURRENT,1,0,OK,6.0,5.995,899.0,149.999,,1179.898,,,130.0,5390.0
2026-08-05 10:38:49.445,5998390,899756,149999584,1179.903758,,696.694,0x00,0x00,CURRENT,1,0,OK,6.0,5.995,899.0,149.999,,1179.898,,,130.0,5390.0
2026-08-05 10:38:49.729,5998487,899770,149999488,1179.902745,,696.979,0x00,0x00,CURRENT,1,0,OK,6.0,5.997,900.0,149.999,,1179.902,,,130.0,5395.0
2026-08-05 10:38:50.044,5998569,899784,149999792,1179.905955,,697.294,0x00,0x00,CURRENT,1,0,OK,6.0,5.997,900.0,149.999,,1179.902,,,130.0,5395.0
2026-08-05 10:38:50.245,5998658,899794,149999264,1179.900379,,697.495,0x00,0x00,CURRENT,1,0,OK,6.0,5.997,900.0,149.999,,1179.902,,,130.0,5395.0
2026-08-05 10:38:50.444,5998670,899794,149998992,1179.897507,,697.694,0x00,0x00,CURRENT,1,0,OK,6.0,5.997,900.0,149.999,,1179.902,,,130.0,5395.0
2026-08-05 10:38:50.729,5998631,899793,149999648,1179.904434,,697.979,0x00,0x00,CURRENT,1,0,OK,6.0,5.997,900.0,149.999,,1179.902,,,130.0,5395.0
2026-08-05 10:38:51.044,5998659,899797,149999696,1179.904941,,698.294,0x00,0x00,CURRENT,1,0,OK,6.0,5.997,900.0,149.999,,1179.902,,,130.0,5395.0
2026-08-05 10:38:51.244,5999518,899927,149999888,1179.906969,,698.494,0x00,0x00,CURRENT,1,0,OK,6.0,5.997,900.0,149.999,,1179.902,,,130.0,5395.0
2026-08-05 10:38:51.445,6000191,900024,149999168,1179.899366,,698.694,0x00,0x00,CURRENT,1,0,OK,6.0,5.997,900.0,149.999,,1179.902,,,130.0,5395.0
2026-08-05 10:38:51.729,6000695,900097,149998736,1179.894804,,698.979,0x00,0x00,CURRENT,1,0,OK,6.0,5.998,900.0,150.0,,1179.911,,,130.0,5397.0
2026-08-05 10:38:52.045,6001036,900149,149998880,1179.896324,,699.295,0x00,0x00,CURRENT,1,0,OK,6.0,5.998,900.0,150.0,,1179.911,,,130.0,5397.0
2026-08-05 10:38:52.244,6001217,900177,149999088,1179.898521,,699.494,0x00,0x00,CURRENT,1,0,OK,6.0,5.998,900.0,150.0,,1179.911,,,130.0,5397.0
2026-08-05 10:38:52.444,6001306,900196,149999936,1179.907475,,699.694,0x00,0x00,CURRENT,1,0,OK,6.0,5.998,900.0,150.0,,1179.911,,,130.0,5397.0
2026-08-05 10:38:52.729,6001420,900215,150000384,1179.912206,,699.979,0x00,0x00,CURRENT,1,0,OK,6.0,5.998,900.0,150.0,,1179.911,,,130.0,5397.0
2026-08-05 10:38:53.045,6001524,900232,150000560,1179.914065,,700.295,0x00,0x00,CURRENT,1,0,OK,6.0,5.998,900.0,150.0,,1179.911,,,130.0,5397.0
2026-08-05 10:38:53.244,6001677,900251,149999904,1179.907137,,700.494,0x00,0x00,CURRENT,1,0,OK,6.0,5.998,900.0,150.0,,1179.911,,,130.0,5397.0
2026-08-05 10:38:53.445,6001744,900263,150000224,1179.910517,,700.695,0x00,0x00,CURRENT,1,0,OK,6.0,5.998,900.0,150.0,,1179.911,,,130.0,5397.0
2026-08-05 10:38:53.729,6000966,900144,149999856,1179.906631,,700.979,0x00,0x00,CURRENT,1,0,OK,6.0,6.001,900.0,150.001,,1179.916,,,130.0,5401.0
2026-08-05 10:38:54.044,6000363,900053,149999712,1179.905110,,701.294,0x00,0x00,CURRENT,1,0,OK,6.0,6.001,900.0,150.001,,1179.916,,,130.0,5401.0
2026-08-05 10:38:54.244,5999911,899984,149999536,1179.903252,,701.494,0x00,0x00,CURRENT,1,0,OK,6.0,6.001,900.0,150.001,,1179.916,,,130.0,5401.0
2026-08-05 10:38:54.444,5999525,899928,149999792,1179.905955,,701.694,0x00,0x00,CURRENT,1,0,OK,6.0,6.001,900.0,150.001,,1179.916,,,130.0,5401.0
2026-08-05 10:38:54.729,5999255,899886,149999600,1179.903927,,701.979,0x00,0x00,CURRENT,1,0,OK,6.0,6.001,900.0,150.001,,1179.916,,,130.0,5401.0
2026-08-05 10:38:55.044,5999108,899866,149999952,1179.907644,,702.294,0x00,0x00,CURRENT,1,0,OK,6.0,6.001,900.0,150.001,,1179.916,,,130.0,5401.0
2026-08-05 10:38:55.244,5999007,899849,149999584,1179.903758,,702.494,0x00,0x00,CURRENT,1,0,OK,6.0,6.001,900.0,150.001,,1179.916,,,130.0,5401.0
2026-08-05 10:38:55.447,5998922,899841,150000464,1179.913051,,702.696,0x00,0x00,CURRENT,1,0,OK,6.0,6.001,900.0,150.001,,1179.916,,,130.0,5401.0
2026-08-05 10:38:55.729,5999715,899954,149999456,1179.902407,,702.979,0x00,0x00,CURRENT,1,0,OK,6.0,6.0,900.0,149.999,,1179.902,,,130.0,5399.0
2026-08-05 10:38:56.044,6000236,900034,149999840,1179.906462,,703.294,0x00,0x00,CURRENT,1,0,OK,6.0,6.0,900.0,149.999,,1179.902,,,130.0,5399.0
2026-08-05 10:38:56.244,6000599,900088,149999664,1179.904603,,703.494,0x00,0x00,CURRENT,1,0,OK,6.0,6.0,900.0,149.999,,1179.902,,,130.0,5399.0
2026-08-05 10:38:56.444,6000889,900131,149999552,1179.903420,,703.694,0x00,0x00,CURRENT,1,0,OK,6.0,6.0,900.0,149.999,,1179.902,,,130.0,5399.0
2026-08-05 10:38:56.729,6000222,900032,149999760,1179.905617,,703.979,0x00,0x00,CURRENT,1,0,OK,6.0,6.0,900.0,149.999,,1179.902,,,130.0,5399.0
2026-08-05 10:38:57.044,5999703,899949,149998848,1179.895986,,704.294,0x00,0x00,CURRENT,1,0,OK,6.0,6.0,900.0,149.999,,1179.902,,,130.0,5399.0
2026-08-05 10:38:57.244,6000189,900019,149998496,1179.892269,,704.494,0x00,0x00,CURRENT,1,0,OK,6.0,6.0,900.0,149.999,,1179.902,,,130.0,5399.0
2026-08-05 10:38:57.445,6000536,900071,149998384,1179.891087,,704.694,0x00,0x00,CURRENT,1,0,OK,6.0,6.0,900.0,149.999,,1179.902,,,130.0,5399.0
2026-08-05 10:38:57.729,5999910,899980,149998928,1179.896831,,704.979,0x00,0x00,CURRENT,1,0,OK,6.0,6.0,900.0,150.0,,1179.903,,,130.0,5400.0
2026-08-05 10:38:58.045,5999487,899916,149998864,1179.896155,,705.295,0x00,0x00,CURRENT,1,0,OK,6.0,6.0,900.0,150.0,,1179.903,,,130.0,5400.0
2026-08-05 10:38:58.244,6000047,900001,149999024,1179.897845,,705.494,0x00,0x00,CURRENT,1,0,OK,6.0,6.0,900.0,150.0,,1179.903,,,130.0,5400.0
2026-08-05 10:38:58.445,6000410,900059,149999552,1179.903420,,705.695,0x00,0x00,CURRENT,1,0,OK,6.0,6.0,900.0,150.0,,1179.903,,,130.0,5400.0
2026-08-05 10:38:58.729,5999853,899978,149999936,1179.907475,,705.979,0x00,0x00,CURRENT,1,0,OK,6.0,6.0,900.0,150.0,,1179.903,,,130.0,5400.0
2026-08-05 10:38:59.044,5999417,899911,149999728,1179.905279,,706.294,0x00,0x00,CURRENT,1,0,OK,6.0,6.0,900.0,150.0,,1179.903,,,130.0,5400.0
2026-08-05 10:38:59.244,5999947,899989,149999456,1179.902407,,706.494,0x00,0x00,CURRENT,1,0,OK,6.0,6.0,900.0,150.0,,1179.903,,,130.0,5400.0
2026-08-05 10:38:59.447,6000354,900047,149998912,1179.896662,,706.696,0x00,0x00,CURRENT,1,0,OK,6.0,6.0,900.0,150.0,,1179.903,,,130.0,5400.0
2026-08-05 10:38:59.729,5999830,899971,149999472,1179.902576,,706.979,0x00,0x00,CURRENT,1,0,OK,6.0,6.0,900.0,150.0,,1179.913,,,130.0,5399.0
2026-08-05 10:39:00.044,5999474,899921,149999904,1179.907137,,707.294,0x00,0x00,CURRENT,1,0,OK,6.0,6.0,900.0,150.0,,1179.913,,,130.0,5399.0
2026-08-05 10:39:00.244,5999962,900000,150001040,1179.919133,,707.494,0x00,0x00,CURRENT,1,0,OK,6.0,6.0,900.0,150.0,,1179.913,,,130.0,5399.0
2026-08-05 10:39:00.444,6000448,900069,150000224,1179.910517,,707.694,0x00,0x00,CURRENT,1,0,OK,6.0,6.0,900.0,150.0,,1179.913,,,130.0,5399.0
2026-08-05 10:39:00.729,5999956,899997,150000528,1179.913727,,707.979,0x00,0x00,CURRENT,1,0,OK,6.0,6.0,900.0,150.0,,1179.913,,,130.0,5399.0
2026-08-05 10:39:01.044,5999597,899942,150000496,1179.913389,,708.294,0x00,0x00,CURRENT,1,0,OK,6.0,6.0,900.0,150.0,,1179.913,,,130.0,5399.0
2026-08-05 10:39:01.245,6000194,900029,149999984,1179.907982,,708.495,0x00,0x00,CURRENT,1,0,OK,6.0,6.0,900.0,150.0,,1179.913,,,130.0,5399.0
2026-08-05 10:39:01.447,6000604,900092,150000192,1179.910179,,708.697,0x00,0x00,CURRENT,1,0,OK,6.0,6.0,900.0,150.0,,1179.913,,,130.0,5399.0
2026-08-05 10:39:01.729,6000111,900019,150000352,1179.911868,,708.979,0x00,0x00,CURRENT,1,0,OK,6.0,6.0,900.0,150.0,,1179.905,,,130.0,5400.0
2026-08-05 10:39:02.045,5999722,899961,150000496,1179.913389,,709.295,0x00,0x00,CURRENT,1,0,OK,6.0,6.0,900.0,150.0,,1179.905,,,130.0,5400.0
2026-08-05 10:39:02.244,5999458,899921,150000320,1179.911530,,709.494,0x00,0x00,CURRENT,1,0,OK,6.0,6.0,900.0,150.0,,1179.905,,,130.0,5400.0
2026-08-05 10:39:02.444,5999223,899886,150000384,1179.912206,,709.694,0x00,0x00,CURRENT,1,0,OK,6.0,6.0,900.0,150.0,,1179.905,,,130.0,5400.0
2026-08-05 10:39:02.729,5999923,899990,150000272,1179.911023,,709.979,0x00,0x00,CURRENT,1,0,OK,6.0,6.0,900.0,150.0,,1179.905,,,130.0,5400.0
2026-08-05 10:39:03.044,6000439,900071,150000832,1179.916937,,710.294,0x00,0x00,CURRENT,1,0,OK,6.0,6.0,900.0,150.0,,1179.905,,,130.0,5400.0
2026-08-05 10:39:03.244,6000825,900127,150000528,1179.913727,,710.494,0x00,0x00,CURRENT,1,0,OK,6.0,6.0,900.0,150.0,,1179.905,,,130.0,5400.0
2026-08-05 10:39:03.448,6001152,900169,149999328,1179.901055,,710.697,0x00,0x00,CURRENT,1,0,OK,6.0,6.0,900.0,150.0,,1179.905,,,130.0,5400.0
2026-08-05 10:39:03.729,6000484,900070,149999504,1179.902914,,710.979,0x00,0x00,CURRENT,1,0,OK,6.0,6.0,900.0,150.0,,1179.904,,,130.0,5400.0
2026-08-05 10:39:04.044,5999955,899991,149999648,1179.904434,,711.294,0x00,0x00,CURRENT,1,0,OK,6.0,6.0,900.0,150.0,,1179.904,,,130.0,5400.0
2026-08-05 10:39:04.244,5999586,899934,149999312,1179.900886,,711.494,0x00,0x00,CURRENT,1,0,OK,6.0,6.0,900.0,150.0,,1179.904,,,130.0,5400.0
2026-08-05 10:39:04.444,5999347,899895,149998864,1179.896155,,711.694,0x00,0x00,CURRENT,1,0,OK,6.0,6.0,900.0,150.0,,1179.904,,,130.0,5400.0
2026-08-05 10:39:04.729,5999158,899870,149999424,1179.902069,,711.979,0x00,0x00,CURRENT,1,0,OK,6.0,6.0,900.0,150.0,,1179.904,,,130.0,5400.0
2026-08-05 10:39:05.044,5999045,899855,149999680,1179.904772,,712.294,0x00,0x00,CURRENT,1,0,OK,6.0,6.0,900.0,150.0,,1179.904,,,130.0,5400.0
2026-08-05 10:39:05.244,5998913,899840,150000496,1179.913389,,712.494,0x00,0x00,CURRENT,1,0,OK,6.0,6.0,900.0,150.0,,1179.904,,,130.0,5400.0
2026-08-05 10:39:05.444,5998795,899820,150000080,1179.908996,,712.694,0x00,0x00,CURRENT,1,0,OK,6.0,6.0,900.0,150.0,,1179.904,,,130.0,5400.0
2026-08-05 10:39:05.729,5999564,899933,149999648,1179.904434,,712.979,0x00,0x00,CURRENT,1,0,OK,6.0,5.999,900.0,149.999,,1179.898,,,130.0,5399.0
2026-08-05 10:39:06.044,6000169,900022,149999424,1179.902069,,713.294,0x00,0x00,CURRENT,1,0,OK,6.0,5.999,900.0,149.999,,1179.898,,,130.0,5399.0
2026-08-05 10:39:06.244,6000595,900084,149999104,1179.898690,,713.494,0x00,0x00,CURRENT,1,0,OK,6.0,5.999,900.0,149.999,,1179.898,,,130.0,5399.0
2026-08-05 10:39:06.444,6000924,900136,149999632,1179.904265,,713.694,0x00,0x00,CURRENT,1,0,OK,6.0,5.999,900.0,149.999,,1179.898,,,130.0,5399.0
2026-08-05 10:39:06.729,6001142,900169,149999648,1179.904434,,713.979,0x00,0x00,CURRENT,1,0,OK,6.0,5.999,900.0,149.999,,1179.898,,,130.0,5399.0
2026-08-05 10:39:07.045,6001241,900184,149999600,1179.903927,,714.295,0x00,0x00,CURRENT,1,0,OK,6.0,5.999,900.0,149.999,,1179.898,,,130.0,5399.0
2026-08-05 10:39:07.245,6000504,900070,149999040,1179.898014,,714.495,0x00,0x00,CURRENT,1,0,OK,6.0,5.999,900.0,149.999,,1179.898,,,130.0,5399.0
2026-08-05 10:39:07.448,5999970,899991,149999184,1179.899535,,714.697,0x00,0x00,CURRENT,1,0,OK,6.0,5.999,900.0,149.999,,1179.898,,,130.0,5399.0
2026-08-05 10:39:07.729,5999570,899932,149999392,1179.901731,,714.979,0x00,0x00,CURRENT,1,0,OK,6.0,6.001,900.0,149.999,,1179.894,,,130.0,5401.0
2026-08-05 10:39:08.045,5999279,899885,149998864,1179.896155,,715.295,0x00,0x00,CURRENT,1,0,OK,6.0,6.001,900.0,149.999,,1179.894,,,130.0,5401.0
2026-08-05 10:39:08.245,5999881,899977,149999184,1179.899535,,715.495,0x00,0x00,CURRENT,1,0,OK,6.0,6.001,900.0,149.999,,1179.894,,,130.0,5401.0
2026-08-05 10:39:08.444,6000323,900044,149999248,1179.900210,,715.694,0x00,0x00,CURRENT,1,0,OK,6.0,6.001,900.0,149.999,,1179.894,,,130.0,5401.0
2026-08-05 10:39:08.729,5999881,899977,149999104,1179.898690,,715.979,0x00,0x00,CURRENT,1,0,OK,6.0,6.001,900.0,149.999,,1179.894,,,130.0,5401.0
2026-08-05 10:39:09.046,5999484,899921,149999760,1179.905617,,716.296,0x00,0x00,CURRENT,1,0,OK,6.0,6.001,900.0,149.999,,1179.894,,,130.0,5401.0
2026-08-05 10:39:09.244,6000091,900014,150000064,1179.908827,,716.494,0x00,0x00,CURRENT,1,0,OK,6.0,6.001,900.0,149.999,,1179.894,,,130.0,5401.0
2026-08-05 10:39:09.447,6000546,900084,150000416,1179.912544,,716.697,0x00,0x00,CURRENT,1,0,OK,6.0,6.001,900.0,149.999,,1179.894,,,130.0,5401.0
2026-08-05 10:39:09.730,6000057,900008,149999904,1179.907137,,716.980,0x00,0x00,CURRENT,1,0,OK,6.0,6.0,900.0,149.999,,1179.901,,,130.0,5400.0
2026-08-05 10:39:10.045,5999691,899951,149999520,1179.903083,,717.295,0x00,0x00,CURRENT,1,0,OK,6.0,6.0,900.0,149.999,,1179.901,,,130.0,5400.0
2026-08-05 10:39:10.244,5999435,899910,149999184,1179.899535,,717.494,0x00,0x00,CURRENT,1,0,OK,6.0,6.0,900.0,149.999,,1179.901,,,130.0,5400.0
2026-08-05 10:39:10.444,5999234,899878,149998880,1179.896324,,717.694,0x00,0x00,CURRENT,1,0,OK,6.0,6.0,900.0,149.999,,1179.901,,,130.0,5400.0
2026-08-05 10:39:10.730,5999885,899978,149999152,1179.899197,,717.980,0x00,0x00,CURRENT,1,0,OK,6.0,6.0,900.0,149.999,,1179.901,,,130.0,5400.0
2026-08-05 10:39:11.044,6000372,900054,149999792,1179.905955,,718.294,0x00,0x00,CURRENT,1,0,OK,6.0,6.0,900.0,149.999,,1179.901,,,130.0,5400.0
2026-08-05 10:39:11.245,6000747,900114,150000352,1179.911868,,718.495,0x00,0x00,CURRENT,1,0,OK,6.0,6.0,900.0,149.999,,1179.901,,,130.0,5400.0
2026-08-05 10:39:11.446,6001066,900160,150000064,1179.908827,,718.696,0x00,0x00,CURRENT,1,0,OK,6.0,6.0,900.0,149.999,,1179.901,,,130.0,5400.0
2026-08-05 10:39:11.730,6000419,900065,150000416,1179.912544,,718.980,0x00,0x00,CURRENT,1,0,OK,6.0,6.0,900.0,150.0,,1179.908,,,130.0,5400.0
2026-08-05 10:39:12.044,5999935,899994,150000576,1179.914234,,719.293,0x00,0x00,CURRENT,1,0,OK,6.0,6.0,900.0,150.0,,1179.908,,,130.0,5400.0
2026-08-05 10:39:12.244,5999534,899939,150001488,1179.923864,,719.494,0x00,0x00,CURRENT,1,0,OK,6.0,6.0,900.0,150.0,,1179.908,,,130.0,5400.0
2026-08-05 10:39:12.445,5999289,899900,150001072,1179.919471,,719.695,0x00,0x00,CURRENT,1,0,OK,6.0,6.0,900.0,150.0,,1179.908,,,130.0,5400.0
2026-08-05 10:39:12.730,5999161,899877,150000448,1179.912882,,719.980,0x00,0x00,CURRENT,1,0,OK,6.0,6.0,900.0,150.0,,1179.908,,,130.0,5400.0
2026-08-05 10:39:13.045,5999056,899859,150000080,1179.908996,,720.295,0x00,0x00,CURRENT,1,0,OK,6.0,6.0,900.0,150.0,,1179.908,,,130.0,5400.0
2026-08-05 10:39:13.244,5999797,899969,149999904,1179.907137,,720.494,0x00,0x00,CURRENT,1,0,OK,6.0,6.0,900.0,150.0,,1179.908,,,130.0,5400.0
2026-08-05 10:39:13.445,6000335,900051,150000192,1179.910179,,720.694,0x00,0x00,CURRENT,1,0,OK,6.0,6.0,900.0,150.0,,1179.908,,,130.0,5400.0
2026-08-05 10:39:13.730,6000757,900113,149999968,1179.907813,,720.980,0x00,0x00,CURRENT,1,0,OK,6.0,6.0,900.0,150.0,,1179.904,,,130.0,5399.0
2026-08-05 10:39:14.045,6001082,900158,149999280,1179.900548,,721.294,0x00,0x00,CURRENT,1,0,OK,6.0,6.0,900.0,150.0,,1179.904,,,130.0,5399.0
2026-08-05 10:39:14.244,6000469,900068,149999616,1179.904096,,721.494,0x00,0x00,CURRENT,1,0,OK,6.0,6.0,900.0,150.0,,1179.904,,,130.0,5399.0
2026-08-05 10:39:14.445,6000093,900009,149999168,1179.899366,,721.695,0x00,0x00,CURRENT,1,0,OK,6.0,6.0,900.0,150.0,,1179.904,,,130.0,5399.0
2026-08-05 10:39:14.730,5999774,899957,149998416,1179.891425,,721.980,0x00,0x00,CURRENT,1,0,OK,6.0,6.0,900.0,150.0,,1179.904,,,130.0,5399.0
2026-08-05 10:39:15.045,5999488,899916,149998880,1179.896324,,722.295,0x00,0x00,CURRENT,1,0,OK,6.0,6.0,900.0,150.0,,1179.904,,,130.0,5399.0
2026-08-05 10:39:15.244,5999245,899886,149999824,1179.906293,,722.494,0x00,0x00,CURRENT,1,0,OK,6.0,6.0,900.0,150.0,,1179.904,,,130.0,5399.0
2026-08-05 10:39:15.447,5999063,899858,149999808,1179.906124,,722.697,0x00,0x00,CURRENT,1,0,OK,6.0,6.0,900.0,150.0,,1179.904,,,130.0,5399.0
2026-08-05 10:39:15.730,5999738,899961,150000016,1179.908320,,722.980,0x00,0x00,CURRENT,1,0,OK,6.0,6.0,900.0,150.0,,1179.906,,,130.0,5399.0
2026-08-05 10:39:16.045,6000281,900037,149999152,1179.899197,,723.295,0x00,0x00,CURRENT,1,0,OK,6.0,6.0,900.0,150.0,,1179.906,,,130.0,5399.0
2026-08-05 10:39:16.244,6000651,900091,149998912,1179.896662,,723.494,0x00,0x00,CURRENT,1,0,OK,6.0,6.0,900.0,150.0,,1179.906,,,130.0,5399.0
2026-08-05 10:39:16.444,6000947,900134,149998736,1179.894804,,723.694,0x00,0x00,CURRENT,1,0,OK,6.0,6.0,900.0,150.0,,1179.906,,,130.0,5399.0
2026-08-05 10:39:16.730,6000368,900046,149998400,1179.891256,,723.980,0x00,0x00,CURRENT,1,0,OK,6.0,6.0,900.0,150.0,,1179.906,,,130.0,5399.0
2026-08-05 10:39:17.044,5999896,899972,149997952,1179.886525,,724.294,0x00,0x00,CURRENT,1,0,OK,6.0,6.0,900.0,150.0,,1179.906,,,130.0,5399.0
2026-08-05 10:39:17.245,5999524,899920,149998544,1179.892776,,724.495,0x00,0x00,CURRENT,1,0,OK,6.0,6.0,900.0,150.0,,1179.906,,,130.0,5399.0
2026-08-05 10:39:17.445,5999262,899883,149998992,1179.897507,,724.694,0x00,0x00,CURRENT,1,0,OK,6.0,6.0,900.0,150.0,,1179.906,,,130.0,5399.0
2026-08-05 10:39:17.730,5999896,899982,149999552,1179.903420,,724.980,0x00,0x00,CURRENT,1,0,OK,6.0,6.0,900.0,150.0,,1179.908,,,130.0,5400.0
2026-08-05 10:39:18.044,6000400,900058,149999712,1179.905110,,725.293,0x00,0x00,CURRENT,1,0,OK,6.0,6.0,900.0,150.0,,1179.908,,,130.0,5400.0
2026-08-05 10:39:18.246,6000750,900111,149999712,1179.905110,,725.496,0x00,0x00,CURRENT,1,0,OK,6.0,6.0,900.0,150.0,,1179.908,,,130.0,5400.0
2026-08-05 10:39:18.444,6000993,900145,149999360,1179.901393,,725.694,0x00,0x00,CURRENT,1,0,OK,6.0,6.0,900.0,150.0,,1179.908,,,130.0,5400.0
2026-08-05 10:39:18.730,6000328,900049,149999936,1179.907475,,725.980,0x00,0x00,CURRENT,1,0,OK,6.0,6.0,900.0,150.0,,1179.908,,,130.0,5400.0
2026-08-05 10:39:19.045,5999875,899985,150000544,1179.913896,,726.294,0x00,0x00,CURRENT,1,0,OK,6.0,6.0,900.0,150.0,,1179.908,,,130.0,5400.0
2026-08-05 10:39:19.245,5999517,899927,149999904,1179.907137,,726.495,0x00,0x00,CURRENT,1,0,OK,6.0,6.0,900.0,150.0,,1179.908,,,130.0,5400.0
2026-08-05 10:39:19.445,5999202,899884,150000592,1179.914403,,726.694,0x00,0x00,CURRENT,1,0,OK,6.0,6.0,900.0,150.0,,1179.908,,,130.0,5400.0
2026-08-05 10:39:19.730,5999832,899979,150000752,1179.916092,,726.980,0x00,0x00,CURRENT,1,0,OK,6.0,6.0,900.0,150.0,,1179.905,,,130.0,5400.0
2026-08-05 10:39:20.044,6000323,900051,150000464,1179.913051,,727.294,0x00,0x00,CURRENT,1,0,OK,6.0,6.0,900.0,150.0,,1179.905,,,130.0,5400.0
2026-08-05 10:39:20.245,6000683,900106,150000672,1179.915247,,727.495,0x00,0x00,CURRENT,1,0,OK,6.0,6.0,900.0,150.0,,1179.905,,,130.0,5400.0
2026-08-05 10:39:20.444,6000971,900149,150000528,1179.913727,,727.694,0x00,0x00,CURRENT,1,0,OK,6.0,6.0,900.0,150.0,,1179.905,,,130.0,5400.0
2026-08-05 10:39:20.730,6000311,900051,150000656,1179.915078,,727.980,0x00,0x00,CURRENT,1,0,OK,6.0,6.0,900.0,150.0,,1179.905,,,130.0,5400.0
2026-08-05 10:39:21.044,5999825,899977,150000608,1179.914571,,728.294,0x00,0x00,CURRENT,1,0,OK,6.0,6.0,900.0,150.0,,1179.905,,,130.0,5400.0
2026-08-05 10:39:21.245,5999433,899918,150000544,1179.913896,,728.495,0x00,0x00,CURRENT,1,0,OK,6.0,6.0,900.0,150.0,,1179.905,,,130.0,5400.0
2026-08-05 10:39:21.444,5999185,899878,150000080,1179.908996,,728.694,0x00,0x00,CURRENT,1,0,OK,6.0,6.0,900.0,150.0,,1179.905,,,130.0,5400.0
2026-08-05 10:39:21.730,5999811,899973,150000224,1179.910517,,728.980,0x00,0x00,CURRENT,1,0,OK,6.0,6.0,900.0,150.0,,1179.904,,,130.0,5400.0
2026-08-05 10:39:22.045,6000326,900051,150000432,1179.912713,,729.295,0x00,0x00,CURRENT,1,0,OK,6.0,6.0,900.0,150.0,,1179.904,,,130.0,5400.0
2026-08-05 10:39:22.245,5999865,899982,150000336,1179.911699,,729.495,0x00,0x00,CURRENT,1,0,OK,6.0,6.0,900.0,150.0,,1179.904,,,130.0,5400.0
2026-08-05 10:39:22.444,5999528,899928,149999728,1179.905279,,729.694,0x00,0x00,CURRENT,1,0,OK,6.0,6.0,900.0,150.0,,1179.904,,,130.0,5400.0
2026-08-05 10:39:22.730,6000096,900014,149999856,1179.906631,,729.979,0x00,0x00,CURRENT,1,0,OK,6.0,6.0,900.0,150.0,,1179.904,,,130.0,5400.0
2026-08-05 10:39:23.045,6000540,900078,149999488,1179.902745,,730.295,0x00,0x00,CURRENT,1,0,OK,6.0,6.0,900.0,150.0,,1179.904,,,130.0,5400.0
2026-08-05 10:39:23.245,5999988,899999,150000160,1179.909841,,730.495,0x00,0x00,CURRENT,1,0,OK,6.0,6.0,900.0,150.0,,1179.904,,,130.0,5400.0
2026-08-05 10:39:23.445,5999611,899940,149999680,1179.904772,,730.694,0x00,0x00,CURRENT,1,0,OK,6.0,6.0,900.0,150.0,,1179.904,,,130.0,5400.0
2026-08-05 10:39:23.730,6000167,900023,149999680,1179.904772,,730.980,0x00,0x00,CURRENT,1,0,OK,6.0,6.0,900.0,149.998,,1179.891,,,130.0,5400.0
2026-08-05 10:39:24.045,6000603,900088,149999664,1179.904603,,731.295,0x00,0x00,CURRENT,1,0,OK,6.0,6.0,900.0,149.998,,1179.891,,,130.0,5400.0
2026-08-05 10:39:24.245,6000109,900013,149999504,1179.902914,,731.495,0x00,0x00,CURRENT,1,0,OK,6.0,6.0,900.0,149.998,,1179.891,,,130.0,5400.0
2026-08-05 10:39:24.445,5999721,899957,149999744,1179.905448,,731.694,0x00,0x00,CURRENT,1,0,OK,6.0,6.0,900.0,149.998,,1179.891,,,130.0,5400.0
2026-08-05 10:39:24.730,5999364,899905,150000048,1179.908658,,731.980,0x00,0x00,CURRENT,1,0,OK,6.0,6.0,900.0,149.998,,1179.891,,,130.0,5400.0
2026-08-05 10:39:25.045,5999134,899870,149999984,1179.907982,,732.294,0x00,0x00,CURRENT,1,0,OK,6.0,6.0,900.0,149.998,,1179.891,,,130.0,5400.0
2026-08-05 10:39:25.244,5999828,899972,149999616,1179.904096,,732.494,0x00,0x00,CURRENT,1,0,OK,6.0,6.0,900.0,149.998,,1179.891,,,130.0,5400.0
2026-08-05 10:39:25.447,6000367,900049,149999024,1179.897845,,732.696,0x00,0x00,CURRENT,1,0,OK,6.0,6.0,900.0,149.998,,1179.891,,,130.0,5400.0
2026-08-05 10:39:25.730,6000688,900097,149998960,1179.897169,,732.980,0x00,0x00,CURRENT,1,0,OK,6.0,6.0,900.0,149.999,,1179.894,,,130.0,5399.0
2026-08-05 10:39:26.044,6000984,900138,149998352,1179.890749,,733.294,0x00,0x00,CURRENT,1,0,OK,6.0,6.0,900.0,149.999,,1179.894,,,130.0,5399.0
2026-08-05 10:39:26.246,6000311,900042,149999152,1179.899197,,733.496,0x00,0x00,CURRENT,1,0,OK,6.0,6.0,900.0,149.999,,1179.894,,,130.0,5399.0
2026-08-05 10:39:26.445,5999844,899970,149998848,1179.895986,,733.694,0x00,0x00,CURRENT,1,0,OK,6.0,6.0,900.0,149.999,,1179.894,,,130.0,5399.0
2026-08-05 10:39:26.730,5999373,899901,149999184,1179.899535,,733.980,0x00,0x00,CURRENT,1,0,OK,6.0,6.0,900.0,149.999,,1179.894,,,130.0,5399.0
2026-08-05 10:39:27.045,5999131,899860,149998464,1179.891932,,734.294,0x00,0x00,CURRENT,1,0,OK,6.0,6.0,900.0,149.999,,1179.894,,,130.0,5399.0
2026-08-05 10:39:27.245,5999761,899952,149998000,1179.887032,,734.494,0x00,0x00,CURRENT,1,0,OK,6.0,6.0,900.0,149.999,,1179.894,,,130.0,5399.0
2026-08-05 10:39:27.447,6000167,900017,149998672,1179.894128,,734.697,0x00,0x00,CURRENT,1,0,OK,6.0,6.0,900.0,149.999,,1179.894,,,130.0,5399.0
2026-08-05 10:39:27.730,6000491,900070,149999472,1179.902576,,734.980,0x00,0x00,CURRENT,1,0,OK,6.0,6.0,900.0,149.999,,1179.894,,,130.0,5399.0
2026-08-05 10:39:28.045,6000753,900110,149999472,1179.902576,,735.295,0x00,0x00,CURRENT,1,0,OK,6.0,6.0,900.0,149.999,,1179.894,,,130.0,5399.0
2026-08-05 10:39:28.245,6000054,900007,149999872,1179.906800,,735.495,0x00,0x00,CURRENT,1,0,OK,6.0,6.0,900.0,149.999,,1179.894,,,130.0,5399.0
2026-08-05 10:39:28.445,5999642,899944,149999520,1179.903083,,735.695,0x00,0x00,CURRENT,1,0,OK,6.0,6.0,900.0,149.999,,1179.894,,,130.0,5399.0
2026-08-05 10:39:28.730,5999277,899888,149999456,1179.902407,,735.980,0x00,0x00,CURRENT,1,0,OK,6.0,6.0,900.0,149.999,,1179.894,,,130.0,5399.0
2026-08-05 10:39:29.046,5999041,899850,149999008,1179.897676,,736.296,0x00,0x00,CURRENT,1,0,OK,6.0,6.0,900.0,149.999,,1179.894,,,130.0,5399.0
2026-08-05 10:39:29.245,5999693,899945,149998512,1179.892438,,736.495,0x00,0x00,CURRENT,1,0,OK,6.0,6.0,900.0,149.999,,1179.894,,,130.0,5399.0
2026-08-05 10:39:29.446,6000200,900017,149997888,1179.885849,,736.696,0x00,0x00,CURRENT,1,0,OK,6.0,6.0,900.0,149.999,,1179.894,,,130.0,5399.0
2026-08-05 10:39:29.730,6000535,900073,149998768,1179.895142,,736.980,0x00,0x00,CURRENT,1,0,OK,6.0,5.999,900.0,150.0,,1179.906,,,130.0,5399.0
2026-08-05 10:39:30.045,6000804,900113,149998704,1179.894466,,737.294,0x00,0x00,CURRENT,1,0,OK,6.0,5.999,900.0,150.0,,1179.906,,,130.0,5399.0
2026-08-05 10:39:30.245,6000157,900017,149998896,1179.896493,,737.494,0x00,0x00,CURRENT,1,0,OK,6.0,5.999,900.0,150.0,,1179.906,,,130.0,5399.0
2026-08-05 10:39:30.445,5999710,899947,149998496,1179.892269,,737.694,0x00,0x00,CURRENT,1,0,OK,6.0,5.999,900.0,150.0,,1179.906,,,130.0,5399.0
2026-08-05 10:39:30.730,6000130,900014,149999104,1179.898690,,737.979,0x00,0x00,CURRENT,1,0,OK,6.0,5.999,900.0,150.0,,1179.906,,,130.0,5399.0
2026-08-05 10:39:31.045,6000510,900072,149999184,1179.899535,,738.294,0x00,0x00,CURRENT,1,0,OK,6.0,5.999,900.0,150.0,,1179.906,,,130.0,5399.0
2026-08-05 10:39:31.245,5999965,899993,149999664,1179.904603,,738.495,0x00,0x00,CURRENT,1,0,OK,6.0,5.999,900.0,150.0,,1179.906,,,130.0,5399.0
2026-08-05 10:39:31.447,5999556,899933,149999856,1179.906631,,738.697,0x00,0x00,CURRENT,1,0,OK,6.0,5.999,900.0,150.0,,1179.906,,,130.0,5399.0
2026-08-05 10:39:31.730,5999269,899887,149999456,1179.902407,,738.979,0x00,0x00,CURRENT,1,0,OK,6.0,6.0,900.0,150.0,,1179.908,,,130.0,5401.0
2026-08-05 10:39:32.045,5999137,899860,149998272,1179.889904,,739.294,0x00,0x00,CURRENT,1,0,OK,6.0,6.0,900.0,150.0,,1179.908,,,130.0,5401.0
2026-08-05 10:39:32.245,5999784,899958,149998432,1179.891594,,739.494,0x00,0x00,CURRENT,1,0,OK,6.0,6.0,900.0,150.0,,1179.908,,,130.0,5401.0
2026-08-05 10:39:32.445,6000259,900035,149999328,1179.901055,,739.694,0x00,0x00,CURRENT,1,0,OK,6.0,6.0,900.0,150.0,,1179.908,,,130.0,5401.0
2026-08-05 10:39:32.730,6000607,900090,149999824,1179.906293,,739.979,0x00,0x00,CURRENT,1,0,OK,6.0,6.0,900.0,150.0,,1179.908,,,130.0,5401.0
2026-08-05 10:39:33.045,6000849,900127,149999984,1179.907982,,740.294,0x00,0x00,CURRENT,1,0,OK,6.0,6.0,900.0,150.0,,1179.908,,,130.0,5401.0
2026-08-05 10:39:33.245,6001011,900153,150000160,1179.909841,,740.495,0x00,0x00,CURRENT,1,0,OK,6.0,6.0,900.0,150.0,,1179.908,,,130.0,5401.0
2026-08-05 10:39:33.445,6001171,900177,150000176,1179.910010,,740.695,0x00,0x00,CURRENT,1,0,OK,6.0,6.0,900.0,150.0,,1179.908,,,130.0,5401.0
2026-08-05 10:39:33.730,6000442,900068,150000224,1179.910517,,740.979,0x00,0x00,CURRENT,1,0,OK,6.0,6.0,900.0,150.0,,1179.907,,,130.0,5401.0
2026-08-05 10:39:34.045,5999933,899991,150000160,1179.909841,,741.294,0x00,0x00,CURRENT,1,0,OK,6.0,6.0,900.0,150.0,,1179.907,,,130.0,5401.0
2026-08-05 10:39:34.244,5999505,899923,149999568,1179.903589,,741.493,0x00,0x00,CURRENT,1,0,OK,6.0,6.0,900.0,150.0,,1179.907,,,130.0,5401.0
2026-08-05 10:39:34.445,5999165,899870,149999232,1179.900041,,741.694,0x00,0x00,CURRENT,1,0,OK,6.0,6.0,900.0,150.0,,1179.907,,,130.0,5401.0
2026-08-05 10:39:34.730,5998947,899834,149998592,1179.893283,,741.979,0x00,0x00,CURRENT,1,0,OK,6.0,6.0,900.0,150.0,,1179.907,,,130.0,5401.0
2026-08-05 10:39:35.045,5998756,899807,149998896,1179.896493,,742.294,0x00,0x00,CURRENT,1,0,OK,6.0,6.0,900.0,150.0,,1179.907,,,130.0,5401.0
2026-08-05 10:39:35.245,5999451,899915,149999536,1179.903252,,742.494,0x00,0x00,CURRENT,1,0,OK,6.0,6.0,900.0,150.0,,1179.907,,,130.0,5401.0
2026-08-05 10:39:35.447,5999963,899992,149999584,1179.903758,,742.697,0x00,0x00,CURRENT,1,0,OK,6.0,6.0,900.0,150.0,,1179.907,,,130.0,5401.0
2026-08-05 10:39:35.730,6000385,900055,149999600,1179.903927,,742.979,0x00,0x00,CURRENT,1,0,OK,6.0,5.999,900.0,150.0,,1179.909,,,130.0,5399.0
2026-08-05 10:39:36.046,6000710,900102,149999312,1179.900886,,743.295,0x00,0x00,CURRENT,1,0,OK,6.0,5.999,900.0,150.0,,1179.909,,,130.0,5399.0
2026-08-05 10:39:36.245,6000982,900143,149999280,1179.900548,,743.494,0x00,0x00,CURRENT,1,0,OK,6.0,5.999,900.0,150.0,,1179.909,,,130.0,5399.0
2026-08-05 10:39:36.445,6001177,900173,149999456,1179.902407,,743.694,0x00,0x00,CURRENT,1,0,OK,6.0,5.999,900.0,150.0,,1179.909,,,130.0,5399.0
2026-08-05 10:39:36.730,6001258,900188,149999904,1179.907137,,743.979,0x00,0x00,CURRENT,1,0,OK,6.0,5.999,900.0,150.0,,1179.909,,,130.0,5399.0
2026-08-05 10:39:37.045,6001355,900201,149999600,1179.903927,,744.294,0x00,0x00,CURRENT,1,0,OK,6.0,5.999,900.0,150.0,,1179.909,,,130.0,5399.0
2026-08-05 10:39:37.245,6000552,900082,149999824,1179.906293,,744.495,0x00,0x00,CURRENT,1,0,OK,6.0,5.999,900.0,150.0,,1179.909,,,130.0,5399.0
2026-08-05 10:39:37.445,5999895,899988,150000656,1179.915078,,744.695,0x00,0x00,CURRENT,1,0,OK,6.0,5.999,900.0,150.0,,1179.909,,,130.0,5399.0
2026-08-05 10:39:37.730,5999429,899920,150000896,1179.917613,,744.980,0x00,0x00,CURRENT,1,0,OK,6.0,6.001,900.0,150.0,,1179.908,,,130.0,5402.0
2026-08-05 10:39:38.045,5999099,899870,150000800,1179.916599,,745.295,0x00,0x00,CURRENT,1,0,OK,6.0,6.001,900.0,150.0,,1179.908,,,130.0,5402.0
2026-08-05 10:39:38.244,5998832,899831,150000976,1179.918457,,745.494,0x00,0x00,CURRENT,1,0,OK,6.0,6.001,900.0,150.0,,1179.908,,,130.0,5402.0
2026-08-05 10:39:38.445,5998726,899811,150000304,1179.911361,,745.695,0x00,0x00,CURRENT,1,0,OK,6.0,6.001,900.0,150.0,,1179.908,,,130.0,5402.0
2026-08-05 10:39:38.730,5999438,899914,149999712,1179.905110,,745.980,0x00,0x00,CURRENT,1,0,OK,6.0,6.001,900.0,150.0,,1179.908,,,130.0,5402.0
2026-08-05 10:39:39.046,5999990,899999,150000160,1179.909841,,746.295,0x00,0x00,CURRENT,1,0,OK,6.0,6.001,900.0,150.0,,1179.908,,,130.0,5402.0
2026-08-05 10:39:39.245,6000387,900061,150000496,1179.913389,,746.494,0x00,0x00,CURRENT,1,0,OK,6.0,6.001,900.0,150.0,,1179.908,,,130.0,5402.0
2026-08-05 10:39:39.447,6000684,900102,149999984,1179.907982,,746.697,0x00,0x00,CURRENT,1,0,OK,6.0,6.001,900.0,150.0,,1179.908,,,130.0,5402.0
2026-08-05 10:39:39.730,6000058,900009,150000112,1179.909334,,746.979,0x00,0x00,CURRENT,1,0,OK,6.0,6.0,900.0,150.0,,1179.907,,,130.0,5400.0
2026-08-05 10:39:40.046,5999599,899944,150000624,1179.914740,,747.296,0x00,0x00,CURRENT,1,0,OK,6.0,6.0,900.0,150.0,,1179.907,,,130.0,5400.0
2026-08-05 10:39:40.245,6000149,900023,150000064,1179.908827,,747.495,0x00,0x00,CURRENT,1,0,OK,6.0,6.0,900.0,150.0,,1179.907,,,130.0,5400.0
2026-08-05 10:39:40.445,6000496,900079,150000720,1179.915754,,747.695,0x00,0x00,CURRENT,1,0,OK,6.0,6.0,900.0,150.0,,1179.907,,,130.0,5400.0
2026-08-05 10:39:40.730,5999964,899996,150000240,1179.910686,,747.980,0x00,0x00,CURRENT,1,0,OK,6.0,6.0,900.0,150.0,,1179.907,,,130.0,5400.0
2026-08-05 10:39:41.045,5999537,899937,150001152,1179.920316,,748.295,0x00,0x00,CURRENT,1,0,OK,6.0,6.0,900.0,150.0,,1179.907,,,130.0,5400.0
2026-08-05 10:39:41.245,5999245,899896,150001584,1179.924878,,748.495,0x00,0x00,CURRENT,1,0,OK,6.0,6.0,900.0,150.0,,1179.907,,,130.0,5400.0
2026-08-05 10:39:41.447,5999063,899867,150001264,1179.921499,,748.697,0x00,0x00,CURRENT,1,0,OK,6.0,6.0,900.0,150.0,,1179.907,,,130.0,5400.0
2026-08-05 10:39:41.730,5999775,899973,150001168,1179.920485,,748.979,0x00,0x00,CURRENT,1,0,OK,6.0,6.0,900.0,149.999,,1179.9,,,130.0,5400.0
2026-08-05 10:39:42.044,6000234,900045,150001600,1179.925047,,749.294,0x00,0x00,CURRENT,1,0,OK,6.0,6.0,900.0,149.999,,1179.9,,,130.0,5400.0
2026-08-05 10:39:42.246,6000616,900097,150000704,1179.915585,,749.495,0x00,0x00,CURRENT,1,0,OK,6.0,6.0,900.0,149.999,,1179.9,,,130.0,5400.0
2026-08-05 10:39:42.445,6000893,900138,150000752,1179.916092,,749.695,0x00,0x00,CURRENT,1,0,OK,6.0,6.0,900.0,149.999,,1179.9,,,130.0,5400.0
2026-08-05 10:39:42.730,6000327,900050,150000112,1179.909334,,749.980,0x00,0x00,CURRENT,1,0,OK,6.0,6.0,900.0,149.999,,1179.9,,,130.0,5400.0
2026-08-05 10:39:43.045,5999893,899987,150000496,1179.913389,,750.295,0x00,0x00,CURRENT,1,0,OK,6.0,6.0,900.0,149.999,,1179.9,,,130.0,5400.0
2026-08-05 10:39:43.246,5999521,899930,150000320,1179.911530,,750.496,0x00,0x00,CURRENT,1,0,OK,6.0,6.0,900.0,149.999,,1179.9,,,130.0,5400.0
2026-08-05 10:39:43.447,5999270,899893,150000496,1179.913389,,750.697,0x00,0x00,CURRENT,1,0,OK,6.0,6.0,900.0,149.999,,1179.9,,,130.0,5400.0
2026-08-05 10:39:43.730,5999874,899981,149999920,1179.907306,,750.979,0x00,0x00,CURRENT,1,0,OK,6.0,6.0,900.0,150.0,,1179.904,,,130.0,5400.0
2026-08-05 10:39:44.045,6000374,900059,150000544,1179.913896,,751.295,0x00,0x00,CURRENT,1,0,OK,6.0,6.0,900.0,150.0,,1179.904,,,130.0,5400.0
2026-08-05 10:39:44.244,5999910,899991,150000704,1179.915585,,751.494,0x00,0x00,CURRENT,1,0,OK,6.0,6.0,900.0,150.0,,1179.904,,,130.0,5400.0
2026-08-05 10:39:44.446,5999617,899945,150000432,1179.912713,,751.696,0x00,0x00,CURRENT,1,0,OK,6.0,6.0,900.0,150.0,,1179.904,,,130.0,5400.0
2026-08-05 10:39:44.730,5999427,899909,149999104,1179.898690,,751.979,0x00,0x00,CURRENT,1,0,OK,6.0,6.0,900.0,150.0,,1179.904,,,130.0,5400.0
2026-08-05 10:39:45.045,5999209,899879,149999584,1179.903758,,752.294,0x00,0x00,CURRENT,1,0,OK,6.0,6.0,900.0,150.0,,1179.904,,,130.0,5400.0
2026-08-05 10:39:45.245,5999893,899983,149999792,1179.905955,,752.495,0x00,0x00,CURRENT,1,0,OK,6.0,6.0,900.0,150.0,,1179.904,,,130.0,5400.0
2026-08-05 10:39:45.447,6000351,900054,150000256,1179.910854,,752.697,0x00,0x00,CURRENT,1,0,OK,6.0,6.0,900.0,150.0,,1179.904,,,130.0,5400.0
2026-08-05 10:39:45.730,6000797,900119,149999856,1179.906631,,752.980,0x00,0x00,CURRENT,1,0,OK,6.0,6.0,900.0,150.0,,1179.906,,,130.0,5399.0
2026-08-05 10:39:46.045,6001075,900158,149999472,1179.902576,,753.294,0x00,0x00,CURRENT,1,0,OK,6.0,6.0,900.0,150.0,,1179.906,,,130.0,5399.0
2026-08-05 10:39:46.245,6000445,900065,149999728,1179.905279,,753.494,0x00,0x00,CURRENT,1,0,OK,6.0,6.0,900.0,150.0,,1179.906,,,130.0,5399.0
2026-08-05 10:39:46.445,5999954,899988,149999152,1179.899197,,753.694,0x00,0x00,CURRENT,1,0,OK,6.0,6.0,900.0,150.0,,1179.906,,,130.0,5399.0
2026-08-05 10:39:46.730,5999623,899938,149999120,1179.898859,,753.979,0x00,0x00,CURRENT,1,0,OK,6.0,6.0,900.0,150.0,,1179.906,,,130.0,5399.0
2026-08-05 10:39:47.045,5999309,899892,149999232,1179.900041,,754.294,0x00,0x00,CURRENT,1,0,OK,6.0,6.0,900.0,150.0,,1179.906,,,130.0,5399.0
2026-08-05 10:39:47.244,5999922,899984,149999312,1179.900886,,754.494,0x00,0x00,CURRENT,1,0,OK,6.0,6.0,900.0,150.0,,1179.906,,,130.0,5399.0
2026-08-05 10:39:47.447,6000344,900050,149999664,1179.904603,,754.697,0x00,0x00,CURRENT,1,0,OK,6.0,6.0,900.0,150.0,,1179.906,,,130.0,5399.0
2026-08-05 10:39:47.730,5999804,899969,149999744,1179.905448,,754.979,0x00,0x00,CURRENT,1,0,OK,6.0,6.0,900.0,150.0,,1179.908,,,130.0,5399.0
2026-08-05 10:39:48.045,5999435,899912,149999456,1179.902407,,755.294,0x00,0x00,CURRENT,1,0,OK,6.0,6.0,900.0,150.0,,1179.908,,,130.0,5399.0
2026-08-05 10:39:48.245,5999980,899991,149998976,1179.897338,,755.494,0x00,0x00,CURRENT,1,0,OK,6.0,6.0,900.0,150.0,,1179.908,,,130.0,5399.0
2026-08-05 10:39:48.446,6000388,900051,149998880,1179.896324,,755.695,0x00,0x00,CURRENT,1,0,OK,6.0,6.0,900.0,150.0,,1179.908,,,130.0,5399.0
2026-08-05 10:39:48.730,6000666,900097,149999472,1179.902576,,755.979,0x00,0x00,CURRENT,1,0,OK,6.0,6.0,900.0,150.0,,1179.908,,,130.0,5399.0
2026-08-05 10:39:49.045,6000865,900128,149999776,1179.905786,,756.294,0x00,0x00,CURRENT,1,0,OK,6.0,6.0,900.0,150.0,,1179.908,,,130.0,5399.0
2026-08-05 10:39:49.245,6000213,900026,149999104,1179.898690,,756.494,0x00,0x00,CURRENT,1,0,OK,6.0,6.0,900.0,150.0,,1179.908,,,130.0,5399.0
2026-08-05 10:39:49.445,5999715,899953,149999296,1179.900717,,756.695,0x00,0x00,CURRENT,1,0,OK,6.0,6.0,900.0,150.0,,1179.908,,,130.0,5399.0
2026-08-05 10:39:49.730,5999378,899900,149998848,1179.895986,,756.979,0x00,0x00,CURRENT,1,0,OK,6.0,6.0,900.0,150.0,,1179.906,,,130.0,5401.0
2026-08-05 10:39:50.045,5999125,899859,149998448,1179.891763,,757.294,0x00,0x00,CURRENT,1,0,OK,6.0,6.0,900.0,150.0,,1179.906,,,130.0,5401.0
2026-08-05 10:39:50.245,5999756,899957,149998992,1179.897507,,757.494,0x00,0x00,CURRENT,1,0,OK,6.0,6.0,900.0,150.0,,1179.906,,,130.0,5401.0
2026-08-05 10:39:50.445,6000258,900032,149998880,1179.896324,,757.694,0x00,0x00,CURRENT,1,0,OK,6.0,6.0,900.0,150.0,,1179.906,,,130.0,5401.0
2026-08-05 10:39:50.729,6000577,900086,149999856,1179.906631,,757.979,0x00,0x00,CURRENT,1,0,OK,6.0,6.0,900.0,150.0,,1179.906,,,130.0,5401.0
2026-08-05 10:39:51.045,6000817,900120,149999616,1179.904096,,758.294,0x00,0x00,CURRENT,1,0,OK,6.0,6.0,900.0,150.0,,1179.906,,,130.0,5401.0
2026-08-05 10:39:51.244,6000102,900018,150000416,1179.912544,,758.494,0x00,0x00,CURRENT,1,0,OK,6.0,6.0,900.0,150.0,,1179.906,,,130.0,5401.0
2026-08-05 10:39:51.445,5999604,899943,150000336,1179.911699,,758.694,0x00,0x00,CURRENT,1,0,OK,6.0,6.0,900.0,150.0,,1179.906,,,130.0,5401.0
2026-08-05 10:39:51.730,6000087,900014,150000240,1179.910686,,758.979,0x00,0x00,CURRENT,1,0,OK,6.0,6.0,900.0,150.0,,1179.904,,,130.0,5401.0
2026-08-05 10:39:52.045,6000393,900062,150000496,1179.913389,,759.294,0x00,0x00,CURRENT,1,0,OK,6.0,6.0,900.0,150.0,,1179.904,,,130.0,5401.0
2026-08-05 10:39:52.245,5999831,899976,150000240,1179.910686,,759.494,0x00,0x00,CURRENT,1,0,OK,6.0,6.0,900.0,150.0,,1179.904,,,130.0,5401.0
2026-08-05 10:39:52.445,5999373,899908,150000416,1179.912544,,759.694,0x00,0x00,CURRENT,1,0,OK,6.0,6.0,900.0,150.0,,1179.904,,,130.0,5401.0
2026-08-05 10:39:52.729,5999932,899993,150000464,1179.913051,,759.979,0x00,0x00,CURRENT,1,0,OK,6.0,6.0,900.0,150.0,,1179.904,,,130.0,5401.0
2026-08-05 10:39:53.045,6000306,900049,150000608,1179.914571,,760.294,0x00,0x00,CURRENT,1,0,OK,6.0,6.0,900.0,150.0,,1179.904,,,130.0,5401.0
2026-08-05 10:39:53.245,5999803,899970,149999952,1179.907644,,760.494,0x00,0x00,CURRENT,1,0,OK,6.0,6.0,900.0,150.0,,1179.904,,,130.0,5401.0
2026-08-05 10:39:53.444,5999407,899913,150000400,1179.912375,,760.694,0x00,0x00,CURRENT,1,0,OK,6.0,6.0,900.0,150.0,,1179.904,,,130.0,5401.0
2026-08-05 10:39:53.730,5999949,899994,150000224,1179.910517,,760.979,0x00,0x00,CURRENT,1,0,OK,6.0,6.0,900.0,150.0,,1179.912,,,130.0,5400.0
2026-08-05 10:39:54.045,6000346,900054,150000384,1179.912206,,761.294,0x00,0x00,CURRENT,1,0,OK,6.0,6.0,900.0,150.0,,1179.912,,,130.0,5400.0
2026-08-05 10:39:54.245,6000616,900097,150000704,1179.915585,,761.494,0x00,0x00,CURRENT,1,0,OK,6.0,6.0,900.0,150.0,,1179.912,,,130.0,5400.0
2026-08-05 10:39:54.445,6000874,900132,150000208,1179.910348,,761.694,0x00,0x00,CURRENT,1,0,OK,6.0,6.0,900.0,150.0,,1179.912,,,130.0,5400.0
2026-08-05 10:39:54.730,6000192,900027,149999696,1179.904941,,761.979,0x00,0x00,CURRENT,1,0,OK,6.0,6.0,900.0,150.0,,1179.912,,,130.0,5400.0
2026-08-05 10:39:55.044,5999653,899947,149999872,1179.906800,,762.294,0x00,0x00,CURRENT,1,0,OK,6.0,6.0,900.0,150.0,,1179.912,,,130.0,5400.0
2026-08-05 10:39:55.245,5999276,899888,149999424,1179.902069,,762.494,0x00,0x00,CURRENT,1,0,OK,6.0,6.0,900.0,150.0,,1179.912,,,130.0,5400.0
2026-08-05 10:39:55.444,5998993,899845,149999360,1179.901393,,762.694,0x00,0x00,CURRENT,1,0,OK,6.0,6.0,900.0,150.0,,1179.912,,,130.0,5400.0
2026-08-05 10:39:55.730,5999620,899940,149999456,1179.902407,,762.979,0x00,0x00,CURRENT,1,0,OK,6.0,6.0,900.0,150.0,,1179.909,,,130.0,5400.0
2026-08-05 10:39:56.045,6000062,900008,149999840,1179.906462,,763.294,0x00,0x00,CURRENT,1,0,OK,6.0,6.0,900.0,150.0,,1179.909,,,130.0,5400.0
2026-08-05 10:39:56.244,6000356,900058,150000768,1179.916261,,763.494,0x00,0x00,CURRENT,1,0,OK,6.0,6.0,900.0,150.0,,1179.909,,,130.0,5400.0
2026-08-05 10:39:56.444,6000605,900092,150000304,1179.911361,,763.693,0x00,0x00,CURRENT,1,0,OK,6.0,6.0,900.0,150.0,,1179.909,,,130.0,5400.0
2026-08-05 10:39:56.729,6000838,900124,149999792,1179.905955,,763.979,0x00,0x00,CURRENT,1,0,OK,6.0,6.0,900.0,150.0,,1179.909,,,130.0,5400.0
2026-08-05 10:39:57.044,6000966,900144,149999776,1179.905786,,764.294,0x00,0x00,CURRENT,1,0,OK,6.0,6.0,900.0,150.0,,1179.909,,,130.0,5400.0
2026-08-05 10:39:57.245,6000233,900030,149999152,1179.899197,,764.494,0x00,0x00,CURRENT,1,0,OK,6.0,6.0,900.0,150.0,,1179.909,,,130.0,5400.0
2026-08-05 10:39:57.444,5999692,899947,149998912,1179.896662,,764.693,0x00,0x00,CURRENT,1,0,OK,7.0,6.0,900.0,150.0,,1179.909,,,130.0,5400.0
2026-08-05 10:39:57.667,6176168,926413,149998112,1179.888215,,764.916,0x00,0x00,CURRENT,1,0,OK,7.0,5.998,900.0,150.001,,1179.92,,,134.0,5396.0
2026-08-05 10:39:57.846,6176149,926412,149998368,1179.890918,,765.095,0x00,0x00,CURRENT,1,0,OK,7.0,5.998,900.0,150.001,,1179.92,,,134.0,5396.0
2026-08-05 10:39:58.046,6176089,926404,149998480,1179.892100,,765.295,0x00,0x00,CURRENT,1,0,OK,7.0,5.998,900.0,150.001,,1179.92,,,134.0,5396.0
2026-08-05 10:39:58.246,6218042,932700,149998944,1179.897000,,765.495,0x00,0x00,CURRENT,1,0,OK,7.0,5.998,900.0,150.001,,1179.92,,,134.0,5396.0
2026-08-05 10:39:58.445,6249506,937425,149999920,1179.907306,,765.694,0x00,0x00,CURRENT,1,0,OK,7.0,5.998,900.0,150.001,,1179.92,,,134.0,5396.0
2026-08-05 10:39:58.729,6311907,946783,149999488,1179.902745,,765.979,0x00,0x00,CURRENT,1,0,OK,7.0,5.998,900.0,150.001,,1179.92,,,134.0,5396.0
2026-08-05 10:39:59.046,6358678,953798,149999472,1179.902576,,766.295,0x00,0x00,CURRENT,1,0,OK,7.0,5.998,900.0,150.001,,1179.92,,,134.0,5396.0
2026-08-05 10:39:59.243,6429064,964359,149999920,1179.907306,,766.493,0x00,0x00,CURRENT,1,0,OK,7.0,5.998,900.0,150.001,,1179.92,,,134.0,5396.0
2026-08-05 10:39:59.445,6481919,972289,150000240,1179.910686,,766.695,0x00,0x00,CURRENT,1,0,OK,7.0,5.998,900.0,150.001,,1179.92,,,134.0,5396.0
2026-08-05 10:39:59.729,6551106,982663,149999552,1179.903420,,766.979,0x00,0x00,CURRENT,1,0,OK,7.0,6.213,932.0,150.0,,1179.908,,,145.0,5790.0
2026-08-05 10:40:00.046,6602940,990440,149999872,1179.906800,,767.295,0x00,0x00,CURRENT,1,0,OK,7.0,6.213,932.0,150.0,,1179.908,,,145.0,5790.0
2026-08-05 10:40:00.245,6667075,1000058,149999456,1179.902407,,767.494,0x00,0x00,CURRENT,1,0,OK,7.0,6.213,932.0,150.0,,1179.908,,,145.0,5790.0
2026-08-05 10:40:00.446,6715204,1007277,149999424,1179.902069,,767.695,0x00,0x00,CURRENT,1,0,OK,7.0,6.213,932.0,150.0,,1179.908,,,145.0,5790.0
2026-08-05 10:40:00.730,6772365,1015850,149999376,1179.901562,,767.979,0x00,0x00,CURRENT,1,0,OK,7.0,6.213,932.0,150.0,,1179.908,,,145.0,5790.0
2026-08-05 10:40:01.045,6815226,1022279,149999312,1179.900886,,768.294,0x00,0x00,CURRENT,1,0,OK,7.0,6.213,932.0,150.0,,1179.908,,,145.0,5790.0
2026-08-05 10:40:01.244,6862509,1029373,149999504,1179.902914,,768.493,0x00,0x00,CURRENT,1,0,OK,7.0,6.213,932.0,150.0,,1179.908,,,145.0,5790.0
2026-08-05 10:40:01.447,6897971,1034694,149999680,1179.904772,,768.697,0x00,0x00,CURRENT,1,0,OK,7.0,6.213,932.0,150.0,,1179.908,,,145.0,5790.0
2026-08-05 10:40:01.730,6937281,1040588,149999408,1179.901900,,768.979,0x00,0x00,CURRENT,1,0,OK,7.0,6.639,996.0,150.0,,1179.909,,,153.0,6611.0
2026-08-05 10:40:02.045,6966745,1045011,149999840,1179.906462,,769.294,0x00,0x00,CURRENT,1,0,OK,7.0,6.639,996.0,150.0,,1179.909,,,153.0,6611.0
2026-08-05 10:40:02.245,6997240,1049585,149999872,1179.906800,,769.495,0x00,0x00,CURRENT,1,0,OK,7.0,6.639,996.0,150.0,,1179.909,,,153.0,6611.0
2026-08-05 10:40:02.445,7020168,1053019,149999056,1179.898183,,769.694,0x00,0x00,CURRENT,1,0,OK,7.0,6.639,996.0,150.0,,1179.909,,,153.0,6611.0
2026-08-05 10:40:02.730,7042425,1056358,149999152,1179.899197,,769.979,0x00,0x00,CURRENT,1,0,OK,7.0,6.639,996.0,150.0,,1179.909,,,153.0,6611.0
2026-08-05 10:40:03.045,7059090,1058861,149999584,1179.903758,,770.294,0x00,0x00,CURRENT,1,0,OK,7.0,6.639,996.0,150.0,,1179.909,,,153.0,6611.0
2026-08-05 10:40:03.245,7074077,1061116,150000560,1179.914065,,770.494,0x00,0x00,CURRENT,1,0,OK,7.0,6.639,996.0,150.0,,1179.909,,,153.0,6611.0
2026-08-05 10:40:03.447,7085382,1062806,149999808,1179.906124,,770.697,0x00,0x00,CURRENT,1,0,OK,7.0,6.639,996.0,150.0,,1179.909,,,153.0,6611.0
2026-08-05 10:40:03.730,7094654,1064197,149999904,1179.907137,,770.979,0x00,0x00,CURRENT,1,0,OK,7.0,6.938,1041.0,150.001,,1179.915,,,155.0,7220.0
2026-08-05 10:40:04.046,7101635,1065248,150000352,1179.911868,,771.295,0x00,0x00,CURRENT,1,0,OK,7.0,6.938,1041.0,150.001,,1179.915,,,155.0,7220.0
2026-08-05 10:40:04.245,7106060,1065907,149999712,1179.905110,,771.494,0x00,0x00,CURRENT,1,0,OK,7.0,6.938,1041.0,150.001,,1179.915,,,155.0,7220.0
2026-08-05 10:40:04.445,7109342,1066398,149999552,1179.903420,,771.694,0x00,0x00,CURRENT,1,0,OK,7.0,6.938,1041.0,150.001,,1179.915,,,155.0,7220.0
2026-08-05 10:40:04.729,7110051,1066508,150000000,1179.908151,,771.979,0x00,0x00,CURRENT,1,0,OK,7.0,6.938,1041.0,150.001,,1179.915,,,155.0,7220.0
2026-08-05 10:40:05.046,7110592,1066589,150000032,1179.908489,,772.295,0x00,0x00,CURRENT,1,0,OK,7.0,6.938,1041.0,150.001,,1179.915,,,155.0,7220.0
2026-08-05 10:40:05.245,7108500,1066272,149999616,1179.904096,,772.494,0x00,0x00,CURRENT,1,0,OK,7.0,6.938,1041.0,150.001,,1179.915,,,155.0,7220.0
2026-08-05 10:40:05.447,7106969,1066041,149999344,1179.901224,,772.696,0x00,0x00,CURRENT,1,0,OK,7.0,6.938,1041.0,150.001,,1179.915,,,155.0,7220.0
2026-08-05 10:40:05.729,7102455,1065361,149998896,1179.896493,,772.979,0x00,0x00,CURRENT,1,0,OK,7.0,7.061,1059.0,150.0,,1179.909,,,155.0,7478.0
2026-08-05 10:40:06.046,7099032,1064849,149999184,1179.899535,,773.295,0x00,0x00,CURRENT,1,0,OK,7.0,7.061,1059.0,150.0,,1179.909,,,155.0,7478.0
2026-08-05 10:40:06.244,7093129,1063967,149999648,1179.904434,,773.494,0x00,0x00,CURRENT,1,0,OK,7.0,7.061,1059.0,150.0,,1179.909,,,155.0,7478.0
2026-08-05 10:40:06.444,7088710,1063304,149999664,1179.904603,,773.694,0x00,0x00,CURRENT,1,0,OK,7.0,7.061,1059.0,150.0,,1179.909,,,155.0,7478.0
2026-08-05 10:40:06.730,7082013,1062300,149999712,1179.905110,,773.979,0x00,0x00,CURRENT,1,0,OK,7.0,7.061,1059.0,150.0,,1179.909,,,155.0,7478.0
2026-08-05 10:40:07.044,7077018,1061550,149999664,1179.904603,,774.294,0x00,0x00,CURRENT,1,0,OK,7.0,7.061,1059.0,150.0,,1179.909,,,155.0,7478.0
2026-08-05 10:40:07.245,7069832,1060474,149999872,1179.906800,,774.494,0x00,0x00,CURRENT,1,0,OK,7.0,7.061,1059.0,150.0,,1179.909,,,155.0,7478.0
2026-08-05 10:40:07.447,7064499,1059676,150000128,1179.909503,,774.696,0x00,0x00,CURRENT,1,0,OK,7.0,7.061,1059.0,150.0,,1179.909,,,155.0,7478.0
2026-08-05 10:40:07.730,7057936,1058692,150000256,1179.910854,,774.979,0x00,0x00,CURRENT,1,0,OK,7.0,7.072,1061.0,149.999,,1179.902,,,154.0,7502.0
2026-08-05 10:40:08.045,7053052,1057960,150000368,1179.912037,,775.294,0x00,0x00,CURRENT,1,0,OK,7.0,7.072,1061.0,149.999,,1179.902,,,154.0,7502.0
2026-08-05 10:40:08.245,7046918,1057037,149999920,1179.907306,,775.494,0x00,0x00,CURRENT,1,0,OK,7.0,7.072,1061.0,149.999,,1179.902,,,154.0,7502.0
2026-08-05 10:40:08.445,7042280,1056342,150000000,1179.908151,,775.694,0x00,0x00,CURRENT,1,0,OK,7.0,7.072,1061.0,149.999,,1179.902,,,154.0,7502.0
2026-08-05 10:40:08.730,7036201,1055434,150000496,1179.913389,,775.979,0x00,0x00,CURRENT,1,0,OK,7.0,7.072,1061.0,149.999,,1179.902,,,154.0,7502.0
2026-08-05 10:40:09.045,7031633,1054748,150000416,1179.912544,,776.294,0x00,0x00,CURRENT,1,0,OK,7.0,7.072,1061.0,149.999,,1179.902,,,154.0,7502.0
2026-08-05 10:40:09.246,7026585,1053988,150000032,1179.908489,,776.495,0x00,0x00,CURRENT,1,0,OK,7.0,7.072,1061.0,149.999,,1179.902,,,154.0,7502.0
2026-08-05 10:40:09.447,7022790,1053418,149999872,1179.906800,,776.696,0x00,0x00,CURRENT,1,0,OK,7.0,7.072,1061.0,149.999,,1179.902,,,154.0,7502.0
2026-08-05 10:40:09.730,7018238,1052733,149999664,1179.904603,,776.979,0x00,0x00,CURRENT,1,0,OK,7.0,7.043,1056.0,150.001,,1179.915,,,153.0,7441.0
2026-08-05 10:40:10.045,7014833,1052224,149999888,1179.906969,,777.294,0x00,0x00,CURRENT,1,0,OK,7.0,7.043,1056.0,150.001,,1179.915,,,153.0,7441.0
2026-08-05 10:40:10.244,7010573,1051589,150000400,1179.912375,,777.494,0x00,0x00,CURRENT,1,0,OK,7.0,7.043,1056.0,150.001,,1179.915,,,153.0,7441.0
2026-08-05 10:40:10.444,7007369,1051107,150000272,1179.911023,,777.694,0x00,0x00,CURRENT,1,0,OK,7.0,7.043,1056.0,150.001,,1179.915,,,153.0,7441.0
2026-08-05 10:40:10.729,7004091,1050616,150000352,1179.911868,,777.979,0x00,0x00,CURRENT,1,0,OK,7.0,7.043,1056.0,150.001,,1179.915,,,153.0,7441.0
2026-08-05 10:40:11.045,7001659,1050249,150000016,1179.908320,,778.295,0x00,0x00,CURRENT,1,0,OK,7.0,7.043,1056.0,150.001,,1179.915,,,153.0,7441.0
2026-08-05 10:40:11.245,6999818,1049972,149999936,1179.907475,,778.494,0x00,0x00,CURRENT,1,0,OK,7.0,7.043,1056.0,150.001,,1179.915,,,153.0,7441.0
2026-08-05 10:40:11.447,6998389,1049758,150000016,1179.908320,,778.696,0x00,0x00,CURRENT,1,0,OK,7.0,7.043,1056.0,150.001,,1179.915,,,153.0,7441.0
2026-08-05 10:40:11.730,6996498,1049473,149999744,1179.905448,,778.979,0x00,0x00,CURRENT,1,0,OK,7.0,7.014,1052.0,150.0,,1179.912,,,153.0,7379.0
2026-08-05 10:40:12.045,6995135,1049270,149999904,1179.907137,,779.294,0x00,0x00,CURRENT,1,0,OK,7.0,7.014,1052.0,150.0,,1179.912,,,153.0,7379.0
2026-08-05 10:40:12.245,6994058,1049110,150000160,1179.909841,,779.494,0x00,0x00,CURRENT,1,0,OK,7.0,7.014,1052.0,150.0,,1179.912,,,153.0,7379.0
2026-08-05 10:40:12.445,6993277,1048992,150000016,1179.908320,,779.694,0x00,0x00,CURRENT,1,0,OK,7.0,7.014,1052.0,150.0,,1179.912,,,153.0,7379.0
2026-08-05 10:40:12.730,6992729,1048904,149999296,1179.900717,,779.979,0x00,0x00,CURRENT,1,0,OK,7.0,7.014,1052.0,150.0,,1179.912,,,153.0,7379.0
2026-08-05 10:40:13.046,6992290,1048842,149999808,1179.906124,,780.295,0x00,0x00,CURRENT,1,0,OK,7.0,7.014,1052.0,150.0,,1179.912,,,153.0,7379.0
2026-08-05 10:40:13.245,6991970,1048792,149999536,1179.903252,,780.494,0x00,0x00,CURRENT,1,0,OK,7.0,7.014,1052.0,150.0,,1179.912,,,153.0,7379.0
2026-08-05 10:40:13.444,6991749,1048758,149999312,1179.900886,,780.694,0x00,0x00,CURRENT,1,0,OK,7.0,7.014,1052.0,150.0,,1179.912,,,153.0,7379.0
2026-08-05 10:40:13.730,6991565,1048731,149999504,1179.902914,,780.979,0x00,0x00,CURRENT,1,0,OK,7.0,6.999,1050.0,150.0,,1179.905,,,153.0,7347.0
2026-08-05 10:40:14.045,6991445,1048712,149999264,1179.900379,,781.294,0x00,0x00,CURRENT,1,0,OK,7.0,6.999,1050.0,150.0,,1179.905,,,153.0,7347.0
2026-08-05 10:40:14.246,6991308,1048699,150000320,1179.911530,,781.495,0x00,0x00,CURRENT,1,0,OK,7.0,6.999,1050.0,150.0,,1179.905,,,153.0,7347.0
2026-08-05 10:40:14.446,6991224,1048684,150000112,1179.909334,,781.695,0x00,0x00,CURRENT,1,0,OK,7.0,6.999,1050.0,150.0,,1179.905,,,153.0,7347.0
2026-08-05 10:40:14.729,6991991,1048802,150000528,1179.913727,,781.979,0x00,0x00,CURRENT,1,0,OK,7.0,6.999,1050.0,150.0,,1179.905,,,153.0,7347.0
2026-08-05 10:40:15.045,6992566,1048885,150000016,1179.908320,,782.295,0x00,0x00,CURRENT,1,0,OK,7.0,6.999,1050.0,150.0,,1179.905,,,153.0,7347.0
2026-08-05 10:40:15.245,6992979,1048945,149999712,1179.905110,,782.494,0x00,0x00,CURRENT,1,0,OK,7.0,6.999,1050.0,150.0,,1179.905,,,153.0,7347.0
2026-08-05 10:40:15.445,6993298,1048995,150000064,1179.908827,,782.694,0x00,0x00,CURRENT,1,0,OK,7.0,6.999,1050.0,150.0,,1179.905,,,153.0,7347.0
2026-08-05 10:40:15.729,6993556,1049034,150000016,1179.908320,,782.979,0x00,0x00,CURRENT,1,0,OK,7.0,6.994,1049.0,150.0,,1179.911,,,153.0,7338.0
2026-08-05 10:40:16.046,6993796,1049068,149999808,1179.906124,,783.295,0x00,0x00,CURRENT,1,0,OK,7.0,6.994,1049.0,150.0,,1179.911,,,153.0,7338.0
2026-08-05 10:40:16.244,6994795,1049221,150000176,1179.910010,,783.494,0x00,0x00,CURRENT,1,0,OK,7.0,6.994,1049.0,150.0,,1179.911,,,153.0,7338.0
2026-08-05 10:40:16.445,6995592,1049337,149999776,1179.905786,,783.695,0x00,0x00,CURRENT,1,0,OK,7.0,6.994,1049.0,150.0,,1179.911,,,153.0,7338.0
2026-08-05 10:40:16.730,6996218,1049433,150000096,1179.909165,,783.979,0x00,0x00,CURRENT,1,0,OK,7.0,6.994,1049.0,150.0,,1179.911,,,153.0,7338.0
2026-08-05 10:40:17.045,6996631,1049494,149999952,1179.907644,,784.294,0x00,0x00,CURRENT,1,0,OK,7.0,6.994,1049.0,150.0,,1179.911,,,153.0,7338.0
2026-08-05 10:40:17.244,6996941,1049541,149999984,1179.907982,,784.494,0x00,0x00,CURRENT,1,0,OK,7.0,6.994,1049.0,150.0,,1179.911,,,153.0,7338.0
2026-08-05 10:40:17.447,6997192,1049581,150000320,1179.911530,,784.696,0x00,0x00,CURRENT,1,0,OK,7.0,6.994,1049.0,150.0,,1179.911,,,153.0,7338.0
2026-08-05 10:40:17.729,6997362,1049606,150000272,1179.911023,,784.979,0x00,0x00,CURRENT,1,0,OK,7.0,6.996,1049.0,150.0,,1179.912,,,153.0,7341.0
2026-08-05 10:40:18.045,6997489,1049626,150000352,1179.911868,,785.294,0x00,0x00,CURRENT,1,0,OK,7.0,6.996,1049.0,150.0,,1179.912,,,153.0,7341.0
2026-08-05 10:40:18.245,6997594,1049639,150000080,1179.908996,,785.495,0x00,0x00,CURRENT,1,0,OK,7.0,6.996,1049.0,150.0,,1179.912,,,153.0,7341.0
2026-08-05 10:40:18.445,6997644,1049647,149999984,1179.907982,,785.694,0x00,0x00,CURRENT,1,0,OK,7.0,6.996,1049.0,150.0,,1179.912,,,153.0,7341.0
2026-08-05 10:40:18.729,6998568,1049782,149999520,1179.903083,,785.979,0x00,0x00,CURRENT,1,0,OK,7.0,6.996,1049.0,150.0,,1179.912,,,153.0,7341.0
2026-08-05 10:40:19.044,6999241,1049885,149999824,1179.906293,,786.294,0x00,0x00,CURRENT,1,0,OK,7.0,6.996,1049.0,150.0,,1179.912,,,153.0,7341.0
2026-08-05 10:40:19.245,6999738,1049960,149999888,1179.906969,,786.495,0x00,0x00,CURRENT,1,0,OK,7.0,6.996,1049.0,150.0,,1179.912,,,153.0,7341.0
2026-08-05 10:40:19.446,7000119,1050019,150000112,1179.909334,,786.696,0x00,0x00,CURRENT,1,0,OK,7.0,6.996,1049.0,150.0,,1179.912,,,153.0,7341.0
2026-08-05 10:40:19.730,7000395,1050057,149999664,1179.904603,,786.979,0x00,0x00,CURRENT,1,0,OK,7.0,6.998,1050.0,150.0,,1179.912,,,153.0,7346.0
2026-08-05 10:40:20.045,7000538,1050076,149999328,1179.901055,,787.295,0x00,0x00,CURRENT,1,0,OK,7.0,6.998,1050.0,150.0,,1179.912,,,153.0,7346.0
2026-08-05 10:40:20.244,7000710,1050102,149999424,1179.902069,,787.494,0x00,0x00,CURRENT,1,0,OK,7.0,6.998,1050.0,150.0,,1179.912,,,153.0,7346.0
2026-08-05 10:40:20.445,7000839,1050122,149999456,1179.902407,,787.695,0x00,0x00,CURRENT,1,0,OK,7.0,6.998,1050.0,150.0,,1179.912,,,153.0,7346.0
2026-08-05 10:40:20.730,7000945,1050138,149999424,1179.902069,,787.979,0x00,0x00,CURRENT,1,0,OK,7.0,6.998,1050.0,150.0,,1179.912,,,153.0,7346.0
2026-08-05 10:40:21.045,7000987,1050143,149999280,1179.900548,,788.295,0x00,0x00,CURRENT,1,0,OK,7.0,6.998,1050.0,150.0,,1179.912,,,153.0,7346.0
2026-08-05 10:40:21.244,7001037,1050149,149998992,1179.897507,,788.494,0x00,0x00,CURRENT,1,0,OK,7.0,6.998,1050.0,150.0,,1179.912,,,153.0,7346.0
2026-08-05 10:40:21.447,7001066,1050152,149998896,1179.896493,,788.696,0x00,0x00,CURRENT,1,0,OK,7.0,6.998,1050.0,150.0,,1179.912,,,153.0,7346.0
2026-08-05 10:40:21.729,7001050,1050150,149998880,1179.896324,,788.979,0x00,0x00,CURRENT,1,0,OK,7.0,7.0,1050.0,150.0,,1179.906,,,153.0,7350.0
2026-08-05 10:40:22.044,7000991,1050144,149999344,1179.901224,,789.294,0x00,0x00,CURRENT,1,0,OK,7.0,7.0,1050.0,150.0,,1179.906,,,153.0,7350.0
2026-08-05 10:40:22.243,7000948,1050139,149999504,1179.902914,,789.493,0x00,0x00,CURRENT,1,0,OK,7.0,7.0,1050.0,150.0,,1179.906,,,153.0,7350.0
2026-08-05 10:40:22.444,7000943,1050137,149999424,1179.902069,,789.694,0x00,0x00,CURRENT,1,0,OK,7.0,7.0,1050.0,150.0,,1179.906,,,153.0,7350.0
2026-08-05 10:40:22.729,7000967,1050139,149999200,1179.899703,,789.979,0x00,0x00,CURRENT,1,0,OK,7.0,7.0,1050.0,150.0,,1179.906,,,153.0,7350.0
2026-08-05 10:40:23.044,7000994,1050144,149999328,1179.901055,,790.294,0x00,0x00,CURRENT,1,0,OK,7.0,7.0,1050.0,150.0,,1179.906,,,153.0,7350.0
2026-08-05 10:40:23.246,7000987,1050147,149999888,1179.906969,,790.495,0x00,0x00,CURRENT,1,0,OK,7.0,7.0,1050.0,150.0,,1179.906,,,153.0,7350.0
2026-08-05 10:40:23.447,7001028,1050154,150000032,1179.908489,,790.697,0x00,0x00,CURRENT,1,0,OK,7.0,7.0,1050.0,150.0,,1179.906,,,153.0,7350.0
2026-08-05 10:40:23.729,7001077,1050160,149999808,1179.906124,,790.979,0x00,0x00,CURRENT,1,0,OK,7.0,7.001,1050.0,150.0,,1179.904,,,153.0,7352.0
2026-08-05 10:40:24.045,7001124,1050167,149999760,1179.905617,,791.295,0x00,0x00,CURRENT,1,0,OK,7.0,7.001,1050.0,150.0,,1179.904,,,153.0,7352.0
2026-08-05 10:40:24.244,7000302,1050042,149999568,1179.903589,,791.494,0x00,0x00,CURRENT,1,0,OK,7.0,7.001,1050.0,150.0,,1179.904,,,153.0,7352.0
2026-08-05 10:40:24.445,6999703,1049953,149999696,1179.904941,,791.695,0x00,0x00,CURRENT,1,0,OK,7.0,7.001,1050.0,150.0,,1179.904,,,153.0,7352.0
2026-08-05 10:40:24.729,6999245,1049888,150000112,1179.909334,,791.979,0x00,0x00,CURRENT,1,0,OK,7.0,7.001,1050.0,150.0,,1179.904,,,153.0,7352.0
2026-08-05 10:40:25.045,6998864,1049829,149999952,1179.907644,,792.294,0x00,0x00,CURRENT,1,0,OK,7.0,7.001,1050.0,150.0,,1179.904,,,153.0,7352.0
2026-08-05 10:40:25.246,6998615,1049789,149999552,1179.903420,,792.496,0x00,0x00,CURRENT,1,0,OK,8.0,7.001,1050.0,150.0,,1179.904,,,153.0,7352.0
2026-08-05 10:40:25.506,7175446,1076328,150001536,1179.924371,,792.756,0x00,0x00,CURRENT,1,0,OK,8.0,7.001,1050.0,150.0,,1179.904,,,153.0,7352.0
2026-08-05 10:40:25.664,7175474,1076326,150000640,1179.914909,,792.914,0x00,0x00,CURRENT,1,0,OK,8.0,6.998,1050.0,149.998,,1179.885,,,157.0,7345.0
2026-08-05 10:40:25.844,7175505,1076329,150000432,1179.912713,,793.094,0x00,0x00,CURRENT,1,0,OK,8.0,6.998,1050.0,149.998,,1179.885,,,157.0,7345.0
2026-08-05 10:40:26.045,7217423,1082618,150000592,1179.914403,,793.295,0x00,0x00,CURRENT,1,0,OK,8.0,6.998,1050.0,149.998,,1179.885,,,157.0,7345.0
2026-08-05 10:40:26.244,7248881,1087336,150000480,1179.913220,,793.494,0x00,0x00,CURRENT,1,0,OK,8.0,6.998,1050.0,149.998,,1179.885,,,157.0,7345.0
2026-08-05 10:40:26.528,7311061,1096665,150000832,1179.916937,,793.778,0x00,0x00,CURRENT,1,0,OK,8.0,6.998,1050.0,149.998,,1179.885,,,157.0,7345.0
2026-08-05 10:40:26.844,7357687,1103657,150000496,1179.913389,,794.094,0x00,0x00,CURRENT,1,0,OK,8.0,6.998,1050.0,149.998,,1179.885,,,157.0,7345.0
2026-08-05 10:40:27.044,7427917,1114190,150000352,1179.911868,,794.294,0x00,0x00,CURRENT,1,0,OK,8.0,6.998,1050.0,149.998,,1179.885,,,157.0,7345.0
2026-08-05 10:40:27.245,7480635,1122093,149999696,1179.904941,,794.495,0x00,0x00,CURRENT,1,0,OK,8.0,6.998,1050.0,149.998,,1179.885,,,157.0,7345.0
2026-08-05 10:40:27.527,7549515,1132419,149998960,1179.897169,,794.777,0x00,0x00,CURRENT,1,0,OK,8.0,6.998,1050.0,149.998,,1179.885,,,157.0,7345.0
2026-08-05 10:40:27.845,7601147,1140166,149999216,1179.899872,,795.095,0x00,0x00,CURRENT,1,0,OK,8.0,7.319,1098.0,149.999,,1179.897,,,170.0,8035.0
2026-08-05 10:40:28.045,7665112,1149763,149999520,1179.903083,,795.295,0x00,0x00,CURRENT,1,0,OK,8.0,7.319,1098.0,149.999,,1179.897,,,170.0,8035.0
2026-08-05 10:40:28.244,7713029,1156951,149999616,1179.904096,,795.494,0x00,0x00,CURRENT,1,0,OK,8.0,7.319,1098.0,149.999,,1179.897,,,170.0,8035.0
2026-08-05 10:40:28.529,7769966,1165494,149999840,1179.906462,,795.779,0x00,0x00,CURRENT,1,0,OK,8.0,7.319,1098.0,149.999,,1179.897,,,170.0,8035.0
2026-08-05 10:40:28.845,7812697,1171903,149999808,1179.906124,,796.095,0x00,0x00,CURRENT,1,0,OK,8.0,7.319,1098.0,149.999,,1179.897,,,170.0,8035.0
2026-08-05 10:40:29.044,7860664,1179096,149999552,1179.903420,,796.294,0x00,0x00,CURRENT,1,0,OK,8.0,7.319,1098.0,149.999,,1179.897,,,170.0,8035.0
2026-08-05 10:40:29.244,7896734,1184503,149999040,1179.898014,,796.494,0x00,0x00,CURRENT,1,0,OK,8.0,7.319,1098.0,149.999,,1179.897,,,170.0,8035.0
2026-08-05 10:40:29.528,7935483,1190315,149999088,1179.898521,,796.778,0x00,0x00,CURRENT,1,0,OK,8.0,7.319,1098.0,149.999,,1179.897,,,170.0,8035.0
2026-08-05 10:40:29.845,7964498,1194670,149999408,1179.901900,,797.095,0x00,0x00,CURRENT,1,0,OK,8.0,7.729,1159.0,150.0,,1179.904,,,177.0,8960.0
2026-08-05 10:40:30.044,7994564,1199182,149999712,1179.905110,,797.294,0x00,0x00,CURRENT,1,0,OK,8.0,7.729,1159.0,150.0,,1179.904,,,177.0,8960.0
2026-08-05 10:40:30.245,8017142,1202570,149999840,1179.906462,,797.495,0x00,0x00,CURRENT,1,0,OK,8.0,7.729,1159.0,150.0,,1179.904,,,177.0,8960.0
2026-08-05 10:40:30.529,8039089,1205862,149999840,1179.906462,,797.779,0x00,0x00,CURRENT,1,0,OK,8.0,7.729,1159.0,150.0,,1179.904,,,177.0,8960.0
2026-08-05 10:40:30.845,8055568,1208338,150000352,1179.911868,,798.095,0x00,0x00,CURRENT,1,0,OK,8.0,7.729,1159.0,150.0,,1179.904,,,177.0,8960.0
2026-08-05 10:40:31.044,8071274,1210694,150000400,1179.912375,,798.294,0x00,0x00,CURRENT,1,0,OK,8.0,7.729,1159.0,150.0,,1179.904,,,177.0,8960.0
2026-08-05 10:40:31.244,8083053,1212458,149999968,1179.907813,,798.494,0x00,0x00,CURRENT,1,0,OK,8.0,7.729,1159.0,150.0,,1179.904,,,177.0,8960.0
2026-08-05 10:40:31.528,8092679,1213902,150000000,1179.908151,,798.778,0x00,0x00,CURRENT,1,0,OK,8.0,7.729,1159.0,150.0,,1179.904,,,177.0,8960.0
2026-08-05 10:40:31.845,8099936,1214989,149999872,1179.906800,,799.095,0x00,0x00,CURRENT,1,0,OK,8.0,7.981,1197.0,150.0,,1179.904,,,178.0,9554.0
2026-08-05 10:40:32.045,8104541,1215679,149999744,1179.905448,,799.295,0x00,0x00,CURRENT,1,0,OK,8.0,7.981,1197.0,150.0,,1179.904,,,178.0,9554.0
2026-08-05 10:40:32.244,8107985,1216195,149999632,1179.904265,,799.494,0x00,0x00,CURRENT,1,0,OK,8.0,7.981,1197.0,150.0,,1179.904,,,178.0,9554.0
2026-08-05 10:40:32.529,8108844,1216326,149999920,1179.907306,,799.779,0x00,0x00,CURRENT,1,0,OK,8.0,7.981,1197.0,150.0,,1179.904,,,178.0,9554.0
2026-08-05 10:40:32.845,8109571,1216436,150000096,1179.909165,,800.095,0x00,0x00,CURRENT,1,0,OK,8.0,7.981,1197.0,150.0,,1179.904,,,178.0,9554.0
2026-08-05 10:40:33.044,8107581,1216137,150000016,1179.908320,,800.294,0x00,0x00,CURRENT,1,0,OK,8.0,7.981,1197.0,150.0,,1179.904,,,178.0,9554.0
2026-08-05 10:40:33.244,8106033,1215907,150000256,1179.910854,,800.494,0x00,0x00,CURRENT,1,0,OK,8.0,7.981,1197.0,150.0,,1179.904,,,178.0,9554.0
2026-08-05 10:40:33.528,8101555,1215233,149999920,1179.907306,,800.778,0x00,0x00,CURRENT,1,0,OK,8.0,7.981,1197.0,150.0,,1179.904,,,178.0,9554.0
2026-08-05 10:40:33.845,8098233,1214737,150000304,1179.911361,,801.095,0x00,0x00,CURRENT,1,0,OK,8.0,8.07,1210.0,150.0,,1179.906,,,177.0,9768.0
2026-08-05 10:40:34.045,8092395,1213855,149999520,1179.903083,,801.295,0x00,0x00,CURRENT,1,0,OK,8.0,8.07,1210.0,150.0,,1179.906,,,177.0,9768.0
2026-08-05 10:40:34.245,8088027,1213197,149999168,1179.899366,,801.494,0x00,0x00,CURRENT,1,0,OK,8.0,8.07,1210.0,150.0,,1179.906,,,177.0,9768.0
2026-08-05 10:40:34.529,8081423,1212205,149998992,1179.897507,,801.779,0x00,0x00,CURRENT,1,0,OK,8.0,8.07,1210.0,150.0,,1179.906,,,177.0,9768.0
2026-08-05 10:40:34.845,8076431,1211460,149999360,1179.901393,,802.095,0x00,0x00,CURRENT,1,0,OK,8.0,8.07,1210.0,150.0,,1179.906,,,177.0,9768.0
2026-08-05 10:40:35.044,8070228,1210527,149999136,1179.899028,,802.294,0x00,0x00,CURRENT,1,0,OK,8.0,8.07,1210.0,150.0,,1179.906,,,177.0,9768.0
2026-08-05 10:40:35.244,8065501,1209819,149999264,1179.900379,,802.494,0x00,0x00,CURRENT,1,0,OK,8.0,8.07,1210.0,150.0,,1179.906,,,177.0,9768.0
2026-08-05 10:40:35.528,8058637,1208790,149999360,1179.901393,,802.778,0x00,0x00,CURRENT,1,0,OK,8.0,8.07,1210.0,150.0,,1179.906,,,177.0,9768.0
2026-08-05 10:40:35.844,8053462,1208015,149999408,1179.901900,,803.094,0x00,0x00,CURRENT,1,0,OK,8.0,8.066,1210.0,150.0,,1179.904,,,176.0,9760.0
2026-08-05 10:40:36.044,8047138,1207065,149999328,1179.901055,,803.294,0x00,0x00,CURRENT,1,0,OK,8.0,8.066,1210.0,150.0,,1179.904,,,176.0,9760.0
2026-08-05 10:40:36.244,8042377,1206352,149999424,1179.902069,,803.494,0x00,0x00,CURRENT,1,0,OK,8.0,8.066,1210.0,150.0,,1179.904,,,176.0,9760.0
2026-08-05 10:40:36.529,8036252,1205436,149999776,1179.905786,,803.779,0x00,0x00,CURRENT,1,0,OK,8.0,8.066,1210.0,150.0,,1179.904,,,176.0,9760.0
2026-08-05 10:40:36.844,8031659,1204746,149999584,1179.903758,,804.094,0x00,0x00,CURRENT,1,0,OK,8.0,8.066,1210.0,150.0,,1179.904,,,176.0,9760.0
2026-08-05 10:40:37.045,8026582,1203985,149999728,1179.905279,,804.295,0x00,0x00,CURRENT,1,0,OK,8.0,8.066,1210.0,150.0,,1179.904,,,176.0,9760.0
2026-08-05 10:40:37.244,8022747,1203408,149999536,1179.903252,,804.494,0x00,0x00,CURRENT,1,0,OK,8.0,8.066,1210.0,150.0,,1179.904,,,176.0,9760.0
2026-08-05 10:40:37.528,8018128,1202719,149999984,1179.907982,,804.778,0x00,0x00,CURRENT,1,0,OK,8.0,8.066,1210.0,150.0,,1179.904,,,176.0,9760.0
2026-08-05 10:40:37.845,8014729,1202205,149999424,1179.902069,,805.095,0x00,0x00,CURRENT,1,0,OK,8.0,8.035,1205.0,149.999,,1179.897,,,176.0,9684.0
2026-08-05 10:40:38.044,8011294,1201690,149999504,1179.902914,,805.294,0x00,0x00,CURRENT,1,0,OK,8.0,8.035,1205.0,149.999,,1179.897,,,176.0,9684.0
2026-08-05 10:40:38.244,8008746,1201305,149999104,1179.898690,,805.494,0x00,0x00,CURRENT,1,0,OK,8.0,8.035,1205.0,149.999,,1179.897,,,176.0,9684.0
2026-08-05 10:40:38.529,8006024,1200896,149999120,1179.898859,,805.779,0x00,0x00,CURRENT,1,0,OK,8.0,8.035,1205.0,149.999,,1179.897,,,176.0,9684.0
2026-08-05 10:40:38.845,8003973,1200593,149999680,1179.904772,,806.095,0x00,0x00,CURRENT,1,0,OK,8.0,8.035,1205.0,149.999,,1179.897,,,176.0,9684.0
2026-08-05 10:40:39.045,8001605,1200238,149999584,1179.903758,,806.295,0x00,0x00,CURRENT,1,0,OK,8.0,8.035,1205.0,149.999,,1179.897,,,176.0,9684.0
2026-08-05 10:40:39.245,7999820,1199969,149999472,1179.902576,,806.495,0x00,0x00,CURRENT,1,0,OK,8.0,8.035,1205.0,149.999,,1179.897,,,176.0,9684.0
2026-08-05 10:40:39.528,7997604,1199638,149999744,1179.905448,,806.778,0x00,0x00,CURRENT,1,0,OK,8.0,8.035,1205.0,149.999,,1179.897,,,176.0,9684.0
2026-08-05 10:40:39.845,7995952,1199393,150000016,1179.908320,,807.095,0x00,0x00,CURRENT,1,0,OK,8.0,8.01,1201.0,150.0,,1179.913,,,175.0,9624.0
2026-08-05 10:40:40.045,7994732,1199209,149999856,1179.906631,,807.295,0x00,0x00,CURRENT,1,0,OK,8.0,8.01,1201.0,150.0,,1179.913,,,175.0,9624.0
2026-08-05 10:40:40.244,7993761,1199065,150000144,1179.909672,,807.494,0x00,0x00,CURRENT,1,0,OK,8.0,8.01,1201.0,150.0,,1179.913,,,175.0,9624.0
2026-08-05 10:40:40.529,7993070,1198962,150000160,1179.909841,,807.779,0x00,0x00,CURRENT,1,0,OK,8.0,8.01,1201.0,150.0,,1179.913,,,175.0,9624.0
2026-08-05 10:40:40.844,7992570,1198886,150000096,1179.909165,,808.094,0x00,0x00,CURRENT,1,0,OK,8.0,8.01,1201.0,150.0,,1179.913,,,175.0,9624.0
2026-08-05 10:40:41.044,7992130,1198820,150000080,1179.908996,,808.294,0x00,0x00,CURRENT,1,0,OK,8.0,8.01,1201.0,150.0,,1179.913,,,175.0,9624.0
2026-08-05 10:40:41.244,7991838,1198774,149999792,1179.905955,,808.494,0x00,0x00,CURRENT,1,0,OK,8.0,8.01,1201.0,150.0,,1179.913,,,175.0,9624.0
2026-08-05 10:40:41.528,7991618,1198742,149999840,1179.906462,,808.778,0x00,0x00,CURRENT,1,0,OK,8.0,8.01,1201.0,150.0,,1179.913,,,175.0,9624.0
2026-08-05 10:40:41.845,7991388,1198706,149999728,1179.905279,,809.095,0x00,0x00,CURRENT,1,0,OK,8.0,7.997,1200.0,150.0,,1179.908,,,175.0,9592.0
2026-08-05 10:40:42.045,7991243,1198684,149999648,1179.904434,,809.295,0x00,0x00,CURRENT,1,0,OK,8.0,7.997,1200.0,150.0,,1179.908,,,175.0,9592.0
2026-08-05 10:40:42.244,7991145,1198672,150000000,1179.908151,,809.494,0x00,0x00,CURRENT,1,0,OK,8.0,7.997,1200.0,150.0,,1179.908,,,175.0,9592.0
2026-08-05 10:40:42.529,7991956,1198791,149999712,1179.905110,,809.779,0x00,0x00,CURRENT,1,0,OK,8.0,7.997,1200.0,150.0,,1179.908,,,175.0,9592.0
2026-08-05 10:40:42.844,7992545,1198877,149999456,1179.902407,,810.094,0x00,0x00,CURRENT,1,0,OK,8.0,7.997,1200.0,150.0,,1179.908,,,175.0,9592.0
2026-08-05 10:40:43.045,7992941,1198937,149999424,1179.902069,,810.295,0x00,0x00,CURRENT,1,0,OK,8.0,7.997,1200.0,150.0,,1179.908,,,175.0,9592.0
2026-08-05 10:40:43.244,7993248,1198986,149999792,1179.905955,,810.494,0x00,0x00,CURRENT,1,0,OK,8.0,7.997,1200.0,150.0,,1179.908,,,175.0,9592.0
2026-08-05 10:40:43.528,7993505,1199024,149999824,1179.906293,,810.778,0x00,0x00,CURRENT,1,0,OK,8.0,7.997,1200.0,150.0,,1179.908,,,175.0,9592.0
2026-08-05 10:40:43.845,7993671,1199051,150000016,1179.908320,,811.095,0x00,0x00,CURRENT,1,0,OK,8.0,7.994,1199.0,150.0,,1179.903,,,175.0,9586.0
2026-08-05 10:40:44.045,7994661,1199200,150000144,1179.909672,,811.295,0x00,0x00,CURRENT,1,0,OK,8.0,7.994,1199.0,150.0,,1179.903,,,175.0,9586.0
2026-08-05 10:40:44.245,7995414,1199311,149999904,1179.907137,,811.495,0x00,0x00,CURRENT,1,0,OK,8.0,7.994,1199.0,150.0,,1179.903,,,175.0,9586.0
2026-08-05 10:40:44.529,7995960,1199393,149999856,1179.906631,,811.779,0x00,0x00,CURRENT,1,0,OK,8.0,7.994,1199.0,150.0,,1179.903,,,175.0,9586.0
2026-08-05 10:40:44.845,7996425,1199462,149999824,1179.906293,,812.095,0x00,0x00,CURRENT,1,0,OK,8.0,7.994,1199.0,150.0,,1179.903,,,175.0,9586.0
2026-08-05 10:40:45.045,7996746,1199510,149999824,1179.906293,,812.295,0x00,0x00,CURRENT,1,0,OK,8.0,7.994,1199.0,150.0,,1179.903,,,175.0,9586.0
2026-08-05 10:40:45.245,7997014,1199551,149999808,1179.906124,,812.495,0x00,0x00,CURRENT,1,0,OK,8.0,7.994,1199.0,150.0,,1179.903,,,175.0,9586.0
2026-08-05 10:40:45.528,7997215,1199582,149999984,1179.907982,,812.778,0x00,0x00,CURRENT,1,0,OK,8.0,7.994,1199.0,150.0,,1179.903,,,175.0,9586.0
2026-08-05 10:40:45.844,7997440,1199616,149999984,1179.907982,,813.094,0x00,0x00,CURRENT,1,0,OK,8.0,7.996,1199.0,150.0,,1179.907,,,175.0,9591.0
2026-08-05 10:40:46.044,7997573,1199635,149999904,1179.907137,,813.294,0x00,0x00,CURRENT,1,0,OK,8.0,7.996,1199.0,150.0,,1179.907,,,175.0,9591.0
2026-08-05 10:40:46.245,7997643,1199646,149999904,1179.907137,,813.495,0x00,0x00,CURRENT,1,0,OK,8.0,7.996,1199.0,150.0,,1179.907,,,175.0,9591.0
2026-08-05 10:40:46.529,7998536,1199780,149999968,1179.907813,,813.779,0x00,0x00,CURRENT,1,0,OK,8.0,7.996,1199.0,150.0,,1179.907,,,175.0,9591.0
2026-08-05 10:40:46.845,7999260,1199884,149999408,1179.901900,,814.095,0x00,0x00,CURRENT,1,0,OK,8.0,7.996,1199.0,150.0,,1179.907,,,175.0,9591.0
2026-08-05 10:40:47.045,7999785,1199964,149999552,1179.903420,,814.295,0x00,0x00,CURRENT,1,0,OK,8.0,7.996,1199.0,150.0,,1179.907,,,175.0,9591.0
2026-08-05 10:40:47.244,8000142,1200020,149999824,1179.906293,,814.494,0x00,0x00,CURRENT,1,0,OK,8.0,7.996,1199.0,150.0,,1179.907,,,175.0,9591.0
2026-08-05 10:40:47.528,8000456,1200068,149999904,1179.907137,,814.777,0x00,0x00,CURRENT,1,0,OK,8.0,7.996,1199.0,150.0,,1179.907,,,175.0,9591.0
2026-08-05 10:40:47.845,8000664,1200095,149999392,1179.901731,,815.094,0x00,0x00,CURRENT,1,0,OK,8.0,7.999,1200.0,150.0,,1179.907,,,175.0,9597.0
2026-08-05 10:40:48.045,8000801,1200118,149999792,1179.905955,,815.294,0x00,0x00,CURRENT,1,0,OK,8.0,7.999,1200.0,150.0,,1179.907,,,175.0,9597.0
2026-08-05 10:40:48.245,8000903,1200136,150000064,1179.908827,,815.494,0x00,0x00,CURRENT,1,0,OK,8.0,7.999,1200.0,150.0,,1179.907,,,175.0,9597.0
2026-08-05 10:40:48.529,8000962,1200143,149999840,1179.906462,,815.779,0x00,0x00,CURRENT,1,0,OK,8.0,7.999,1200.0,150.0,,1179.907,,,175.0,9597.0
2026-08-05 10:40:48.845,8000931,1200141,150000112,1179.909334,,816.095,0x00,0x00,CURRENT,1,0,OK,8.0,7.999,1200.0,150.0,,1179.907,,,175.0,9597.0
2026-08-05 10:40:49.044,8000965,1200142,149999680,1179.904772,,816.294,0x00,0x00,CURRENT,1,0,OK,8.0,7.999,1200.0,150.0,,1179.907,,,175.0,9597.0
2026-08-05 10:40:49.244,8000914,1200135,149999776,1179.905786,,816.494,0x00,0x00,CURRENT,1,0,OK,8.0,7.999,1200.0,150.0,,1179.907,,,175.0,9597.0
2026-08-05 10:40:49.528,8000933,1200134,149999296,1179.900717,,816.778,0x00,0x00,CURRENT,1,0,OK,8.0,7.999,1200.0,150.0,,1179.907,,,175.0,9597.0
2026-08-05 10:40:49.845,8000928,1200133,149999200,1179.899703,,817.095,0x00,0x00,CURRENT,1,0,OK,8.0,8.0,1200.0,150.001,,1179.915,,,175.0,9601.0
2026-08-05 10:40:50.044,8000887,1200134,150000096,1179.909165,,817.293,0x00,0x00,CURRENT,1,0,OK,8.0,8.0,1200.0,150.001,,1179.915,,,175.0,9601.0
2026-08-05 10:40:50.244,8000885,1200133,150000048,1179.908658,,817.494,0x00,0x00,CURRENT,1,0,OK,8.0,8.0,1200.0,150.001,,1179.915,,,175.0,9601.0
2026-08-05 10:40:50.529,8000873,1200130,149999840,1179.906462,,817.779,0x00,0x00,CURRENT,1,0,OK,8.0,8.0,1200.0,150.001,,1179.915,,,175.0,9601.0
2026-08-05 10:40:50.844,8000930,1200137,149999632,1179.904265,,818.094,0x00,0x00,CURRENT,1,0,OK,8.0,8.0,1200.0,150.001,,1179.915,,,175.0,9601.0
2026-08-05 10:40:51.045,8000945,1200136,149999312,1179.900886,,818.294,0x00,0x00,CURRENT,1,0,OK,8.0,8.0,1200.0,150.001,,1179.915,,,175.0,9601.0
2026-08-05 10:40:51.245,8000956,1200139,149999456,1179.902407,,818.495,0x00,0x00,CURRENT,1,0,OK,8.0,8.0,1200.0,150.001,,1179.915,,,175.0,9601.0
2026-08-05 10:40:51.528,8000983,1200138,149998800,1179.895480,,818.777,0x00,0x00,CURRENT,1,0,OK,8.0,8.0,1200.0,150.001,,1179.915,,,175.0,9601.0
2026-08-05 10:40:51.845,8000966,1200141,149999552,1179.903420,,819.095,0x00,0x00,CURRENT,1,0,OK,8.0,8.001,1200.0,150.0,,1179.907,,,175.0,9602.0
2026-08-05 10:40:52.045,8001018,1200147,149999296,1179.900717,,819.295,0x00,0x00,CURRENT,1,0,OK,8.0,8.001,1200.0,150.0,,1179.907,,,175.0,9602.0
2026-08-05 10:40:52.245,8001029,1200154,149999936,1179.907475,,819.495,0x00,0x00,CURRENT,1,0,OK,8.0,8.001,1200.0,150.0,,1179.907,,,175.0,9602.0
2026-08-05 10:40:52.529,8001009,1200152,150000096,1179.909165,,819.779,0x00,0x00,CURRENT,1,0,OK,8.0,8.001,1200.0,150.0,,1179.907,,,175.0,9602.0
2026-08-05 10:40:52.844,8001069,1200159,149999872,1179.906800,,820.094,0x00,0x00,CURRENT,1,0,OK,8.0,8.001,1200.0,150.0,,1179.907,,,175.0,9602.0
2026-08-05 10:40:53.044,8001141,1200171,150000016,1179.908320,,820.294,0x00,0x00,CURRENT,1,0,OK,8.0,8.001,1200.0,150.0,,1179.907,,,175.0,9602.0
2026-08-05 10:40:53.245,8001252,1200183,149999376,1179.901562,,820.495,0x00,0x00,CURRENT,1,0,OK,8.0,8.001,1200.0,150.0,,1179.907,,,175.0,9602.0
2026-08-05 10:40:53.528,8000450,1200064,149999536,1179.903252,,820.778,0x00,0x00,CURRENT,1,0,OK,8.0,8.001,1200.0,150.0,,1179.907,,,175.0,9602.0
2026-08-05 10:40:53.845,7999849,1199974,149999568,1179.903589,,821.094,0x00,0x00,CURRENT,1,0,OK,8.0,8.001,1200.0,150.0,,1179.907,,,175.0,9603.0
2026-08-05 10:40:54.045,7999434,1199908,149999136,1179.899028,,821.294,0x00,0x00,CURRENT,1,0,OK,8.0,8.001,1200.0,150.0,,1179.907,,,175.0,9603.0
2026-08-05 10:40:54.244,7999087,1199856,149999056,1179.898183,,821.494,0x00,0x00,CURRENT,1,0,OK,8.0,8.001,1200.0,150.0,,1179.907,,,175.0,9603.0
2026-08-05 10:40:54.529,7998817,1199815,149999072,1179.898352,,821.779,0x00,0x00,CURRENT,1,0,OK,8.0,8.001,1200.0,150.0,,1179.907,,,175.0,9603.0
2026-08-05 10:40:54.845,7998679,1199792,149998816,1179.895649,,822.095,0x00,0x00,CURRENT,1,0,OK,8.0,8.001,1200.0,150.0,,1179.907,,,175.0,9603.0
2026-08-05 10:40:55.044,7999424,1199908,149999232,1179.900041,,822.294,0x00,0x00,CURRENT,1,0,OK,8.0,8.001,1200.0,150.0,,1179.907,,,175.0,9603.0
2026-08-05 10:40:55.245,7999992,1199992,149999184,1179.899535,,822.495,0x00,0x00,CURRENT,1,0,OK,8.0,8.001,1200.0,150.0,,1179.907,,,175.0,9603.0
2026-08-05 10:40:55.528,8000409,1200055,149999152,1179.899197,,822.778,0x00,0x00,CURRENT,1,0,OK,8.0,8.001,1200.0,150.0,,1179.907,,,175.0,9603.0
2026-08-05 10:40:55.846,8000685,1200100,149999696,1179.904941,,823.095,0x00,0x00,CURRENT,1,0,OK,8.0,8.0,1200.0,150.0,,1179.913,,,175.0,9600.0
2026-08-05 10:40:56.045,8000845,1200124,149999680,1179.904772,,823.295,0x00,0x00,CURRENT,1,0,OK,8.0,8.0,1200.0,150.0,,1179.913,,,175.0,9600.0
2026-08-05 10:40:56.244,8000974,1200144,149999696,1179.904941,,823.494,0x00,0x00,CURRENT,1,0,OK,8.0,8.0,1200.0,150.0,,1179.913,,,175.0,9600.0
2026-08-05 10:40:56.530,8001108,1200163,149999552,1179.903420,,823.780,0x00,0x00,CURRENT,1,0,OK,8.0,8.0,1200.0,150.0,,1179.913,,,175.0,9600.0
2026-08-05 10:40:56.845,8001153,1200171,149999760,1179.905617,,824.095,0x00,0x00,CURRENT,1,0,OK,8.0,8.0,1200.0,150.0,,1179.913,,,175.0,9600.0
2026-08-05 10:40:57.045,8000356,1200050,149999552,1179.903420,,824.295,0x00,0x00,CURRENT,1,0,OK,8.0,8.0,1200.0,150.0,,1179.913,,,175.0,9600.0
2026-08-05 10:40:57.245,7999760,1199958,149999296,1179.900717,,824.494,0x00,0x00,CURRENT,1,0,OK,8.0,8.0,1200.0,150.0,,1179.913,,,175.0,9600.0
2026-08-05 10:40:57.529,7999340,1199896,149999392,1179.901731,,824.779,0x00,0x00,CURRENT,1,0,OK,8.0,8.0,1200.0,150.0,,1179.913,,,175.0,9600.0
2026-08-05 10:40:57.845,7999015,1199847,149999360,1179.901393,,825.095,0x00,0x00,CURRENT,1,0,OK,8.0,8.0,1200.0,150.0,,1179.907,,,175.0,9600.0
2026-08-05 10:40:58.044,7998726,1199801,149999088,1179.898521,,825.294,0x00,0x00,CURRENT,1,0,OK,8.0,8.0,1200.0,150.0,,1179.907,,,175.0,9600.0
2026-08-05 10:40:58.246,7998509,1199775,149999840,1179.906462,,825.495,0x00,0x00,CURRENT,1,0,OK,8.0,8.0,1200.0,150.0,,1179.907,,,175.0,9600.0
2026-08-05 10:40:58.530,7999213,1199882,149999984,1179.907982,,825.780,0x00,0x00,CURRENT,1,0,OK,8.0,8.0,1200.0,150.0,,1179.907,,,175.0,9600.0
2026-08-05 10:40:58.844,7999760,1199962,149999760,1179.905617,,826.094,0x00,0x00,CURRENT,1,0,OK,8.0,8.0,1200.0,150.0,,1179.907,,,175.0,9600.0
2026-08-05 10:40:59.045,8000132,1200017,149999648,1179.904434,,826.295,0x00,0x00,CURRENT,1,0,OK,8.0,8.0,1200.0,150.0,,1179.907,,,175.0,9600.0
2026-08-05 10:40:59.246,8000384,1200057,149999888,1179.906969,,826.495,0x00,0x00,CURRENT,1,0,OK,8.0,8.0,1200.0,150.0,,1179.907,,,175.0,9600.0
2026-08-05 10:40:59.529,8000572,1200081,149999376,1179.901562,,826.779,0x00,0x00,CURRENT,1,0,OK,8.0,8.0,1200.0,150.0,,1179.907,,,175.0,9600.0
2026-08-05 10:40:59.844,8000769,1200110,149999328,1179.901055,,827.094,0x00,0x00,CURRENT,1,0,OK,8.0,8.0,1200.0,150.0,,1179.909,,,175.0,9600.0
2026-08-05 10:41:00.045,8000936,1200136,149999440,1179.902238,,827.294,0x00,0x00,CURRENT,1,0,OK,8.0,8.0,1200.0,150.0,,1179.909,,,175.0,9600.0
2026-08-05 10:41:00.246,8001060,1200154,149999392,1179.901731,,827.496,0x00,0x00,CURRENT,1,0,OK,8.0,8.0,1200.0,150.0,,1179.909,,,175.0,9600.0
2026-08-05 10:41:00.530,8001155,1200172,149999840,1179.906462,,827.779,0x00,0x00,CURRENT,1,0,OK,8.0,8.0,1200.0,150.0,,1179.909,,,175.0,9600.0
2026-08-05 10:41:00.845,8001216,1200184,150000176,1179.910010,,828.094,0x00,0x00,CURRENT,1,0,OK,8.0,8.0,1200.0,150.0,,1179.909,,,175.0,9600.0
2026-08-05 10:41:01.046,8000423,1200062,149999840,1179.906462,,828.296,0x00,0x00,CURRENT,1,0,OK,8.0,8.0,1200.0,150.0,,1179.909,,,175.0,9600.0
2026-08-05 10:41:01.245,7999781,1199967,149999952,1179.907644,,828.495,0x00,0x00,CURRENT,1,0,OK,8.0,8.0,1200.0,150.0,,1179.909,,,175.0,9600.0
2026-08-05 10:41:01.529,7999365,1199900,149999440,1179.902238,,828.779,0x00,0x00,CURRENT,1,0,OK,8.0,8.0,1200.0,150.0,,1179.909,,,175.0,9600.0
2026-08-05 10:41:01.845,7998988,1199844,149999456,1179.902407,,829.095,0x00,0x00,CURRENT,1,0,OK,8.0,8.0,1200.0,149.999,,1179.903,,,175.0,9600.0
2026-08-05 10:41:02.045,7998715,1199802,149999296,1179.900717,,829.295,0x00,0x00,CURRENT,1,0,OK,8.0,8.0,1200.0,149.999,,1179.903,,,175.0,9600.0
2026-08-05 10:41:02.244,7998510,1199771,149999264,1179.900379,,829.494,0x00,0x00,CURRENT,1,0,OK,8.0,8.0,1200.0,149.999,,1179.903,,,175.0,9600.0
2026-08-05 10:41:02.530,7999214,1199875,149999088,1179.898521,,829.780,0x00,0x00,CURRENT,1,0,OK,8.0,8.0,1200.0,149.999,,1179.903,,,175.0,9600.0
2026-08-05 10:41:02.845,7999713,1199951,149999312,1179.900886,,830.095,0x00,0x00,CURRENT,1,0,OK,8.0,8.0,1200.0,149.999,,1179.903,,,175.0,9600.0
2026-08-05 10:41:03.045,8000069,1200010,149999904,1179.907137,,830.295,0x00,0x00,CURRENT,1,0,OK,8.0,8.0,1200.0,149.999,,1179.903,,,175.0,9600.0
2026-08-05 10:41:03.245,8000373,1200054,149999696,1179.904941,,830.494,0x00,0x00,CURRENT,1,0,OK,8.0,8.0,1200.0,149.999,,1179.903,,,175.0,9600.0
2026-08-05 10:41:03.529,8000583,1200085,149999728,1179.905279,,830.778,0x00,0x00,CURRENT,1,0,OK,8.0,8.0,1200.0,149.999,,1179.903,,,175.0,9600.0
2026-08-05 10:41:03.844,8000768,1200109,149999232,1179.900041,,831.093,0x00,0x00,CURRENT,1,0,OK,8.0,8.0,1200.0,150.0,,1179.904,,,175.0,9600.0
2026-08-05 10:41:04.045,8000907,1200134,149999792,1179.905955,,831.295,0x00,0x00,CURRENT,1,0,OK,8.0,8.0,1200.0,150.0,,1179.904,,,175.0,9600.0
2026-08-05 10:41:04.244,8001020,1200150,149999616,1179.904096,,831.494,0x00,0x00,CURRENT,1,0,OK,8.0,8.0,1200.0,150.0,,1179.904,,,175.0,9600.0
2026-08-05 10:41:04.530,8000239,1200034,149999728,1179.905279,,831.780,0x00,0x00,CURRENT,1,0,OK,8.0,8.0,1200.0,150.0,,1179.904,,,175.0,9600.0
2026-08-05 10:41:04.846,7999700,1199946,149998864,1179.896155,,832.095,0x00,0x00,CURRENT,1,0,OK,8.0,8.0,1200.0,150.0,,1179.904,,,175.0,9600.0
2026-08-05 10:41:05.045,7999285,1199888,149999376,1179.901562,,832.295,0x00,0x00,CURRENT,1,0,OK,8.0,8.0,1200.0,150.0,,1179.904,,,175.0,9600.0
2026-08-05 10:41:05.245,7998957,1199838,149999296,1179.900717,,832.495,0x00,0x00,CURRENT,1,0,OK,8.0,8.0,1200.0,150.0,,1179.904,,,175.0,9600.0
2026-08-05 10:41:05.529,7999531,1199924,149999312,1179.900886,,832.779,0x00,0x00,CURRENT,1,0,OK,8.0,8.0,1200.0,150.0,,1179.904,,,175.0,9600.0
2026-08-05 10:41:05.845,7999942,1199990,149999872,1179.906800,,833.095,0x00,0x00,CURRENT,1,0,OK,8.0,7.999,1200.0,150.0,,1179.909,,,175.0,9599.0
2026-08-05 10:41:06.045,8000269,1200041,150000112,1179.909334,,833.295,0x00,0x00,CURRENT,1,0,OK,8.0,7.999,1200.0,150.0,,1179.909,,,175.0,9599.0
2026-08-05 10:41:06.245,8000476,1200069,149999728,1179.905279,,833.495,0x00,0x00,CURRENT,1,0,OK,8.0,7.999,1200.0,150.0,,1179.909,,,175.0,9599.0
2026-08-05 10:41:06.530,8000670,1200099,149999760,1179.905617,,833.780,0x00,0x00,CURRENT,1,0,OK,8.0,7.999,1200.0,150.0,,1179.909,,,175.0,9599.0
2026-08-05 10:41:06.845,8000806,1200119,149999808,1179.906124,,834.094,0x00,0x00,CURRENT,1,0,OK,8.0,7.999,1200.0,150.0,,1179.909,,,175.0,9599.0
2026-08-05 10:41:07.046,8000069,1200013,150000336,1179.911699,,834.295,0x00,0x00,CURRENT,1,0,OK,8.0,7.999,1200.0,150.0,,1179.909,,,175.0,9599.0
2026-08-05 10:41:07.245,7999469,1199926,150000752,1179.916092,,834.494,0x00,0x00,CURRENT,1,0,OK,8.0,7.999,1200.0,150.0,,1179.909,,,175.0,9599.0
2026-08-05 10:41:07.529,7999010,1199856,150000544,1179.913896,,834.778,0x00,0x00,CURRENT,1,0,OK,8.0,7.999,1200.0,150.0,,1179.909,,,175.0,9599.0
2026-08-05 10:41:07.844,7998713,1199808,150000128,1179.909503,,835.094,0x00,0x00,CURRENT,1,0,OK,8.0,8.0,1200.0,149.999,,1179.903,,,175.0,9599.0
2026-08-05 10:41:08.044,7999281,1199891,149999856,1179.906631,,835.293,0x00,0x00,CURRENT,1,0,OK,8.0,8.0,1200.0,149.999,,1179.903,,,175.0,9599.0
2026-08-05 10:41:08.246,7999773,1199964,149999760,1179.905617,,835.495,0x00,0x00,CURRENT,1,0,OK,8.0,8.0,1200.0,149.999,,1179.903,,,175.0,9599.0
2026-08-05 10:41:08.530,8000142,1200019,149999744,1179.905448,,835.779,0x00,0x00,CURRENT,1,0,OK,8.0,8.0,1200.0,149.999,,1179.903,,,175.0,9599.0
2026-08-05 10:41:08.846,8000382,1200054,149999616,1179.904096,,836.095,0x00,0x00,CURRENT,1,0,OK,8.0,8.0,1200.0,149.999,,1179.903,,,175.0,9599.0
2026-08-05 10:41:09.045,8000561,1200083,149999824,1179.906293,,836.295,0x00,0x00,CURRENT,1,0,OK,8.0,8.0,1200.0,149.999,,1179.903,,,175.0,9599.0
2026-08-05 10:41:09.245,8000761,1200108,149999232,1179.900041,,836.495,0x00,0x00,CURRENT,1,0,OK,8.0,8.0,1200.0,149.999,,1179.903,,,175.0,9599.0
2026-08-05 10:41:09.529,8000893,1200127,149999168,1179.899366,,836.778,0x00,0x00,CURRENT,1,0,OK,8.0,8.0,1200.0,149.999,,1179.903,,,175.0,9599.0
2026-08-05 10:41:09.845,8000991,1200141,149998976,1179.897338,,837.095,0x00,0x00,CURRENT,1,0,OK,8.0,8.0,1200.0,150.0,,1179.912,,,175.0,9601.0
2026-08-05 10:41:10.046,8000236,1200027,149998928,1179.896831,,837.296,0x00,0x00,CURRENT,1,0,OK,8.0,8.0,1200.0,150.0,,1179.912,,,175.0,9601.0
2026-08-05 10:41:10.245,7999678,1199941,149998656,1179.893959,,837.495,0x00,0x00,CURRENT,1,0,OK,8.0,8.0,1200.0,150.0,,1179.912,,,175.0,9601.0
2026-08-05 10:41:10.530,7999270,1199881,149998768,1179.895142,,837.780,0x00,0x00,CURRENT,1,0,OK,8.0,8.0,1200.0,150.0,,1179.912,,,175.0,9601.0
2026-08-05 10:41:10.845,7998963,1199838,149999184,1179.899535,,838.094,0x00,0x00,CURRENT,1,0,OK,8.0,8.0,1200.0,150.0,,1179.912,,,175.0,9601.0
2026-08-05 10:41:11.045,7999581,1199930,149999040,1179.898014,,838.295,0x00,0x00,CURRENT,1,0,OK,8.0,8.0,1200.0,150.0,,1179.912,,,175.0,9601.0
2026-08-05 10:41:11.245,8000054,1200003,149999360,1179.901393,,838.495,0x00,0x00,CURRENT,1,0,OK,8.0,8.0,1200.0,150.0,,1179.912,,,175.0,9601.0
2026-08-05 10:41:11.529,8000354,1200048,149999312,1179.900886,,838.779,0x00,0x00,CURRENT,1,0,OK,8.0,8.0,1200.0,150.0,,1179.912,,,175.0,9601.0
2026-08-05 10:41:11.845,8000596,1200081,149998992,1179.897507,,839.095,0x00,0x00,CURRENT,1,0,OK,8.0,8.0,1200.0,150.0,,1179.909,,,175.0,9600.0
2026-08-05 10:41:12.046,8000797,1200113,149999168,1179.899366,,839.296,0x00,0x00,CURRENT,1,0,OK,8.0,8.0,1200.0,150.0,,1179.909,,,175.0,9600.0
2026-08-05 10:41:12.245,8000938,1200133,149998960,1179.897169,,839.495,0x00,0x00,CURRENT,1,0,OK,8.0,8.0,1200.0,150.0,,1179.909,,,175.0,9600.0
2026-08-05 10:41:12.530,8000196,1200020,149998832,1179.895817,,839.779,0x00,0x00,CURRENT,1,0,OK,8.0,8.0,1200.0,150.0,,1179.909,,,175.0,9600.0
2026-08-05 10:41:12.846,7999639,1199937,149998928,1179.896831,,840.096,0x00,0x00,CURRENT,1,0,OK,8.0,8.0,1200.0,150.0,,1179.909,,,175.0,9600.0
2026-08-05 10:41:13.045,7999240,1199879,149999168,1179.899366,,840.295,0x00,0x00,CURRENT,1,0,OK,8.0,8.0,1200.0,150.0,,1179.909,,,175.0,9600.0
2026-08-05 10:41:13.246,7998941,1199838,149999584,1179.903758,,840.495,0x00,0x00,CURRENT,1,0,OK,8.0,8.0,1200.0,150.0,,1179.909,,,175.0,9600.0
2026-08-05 10:41:13.529,7999546,1199928,149999504,1179.902914,,840.778,0x00,0x00,CURRENT,1,0,OK,8.0,8.0,1200.0,150.0,,1179.909,,,175.0,9600.0
2026-08-05 10:41:13.845,8000055,1200005,149999632,1179.904265,,841.094,0x00,0x00,CURRENT,1,0,OK,8.0,7.999,1200.0,150.0,,1179.905,,,175.0,9599.0
2026-08-05 10:41:14.046,8000372,1200055,149999952,1179.907644,,841.296,0x00,0x00,CURRENT,1,0,OK,8.0,7.999,1200.0,150.0,,1179.905,,,175.0,9599.0
2026-08-05 10:41:14.245,8000611,1200092,150000112,1179.909334,,841.495,0x00,0x00,CURRENT,1,0,OK,8.0,7.999,1200.0,150.0,,1179.905,,,175.0,9599.0
2026-08-05 10:41:14.529,8000827,1200122,149999776,1179.905786,,841.779,0x00,0x00,CURRENT,1,0,OK,8.0,7.999,1200.0,150.0,,1179.905,,,175.0,9599.0
2026-08-05 10:41:14.845,8000942,1200135,149999184,1179.899535,,842.094,0x00,0x00,CURRENT,1,0,OK,8.0,7.999,1200.0,150.0,,1179.905,,,175.0,9599.0
2026-08-05 10:41:15.045,8000199,1200025,149999392,1179.901731,,842.295,0x00,0x00,CURRENT,1,0,OK,8.0,7.999,1200.0,150.0,,1179.905,,,175.0,9599.0
2026-08-05 10:41:15.245,7999632,1199940,149999440,1179.902238,,842.494,0x00,0x00,CURRENT,1,0,OK,8.0,7.999,1200.0,150.0,,1179.905,,,175.0,9599.0
2026-08-05 10:41:15.529,7999234,1199878,149999088,1179.898521,,842.779,0x00,0x00,CURRENT,1,0,OK,8.0,7.999,1200.0,150.0,,1179.905,,,175.0,9599.0
2026-08-05 10:41:15.845,7998918,1199831,149999216,1179.899872,,843.094,0x00,0x00,CURRENT,1,0,OK,8.0,8.0,1200.0,150.0,,1179.903,,,175.0,9600.0
2026-08-05 10:41:16.046,7999472,1199912,149998928,1179.896831,,843.296,0x00,0x00,CURRENT,1,0,OK,8.0,8.0,1200.0,150.0,,1179.903,,,175.0,9600.0
2026-08-05 10:41:16.245,7999852,1199972,149999328,1179.901055,,843.495,0x00,0x00,CURRENT,1,0,OK,8.0,8.0,1200.0,150.0,,1179.903,,,175.0,9600.0
2026-08-05 10:41:16.530,8000154,1200017,149999200,1179.899703,,843.779,0x00,0x00,CURRENT,1,0,OK,8.0,8.0,1200.0,150.0,,1179.903,,,175.0,9600.0
2026-08-05 10:41:16.845,8000409,1200056,149999328,1179.901055,,844.095,0x00,0x00,CURRENT,1,0,OK,8.0,8.0,1200.0,150.0,,1179.903,,,175.0,9600.0
2026-08-05 10:41:17.045,8000620,1200085,149999024,1179.897845,,844.294,0x00,0x00,CURRENT,1,0,OK,8.0,8.0,1200.0,150.0,,1179.903,,,175.0,9600.0
2026-08-05 10:41:17.245,8000740,1200105,149999216,1179.899872,,844.495,0x00,0x00,CURRENT,1,0,OK,8.0,8.0,1200.0,150.0,,1179.903,,,175.0,9600.0
2026-08-05 10:41:17.529,8000029,1199997,149999056,1179.898183,,844.779,0x00,0x00,CURRENT,1,0,OK,8.0,8.0,1200.0,150.0,,1179.903,,,175.0,9600.0
2026-08-05 10:41:17.845,7999467,1199917,149999568,1179.903589,,845.094,0x00,0x00,CURRENT,1,0,OK,8.0,8.0,1200.0,150.0,,1179.91,,,175.0,9601.0
2026-08-05 10:41:18.045,7999922,1199984,149999488,1179.902745,,845.294,0x00,0x00,CURRENT,1,0,OK,8.0,8.0,1200.0,150.0,,1179.91,,,175.0,9601.0
2026-08-05 10:41:18.245,8000253,1200032,149999296,1179.900717,,845.494,0x00,0x00,CURRENT,1,0,OK,8.0,8.0,1200.0,150.0,,1179.91,,,175.0,9601.0
2026-08-05 10:41:18.530,8000521,1200073,149999328,1179.901055,,845.779,0x00,0x00,CURRENT,1,0,OK,8.0,8.0,1200.0,150.0,,1179.91,,,175.0,9601.0
2026-08-05 10:41:18.844,8000657,1200098,149999888,1179.906969,,846.094,0x00,0x00,CURRENT,1,0,OK,8.0,8.0,1200.0,150.0,,1179.91,,,175.0,9601.0
2026-08-05 10:41:19.044,7999948,1199993,150000080,1179.908996,,846.293,0x00,0x00,CURRENT,1,0,OK,8.0,8.0,1200.0,150.0,,1179.91,,,175.0,9601.0
2026-08-05 10:41:19.244,7999462,1199917,149999760,1179.905617,,846.494,0x00,0x00,CURRENT,1,0,OK,8.0,8.0,1200.0,150.0,,1179.91,,,175.0,9601.0
2026-08-05 10:41:19.529,7999154,1199865,149998960,1179.897169,,846.778,0x00,0x00,CURRENT,1,0,OK,8.0,8.0,1200.0,150.0,,1179.91,,,175.0,9601.0
2026-08-05 10:41:19.845,7998839,1199817,149998864,1179.896155,,847.094,0x00,0x00,CURRENT,1,0,OK,8.0,8.0,1200.0,150.0,,1179.904,,,175.0,9600.0
2026-08-05 10:41:20.045,7999470,1199913,149999072,1179.898352,,847.294,0x00,0x00,CURRENT,1,0,OK,8.0,8.0,1200.0,150.0,,1179.904,,,175.0,9600.0
2026-08-05 10:41:20.245,7999933,1199983,149999088,1179.898521,,847.495,0x00,0x00,CURRENT,1,0,OK,8.0,8.0,1200.0,150.0,,1179.904,,,175.0,9600.0
2026-08-05 10:41:20.530,8000309,1200040,149999168,1179.899366,,847.779,0x00,0x00,CURRENT,1,0,OK,8.0,8.0,1200.0,150.0,,1179.904,,,175.0,9600.0
2026-08-05 10:41:20.846,8000516,1200069,149998976,1179.897338,,848.095,0x00,0x00,CURRENT,1,0,OK,8.0,8.0,1200.0,150.0,,1179.904,,,175.0,9600.0
2026-08-05 10:41:21.045,8000699,1200104,149999920,1179.907306,,848.294,0x00,0x00,CURRENT,1,0,OK,8.0,8.0,1200.0,150.0,,1179.904,,,175.0,9600.0
2026-08-05 10:41:21.246,8000837,1200126,150000016,1179.908320,,848.495,0x00,0x00,CURRENT,1,0,OK,8.0,8.0,1200.0,150.0,,1179.904,,,175.0,9600.0
2026-08-05 10:41:21.529,8000101,1200013,149999776,1179.905786,,848.778,0x00,0x00,CURRENT,1,0,OK,8.0,8.0,1200.0,150.0,,1179.904,,,175.0,9600.0
2026-08-05 10:41:21.846,7999521,1199927,149999872,1179.906800,,849.095,0x00,0x00,CURRENT,1,0,OK,8.0,8.0,1200.0,150.0,,1179.912,,,175.0,9601.0
2026-08-05 10:41:22.044,7999990,1199995,149999520,1179.903083,,849.294,0x00,0x00,CURRENT,1,0,OK,8.0,8.0,1200.0,150.0,,1179.912,,,175.0,9601.0
2026-08-05 10:41:22.244,8000277,1200037,149999440,1179.902238,,849.494,0x00,0x00,CURRENT,1,0,OK,8.0,8.0,1200.0,150.0,,1179.912,,,175.0,9601.0
2026-08-05 10:41:22.530,7999662,1199947,149999696,1179.904941,,849.779,0x00,0x00,CURRENT,1,0,OK,8.0,8.0,1200.0,150.0,,1179.912,,,175.0,9601.0
2026-08-05 10:41:22.846,7999239,1199881,149999360,1179.901393,,850.095,0x00,0x00,CURRENT,1,0,OK,8.0,8.0,1200.0,150.0,,1179.912,,,175.0,9601.0
2026-08-05 10:41:23.046,7999788,1199963,149999328,1179.901055,,850.295,0x00,0x00,CURRENT,1,0,OK,8.0,8.0,1200.0,150.0,,1179.912,,,175.0,9601.0
2026-08-05 10:41:23.245,8000200,1200022,149999040,1179.898014,,850.494,0x00,0x00,CURRENT,1,0,OK,8.0,8.0,1200.0,150.0,,1179.912,,,175.0,9601.0
2026-08-05 10:41:23.529,8000426,1200060,149999504,1179.902914,,850.778,0x00,0x00,CURRENT,1,0,OK,8.0,8.0,1200.0,150.0,,1179.912,,,175.0,9601.0
2026-08-05 10:41:23.845,8000677,1200096,149999216,1179.899872,,851.094,0x00,0x00,CURRENT,1,0,OK,8.0,8.0,1200.0,150.0,,1179.909,,,175.0,9600.0
2026-08-05 10:41:24.046,7999945,1199988,149999536,1179.903252,,851.295,0x00,0x00,CURRENT,1,0,OK,8.0,8.0,1200.0,150.0,,1179.909,,,175.0,9600.0
2026-08-05 10:41:24.246,7999404,1199908,149999744,1179.905448,,851.495,0x00,0x00,CURRENT,1,0,OK,8.0,8.0,1200.0,150.0,,1179.909,,,175.0,9600.0
2026-08-05 10:41:24.530,7999856,1199976,149999728,1179.905279,,851.779,0x00,0x00,CURRENT,1,0,OK,8.0,8.0,1200.0,150.0,,1179.909,,,175.0,9600.0
2026-08-05 10:41:24.845,8000214,1200031,149999840,1179.906462,,852.094,0x00,0x00,CURRENT,1,0,OK,8.0,8.0,1200.0,150.0,,1179.909,,,175.0,9600.0
2026-08-05 10:41:25.045,8000482,1200066,149999216,1179.899872,,852.294,0x00,0x00,CURRENT,1,0,OK,8.0,8.0,1200.0,150.0,,1179.909,,,175.0,9600.0
2026-08-05 10:41:25.245,8000665,1200099,149999888,1179.906969,,852.494,0x00,0x00,CURRENT,1,0,OK,8.0,8.0,1200.0,150.0,,1179.909,,,175.0,9600.0
2026-08-05 10:41:25.528,7999944,1199988,149999568,1179.903589,,852.778,0x00,0x00,CURRENT,1,0,OK,8.0,8.0,1200.0,150.0,,1179.909,,,175.0,9600.0
2026-08-05 10:41:25.844,7999366,1199905,150000016,1179.908320,,853.094,0x00,0x00,CURRENT,1,0,OK,8.0,8.0,1200.0,150.0,,1179.906,,,175.0,9601.0
2026-08-05 10:41:26.044,7999828,1199971,149999584,1179.903758,,853.293,0x00,0x00,CURRENT,1,0,OK,8.0,8.0,1200.0,150.0,,1179.906,,,175.0,9601.0
2026-08-05 10:41:26.245,8000156,1200019,149999440,1179.902238,,853.494,0x00,0x00,CURRENT,1,0,OK,8.0,8.0,1200.0,150.0,,1179.906,,,175.0,9601.0
2026-08-05 10:41:26.530,8000384,1200051,149999232,1179.900041,,853.779,0x00,0x00,CURRENT,1,0,OK,8.0,8.0,1200.0,150.0,,1179.906,,,175.0,9601.0
2026-08-05 10:41:26.844,8000590,1200082,149999136,1179.899028,,854.094,0x00,0x00,CURRENT,1,0,OK,8.0,8.0,1200.0,150.0,,1179.906,,,175.0,9601.0
2026-08-05 10:41:27.046,7999888,1199976,149999104,1179.898690,,854.295,0x00,0x00,CURRENT,1,0,OK,8.0,8.0,1200.0,150.0,,1179.906,,,175.0,9601.0
2026-08-05 10:41:27.246,7999324,1199894,149999440,1179.902238,,854.495,0x00,0x00,CURRENT,1,0,OK,8.0,8.0,1200.0,150.0,,1179.906,,,175.0,9601.0
2026-08-05 10:41:27.528,7999694,1199952,149999776,1179.905786,,854.778,0x00,0x00,CURRENT,1,0,OK,8.0,8.0,1200.0,150.0,,1179.906,,,175.0,9601.0
2026-08-05 10:41:27.845,8000037,1199999,149999184,1179.899535,,855.095,0x00,0x00,CURRENT,1,0,OK,8.0,8.0,1200.0,150.0,,1179.905,,,175.0,9599.0
2026-08-05 10:41:28.044,8000246,1200031,149999248,1179.900210,,855.294,0x00,0x00,CURRENT,1,0,OK,8.0,8.0,1200.0,150.0,,1179.905,,,175.0,9599.0
2026-08-05 10:41:28.244,8000395,1200055,149999504,1179.902914,,855.494,0x00,0x00,CURRENT,1,0,OK,8.0,8.0,1200.0,150.0,,1179.905,,,175.0,9599.0
2026-08-05 10:41:28.530,8000524,1200073,149999312,1179.900886,,855.779,0x00,0x00,CURRENT,1,0,OK,8.0,8.0,1200.0,150.0,,1179.905,,,175.0,9599.0
2026-08-05 10:41:28.845,8000668,1200090,149998656,1179.893959,,856.095,0x00,0x00,CURRENT,1,0,OK,8.0,8.0,1200.0,150.0,,1179.905,,,175.0,9599.0
2026-08-05 10:41:29.044,7999928,1199979,149998752,1179.894973,,856.294,0x00,0x00,CURRENT,1,0,OK,8.0,8.0,1200.0,150.0,,1179.905,,,175.0,9599.0
2026-08-05 10:41:29.244,7999326,1199891,149999024,1179.897845,,856.494,0x00,0x00,CURRENT,1,0,OK,8.0,8.0,1200.0,150.0,,1179.905,,,175.0,9599.0
2026-08-05 10:41:29.528,7999788,1199957,149998608,1179.893452,,856.778,0x00,0x00,CURRENT,1,0,OK,8.0,8.0,1200.0,150.0,,1179.905,,,175.0,9599.0
2026-08-05 10:41:29.846,8000144,1200008,149998320,1179.890411,,857.095,0x00,0x00,CURRENT,1,0,OK,8.0,8.0,1200.0,150.0,,1179.909,,,175.0,9599.0
2026-08-05 10:41:30.046,8000402,1200048,149998496,1179.892269,,857.295,0x00,0x00,CURRENT,1,0,OK,8.0,8.0,1200.0,150.0,,1179.909,,,175.0,9599.0
2026-08-05 10:41:30.243,8000568,1200075,149998752,1179.894973,,857.493,0x00,0x00,CURRENT,1,0,OK,8.0,8.0,1200.0,150.0,,1179.909,,,175.0,9599.0
2026-08-05 10:41:30.530,7999843,1199965,149998560,1179.892945,,857.779,0x00,0x00,CURRENT,1,0,OK,8.0,8.0,1200.0,150.0,,1179.909,,,175.0,9599.0
2026-08-05 10:41:30.845,7999328,1199889,149998672,1179.894128,,858.094,0x00,0x00,CURRENT,1,0,OK,8.0,8.0,1200.0,150.0,,1179.909,,,175.0,9599.0
2026-08-05 10:41:31.045,7998914,1199832,149999312,1179.900886,,858.295,0x00,0x00,CURRENT,1,0,OK,8.0,8.0,1200.0,150.0,,1179.909,,,175.0,9599.0
2026-08-05 10:41:31.244,7998640,1199789,149999168,1179.899366,,858.494,0x00,0x00,CURRENT,1,0,OK,8.0,8.0,1200.0,150.0,,1179.909,,,175.0,9599.0
2026-08-05 10:41:31.529,7999236,1199881,149999456,1179.902407,,858.778,0x00,0x00,CURRENT,1,0,OK,8.0,8.0,1200.0,150.0,,1179.909,,,175.0,9599.0
2026-08-05 10:41:31.845,7999683,1199951,149999824,1179.906293,,859.094,0x00,0x00,CURRENT,1,0,OK,8.0,7.999,1200.0,150.0,,1179.903,,,175.0,9598.0
2026-08-05 10:41:32.045,8000074,1200012,150000048,1179.908658,,859.295,0x00,0x00,CURRENT,1,0,OK,8.0,7.999,1200.0,150.0,,1179.903,,,175.0,9598.0
2026-08-05 10:41:32.246,8000322,1200052,150000448,1179.912882,,859.495,0x00,0x00,CURRENT,1,0,OK,8.0,7.999,1200.0,150.0,,1179.903,,,175.0,9598.0
2026-08-05 10:41:32.530,8000526,1200083,150000496,1179.913389,,859.779,0x00,0x00,CURRENT,1,0,OK,8.0,7.999,1200.0,150.0,,1179.903,,,175.0,9598.0
2026-08-05 10:41:32.845,8000697,1200100,149999440,1179.902238,,860.094,0x00,0x00,CURRENT,1,0,OK,8.0,7.999,1200.0,150.0,,1179.903,,,175.0,9598.0
2026-08-05 10:41:33.045,8000770,1200113,149999648,1179.904434,,860.294,0x00,0x00,CURRENT,1,0,OK,8.0,7.999,1200.0,150.0,,1179.903,,,175.0,9598.0
2026-08-05 10:41:33.245,8000853,1200126,149999808,1179.906124,,860.494,0x00,0x00,CURRENT,1,0,OK,8.0,7.999,1200.0,150.0,,1179.903,,,175.0,9598.0
2026-08-05 10:41:33.529,8000924,1200136,149999648,1179.904434,,860.778,0x00,0x00,CURRENT,1,0,OK,8.0,7.999,1200.0,150.0,,1179.903,,,175.0,9598.0
2026-08-05 10:41:33.845,8000996,1200145,149999472,1179.902576,,861.094,0x00,0x00,CURRENT,1,0,OK,8.0,8.0,1200.0,149.999,,1179.902,,,175.0,9601.0
2026-08-05 10:41:34.045,8000136,1200021,150000112,1179.909334,,861.295,0x00,0x00,CURRENT,1,0,OK,8.0,8.0,1200.0,149.999,,1179.902,,,175.0,9601.0
2026-08-05 10:41:34.245,7999539,1199931,150000016,1179.908320,,861.495,0x00,0x00,CURRENT,1,0,OK,8.0,8.0,1200.0,149.999,,1179.902,,,175.0,9601.0
2026-08-05 10:41:34.529,7999081,1199861,149999856,1179.906631,,861.779,0x00,0x00,CURRENT,1,0,OK,8.0,8.0,1200.0,149.999,,1179.902,,,175.0,9601.0
2026-08-05 10:41:34.845,7998728,1199807,149999776,1179.905786,,862.095,0x00,0x00,CURRENT,1,0,OK,8.0,8.0,1200.0,149.999,,1179.902,,,175.0,9601.0
2026-08-05 10:41:35.044,7999340,1199897,149999456,1179.902407,,862.294,0x00,0x00,CURRENT,1,0,OK,8.0,8.0,1200.0,149.999,,1179.902,,,175.0,9601.0
2026-08-05 10:41:35.246,7999808,1199964,149999136,1179.899028,,862.495,0x00,0x00,CURRENT,1,0,OK,8.0,8.0,1200.0,149.999,,1179.902,,,175.0,9601.0
2026-08-05 10:41:35.528,8000122,1200013,149999344,1179.901224,,862.778,0x00,0x00,CURRENT,1,0,OK,8.0,8.0,1200.0,149.999,,1179.902,,,175.0,9601.0
2026-08-05 10:41:35.845,8000348,1200051,149999856,1179.906631,,863.094,0x00,0x00,CURRENT,1,0,OK,8.0,8.0,1200.0,150.0,,1179.905,,,175.0,9599.0
2026-08-05 10:41:36.045,8000555,1200077,149999248,1179.900210,,863.294,0x00,0x00,CURRENT,1,0,OK,8.0,8.0,1200.0,150.0,,1179.905,,,175.0,9599.0
2026-08-05 10:41:36.365,8175171,1226267,149998944,1179.897000,,863.614,0x00,0x00,CURRENT,1,0,OK,9.0,8.0,1200.0,150.0,,1179.905,,,175.0,9599.0
2026-08-05 10:41:36.645,8175134,1226268,149999680,1179.904772,,863.895,0x00,0x00,CURRENT,1,0,OK,9.0,8.0,1200.0,150.0,,1179.905,,,175.0,9599.0
2026-08-05 10:41:36.864,8216974,1232549,150000368,1179.912037,,864.114,0x00,0x00,CURRENT,1,0,OK,9.0,8.0,1200.0,150.0,,1179.905,,,175.0,9599.0
2026-08-05 10:41:37.045,8248288,1237248,150000576,1179.914234,,864.295,0x00,0x00,CURRENT,1,0,OK,9.0,8.0,1200.0,150.0,,1179.905,,,175.0,9599.0
2026-08-05 10:41:37.244,8271859,1240784,150000608,1179.914571,,864.494,0x00,0x00,CURRENT,1,0,OK,9.0,8.0,1200.0,150.0,,1179.905,,,175.0,9599.0
2026-08-05 10:41:37.447,8328012,1249205,150000448,1179.912882,,864.696,0x00,0x00,CURRENT,1,0,OK,9.0,8.0,1200.0,150.0,,1179.905,,,175.0,9599.0
2026-08-05 10:41:37.645,8370089,1255517,150000480,1179.913220,,864.894,0x00,0x00,CURRENT,1,0,OK,9.0,8.119,1218.0,149.999,,1179.894,,,187.0,9888.0
2026-08-05 10:41:37.929,8435910,1265392,150000640,1179.914909,,865.178,0x00,0x00,CURRENT,1,0,OK,9.0,8.119,1218.0,149.999,,1179.894,,,187.0,9888.0
2026-08-05 10:41:38.245,8485266,1272795,150000576,1179.914234,,865.494,0x00,0x00,CURRENT,1,0,OK,9.0,8.119,1218.0,149.999,,1179.894,,,187.0,9888.0
2026-08-05 10:41:38.446,8552518,1282879,150000160,1179.909841,,865.695,0x00,0x00,CURRENT,1,0,OK,9.0,8.119,1218.0,149.999,,1179.894,,,187.0,9888.0
2026-08-05 10:41:38.646,8602856,1290433,150000528,1179.913727,,865.895,0x00,0x00,CURRENT,1,0,OK,9.0,8.119,1218.0,149.999,,1179.894,,,187.0,9888.0
2026-08-05 10:41:38.929,8665736,1299864,150000448,1179.912882,,866.178,0x00,0x00,CURRENT,1,0,OK,9.0,8.119,1218.0,149.999,,1179.894,,,187.0,9888.0
2026-08-05 10:41:39.246,8712918,1306941,150000416,1179.912544,,866.495,0x00,0x00,CURRENT,1,0,OK,9.0,8.119,1218.0,149.999,,1179.894,,,187.0,9888.0
2026-08-05 10:41:39.447,8769096,1315368,150000400,1179.912375,,866.697,0x00,0x00,CURRENT,1,0,OK,9.0,8.119,1218.0,149.999,,1179.894,,,187.0,9888.0
2026-08-05 10:41:39.644,8811230,1321686,150000224,1179.910517,,866.894,0x00,0x00,CURRENT,1,0,OK,9.0,8.534,1280.0,150.0,,1179.904,,,197.0,10925.0
2026-08-05 10:41:39.929,8858770,1328822,150000720,1179.915754,,867.179,0x00,0x00,CURRENT,1,0,OK,9.0,8.534,1280.0,150.0,,1179.904,,,197.0,10925.0
2026-08-05 10:41:40.245,8894488,1334177,150000400,1179.912375,,867.495,0x00,0x00,CURRENT,1,0,OK,9.0,8.534,1280.0,150.0,,1179.904,,,197.0,10925.0
2026-08-05 10:41:40.446,8932966,1339950,150000544,1179.913896,,867.695,0x00,0x00,CURRENT,1,0,OK,9.0,8.534,1280.0,150.0,,1179.904,,,197.0,10925.0
2026-08-05 10:41:40.645,8961824,1344278,150000448,1179.912882,,867.894,0x00,0x00,CURRENT,1,0,OK,9.0,8.534,1280.0,150.0,,1179.904,,,197.0,10925.0
2026-08-05 10:41:40.930,8991866,1348784,150000496,1179.913389,,868.179,0x00,0x00,CURRENT,1,0,OK,9.0,8.534,1280.0,150.0,,1179.904,,,197.0,10925.0
2026-08-05 10:41:41.246,9014396,1352164,150000464,1179.913051,,868.495,0x00,0x00,CURRENT,1,0,OK,9.0,8.534,1280.0,150.0,,1179.904,,,197.0,10925.0
2026-08-05 10:41:41.447,9037186,1355580,150000240,1179.910686,,868.696,0x00,0x00,CURRENT,1,0,OK,9.0,8.534,1280.0,150.0,,1179.904,,,197.0,10925.0
2026-08-05 10:41:41.644,9054306,1358149,150000384,1179.912206,,868.894,0x00,0x00,CURRENT,1,0,OK,9.0,8.876,1331.0,149.999,,1179.901,,,201.0,11817.0
2026-08-05 10:41:41.930,9069642,1360447,150000096,1179.909165,,869.179,0x00,0x00,CURRENT,1,0,OK,9.0,8.876,1331.0,149.999,,1179.901,,,201.0,11817.0
2026-08-05 10:41:42.244,9081164,1362175,149999968,1179.907813,,869.494,0x00,0x00,CURRENT,1,0,OK,9.0,8.876,1331.0,149.999,,1179.901,,,201.0,11817.0
2026-08-05 10:41:42.445,9090690,1363604,150000016,1179.908320,,869.694,0x00,0x00,CURRENT,1,0,OK,9.0,8.876,1331.0,149.999,,1179.901,,,201.0,11817.0
2026-08-05 10:41:42.646,9097836,1364676,150000016,1179.908320,,869.895,0x00,0x00,CURRENT,1,0,OK,9.0,8.876,1331.0,149.999,,1179.901,,,201.0,11817.0
2026-08-05 10:41:42.929,9103194,1365478,149999840,1179.906462,,870.179,0x00,0x00,CURRENT,1,0,OK,9.0,8.876,1331.0,149.999,,1179.901,,,201.0,11817.0
2026-08-05 10:41:43.245,9107204,1366076,149999456,1179.902407,,870.495,0x00,0x00,CURRENT,1,0,OK,9.0,8.876,1331.0,149.999,,1179.901,,,201.0,11817.0
2026-08-05 10:41:43.447,9107678,1366147,149999520,1179.903083,,870.697,0x00,0x00,CURRENT,1,0,OK,9.0,8.876,1331.0,149.999,,1179.901,,,201.0,11817.0
2026-08-05 10:41:43.645,9108060,1366202,149999232,1179.900041,,870.895,0x00,0x00,CURRENT,1,0,OK,9.0,9.04,1356.0,149.999,,1179.902,,,201.0,12259.0
2026-08-05 10:41:43.929,9105812,1365868,149999616,1179.904096,,871.179,0x00,0x00,CURRENT,1,0,OK,9.0,9.04,1356.0,149.999,,1179.902,,,201.0,12259.0
2026-08-05 10:41:44.244,9104162,1365619,149999392,1179.901731,,871.494,0x00,0x00,CURRENT,1,0,OK,9.0,9.04,1356.0,149.999,,1179.902,,,201.0,12259.0
2026-08-05 10:41:44.446,9100418,1365058,149999456,1179.902407,,871.695,0x00,0x00,CURRENT,1,0,OK,9.0,9.04,1356.0,149.999,,1179.902,,,201.0,12259.0
2026-08-05 10:41:44.645,9097592,1364630,149999088,1179.898521,,871.895,0x00,0x00,CURRENT,1,0,OK,9.0,9.04,1356.0,149.999,,1179.902,,,201.0,12259.0
2026-08-05 10:41:44.929,9092098,1363806,149999088,1179.898521,,872.179,0x00,0x00,CURRENT,1,0,OK,9.0,9.04,1356.0,149.999,,1179.902,,,201.0,12259.0
2026-08-05 10:41:45.244,9087996,1363192,149999184,1179.899535,,872.494,0x00,0x00,CURRENT,1,0,OK,9.0,9.04,1356.0,149.999,,1179.902,,,201.0,12259.0
2026-08-05 10:41:45.447,9081544,1362224,149999120,1179.898859,,872.697,0x00,0x00,CURRENT,1,0,OK,9.0,9.04,1356.0,149.999,,1179.902,,,201.0,12259.0
2026-08-05 10:41:45.645,9076706,1361501,149999440,1179.902238,,872.895,0x00,0x00,CURRENT,1,0,OK,9.0,9.074,1361.0,150.0,,1179.904,,,200.0,12350.0
2026-08-05 10:41:45.929,9069742,1360456,149999424,1179.902069,,873.179,0x00,0x00,CURRENT,1,0,OK,9.0,9.074,1361.0,150.0,,1179.904,,,200.0,12350.0
2026-08-05 10:41:46.245,9064462,1359667,149999744,1179.905448,,873.494,0x00,0x00,CURRENT,1,0,OK,9.0,9.074,1361.0,150.0,,1179.904,,,200.0,12350.0
2026-08-05 10:41:46.445,9057984,1358696,149999840,1179.906462,,873.695,0x00,0x00,CURRENT,1,0,OK,9.0,9.074,1361.0,150.0,,1179.904,,,200.0,12350.0
2026-08-05 10:41:46.644,9053118,1357965,149999728,1179.905279,,873.894,0x00,0x00,CURRENT,1,0,OK,9.0,9.074,1361.0,150.0,,1179.904,,,200.0,12350.0
2026-08-05 10:41:46.929,9046952,1357039,149999536,1179.903252,,874.179,0x00,0x00,CURRENT,1,0,OK,9.0,9.074,1361.0,150.0,,1179.904,,,200.0,12350.0
2026-08-05 10:41:47.245,9042346,1356348,149999536,1179.903252,,874.495,0x00,0x00,CURRENT,1,0,OK,9.0,9.074,1361.0,150.0,,1179.904,,,200.0,12350.0
2026-08-05 10:41:47.445,9036364,1355454,149999872,1179.906800,,874.694,0x00,0x00,CURRENT,1,0,OK,9.0,9.074,1361.0,150.0,,1179.904,,,200.0,12350.0
2026-08-05 10:41:47.644,9031916,1354786,149999808,1179.906124,,874.894,0x00,0x00,CURRENT,1,0,OK,9.0,9.051,1358.0,150.0,,1179.907,,,199.0,12288.0
2026-08-05 10:41:47.929,9026818,1354022,149999968,1179.907813,,875.179,0x00,0x00,CURRENT,1,0,OK,9.0,9.051,1358.0,150.0,,1179.907,,,199.0,12288.0
2026-08-05 10:41:48.244,9023022,1353455,150000176,1179.910010,,875.494,0x00,0x00,CURRENT,1,0,OK,9.0,9.051,1358.0,150.0,,1179.907,,,199.0,12288.0
2026-08-05 10:41:48.444,9018508,1352778,150000208,1179.910348,,875.694,0x00,0x00,CURRENT,1,0,OK,9.0,9.051,1358.0,150.0,,1179.907,,,199.0,12288.0
2026-08-05 10:41:48.644,9015132,1352269,149999952,1179.907644,,875.894,0x00,0x00,CURRENT,1,0,OK,9.0,9.051,1358.0,150.0,,1179.907,,,199.0,12288.0
2026-08-05 10:41:48.929,9011788,1351767,149999856,1179.906631,,876.179,0x00,0x00,CURRENT,1,0,OK,9.0,9.051,1358.0,150.0,,1179.907,,,199.0,12288.0
2026-08-05 10:41:49.245,9009282,1351392,149999920,1179.907306,,876.495,0x00,0x00,CURRENT,1,0,OK,9.0,9.051,1358.0,150.0,,1179.907,,,199.0,12288.0
2026-08-05 10:41:49.446,9006572,1350985,149999856,1179.906631,,876.695,0x00,0x00,CURRENT,1,0,OK,9.0,9.051,1358.0,150.0,,1179.907,,,199.0,12288.0
2026-08-05 10:41:49.645,9004548,1350678,149999504,1179.902914,,876.895,0x00,0x00,CURRENT,1,0,OK,9.0,9.021,1353.0,150.0,,1179.908,,,198.0,12207.0
2026-08-05 10:41:49.929,9002210,1350329,149999728,1179.905279,,877.179,0x00,0x00,CURRENT,1,0,OK,9.0,9.021,1353.0,150.0,,1179.908,,,198.0,12207.0
2026-08-05 10:41:50.245,9000382,1350055,149999776,1179.905786,,877.495,0x00,0x00,CURRENT,1,0,OK,9.0,9.021,1353.0,150.0,,1179.908,,,198.0,12207.0
2026-08-05 10:41:50.444,8998190,1349729,150000016,1179.908320,,877.694,0x00,0x00,CURRENT,1,0,OK,9.0,9.021,1353.0,150.0,,1179.908,,,198.0,12207.0
2026-08-05 10:41:50.644,8996574,1349488,150000160,1179.909841,,877.894,0x00,0x00,CURRENT,1,0,OK,9.0,9.021,1353.0,150.0,,1179.908,,,198.0,12207.0
2026-08-05 10:41:50.929,8995316,1349299,150000208,1179.910348,,878.179,0x00,0x00,CURRENT,1,0,OK,9.0,9.021,1353.0,150.0,,1179.908,,,198.0,12207.0
2026-08-05 10:41:51.244,8994354,1349156,150000288,1179.911192,,878.494,0x00,0x00,CURRENT,1,0,OK,9.0,9.021,1353.0,150.0,,1179.908,,,198.0,12207.0
2026-08-05 10:41:51.447,8993660,1349052,150000272,1179.911023,,878.696,0x00,0x00,CURRENT,1,0,OK,9.0,9.021,1353.0,150.0,,1179.908,,,198.0,12207.0
2026-08-05 10:41:51.644,8993112,1348970,150000384,1179.912206,,878.894,0x00,0x00,CURRENT,1,0,OK,9.0,9.002,1350.0,149.999,,1179.903,,,198.0,12156.0
2026-08-05 10:41:51.929,8992730,1348910,150000096,1179.909165,,879.179,0x00,0x00,CURRENT,1,0,OK,9.0,9.002,1350.0,149.999,,1179.903,,,198.0,12156.0
2026-08-05 10:41:52.245,8992376,1348857,150000016,1179.908320,,879.495,0x00,0x00,CURRENT,1,0,OK,9.0,9.002,1350.0,149.999,,1179.903,,,198.0,12156.0
2026-08-05 10:41:52.445,8992122,1348821,150000320,1179.911530,,879.695,0x00,0x00,CURRENT,1,0,OK,9.0,9.002,1350.0,149.999,,1179.903,,,198.0,12156.0
2026-08-05 10:41:52.645,8991894,1348787,150000288,1179.911192,,879.895,0x00,0x00,CURRENT,1,0,OK,9.0,9.002,1350.0,149.999,,1179.903,,,198.0,12156.0
2026-08-05 10:41:52.929,8991722,1348758,150000000,1179.908151,,880.179,0x00,0x00,CURRENT,1,0,OK,9.0,9.002,1350.0,149.999,,1179.903,,,198.0,12156.0
2026-08-05 10:41:53.245,8991668,1348745,149999392,1179.901731,,880.495,0x00,0x00,CURRENT,1,0,OK,9.0,9.002,1350.0,149.999,,1179.903,,,198.0,12156.0
2026-08-05 10:41:53.447,8992420,1348857,149999312,1179.900886,,880.697,0x00,0x00,CURRENT,1,0,OK,9.0,9.002,1350.0,149.999,,1179.903,,,198.0,12156.0
2026-08-05 10:41:53.644,8992974,1348940,149999280,1179.900548,,880.894,0x00,0x00,CURRENT,1,0,OK,9.0,8.995,1349.0,149.999,,1179.899,,,198.0,12136.0
2026-08-05 10:41:53.929,8993362,1348997,149999152,1179.899197,,881.179,0x00,0x00,CURRENT,1,0,OK,9.0,8.995,1349.0,149.999,,1179.899,,,198.0,12136.0
2026-08-05 10:41:54.245,8993644,1349039,149999200,1179.899703,,881.495,0x00,0x00,CURRENT,1,0,OK,9.0,8.995,1349.0,149.999,,1179.899,,,198.0,12136.0
2026-08-05 10:41:54.444,8993846,1349073,149999600,1179.903927,,881.694,0x00,0x00,CURRENT,1,0,OK,9.0,8.995,1349.0,149.999,,1179.899,,,198.0,12136.0
2026-08-05 10:41:54.644,8994024,1349100,149999616,1179.904096,,881.894,0x00,0x00,CURRENT,1,0,OK,9.0,8.995,1349.0,149.999,,1179.899,,,198.0,12136.0
2026-08-05 10:41:54.929,8994122,1349117,149999904,1179.907137,,882.179,0x00,0x00,CURRENT,1,0,OK,9.0,8.995,1349.0,149.999,,1179.899,,,198.0,12136.0
2026-08-05 10:41:55.245,8994270,1349138,149999728,1179.905279,,882.495,0x00,0x00,CURRENT,1,0,OK,9.0,8.995,1349.0,149.999,,1179.899,,,198.0,12136.0
2026-08-05 10:41:55.448,8995200,1349277,149999712,1179.905110,,882.697,0x00,0x00,CURRENT,1,0,OK,9.0,8.995,1349.0,149.999,,1179.899,,,198.0,12136.0
2026-08-05 10:41:55.645,8995908,1349384,149999744,1179.905448,,882.895,0x00,0x00,CURRENT,1,0,OK,9.0,8.995,1349.0,149.999,,1179.896,,,198.0,12136.0
2026-08-05 10:41:55.929,8996458,1349465,149999584,1179.903758,,883.179,0x00,0x00,CURRENT,1,0,OK,9.0,8.995,1349.0,149.999,,1179.896,,,198.0,12136.0
2026-08-05 10:41:56.244,8996776,1349514,149999696,1179.904941,,883.494,0x00,0x00,CURRENT,1,0,OK,9.0,8.995,1349.0,149.999,,1179.896,,,198.0,12136.0
2026-08-05 10:41:56.444,8997070,1349555,149999312,1179.900886,,883.694,0x00,0x00,CURRENT,1,0,OK,9.0,8.995,1349.0,149.999,,1179.896,,,198.0,12136.0
2026-08-05 10:41:56.645,8997264,1349586,149999584,1179.903758,,883.895,0x00,0x00,CURRENT,1,0,OK,9.0,8.995,1349.0,149.999,,1179.896,,,198.0,12136.0
2026-08-05 10:41:56.929,8997400,1349606,149999568,1179.903589,,884.179,0x00,0x00,CURRENT,1,0,OK,9.0,8.995,1349.0,149.999,,1179.896,,,198.0,12136.0
2026-08-05 10:41:57.244,8997510,1349628,150000176,1179.910010,,884.494,0x00,0x00,CURRENT,1,0,OK,9.0,8.995,1349.0,149.999,,1179.896,,,198.0,12136.0
2026-08-05 10:41:57.448,8997612,1349641,149999888,1179.906969,,884.697,0x00,0x00,CURRENT,1,0,OK,9.0,8.995,1349.0,149.999,,1179.896,,,198.0,12136.0
2026-08-05 10:41:57.644,8997660,1349651,150000192,1179.910179,,884.894,0x00,0x00,CURRENT,1,0,OK,9.0,8.997,1350.0,150.0,,1179.912,,,198.0,12141.0
2026-08-05 10:41:57.929,8998564,1349785,150000096,1179.909165,,885.179,0x00,0x00,CURRENT,1,0,OK,9.0,8.997,1350.0,150.0,,1179.912,,,198.0,12141.0
2026-08-05 10:41:58.245,8999270,1349890,149999952,1179.907644,,885.495,0x00,0x00,CURRENT,1,0,OK,9.0,8.997,1350.0,150.0,,1179.912,,,198.0,12141.0
2026-08-05 10:41:58.444,8999732,1349959,149999856,1179.906631,,885.694,0x00,0x00,CURRENT,1,0,OK,9.0,8.997,1350.0,150.0,,1179.912,,,198.0,12141.0
2026-08-05 10:41:58.644,9000108,1350018,150000144,1179.909672,,885.894,0x00,0x00,CURRENT,1,0,OK,9.0,8.997,1350.0,150.0,,1179.912,,,198.0,12141.0
2026-08-05 10:41:58.929,9000362,1350055,150000032,1179.908489,,886.179,0x00,0x00,CURRENT,1,0,OK,9.0,8.997,1350.0,150.0,,1179.912,,,198.0,12141.0
2026-08-05 10:41:59.245,9000590,1350086,149999776,1179.905786,,886.495,0x00,0x00,CURRENT,1,0,OK,9.0,8.997,1350.0,150.0,,1179.912,,,198.0,12141.0
2026-08-05 10:41:59.445,9000714,1350107,150000032,1179.908489,,886.694,0x00,0x00,CURRENT,1,0,OK,9.0,8.997,1350.0,150.0,,1179.912,,,198.0,12141.0
2026-08-05 10:41:59.645,9000854,1350132,150000400,1179.912375,,886.895,0x00,0x00,CURRENT,1,0,OK,9.0,8.999,1350.0,150.001,,1179.917,,,198.0,12149.0
2026-08-05 10:41:59.929,9000940,1350146,150000496,1179.913389,,887.179,0x00,0x00,CURRENT,1,0,OK,9.0,8.999,1350.0,150.001,,1179.917,,,198.0,12149.0
2026-08-05 10:42:00.244,9001070,1350160,149999968,1179.907813,,887.494,0x00,0x00,CURRENT,1,0,OK,9.0,8.999,1350.0,150.001,,1179.917,,,198.0,12149.0
2026-08-05 10:42:00.445,9001104,1350167,150000160,1179.909841,,887.695,0x00,0x00,CURRENT,1,0,OK,9.0,8.999,1350.0,150.001,,1179.917,,,198.0,12149.0
2026-08-05 10:42:00.644,9001192,1350180,150000080,1179.908996,,887.894,0x00,0x00,CURRENT,1,0,OK,9.0,8.999,1350.0,150.001,,1179.917,,,198.0,12149.0
2026-08-05 10:42:00.929,9001278,1350188,149999568,1179.903589,,888.179,0x00,0x00,CURRENT,1,0,OK,9.0,8.999,1350.0,150.001,,1179.917,,,198.0,12149.0
2026-08-05 10:42:01.245,9001342,1350200,149999872,1179.906800,,888.495,0x00,0x00,CURRENT,1,0,OK,9.0,8.999,1350.0,150.001,,1179.917,,,198.0,12149.0
2026-08-05 10:42:01.447,9001382,1350206,149999856,1179.906631,,888.697,0x00,0x00,CURRENT,1,0,OK,9.0,8.999,1350.0,150.001,,1179.917,,,198.0,12149.0
2026-08-05 10:42:01.645,9001494,1350224,150000000,1179.908151,,888.895,0x00,0x00,CURRENT,1,0,OK,9.0,9.001,1350.0,150.0,,1179.91,,,198.0,12152.0
2026-08-05 10:42:01.929,9001522,1350232,150000416,1179.912544,,889.179,0x00,0x00,CURRENT,1,0,OK,9.0,9.001,1350.0,150.0,,1179.91,,,198.0,12152.0
2026-08-05 10:42:02.244,9001480,1350229,150000800,1179.916599,,889.494,0x00,0x00,CURRENT,1,0,OK,9.0,9.001,1350.0,150.0,,1179.91,,,198.0,12152.0
2026-08-05 10:42:02.444,9001540,1350234,150000336,1179.911699,,889.694,0x00,0x00,CURRENT,1,0,OK,9.0,9.001,1350.0,150.0,,1179.91,,,198.0,12152.0
2026-08-05 10:42:02.645,9001558,1350231,149999664,1179.904603,,889.895,0x00,0x00,CURRENT,1,0,OK,9.0,9.001,1350.0,150.0,,1179.91,,,198.0,12152.0
2026-08-05 10:42:02.929,9001524,1350230,150000112,1179.909334,,890.179,0x00,0x00,CURRENT,1,0,OK,9.0,9.001,1350.0,150.0,,1179.91,,,198.0,12152.0
2026-08-05 10:42:03.244,9001480,1350221,149999936,1179.907475,,890.494,0x00,0x00,CURRENT,1,0,OK,9.0,9.001,1350.0,150.0,,1179.91,,,198.0,12152.0
2026-08-05 10:42:03.446,9000600,1350092,150000256,1179.910854,,890.696,0x00,0x00,CURRENT,1,0,OK,9.0,9.001,1350.0,150.0,,1179.91,,,198.0,12152.0
2026-08-05 10:42:03.644,8999958,1349998,150000496,1179.913389,,890.894,0x00,0x00,CURRENT,1,0,OK,9.0,9.001,1350.0,149.999,,1179.903,,,198.0,12154.0
2026-08-05 10:42:03.929,8999532,1349930,150000064,1179.908827,,891.179,0x00,0x00,CURRENT,1,0,OK,9.0,9.001,1350.0,149.999,,1179.903,,,198.0,12154.0
2026-08-05 10:42:04.245,8999202,1349878,149999760,1179.905617,,891.495,0x00,0x00,CURRENT,1,0,OK,9.0,9.001,1350.0,149.999,,1179.903,,,198.0,12154.0
2026-08-05 10:42:04.445,8999012,1349847,149999488,1179.902745,,891.695,0x00,0x00,CURRENT,1,0,OK,9.0,9.001,1350.0,149.999,,1179.903,,,198.0,12154.0
2026-08-05 10:42:04.645,8998822,1349817,149999296,1179.900717,,891.895,0x00,0x00,CURRENT,1,0,OK,9.0,9.001,1350.0,149.999,,1179.903,,,198.0,12154.0
2026-08-05 10:42:04.929,8998644,1349792,149999504,1179.902914,,892.179,0x00,0x00,CURRENT,1,0,OK,9.0,9.001,1350.0,149.999,,1179.903,,,198.0,12154.0
2026-08-05 10:42:05.245,8998546,1349776,149999328,1179.901055,,892.495,0x00,0x00,CURRENT,1,0,OK,9.0,9.001,1350.0,149.999,,1179.903,,,198.0,12154.0
2026-08-05 10:42:05.448,8998444,1349755,149998656,1179.893959,,892.697,0x00,0x00,CURRENT,1,0,OK,9.0,9.001,1350.0,149.999,,1179.903,,,198.0,12154.0
2026-08-05 10:42:05.645,8998332,1349738,149998656,1179.893959,,892.895,0x00,0x00,CURRENT,1,0,OK,9.0,8.999,1350.0,149.999,,1179.903,,,198.0,12148.0
2026-08-05 10:42:05.929,8999038,1349845,149998784,1179.895311,,893.179,0x00,0x00,CURRENT,1,0,OK,9.0,8.999,1350.0,149.999,,1179.903,,,198.0,12148.0
2026-08-05 10:42:06.245,8999588,1349928,149998832,1179.895817,,893.495,0x00,0x00,CURRENT,1,0,OK,9.0,8.999,1350.0,149.999,,1179.903,,,198.0,12148.0
2026-08-05 10:42:06.445,9000010,1349993,149999104,1179.898690,,893.695,0x00,0x00,CURRENT,1,0,OK,9.0,8.999,1350.0,149.999,,1179.903,,,198.0,12148.0
2026-08-05 10:42:06.645,9000298,1350034,149998768,1179.895142,,893.895,0x00,0x00,CURRENT,1,0,OK,9.0,8.999,1350.0,149.999,,1179.903,,,198.0,12148.0
2026-08-05 10:42:06.929,9000494,1350069,149999440,1179.902238,,894.179,0x00,0x00,CURRENT,1,0,OK,9.0,8.999,1350.0,149.999,,1179.903,,,198.0,12148.0
2026-08-05 10:42:07.245,9000644,1350094,149999744,1179.905448,,894.495,0x00,0x00,CURRENT,1,0,OK,9.0,8.999,1350.0,149.999,,1179.903,,,198.0,12148.0
2026-08-05 10:42:07.445,9000800,1350119,149999840,1179.906462,,894.694,0x00,0x00,CURRENT,1,0,OK,9.0,8.999,1350.0,149.999,,1179.903,,,198.0,12148.0
2026-08-05 10:42:07.644,9000918,1350137,149999968,1179.907813,,894.894,0x00,0x00,CURRENT,1,0,OK,9.0,9.0,1350.0,149.999,,1179.902,,,198.0,12151.0
2026-08-05 10:42:07.929,9000942,1350144,150000352,1179.911868,,895.179,0x00,0x00,CURRENT,1,0,OK,9.0,9.0,1350.0,149.999,,1179.902,,,198.0,12151.0
2026-08-05 10:42:08.244,9000968,1350149,150000400,1179.912375,,895.494,0x00,0x00,CURRENT,1,0,OK,9.0,9.0,1350.0,149.999,,1179.902,,,198.0,12151.0
2026-08-05 10:42:08.445,9001026,1350154,149999984,1179.907982,,895.695,0x00,0x00,CURRENT,1,0,OK,9.0,9.0,1350.0,149.999,,1179.902,,,198.0,12151.0
2026-08-05 10:42:08.644,9001022,1350153,149999936,1179.907475,,895.894,0x00,0x00,CURRENT,1,0,OK,9.0,9.0,1350.0,149.999,,1179.902,,,198.0,12151.0
2026-08-05 10:42:08.929,9000172,1350029,150000352,1179.911868,,896.178,0x00,0x00,CURRENT,1,0,OK,9.0,9.0,1350.0,149.999,,1179.902,,,198.0,12151.0
2026-08-05 10:42:09.245,8999618,1349943,150000000,1179.908151,,896.495,0x00,0x00,CURRENT,1,0,OK,9.0,9.0,1350.0,149.999,,1179.902,,,198.0,12151.0
2026-08-05 10:42:09.447,8999238,1349884,149999840,1179.906462,,896.697,0x00,0x00,CURRENT,1,0,OK,9.0,9.0,1350.0,149.999,,1179.902,,,198.0,12151.0
2026-08-05 10:42:09.645,8998918,1349837,149999888,1179.906969,,896.895,0x00,0x00,CURRENT,1,0,OK,9.0,9.0,1350.0,149.999,,1179.902,,,198.0,12150.0
2026-08-05 10:42:09.929,8998742,1349809,149999728,1179.905279,,897.179,0x00,0x00,CURRENT,1,0,OK,9.0,9.0,1350.0,149.999,,1179.902,,,198.0,12150.0
2026-08-05 10:42:10.246,8998620,1349790,149999664,1179.904603,,897.496,0x00,0x00,CURRENT,1,0,OK,9.0,9.0,1350.0,149.999,,1179.902,,,198.0,12150.0
2026-08-05 10:42:10.444,8999320,1349894,149999568,1179.903589,,897.693,0x00,0x00,CURRENT,1,0,OK,9.0,9.0,1350.0,149.999,,1179.902,,,198.0,12150.0
2026-08-05 10:42:10.645,8999828,1349970,149999504,1179.902914,,897.895,0x00,0x00,CURRENT,1,0,OK,9.0,9.0,1350.0,149.999,,1179.902,,,198.0,12150.0
2026-08-05 10:42:10.930,9000272,1350034,149999184,1179.899535,,898.179,0x00,0x00,CURRENT,1,0,OK,9.0,9.0,1350.0,149.999,,1179.902,,,198.0,12150.0
2026-08-05 10:42:11.245,9000552,1350076,149999200,1179.899703,,898.494,0x00,0x00,CURRENT,1,0,OK,9.0,9.0,1350.0,149.999,,1179.902,,,198.0,12150.0
2026-08-05 10:42:11.446,9000778,1350111,149999312,1179.900886,,898.696,0x00,0x00,CURRENT,1,0,OK,9.0,9.0,1350.0,149.999,,1179.902,,,198.0,12150.0
2026-08-05 10:42:11.645,9000948,1350137,149999408,1179.901900,,898.895,0x00,0x00,CURRENT,1,0,OK,9.0,9.0,1350.0,150.0,,1179.904,,,198.0,12151.0
2026-08-05 10:42:11.930,9000258,1350030,149999072,1179.898352,,899.180,0x00,0x00,CURRENT,1,0,OK,9.0,9.0,1350.0,150.0,,1179.904,,,198.0,12151.0
2026-08-05 10:42:12.244,8999672,1349944,149999280,1179.900548,,899.494,0x00,0x00,CURRENT,1,0,OK,9.0,9.0,1350.0,150.0,,1179.904,,,198.0,12151.0
2026-08-05 10:42:12.445,9000082,1350005,149999232,1179.900041,,899.695,0x00,0x00,CURRENT,1,0,OK,9.0,9.0,1350.0,150.0,,1179.904,,,198.0,12151.0
2026-08-05 10:42:12.645,9000436,1350058,149999184,1179.899535,,899.895,0x00,0x00,CURRENT,1,0,OK,9.0,9.0,1350.0,150.0,,1179.904,,,198.0,12151.0
2026-08-05 10:42:12.930,8999834,1349967,149999088,1179.898521,,900.180,0x00,0x00,CURRENT,1,0,OK,9.0,9.0,1350.0,150.0,,1179.904,,,198.0,12151.0
2026-08-05 10:42:13.245,8999394,1349901,149999104,1179.898690,,900.495,0x00,0x00,CURRENT,1,0,OK,9.0,9.0,1350.0,150.0,,1179.904,,,198.0,12151.0
2026-08-05 10:42:13.447,8999070,1349852,149999088,1179.898521,,900.697,0x00,0x00,CURRENT,1,0,OK,9.0,9.0,1350.0,150.0,,1179.904,,,198.0,12151.0
2026-08-05 10:42:13.645,8998856,1349821,149999200,1179.899703,,900.895,0x00,0x00,CURRENT,1,0,OK,9.0,9.0,1350.0,150.0,,1179.903,,,198.0,12149.0
2026-08-05 10:42:13.930,8999526,1349920,149999024,1179.897845,,901.179,0x00,0x00,CURRENT,1,0,OK,9.0,9.0,1350.0,150.0,,1179.903,,,198.0,12149.0
2026-08-05 10:42:14.245,9000028,1349996,149999072,1179.898352,,901.494,0x00,0x00,CURRENT,1,0,OK,9.0,9.0,1350.0,150.0,,1179.903,,,198.0,12149.0
2026-08-05 10:42:14.445,9000350,1350050,149999744,1179.905448,,901.695,0x00,0x00,CURRENT,1,0,OK,9.0,9.0,1350.0,150.0,,1179.903,,,198.0,12149.0
2026-08-05 10:42:14.645,9000646,1350091,149999392,1179.901731,,901.895,0x00,0x00,CURRENT,1,0,OK,9.0,9.0,1350.0,150.0,,1179.903,,,198.0,12149.0
2026-08-05 10:42:14.930,9000906,1350127,149999056,1179.898183,,902.180,0x00,0x00,CURRENT,1,0,OK,9.0,9.0,1350.0,150.0,,1179.903,,,198.0,12149.0
2026-08-05 10:42:15.244,9001072,1350153,149999136,1179.899028,,902.494,0x00,0x00,CURRENT,1,0,OK,9.0,9.0,1350.0,150.0,,1179.903,,,198.0,12149.0
2026-08-05 10:42:15.444,9001160,1350166,149999072,1179.898352,,902.694,0x00,0x00,CURRENT,1,0,OK,9.0,9.0,1350.0,150.0,,1179.903,,,198.0,12149.0
2026-08-05 10:42:15.645,9001226,1350175,149999040,1179.898014,,902.895,0x00,0x00,CURRENT,1,0,OK,9.0,9.001,1350.0,150.0,,1179.912,,,198.0,12151.0
2026-08-05 10:42:15.930,9000464,1350060,149998992,1179.897507,,903.180,0x00,0x00,CURRENT,1,0,OK,9.0,9.001,1350.0,150.0,,1179.912,,,198.0,12151.0
2026-08-05 10:42:16.245,8999828,1349967,149999168,1179.899366,,903.495,0x00,0x00,CURRENT,1,0,OK,9.0,9.001,1350.0,150.0,,1179.912,,,198.0,12151.0
2026-08-05 10:42:16.444,8999358,1349896,149999136,1179.899028,,903.694,0x00,0x00,CURRENT,1,0,OK,9.0,9.001,1350.0,150.0,,1179.912,,,198.0,12151.0
2026-08-05 10:42:16.645,8999018,1349845,149999152,1179.899197,,903.895,0x00,0x00,CURRENT,1,0,OK,9.0,9.001,1350.0,150.0,,1179.912,,,198.0,12151.0
2026-08-05 10:42:16.930,8998668,1349798,149999792,1179.905955,,904.180,0x00,0x00,CURRENT,1,0,OK,9.0,9.001,1350.0,150.0,,1179.912,,,198.0,12151.0
2026-08-05 10:42:17.244,8998510,1349771,149999360,1179.901393,,904.494,0x00,0x00,CURRENT,1,0,OK,9.0,9.001,1350.0,150.0,,1179.912,,,198.0,12151.0
2026-08-05 10:42:17.444,8999200,1349874,149999376,1179.901562,,904.694,0x00,0x00,CURRENT,1,0,OK,9.0,9.001,1350.0,150.0,,1179.912,,,198.0,12151.0
2026-08-05 10:42:17.645,8999662,1349944,149999424,1179.902069,,904.895,0x00,0x00,CURRENT,1,0,OK,9.0,8.999,1350.0,150.0,,1179.907,,,198.0,12147.0
2026-08-05 10:42:17.930,9000064,1350005,149999488,1179.902745,,905.180,0x00,0x00,CURRENT,1,0,OK,9.0,8.999,1350.0,150.0,,1179.907,,,198.0,12147.0
2026-08-05 10:42:18.245,9000386,1350052,149999408,1179.901900,,905.495,0x00,0x00,CURRENT,1,0,OK,9.0,8.999,1350.0,150.0,,1179.907,,,198.0,12147.0
2026-08-05 10:42:18.445,9000588,1350087,149999824,1179.906293,,905.695,0x00,0x00,CURRENT,1,0,OK,9.0,8.999,1350.0,150.0,,1179.907,,,198.0,12147.0
2026-08-05 10:42:18.644,9000798,1350116,149999600,1179.903927,,905.894,0x00,0x00,CURRENT,1,0,OK,9.0,8.999,1350.0,150.0,,1179.907,,,198.0,12147.0
2026-08-05 10:42:18.930,9000926,1350134,149999504,1179.902914,,906.180,0x00,0x00,CURRENT,1,0,OK,9.0,8.999,1350.0,150.0,,1179.907,,,198.0,12147.0
2026-08-05 10:42:19.245,9001004,1350150,149999968,1179.907813,,906.495,0x00,0x00,CURRENT,1,0,OK,9.0,8.999,1350.0,150.0,,1179.907,,,198.0,12147.0
2026-08-05 10:42:19.445,9001090,1350165,150000144,1179.909672,,906.694,0x00,0x00,CURRENT,1,0,OK,9.0,8.999,1350.0,150.0,,1179.907,,,198.0,12147.0
2026-08-05 10:42:19.645,9001202,1350179,149999840,1179.906462,,906.894,0x00,0x00,CURRENT,1,0,OK,9.0,9.001,1350.0,149.999,,1179.902,,,198.0,12151.0
2026-08-05 10:42:19.930,9000390,1350054,149999504,1179.902914,,907.179,0x00,0x00,CURRENT,1,0,OK,9.0,9.001,1350.0,149.999,,1179.902,,,198.0,12151.0
2026-08-05 10:42:20.245,8999744,1349957,149999456,1179.902407,,907.494,0x00,0x00,CURRENT,1,0,OK,9.0,9.001,1350.0,149.999,,1179.902,,,198.0,12151.0
2026-08-05 10:42:20.445,8999298,1349889,149999392,1179.901731,,907.695,0x00,0x00,CURRENT,1,0,OK,9.0,9.001,1350.0,149.999,,1179.902,,,198.0,12151.0
2026-08-05 10:42:20.645,8998924,1349835,149999584,1179.903758,,907.895,0x00,0x00,CURRENT,1,0,OK,9.0,9.001,1350.0,149.999,,1179.902,,,198.0,12151.0
2026-08-05 10:42:20.930,8999560,1349928,149999328,1179.901055,,908.180,0x00,0x00,CURRENT,1,0,OK,9.0,9.001,1350.0,149.999,,1179.902,,,198.0,12151.0
2026-08-05 10:42:21.245,9000034,1349997,149999152,1179.899197,,908.495,0x00,0x00,CURRENT,1,0,OK,9.0,9.001,1350.0,149.999,,1179.902,,,198.0,12151.0
2026-08-05 10:42:21.444,9000390,1350049,149998944,1179.897000,,908.694,0x00,0x00,CURRENT,1,0,OK,9.0,9.001,1350.0,149.999,,1179.902,,,198.0,12151.0
2026-08-05 10:42:21.646,9000648,1350091,149999280,1179.900548,,908.896,0x00,0x00,CURRENT,1,0,OK,9.0,9.0,1350.0,149.999,,1179.903,,,198.0,12150.0
2026-08-05 10:42:21.930,9000870,1350122,149999040,1179.898014,,909.180,0x00,0x00,CURRENT,1,0,OK,9.0,9.0,1350.0,149.999,,1179.903,,,198.0,12150.0
2026-08-05 10:42:22.245,9001072,1350153,149999072,1179.898352,,909.495,0x00,0x00,CURRENT,1,0,OK,9.0,9.0,1350.0,149.999,,1179.903,,,198.0,12150.0
2026-08-05 10:42:22.446,9000368,1350047,149999136,1179.899028,,909.696,0x00,0x00,CURRENT,1,0,OK,9.0,9.0,1350.0,149.999,,1179.903,,,198.0,12150.0
2026-08-05 10:42:22.644,8999850,1349969,149999088,1179.898521,,909.894,0x00,0x00,CURRENT,1,0,OK,9.0,9.0,1350.0,149.999,,1179.903,,,198.0,12150.0
2026-08-05 10:42:22.930,8999480,1349911,149998848,1179.895986,,910.179,0x00,0x00,CURRENT,1,0,OK,9.0,9.0,1350.0,149.999,,1179.903,,,198.0,12150.0
2026-08-05 10:42:23.245,8999162,1349868,149999264,1179.900379,,910.494,0x00,0x00,CURRENT,1,0,OK,9.0,9.0,1350.0,149.999,,1179.903,,,198.0,12150.0
2026-08-05 10:42:23.447,8998926,1349833,149999328,1179.901055,,910.696,0x00,0x00,CURRENT,1,0,OK,9.0,9.0,1350.0,149.999,,1179.903,,,198.0,12150.0
2026-08-05 10:42:23.645,8998758,1349806,149999184,1179.899535,,910.894,0x00,0x00,CURRENT,1,0,OK,9.0,8.999,1350.0,150.0,,1179.91,,,198.0,12149.0
2026-08-05 10:42:23.930,8999442,1349909,149999184,1179.899535,,911.180,0x00,0x00,CURRENT,1,0,OK,9.0,8.999,1350.0,150.0,,1179.91,,,198.0,12149.0
2026-08-05 10:42:24.245,8999928,1349986,149999664,1179.904603,,911.495,0x00,0x00,CURRENT,1,0,OK,9.0,8.999,1350.0,150.0,,1179.91,,,198.0,12149.0
2026-08-05 10:42:24.445,9000320,1350046,149999728,1179.905279,,911.695,0x00,0x00,CURRENT,1,0,OK,9.0,8.999,1350.0,150.0,,1179.91,,,198.0,12149.0
2026-08-05 10:42:24.645,9000586,1350090,150000256,1179.910854,,911.894,0x00,0x00,CURRENT,1,0,OK,9.0,8.999,1350.0,150.0,,1179.91,,,198.0,12149.0
2026-08-05 10:42:24.930,9000796,1350117,149999744,1179.905448,,912.179,0x00,0x00,CURRENT,1,0,OK,9.0,8.999,1350.0,150.0,,1179.91,,,198.0,12149.0
2026-08-05 10:42:25.246,9000952,1350141,149999792,1179.905955,,912.496,0x00,0x00,CURRENT,1,0,OK,9.0,8.999,1350.0,150.0,,1179.91,,,198.0,12149.0
2026-08-05 10:42:25.444,9001078,1350156,149999424,1179.902069,,912.694,0x00,0x00,CURRENT,1,0,OK,9.0,8.999,1350.0,150.0,,1179.91,,,198.0,12149.0
2026-08-05 10:42:25.645,9001192,1350174,149999424,1179.902069,,912.895,0x00,0x00,CURRENT,1,0,OK,9.0,9.0,1350.0,150.0,,1179.911,,,198.0,12151.0
2026-08-05 10:42:25.930,9001230,1350183,149999840,1179.906462,,913.179,0x00,0x00,CURRENT,1,0,OK,9.0,9.0,1350.0,150.0,,1179.911,,,198.0,12151.0
2026-08-05 10:42:26.245,9001316,1350192,149999424,1179.902069,,913.495,0x00,0x00,CURRENT,1,0,OK,9.0,9.0,1350.0,150.0,,1179.911,,,198.0,12151.0
2026-08-05 10:42:26.445,9000552,1350072,149998816,1179.895649,,913.694,0x00,0x00,CURRENT,1,0,OK,9.0,9.0,1350.0,150.0,,1179.911,,,198.0,12151.0
2026-08-05 10:42:26.645,8999948,1349983,149998960,1179.897169,,913.894,0x00,0x00,CURRENT,1,0,OK,9.0,9.0,1350.0,150.0,,1179.911,,,198.0,12151.0
2026-08-05 10:42:26.930,8999516,1349920,149999152,1179.899197,,914.180,0x00,0x00,CURRENT,1,0,OK,9.0,9.0,1350.0,150.0,,1179.911,,,198.0,12151.0
2026-08-05 10:42:27.244,8999144,1349864,149999152,1179.899197,,914.493,0x00,0x00,CURRENT,1,0,OK,9.0,9.0,1350.0,150.0,,1179.911,,,198.0,12151.0
2026-08-05 10:42:27.447,8998902,1349827,149999056,1179.898183,,914.697,0x00,0x00,CURRENT,1,0,OK,9.0,9.0,1350.0,150.0,,1179.911,,,198.0,12151.0
2026-08-05 10:42:27.645,8998694,1349798,149999312,1179.900886,,914.894,0x00,0x00,CURRENT,1,0,OK,9.0,9.0,1350.0,150.0,,1179.907,,,198.0,12149.0
2026-08-05 10:42:27.930,8999404,1349903,149999120,1179.898859,,915.179,0x00,0x00,CURRENT,1,0,OK,9.0,9.0,1350.0,150.0,,1179.907,,,198.0,12149.0
2026-08-05 10:42:28.245,8999900,1349978,149999184,1179.899535,,915.495,0x00,0x00,CURRENT,1,0,OK,9.0,9.0,1350.0,150.0,,1179.907,,,198.0,12149.0
2026-08-05 10:42:28.444,9000252,1350029,149999056,1179.898183,,915.693,0x00,0x00,CURRENT,1,0,OK,9.0,9.0,1350.0,150.0,,1179.907,,,198.0,12149.0
2026-08-05 10:42:28.645,9000546,1350072,149998912,1179.896662,,915.894,0x00,0x00,CURRENT,1,0,OK,9.0,9.0,1350.0,150.0,,1179.907,,,198.0,12149.0
2026-08-05 10:42:28.930,9000708,1350102,149999520,1179.903083,,916.179,0x00,0x00,CURRENT,1,0,OK,9.0,9.0,1350.0,150.0,,1179.907,,,198.0,12149.0
2026-08-05 10:42:29.245,9000840,1350122,149999504,1179.902914,,916.494,0x00,0x00,CURRENT,1,0,OK,9.0,9.0,1350.0,150.0,,1179.907,,,198.0,12149.0
2026-08-05 10:42:29.444,9000120,1350011,149999216,1179.899872,,916.694,0x00,0x00,CURRENT,1,0,OK,9.0,9.0,1350.0,150.0,,1179.907,,,198.0,12149.0
2026-08-05 10:42:29.645,8999532,1349925,149999488,1179.902745,,916.894,0x00,0x00,CURRENT,1,0,OK,9.0,9.0,1350.0,150.0,,1179.906,,,198.0,12151.0
2026-08-05 10:42:29.930,8999156,1349866,149999168,1179.899366,,917.179,0x00,0x00,CURRENT,1,0,OK,9.0,9.0,1350.0,150.0,,1179.906,,,198.0,12151.0
2026-08-05 10:42:30.245,8998848,1349817,149998912,1179.896662,,917.495,0x00,0x00,CURRENT,1,0,OK,9.0,9.0,1350.0,150.0,,1179.906,,,198.0,12151.0
2026-08-05 10:42:30.445,8999444,1349906,149998864,1179.896155,,917.694,0x00,0x00,CURRENT,1,0,OK,9.0,9.0,1350.0,150.0,,1179.906,,,198.0,12151.0
2026-08-05 10:42:30.645,8999846,1349967,149998944,1179.897000,,917.894,0x00,0x00,CURRENT,1,0,OK,9.0,9.0,1350.0,150.0,,1179.906,,,198.0,12151.0
2026-08-05 10:42:30.930,9000108,1350011,149999392,1179.901731,,918.179,0x00,0x00,CURRENT,1,0,OK,9.0,9.0,1350.0,150.0,,1179.906,,,198.0,12151.0
2026-08-05 10:42:31.245,9000344,1350051,149999888,1179.906969,,918.494,0x00,0x00,CURRENT,1,0,OK,9.0,9.0,1350.0,150.0,,1179.906,,,198.0,12151.0
2026-08-05 10:42:31.444,9000540,1350081,149999984,1179.907982,,918.694,0x00,0x00,CURRENT,1,0,OK,9.0,9.0,1350.0,150.0,,1179.906,,,198.0,12151.0
2026-08-05 10:42:31.645,9000610,1350093,150000160,1179.909841,,918.894,0x00,0x00,CURRENT,1,0,OK,9.0,9.0,1350.0,150.0,,1179.905,,,198.0,12150.0
2026-08-05 10:42:31.930,9000740,1350109,149999808,1179.906124,,919.179,0x00,0x00,CURRENT,1,0,OK,9.0,9.0,1350.0,150.0,,1179.905,,,198.0,12150.0
2026-08-05 10:42:32.245,9000816,1350121,149999840,1179.906462,,919.494,0x00,0x00,CURRENT,1,0,OK,9.0,9.0,1350.0,150.0,,1179.905,,,198.0,12150.0
2026-08-05 10:42:32.444,9000036,1350007,150000144,1179.909672,,919.693,0x00,0x00,CURRENT,1,0,OK,9.0,9.0,1350.0,150.0,,1179.905,,,198.0,12150.0
2026-08-05 10:42:32.644,8999440,1349916,150000032,1179.908489,,919.893,0x00,0x00,CURRENT,1,0,OK,9.0,9.0,1350.0,150.0,,1179.905,,,198.0,12150.0
2026-08-05 10:42:32.930,8999078,1349859,149999712,1179.905110,,920.179,0x00,0x00,CURRENT,1,0,OK,9.0,9.0,1350.0,150.0,,1179.905,,,198.0,12150.0
2026-08-05 10:42:33.245,8998790,1349815,149999664,1179.904603,,920.495,0x00,0x00,CURRENT,1,0,OK,10.0,9.0,1350.0,150.0,,1179.905,,,198.0,12150.0
2026-08-05 10:42:33.521,9175792,1376384,150001616,1179.925216,,920.770,0x00,0x00,CURRENT,1,0,OK,10.0,9.0,1350.0,150.0,,1179.905,,,198.0,12150.0
2026-08-05 10:42:33.845,9175810,1376382,150001104,1179.919809,,921.095,0x00,0x00,CURRENT,1,0,OK,10.0,9.001,1350.0,149.998,,1179.892,,,202.0,12154.0
2026-08-05 10:42:34.045,9217748,1382669,150000752,1179.916092,,921.295,0x00,0x00,CURRENT,1,0,OK,10.0,9.001,1350.0,149.998,,1179.892,,,202.0,12154.0
2026-08-05 10:42:34.245,9249212,1387385,150000352,1179.911868,,921.494,0x00,0x00,CURRENT,1,0,OK,10.0,9.001,1350.0,149.998,,1179.892,,,202.0,12154.0
2026-08-05 10:42:34.529,9311406,1396712,150000160,1179.909841,,921.778,0x00,0x00,CURRENT,1,0,OK,10.0,9.001,1350.0,149.998,,1179.892,,,202.0,12154.0
2026-08-05 10:42:34.844,9358052,1403709,150000176,1179.910010,,922.094,0x00,0x00,CURRENT,1,0,OK,10.0,9.001,1350.0,149.998,,1179.892,,,202.0,12154.0
2026-08-05 10:42:35.045,9427466,1414120,150000000,1179.908151,,922.294,0x00,0x00,CURRENT,1,0,OK,10.0,9.001,1350.0,149.998,,1179.892,,,202.0,12154.0
2026-08-05 10:42:35.245,9479506,1421926,149999984,1179.907982,,922.495,0x00,0x00,CURRENT,1,0,OK,10.0,9.001,1350.0,149.998,,1179.892,,,202.0,12154.0
2026-08-05 10:42:35.528,9548718,1432310,150000192,1179.910179,,922.777,0x00,0x00,CURRENT,1,0,OK,10.0,9.001,1350.0,149.998,,1179.892,,,202.0,12154.0
2026-08-05 10:42:35.845,9600646,1440097,150000064,1179.908827,,923.094,0x00,0x00,CURRENT,1,0,OK,10.0,9.32,1398.0,149.999,,1179.898,,,215.0,13028.0
2026-08-05 10:42:36.044,9664774,1449718,150000208,1179.910348,,923.294,0x00,0x00,CURRENT,1,0,OK,10.0,9.32,1398.0,149.999,,1179.898,,,215.0,13028.0
2026-08-05 10:42:36.244,9712956,1456943,149999968,1179.907813,,923.493,0x00,0x00,CURRENT,1,0,OK,10.0,9.32,1398.0,149.999,,1179.898,,,215.0,13028.0
2026-08-05 10:42:36.529,9769224,1465380,149999680,1179.904772,,923.778,0x00,0x00,CURRENT,1,0,OK,10.0,9.32,1398.0,149.999,,1179.898,,,215.0,13028.0
2026-08-05 10:42:36.845,9811500,1471718,149999232,1179.900041,,924.094,0x00,0x00,CURRENT,1,0,OK,10.0,9.32,1398.0,149.999,,1179.898,,,215.0,13028.0
2026-08-05 10:42:37.043,9859118,1478858,149999072,1179.898352,,924.293,0x00,0x00,CURRENT,1,0,OK,10.0,9.32,1398.0,149.999,,1179.898,,,215.0,13028.0
2026-08-05 10:42:37.245,9894866,1484221,149999136,1179.899028,,924.494,0x00,0x00,CURRENT,1,0,OK,10.0,9.32,1398.0,149.999,,1179.898,,,215.0,13028.0
2026-08-05 10:42:37.528,9934300,1490134,149998864,1179.896155,,924.777,0x00,0x00,CURRENT,1,0,OK,10.0,9.32,1398.0,149.999,,1179.898,,,215.0,13028.0
2026-08-05 10:42:37.846,9963856,1494569,149999024,1179.897845,,925.096,0x00,0x00,CURRENT,1,0,OK,10.0,9.728,1459.0,149.999,,1179.9,,,222.0,14195.0
2026-08-05 10:42:38.046,9994486,1499163,149998960,1179.897169,,925.296,0x00,0x00,CURRENT,1,0,OK,10.0,9.728,1459.0,149.999,,1179.9,,,222.0,14195.0
2026-08-05 10:42:38.245,10017450,1502605,149998784,1179.895311,,925.494,0x00,0x00,CURRENT,1,0,OK,10.0,9.728,1459.0,149.999,,1179.9,,,222.0,14195.0
2026-08-05 10:42:38.530,10039686,1505939,149998624,1179.893621,,925.780,0x00,0x00,CURRENT,1,0,OK,10.0,9.728,1459.0,149.999,,1179.9,,,222.0,14195.0
2026-08-05 10:42:38.845,10056346,1508441,149998896,1179.896493,,926.095,0x00,0x00,CURRENT,1,0,OK,10.0,9.728,1459.0,149.999,,1179.9,,,222.0,14195.0
2026-08-05 10:42:39.044,10071356,1510693,149998912,1179.896662,,926.293,0x00,0x00,CURRENT,1,0,OK,10.0,9.728,1459.0,149.999,,1179.9,,,222.0,14195.0
2026-08-05 10:42:39.245,10082550,1512378,149999568,1179.903589,,926.495,0x00,0x00,CURRENT,1,0,OK,10.0,9.728,1459.0,149.999,,1179.9,,,222.0,14195.0
2026-08-05 10:42:39.529,10091820,1513773,149999984,1179.907982,,926.778,0x00,0x00,CURRENT,1,0,OK,10.0,9.728,1459.0,149.999,,1179.9,,,222.0,14195.0
2026-08-05 10:42:39.845,10098792,1514815,149999632,1179.904265,,927.095,0x00,0x00,CURRENT,1,0,OK,10.0,9.981,1497.0,149.999,,1179.899,,,224.0,14942.0
2026-08-05 10:42:40.044,10104002,1515594,149999408,1179.901900,,927.293,0x00,0x00,CURRENT,1,0,OK,10.0,9.981,1497.0,149.999,,1179.899,,,224.0,14942.0
2026-08-05 10:42:40.245,10107946,1516182,149999024,1179.897845,,927.494,0x00,0x00,CURRENT,1,0,OK,10.0,9.981,1497.0,149.999,,1179.899,,,224.0,14942.0
2026-08-05 10:42:40.530,10108352,1516245,149999216,1179.899872,,927.780,0x00,0x00,CURRENT,1,0,OK,10.0,9.981,1497.0,149.999,,1179.899,,,224.0,14942.0
2026-08-05 10:42:40.845,10108646,1516288,149999104,1179.898690,,928.095,0x00,0x00,CURRENT,1,0,OK,10.0,9.981,1497.0,149.999,,1179.899,,,224.0,14942.0
2026-08-05 10:42:41.045,10106368,1515949,149999376,1179.901562,,928.295,0x00,0x00,CURRENT,1,0,OK,10.0,9.981,1497.0,149.999,,1179.899,,,224.0,14942.0
2026-08-05 10:42:41.246,10104650,1515689,149999152,1179.899197,,928.496,0x00,0x00,CURRENT,1,0,OK,10.0,9.981,1497.0,149.999,,1179.899,,,224.0,14942.0
2026-08-05 10:42:41.529,10100800,1515116,149999552,1179.903420,,928.779,0x00,0x00,CURRENT,1,0,OK,10.0,9.981,1497.0,149.999,,1179.899,,,224.0,14942.0
2026-08-05 10:42:41.846,10097932,1514684,149999472,1179.902576,,929.096,0x00,0x00,CURRENT,1,0,OK,10.0,10.069,1510.0,150.0,,1179.905,,,223.0,15207.0
2026-08-05 10:42:42.045,10092386,1513849,149999136,1179.899028,,929.295,0x00,0x00,CURRENT,1,0,OK,10.0,10.069,1510.0,150.0,,1179.905,,,223.0,15207.0
2026-08-05 10:42:42.245,10088244,1513229,149999248,1179.900210,,929.495,0x00,0x00,CURRENT,1,0,OK,10.0,10.069,1510.0,150.0,,1179.905,,,223.0,15207.0
2026-08-05 10:42:42.530,10081756,1512259,149999552,1179.903420,,929.780,0x00,0x00,CURRENT,1,0,OK,10.0,10.069,1510.0,150.0,,1179.905,,,223.0,15207.0
2026-08-05 10:42:42.845,10076918,1511528,149999088,1179.898521,,930.095,0x00,0x00,CURRENT,1,0,OK,10.0,10.069,1510.0,150.0,,1179.905,,,223.0,15207.0
2026-08-05 10:42:43.044,10069896,1510475,149999072,1179.898352,,930.294,0x00,0x00,CURRENT,1,0,OK,10.0,10.069,1510.0,150.0,,1179.905,,,223.0,15207.0
2026-08-05 10:42:43.245,10064620,1509688,149999488,1179.902745,,930.495,0x00,0x00,CURRENT,1,0,OK,10.0,10.069,1510.0,150.0,,1179.905,,,223.0,15207.0
2026-08-05 10:42:43.529,10058120,1508714,149999616,1179.904096,,930.778,0x00,0x00,CURRENT,1,0,OK,10.0,10.069,1510.0,150.0,,1179.905,,,223.0,15207.0
2026-08-05 10:42:43.846,10053310,1507995,149999824,1179.906293,,931.095,0x00,0x00,CURRENT,1,0,OK,10.0,10.066,1510.0,149.999,,1179.896,,,222.0,15198.0
2026-08-05 10:42:44.045,10047186,1507073,149999520,1179.903083,,931.294,0x00,0x00,CURRENT,1,0,OK,10.0,10.066,1510.0,149.999,,1179.896,,,222.0,15198.0
2026-08-05 10:42:44.245,10042610,1506386,149999472,1179.902576,,931.494,0x00,0x00,CURRENT,1,0,OK,10.0,10.066,1510.0,149.999,,1179.896,,,222.0,15198.0
2026-08-05 10:42:44.530,10036654,1505491,149999328,1179.901055,,931.780,0x00,0x00,CURRENT,1,0,OK,10.0,10.066,1510.0,149.999,,1179.896,,,222.0,15198.0
2026-08-05 10:42:44.845,10032168,1504822,149999664,1179.904603,,932.094,0x00,0x00,CURRENT,1,0,OK,10.0,10.066,1510.0,149.999,,1179.896,,,222.0,15198.0
2026-08-05 10:42:45.045,10027182,1504073,149999552,1179.903420,,932.295,0x00,0x00,CURRENT,1,0,OK,10.0,10.066,1510.0,149.999,,1179.896,,,222.0,15198.0
2026-08-05 10:42:45.246,10023396,1503502,149999264,1179.900379,,932.496,0x00,0x00,CURRENT,1,0,OK,10.0,10.066,1510.0,149.999,,1179.896,,,222.0,15198.0
2026-08-05 10:42:45.529,10018830,1502815,149999024,1179.897845,,932.778,0x00,0x00,CURRENT,1,0,OK,10.0,10.066,1510.0,149.999,,1179.896,,,222.0,15198.0
2026-08-05 10:42:45.845,10015370,1502295,149998912,1179.896662,,933.094,0x00,0x00,CURRENT,1,0,OK,10.0,10.035,1505.0,149.999,,1179.901,,,221.0,15106.0
2026-08-05 10:42:46.046,10011098,1501656,149999136,1179.899028,,933.295,0x00,0x00,CURRENT,1,0,OK,10.0,10.035,1505.0,149.999,,1179.901,,,221.0,15106.0
2026-08-05 10:42:46.244,10007910,1501179,149999248,1179.900210,,933.494,0x00,0x00,CURRENT,1,0,OK,10.0,10.035,1505.0,149.999,,1179.901,,,221.0,15106.0
2026-08-05 10:42:46.530,10004636,1500694,149999840,1179.906462,,933.779,0x00,0x00,CURRENT,1,0,OK,10.0,10.035,1505.0,149.999,,1179.901,,,221.0,15106.0
2026-08-05 10:42:46.846,10002264,1500337,149999792,1179.905955,,934.095,0x00,0x00,CURRENT,1,0,OK,10.0,10.035,1505.0,149.999,,1179.901,,,221.0,15106.0
2026-08-05 10:42:47.046,10000540,1500077,149999552,1179.903420,,934.295,0x00,0x00,CURRENT,1,0,OK,10.0,10.035,1505.0,149.999,,1179.901,,,221.0,15106.0
2026-08-05 10:42:47.246,9999238,1499878,149999264,1179.900379,,934.495,0x00,0x00,CURRENT,1,0,OK,10.0,10.035,1505.0,149.999,,1179.901,,,221.0,15106.0
2026-08-05 10:42:47.529,9997396,1499602,149999264,1179.900379,,934.778,0x00,0x00,CURRENT,1,0,OK,10.0,10.035,1505.0,149.999,,1179.901,,,221.0,15106.0
2026-08-05 10:42:47.844,9996022,1499393,149998992,1179.897507,,935.094,0x00,0x00,CURRENT,1,0,OK,10.0,10.009,1501.0,149.999,,1179.897,,,221.0,15028.0
2026-08-05 10:42:48.045,9994982,1499239,149999184,1179.899535,,935.294,0x00,0x00,CURRENT,1,0,OK,10.0,10.009,1501.0,149.999,,1179.897,,,221.0,15028.0
2026-08-05 10:42:48.245,9994230,1499125,149998992,1179.897507,,935.495,0x00,0x00,CURRENT,1,0,OK,10.0,10.009,1501.0,149.999,,1179.897,,,221.0,15028.0
2026-08-05 10:42:48.530,9993676,1499045,149999344,1179.901224,,935.779,0x00,0x00,CURRENT,1,0,OK,10.0,10.009,1501.0,149.999,,1179.897,,,221.0,15028.0
2026-08-05 10:42:48.845,9993298,1498984,149998928,1179.896831,,936.094,0x00,0x00,CURRENT,1,0,OK,10.0,10.009,1501.0,149.999,,1179.897,,,221.0,15028.0
2026-08-05 10:42:49.045,9993014,1498942,149999024,1179.897845,,936.294,0x00,0x00,CURRENT,1,0,OK,10.0,10.009,1501.0,149.999,,1179.897,,,221.0,15028.0
2026-08-05 10:42:49.245,9992736,1498901,149999104,1179.898690,,936.494,0x00,0x00,CURRENT,1,0,OK,10.0,10.009,1501.0,149.999,,1179.897,,,221.0,15028.0
2026-08-05 10:42:49.529,9992546,1498875,149999280,1179.900548,,936.778,0x00,0x00,CURRENT,1,0,OK,10.0,10.009,1501.0,149.999,,1179.897,,,221.0,15028.0
2026-08-05 10:42:49.845,9992432,1498856,149999152,1179.899197,,937.094,0x00,0x00,CURRENT,1,0,OK,10.0,9.997,1500.0,150.0,,1179.904,,,221.0,14992.0
2026-08-05 10:42:50.045,9992326,1498842,149999280,1179.900548,,937.294,0x00,0x00,CURRENT,1,0,OK,10.0,9.997,1500.0,150.0,,1179.904,,,221.0,14992.0
2026-08-05 10:42:50.246,9992296,1498839,149999472,1179.902576,,937.495,0x00,0x00,CURRENT,1,0,OK,10.0,9.997,1500.0,150.0,,1179.904,,,221.0,14992.0
2026-08-05 10:42:50.530,9992272,1498837,149999648,1179.904434,,937.779,0x00,0x00,CURRENT,1,0,OK,10.0,9.997,1500.0,150.0,,1179.904,,,221.0,14992.0
2026-08-05 10:42:50.846,9992310,1498842,149999520,1179.903083,,938.095,0x00,0x00,CURRENT,1,0,OK,10.0,9.997,1500.0,150.0,,1179.904,,,221.0,14992.0
2026-08-05 10:42:51.044,9993140,1498972,150000144,1179.909672,,938.294,0x00,0x00,CURRENT,1,0,OK,10.0,9.997,1500.0,150.0,,1179.904,,,221.0,14992.0
2026-08-05 10:42:51.244,9993754,1499062,149999856,1179.906631,,938.494,0x00,0x00,CURRENT,1,0,OK,10.0,9.997,1500.0,150.0,,1179.904,,,221.0,14992.0
2026-08-05 10:42:51.529,9994222,1499133,149999952,1179.907644,,938.778,0x00,0x00,CURRENT,1,0,OK,10.0,9.997,1500.0,150.0,,1179.904,,,221.0,14992.0
2026-08-05 10:42:51.844,9994574,1499184,149999792,1179.905955,,939.094,0x00,0x00,CURRENT,1,0,OK,10.0,9.995,1499.0,149.999,,1179.902,,,221.0,14984.0
2026-08-05 10:42:52.044,9994830,1499221,149999616,1179.904096,,939.294,0x00,0x00,CURRENT,1,0,OK,10.0,9.995,1499.0,149.999,,1179.902,,,221.0,14984.0
2026-08-05 10:42:52.244,9995020,1499247,149999440,1179.902238,,939.494,0x00,0x00,CURRENT,1,0,OK,10.0,9.995,1499.0,149.999,,1179.902,,,221.0,14984.0
2026-08-05 10:42:52.529,9995108,1499256,149999024,1179.897845,,939.779,0x00,0x00,CURRENT,1,0,OK,10.0,9.995,1499.0,149.999,,1179.902,,,221.0,14984.0
2026-08-05 10:42:52.845,9995238,1499271,149998544,1179.892776,,940.095,0x00,0x00,CURRENT,1,0,OK,10.0,9.995,1499.0,149.999,,1179.902,,,221.0,14984.0
2026-08-05 10:42:53.045,9996110,1499404,149998704,1179.894466,,940.295,0x00,0x00,CURRENT,1,0,OK,10.0,9.995,1499.0,149.999,,1179.902,,,221.0,14984.0
2026-08-05 10:42:53.244,9996820,1499510,149998736,1179.894804,,940.494,0x00,0x00,CURRENT,1,0,OK,10.0,9.995,1499.0,149.999,,1179.902,,,221.0,14984.0
2026-08-05 10:42:53.528,9997306,1499586,149999088,1179.898521,,940.778,0x00,0x00,CURRENT,1,0,OK,10.0,9.995,1499.0,149.999,,1179.902,,,221.0,14984.0
2026-08-05 10:42:53.843,9997706,1499649,149999248,1179.900210,,941.093,0x00,0x00,CURRENT,1,0,OK,10.0,9.996,1499.0,149.999,,1179.901,,,221.0,14988.0
2026-08-05 10:42:54.044,9997960,1499688,149999376,1179.901562,,941.294,0x00,0x00,CURRENT,1,0,OK,10.0,9.996,1499.0,149.999,,1179.901,,,221.0,14988.0
2026-08-05 10:42:54.244,9998152,1499715,149999184,1179.899535,,941.494,0x00,0x00,CURRENT,1,0,OK,10.0,9.996,1499.0,149.999,,1179.901,,,221.0,14988.0
2026-08-05 10:42:54.529,9998286,1499737,149999424,1179.902069,,941.779,0x00,0x00,CURRENT,1,0,OK,10.0,9.996,1499.0,149.999,,1179.901,,,221.0,14988.0
2026-08-05 10:42:54.845,9998434,1499760,149999504,1179.902914,,942.094,0x00,0x00,CURRENT,1,0,OK,10.0,9.996,1499.0,149.999,,1179.901,,,221.0,14988.0
2026-08-05 10:42:55.044,9998554,1499778,149999504,1179.902914,,942.294,0x00,0x00,CURRENT,1,0,OK,10.0,9.996,1499.0,149.999,,1179.901,,,221.0,14988.0
2026-08-05 10:42:55.244,9998634,1499787,149999184,1179.899535,,942.494,0x00,0x00,CURRENT,1,0,OK,10.0,9.996,1499.0,149.999,,1179.901,,,221.0,14988.0
2026-08-05 10:42:55.528,9998666,1499796,149999664,1179.904603,,942.778,0x00,0x00,CURRENT,1,0,OK,10.0,9.996,1499.0,149.999,,1179.901,,,221.0,14988.0
2026-08-05 10:42:55.844,9998708,1499805,149999840,1179.906462,,943.094,0x00,0x00,CURRENT,1,0,OK,10.0,9.998,1500.0,149.999,,1179.899,,,221.0,14994.0
2026-08-05 10:42:56.044,9999606,1499937,149999632,1179.904265,,943.294,0x00,0x00,CURRENT,1,0,OK,10.0,9.998,1500.0,149.999,,1179.899,,,221.0,14994.0
2026-08-05 10:42:56.244,10000282,1500038,149999616,1179.904096,,943.494,0x00,0x00,CURRENT,1,0,OK,10.0,9.998,1500.0,149.999,,1179.899,,,221.0,14994.0
2026-08-05 10:42:56.529,10000824,1500120,149999632,1179.904265,,943.779,0x00,0x00,CURRENT,1,0,OK,10.0,9.998,1500.0,149.999,,1179.899,,,221.0,14994.0
2026-08-05 10:42:56.844,10001166,1500169,149999408,1179.901900,,944.094,0x00,0x00,CURRENT,1,0,OK,10.0,9.998,1500.0,149.999,,1179.899,,,221.0,14994.0
2026-08-05 10:42:57.044,10001414,1500209,149999648,1179.904434,,944.294,0x00,0x00,CURRENT,1,0,OK,10.0,9.998,1500.0,149.999,,1179.899,,,221.0,14994.0
2026-08-05 10:42:57.245,10001636,1500239,149999328,1179.901055,,944.494,0x00,0x00,CURRENT,1,0,OK,10.0,9.998,1500.0,149.999,,1179.899,,,221.0,14994.0
2026-08-05 10:42:57.529,10001774,1500259,149999296,1179.900717,,944.778,0x00,0x00,CURRENT,1,0,OK,10.0,9.998,1500.0,149.999,,1179.899,,,221.0,14994.0
2026-08-05 10:42:57.845,10001834,1500269,149999440,1179.902238,,945.094,0x00,0x00,CURRENT,1,0,OK,10.0,10.001,1500.0,149.999,,1179.896,,,221.0,15001.0
2026-08-05 10:42:58.045,10001074,1500156,149999440,1179.902238,,945.295,0x00,0x00,CURRENT,1,0,OK,10.0,10.001,1500.0,149.999,,1179.896,,,221.0,15001.0
2026-08-05 10:42:58.244,10000478,1500069,149999680,1179.904772,,945.494,0x00,0x00,CURRENT,1,0,OK,10.0,10.001,1500.0,149.999,,1179.896,,,221.0,15001.0
2026-08-05 10:42:58.530,10000030,1500002,149999712,1179.905110,,945.779,0x00,0x00,CURRENT,1,0,OK,10.0,10.001,1500.0,149.999,,1179.896,,,221.0,15001.0
2026-08-05 10:42:58.844,9999704,1499954,149999824,1179.906293,,946.094,0x00,0x00,CURRENT,1,0,OK,10.0,10.001,1500.0,149.999,,1179.896,,,221.0,15001.0
2026-08-05 10:42:59.045,9999450,1499913,149999536,1179.903252,,946.295,0x00,0x00,CURRENT,1,0,OK,10.0,10.001,1500.0,149.999,,1179.896,,,221.0,15001.0
2026-08-05 10:42:59.245,9999250,1499886,149999840,1179.906462,,946.495,0x00,0x00,CURRENT,1,0,OK,10.0,10.001,1500.0,149.999,,1179.896,,,221.0,15001.0
2026-08-05 10:42:59.528,9999156,1499869,149999600,1179.903927,,946.778,0x00,0x00,CURRENT,1,0,OK,10.0,10.001,1500.0,149.999,,1179.896,,,221.0,15001.0
2026-08-05 10:42:59.844,9999030,1499850,149999552,1179.903420,,947.094,0x00,0x00,CURRENT,1,0,OK,10.0,10.0,1500.0,149.999,,1179.897,,,221.0,14999.0
2026-08-05 10:43:00.043,9998888,1499829,149999552,1179.903420,,947.293,0x00,0x00,CURRENT,1,0,OK,10.0,10.0,1500.0,149.999,,1179.897,,,221.0,14999.0
2026-08-05 10:43:00.244,9998838,1499821,149999520,1179.903083,,947.494,0x00,0x00,CURRENT,1,0,OK,10.0,10.0,1500.0,149.999,,1179.897,,,221.0,14999.0
2026-08-05 10:43:00.529,9999648,1499940,149999328,1179.901055,,947.779,0x00,0x00,CURRENT,1,0,OK,10.0,10.0,1500.0,149.999,,1179.897,,,221.0,14999.0
2026-08-05 10:43:00.845,10000220,1500026,149999312,1179.900886,,948.094,0x00,0x00,CURRENT,1,0,OK,10.0,10.0,1500.0,149.999,,1179.897,,,221.0,14999.0
2026-08-05 10:43:01.045,10000618,1500089,149999664,1179.904603,,948.294,0x00,0x00,CURRENT,1,0,OK,10.0,10.0,1500.0,149.999,,1179.897,,,221.0,14999.0
2026-08-05 10:43:01.244,10000928,1500138,149999872,1179.906800,,948.494,0x00,0x00,CURRENT,1,0,OK,10.0,10.0,1500.0,149.999,,1179.897,,,221.0,14999.0
2026-08-05 10:43:01.528,10001170,1500176,150000016,1179.908320,,948.778,0x00,0x00,CURRENT,1,0,OK,10.0,10.0,1500.0,149.999,,1179.897,,,221.0,14999.0
2026-08-05 10:43:01.845,10001378,1500206,149999968,1179.907813,,949.095,0x00,0x00,CURRENT,1,0,OK,10.0,10.0,1500.0,149.999,,1179.895,,,221.0,15001.0
2026-08-05 10:43:02.046,10000716,1500109,150000160,1179.909841,,949.295,0x00,0x00,CURRENT,1,0,OK,10.0,10.0,1500.0,149.999,,1179.895,,,221.0,15001.0
2026-08-05 10:43:02.244,10000256,1500037,149999872,1179.906800,,949.494,0x00,0x00,CURRENT,1,0,OK,10.0,10.0,1500.0,149.999,,1179.895,,,221.0,15001.0
2026-08-05 10:43:02.529,9999928,1499986,149999680,1179.904772,,949.779,0x00,0x00,CURRENT,1,0,OK,10.0,10.0,1500.0,149.999,,1179.895,,,221.0,15001.0
2026-08-05 10:43:02.846,9999702,1499946,149999104,1179.898690,,950.095,0x00,0x00,CURRENT,1,0,OK,10.0,10.0,1500.0,149.999,,1179.895,,,221.0,15001.0
2026-08-05 10:43:03.046,9999496,1499915,149999024,1179.897845,,950.295,0x00,0x00,CURRENT,1,0,OK,10.0,10.0,1500.0,149.999,,1179.895,,,221.0,15001.0
2026-08-05 10:43:03.246,9999340,1499893,149999200,1179.899703,,950.495,0x00,0x00,CURRENT,1,0,OK,10.0,10.0,1500.0,149.999,,1179.895,,,221.0,15001.0
2026-08-05 10:43:03.528,9999204,1499873,149999264,1179.900379,,950.778,0x00,0x00,CURRENT,1,0,OK,10.0,10.0,1500.0,149.999,,1179.895,,,221.0,15001.0
2026-08-05 10:43:03.844,9999084,1499860,149999696,1179.904941,,951.094,0x00,0x00,CURRENT,1,0,OK,10.0,10.0,1500.0,149.999,,1179.902,,,221.0,14999.0
2026-08-05 10:43:04.045,9999014,1499848,149999648,1179.904434,,951.294,0x00,0x00,CURRENT,1,0,OK,10.0,10.0,1500.0,149.999,,1179.902,,,221.0,14999.0
2026-08-05 10:43:04.244,9998950,1499840,149999760,1179.905617,,951.494,0x00,0x00,CURRENT,1,0,OK,10.0,10.0,1500.0,149.999,,1179.902,,,221.0,14999.0
2026-08-05 10:43:04.529,9999732,1499956,149999648,1179.904434,,951.779,0x00,0x00,CURRENT,1,0,OK,10.0,10.0,1500.0,149.999,,1179.902,,,221.0,14999.0
2026-08-05 10:43:04.844,10000348,1500048,149999584,1179.903758,,952.094,0x00,0x00,CURRENT,1,0,OK,10.0,10.0,1500.0,149.999,,1179.902,,,221.0,14999.0
2026-08-05 10:43:05.045,10000780,1500109,149999184,1179.899535,,952.295,0x00,0x00,CURRENT,1,0,OK,10.0,10.0,1500.0,149.999,,1179.902,,,221.0,14999.0
2026-08-05 10:43:05.245,10001030,1500148,149999312,1179.900886,,952.494,0x00,0x00,CURRENT,1,0,OK,10.0,10.0,1500.0,149.999,,1179.902,,,221.0,14999.0
2026-08-05 10:43:05.529,10000454,1500060,149999216,1179.899872,,952.778,0x00,0x00,CURRENT,1,0,OK,10.0,10.0,1500.0,149.999,,1179.902,,,221.0,14999.0
2026-08-05 10:43:05.844,9999994,1499992,149999216,1179.899872,,953.094,0x00,0x00,CURRENT,1,0,OK,10.0,10.0,1500.0,149.999,,1179.902,,,221.0,15001.0
2026-08-05 10:43:06.045,9999622,1499934,149999088,1179.898521,,953.295,0x00,0x00,CURRENT,1,0,OK,10.0,10.0,1500.0,149.999,,1179.902,,,221.0,15001.0
2026-08-05 10:43:06.246,9999342,1499890,149998848,1179.895986,,953.495,0x00,0x00,CURRENT,1,0,OK,10.0,10.0,1500.0,149.999,,1179.902,,,221.0,15001.0
2026-08-05 10:43:06.530,9999988,1499986,149998736,1179.894804,,953.779,0x00,0x00,CURRENT,1,0,OK,10.0,10.0,1500.0,149.999,,1179.902,,,221.0,15001.0
2026-08-05 10:43:06.844,10000446,1500058,149999088,1179.898521,,954.094,0x00,0x00,CURRENT,1,0,OK,10.0,10.0,1500.0,149.999,,1179.902,,,221.0,15001.0
2026-08-05 10:43:07.046,10000818,1500114,149999184,1179.899535,,954.295,0x00,0x00,CURRENT,1,0,OK,10.0,10.0,1500.0,149.999,,1179.902,,,221.0,15001.0
2026-08-05 10:43:07.244,10001078,1500156,149999408,1179.901900,,954.494,0x00,0x00,CURRENT,1,0,OK,10.0,10.0,1500.0,149.999,,1179.902,,,221.0,15001.0
2026-08-05 10:43:07.528,10000406,1500059,149999808,1179.906124,,954.778,0x00,0x00,CURRENT,1,0,OK,10.0,10.0,1500.0,149.999,,1179.902,,,221.0,15001.0
2026-08-05 10:43:07.845,9999902,1499979,149999360,1179.901393,,955.095,0x00,0x00,CURRENT,1,0,OK,10.0,10.001,1500.0,150.0,,1179.905,,,221.0,15002.0
2026-08-05 10:43:08.046,9999542,1499929,149999792,1179.905955,,955.295,0x00,0x00,CURRENT,1,0,OK,10.0,10.001,1500.0,150.0,,1179.905,,,221.0,15002.0
2026-08-05 10:43:08.246,9999254,1499888,149999952,1179.907644,,955.495,0x00,0x00,CURRENT,1,0,OK,10.0,10.001,1500.0,150.0,,1179.905,,,221.0,15002.0
2026-08-05 10:43:08.529,9999028,1499856,150000192,1179.910179,,955.779,0x00,0x00,CURRENT,1,0,OK,10.0,10.001,1500.0,150.0,,1179.905,,,221.0,15002.0
2026-08-05 10:43:08.845,9998896,1499836,150000112,1179.909334,,956.095,0x00,0x00,CURRENT,1,0,OK,10.0,10.001,1500.0,150.0,,1179.905,,,221.0,15002.0
2026-08-05 10:43:09.046,9999656,1499947,149999840,1179.906462,,956.295,0x00,0x00,CURRENT,1,0,OK,10.0,10.001,1500.0,150.0,,1179.905,,,221.0,15002.0
2026-08-05 10:43:09.245,10000196,1500024,149999472,1179.902576,,956.495,0x00,0x00,CURRENT,1,0,OK,10.0,10.001,1500.0,150.0,,1179.905,,,221.0,15002.0
2026-08-05 10:43:09.529,10000620,1500087,149999360,1179.901393,,956.778,0x00,0x00,CURRENT,1,0,OK,10.0,10.001,1500.0,150.0,,1179.905,,,221.0,15002.0
2026-08-05 10:43:09.844,10000976,1500139,149999280,1179.900548,,957.094,0x00,0x00,CURRENT,1,0,OK,10.0,10.0,1500.0,149.999,,1179.901,,,221.0,15000.0
2026-08-05 10:43:10.045,10000404,1500054,149999376,1179.901562,,957.295,0x00,0x00,CURRENT,1,0,OK,10.0,10.0,1500.0,149.999,,1179.901,,,221.0,15000.0
2026-08-05 10:43:10.245,9999946,1499984,149999216,1179.899872,,957.494,0x00,0x00,CURRENT,1,0,OK,10.0,10.0,1500.0,149.999,,1179.901,,,221.0,15000.0
2026-08-05 10:43:10.529,9999566,1499927,149999216,1179.899872,,957.779,0x00,0x00,CURRENT,1,0,OK,10.0,10.0,1500.0,149.999,,1179.901,,,221.0,15000.0
2026-08-05 10:43:10.844,9999348,1499896,149999360,1179.901393,,958.094,0x00,0x00,CURRENT,1,0,OK,10.0,10.0,1500.0,149.999,,1179.901,,,221.0,15000.0
2026-08-05 10:43:11.046,10000030,1499999,149999424,1179.902069,,958.295,0x00,0x00,CURRENT,1,0,OK,10.0,10.0,1500.0,149.999,,1179.901,,,221.0,15000.0
2026-08-05 10:43:11.244,10000534,1500073,149999264,1179.900379,,958.494,0x00,0x00,CURRENT,1,0,OK,10.0,10.0,1500.0,149.999,,1179.901,,,221.0,15000.0
2026-08-05 10:43:11.529,10000102,1500008,149999312,1179.900886,,958.778,0x00,0x00,CURRENT,1,0,OK,10.0,10.0,1500.0,149.999,,1179.901,,,221.0,15000.0
2026-08-05 10:43:11.845,9999720,1499950,149999216,1179.899872,,959.095,0x00,0x00,CURRENT,1,0,OK,10.0,10.0,1500.0,149.999,,1179.896,,,221.0,15001.0
2026-08-05 10:43:12.045,9999388,1499906,149999808,1179.906124,,959.295,0x00,0x00,CURRENT,1,0,OK,10.0,10.0,1500.0,149.999,,1179.896,,,221.0,15001.0
2026-08-05 10:43:12.245,9999212,1499880,149999840,1179.906462,,959.495,0x00,0x00,CURRENT,1,0,OK,10.0,10.0,1500.0,149.999,,1179.896,,,221.0,15001.0
2026-08-05 10:43:12.529,9999902,1499984,149999840,1179.906462,,959.779,0x00,0x00,CURRENT,1,0,OK,10.0,10.0,1500.0,149.999,,1179.896,,,221.0,15001.0
2026-08-05 10:43:12.844,10000354,1500051,149999840,1179.906462,,960.094,0x00,0x00,CURRENT,1,0,OK,10.0,10.0,1500.0,149.999,,1179.896,,,221.0,15001.0
2026-08-05 10:43:13.045,10000738,1500110,149999904,1179.907137,,960.295,0x00,0x00,CURRENT,1,0,OK,10.0,10.0,1500.0,149.999,,1179.896,,,221.0,15001.0
2026-08-05 10:43:13.245,10001054,1500155,149999744,1179.905448,,960.495,0x00,0x00,CURRENT,1,0,OK,10.0,10.0,1500.0,149.999,,1179.896,,,221.0,15001.0
2026-08-05 10:43:13.528,10000472,1500068,149999664,1179.904603,,960.778,0x00,0x00,CURRENT,1,0,OK,10.0,10.0,1500.0,149.999,,1179.896,,,221.0,15001.0
2026-08-05 10:43:13.846,10000046,1500004,149999760,1179.905617,,961.095,0x00,0x00,CURRENT,1,0,OK,10.0,10.001,1500.0,149.999,,1179.903,,,221.0,15002.0
2026-08-05 10:43:14.044,9999772,1499963,149999712,1179.905110,,961.294,0x00,0x00,CURRENT,1,0,OK,10.0,10.001,1500.0,149.999,,1179.903,,,221.0,15002.0
2026-08-05 10:43:14.244,9999584,1499930,149999248,1179.900210,,961.494,0x00,0x00,CURRENT,1,0,OK,10.0,10.001,1500.0,149.999,,1179.903,,,221.0,15002.0
2026-08-05 10:43:14.529,9999434,1499905,149999040,1179.898014,,961.779,0x00,0x00,CURRENT,1,0,OK,10.0,10.001,1500.0,149.999,,1179.903,,,221.0,15002.0
2026-08-05 10:43:14.845,9999276,1499882,149999072,1179.898352,,962.095,0x00,0x00,CURRENT,1,0,OK,10.0,10.001,1500.0,149.999,,1179.903,,,221.0,15002.0
2026-08-05 10:43:15.044,9999996,1499989,149998944,1179.897000,,962.294,0x00,0x00,CURRENT,1,0,OK,10.0,10.001,1500.0,149.999,,1179.903,,,221.0,15002.0
2026-08-05 10:43:15.244,10000546,1500074,149999184,1179.899535,,962.494,0x00,0x00,CURRENT,1,0,OK,10.0,10.001,1500.0,149.999,,1179.903,,,221.0,15002.0
2026-08-05 10:43:15.528,10000118,1500011,149999344,1179.901224,,962.778,0x00,0x00,CURRENT,1,0,OK,10.0,10.001,1500.0,149.999,,1179.903,,,221.0,15002.0
2026-08-05 10:43:15.845,9999694,1499952,149999744,1179.905448,,963.095,0x00,0x00,CURRENT,1,0,OK,10.0,10.0,1500.0,149.999,,1179.898,,,221.0,15000.0
2026-08-05 10:43:16.044,10000290,1500044,150000048,1179.908658,,963.294,0x00,0x00,CURRENT,1,0,OK,10.0,10.0,1500.0,149.999,,1179.898,,,221.0,15000.0
2026-08-05 10:43:16.244,10000710,1500108,150000128,1179.909503,,963.494,0x00,0x00,CURRENT,1,0,OK,10.0,10.0,1500.0,149.999,,1179.898,,,221.0,15000.0
2026-08-05 10:43:16.529,10000232,1500035,150000000,1179.908151,,963.779,0x00,0x00,CURRENT,1,0,OK,10.0,10.0,1500.0,149.999,,1179.898,,,221.0,15000.0
2026-08-05 10:43:16.845,9999836,1499975,149999904,1179.907137,,964.095,0x00,0x00,CURRENT,1,0,OK,10.0,10.0,1500.0,149.999,,1179.898,,,221.0,15000.0
2026-08-05 10:43:17.044,9999530,1499929,149999904,1179.907137,,964.294,0x00,0x00,CURRENT,1,0,OK,10.0,10.0,1500.0,149.999,,1179.898,,,221.0,15000.0
2026-08-05 10:43:17.244,9999330,1499898,149999824,1179.906293,,964.494,0x00,0x00,CURRENT,1,0,OK,10.0,10.0,1500.0,149.999,,1179.898,,,221.0,15000.0
2026-08-05 10:43:17.528,10000008,1500000,149999904,1179.907137,,964.778,0x00,0x00,CURRENT,1,0,OK,10.0,10.0,1500.0,149.999,,1179.898,,,221.0,15000.0
2026-08-05 10:43:17.845,10000534,1500075,149999488,1179.902745,,965.095,0x00,0x00,CURRENT,1,0,OK,10.0,10.0,1500.0,150.0,,1179.904,,,221.0,14999.0
2026-08-05 10:43:18.045,10000064,1500008,149999792,1179.905955,,965.295,0x00,0x00,CURRENT,1,0,OK,10.0,10.0,1500.0,150.0,,1179.904,,,221.0,14999.0
2026-08-05 10:43:18.244,9999758,1499961,149999744,1179.905448,,965.494,0x00,0x00,CURRENT,1,0,OK,10.0,10.0,1500.0,150.0,,1179.904,,,221.0,14999.0
2026-08-05 10:43:18.529,9999508,1499923,149999696,1179.904941,,965.779,0x00,0x00,CURRENT,1,0,OK,10.0,10.0,1500.0,150.0,,1179.904,,,221.0,14999.0
2026-08-05 10:43:18.845,9999350,1499895,149999280,1179.900548,,966.095,0x00,0x00,CURRENT,1,0,OK,10.0,10.0,1500.0,150.0,,1179.904,,,221.0,14999.0
2026-08-05 10:43:19.044,10000024,1500001,149999712,1179.905110,,966.294,0x00,0x00,CURRENT,1,0,OK,10.0,10.0,1500.0,150.0,,1179.904,,,221.0,14999.0
2026-08-05 10:43:19.244,10000490,1500071,149999728,1179.905279,,966.494,0x00,0x00,CURRENT,1,0,OK,10.0,10.0,1500.0,150.0,,1179.904,,,221.0,14999.0
2026-08-05 10:43:19.528,10000890,1500130,149999616,1179.904096,,966.778,0x00,0x00,CURRENT,1,0,OK,10.0,10.0,1500.0,150.0,,1179.904,,,221.0,14999.0
2026-08-05 10:43:19.845,10001168,1500174,149999840,1179.906462,,967.095,0x00,0x00,CURRENT,1,0,OK,10.0,10.0,1500.0,149.999,,1179.896,,,221.0,15001.0
2026-08-05 10:43:20.044,10000510,1500078,150000112,1179.909334,,967.294,0x00,0x00,CURRENT,1,0,OK,10.0,10.0,1500.0,149.999,,1179.896,,,221.0,15001.0
2026-08-05 10:43:20.245,10000026,1500005,150000128,1179.909503,,967.495,0x00,0x00,CURRENT,1,0,OK,10.0,10.0,1500.0,149.999,,1179.896,,,221.0,15001.0
2026-08-05 10:43:20.529,9999722,1499957,149999904,1179.907137,,967.779,0x00,0x00,CURRENT,1,0,OK,10.0,10.0,1500.0,149.999,,1179.896,,,221.0,15001.0
2026-08-05 10:43:20.845,9999464,1499916,149999664,1179.904603,,968.095,0x00,0x00,CURRENT,1,0,OK,10.0,10.0,1500.0,149.999,,1179.896,,,221.0,15001.0
2026-08-05 10:43:21.045,9999242,1499883,149999632,1179.904265,,968.295,0x00,0x00,CURRENT,1,0,OK,10.0,10.0,1500.0,149.999,,1179.896,,,221.0,15001.0
2026-08-05 10:43:21.244,9999084,1499859,149999664,1179.904603,,968.494,0x00,0x00,CURRENT,1,0,OK,10.0,10.0,1500.0,149.999,,1179.896,,,221.0,15001.0
2026-08-05 10:43:21.528,9998958,1499841,149999696,1179.904941,,968.778,0x00,0x00,CURRENT,1,0,OK,10.0,10.0,1500.0,149.999,,1179.896,,,221.0,15001.0
2026-08-05 10:43:21.845,9998854,1499822,149999408,1179.901900,,969.095,0x00,0x00,CURRENT,1,0,OK,10.0,9.999,1500.0,149.999,,1179.901,,,221.0,14998.0
2026-08-05 10:43:22.044,9999594,1499935,149999552,1179.903420,,969.294,0x00,0x00,CURRENT,1,0,OK,10.0,9.999,1500.0,149.999,,1179.901,,,221.0,14998.0
2026-08-05 10:43:22.245,10000122,1500017,149999840,1179.906462,,969.495,0x00,0x00,CURRENT,1,0,OK,10.0,9.999,1500.0,149.999,,1179.901,,,221.0,14998.0
2026-08-05 10:43:22.529,10000556,1500081,149999824,1179.906293,,969.779,0x00,0x00,CURRENT,1,0,OK,10.0,9.999,1500.0,149.999,,1179.901,,,221.0,14998.0
2026-08-05 10:43:22.844,10000870,1500129,149999808,1179.906124,,970.094,0x00,0x00,CURRENT,1,0,OK,10.0,9.999,1500.0,149.999,,1179.901,,,221.0,14998.0
2026-08-05 10:43:23.044,10001154,1500172,149999920,1179.907306,,970.294,0x00,0x00,CURRENT,1,0,OK,10.0,9.999,1500.0,149.999,,1179.901,,,221.0,14998.0
2026-08-05 10:43:23.245,10001340,1500199,149999776,1179.905786,,970.495,0x00,0x00,CURRENT,1,0,OK,10.0,9.999,1500.0,149.999,,1179.901,,,221.0,14998.0
2026-08-05 10:43:23.528,10000658,1500095,149999648,1179.904434,,970.778,0x00,0x00,CURRENT,1,0,OK,10.0,9.999,1500.0,149.999,,1179.901,,,221.0,14998.0
2026-08-05 10:43:23.845,10000166,1500020,149999552,1179.903420,,971.095,0x00,0x00,CURRENT,1,0,OK,10.0,10.001,1500.0,149.999,,1179.899,,,221.0,15002.0
2026-08-05 10:43:24.045,9999804,1499966,149999552,1179.903420,,971.295,0x00,0x00,CURRENT,1,0,OK,10.0,10.001,1500.0,149.999,,1179.899,,,221.0,15002.0
2026-08-05 10:43:24.244,9999480,1499920,149999840,1179.906462,,971.494,0x00,0x00,CURRENT,1,0,OK,10.0,10.001,1500.0,149.999,,1179.899,,,221.0,15002.0
2026-08-05 10:43:24.529,9999244,1499886,149999904,1179.907137,,971.779,0x00,0x00,CURRENT,1,0,OK,10.0,10.001,1500.0,149.999,,1179.899,,,221.0,15002.0
2026-08-05 10:43:24.845,9999060,1499854,149999520,1179.903083,,972.095,0x00,0x00,CURRENT,1,0,OK,10.0,10.001,1500.0,149.999,,1179.899,,,221.0,15002.0
2026-08-05 10:43:25.044,9998958,1499835,149999104,1179.898690,,972.294,0x00,0x00,CURRENT,1,0,OK,10.0,10.001,1500.0,149.999,,1179.899,,,221.0,15002.0
2026-08-05 10:43:25.244,9998862,1499821,149999184,1179.899535,,972.494,0x00,0x00,CURRENT,1,0,OK,10.0,10.001,1500.0,149.999,,1179.899,,,221.0,15002.0
2026-08-05 10:43:25.528,9999640,1499940,149999408,1179.901900,,972.778,0x00,0x00,CURRENT,1,0,OK,10.0,10.001,1500.0,149.999,,1179.899,,,221.0,15002.0
2026-08-05 10:43:25.845,10000222,1500025,149999136,1179.899028,,973.095,0x00,0x00,CURRENT,1,0,OK,10.0,9.999,1500.0,149.999,,1179.901,,,221.0,14998.0
2026-08-05 10:43:26.045,10000658,1500089,149999040,1179.898014,,973.295,0x00,0x00,CURRENT,1,0,OK,10.0,9.999,1500.0,149.999,,1179.901,,,221.0,14998.0
2026-08-05 10:43:26.244,10000986,1500143,149999536,1179.903252,,973.494,0x00,0x00,CURRENT,1,0,OK,10.0,9.999,1500.0,149.999,,1179.901,,,221.0,14998.0
2026-08-05 10:43:26.529,10000440,1500060,149999360,1179.901393,,973.779,0x00,0x00,CURRENT,1,0,OK,10.0,9.999,1500.0,149.999,,1179.901,,,221.0,14998.0
2026-08-05 10:43:26.844,9999956,1499989,149999568,1179.903589,,974.094,0x00,0x00,CURRENT,1,0,OK,10.0,9.999,1500.0,149.999,,1179.901,,,221.0,14998.0
2026-08-05 10:43:27.045,9999610,1499937,149999504,1179.902914,,974.295,0x00,0x00,CURRENT,1,0,OK,10.0,9.999,1500.0,149.999,,1179.901,,,221.0,14998.0
2026-08-05 10:43:27.244,9999352,1499901,149999792,1179.905955,,974.494,0x00,0x00,CURRENT,1,0,OK,10.0,9.999,1500.0,149.999,,1179.901,,,221.0,14998.0
2026-08-05 10:43:27.528,9999986,1499996,149999760,1179.905617,,974.777,0x00,0x00,CURRENT,1,0,OK,10.0,9.999,1500.0,149.999,,1179.901,,,221.0,14998.0
2026-08-05 10:43:27.845,10000482,1500072,149999984,1179.907982,,975.095,0x00,0x00,CURRENT,1,0,OK,10.0,10.0,1500.0,149.999,,1179.897,,,221.0,14999.0
2026-08-05 10:43:28.045,9999986,1499996,149999808,1179.906124,,975.295,0x00,0x00,CURRENT,1,0,OK,10.0,10.0,1500.0,149.999,,1179.897,,,221.0,14999.0
2026-08-05 10:43:28.244,9999578,1499938,150000160,1179.909841,,975.494,0x00,0x00,CURRENT,1,0,OK,10.0,10.0,1500.0,149.999,,1179.897,,,221.0,14999.0
2026-08-05 10:43:28.529,10000166,1500024,149999888,1179.906969,,975.779,0x00,0x00,CURRENT,1,0,OK,10.0,10.0,1500.0,149.999,,1179.897,,,221.0,14999.0
2026-08-05 10:43:28.845,10000628,1500091,149999680,1179.904772,,976.095,0x00,0x00,CURRENT,1,0,OK,10.0,10.0,1500.0,149.999,,1179.897,,,221.0,14999.0
2026-08-05 10:43:29.044,10000132,1500014,149999440,1179.902238,,976.294,0x00,0x00,CURRENT,1,0,OK,10.0,10.0,1500.0,149.999,,1179.897,,,221.0,14999.0
2026-08-05 10:43:29.244,9999780,1499961,149999440,1179.902238,,976.494,0x00,0x00,CURRENT,1,0,OK,10.0,10.0,1500.0,149.999,,1179.897,,,221.0,14999.0
2026-08-05 10:43:29.528,9999480,1499914,149999184,1179.899535,,976.778,0x00,0x00,CURRENT,1,0,OK,10.0,10.0,1500.0,149.999,,1179.897,,,221.0,14999.0
2026-08-05 10:43:29.844,9999318,1499889,149999120,1179.898859,,977.094,0x00,0x00,CURRENT,1,0,OK,10.0,10.0,1500.0,149.999,,1179.897,,,221.0,15000.0
2026-08-05 10:43:30.045,10000000,1499991,149999072,1179.898352,,977.295,0x00,0x00,CURRENT,1,0,OK,10.0,10.0,1500.0,149.999,,1179.897,,,221.0,15000.0
2026-08-05 10:43:30.244,10000446,1500062,149999536,1179.903252,,977.494,0x00,0x00,CURRENT,1,0,OK,10.0,10.0,1500.0,149.999,,1179.897,,,221.0,15000.0
2026-08-05 10:43:30.529,10000006,1499995,149999440,1179.902238,,977.779,0x00,0x00,CURRENT,1,0,OK,10.0,10.0,1500.0,149.999,,1179.897,,,221.0,15000.0
2026-08-05 10:43:30.845,9999704,1499951,149999504,1179.902914,,978.095,0x00,0x00,CURRENT,1,0,OK,10.0,10.0,1500.0,149.999,,1179.897,,,221.0,15000.0
2026-08-05 10:43:31.045,9999440,1499913,149999728,1179.905279,,978.294,0x00,0x00,CURRENT,1,0,OK,10.0,10.0,1500.0,149.999,,1179.897,,,221.0,15000.0
2026-08-05 10:43:31.245,9999290,1499888,149999408,1179.901900,,978.495,0x00,0x00,CURRENT,1,0,OK,10.0,10.0,1500.0,149.999,,1179.897,,,221.0,15000.0
2026-08-05 10:43:31.528,10000024,1499996,149999200,1179.899703,,978.778,0x00,0x00,CURRENT,1,0,OK,10.0,10.0,1500.0,149.999,,1179.897,,,221.0,15000.0
2026-08-05 10:43:31.844,10000586,1500080,149999232,1179.900041,,979.093,0x00,0x00,CURRENT,1,0,OK,10.0,10.0,1500.0,150.0,,1179.906,,,221.0,14999.0
2026-08-05 10:43:32.044,10000922,1500131,149999264,1179.900379,,979.294,0x00,0x00,CURRENT,1,0,OK,10.0,10.0,1500.0,150.0,,1179.906,,,221.0,14999.0
2026-08-05 10:43:32.245,10001192,1500176,149999648,1179.904434,,979.495,0x00,0x00,CURRENT,1,0,OK,10.0,10.0,1500.0,150.0,,1179.906,,,221.0,14999.0
2026-08-05 10:43:32.529,10000576,1500080,149999392,1179.901731,,979.779,0x00,0x00,CURRENT,1,0,OK,10.0,10.0,1500.0,150.0,,1179.906,,,221.0,14999.0
2026-08-05 10:43:32.845,10000160,1500016,149999168,1179.899366,,980.095,0x00,0x00,CURRENT,1,0,OK,10.0,10.0,1500.0,150.0,,1179.906,,,221.0,14999.0
2026-08-05 10:43:33.045,9999810,1499965,149999344,1179.901224,,980.295,0x00,0x00,CURRENT,1,0,OK,10.0,10.0,1500.0,150.0,,1179.906,,,221.0,14999.0
2026-08-05 10:43:33.244,9999604,1499931,149999040,1179.898014,,980.494,0x00,0x00,CURRENT,1,0,OK,10.0,10.0,1500.0,150.0,,1179.906,,,221.0,14999.0
2026-08-05 10:43:33.528,9999376,1499899,149999312,1179.900886,,980.778,0x00,0x00,CURRENT,1,0,OK,10.0,10.0,1500.0,150.0,,1179.906,,,221.0,14999.0
2026-08-05 10:43:33.845,9999212,1499876,149999424,1179.902069,,981.095,0x00,0x00,CURRENT,1,0,OK,10.0,10.0,1500.0,149.999,,1179.903,,,221.0,15000.0
2026-08-05 10:43:34.045,9999054,1499850,149999248,1179.900210,,981.295,0x00,0x00,CURRENT,1,0,OK,10.0,10.0,1500.0,149.999,,1179.903,,,221.0,15000.0
2026-08-05 10:43:34.341,10176786,1526514,149999616,1179.904096,,981.591,0x00,0x00,CURRENT,1,0,OK,11.0,10.0,1500.0,149.999,,1179.903,,,221.0,15000.0
2026-08-05 10:43:34.645,10176852,1526523,149999568,1179.903589,,981.894,0x00,0x00,CURRENT,1,0,OK,11.0,10.0,1500.0,149.999,,1179.903,,,221.0,15000.0
2026-08-05 10:43:34.844,10218964,1532839,149999472,1179.902576,,982.094,0x00,0x00,CURRENT,1,0,OK,11.0,10.0,1500.0,149.999,,1179.903,,,221.0,15000.0
2026-08-05 10:43:35.045,10250502,1537570,149999456,1179.902407,,982.295,0x00,0x00,CURRENT,1,0,OK,11.0,10.0,1500.0,149.999,,1179.903,,,221.0,15000.0
2026-08-05 10:43:35.245,10274174,1541122,149999568,1179.903589,,982.495,0x00,0x00,CURRENT,1,0,OK,11.0,10.0,1500.0,149.999,,1179.903,,,221.0,15000.0
2026-08-05 10:43:35.447,10330628,1549590,149999648,1179.904434,,982.697,0x00,0x00,CURRENT,1,0,OK,11.0,10.0,1500.0,149.999,,1179.903,,,221.0,15000.0
2026-08-05 10:43:35.645,10372958,1555939,149999504,1179.902914,,982.895,0x00,0x00,CURRENT,1,0,OK,11.0,10.119,1518.0,150.0,,1179.904,,,232.0,15358.0
2026-08-05 10:43:35.929,10439844,1565971,149999456,1179.902407,,983.179,0x00,0x00,CURRENT,1,0,OK,11.0,10.119,1518.0,150.0,,1179.904,,,232.0,15358.0
2026-08-05 10:43:36.245,10490010,1573496,149999504,1179.902914,,983.495,0x00,0x00,CURRENT,1,0,OK,11.0,10.119,1518.0,150.0,,1179.904,,,232.0,15358.0
2026-08-05 10:43:36.445,10556982,1583541,149999440,1179.902238,,983.695,0x00,0x00,CURRENT,1,0,OK,11.0,10.119,1518.0,150.0,,1179.904,,,232.0,15358.0
2026-08-05 10:43:36.645,10607194,1591071,149999248,1179.900210,,983.895,0x00,0x00,CURRENT,1,0,OK,11.0,10.119,1518.0,150.0,,1179.904,,,232.0,15358.0
2026-08-05 10:43:36.929,10669990,1600491,149999248,1179.900210,,984.179,0x00,0x00,CURRENT,1,0,OK,11.0,10.119,1518.0,150.0,,1179.904,,,232.0,15358.0
2026-08-05 10:43:37.245,10717126,1607559,149999040,1179.898014,,984.495,0x00,0x00,CURRENT,1,0,OK,11.0,10.119,1518.0,150.0,,1179.904,,,232.0,15358.0
2026-08-05 10:43:37.447,10772610,1615879,149998832,1179.895817,,984.697,0x00,0x00,CURRENT,1,0,OK,11.0,10.119,1518.0,150.0,,1179.904,,,232.0,15358.0
2026-08-05 10:43:37.645,10814204,1622117,149998736,1179.894804,,984.895,0x00,0x00,CURRENT,1,0,OK,11.0,10.537,1581.0,149.999,,1179.899,,,242.0,16654.0
2026-08-05 10:43:37.929,10861318,1629185,149998832,1179.895817,,985.179,0x00,0x00,CURRENT,1,0,OK,11.0,10.537,1581.0,149.999,,1179.899,,,242.0,16654.0
2026-08-05 10:43:38.245,10896646,1634485,149998880,1179.896324,,985.495,0x00,0x00,CURRENT,1,0,OK,11.0,10.537,1581.0,149.999,,1179.899,,,242.0,16654.0
2026-08-05 10:43:38.445,10935780,1640355,149998864,1179.896155,,985.695,0x00,0x00,CURRENT,1,0,OK,11.0,10.537,1581.0,149.999,,1179.899,,,242.0,16654.0
2026-08-05 10:43:38.645,10965120,1644752,149998512,1179.892438,,985.895,0x00,0x00,CURRENT,1,0,OK,11.0,10.537,1581.0,149.999,,1179.899,,,242.0,16654.0
2026-08-05 10:43:38.929,10995506,1649309,149998496,1179.892269,,986.178,0x00,0x00,CURRENT,1,0,OK,11.0,10.537,1581.0,149.999,,1179.899,,,242.0,16654.0
2026-08-05 10:43:39.245,11018284,1652728,149998656,1179.893959,,986.495,0x00,0x00,CURRENT,1,0,OK,11.0,10.537,1581.0,149.999,,1179.899,,,242.0,16654.0
2026-08-05 10:43:39.447,11040486,1656060,149998848,1179.895986,,986.697,0x00,0x00,CURRENT,1,0,OK,11.0,10.537,1581.0,149.999,,1179.899,,,242.0,16654.0
2026-08-05 10:43:39.645,11057064,1658549,149999056,1179.898183,,986.895,0x00,0x00,CURRENT,1,0,OK,11.0,10.879,1632.0,149.999,,1179.903,,,246.0,17753.0
2026-08-05 10:43:39.929,11071976,1660790,149999472,1179.902576,,987.179,0x00,0x00,CURRENT,1,0,OK,11.0,10.879,1632.0,149.999,,1179.903,,,246.0,17753.0
2026-08-05 10:43:40.245,11083234,1662479,149999424,1179.902069,,987.495,0x00,0x00,CURRENT,1,0,OK,11.0,10.879,1632.0,149.999,,1179.903,,,246.0,17753.0
2026-08-05 10:43:40.445,11092508,1663869,149999392,1179.901731,,987.695,0x00,0x00,CURRENT,1,0,OK,11.0,10.879,1632.0,149.999,,1179.903,,,246.0,17753.0
2026-08-05 10:43:40.645,11099490,1664918,149999488,1179.902745,,987.895,0x00,0x00,CURRENT,1,0,OK,11.0,10.879,1632.0,149.999,,1179.903,,,246.0,17753.0
2026-08-05 10:43:40.929,11103870,1665574,149999392,1179.901731,,988.179,0x00,0x00,CURRENT,1,0,OK,11.0,10.879,1632.0,149.999,,1179.903,,,246.0,17753.0
2026-08-05 10:43:41.245,11107118,1666064,149999632,1179.904265,,988.495,0x00,0x00,CURRENT,1,0,OK,11.0,10.879,1632.0,149.999,,1179.903,,,246.0,17753.0
2026-08-05 10:43:41.445,11107866,1666175,149999584,1179.903758,,988.694,0x00,0x00,CURRENT,1,0,OK,11.0,10.879,1632.0,149.999,,1179.903,,,246.0,17753.0
2026-08-05 10:43:41.644,11108354,1666252,149999888,1179.906969,,988.894,0x00,0x00,CURRENT,1,0,OK,11.0,11.041,1656.0,149.999,,1179.9,,,246.0,18286.0
2026-08-05 10:43:41.929,11106220,1665933,150000032,1179.908489,,989.179,0x00,0x00,CURRENT,1,0,OK,11.0,11.041,1656.0,149.999,,1179.9,,,246.0,18286.0
2026-08-05 10:43:42.245,11104592,1665689,150000032,1179.908489,,989.494,0x00,0x00,CURRENT,1,0,OK,11.0,11.041,1656.0,149.999,,1179.9,,,246.0,18286.0
2026-08-05 10:43:42.445,11100930,1665135,149999632,1179.904265,,989.694,0x00,0x00,CURRENT,1,0,OK,11.0,11.041,1656.0,149.999,,1179.9,,,246.0,18286.0
2026-08-05 10:43:42.645,11098108,1664709,149999344,1179.901224,,989.895,0x00,0x00,CURRENT,1,0,OK,11.0,11.041,1656.0,149.999,,1179.9,,,246.0,18286.0
2026-08-05 10:43:42.929,11092618,1663889,149999680,1179.904772,,990.179,0x00,0x00,CURRENT,1,0,OK,11.0,11.041,1656.0,149.999,,1179.9,,,246.0,18286.0
2026-08-05 10:43:43.245,11088612,1663286,149999456,1179.902407,,990.495,0x00,0x00,CURRENT,1,0,OK,11.0,11.041,1656.0,149.999,,1179.9,,,246.0,18286.0
2026-08-05 10:43:43.447,11082224,1662328,149999456,1179.902407,,990.697,0x00,0x00,CURRENT,1,0,OK,11.0,11.041,1656.0,149.999,,1179.9,,,246.0,18286.0
2026-08-05 10:43:43.645,11077358,1661602,149999840,1179.906462,,990.895,0x00,0x00,CURRENT,1,0,OK,11.0,11.075,1661.0,150.0,,1179.904,,,245.0,18397.0
2026-08-05 10:43:43.929,11070410,1660556,149999472,1179.902576,,991.179,0x00,0x00,CURRENT,1,0,OK,11.0,11.075,1661.0,150.0,,1179.904,,,245.0,18397.0
2026-08-05 10:43:44.245,11065208,1659775,149999424,1179.902069,,991.495,0x00,0x00,CURRENT,1,0,OK,11.0,11.075,1661.0,150.0,,1179.904,,,245.0,18397.0
2026-08-05 10:43:44.445,11058780,1658810,149999328,1179.901055,,991.695,0x00,0x00,CURRENT,1,0,OK,11.0,11.075,1661.0,150.0,,1179.904,,,245.0,18397.0
2026-08-05 10:43:44.644,11053988,1658094,149999568,1179.903589,,991.894,0x00,0x00,CURRENT,1,0,OK,11.0,11.075,1661.0,150.0,,1179.904,,,245.0,18397.0
2026-08-05 10:43:44.929,11047038,1657054,149999824,1179.906293,,992.179,0x00,0x00,CURRENT,1,0,OK,11.0,11.075,1661.0,150.0,,1179.904,,,245.0,18397.0
2026-08-05 10:43:45.246,11041770,1656263,149999776,1179.905786,,992.496,0x00,0x00,CURRENT,1,0,OK,11.0,11.075,1661.0,150.0,,1179.904,,,245.0,18397.0
2026-08-05 10:43:45.447,11036142,1655420,149999856,1179.906631,,992.697,0x00,0x00,CURRENT,1,0,OK,11.0,11.075,1661.0,150.0,,1179.904,,,245.0,18397.0
2026-08-05 10:43:45.645,11031930,1654786,149999712,1179.905110,,992.895,0x00,0x00,CURRENT,1,0,OK,11.0,11.051,1658.0,149.999,,1179.9,,,244.0,18319.0
2026-08-05 10:43:45.930,11026262,1653933,149999408,1179.901900,,993.179,0x00,0x00,CURRENT,1,0,OK,11.0,11.051,1658.0,149.999,,1179.9,,,244.0,18319.0
2026-08-05 10:43:46.244,11022022,1653296,149999328,1179.901055,,993.493,0x00,0x00,CURRENT,1,0,OK,11.0,11.051,1658.0,149.999,,1179.9,,,244.0,18319.0
2026-08-05 10:43:46.445,11018022,1652697,149999456,1179.902407,,993.694,0x00,0x00,CURRENT,1,0,OK,11.0,11.051,1658.0,149.999,,1179.9,,,244.0,18319.0
2026-08-05 10:43:46.645,11015002,1652242,149999280,1179.900548,,993.895,0x00,0x00,CURRENT,1,0,OK,11.0,11.051,1658.0,149.999,,1179.9,,,244.0,18319.0
2026-08-05 10:43:46.930,11011050,1651651,149999376,1179.901562,,994.180,0x00,0x00,CURRENT,1,0,OK,11.0,11.051,1658.0,149.999,,1179.9,,,244.0,18319.0
2026-08-05 10:43:47.245,11008134,1651210,149999104,1179.898690,,994.495,0x00,0x00,CURRENT,1,0,OK,11.0,11.051,1658.0,149.999,,1179.9,,,244.0,18319.0
2026-08-05 10:43:47.447,11005078,1650749,149998848,1179.895986,,994.697,0x00,0x00,CURRENT,1,0,OK,11.0,11.051,1658.0,149.999,,1179.9,,,244.0,18319.0
2026-08-05 10:43:47.645,11002788,1650410,149999296,1179.900717,,994.895,0x00,0x00,CURRENT,1,0,OK,11.0,11.02,1653.0,149.999,,1179.899,,,244.0,18218.0
2026-08-05 10:43:47.930,11000260,1650032,149999408,1179.901900,,995.180,0x00,0x00,CURRENT,1,0,OK,11.0,11.02,1653.0,149.999,,1179.899,,,244.0,18218.0
2026-08-05 10:43:48.245,10998372,1649747,149999216,1179.899872,,995.495,0x00,0x00,CURRENT,1,0,OK,11.0,11.02,1653.0,149.999,,1179.899,,,244.0,18218.0
2026-08-05 10:43:48.446,10996928,1649531,149999216,1179.899872,,995.696,0x00,0x00,CURRENT,1,0,OK,11.0,11.02,1653.0,149.999,,1179.899,,,244.0,18218.0
2026-08-05 10:43:48.645,10995864,1649372,149999344,1179.901224,,995.895,0x00,0x00,CURRENT,1,0,OK,11.0,11.02,1653.0,149.999,,1179.899,,,244.0,18218.0
2026-08-05 10:43:48.930,10995140,1649260,149998992,1179.897507,,996.179,0x00,0x00,CURRENT,1,0,OK,11.0,11.02,1653.0,149.999,,1179.899,,,244.0,18218.0
2026-08-05 10:43:49.245,10994542,1649173,149999248,1179.900210,,996.495,0x00,0x00,CURRENT,1,0,OK,11.0,11.02,1653.0,149.999,,1179.899,,,244.0,18218.0
2026-08-05 10:43:49.447,10994110,1649110,149999360,1179.901393,,996.697,0x00,0x00,CURRENT,1,0,OK,11.0,11.02,1653.0,149.999,,1179.899,,,244.0,18218.0
2026-08-05 10:43:49.645,10993778,1649059,149999264,1179.900379,,996.895,0x00,0x00,CURRENT,1,0,OK,11.0,11.002,1650.0,149.999,,1179.898,,,243.0,18156.0
2026-08-05 10:43:49.930,10993576,1649029,149999264,1179.900379,,997.180,0x00,0x00,CURRENT,1,0,OK,11.0,11.002,1650.0,149.999,,1179.898,,,243.0,18156.0
2026-08-05 10:43:50.245,10993370,1649000,149999536,1179.903252,,997.495,0x00,0x00,CURRENT,1,0,OK,11.0,11.002,1650.0,149.999,,1179.898,,,243.0,18156.0
2026-08-05 10:43:50.445,10993224,1648976,149999312,1179.900886,,997.694,0x00,0x00,CURRENT,1,0,OK,11.0,11.002,1650.0,149.999,,1179.898,,,243.0,18156.0
2026-08-05 10:43:50.646,10993114,1648963,149999632,1179.904265,,997.896,0x00,0x00,CURRENT,1,0,OK,11.0,11.002,1650.0,149.999,,1179.898,,,243.0,18156.0
2026-08-05 10:43:50.930,10993050,1648952,149999552,1179.903420,,998.179,0x00,0x00,CURRENT,1,0,OK,11.0,11.002,1650.0,149.999,,1179.898,,,243.0,18156.0
2026-08-05 10:43:51.246,10992928,1648936,149999696,1179.904941,,998.496,0x00,0x00,CURRENT,1,0,OK,11.0,11.002,1650.0,149.999,,1179.898,,,243.0,18156.0
2026-08-05 10:43:51.445,10992844,1648923,149999712,1179.905110,,998.695,0x00,0x00,CURRENT,1,0,OK,11.0,11.002,1650.0,149.999,,1179.898,,,243.0,18156.0
2026-08-05 10:43:51.645,10992764,1648913,149999888,1179.906969,,998.895,0x00,0x00,CURRENT,1,0,OK,11.0,10.996,1649.0,150.0,,1179.904,,,244.0,18135.0
2026-08-05 10:43:51.930,10992770,1648911,149999568,1179.903589,,999.180,0x00,0x00,CURRENT,1,0,OK,11.0,10.996,1649.0,150.0,,1179.904,,,244.0,18135.0
2026-08-05 10:43:52.245,10992688,1648897,149999392,1179.901731,,999.495,0x00,0x00,CURRENT,1,0,OK,11.0,10.996,1649.0,150.0,,1179.904,,,244.0,18135.0
2026-08-05 10:43:52.445,10993486,1649015,149999312,1179.900886,,999.694,0x00,0x00,CURRENT,1,0,OK,11.0,10.996,1649.0,150.0,,1179.904,,,244.0,18135.0
2026-08-05 10:43:52.645,10994120,1649111,149999376,1179.901562,,999.895,0x00,0x00,CURRENT,1,0,OK,11.0,10.996,1649.0,150.0,,1179.904,,,244.0,18135.0
2026-08-05 10:43:52.930,10994580,1649180,149999408,1179.901900,,1000.179,0x00,0x00,CURRENT,1,0,OK,11.0,10.996,1649.0,150.0,,1179.904,,,244.0,18135.0
2026-08-05 10:43:53.245,10994904,1649227,149999248,1179.900210,,1000.494,0x00,0x00,CURRENT,1,0,OK,11.0,10.996,1649.0,150.0,,1179.904,,,244.0,18135.0
2026-08-05 10:43:53.447,10995194,1649268,149998992,1179.897507,,1000.697,0x00,0x00,CURRENT,1,0,OK,11.0,10.996,1649.0,150.0,,1179.904,,,244.0,18135.0
2026-08-05 10:43:53.645,10995412,1649304,149999280,1179.900548,,1000.895,0x00,0x00,CURRENT,1,0,OK,11.0,10.995,1649.0,150.0,,1179.905,,,244.0,18134.0
2026-08-05 10:43:53.930,10995538,1649323,149999296,1179.900717,,1001.179,0x00,0x00,CURRENT,1,0,OK,11.0,10.995,1649.0,150.0,,1179.905,,,244.0,18134.0
2026-08-05 10:43:54.246,10995650,1649342,149999504,1179.902914,,1001.495,0x00,0x00,CURRENT,1,0,OK,11.0,10.995,1649.0,150.0,,1179.905,,,244.0,18134.0
2026-08-05 10:43:54.446,10996604,1649484,149999424,1179.902069,,1001.696,0x00,0x00,CURRENT,1,0,OK,11.0,10.995,1649.0,150.0,,1179.905,,,244.0,18134.0
2026-08-05 10:43:54.645,10997326,1649590,149999232,1179.900041,,1001.894,0x00,0x00,CURRENT,1,0,OK,11.0,10.995,1649.0,150.0,,1179.905,,,244.0,18134.0
2026-08-05 10:43:54.930,10997830,1649668,149999392,1179.901731,,1002.179,0x00,0x00,CURRENT,1,0,OK,11.0,10.995,1649.0,150.0,,1179.905,,,244.0,18134.0
2026-08-05 10:43:55.245,10998220,1649728,149999552,1179.903420,,1002.495,0x00,0x00,CURRENT,1,0,OK,11.0,10.995,1649.0,150.0,,1179.905,,,244.0,18134.0
2026-08-05 10:43:55.444,10998528,1649768,149998912,1179.896662,,1002.694,0x00,0x00,CURRENT,1,0,OK,11.0,10.995,1649.0,150.0,,1179.905,,,244.0,18134.0
2026-08-05 10:43:55.644,10998752,1649799,149998720,1179.894635,,1002.893,0x00,0x00,CURRENT,1,0,OK,11.0,10.997,1650.0,150.0,,1179.904,,,244.0,18141.0
2026-08-05 10:43:55.930,10998918,1649825,149998816,1179.895649,,1003.180,0x00,0x00,CURRENT,1,0,OK,11.0,10.997,1650.0,150.0,,1179.904,,,244.0,18141.0
2026-08-05 10:43:56.245,10999024,1649844,149999152,1179.899197,,1003.494,0x00,0x00,CURRENT,1,0,OK,11.0,10.997,1650.0,150.0,,1179.904,,,244.0,18141.0
2026-08-05 10:43:56.445,10999096,1649857,149999296,1179.900717,,1003.694,0x00,0x00,CURRENT,1,0,OK,11.0,10.997,1650.0,150.0,,1179.904,,,244.0,18141.0
2026-08-05 10:43:56.645,10999214,1649874,149999216,1179.899872,,1003.894,0x00,0x00,CURRENT,1,0,OK,11.0,10.997,1650.0,150.0,,1179.904,,,244.0,18141.0
2026-08-05 10:43:56.930,10999266,1649884,149999440,1179.902238,,1004.179,0x00,0x00,CURRENT,1,0,OK,11.0,10.997,1650.0,150.0,,1179.904,,,244.0,18141.0
2026-08-05 10:43:57.245,10999312,1649896,149999872,1179.906800,,1004.495,0x00,0x00,CURRENT,1,0,OK,11.0,10.997,1650.0,150.0,,1179.904,,,244.0,18141.0
2026-08-05 10:43:57.445,10999396,1649909,149999920,1179.907306,,1004.695,0x00,0x00,CURRENT,1,0,OK,11.0,10.997,1650.0,150.0,,1179.904,,,244.0,18141.0
2026-08-05 10:43:57.646,10999458,1649915,149999632,1179.904265,,1004.895,0x00,0x00,CURRENT,1,0,OK,11.0,10.999,1650.0,149.999,,1179.903,,,244.0,18146.0
2026-08-05 10:43:57.930,10999562,1649930,149999632,1179.904265,,1005.179,0x00,0x00,CURRENT,1,0,OK,11.0,10.999,1650.0,149.999,,1179.903,,,244.0,18146.0
2026-08-05 10:43:58.246,10999572,1649932,149999696,1179.904941,,1005.495,0x00,0x00,CURRENT,1,0,OK,11.0,10.999,1650.0,149.999,,1179.903,,,244.0,18146.0
2026-08-05 10:43:58.445,10999570,1649928,149999264,1179.900379,,1005.694,0x00,0x00,CURRENT,1,0,OK,11.0,10.999,1650.0,149.999,,1179.903,,,244.0,18146.0
2026-08-05 10:43:58.645,10999588,1649928,149999104,1179.898690,,1005.894,0x00,0x00,CURRENT,1,0,OK,11.0,10.999,1650.0,149.999,,1179.903,,,244.0,18146.0
2026-08-05 10:43:58.930,10999510,1649921,149999520,1179.903083,,1006.180,0x00,0x00,CURRENT,1,0,OK,11.0,10.999,1650.0,149.999,,1179.903,,,244.0,18146.0
2026-08-05 10:43:59.245,10999524,1649922,149999408,1179.901900,,1006.495,0x00,0x00,CURRENT,1,0,OK,11.0,10.999,1650.0,149.999,,1179.903,,,244.0,18146.0
2026-08-05 10:43:59.444,11000366,1650049,149999440,1179.902238,,1006.694,0x00,0x00,CURRENT,1,0,OK,11.0,10.999,1650.0,149.999,,1179.903,,,244.0,18146.0
2026-08-05 10:43:59.645,11000996,1650146,149999696,1179.904941,,1006.894,0x00,0x00,CURRENT,1,0,OK,11.0,10.999,1650.0,149.999,,1179.902,,,244.0,18148.0
2026-08-05 10:43:59.930,11000686,1650097,149999440,1179.902238,,1007.179,0x00,0x00,CURRENT,1,0,OK,11.0,10.999,1650.0,149.999,,1179.902,,,244.0,18148.0
2026-08-05 10:44:00.246,11000444,1650059,149999344,1179.901224,,1007.496,0x00,0x00,CURRENT,1,0,OK,11.0,10.999,1650.0,149.999,,1179.902,,,244.0,18148.0
2026-08-05 10:44:00.445,11000280,1650033,149999168,1179.899366,,1007.694,0x00,0x00,CURRENT,1,0,OK,11.0,10.999,1650.0,149.999,,1179.902,,,244.0,18148.0
2026-08-05 10:44:00.645,11000150,1650012,149999072,1179.898352,,1007.894,0x00,0x00,CURRENT,1,0,OK,11.0,10.999,1650.0,149.999,,1179.902,,,244.0,18148.0
2026-08-05 10:44:00.930,11000070,1650001,149999168,1179.899366,,1008.179,0x00,0x00,CURRENT,1,0,OK,11.0,10.999,1650.0,149.999,,1179.902,,,244.0,18148.0
2026-08-05 10:44:01.245,11000010,1649992,149999184,1179.899535,,1008.494,0x00,0x00,CURRENT,1,0,OK,11.0,10.999,1650.0,149.999,,1179.902,,,244.0,18148.0
2026-08-05 10:44:01.445,10999908,1649978,149999280,1179.900548,,1008.695,0x00,0x00,CURRENT,1,0,OK,11.0,10.999,1650.0,149.999,,1179.902,,,244.0,18148.0
2026-08-05 10:44:01.646,10999862,1649969,149999088,1179.898521,,1008.895,0x00,0x00,CURRENT,1,0,OK,11.0,11.0,1650.0,149.999,,1179.901,,,244.0,18150.0
2026-08-05 10:44:01.930,10999862,1649971,149999184,1179.899535,,1009.179,0x00,0x00,CURRENT,1,0,OK,11.0,11.0,1650.0,149.999,,1179.901,,,244.0,18150.0
2026-08-05 10:44:02.245,10999882,1649972,149999088,1179.898521,,1009.494,0x00,0x00,CURRENT,1,0,OK,11.0,11.0,1650.0,149.999,,1179.901,,,244.0,18150.0
2026-08-05 10:44:02.445,11000708,1650099,149999392,1179.901731,,1009.694,0x00,0x00,CURRENT,1,0,OK,11.0,11.0,1650.0,149.999,,1179.901,,,244.0,18150.0
2026-08-05 10:44:02.645,11001336,1650192,149999232,1179.900041,,1009.894,0x00,0x00,CURRENT,1,0,OK,11.0,11.0,1650.0,149.999,,1179.901,,,244.0,18150.0
2026-08-05 10:44:02.930,11000940,1650135,149999456,1179.902407,,1010.179,0x00,0x00,CURRENT,1,0,OK,11.0,11.0,1650.0,149.999,,1179.901,,,244.0,18150.0
2026-08-05 10:44:03.245,11000626,1650086,149999232,1179.900041,,1010.494,0x00,0x00,CURRENT,1,0,OK,11.0,11.0,1650.0,149.999,,1179.901,,,244.0,18150.0
2026-08-05 10:44:03.447,11000362,1650049,149999488,1179.902745,,1010.697,0x00,0x00,CURRENT,1,0,OK,11.0,11.0,1650.0,149.999,,1179.901,,,244.0,18150.0
2026-08-05 10:44:03.645,11000190,1650025,149999664,1179.904603,,1010.894,0x00,0x00,CURRENT,1,0,OK,11.0,11.0,1650.0,149.999,,1179.901,,,244.0,18152.0
2026-08-05 10:44:03.930,11000092,1650004,149999168,1179.899366,,1011.180,0x00,0x00,CURRENT,1,0,OK,11.0,11.0,1650.0,149.999,,1179.901,,,244.0,18152.0
2026-08-05 10:44:04.245,10999980,1649984,149998848,1179.895986,,1011.494,0x00,0x00,CURRENT,1,0,OK,11.0,11.0,1650.0,149.999,,1179.901,,,244.0,18152.0
2026-08-05 10:44:04.445,10999858,1649970,149999216,1179.899872,,1011.694,0x00,0x00,CURRENT,1,0,OK,11.0,11.0,1650.0,149.999,,1179.901,,,244.0,18152.0
2026-08-05 10:44:04.646,10999740,1649953,149999312,1179.900886,,1011.895,0x00,0x00,CURRENT,1,0,OK,11.0,11.0,1650.0,149.999,,1179.901,,,244.0,18152.0
2026-08-05 10:44:04.929,10999642,1649940,149999472,1179.902576,,1012.179,0x00,0x00,CURRENT,1,0,OK,11.0,11.0,1650.0,149.999,,1179.901,,,244.0,18152.0
2026-08-05 10:44:05.246,10999586,1649931,149999360,1179.901393,,1012.496,0x00,0x00,CURRENT,1,0,OK,11.0,11.0,1650.0,149.999,,1179.901,,,244.0,18152.0
2026-08-05 10:44:05.444,10999488,1649917,149999472,1179.902576,,1012.694,0x00,0x00,CURRENT,1,0,OK,11.0,11.0,1650.0,149.999,,1179.901,,,244.0,18152.0
2026-08-05 10:44:05.645,10999444,1649909,149999344,1179.901224,,1012.894,0x00,0x00,CURRENT,1,0,OK,11.0,11.0,1650.0,149.999,,1179.898,,,244.0,18149.0
2026-08-05 10:44:05.930,10999410,1649904,149999296,1179.900717,,1013.179,0x00,0x00,CURRENT,1,0,OK,11.0,11.0,1650.0,149.999,,1179.898,,,244.0,18149.0
2026-08-05 10:44:06.246,10999366,1649896,149999168,1179.899366,,1013.495,0x00,0x00,CURRENT,1,0,OK,11.0,11.0,1650.0,149.999,,1179.898,,,244.0,18149.0
2026-08-05 10:44:06.445,10999314,1649887,149999040,1179.898014,,1013.694,0x00,0x00,CURRENT,1,0,OK,11.0,11.0,1650.0,149.999,,1179.898,,,244.0,18149.0
2026-08-05 10:44:06.646,10999322,1649888,149999072,1179.898352,,1013.895,0x00,0x00,CURRENT,1,0,OK,11.0,11.0,1650.0,149.999,,1179.898,,,244.0,18149.0
2026-08-05 10:44:06.929,11000130,1650012,149999264,1179.900379,,1014.179,0x00,0x00,CURRENT,1,0,OK,11.0,11.0,1650.0,149.999,,1179.898,,,244.0,18149.0
2026-08-05 10:44:07.245,11000698,1650096,149999168,1179.899366,,1014.495,0x00,0x00,CURRENT,1,0,OK,11.0,11.0,1650.0,149.999,,1179.898,,,244.0,18149.0
2026-08-05 10:44:07.444,11000276,1650037,149999568,1179.903589,,1014.694,0x00,0x00,CURRENT,1,0,OK,11.0,11.0,1650.0,149.999,,1179.898,,,244.0,18149.0
2026-08-05 10:44:07.645,11000006,1649989,149998928,1179.896831,,1014.895,0x00,0x00,CURRENT,1,0,OK,11.0,11.0,1650.0,149.999,,1179.902,,,244.0,18150.0
2026-08-05 10:44:07.930,11000672,1650088,149998864,1179.896155,,1015.179,0x00,0x00,CURRENT,1,0,OK,11.0,11.0,1650.0,149.999,,1179.902,,,244.0,18150.0
2026-08-05 10:44:08.246,11001170,1650165,149999072,1179.898352,,1015.496,0x00,0x00,CURRENT,1,0,OK,11.0,11.0,1650.0,149.999,,1179.902,,,244.0,18150.0
2026-08-05 10:44:08.444,11000732,1650102,149999248,1179.900210,,1015.694,0x00,0x00,CURRENT,1,0,OK,11.0,11.0,1650.0,149.999,,1179.902,,,244.0,18150.0
2026-08-05 10:44:08.645,11000404,1650058,149999728,1179.905279,,1015.895,0x00,0x00,CURRENT,1,0,OK,11.0,11.0,1650.0,149.999,,1179.902,,,244.0,18150.0
2026-08-05 10:44:08.930,11000158,1650022,149999840,1179.906462,,1016.179,0x00,0x00,CURRENT,1,0,OK,11.0,11.0,1650.0,149.999,,1179.902,,,244.0,18150.0
2026-08-05 10:44:09.244,10999992,1649990,149999168,1179.899366,,1016.493,0x00,0x00,CURRENT,1,0,OK,11.0,11.0,1650.0,149.999,,1179.902,,,244.0,18150.0
2026-08-05 10:44:09.445,10999840,1649966,149999104,1179.898690,,1016.695,0x00,0x00,CURRENT,1,0,OK,11.0,11.0,1650.0,149.999,,1179.902,,,244.0,18150.0
2026-08-05 10:44:09.645,10999688,1649942,149998976,1179.897338,,1016.894,0x00,0x00,CURRENT,1,0,OK,11.0,11.0,1650.0,149.999,,1179.899,,,244.0,18150.0
2026-08-05 10:44:09.930,10999556,1649918,149998624,1179.893621,,1017.179,0x00,0x00,CURRENT,1,0,OK,11.0,11.0,1650.0,149.999,,1179.899,,,244.0,18150.0
2026-08-05 10:44:10.245,10999446,1649905,149998896,1179.896493,,1017.494,0x00,0x00,CURRENT,1,0,OK,11.0,11.0,1650.0,149.999,,1179.899,,,244.0,18150.0
2026-08-05 10:44:10.445,10999386,1649896,149998928,1179.896831,,1017.695,0x00,0x00,CURRENT,1,0,OK,11.0,11.0,1650.0,149.999,,1179.899,,,244.0,18150.0
2026-08-05 10:44:10.645,10999356,1649900,149999728,1179.905279,,1017.894,0x00,0x00,CURRENT,1,0,OK,11.0,11.0,1650.0,149.999,,1179.899,,,244.0,18150.0
2026-08-05 10:44:10.930,10999372,1649903,149999760,1179.905617,,1018.179,0x00,0x00,CURRENT,1,0,OK,11.0,11.0,1650.0,149.999,,1179.899,,,244.0,18150.0
2026-08-05 10:44:11.246,10999384,1649906,149999840,1179.906462,,1018.495,0x00,0x00,CURRENT,1,0,OK,11.0,11.0,1650.0,149.999,,1179.899,,,244.0,18150.0
2026-08-05 10:44:11.447,11000240,1650036,150000016,1179.908320,,1018.697,0x00,0x00,CURRENT,1,0,OK,11.0,11.0,1650.0,149.999,,1179.899,,,244.0,18150.0
2026-08-05 10:44:11.645,11000884,1650139,150000560,1179.914065,,1018.894,0x00,0x00,CURRENT,1,0,OK,11.0,11.0,1650.0,149.999,,1179.902,,,244.0,18148.0
2026-08-05 10:44:11.930,11000582,1650090,150000224,1179.910517,,1019.179,0x00,0x00,CURRENT,1,0,OK,11.0,11.0,1650.0,149.999,,1179.902,,,244.0,18148.0
2026-08-05 10:44:12.246,11000312,1650044,149999792,1179.905955,,1019.495,0x00,0x00,CURRENT,1,0,OK,11.0,11.0,1650.0,149.999,,1179.902,,,244.0,18148.0
2026-08-05 10:44:12.445,11000116,1650014,149999664,1179.904603,,1019.694,0x00,0x00,CURRENT,1,0,OK,11.0,11.0,1650.0,149.999,,1179.902,,,244.0,18148.0
2026-08-05 10:44:12.644,10999914,1649983,149999648,1179.904434,,1019.893,0x00,0x00,CURRENT,1,0,OK,11.0,11.0,1650.0,149.999,,1179.902,,,244.0,18148.0
2026-08-05 10:44:12.929,10999762,1649963,149999904,1179.907137,,1020.179,0x00,0x00,CURRENT,1,0,OK,11.0,11.0,1650.0,149.999,,1179.902,,,244.0,18148.0
2026-08-05 10:44:13.245,10999724,1649956,149999824,1179.906293,,1020.494,0x00,0x00,CURRENT,1,0,OK,11.0,11.0,1650.0,149.999,,1179.902,,,244.0,18148.0
2026-08-05 10:44:13.445,10999730,1649952,149999264,1179.900379,,1020.695,0x00,0x00,CURRENT,1,0,OK,11.0,11.0,1650.0,149.999,,1179.902,,,244.0,18148.0
2026-08-05 10:44:13.646,10999664,1649944,149999488,1179.902745,,1020.895,0x00,0x00,CURRENT,1,0,OK,11.0,11.0,1650.0,149.999,,1179.9,,,244.0,18149.0
2026-08-05 10:44:13.930,11000498,1650064,149999056,1179.898183,,1021.179,0x00,0x00,CURRENT,1,0,OK,11.0,11.0,1650.0,149.999,,1179.9,,,244.0,18149.0
2026-08-05 10:44:14.245,11001076,1650156,149999472,1179.902576,,1021.494,0x00,0x00,CURRENT,1,0,OK,11.0,11.0,1650.0,149.999,,1179.9,,,244.0,18149.0
2026-08-05 10:44:14.445,11000700,1650101,149999664,1179.904603,,1021.694,0x00,0x00,CURRENT,1,0,OK,11.0,11.0,1650.0,149.999,,1179.9,,,244.0,18149.0
2026-08-05 10:44:14.645,11000436,1650061,149999552,1179.903420,,1021.894,0x00,0x00,CURRENT,1,0,OK,11.0,11.0,1650.0,149.999,,1179.9,,,244.0,18149.0
2026-08-05 10:44:14.930,11000210,1650025,149999408,1179.901900,,1022.179,0x00,0x00,CURRENT,1,0,OK,11.0,11.0,1650.0,149.999,,1179.9,,,244.0,18149.0
2026-08-05 10:44:15.245,11000050,1650003,149999632,1179.904265,,1022.494,0x00,0x00,CURRENT,1,0,OK,11.0,11.0,1650.0,149.999,,1179.9,,,244.0,18149.0
2026-08-05 10:44:15.448,10999920,1649983,149999584,1179.903758,,1022.698,0x00,0x00,CURRENT,1,0,OK,11.0,11.0,1650.0,149.999,,1179.9,,,244.0,18149.0
2026-08-05 10:44:15.645,10999832,1649972,149999792,1179.905955,,1022.894,0x00,0x00,CURRENT,1,0,OK,11.0,11.0,1650.0,150.0,,1179.905,,,244.0,18150.0
2026-08-05 10:44:15.930,10999748,1649958,149999648,1179.904434,,1023.179,0x00,0x00,CURRENT,1,0,OK,11.0,11.0,1650.0,150.0,,1179.905,,,244.0,18150.0
2026-08-05 10:44:16.246,10999676,1649944,149999344,1179.901224,,1023.495,0x00,0x00,CURRENT,1,0,OK,11.0,11.0,1650.0,150.0,,1179.905,,,244.0,18150.0
2026-08-05 10:44:16.445,10999620,1649939,149999584,1179.903758,,1023.694,0x00,0x00,CURRENT,1,0,OK,11.0,11.0,1650.0,150.0,,1179.905,,,244.0,18150.0
2026-08-05 10:44:16.646,10999598,1649932,149999280,1179.900548,,1023.895,0x00,0x00,CURRENT,1,0,OK,11.0,11.0,1650.0,150.0,,1179.905,,,244.0,18150.0
2026-08-05 10:44:16.930,10999600,1649928,149998928,1179.896831,,1024.179,0x00,0x00,CURRENT,1,0,OK,11.0,11.0,1650.0,150.0,,1179.905,,,244.0,18150.0
2026-08-05 10:44:17.246,10999564,1649921,149998784,1179.895311,,1024.495,0x00,0x00,CURRENT,1,0,OK,11.0,11.0,1650.0,150.0,,1179.905,,,244.0,18150.0
2026-08-05 10:44:17.445,10999546,1649920,149998896,1179.896493,,1024.695,0x00,0x00,CURRENT,1,0,OK,11.0,11.0,1650.0,150.0,,1179.905,,,244.0,18150.0
2026-08-05 10:44:17.644,10999534,1649918,149998896,1179.896493,,1024.894,0x00,0x00,CURRENT,1,0,OK,11.0,11.0,1650.0,149.999,,1179.902,,,244.0,18149.0
2026-08-05 10:44:17.929,11000354,1650044,149999184,1179.899535,,1025.179,0x00,0x00,CURRENT,1,0,OK,11.0,11.0,1650.0,149.999,,1179.902,,,244.0,18149.0
2026-08-05 10:44:18.244,11001024,1650149,149999568,1179.903589,,1025.494,0x00,0x00,CURRENT,1,0,OK,11.0,11.0,1650.0,149.999,,1179.902,,,244.0,18149.0
2026-08-05 10:44:18.444,11000622,1650090,149999648,1179.904434,,1025.694,0x00,0x00,CURRENT,1,0,OK,11.0,11.0,1650.0,149.999,,1179.902,,,244.0,18149.0
2026-08-05 10:44:18.645,11000340,1650049,149999824,1179.906293,,1025.894,0x00,0x00,CURRENT,1,0,OK,11.0,11.0,1650.0,149.999,,1179.902,,,244.0,18149.0
2026-08-05 10:44:18.930,11000072,1650012,150000080,1179.908996,,1026.179,0x00,0x00,CURRENT,1,0,OK,11.0,11.0,1650.0,149.999,,1179.902,,,244.0,18149.0
2026-08-05 10:44:19.245,10999892,1649982,149999808,1179.906124,,1026.494,0x00,0x00,CURRENT,1,0,OK,11.0,11.0,1650.0,149.999,,1179.902,,,244.0,18149.0
2026-08-05 10:44:19.447,10999708,1649955,149999856,1179.906631,,1026.697,0x00,0x00,CURRENT,1,0,OK,11.0,11.0,1650.0,149.999,,1179.902,,,244.0,18149.0
2026-08-05 10:44:19.644,10999552,1649933,150000048,1179.908658,,1026.894,0x00,0x00,CURRENT,1,0,OK,11.0,11.0,1650.0,150.0,,1179.906,,,244.0,18150.0
2026-08-05 10:44:19.929,10999482,1649925,150000240,1179.910686,,1027.179,0x00,0x00,CURRENT,1,0,OK,11.0,11.0,1650.0,150.0,,1179.906,,,244.0,18150.0
2026-08-05 10:44:20.246,10999430,1649915,150000032,1179.908489,,1027.495,0x00,0x00,CURRENT,1,0,OK,11.0,11.0,1650.0,150.0,,1179.906,,,244.0,18150.0
2026-08-05 10:44:20.444,11000238,1650036,150000048,1179.908658,,1027.694,0x00,0x00,CURRENT,1,0,OK,11.0,11.0,1650.0,150.0,,1179.906,,,244.0,18150.0
2026-08-05 10:44:20.644,11000808,1650118,149999728,1179.905279,,1027.894,0x00,0x00,CURRENT,1,0,OK,11.0,11.0,1650.0,150.0,,1179.906,,,244.0,18150.0
2026-08-05 10:44:20.929,11000376,1650053,149999664,1179.904603,,1028.179,0x00,0x00,CURRENT,1,0,OK,11.0,11.0,1650.0,150.0,,1179.906,,,244.0,18150.0
2026-08-05 10:44:21.244,11000100,1650013,149999808,1179.906124,,1028.494,0x00,0x00,CURRENT,1,0,OK,11.0,11.0,1650.0,150.0,,1179.906,,,244.0,18150.0
2026-08-05 10:44:21.445,10999874,1649976,149999504,1179.902914,,1028.695,0x00,0x00,CURRENT,1,0,OK,11.0,11.0,1650.0,150.0,,1179.906,,,244.0,18150.0
2026-08-05 10:44:21.644,10999648,1649944,149999696,1179.904941,,1028.894,0x00,0x00,CURRENT,1,0,OK,11.0,11.0,1650.0,149.999,,1179.902,,,244.0,18150.0
2026-08-05 10:44:21.930,10999536,1649923,149999344,1179.901224,,1029.179,0x00,0x00,CURRENT,1,0,OK,11.0,11.0,1650.0,149.999,,1179.902,,,244.0,18150.0
2026-08-05 10:44:22.245,10999480,1649909,149998848,1179.895986,,1029.495,0x00,0x00,CURRENT,1,0,OK,11.0,11.0,1650.0,149.999,,1179.902,,,244.0,18150.0
2026-08-05 10:44:22.444,11000248,1650026,149998976,1179.897338,,1029.694,0x00,0x00,CURRENT,1,0,OK,11.0,11.0,1650.0,149.999,,1179.902,,,244.0,18150.0
2026-08-05 10:44:22.645,11000758,1650105,149999232,1179.900041,,1029.894,0x00,0x00,CURRENT,1,0,OK,11.0,11.0,1650.0,149.999,,1179.902,,,244.0,18150.0
2026-08-05 10:44:22.929,11001216,1650173,149999168,1179.899366,,1030.179,0x00,0x00,CURRENT,1,0,OK,11.0,11.0,1650.0,149.999,,1179.902,,,244.0,18150.0
2026-08-05 10:44:23.244,11001476,1650215,149999376,1179.901562,,1030.494,0x00,0x00,CURRENT,1,0,OK,11.0,11.0,1650.0,149.999,,1179.902,,,244.0,18150.0
2026-08-05 10:44:23.448,11000840,1650122,149999648,1179.904434,,1030.697,0x00,0x00,CURRENT,1,0,OK,11.0,11.0,1650.0,149.999,,1179.902,,,244.0,18150.0
2026-08-05 10:44:23.644,11000430,1650057,149999296,1179.900717,,1030.894,0x00,0x00,CURRENT,1,0,OK,11.0,11.001,1650.0,149.999,,1179.899,,,244.0,18153.0
2026-08-05 10:44:23.929,11000112,1650007,149999104,1179.898690,,1031.179,0x00,0x00,CURRENT,1,0,OK,11.0,11.001,1650.0,149.999,,1179.899,,,244.0,18153.0
2026-08-05 10:44:24.245,10999836,1649964,149998960,1179.897169,,1031.495,0x00,0x00,CURRENT,1,0,OK,11.0,11.001,1650.0,149.999,,1179.899,,,244.0,18153.0
2026-08-05 10:44:24.445,10999620,1649933,149999088,1179.898521,,1031.695,0x00,0x00,CURRENT,1,0,OK,11.0,11.001,1650.0,149.999,,1179.899,,,244.0,18153.0
2026-08-05 10:44:24.644,10999478,1649913,149999248,1179.900210,,1031.894,0x00,0x00,CURRENT,1,0,OK,11.0,11.001,1650.0,149.999,,1179.899,,,244.0,18153.0
2026-08-05 10:44:24.929,10999312,1649893,149999664,1179.904603,,1032.179,0x00,0x00,CURRENT,1,0,OK,11.0,11.001,1650.0,149.999,,1179.899,,,244.0,18153.0
2026-08-05 10:44:25.244,10999304,1649889,149999392,1179.901731,,1032.494,0x00,0x00,CURRENT,1,0,OK,11.0,11.001,1650.0,149.999,,1179.899,,,244.0,18153.0
2026-08-05 10:44:25.447,10999238,1649880,149999440,1179.902238,,1032.697,0x00,0x00,CURRENT,1,0,OK,11.0,11.001,1650.0,149.999,,1179.899,,,244.0,18153.0
2026-08-05 10:44:25.644,10999256,1649882,149999424,1179.902069,,1032.894,0x00,0x00,CURRENT,1,0,OK,11.0,11.0,1650.0,150.0,,1179.904,,,244.0,18149.0
2026-08-05 10:44:25.929,10999278,1649887,149999600,1179.903927,,1033.179,0x00,0x00,CURRENT,1,0,OK,11.0,11.0,1650.0,150.0,,1179.904,,,244.0,18149.0
2026-08-05 10:44:26.245,10999296,1649889,149999488,1179.902745,,1033.495,0x00,0x00,CURRENT,1,0,OK,11.0,11.0,1650.0,150.0,,1179.904,,,244.0,18149.0
2026-08-05 10:44:26.444,11000082,1650008,149999648,1179.904434,,1033.694,0x00,0x00,CURRENT,1,0,OK,11.0,11.0,1650.0,150.0,,1179.904,,,244.0,18149.0
2026-08-05 10:44:26.645,11000728,1650106,149999760,1179.905617,,1033.894,0x00,0x00,CURRENT,1,0,OK,11.0,11.0,1650.0,150.0,,1179.904,,,244.0,18149.0
2026-08-05 10:44:26.929,11000438,1650060,149999504,1179.902914,,1034.179,0x00,0x00,CURRENT,1,0,OK,11.0,11.0,1650.0,150.0,,1179.904,,,244.0,18149.0
2026-08-05 10:44:27.244,11000154,1650015,149999280,1179.900548,,1034.494,0x00,0x00,CURRENT,1,0,OK,11.0,11.0,1650.0,150.0,,1179.904,,,244.0,18149.0
2026-08-05 10:44:27.447,10999972,1649988,149999312,1179.900886,,1034.696,0x00,0x00,CURRENT,1,0,OK,11.0,11.0,1650.0,150.0,,1179.904,,,244.0,18149.0
2026-08-05 10:44:27.643,10999834,1649966,149999216,1179.899872,,1034.893,0x00,0x00,CURRENT,1,0,OK,11.0,11.0,1650.0,149.999,,1179.902,,,244.0,18150.0
2026-08-05 10:44:27.929,10999712,1649948,149999200,1179.899703,,1035.179,0x00,0x00,CURRENT,1,0,OK,11.0,11.0,1650.0,149.999,,1179.902,,,244.0,18150.0
2026-08-05 10:44:28.244,10999620,1649935,149999264,1179.900379,,1035.494,0x00,0x00,CURRENT,1,0,OK,11.0,11.0,1650.0,149.999,,1179.902,,,244.0,18150.0
2026-08-05 10:44:28.444,11000382,1650050,149999344,1179.901224,,1035.694,0x00,0x00,CURRENT,1,0,OK,11.0,11.0,1650.0,149.999,,1179.902,,,244.0,18150.0
2026-08-05 10:44:28.645,11000934,1650132,149999248,1179.900210,,1035.895,0x00,0x00,CURRENT,1,0,OK,11.0,11.0,1650.0,149.999,,1179.902,,,244.0,18150.0
2026-08-05 10:44:28.929,11000462,1650062,149999328,1179.901055,,1036.179,0x00,0x00,CURRENT,1,0,OK,11.0,11.0,1650.0,149.999,,1179.902,,,244.0,18150.0
2026-08-05 10:44:29.244,11000128,1650011,149999296,1179.900717,,1036.494,0x00,0x00,CURRENT,1,0,OK,11.0,11.0,1650.0,149.999,,1179.902,,,244.0,18150.0
2026-08-05 10:44:29.445,10999904,1649977,149999248,1179.900210,,1036.695,0x00,0x00,CURRENT,1,0,OK,11.0,11.0,1650.0,149.999,,1179.902,,,244.0,18150.0
2026-08-05 10:44:29.645,10999680,1649946,149999424,1179.902069,,1036.894,0x00,0x00,CURRENT,1,0,OK,11.0,11.0,1650.0,149.999,,1179.902,,,244.0,18150.0
2026-08-05 10:44:29.929,10999522,1649923,149999552,1179.903420,,1037.179,0x00,0x00,CURRENT,1,0,OK,11.0,11.0,1650.0,149.999,,1179.902,,,244.0,18150.0
2026-08-05 10:44:30.244,10999404,1649906,149999600,1179.903927,,1037.494,0x00,0x00,CURRENT,1,0,OK,11.0,11.0,1650.0,149.999,,1179.902,,,244.0,18150.0
2026-08-05 10:44:30.445,10999296,1649889,149999504,1179.902914,,1037.695,0x00,0x00,CURRENT,1,0,OK,11.0,11.0,1650.0,149.999,,1179.902,,,244.0,18150.0
2026-08-05 10:44:30.645,10999188,1649874,149999664,1179.904603,,1037.895,0x00,0x00,CURRENT,1,0,OK,11.0,11.0,1650.0,149.999,,1179.902,,,244.0,18150.0
2026-08-05 10:44:30.929,11000000,1649992,149999312,1179.900886,,1038.179,0x00,0x00,CURRENT,1,0,OK,11.0,11.0,1650.0,149.999,,1179.902,,,244.0,18150.0
2026-08-05 10:44:31.244,11000630,1650085,149999136,1179.899028,,1038.494,0x00,0x00,CURRENT,1,0,OK,11.0,11.0,1650.0,149.999,,1179.902,,,244.0,18150.0
2026-08-05 10:44:31.444,11001110,1650158,149999232,1179.900041,,1038.694,0x00,0x00,CURRENT,1,0,OK,11.0,11.0,1650.0,149.999,,1179.902,,,244.0,18150.0
2026-08-05 10:44:31.644,11001414,1650207,149999552,1179.903420,,1038.894,0x00,0x00,CURRENT,1,0,OK,11.0,11.0,1650.0,149.999,,1179.898,,,244.0,18151.0
2026-08-05 10:44:31.930,11000832,1650117,149999248,1179.900210,,1039.179,0x00,0x00,CURRENT,1,0,OK,11.0,11.0,1650.0,149.999,,1179.898,,,244.0,18151.0
2026-08-05 10:44:32.244,11000396,1650053,149999424,1179.902069,,1039.494,0x00,0x00,CURRENT,1,0,OK,11.0,11.0,1650.0,149.999,,1179.898,,,244.0,18151.0
2026-08-05 10:44:32.445,11000096,1650010,149999584,1179.903758,,1039.695,0x00,0x00,CURRENT,1,0,OK,11.0,11.0,1650.0,149.999,,1179.898,,,244.0,18151.0
2026-08-05 10:44:32.645,10999870,1649976,149999584,1179.903758,,1039.895,0x00,0x00,CURRENT,1,0,OK,11.0,11.0,1650.0,149.999,,1179.898,,,244.0,18151.0
2026-08-05 10:44:32.929,10999692,1649951,149999712,1179.905110,,1040.179,0x00,0x00,CURRENT,1,0,OK,11.0,11.0,1650.0,149.999,,1179.898,,,244.0,18151.0
2026-08-05 10:44:33.245,10999578,1649936,149999920,1179.907306,,1040.495,0x00,0x00,CURRENT,1,0,OK,11.0,11.0,1650.0,149.999,,1179.898,,,244.0,18151.0
2026-08-05 10:44:33.447,10999510,1649929,150000240,1179.910686,,1040.697,0x00,0x00,CURRENT,1,0,OK,11.0,11.0,1650.0,149.999,,1179.898,,,244.0,18151.0
2026-08-05 10:44:33.644,10999480,1649921,149999920,1179.907306,,1040.894,0x00,0x00,CURRENT,1,0,OK,11.0,11.0,1650.0,149.999,,1179.901,,,244.0,18150.0
2026-08-05 10:44:33.929,10999436,1649912,149999728,1179.905279,,1041.179,0x00,0x00,CURRENT,1,0,OK,11.0,11.0,1650.0,149.999,,1179.901,,,244.0,18150.0
2026-08-05 10:44:34.245,10999340,1649899,149999840,1179.906462,,1041.495,0x00,0x00,CURRENT,1,0,OK,11.0,11.0,1650.0,149.999,,1179.901,,,244.0,18150.0
2026-08-05 10:44:34.445,10999304,1649897,150000144,1179.909672,,1041.695,0x00,0x00,CURRENT,1,0,OK,11.0,11.0,1650.0,149.999,,1179.901,,,244.0,18150.0
2026-08-05 10:44:34.644,10999286,1649894,150000128,1179.909503,,1041.894,0x00,0x00,CURRENT,1,0,OK,11.0,11.0,1650.0,149.999,,1179.901,,,244.0,18150.0
2026-08-05 10:44:34.929,11000104,1650012,149999648,1179.904434,,1042.179,0x00,0x00,CURRENT,1,0,OK,11.0,11.0,1650.0,149.999,,1179.901,,,244.0,18150.0
2026-08-05 10:44:35.244,11000688,1650097,149999472,1179.902576,,1042.494,0x00,0x00,CURRENT,1,0,OK,11.0,11.0,1650.0,149.999,,1179.901,,,244.0,18150.0
2026-08-05 10:44:35.446,11000288,1650039,149999584,1179.903758,,1042.696,0x00,0x00,CURRENT,1,0,OK,11.0,11.0,1650.0,149.999,,1179.901,,,244.0,18150.0
2026-08-05 10:44:35.644,10999948,1649990,149999776,1179.905786,,1042.894,0x00,0x00,CURRENT,1,0,OK,11.0,11.0,1650.0,149.999,,1179.899,,,244.0,18151.0
2026-08-05 10:44:35.929,11000534,1650081,150000064,1179.908827,,1043.179,0x00,0x00,CURRENT,1,0,OK,11.0,11.0,1650.0,149.999,,1179.899,,,244.0,18151.0
2026-08-05 10:44:36.245,11000992,1650147,149999824,1179.906293,,1043.495,0x00,0x00,CURRENT,1,0,OK,11.0,11.0,1650.0,149.999,,1179.899,,,244.0,18151.0
2026-08-05 10:44:36.444,11000562,1650080,149999584,1179.903758,,1043.694,0x00,0x00,CURRENT,1,0,OK,11.0,11.0,1650.0,149.999,,1179.899,,,244.0,18151.0
2026-08-05 10:44:36.644,11000238,1650030,149999472,1179.902576,,1043.894,0x00,0x00,CURRENT,1,0,OK,11.0,11.0,1650.0,149.999,,1179.899,,,244.0,18151.0
2026-08-05 10:44:36.929,10999960,1649985,149999200,1179.899703,,1044.179,0x00,0x00,CURRENT,1,0,OK,11.0,11.0,1650.0,149.999,,1179.899,,,244.0,18151.0
2026-08-05 10:44:37.244,10999750,1649955,149999296,1179.900717,,1044.494,0x00,0x00,CURRENT,1,0,OK,11.0,11.0,1650.0,149.999,,1179.899,,,244.0,18151.0
2026-08-05 10:44:37.447,10999584,1649932,149999504,1179.902914,,1044.697,0x00,0x00,CURRENT,1,0,OK,11.0,11.0,1650.0,149.999,,1179.899,,,244.0,18151.0
2026-08-05 10:44:37.644,10999486,1649914,149999152,1179.899197,,1044.894,0x00,0x00,CURRENT,1,0,OK,11.0,11.0,1650.0,149.999,,1179.901,,,244.0,18150.0
2026-08-05 10:44:37.929,10999386,1649897,149998992,1179.897507,,1045.179,0x00,0x00,CURRENT,1,0,OK,11.0,11.0,1650.0,149.999,,1179.901,,,244.0,18150.0
2026-08-05 10:44:38.245,10999366,1649895,149999072,1179.898352,,1045.495,0x00,0x00,CURRENT,1,0,OK,11.0,11.0,1650.0,149.999,,1179.901,,,244.0,18150.0
2026-08-05 10:44:38.445,10999314,1649885,149998848,1179.895986,,1045.695,0x00,0x00,CURRENT,1,0,OK,11.0,11.0,1650.0,149.999,,1179.901,,,244.0,18150.0
2026-08-05 10:44:38.646,10999276,1649883,149999264,1179.900379,,1045.895,0x00,0x00,CURRENT,1,0,OK,11.0,11.0,1650.0,149.999,,1179.901,,,244.0,18150.0
2026-08-05 10:44:38.929,11000076,1650006,149999520,1179.903083,,1046.179,0x00,0x00,CURRENT,1,0,OK,11.0,11.0,1650.0,149.999,,1179.901,,,244.0,18150.0
2026-08-05 10:44:39.245,11000686,1650094,149999232,1179.900041,,1046.495,0x00,0x00,CURRENT,1,0,OK,11.0,11.0,1650.0,149.999,,1179.901,,,244.0,18150.0
2026-08-05 10:44:39.445,11001172,1650168,149999264,1179.900379,,1046.694,0x00,0x00,CURRENT,1,0,OK,11.0,11.0,1650.0,149.999,,1179.901,,,244.0,18150.0
2026-08-05 10:44:39.645,11001488,1650217,149999472,1179.902576,,1046.895,0x00,0x00,CURRENT,1,0,OK,11.0,11.0,1650.0,149.999,,1179.895,,,244.0,18151.0
2026-08-05 10:44:39.929,11000926,1650133,149999472,1179.902576,,1047.179,0x00,0x00,CURRENT,1,0,OK,11.0,11.0,1650.0,149.999,,1179.895,,,244.0,18151.0
2026-08-05 10:44:40.246,11000502,1650068,149999280,1179.900548,,1047.496,0x00,0x00,CURRENT,1,0,OK,11.0,11.0,1650.0,149.999,,1179.895,,,244.0,18151.0
2026-08-05 10:44:40.444,11000166,1650015,149999136,1179.899028,,1047.694,0x00,0x00,CURRENT,1,0,OK,11.0,11.0,1650.0,149.999,,1179.895,,,244.0,18151.0
2026-08-05 10:44:40.645,10999858,1649972,149999392,1179.901731,,1047.895,0x00,0x00,CURRENT,1,0,OK,11.0,11.0,1650.0,149.999,,1179.895,,,244.0,18151.0
2026-08-05 10:44:40.930,10999618,1649938,149999600,1179.903927,,1048.180,0x00,0x00,CURRENT,1,0,OK,11.0,11.0,1650.0,149.999,,1179.895,,,244.0,18151.0
2026-08-05 10:44:41.244,10999458,1649911,149999328,1179.901055,,1048.494,0x00,0x00,CURRENT,1,0,OK,11.0,11.0,1650.0,149.999,,1179.895,,,244.0,18151.0
2026-08-05 10:44:41.445,10999308,1649893,149999712,1179.905110,,1048.694,0x00,0x00,CURRENT,1,0,OK,12.0,11.0,1650.0,149.999,,1179.895,,,244.0,18151.0
2026-08-05 10:44:41.673,11176810,1676510,149998960,1179.897169,,1048.923,0x00,0x00,CURRENT,1,0,OK,12.0,10.999,1650.0,150.0,,1179.909,,,248.0,18146.0
2026-08-05 10:44:41.845,11176838,1676513,149998848,1179.895986,,1049.095,0x00,0x00,CURRENT,1,0,OK,12.0,10.999,1650.0,150.0,,1179.909,,,248.0,18146.0
2026-08-05 10:44:42.044,11176896,1676523,149999024,1179.897845,,1049.294,0x00,0x00,CURRENT,1,0,OK,12.0,10.999,1650.0,150.0,,1179.909,,,248.0,18146.0
2026-08-05 10:44:42.245,11218760,1682807,149999376,1179.901562,,1049.495,0x00,0x00,CURRENT,1,0,OK,12.0,10.999,1650.0,150.0,,1179.909,,,248.0,18146.0
2026-08-05 10:44:42.445,11250272,1687530,149999072,1179.898352,,1049.695,0x00,0x00,CURRENT,1,0,OK,12.0,10.999,1650.0,150.0,,1179.909,,,248.0,18146.0
2026-08-05 10:44:42.728,11312502,1696862,149998816,1179.895649,,1049.978,0x00,0x00,CURRENT,1,0,OK,12.0,10.999,1650.0,150.0,,1179.909,,,248.0,18146.0
2026-08-05 10:44:43.043,11359108,1703854,149998896,1179.896493,,1050.293,0x00,0x00,CURRENT,1,0,OK,12.0,10.999,1650.0,150.0,,1179.909,,,248.0,18146.0
2026-08-05 10:44:43.245,11429258,1714375,149998848,1179.895986,,1050.495,0x00,0x00,CURRENT,1,0,OK,12.0,10.999,1650.0,150.0,,1179.909,,,248.0,18146.0
2026-08-05 10:44:43.444,11481786,1722254,149998784,1179.895311,,1050.694,0x00,0x00,CURRENT,1,0,OK,12.0,10.999,1650.0,150.0,,1179.909,,,248.0,18146.0
2026-08-05 10:44:43.728,11550496,1732561,149998848,1179.895986,,1050.978,0x00,0x00,CURRENT,1,0,OK,12.0,11.214,1682.0,150.0,,1179.906,,,258.0,18862.0
2026-08-05 10:44:44.045,11601990,1740284,149998800,1179.895480,,1051.295,0x00,0x00,CURRENT,1,0,OK,12.0,11.214,1682.0,150.0,,1179.906,,,258.0,18862.0
2026-08-05 10:44:44.244,11665674,1749838,149998864,1179.896155,,1051.494,0x00,0x00,CURRENT,1,0,OK,12.0,11.214,1682.0,150.0,,1179.906,,,258.0,18862.0
2026-08-05 10:44:44.444,11713448,1757007,149999120,1179.898859,,1051.694,0x00,0x00,CURRENT,1,0,OK,12.0,11.214,1682.0,150.0,,1179.906,,,258.0,18862.0
2026-08-05 10:44:44.729,11769362,1765396,149999280,1179.900548,,1051.979,0x00,0x00,CURRENT,1,0,OK,12.0,11.214,1682.0,150.0,,1179.906,,,258.0,18862.0
2026-08-05 10:44:45.045,11811290,1771687,149999456,1179.902407,,1052.294,0x00,0x00,CURRENT,1,0,OK,12.0,11.214,1682.0,150.0,,1179.906,,,258.0,18862.0
2026-08-05 10:44:45.245,11858664,1778793,149999472,1179.902576,,1052.495,0x00,0x00,CURRENT,1,0,OK,12.0,11.214,1682.0,150.0,,1179.906,,,258.0,18862.0
2026-08-05 10:44:45.447,11894176,1784120,149999488,1179.902745,,1052.697,0x00,0x00,CURRENT,1,0,OK,12.0,11.214,1682.0,150.0,,1179.906,,,258.0,18862.0
2026-08-05 10:44:45.729,11933336,1789996,149999616,1179.904096,,1052.979,0x00,0x00,CURRENT,1,0,OK,12.0,11.636,1745.0,150.0,,1179.907,,,267.0,20311.0
2026-08-05 10:44:46.045,11962744,1794406,149999520,1179.903083,,1053.295,0x00,0x00,CURRENT,1,0,OK,12.0,11.636,1745.0,150.0,,1179.907,,,267.0,20311.0
2026-08-05 10:44:46.244,11993218,1798977,149999552,1179.903420,,1053.494,0x00,0x00,CURRENT,1,0,OK,12.0,11.636,1745.0,150.0,,1179.907,,,267.0,20311.0
2026-08-05 10:44:46.444,12016024,1802398,149999520,1179.903083,,1053.694,0x00,0x00,CURRENT,1,0,OK,12.0,11.636,1745.0,150.0,,1179.907,,,267.0,20311.0
2026-08-05 10:44:46.729,12038146,1805716,149999472,1179.902576,,1053.979,0x00,0x00,CURRENT,1,0,OK,12.0,11.636,1745.0,150.0,,1179.907,,,267.0,20311.0
2026-08-05 10:44:47.044,12054718,1808206,149999856,1179.906631,,1054.294,0x00,0x00,CURRENT,1,0,OK,12.0,11.636,1745.0,150.0,,1179.907,,,267.0,20311.0
2026-08-05 10:44:47.244,12070512,1810572,149999616,1179.904096,,1054.494,0x00,0x00,CURRENT,1,0,OK,12.0,11.636,1745.0,150.0,,1179.907,,,267.0,20311.0
2026-08-05 10:44:47.447,12082318,1812342,149999552,1179.903420,,1054.697,0x00,0x00,CURRENT,1,0,OK,12.0,11.636,1745.0,150.0,,1179.907,,,267.0,20311.0
2026-08-05 10:44:47.729,12092042,1813800,149999472,1179.902576,,1054.979,0x00,0x00,CURRENT,1,0,OK,12.0,11.934,1790.0,150.0,,1179.908,,,269.0,21364.0
2026-08-05 10:44:48.045,12099344,1814894,149999424,1179.902069,,1055.295,0x00,0x00,CURRENT,1,0,OK,12.0,11.934,1790.0,150.0,,1179.908,,,269.0,21364.0
2026-08-05 10:44:48.245,12103924,1815581,149999408,1179.901900,,1055.495,0x00,0x00,CURRENT,1,0,OK,12.0,11.934,1790.0,150.0,,1179.908,,,269.0,21364.0
2026-08-05 10:44:48.444,12107388,1816098,149999184,1179.899535,,1055.694,0x00,0x00,CURRENT,1,0,OK,12.0,11.934,1790.0,150.0,,1179.908,,,269.0,21364.0
2026-08-05 10:44:48.729,12108280,1816232,149999184,1179.899535,,1055.979,0x00,0x00,CURRENT,1,0,OK,12.0,11.934,1790.0,150.0,,1179.908,,,269.0,21364.0
2026-08-05 10:44:49.045,12108976,1816335,149999072,1179.898352,,1056.295,0x00,0x00,CURRENT,1,0,OK,12.0,11.934,1790.0,150.0,,1179.908,,,269.0,21364.0
2026-08-05 10:44:49.245,12107002,1816038,149999008,1179.897676,,1056.495,0x00,0x00,CURRENT,1,0,OK,12.0,11.934,1790.0,150.0,,1179.908,,,269.0,21364.0
2026-08-05 10:44:49.447,12105492,1815813,149999136,1179.899028,,1056.697,0x00,0x00,CURRENT,1,0,OK,12.0,11.934,1790.0,150.0,,1179.908,,,269.0,21364.0
2026-08-05 10:44:49.729,12101014,1815146,149999488,1179.902745,,1056.979,0x00,0x00,CURRENT,1,0,OK,12.0,12.058,1809.0,149.999,,1179.898,,,269.0,21811.0
2026-08-05 10:44:50.045,12097674,1814647,149999632,1179.904265,,1057.295,0x00,0x00,CURRENT,1,0,OK,12.0,12.058,1809.0,149.999,,1179.898,,,269.0,21811.0
2026-08-05 10:44:50.245,12091870,1813774,149999424,1179.902069,,1057.495,0x00,0x00,CURRENT,1,0,OK,12.0,12.058,1809.0,149.999,,1179.898,,,269.0,21811.0
2026-08-05 10:44:50.444,12087508,1813120,149999520,1179.903083,,1057.694,0x00,0x00,CURRENT,1,0,OK,12.0,12.058,1809.0,149.999,,1179.898,,,269.0,21811.0
2026-08-05 10:44:50.729,12080898,1812126,149999280,1179.900548,,1057.979,0x00,0x00,CURRENT,1,0,OK,12.0,12.058,1809.0,149.999,,1179.898,,,269.0,21811.0
2026-08-05 10:44:51.045,12075942,1811381,149999120,1179.898859,,1058.295,0x00,0x00,CURRENT,1,0,OK,12.0,12.058,1809.0,149.999,,1179.898,,,269.0,21811.0
2026-08-05 10:44:51.245,12069698,1810444,149999104,1179.898690,,1058.495,0x00,0x00,CURRENT,1,0,OK,12.0,12.058,1809.0,149.999,,1179.898,,,269.0,21811.0
2026-08-05 10:44:51.447,12065054,1809751,149999376,1179.901562,,1058.697,0x00,0x00,CURRENT,1,0,OK,12.0,12.058,1809.0,149.999,,1179.898,,,269.0,21811.0
2026-08-05 10:44:51.729,12058288,1808735,149999328,1179.901055,,1058.979,0x00,0x00,CURRENT,1,0,OK,12.0,12.071,1811.0,149.999,,1179.896,,,268.0,21855.0
2026-08-05 10:44:52.045,12053122,1807958,149999152,1179.899197,,1059.295,0x00,0x00,CURRENT,1,0,OK,12.0,12.071,1811.0,149.999,,1179.896,,,268.0,21855.0
2026-08-05 10:44:52.244,12046794,1807007,149998944,1179.897000,,1059.494,0x00,0x00,CURRENT,1,0,OK,12.0,12.071,1811.0,149.999,,1179.896,,,268.0,21855.0
2026-08-05 10:44:52.444,12042004,1806289,149999072,1179.898352,,1059.694,0x00,0x00,CURRENT,1,0,OK,12.0,12.071,1811.0,149.999,,1179.896,,,268.0,21855.0
2026-08-05 10:44:52.729,12035902,1805374,149999024,1179.897845,,1059.979,0x00,0x00,CURRENT,1,0,OK,12.0,12.071,1811.0,149.999,,1179.896,,,268.0,21855.0
2026-08-05 10:44:53.044,12031346,1804694,149999328,1179.901055,,1060.294,0x00,0x00,CURRENT,1,0,OK,12.0,12.071,1811.0,149.999,,1179.896,,,268.0,21855.0
2026-08-05 10:44:53.245,12026224,1803927,149999456,1179.902407,,1060.495,0x00,0x00,CURRENT,1,0,OK,12.0,12.071,1811.0,149.999,,1179.896,,,268.0,21855.0
2026-08-05 10:44:53.447,12022334,1803347,149999760,1179.905617,,1060.697,0x00,0x00,CURRENT,1,0,OK,12.0,12.071,1811.0,149.999,,1179.896,,,268.0,21855.0
2026-08-05 10:44:53.729,12017748,1802657,149999552,1179.903420,,1060.979,0x00,0x00,CURRENT,1,0,OK,12.0,12.043,1806.0,149.999,,1179.899,,,267.0,21754.0
2026-08-05 10:44:54.045,12014374,1802145,149999040,1179.898014,,1061.295,0x00,0x00,CURRENT,1,0,OK,12.0,12.043,1806.0,149.999,,1179.899,,,267.0,21754.0
2026-08-05 10:44:54.244,12010950,1801636,149999488,1179.902745,,1061.494,0x00,0x00,CURRENT,1,0,OK,12.0,12.043,1806.0,149.999,,1179.899,,,267.0,21754.0
2026-08-05 10:44:54.444,12008436,1801259,149999472,1179.902576,,1061.694,0x00,0x00,CURRENT,1,0,OK,12.0,12.043,1806.0,149.999,,1179.899,,,267.0,21754.0
2026-08-05 10:44:54.729,12005694,1800846,149999360,1179.901393,,1061.979,0x00,0x00,CURRENT,1,0,OK,12.0,12.043,1806.0,149.999,,1179.899,,,267.0,21754.0
2026-08-05 10:44:55.044,12003630,1800537,149999408,1179.901900,,1062.293,0x00,0x00,CURRENT,1,0,OK,12.0,12.043,1806.0,149.999,,1179.899,,,267.0,21754.0
2026-08-05 10:44:55.245,12001288,1800188,149999568,1179.903589,,1062.495,0x00,0x00,CURRENT,1,0,OK,12.0,12.043,1806.0,149.999,,1179.899,,,267.0,21754.0
2026-08-05 10:44:55.445,11999476,1799913,149999296,1179.900717,,1062.695,0x00,0x00,CURRENT,1,0,OK,12.0,12.043,1806.0,149.999,,1179.899,,,267.0,21754.0
2026-08-05 10:44:55.729,11998172,1799717,149999312,1179.900886,,1062.979,0x00,0x00,CURRENT,1,0,OK,12.0,12.015,1802.0,149.999,,1179.901,,,266.0,21653.0
2026-08-05 10:44:56.045,11997138,1799563,149999360,1179.901393,,1063.295,0x00,0x00,CURRENT,1,0,OK,12.0,12.015,1802.0,149.999,,1179.901,,,266.0,21653.0
2026-08-05 10:44:56.245,11995532,1799322,149999376,1179.901562,,1063.495,0x00,0x00,CURRENT,1,0,OK,12.0,12.015,1802.0,149.999,,1179.901,,,266.0,21653.0
2026-08-05 10:44:56.445,11994302,1799136,149999200,1179.899703,,1063.695,0x00,0x00,CURRENT,1,0,OK,12.0,12.015,1802.0,149.999,,1179.901,,,266.0,21653.0
2026-08-05 10:44:56.729,11993360,1798994,149999184,1179.899535,,1063.979,0x00,0x00,CURRENT,1,0,OK,12.0,12.015,1802.0,149.999,,1179.901,,,266.0,21653.0
2026-08-05 10:44:57.046,11992672,1798891,149999216,1179.899872,,1064.296,0x00,0x00,CURRENT,1,0,OK,12.0,12.015,1802.0,149.999,,1179.901,,,266.0,21653.0
2026-08-05 10:44:57.244,11992192,1798817,149998992,1179.897507,,1064.494,0x00,0x00,CURRENT,1,0,OK,12.0,12.015,1802.0,149.999,,1179.901,,,266.0,21653.0
2026-08-05 10:44:57.445,11991844,1798766,149999136,1179.899028,,1064.695,0x00,0x00,CURRENT,1,0,OK,12.0,12.015,1802.0,149.999,,1179.901,,,266.0,21653.0
2026-08-05 10:44:57.730,11991544,1798724,149999344,1179.901224,,1064.980,0x00,0x00,CURRENT,1,0,OK,12.0,11.999,1800.0,149.999,,1179.902,,,266.0,21597.0
2026-08-05 10:44:58.045,11991310,1798692,149999600,1179.903927,,1065.295,0x00,0x00,CURRENT,1,0,OK,12.0,11.999,1800.0,149.999,,1179.902,,,266.0,21597.0
2026-08-05 10:44:58.245,11991982,1798794,149999680,1179.904772,,1065.495,0x00,0x00,CURRENT,1,0,OK,12.0,11.999,1800.0,149.999,,1179.902,,,266.0,21597.0
2026-08-05 10:44:58.445,11992450,1798867,150000000,1179.908151,,1065.695,0x00,0x00,CURRENT,1,0,OK,12.0,11.999,1800.0,149.999,,1179.902,,,266.0,21597.0
2026-08-05 10:44:58.730,11992902,1798934,149999856,1179.906631,,1065.980,0x00,0x00,CURRENT,1,0,OK,12.0,11.999,1800.0,149.999,,1179.902,,,266.0,21597.0
2026-08-05 10:44:59.046,11993224,1798982,149999872,1179.906800,,1066.296,0x00,0x00,CURRENT,1,0,OK,12.0,11.999,1800.0,149.999,,1179.902,,,266.0,21597.0
2026-08-05 10:44:59.245,11993502,1799021,149999600,1179.903927,,1066.495,0x00,0x00,CURRENT,1,0,OK,12.0,11.999,1800.0,149.999,,1179.902,,,266.0,21597.0
2026-08-05 10:44:59.447,11993654,1799045,149999728,1179.905279,,1066.697,0x00,0x00,CURRENT,1,0,OK,12.0,11.999,1800.0,149.999,,1179.902,,,266.0,21597.0
2026-08-05 10:44:59.730,11993760,1799061,149999728,1179.905279,,1066.980,0x00,0x00,CURRENT,1,0,OK,12.0,11.995,1799.0,149.999,,1179.901,,,266.0,21582.0
2026-08-05 10:45:00.045,11993820,1799070,149999760,1179.905617,,1067.295,0x00,0x00,CURRENT,1,0,OK,12.0,11.995,1799.0,149.999,,1179.901,,,266.0,21582.0
2026-08-05 10:45:00.246,11994760,1799207,149999472,1179.902576,,1067.496,0x00,0x00,CURRENT,1,0,OK,12.0,11.995,1799.0,149.999,,1179.901,,,266.0,21582.0
2026-08-05 10:45:00.444,11995408,1799303,149999328,1179.901055,,1067.694,0x00,0x00,CURRENT,1,0,OK,12.0,11.995,1799.0,149.999,,1179.901,,,266.0,21582.0
2026-08-05 10:45:00.730,11995914,1799380,149999376,1179.901562,,1067.980,0x00,0x00,CURRENT,1,0,OK,12.0,11.995,1799.0,149.999,,1179.901,,,266.0,21582.0
2026-08-05 10:45:01.045,11996266,1799430,149999184,1179.899535,,1068.295,0x00,0x00,CURRENT,1,0,OK,12.0,11.995,1799.0,149.999,,1179.901,,,266.0,21582.0
2026-08-05 10:45:01.245,11996512,1799469,149999408,1179.901900,,1068.495,0x00,0x00,CURRENT,1,0,OK,12.0,11.995,1799.0,149.999,,1179.901,,,266.0,21582.0
2026-08-05 10:45:01.447,11996722,1799503,149999536,1179.903252,,1068.697,0x00,0x00,CURRENT,1,0,OK,12.0,11.995,1799.0,149.999,,1179.901,,,266.0,21582.0
2026-08-05 10:45:01.730,11996880,1799527,149999536,1179.903252,,1068.980,0x00,0x00,CURRENT,1,0,OK,12.0,11.996,1799.0,149.999,,1179.902,,,266.0,21585.0
2026-08-05 10:45:02.045,11997000,1799544,149999488,1179.902745,,1069.295,0x00,0x00,CURRENT,1,0,OK,12.0,11.996,1799.0,149.999,,1179.902,,,266.0,21585.0
2026-08-05 10:45:02.245,11997928,1799685,149999680,1179.904772,,1069.495,0x00,0x00,CURRENT,1,0,OK,12.0,11.996,1799.0,149.999,,1179.902,,,266.0,21585.0
2026-08-05 10:45:02.445,11998596,1799789,149999952,1179.907644,,1069.695,0x00,0x00,CURRENT,1,0,OK,12.0,11.996,1799.0,149.999,,1179.902,,,266.0,21585.0
2026-08-05 10:45:02.730,11999190,1799877,149999840,1179.906462,,1069.979,0x00,0x00,CURRENT,1,0,OK,12.0,11.996,1799.0,149.999,,1179.902,,,266.0,21585.0
2026-08-05 10:45:03.045,11999646,1799945,149999872,1179.906800,,1070.295,0x00,0x00,CURRENT,1,0,OK,12.0,11.996,1799.0,149.999,,1179.902,,,266.0,21585.0
2026-08-05 10:45:03.245,11999994,1799995,149999648,1179.904434,,1070.495,0x00,0x00,CURRENT,1,0,OK,12.0,11.996,1799.0,149.999,,1179.902,,,266.0,21585.0
2026-08-05 10:45:03.447,12000174,1800023,149999776,1179.905786,,1070.696,0x00,0x00,CURRENT,1,0,OK,12.0,11.996,1799.0,149.999,,1179.902,,,266.0,21585.0
2026-08-05 10:45:03.730,12000400,1800054,149999504,1179.902914,,1070.980,0x00,0x00,CURRENT,1,0,OK,12.0,11.998,1800.0,150.0,,1179.904,,,266.0,21594.0
2026-08-05 10:45:04.045,12000582,1800076,149999072,1179.898352,,1071.295,0x00,0x00,CURRENT,1,0,OK,12.0,11.998,1800.0,150.0,,1179.904,,,266.0,21594.0
2026-08-05 10:45:04.244,12000726,1800098,149999072,1179.898352,,1071.494,0x00,0x00,CURRENT,1,0,OK,12.0,11.998,1800.0,150.0,,1179.904,,,266.0,21594.0
2026-08-05 10:45:04.445,12000844,1800112,149998848,1179.895986,,1071.695,0x00,0x00,CURRENT,1,0,OK,12.0,11.998,1800.0,150.0,,1179.904,,,266.0,21594.0
2026-08-05 10:45:04.730,12000970,1800130,149998752,1179.894973,,1071.980,0x00,0x00,CURRENT,1,0,OK,12.0,11.998,1800.0,150.0,,1179.904,,,266.0,21594.0
2026-08-05 10:45:05.045,12001082,1800145,149998592,1179.893283,,1072.295,0x00,0x00,CURRENT,1,0,OK,12.0,11.998,1800.0,150.0,,1179.904,,,266.0,21594.0
2026-08-05 10:45:05.245,12001130,1800153,149998608,1179.893452,,1072.495,0x00,0x00,CURRENT,1,0,OK,12.0,11.998,1800.0,150.0,,1179.904,,,266.0,21594.0
2026-08-05 10:45:05.444,12001164,1800160,149998768,1179.895142,,1072.694,0x00,0x00,CURRENT,1,0,OK,12.0,11.998,1800.0,150.0,,1179.904,,,266.0,21594.0
2026-08-05 10:45:05.730,12001238,1800172,149998880,1179.896324,,1072.980,0x00,0x00,CURRENT,1,0,OK,12.0,12.0,1800.0,150.0,,1179.91,,,266.0,21601.0
2026-08-05 10:45:06.046,12001264,1800178,149998992,1179.897507,,1073.296,0x00,0x00,CURRENT,1,0,OK,12.0,12.0,1800.0,150.0,,1179.91,,,266.0,21601.0
2026-08-05 10:45:06.245,12001322,1800187,149999056,1179.898183,,1073.495,0x00,0x00,CURRENT,1,0,OK,12.0,12.0,1800.0,150.0,,1179.91,,,266.0,21601.0
2026-08-05 10:45:06.445,12001328,1800189,149999168,1179.899366,,1073.695,0x00,0x00,CURRENT,1,0,OK,12.0,12.0,1800.0,150.0,,1179.91,,,266.0,21601.0
2026-08-05 10:45:06.730,12001352,1800195,149999344,1179.901224,,1073.980,0x00,0x00,CURRENT,1,0,OK,12.0,12.0,1800.0,150.0,,1179.91,,,266.0,21601.0
2026-08-05 10:45:07.045,12001378,1800195,149999056,1179.898183,,1074.295,0x00,0x00,CURRENT,1,0,OK,12.0,12.0,1800.0,150.0,,1179.91,,,266.0,21601.0
2026-08-05 10:45:07.245,12001380,1800196,149999136,1179.899028,,1074.495,0x00,0x00,CURRENT,1,0,OK,12.0,12.0,1800.0,150.0,,1179.91,,,266.0,21601.0
2026-08-05 10:45:07.447,12001360,1800193,149999088,1179.898521,,1074.697,0x00,0x00,CURRENT,1,0,OK,12.0,12.0,1800.0,150.0,,1179.91,,,266.0,21601.0
2026-08-05 10:45:07.730,12001320,1800188,149999184,1179.899535,,1074.980,0x00,0x00,CURRENT,1,0,OK,12.0,12.001,1800.0,150.0,,1179.903,,,266.0,21604.0
2026-08-05 10:45:08.045,12001364,1800199,149999536,1179.903252,,1075.294,0x00,0x00,CURRENT,1,0,OK,12.0,12.001,1800.0,150.0,,1179.903,,,266.0,21604.0
2026-08-05 10:45:08.245,12001340,1800198,149999728,1179.905279,,1075.494,0x00,0x00,CURRENT,1,0,OK,12.0,12.001,1800.0,150.0,,1179.903,,,266.0,21604.0
2026-08-05 10:45:08.446,12001398,1800205,149999632,1179.904265,,1075.696,0x00,0x00,CURRENT,1,0,OK,12.0,12.001,1800.0,150.0,,1179.903,,,266.0,21604.0
2026-08-05 10:45:08.730,12001432,1800214,149999936,1179.907475,,1075.979,0x00,0x00,CURRENT,1,0,OK,12.0,12.001,1800.0,150.0,,1179.903,,,266.0,21604.0
2026-08-05 10:45:09.046,12001392,1800208,149999952,1179.907644,,1076.295,0x00,0x00,CURRENT,1,0,OK,12.0,12.001,1800.0,150.0,,1179.903,,,266.0,21604.0
2026-08-05 10:45:09.244,12000522,1800078,149999984,1179.907982,,1076.494,0x00,0x00,CURRENT,1,0,OK,12.0,12.001,1800.0,150.0,,1179.903,,,266.0,21604.0
2026-08-05 10:45:09.444,11999870,1799977,149999744,1179.905448,,1076.694,0x00,0x00,CURRENT,1,0,OK,12.0,12.001,1800.0,150.0,,1179.903,,,266.0,21604.0
2026-08-05 10:45:09.730,11999390,1799904,149999584,1179.903758,,1076.979,0x00,0x00,CURRENT,1,0,OK,12.0,12.001,1800.0,150.0,,1179.905,,,266.0,21604.0
2026-08-05 10:45:10.046,11999004,1799844,149999488,1179.902745,,1077.295,0x00,0x00,CURRENT,1,0,OK,12.0,12.001,1800.0,150.0,,1179.905,,,266.0,21604.0
2026-08-05 10:45:10.245,11998704,1799797,149999248,1179.900210,,1077.494,0x00,0x00,CURRENT,1,0,OK,12.0,12.001,1800.0,150.0,,1179.905,,,266.0,21604.0
2026-08-05 10:45:10.444,11998450,1799759,149999248,1179.900210,,1077.694,0x00,0x00,CURRENT,1,0,OK,12.0,12.001,1800.0,150.0,,1179.905,,,266.0,21604.0
2026-08-05 10:45:10.730,11999138,1799860,149999136,1179.899028,,1077.980,0x00,0x00,CURRENT,1,0,OK,12.0,12.001,1800.0,150.0,,1179.905,,,266.0,21604.0
2026-08-05 10:45:11.045,11999634,1799934,149999120,1179.898859,,1078.295,0x00,0x00,CURRENT,1,0,OK,12.0,12.001,1800.0,150.0,,1179.905,,,266.0,21604.0
2026-08-05 10:45:11.245,11999978,1799987,149999184,1179.899535,,1078.494,0x00,0x00,CURRENT,1,0,OK,12.0,12.001,1800.0,150.0,,1179.905,,,266.0,21604.0
2026-08-05 10:45:11.447,12000236,1800024,149999040,1179.898014,,1078.696,0x00,0x00,CURRENT,1,0,OK,12.0,12.001,1800.0,150.0,,1179.905,,,266.0,21604.0
2026-08-05 10:45:11.730,12000384,1800050,149999360,1179.901393,,1078.979,0x00,0x00,CURRENT,1,0,OK,12.0,12.0,1800.0,149.999,,1179.901,,,266.0,21599.0
2026-08-05 10:45:12.045,12000530,1800069,149999136,1179.899028,,1079.294,0x00,0x00,CURRENT,1,0,OK,12.0,12.0,1800.0,149.999,,1179.901,,,266.0,21599.0
2026-08-05 10:45:12.246,12000688,1800089,149998848,1179.895986,,1079.495,0x00,0x00,CURRENT,1,0,OK,12.0,12.0,1800.0,149.999,,1179.901,,,266.0,21599.0
2026-08-05 10:45:12.445,12000740,1800100,149999072,1179.898352,,1079.694,0x00,0x00,CURRENT,1,0,OK,12.0,12.0,1800.0,149.999,,1179.901,,,266.0,21599.0
2026-08-05 10:45:12.730,12000770,1800106,149999184,1179.899535,,1079.979,0x00,0x00,CURRENT,1,0,OK,12.0,12.0,1800.0,149.999,,1179.901,,,266.0,21599.0
2026-08-05 10:45:13.046,12000830,1800113,149999088,1179.898521,,1080.295,0x00,0x00,CURRENT,1,0,OK,12.0,12.0,1800.0,149.999,,1179.901,,,266.0,21599.0
2026-08-05 10:45:13.245,12000064,1799997,149998928,1179.896831,,1080.494,0x00,0x00,CURRENT,1,0,OK,12.0,12.0,1800.0,149.999,,1179.901,,,266.0,21599.0
2026-08-05 10:45:13.444,11999442,1799907,149999200,1179.899703,,1080.694,0x00,0x00,CURRENT,1,0,OK,12.0,12.0,1800.0,149.999,,1179.901,,,266.0,21599.0
2026-08-05 10:45:13.730,11999070,1799848,149998992,1179.897507,,1080.979,0x00,0x00,CURRENT,1,0,OK,12.0,12.001,1800.0,149.999,,1179.901,,,266.0,21602.0
2026-08-05 10:45:14.045,11998744,1799802,149999200,1179.899703,,1081.294,0x00,0x00,CURRENT,1,0,OK,12.0,12.001,1800.0,149.999,,1179.901,,,266.0,21602.0
2026-08-05 10:45:14.245,11999330,1799890,149999216,1179.899872,,1081.494,0x00,0x00,CURRENT,1,0,OK,12.0,12.001,1800.0,149.999,,1179.901,,,266.0,21602.0
2026-08-05 10:45:14.445,11999758,1799957,149999440,1179.902238,,1081.694,0x00,0x00,CURRENT,1,0,OK,12.0,12.001,1800.0,149.999,,1179.901,,,266.0,21602.0
2026-08-05 10:45:14.730,12000080,1800004,149999360,1179.901393,,1081.979,0x00,0x00,CURRENT,1,0,OK,12.0,12.001,1800.0,149.999,,1179.901,,,266.0,21602.0
2026-08-05 10:45:15.046,12000314,1800036,149999120,1179.898859,,1082.295,0x00,0x00,CURRENT,1,0,OK,12.0,12.001,1800.0,149.999,,1179.901,,,266.0,21602.0
2026-08-05 10:45:15.245,12000554,1800074,149999232,1179.900041,,1082.494,0x00,0x00,CURRENT,1,0,OK,12.0,12.001,1800.0,149.999,,1179.901,,,266.0,21602.0
2026-08-05 10:45:15.447,12000742,1800100,149999056,1179.898183,,1082.697,0x00,0x00,CURRENT,1,0,OK,12.0,12.001,1800.0,149.999,,1179.901,,,266.0,21602.0
2026-08-05 10:45:15.730,12000958,1800132,149999040,1179.898014,,1082.979,0x00,0x00,CURRENT,1,0,OK,12.0,12.0,1800.0,150.0,,1179.905,,,266.0,21600.0
2026-08-05 10:45:16.045,12001092,1800152,149999040,1179.898014,,1083.294,0x00,0x00,CURRENT,1,0,OK,12.0,12.0,1800.0,150.0,,1179.905,,,266.0,21600.0
2026-08-05 10:45:16.245,12000298,1800035,149999200,1179.899703,,1083.494,0x00,0x00,CURRENT,1,0,OK,12.0,12.0,1800.0,150.0,,1179.905,,,266.0,21600.0
2026-08-05 10:45:16.445,11999750,1799954,149999264,1179.900379,,1083.694,0x00,0x00,CURRENT,1,0,OK,12.0,12.0,1800.0,150.0,,1179.905,,,266.0,21600.0
2026-08-05 10:45:16.730,11999282,1799884,149999344,1179.901224,,1083.979,0x00,0x00,CURRENT,1,0,OK,12.0,12.0,1800.0,150.0,,1179.905,,,266.0,21600.0
2026-08-05 10:45:17.045,11999016,1799842,149999136,1179.899028,,1084.295,0x00,0x00,CURRENT,1,0,OK,12.0,12.0,1800.0,150.0,,1179.905,,,266.0,21600.0
2026-08-05 10:45:17.245,11998814,1799813,149999248,1179.900210,,1084.495,0x00,0x00,CURRENT,1,0,OK,12.0,12.0,1800.0,150.0,,1179.905,,,266.0,21600.0
2026-08-05 10:45:17.447,11998674,1799789,149998992,1179.897507,,1084.696,0x00,0x00,CURRENT,1,0,OK,12.0,12.0,1800.0,150.0,,1179.905,,,266.0,21600.0
2026-08-05 10:45:17.730,11999370,1799895,149999104,1179.898690,,1084.979,0x00,0x00,CURRENT,1,0,OK,12.0,12.0,1800.0,150.0,,1179.903,,,266.0,21598.0
2026-08-05 10:45:18.046,11999872,1799969,149999024,1179.897845,,1085.295,0x00,0x00,CURRENT,1,0,OK,12.0,12.0,1800.0,150.0,,1179.903,,,266.0,21598.0
2026-08-05 10:45:18.245,12000222,1800024,149999184,1179.899535,,1085.494,0x00,0x00,CURRENT,1,0,OK,12.0,12.0,1800.0,150.0,,1179.903,,,266.0,21598.0
2026-08-05 10:45:18.445,12000476,1800062,149999248,1179.900210,,1085.694,0x00,0x00,CURRENT,1,0,OK,12.0,12.0,1800.0,150.0,,1179.903,,,266.0,21598.0
2026-08-05 10:45:18.730,12000666,1800091,149999248,1179.900210,,1085.979,0x00,0x00,CURRENT,1,0,OK,12.0,12.0,1800.0,150.0,,1179.903,,,266.0,21598.0
2026-08-05 10:45:19.046,12000872,1800117,149998848,1179.895986,,1086.295,0x00,0x00,CURRENT,1,0,OK,12.0,12.0,1800.0,150.0,,1179.903,,,266.0,21598.0
2026-08-05 10:45:19.245,12001010,1800136,149998752,1179.894973,,1086.494,0x00,0x00,CURRENT,1,0,OK,12.0,12.0,1800.0,150.0,,1179.903,,,266.0,21598.0
2026-08-05 10:45:19.447,12001046,1800147,149999168,1179.899366,,1086.697,0x00,0x00,CURRENT,1,0,OK,12.0,12.0,1800.0,150.0,,1179.903,,,266.0,21598.0
2026-08-05 10:45:19.730,12000234,1800026,149999184,1179.899535,,1086.980,0x00,0x00,CURRENT,1,0,OK,12.0,12.0,1800.0,149.999,,1179.901,,,266.0,21601.0
2026-08-05 10:45:20.045,11999684,1799942,149999136,1179.899028,,1087.295,0x00,0x00,CURRENT,1,0,OK,12.0,12.0,1800.0,149.999,,1179.901,,,266.0,21601.0
2026-08-05 10:45:20.244,11999240,1799877,149999232,1179.900041,,1087.493,0x00,0x00,CURRENT,1,0,OK,12.0,12.0,1800.0,149.999,,1179.901,,,266.0,21601.0
2026-08-05 10:45:20.446,11998928,1799828,149999088,1179.898521,,1087.695,0x00,0x00,CURRENT,1,0,OK,12.0,12.0,1800.0,149.999,,1179.901,,,266.0,21601.0
2026-08-05 10:45:20.730,11999494,1799918,149999504,1179.902914,,1087.979,0x00,0x00,CURRENT,1,0,OK,12.0,12.0,1800.0,149.999,,1179.901,,,266.0,21601.0
2026-08-05 10:45:21.045,11999958,1799988,149999536,1179.903252,,1088.294,0x00,0x00,CURRENT,1,0,OK,12.0,12.0,1800.0,149.999,,1179.901,,,266.0,21601.0
2026-08-05 10:45:21.245,12000314,1800041,149999536,1179.903252,,1088.494,0x00,0x00,CURRENT,1,0,OK,12.0,12.0,1800.0,149.999,,1179.901,,,266.0,21601.0
2026-08-05 10:45:21.444,12000608,1800083,149999328,1179.901055,,1088.694,0x00,0x00,CURRENT,1,0,OK,12.0,12.0,1800.0,149.999,,1179.901,,,266.0,21601.0
2026-08-05 10:45:21.730,12000020,1799994,149999280,1179.900548,,1088.979,0x00,0x00,CURRENT,1,0,OK,12.0,12.0,1800.0,149.999,,1179.901,,,266.0,21600.0
2026-08-05 10:45:22.045,11999558,1799925,149999264,1179.900379,,1089.294,0x00,0x00,CURRENT,1,0,OK,12.0,12.0,1800.0,149.999,,1179.901,,,266.0,21600.0
2026-08-05 10:45:22.244,11999166,1799865,149999200,1179.899703,,1089.493,0x00,0x00,CURRENT,1,0,OK,12.0,12.0,1800.0,149.999,,1179.901,,,266.0,21600.0
2026-08-05 10:45:22.445,11998854,1799820,149999360,1179.901393,,1089.694,0x00,0x00,CURRENT,1,0,OK,12.0,12.0,1800.0,149.999,,1179.901,,,266.0,21600.0
2026-08-05 10:45:22.730,11999486,1799916,149999472,1179.902576,,1089.979,0x00,0x00,CURRENT,1,0,OK,12.0,12.0,1800.0,149.999,,1179.901,,,266.0,21600.0
2026-08-05 10:45:23.045,11999970,1799989,149999488,1179.902745,,1090.294,0x00,0x00,CURRENT,1,0,OK,12.0,12.0,1800.0,149.999,,1179.901,,,266.0,21600.0
2026-08-05 10:45:23.245,12000294,1800033,149999056,1179.898183,,1090.494,0x00,0x00,CURRENT,1,0,OK,12.0,12.0,1800.0,149.999,,1179.901,,,266.0,21600.0
2026-08-05 10:45:23.444,12000538,1800072,149999232,1179.900041,,1090.694,0x00,0x00,CURRENT,1,0,OK,12.0,12.0,1800.0,149.999,,1179.901,,,266.0,21600.0
2026-08-05 10:45:23.730,12000694,1800098,149999504,1179.902914,,1090.979,0x00,0x00,CURRENT,1,0,OK,12.0,12.0,1800.0,149.999,,1179.897,,,266.0,21599.0
2026-08-05 10:45:24.045,12000828,1800120,149999632,1179.904265,,1091.294,0x00,0x00,CURRENT,1,0,OK,12.0,12.0,1800.0,149.999,,1179.897,,,266.0,21599.0
2026-08-05 10:45:24.245,12000894,1800126,149999344,1179.901224,,1091.494,0x00,0x00,CURRENT,1,0,OK,12.0,12.0,1800.0,149.999,,1179.897,,,266.0,21599.0
2026-08-05 10:45:24.446,12000848,1800126,149999872,1179.906800,,1091.695,0x00,0x00,CURRENT,1,0,OK,12.0,12.0,1800.0,149.999,,1179.897,,,266.0,21599.0
2026-08-05 10:45:24.730,12000078,1800005,149999408,1179.901900,,1091.979,0x00,0x00,CURRENT,1,0,OK,12.0,12.0,1800.0,149.999,,1179.897,,,266.0,21599.0
2026-08-05 10:45:25.046,11999396,1799905,149999584,1179.903758,,1092.295,0x00,0x00,CURRENT,1,0,OK,12.0,12.0,1800.0,149.999,,1179.897,,,266.0,21599.0
2026-08-05 10:45:25.246,11998934,1799833,149999440,1179.902238,,1092.495,0x00,0x00,CURRENT,1,0,OK,12.0,12.0,1800.0,149.999,,1179.897,,,266.0,21599.0
2026-08-05 10:45:25.446,11998604,1799784,149999424,1179.902069,,1092.695,0x00,0x00,CURRENT,1,0,OK,12.0,12.0,1800.0,149.999,,1179.897,,,266.0,21599.0
2026-08-05 10:45:25.730,11999142,1799864,149999392,1179.901731,,1092.979,0x00,0x00,CURRENT,1,0,OK,12.0,12.0,1800.0,149.999,,1179.901,,,266.0,21599.0
2026-08-05 10:45:26.045,11999486,1799919,149999664,1179.904603,,1093.294,0x00,0x00,CURRENT,1,0,OK,12.0,12.0,1800.0,149.999,,1179.901,,,266.0,21599.0
2026-08-05 10:45:26.261,11999812,1799967,149999568,1179.903589,,1093.510,0x00,0x00,CURRENT,1,0,OK,12.0,12.0,1800.0,149.999,,1179.901,,,266.0,21599.0
2026-08-05 10:45:26.474,12000074,1800009,149999824,1179.906293,,1093.723,0x00,0x00,CURRENT,1,0,OK,12.0,12.0,1800.0,149.999,,1179.901,,,266.0,21599.0
2026-08-05 10:45:26.730,12000354,1800047,149999456,1179.902407,,1093.979,0x00,0x00,CURRENT,1,0,OK,12.0,12.0,1800.0,149.999,,1179.901,,,266.0,21599.0
2026-08-05 10:45:27.046,12000472,1800066,149999600,1179.903927,,1094.295,0x00,0x00,CURRENT,1,0,OK,12.0,12.0,1800.0,149.999,,1179.901,,,266.0,21599.0
2026-08-05 10:45:27.245,12000652,1800093,149999600,1179.903927,,1094.494,0x00,0x00,CURRENT,1,0,OK,12.0,12.0,1800.0,149.999,,1179.901,,,266.0,21599.0
2026-08-05 10:45:27.447,12000760,1800106,149999344,1179.901224,,1094.697,0x00,0x00,CURRENT,1,0,OK,12.0,12.0,1800.0,149.999,,1179.901,,,266.0,21599.0
2026-08-05 10:45:27.730,12000832,1800120,149999632,1179.904265,,1094.979,0x00,0x00,CURRENT,1,0,OK,12.0,12.0,1800.0,149.999,,1179.901,,,266.0,21601.0
2026-08-05 10:45:28.045,12000942,1800136,149999568,1179.903589,,1095.294,0x00,0x00,CURRENT,1,0,OK,12.0,12.0,1800.0,149.999,,1179.901,,,266.0,21601.0
2026-08-05 10:45:28.246,12000102,1800011,149999696,1179.904941,,1095.495,0x00,0x00,CURRENT,1,0,OK,12.0,12.0,1800.0,149.999,,1179.901,,,266.0,21601.0
2026-08-05 10:45:28.446,11999498,1799920,149999616,1179.904096,,1095.695,0x00,0x00,CURRENT,1,0,OK,12.0,12.0,1800.0,149.999,,1179.901,,,266.0,21601.0
2026-08-05 10:45:28.730,11999066,1799857,149999728,1179.905279,,1095.979,0x00,0x00,CURRENT,1,0,OK,12.0,12.0,1800.0,149.999,,1179.901,,,266.0,21601.0
2026-08-05 10:45:29.046,11998796,1799814,149999568,1179.903589,,1096.295,0x00,0x00,CURRENT,1,0,OK,12.0,12.0,1800.0,149.999,,1179.901,,,266.0,21601.0
2026-08-05 10:45:29.245,11999368,1799899,149999440,1179.902238,,1096.494,0x00,0x00,CURRENT,1,0,OK,12.0,12.0,1800.0,149.999,,1179.901,,,266.0,21601.0
2026-08-05 10:45:29.445,11999816,1799966,149999488,1179.902745,,1096.695,0x00,0x00,CURRENT,1,0,OK,12.0,12.0,1800.0,149.999,,1179.901,,,266.0,21601.0
2026-08-05 10:45:29.730,12000160,1800016,149999360,1179.901393,,1096.979,0x00,0x00,CURRENT,1,0,OK,12.0,11.999,1800.0,149.999,,1179.897,,,266.0,21598.0
2026-08-05 10:45:30.046,12000382,1800048,149999248,1179.900210,,1097.295,0x00,0x00,CURRENT,1,0,OK,12.0,11.999,1800.0,149.999,,1179.897,,,266.0,21598.0
2026-08-05 10:45:30.246,12000538,1800077,149999680,1179.904772,,1097.495,0x00,0x00,CURRENT,1,0,OK,12.0,11.999,1800.0,149.999,,1179.897,,,266.0,21598.0
2026-08-05 10:45:30.445,12000684,1800099,149999680,1179.904772,,1097.694,0x00,0x00,CURRENT,1,0,OK,12.0,11.999,1800.0,149.999,,1179.897,,,266.0,21598.0
2026-08-05 10:45:30.730,12000730,1800107,149999808,1179.906124,,1097.979,0x00,0x00,CURRENT,1,0,OK,12.0,11.999,1800.0,149.999,,1179.897,,,266.0,21598.0
2026-08-05 10:45:31.046,12000800,1800115,149999584,1179.903758,,1098.295,0x00,0x00,CURRENT,1,0,OK,12.0,11.999,1800.0,149.999,,1179.897,,,266.0,21598.0
2026-08-05 10:45:31.245,12000042,1800000,149999472,1179.902576,,1098.495,0x00,0x00,CURRENT,1,0,OK,12.0,11.999,1800.0,149.999,,1179.897,,,266.0,21598.0
2026-08-05 10:45:31.448,11999444,1799911,149999552,1179.903420,,1098.697,0x00,0x00,CURRENT,1,0,OK,12.0,11.999,1800.0,149.999,,1179.897,,,266.0,21598.0
2026-08-05 10:45:31.730,11999052,1799850,149999376,1179.901562,,1098.979,0x00,0x00,CURRENT,1,0,OK,12.0,12.001,1800.0,149.999,,1179.898,,,266.0,21602.0
2026-08-05 10:45:32.046,11998712,1799799,149999328,1179.901055,,1099.295,0x00,0x00,CURRENT,1,0,OK,12.0,12.001,1800.0,149.999,,1179.898,,,266.0,21602.0
2026-08-05 10:45:32.245,11999270,1799883,149999344,1179.901224,,1099.494,0x00,0x00,CURRENT,1,0,OK,12.0,12.001,1800.0,149.999,,1179.898,,,266.0,21602.0
2026-08-05 10:45:32.444,11999714,1799947,149999184,1179.899535,,1099.694,0x00,0x00,CURRENT,1,0,OK,12.0,12.001,1800.0,149.999,,1179.898,,,266.0,21602.0
2026-08-05 10:45:32.729,12000112,1800002,149998800,1179.895480,,1099.979,0x00,0x00,CURRENT,1,0,OK,12.0,12.001,1800.0,149.999,,1179.898,,,266.0,21602.0
2026-08-05 10:45:33.046,12000310,1800037,149999232,1179.900041,,1100.295,0x00,0x00,CURRENT,1,0,OK,12.0,12.001,1800.0,149.999,,1179.898,,,266.0,21602.0
2026-08-05 10:45:33.245,12000530,1800066,149998896,1179.896493,,1100.495,0x00,0x00,CURRENT,1,0,OK,12.0,12.001,1800.0,149.999,,1179.898,,,266.0,21602.0
2026-08-05 10:45:33.447,12000688,1800089,149998832,1179.895817,,1100.696,0x00,0x00,CURRENT,1,0,OK,12.0,12.001,1800.0,149.999,,1179.898,,,266.0,21602.0
2026-08-05 10:45:33.729,12000750,1800104,149999312,1179.900886,,1100.979,0x00,0x00,CURRENT,1,0,OK,12.0,12.0,1800.0,149.999,,1179.902,,,266.0,21600.0
2026-08-05 10:45:34.045,12000908,1800126,149999152,1179.899197,,1101.295,0x00,0x00,CURRENT,1,0,OK,12.0,12.0,1800.0,149.999,,1179.902,,,266.0,21600.0
2026-08-05 10:45:34.244,12000142,1800014,149999424,1179.902069,,1101.494,0x00,0x00,CURRENT,1,0,OK,12.0,12.0,1800.0,149.999,,1179.902,,,266.0,21600.0
2026-08-05 10:45:34.446,11999594,1799929,149999184,1179.899535,,1101.695,0x00,0x00,CURRENT,1,0,OK,12.0,12.0,1800.0,149.999,,1179.902,,,266.0,21600.0
2026-08-05 10:45:34.729,12000022,1799999,149999600,1179.903927,,1101.979,0x00,0x00,CURRENT,1,0,OK,12.0,12.0,1800.0,149.999,,1179.902,,,266.0,21600.0
2026-08-05 10:45:35.045,12000334,1800042,149999360,1179.901393,,1102.294,0x00,0x00,CURRENT,1,0,OK,12.0,12.0,1800.0,149.999,,1179.902,,,266.0,21600.0
2026-08-05 10:45:35.246,11999740,1799950,149999040,1179.898014,,1102.495,0x00,0x00,CURRENT,1,0,OK,12.0,12.0,1800.0,149.999,,1179.902,,,266.0,21600.0
2026-08-05 10:45:35.447,11999274,1799879,149998960,1179.897169,,1102.696,0x00,0x00,CURRENT,1,0,OK,12.0,12.0,1800.0,149.999,,1179.902,,,266.0,21600.0
2026-08-05 10:45:35.729,11999728,1799949,149999136,1179.899028,,1102.979,0x00,0x00,CURRENT,1,0,OK,12.0,12.0,1800.0,149.999,,1179.894,,,266.0,21601.0
2026-08-05 10:45:36.044,12000104,1800006,149999216,1179.899872,,1103.294,0x00,0x00,CURRENT,1,0,OK,12.0,12.0,1800.0,149.999,,1179.894,,,266.0,21601.0
2026-08-05 10:45:36.245,12000386,1800051,149999424,1179.902069,,1103.494,0x00,0x00,CURRENT,1,0,OK,12.0,12.0,1800.0,149.999,,1179.894,,,266.0,21601.0
2026-08-05 10:45:36.445,12000598,1800083,149999440,1179.902238,,1103.695,0x00,0x00,CURRENT,1,0,OK,12.0,12.0,1800.0,149.999,,1179.894,,,266.0,21601.0
2026-08-05 10:45:36.730,11999918,1799978,149999152,1179.899197,,1103.979,0x00,0x00,CURRENT,1,0,OK,12.0,12.0,1800.0,149.999,,1179.894,,,266.0,21601.0
2026-08-05 10:45:37.046,11999408,1799899,149999024,1179.897845,,1104.295,0x00,0x00,CURRENT,1,0,OK,12.0,12.0,1800.0,149.999,,1179.894,,,266.0,21601.0
2026-08-05 10:45:37.246,11999846,1799964,149998928,1179.896831,,1104.495,0x00,0x00,CURRENT,1,0,OK,12.0,12.0,1800.0,149.999,,1179.894,,,266.0,21601.0
2026-08-05 10:45:37.448,12000184,1800017,149999104,1179.898690,,1104.697,0x00,0x00,CURRENT,1,0,OK,12.0,12.0,1800.0,149.999,,1179.894,,,266.0,21601.0
2026-08-05 10:45:37.729,12000446,1800055,149998960,1179.897169,,1104.979,0x00,0x00,CURRENT,1,0,OK,12.0,12.0,1800.0,149.999,,1179.902,,,266.0,21599.0
2026-08-05 10:45:38.045,12000698,1800092,149998912,1179.896662,,1105.295,0x00,0x00,CURRENT,1,0,OK,12.0,12.0,1800.0,149.999,,1179.902,,,266.0,21599.0
2026-08-05 10:45:38.246,12000050,1799995,149998912,1179.896662,,1105.495,0x00,0x00,CURRENT,1,0,OK,12.0,12.0,1800.0,149.999,,1179.902,,,266.0,21599.0
2026-08-05 10:45:38.445,11999480,1799910,149999024,1179.897845,,1105.694,0x00,0x00,CURRENT,1,0,OK,12.0,12.0,1800.0,149.999,,1179.902,,,266.0,21599.0
2026-08-05 10:45:38.729,11999898,1799976,149999216,1179.899872,,1105.979,0x00,0x00,CURRENT,1,0,OK,12.0,12.0,1800.0,149.999,,1179.902,,,266.0,21599.0
2026-08-05 10:45:39.045,12000260,1800027,149999008,1179.897676,,1106.295,0x00,0x00,CURRENT,1,0,OK,12.0,12.0,1800.0,149.999,,1179.902,,,266.0,21599.0
2026-08-05 10:45:39.244,12000476,1800059,149998960,1179.897169,,1106.494,0x00,0x00,CURRENT,1,0,OK,12.0,12.0,1800.0,149.999,,1179.902,,,266.0,21599.0
2026-08-05 10:45:39.447,12000684,1800090,149998912,1179.896662,,1106.697,0x00,0x00,CURRENT,1,0,OK,12.0,12.0,1800.0,149.999,,1179.902,,,266.0,21599.0
2026-08-05 10:45:39.730,12000794,1800108,149999104,1179.898690,,1106.979,0x00,0x00,CURRENT,1,0,OK,12.0,12.0,1800.0,150.0,,1179.904,,,266.0,21600.0
2026-08-05 10:45:40.046,12000876,1800117,149998832,1179.895817,,1107.295,0x00,0x00,CURRENT,1,0,OK,12.0,12.0,1800.0,150.0,,1179.904,,,266.0,21600.0
2026-08-05 10:45:40.244,12000090,1800005,149999264,1179.900379,,1107.494,0x00,0x00,CURRENT,1,0,OK,12.0,12.0,1800.0,150.0,,1179.904,,,266.0,21600.0
2026-08-05 10:45:40.444,11999574,1799926,149999168,1179.899366,,1107.694,0x00,0x00,CURRENT,1,0,OK,12.0,12.0,1800.0,150.0,,1179.904,,,266.0,21600.0
2026-08-05 10:45:40.730,11999112,1799856,149999120,1179.898859,,1107.979,0x00,0x00,CURRENT,1,0,OK,12.0,12.0,1800.0,150.0,,1179.904,,,266.0,21600.0
2026-08-05 10:45:41.045,11998776,1799806,149999120,1179.898859,,1108.294,0x00,0x00,CURRENT,1,0,OK,12.0,12.0,1800.0,150.0,,1179.904,,,266.0,21600.0
2026-08-05 10:45:41.244,11999354,1799894,149999264,1179.900379,,1108.494,0x00,0x00,CURRENT,1,0,OK,12.0,12.0,1800.0,150.0,,1179.904,,,266.0,21600.0
2026-08-05 10:45:41.478,11999870,1799968,149998960,1179.897169,,1108.728,0x00,0x00,CURRENT,1,0,OK,12.0,12.0,1800.0,150.0,,1179.904,,,266.0,21600.0
2026-08-05 10:45:41.729,12000220,1800023,149999136,1179.899028,,1108.979,0x00,0x00,CURRENT,1,0,OK,12.0,11.999,1800.0,149.999,,1179.903,,,266.0,21598.0
2026-08-05 10:45:42.046,12000502,1800065,149999168,1179.899366,,1109.295,0x00,0x00,CURRENT,1,0,OK,12.0,11.999,1800.0,149.999,,1179.903,,,266.0,21598.0
2026-08-05 10:45:42.245,12000702,1800097,149999312,1179.900886,,1109.494,0x00,0x00,CURRENT,1,0,OK,12.0,11.999,1800.0,149.999,,1179.903,,,266.0,21598.0
2026-08-05 10:45:42.445,12000892,1800124,149999216,1179.899872,,1109.695,0x00,0x00,CURRENT,1,0,OK,12.0,11.999,1800.0,149.999,,1179.903,,,266.0,21598.0
2026-08-05 10:45:42.762,12000174,1800019,149999408,1179.901900,,1110.011,0x00,0x00,CURRENT,1,0,OK,12.0,11.999,1800.0,149.999,,1179.903,,,266.0,21598.0
2026-08-05 10:45:43.044,11999600,1799930,149999200,1179.899703,,1110.294,0x00,0x00,CURRENT,1,0,OK,12.0,11.999,1800.0,149.999,,1179.903,,,266.0,21598.0
2026-08-05 10:45:43.245,12000064,1799999,149999104,1179.898690,,1110.494,0x00,0x00,CURRENT,1,0,OK,12.0,11.999,1800.0,149.999,,1179.903,,,266.0,21598.0
2026-08-05 10:45:43.445,12000356,1800044,149999184,1179.899535,,1110.694,0x00,0x00,CURRENT,1,0,OK,12.0,11.999,1800.0,149.999,,1179.903,,,266.0,21598.0
2026-08-05 10:45:43.729,11999774,1799959,149999408,1179.901900,,1110.979,0x00,0x00,CURRENT,1,0,OK,12.0,12.0,1800.0,149.999,,1179.899,,,266.0,21599.0
2026-08-05 10:45:44.045,11999356,1799893,149999152,1179.899197,,1111.295,0x00,0x00,CURRENT,1,0,OK,12.0,12.0,1800.0,149.999,,1179.899,,,266.0,21599.0
2026-08-05 10:45:44.245,11999844,1799969,149999328,1179.901055,,1111.495,0x00,0x00,CURRENT,1,0,OK,12.0,12.0,1800.0,149.999,,1179.899,,,266.0,21599.0
2026-08-05 10:45:44.444,12000220,1800024,149999216,1179.899872,,1111.694,0x00,0x00,CURRENT,1,0,OK,12.0,12.0,1800.0,149.999,,1179.899,,,266.0,21599.0
2026-08-05 10:45:44.729,12000520,1800068,149999184,1179.899535,,1111.979,0x00,0x00,CURRENT,1,0,OK,12.0,12.0,1800.0,149.999,,1179.899,,,266.0,21599.0
2026-08-05 10:45:45.044,12000716,1800097,149999168,1179.899366,,1112.294,0x00,0x00,CURRENT,1,0,OK,12.0,12.0,1800.0,149.999,,1179.899,,,266.0,21599.0
2026-08-05 10:45:45.246,12000072,1800000,149999120,1179.898859,,1112.495,0x00,0x00,CURRENT,1,0,OK,12.0,12.0,1800.0,149.999,,1179.899,,,266.0,21599.0
2026-08-05 10:45:45.445,11999570,1799928,149999328,1179.901055,,1112.695,0x00,0x00,CURRENT,1,0,OK,12.0,12.0,1800.0,149.999,,1179.899,,,266.0,21599.0
2026-08-05 10:45:45.729,11999092,1799856,149999328,1179.901055,,1112.979,0x00,0x00,CURRENT,1,0,OK,12.0,12.0,1800.0,150.0,,1179.903,,,266.0,21601.0
2026-08-05 10:45:46.044,11998750,1799801,149999024,1179.897845,,1113.294,0x00,0x00,CURRENT,1,0,OK,12.0,12.0,1800.0,150.0,,1179.903,,,266.0,21601.0
2026-08-05 10:45:46.244,11999314,1799884,149998912,1179.896662,,1113.494,0x00,0x00,CURRENT,1,0,OK,12.0,12.0,1800.0,150.0,,1179.903,,,266.0,21601.0
2026-08-05 10:45:46.444,11999712,1799947,149999232,1179.900041,,1113.694,0x00,0x00,CURRENT,1,0,OK,12.0,12.0,1800.0,150.0,,1179.903,,,266.0,21601.0
2026-08-05 10:45:46.730,12000046,1799998,149999280,1179.900548,,1113.979,0x00,0x00,CURRENT,1,0,OK,12.0,12.0,1800.0,150.0,,1179.903,,,266.0,21601.0
2026-08-05 10:45:47.046,12000276,1800031,149999152,1179.899197,,1114.295,0x00,0x00,CURRENT,1,0,OK,12.0,12.0,1800.0,150.0,,1179.903,,,266.0,21601.0
2026-08-05 10:45:47.244,12000442,1800057,149999216,1179.899872,,1114.494,0x00,0x00,CURRENT,1,0,OK,12.0,12.0,1800.0,150.0,,1179.903,,,266.0,21601.0
2026-08-05 10:45:47.445,12000528,1800069,149999184,1179.899535,,1114.695,0x00,0x00,CURRENT,1,0,OK,12.0,12.0,1800.0,150.0,,1179.903,,,266.0,21601.0
2026-08-05 10:45:47.730,12000612,1800081,149999136,1179.899028,,1114.979,0x00,0x00,CURRENT,1,0,OK,12.0,12.0,1800.0,149.999,,1179.9,,,266.0,21600.0
2026-08-05 10:45:48.045,12000692,1800093,149999136,1179.899028,,1115.295,0x00,0x00,CURRENT,1,0,OK,12.0,12.0,1800.0,149.999,,1179.9,,,266.0,21600.0
2026-08-05 10:45:48.244,12000828,1800112,149999040,1179.898014,,1115.494,0x00,0x00,CURRENT,1,0,OK,12.0,12.0,1800.0,149.999,,1179.9,,,266.0,21600.0
2026-08-05 10:45:48.444,12000900,1800125,149999136,1179.899028,,1115.694,0x00,0x00,CURRENT,1,0,OK,12.0,12.0,1800.0,149.999,,1179.9,,,266.0,21600.0
2026-08-05 10:45:48.729,12000192,1800019,149999184,1179.899535,,1115.979,0x00,0x00,CURRENT,1,0,OK,12.0,12.0,1800.0,149.999,,1179.9,,,266.0,21600.0
2026-08-05 10:45:49.044,11999632,1799933,149999024,1179.897845,,1116.294,0x00,0x00,CURRENT,1,0,OK,12.0,12.0,1800.0,149.999,,1179.9,,,266.0,21600.0
2026-08-05 10:45:49.244,11999186,1799868,149999216,1179.899872,,1116.494,0x00,0x00,CURRENT,1,0,OK,12.0,12.0,1800.0,149.999,,1179.9,,,266.0,21600.0
2026-08-05 10:45:49.447,11998830,1799815,149999232,1179.900041,,1116.697,0x00,0x00,CURRENT,1,0,OK,12.0,12.0,1800.0,149.999,,1179.9,,,266.0,21600.0
2026-08-05 10:45:49.729,11999478,1799909,149998944,1179.897000,,1116.979,0x00,0x00,CURRENT,1,0,OK,12.0,12.0,1800.0,149.999,,1179.897,,,266.0,21600.0
2026-08-05 10:45:50.045,11999916,1799979,149999296,1179.900717,,1117.295,0x00,0x00,CURRENT,1,0,OK,12.0,12.0,1800.0,149.999,,1179.897,,,266.0,21600.0
2026-08-05 10:45:50.244,12000236,1800028,149999360,1179.901393,,1117.494,0x00,0x00,CURRENT,1,0,OK,12.0,12.0,1800.0,149.999,,1179.897,,,266.0,21600.0
2026-08-05 10:45:50.444,12000506,1800067,149999248,1179.900210,,1117.694,0x00,0x00,CURRENT,1,0,OK,12.0,12.0,1800.0,149.999,,1179.897,,,266.0,21600.0
2026-08-05 10:45:50.729,12000706,1800095,149999088,1179.898521,,1117.979,0x00,0x00,CURRENT,1,0,OK,12.0,12.0,1800.0,149.999,,1179.897,,,266.0,21600.0
2026-08-05 10:45:51.045,12000886,1800120,149998960,1179.897169,,1118.295,0x00,0x00,CURRENT,1,0,OK,12.0,12.0,1800.0,149.999,,1179.897,,,266.0,21600.0
2026-08-05 10:45:51.244,12000172,1800013,149998976,1179.897338,,1118.494,0x00,0x00,CURRENT,1,0,OK,12.0,12.0,1800.0,149.999,,1179.897,,,266.0,21600.0
2026-08-05 10:45:51.447,11999616,1799933,149999184,1179.899535,,1118.696,0x00,0x00,CURRENT,1,0,OK,12.0,12.0,1800.0,149.999,,1179.897,,,266.0,21600.0
2026-08-05 10:45:51.729,11999210,1799872,149999248,1179.900210,,1118.979,0x00,0x00,CURRENT,1,0,OK,12.0,12.001,1800.0,149.999,,1179.899,,,266.0,21602.0
2026-08-05 10:45:52.044,11998952,1799833,149999168,1179.899366,,1119.294,0x00,0x00,CURRENT,1,0,OK,12.0,12.001,1800.0,149.999,,1179.899,,,266.0,21602.0
2026-08-05 10:45:52.244,11999644,1799938,149999280,1179.900548,,1119.494,0x00,0x00,CURRENT,1,0,OK,12.0,12.001,1800.0,149.999,,1179.899,,,266.0,21602.0
2026-08-05 10:45:52.444,12000124,1800012,149999472,1179.902576,,1119.694,0x00,0x00,CURRENT,1,0,OK,12.0,12.001,1800.0,149.999,,1179.899,,,266.0,21602.0
2026-08-05 10:45:52.729,12000560,1800079,149999536,1179.903252,,1119.979,0x00,0x00,CURRENT,1,0,OK,12.0,12.001,1800.0,149.999,,1179.899,,,266.0,21602.0
2026-08-05 10:45:53.045,12000822,1800116,149999392,1179.901731,,1120.295,0x00,0x00,CURRENT,1,0,OK,12.0,12.001,1800.0,149.999,,1179.899,,,266.0,21602.0
2026-08-05 10:45:53.244,12000208,1800022,149999248,1179.900210,,1120.494,0x00,0x00,CURRENT,1,0,OK,12.0,12.001,1800.0,149.999,,1179.899,,,266.0,21602.0
2026-08-05 10:45:53.445,11999728,1799950,149999184,1179.899535,,1120.694,0x00,0x00,CURRENT,1,0,OK,12.0,12.001,1800.0,149.999,,1179.899,,,266.0,21602.0
2026-08-05 10:45:53.729,11999312,1799889,149999344,1179.901224,,1120.979,0x00,0x00,CURRENT,1,0,OK,12.0,12.0,1800.0,149.999,,1179.899,,,266.0,21602.0
2026-08-05 10:45:54.045,11999008,1799844,149999360,1179.901393,,1121.295,0x00,0x00,CURRENT,1,0,OK,12.0,12.0,1800.0,149.999,,1179.899,,,266.0,21602.0
2026-08-05 10:45:54.244,11999602,1799936,149999664,1179.904603,,1121.494,0x00,0x00,CURRENT,1,0,OK,12.0,12.0,1800.0,149.999,,1179.899,,,266.0,21602.0
2026-08-05 10:45:54.445,12000038,1800000,149999536,1179.903252,,1121.695,0x00,0x00,CURRENT,1,0,OK,12.0,12.0,1800.0,149.999,,1179.899,,,266.0,21602.0
2026-08-05 10:45:54.729,12000354,1800046,149999424,1179.902069,,1121.979,0x00,0x00,CURRENT,1,0,OK,12.0,12.0,1800.0,149.999,,1179.899,,,266.0,21602.0
2026-08-05 10:45:55.045,12000622,1800089,149999616,1179.904096,,1122.295,0x00,0x00,CURRENT,1,0,OK,12.0,12.0,1800.0,149.999,,1179.899,,,266.0,21602.0
2026-08-05 10:45:55.244,12000812,1800118,149999696,1179.904941,,1122.494,0x00,0x00,CURRENT,1,0,OK,12.0,12.0,1800.0,149.999,,1179.899,,,266.0,21602.0
2026-08-05 10:45:55.448,12000890,1800133,149999936,1179.907475,,1122.697,0x00,0x00,CURRENT,1,0,OK,12.0,12.0,1800.0,149.999,,1179.899,,,266.0,21602.0
2026-08-05 10:45:55.729,12000100,1800017,150000160,1179.909841,,1122.979,0x00,0x00,CURRENT,1,0,OK,12.0,12.0,1800.0,149.999,,1179.901,,,266.0,21601.0
2026-08-05 10:45:56.045,11999554,1799931,149999840,1179.906462,,1123.295,0x00,0x00,CURRENT,1,0,OK,12.0,12.0,1800.0,149.999,,1179.901,,,266.0,21601.0
2026-08-05 10:45:56.244,11999152,1799867,149999520,1179.903083,,1123.494,0x00,0x00,CURRENT,1,0,OK,12.0,12.0,1800.0,149.999,,1179.901,,,266.0,21601.0
2026-08-05 10:45:56.444,11998854,1799819,149999248,1179.900210,,1123.694,0x00,0x00,CURRENT,1,0,OK,12.0,12.0,1800.0,149.999,,1179.901,,,266.0,21601.0
2026-08-05 10:45:56.729,11999420,1799906,149999456,1179.902407,,1123.979,0x00,0x00,CURRENT,1,0,OK,12.0,12.0,1800.0,149.999,,1179.901,,,266.0,21601.0
2026-08-05 10:45:57.044,11999800,1799963,149999408,1179.901900,,1124.294,0x00,0x00,CURRENT,1,0,OK,12.0,12.0,1800.0,149.999,,1179.901,,,266.0,21601.0
2026-08-05 10:45:57.244,12000102,1800008,149999424,1179.902069,,1124.494,0x00,0x00,CURRENT,1,0,OK,12.0,12.0,1800.0,149.999,,1179.901,,,266.0,21601.0
2026-08-05 10:45:57.447,12000366,1800046,149999264,1179.900379,,1124.696,0x00,0x00,CURRENT,1,0,OK,12.0,12.0,1800.0,149.999,,1179.901,,,266.0,21601.0
2026-08-05 10:45:57.729,12000528,1800071,149999328,1179.901055,,1124.979,0x00,0x00,CURRENT,1,0,OK,12.0,12.0,1800.0,149.999,,1179.901,,,266.0,21599.0
2026-08-05 10:45:58.045,12000686,1800095,149999360,1179.901393,,1125.295,0x00,0x00,CURRENT,1,0,OK,12.0,12.0,1800.0,149.999,,1179.901,,,266.0,21599.0
2026-08-05 10:45:58.244,12000768,1800112,149999760,1179.905617,,1125.494,0x00,0x00,CURRENT,1,0,OK,12.0,12.0,1800.0,149.999,,1179.901,,,266.0,21599.0
2026-08-05 10:45:58.445,12000894,1800131,149999728,1179.905279,,1125.695,0x00,0x00,CURRENT,1,0,OK,12.0,12.0,1800.0,149.999,,1179.901,,,266.0,21599.0
2026-08-05 10:45:58.730,12000130,1800015,149999600,1179.903927,,1125.979,0x00,0x00,CURRENT,1,0,OK,12.0,12.0,1800.0,149.999,,1179.901,,,266.0,21599.0
2026-08-05 10:45:59.045,11999566,1799928,149999408,1179.901900,,1126.295,0x00,0x00,CURRENT,1,0,OK,12.0,12.0,1800.0,149.999,,1179.901,,,266.0,21599.0
2026-08-05 10:45:59.245,11999146,1799867,149999632,1179.904265,,1126.495,0x00,0x00,CURRENT,1,0,OK,12.0,12.0,1800.0,149.999,,1179.901,,,266.0,21599.0
2026-08-05 10:45:59.447,11998800,1799817,149999776,1179.905786,,1126.697,0x00,0x00,CURRENT,1,0,OK,12.0,12.0,1800.0,149.999,,1179.901,,,266.0,21599.0
2026-08-05 10:45:59.729,11999398,1799905,149999632,1179.904265,,1126.979,0x00,0x00,CURRENT,1,0,OK,12.0,12.0,1800.0,150.0,,1179.906,,,266.0,21600.0
2026-08-05 10:46:00.045,11999848,1799968,149999248,1179.900210,,1127.295,0x00,0x00,CURRENT,1,0,OK,12.0,12.0,1800.0,150.0,,1179.906,,,266.0,21600.0
2026-08-05 10:46:00.245,12000176,1800017,149999248,1179.900210,,1127.495,0x00,0x00,CURRENT,1,0,OK,12.0,12.0,1800.0,150.0,,1179.906,,,266.0,21600.0
2026-08-05 10:46:00.445,12000468,1800060,149999168,1179.899366,,1127.694,0x00,0x00,CURRENT,1,0,OK,12.0,12.0,1800.0,150.0,,1179.906,,,266.0,21600.0
2026-08-05 10:46:00.729,12000716,1800097,149999152,1179.899197,,1127.979,0x00,0x00,CURRENT,1,0,OK,12.0,12.0,1800.0,150.0,,1179.906,,,266.0,21600.0
2026-08-05 10:46:01.045,12000836,1800117,149999344,1179.901224,,1128.295,0x00,0x00,CURRENT,1,0,OK,12.0,12.0,1800.0,150.0,,1179.906,,,266.0,21600.0
2026-08-05 10:46:01.244,12000144,1800009,149998928,1179.896831,,1128.494,0x00,0x00,CURRENT,1,0,OK,12.0,12.0,1800.0,150.0,,1179.906,,,266.0,21600.0
2026-08-05 10:46:01.447,11999624,1799930,149998848,1179.895986,,1128.697,0x00,0x00,CURRENT,1,0,OK,12.0,12.0,1800.0,150.0,,1179.906,,,266.0,21600.0
2026-08-05 10:46:01.729,11999242,1799873,149998928,1179.896831,,1128.979,0x00,0x00,CURRENT,1,0,OK,12.0,12.001,1800.0,150.0,,1179.904,,,266.0,21602.0
