timestamp,I_nA,V_uV,R_uOhm,chip_temp_C,note,elapsed_s,current_adc_status,voltage_adc_status,control_mode,control_enabled,control_fault,control_status,target_current_mA,measured_current_mA,measured_voltage_mV,measured_resistance_ohm,target_temp_C,measured_temp_C,temperature_error_C,temperature_integral_mA,drive_mV,power_uW
2026-08-06 14:19:29.354,299859,44981,150007312,1179.985364,,0.388,0x00,0x00,CURRENT,1,0,OK,0.3,0.3,45.0,150.009,,1180.005,,,1.0,13.0
2026-08-06 14:19:30.188,299804,44973,150008032,1179.992966,,1.222,0x00,0x00,CURRENT,1,0,OK,0.3,0.3,45.0,150.009,,1180.008,,,1.0,13.0
2026-08-06 14:19:31.003,299761,44967,150008416,1179.997021,,2.037,0x00,0x00,CURRENT,1,0,OK,0.3,0.3,45.0,150.009,,1180.008,,,1.0,13.0
2026-08-06 14:19:31.909,299714,44960,150008800,1180.001076,,2.943,0x00,0x00,CURRENT,1,0,OK,0.3,0.3,45.0,150.009,,1180.007,,,1.0,13.0
2026-08-06 14:19:33.224,299672,44953,150008192,1179.994656,,4.257,0x00,0x00,CURRENT,1,0,OK,0.3,0.3,45.0,150.009,,1180.007,,,1.0,13.0
2026-08-06 14:19:34.058,299631,44947,150007584,1179.988236,,5.092,0x00,0x00,CURRENT,1,0,OK,0.3,0.3,45.0,150.009,,1180.0,,,1.0,13.0
2026-08-06 14:19:34.873,299594,44941,150007104,1179.983167,,5.907,0x00,0x00,CURRENT,1,0,OK,0.3,0.3,45.0,150.009,,1180.0,,,1.0,13.0
2026-08-06 14:19:35.688,299557,44936,150007888,1179.991446,,6.722,0x00,0x00,CURRENT,1,0,OK,0.3,0.3,45.0,150.009,,1180.0,,,1.0,13.0
2026-08-06 14:19:36.522,299527,44931,150008096,1179.993642,,7.556,0x00,0x00,CURRENT,1,0,OK,0.3,0.3,45.0,150.009,,1179.999,,,1.0,13.0
2026-08-06 14:19:37.353,299663,44952,150008528,1179.998204,,8.387,0x00,0x00,CURRENT,1,0,OK,0.3,0.3,45.0,150.009,,1179.999,,,1.0,13.0
2026-08-06 14:19:38.187,299791,44971,150008496,1179.997866,,9.221,0x00,0x00,CURRENT,1,0,OK,0.3,0.3,45.0,150.009,,1180.002,,,1.0,13.0
2026-08-06 14:19:39.002,299908,44989,150009232,1180.005638,,10.036,0x00,0x00,CURRENT,1,0,OK,0.3,0.3,45.0,150.009,,1180.002,,,1.0,13.0
2026-08-06 14:19:39.909,300023,45006,150009040,1180.003611,,10.943,0x00,0x00,CURRENT,1,0,OK,0.3,0.3,45.0,150.009,,1180.003,,,1.0,13.0
2026-08-06 14:19:41.224,300133,45023,150009072,1180.003949,,12.258,0x00,0x00,CURRENT,1,0,OK,0.3,0.3,45.0,150.009,,1180.003,,,1.0,13.0
2026-08-06 14:19:42.058,300233,45038,150008896,1180.002090,,13.092,0x00,0x00,CURRENT,1,0,OK,0.3,0.3,45.0,150.008,,1179.995,,,1.0,14.0
2026-08-06 14:19:42.873,300164,45027,150008992,1180.003104,,13.907,0x00,0x00,CURRENT,1,0,OK,0.3,0.3,45.0,150.008,,1179.995,,,1.0,14.0
2026-08-06 14:19:43.688,300103,45018,150008944,1180.002597,,14.722,0x00,0x00,CURRENT,1,0,OK,0.3,0.3,45.0,150.008,,1179.995,,,1.0,14.0
2026-08-06 14:19:44.522,300042,45009,150009248,1180.005807,,15.556,0x00,0x00,CURRENT,1,0,OK,0.3,0.3,45.0,150.009,,1180.001,,,1.0,14.0
2026-08-06 14:19:45.353,299978,44999,150009168,1180.004962,,16.387,0x00,0x00,CURRENT,1,0,OK,0.3,0.3,45.0,150.009,,1180.001,,,1.0,14.0
2026-08-06 14:19:46.187,299916,44990,150009376,1180.007159,,17.221,0x00,0x00,CURRENT,1,0,OK,0.3,0.3,45.0,150.009,,1180.002,,,1.0,14.0
2026-08-06 14:19:47.002,299859,44982,150009744,1180.011045,,18.036,0x00,0x00,CURRENT,1,0,OK,0.3,0.3,45.0,150.009,,1180.002,,,1.0,14.0
2026-08-06 14:19:47.908,299803,44973,150009280,1180.006145,,18.942,0x00,0x00,CURRENT,1,0,OK,0.3,0.3,45.0,150.01,,1180.011,,,1.0,13.0
2026-08-06 14:19:49.223,299760,44967,150009280,1180.006145,,20.256,0x00,0x00,CURRENT,1,0,OK,0.3,0.3,45.0,150.01,,1180.011,,,1.0,13.0
2026-08-06 14:19:50.057,299715,44960,150009200,1180.005300,,21.090,0x00,0x00,CURRENT,1,0,OK,0.3,0.3,45.0,150.009,,1180.007,,,1.0,13.0
2026-08-06 14:19:50.872,299835,44978,150008928,1180.002428,,21.905,0x00,0x00,CURRENT,1,0,OK,0.3,0.3,45.0,150.009,,1180.007,,,1.0,13.0
2026-08-06 14:19:51.686,299955,44996,150009056,1180.003780,,22.720,0x00,0x00,CURRENT,1,0,OK,0.3,0.3,45.0,150.009,,1180.007,,,1.0,13.0
2026-08-06 14:19:52.521,300073,45014,150008736,1180.000400,,23.555,0x00,0x00,CURRENT,1,0,OK,0.3,0.3,45.0,150.009,,1180.003,,,1.0,13.0
2026-08-06 14:19:53.354,300183,45030,150008784,1180.000907,,24.387,0x00,0x00,CURRENT,1,0,OK,0.3,0.3,45.0,150.009,,1180.003,,,1.0,13.0
2026-08-06 14:19:54.188,300295,45047,150008336,1179.996177,,25.221,0x00,0x00,CURRENT,1,0,OK,0.3,0.3,45.0,150.009,,1180.006,,,1.0,14.0
2026-08-06 14:19:55.003,300219,45036,150008976,1180.002935,,26.036,0x00,0x00,CURRENT,1,0,OK,0.3,0.3,45.0,150.009,,1180.006,,,1.0,14.0
2026-08-06 14:19:55.909,300147,45025,150008704,1180.000063,,26.943,0x00,0x00,CURRENT,1,0,OK,0.3,0.3,45.0,150.01,,1180.009,,,1.0,14.0
2026-08-06 14:19:57.223,300086,45015,150007840,1179.990939,,28.257,0x00,0x00,CURRENT,1,0,OK,0.3,0.3,45.0,150.01,,1180.009,,,1.0,14.0
2026-08-06 14:19:58.058,300026,45006,150007920,1179.991784,,29.091,0x00,0x00,CURRENT,1,0,OK,0.3,0.3,45.0,150.009,,1180.003,,,1.0,14.0
2026-08-06 14:19:58.873,299967,44998,150008128,1179.993980,,29.906,0x00,0x00,CURRENT,1,0,OK,0.3,0.3,45.0,150.009,,1180.003,,,1.0,14.0
2026-08-06 14:19:59.687,299908,44989,150008256,1179.995332,,30.721,0x00,0x00,CURRENT,1,0,OK,0.3,0.3,45.0,150.009,,1180.003,,,1.0,14.0
2026-08-06 14:20:00.522,299855,44981,150008336,1179.996177,,31.555,0x00,0x00,CURRENT,1,0,OK,0.3,0.3,45.0,150.01,,1180.011,,,1.0,13.0
2026-08-06 14:20:01.354,299797,44972,150008704,1180.000063,,32.387,0x00,0x00,CURRENT,1,0,OK,0.3,0.3,45.0,150.01,,1180.011,,,1.0,13.0
2026-08-06 14:20:02.187,299908,44989,150009344,1180.006821,,33.221,0x00,0x00,CURRENT,1,0,OK,0.3,0.3,45.0,150.01,,1180.015,,,1.0,13.0
2026-08-06 14:20:03.002,300022,45006,150009216,1180.005469,,34.036,0x00,0x00,CURRENT,1,0,OK,0.3,0.3,45.0,150.01,,1180.015,,,1.0,13.0
2026-08-06 14:20:03.908,300131,45022,150009088,1180.004117,,34.942,0x00,0x00,CURRENT,1,0,OK,0.3,0.3,45.0,150.01,,1180.018,,,1.0,14.0
2026-08-06 14:20:05.224,300076,45014,150008400,1179.996852,,36.257,0x00,0x00,CURRENT,1,0,OK,0.3,0.3,45.0,150.01,,1180.018,,,1.0,14.0
2026-08-06 14:20:06.057,300026,45006,150007936,1179.991953,,37.091,0x00,0x00,CURRENT,1,0,OK,0.3,0.3,45.0,150.01,,1180.016,,,1.0,14.0
2026-08-06 14:20:06.873,299972,44998,150008464,1179.997528,,37.906,0x00,0x00,CURRENT,1,0,OK,0.3,0.3,45.0,150.01,,1180.016,,,1.0,14.0
2026-08-06 14:20:07.688,299921,44991,150008672,1179.999725,,38.721,0x00,0x00,CURRENT,1,0,OK,0.3,0.3,45.0,150.01,,1180.016,,,1.0,14.0
2026-08-06 14:20:08.521,299868,44983,150009168,1180.004962,,39.555,0x00,0x00,CURRENT,1,0,OK,0.3,0.3,45.0,150.01,,1180.016,,,1.0,13.0
2026-08-06 14:20:09.354,299817,44975,150009168,1180.004962,,40.387,0x00,0x00,CURRENT,1,0,OK,0.3,0.3,45.0,150.01,,1180.016,,,1.0,13.0
2026-08-06 14:20:10.188,299767,44968,150009088,1180.004117,,41.221,0x00,0x00,CURRENT,1,0,OK,0.3,0.3,45.0,150.011,,1180.02,,,1.0,13.0
2026-08-06 14:20:11.002,299894,44987,150008736,1180.000400,,42.036,0x00,0x00,CURRENT,1,0,OK,0.3,0.3,45.0,150.011,,1180.02,,,1.0,13.0
2026-08-06 14:20:11.909,300008,45004,150007696,1179.989418,,42.942,0x00,0x00,CURRENT,1,0,OK,0.3,0.3,45.0,150.01,,1180.015,,,1.0,13.0
2026-08-06 14:20:13.224,299950,44995,150007152,1179.983674,,44.257,0x00,0x00,CURRENT,1,0,OK,0.3,0.3,45.0,150.01,,1180.015,,,1.0,13.0
2026-08-06 14:20:14.057,299893,44986,150007504,1179.987391,,45.091,0x00,0x00,CURRENT,1,0,OK,0.3,0.3,45.0,150.01,,1180.01,,,1.0,14.0
2026-08-06 14:20:14.872,299841,44979,150007760,1179.990094,,45.906,0x00,0x00,CURRENT,1,0,OK,0.3,0.3,45.0,150.01,,1180.01,,,1.0,14.0
2026-08-06 14:20:15.688,299784,44970,150007648,1179.988912,,46.722,0x00,0x00,CURRENT,1,0,OK,0.3,0.3,45.0,150.01,,1180.01,,,1.0,14.0
2026-08-06 14:20:16.521,299734,44962,150007392,1179.986208,,47.555,0x00,0x00,CURRENT,1,0,OK,0.3,0.3,45.0,150.01,,1180.015,,,1.0,13.0
2026-08-06 14:20:17.353,299850,44980,150007440,1179.986715,,48.387,0x00,0x00,CURRENT,1,0,OK,0.3,0.3,45.0,150.01,,1180.015,,,1.0,13.0
2026-08-06 14:20:18.187,299956,44996,150007456,1179.986884,,49.221,0x00,0x00,CURRENT,1,0,OK,0.3,0.3,45.0,150.01,,1180.018,,,1.0,13.0
2026-08-06 14:20:19.002,300070,45013,150008096,1179.993642,,50.036,0x00,0x00,CURRENT,1,0,OK,0.3,0.3,45.0,150.01,,1180.018,,,1.0,13.0
2026-08-06 14:20:19.908,300011,45004,150007840,1179.990939,,50.942,0x00,0x00,CURRENT,1,0,OK,0.3,0.3,45.0,150.011,,1180.029,,,1.0,14.0
2026-08-06 14:20:21.223,299954,44995,150007920,1179.991784,,52.257,0x00,0x00,CURRENT,1,0,OK,0.3,0.3,45.0,150.011,,1180.029,,,1.0,14.0
2026-08-06 14:20:22.057,299897,44987,150007904,1179.991615,,53.091,0x00,0x00,CURRENT,1,0,OK,0.3,0.3,45.0,150.011,,1180.019,,,1.0,14.0
2026-08-06 14:20:22.872,299844,44979,150007920,1179.991784,,53.906,0x00,0x00,CURRENT,1,0,OK,0.3,0.3,45.0,150.011,,1180.019,,,1.0,14.0
2026-08-06 14:20:23.687,299786,44970,150008240,1179.995163,,54.721,0x00,0x00,CURRENT,1,0,OK,0.3,0.3,45.0,150.011,,1180.019,,,1.0,14.0
2026-08-06 14:20:24.521,299740,44964,150008544,1179.998373,,55.555,0x00,0x00,CURRENT,1,0,OK,0.3,0.3,45.0,150.01,,1180.017,,,1.0,13.0
2026-08-06 14:20:25.353,299863,44982,150008928,1180.002428,,56.387,0x00,0x00,CURRENT,1,0,OK,0.3,0.3,45.0,150.01,,1180.017,,,1.0,13.0
2026-08-06 14:20:26.187,299982,45000,150009216,1180.005469,,57.221,0x00,0x00,CURRENT,1,0,OK,0.3,0.3,45.0,150.011,,1180.028,,,1.0,13.0
2026-08-06 14:20:27.002,300096,45017,150008832,1180.001414,,58.036,0x00,0x00,CURRENT,1,0,OK,0.3,0.3,45.0,150.011,,1180.028,,,1.0,13.0
2026-08-06 14:20:27.909,300209,45034,150008624,1179.999218,,58.943,0x00,0x00,CURRENT,1,0,OK,0.3,0.3,45.0,150.012,,1180.033,,,1.0,14.0
2026-08-06 14:20:29.224,300142,45024,150008720,1180.000232,,60.258,0x00,0x00,CURRENT,1,0,OK,0.3,0.3,45.0,150.012,,1180.033,,,1.0,14.0
2026-08-06 14:20:30.058,300087,45015,150007968,1179.992291,,61.092,0x00,0x00,CURRENT,1,0,OK,0.3,0.3,45.0,150.01,,1180.012,,,1.0,14.0
2026-08-06 14:20:30.873,300032,45007,150008176,1179.994487,,61.907,0x00,0x00,CURRENT,1,0,OK,0.3,0.3,45.0,150.01,,1180.012,,,1.0,14.0
2026-08-06 14:20:31.688,299976,44999,150008272,1179.995501,,62.722,0x00,0x00,CURRENT,1,0,OK,0.3,0.3,45.0,150.01,,1180.012,,,1.0,14.0
2026-08-06 14:20:32.522,299923,44991,150008128,1179.993980,,63.556,0x00,0x00,CURRENT,1,0,OK,0.3,0.3,45.0,150.01,,1180.01,,,1.0,13.0
2026-08-06 14:20:33.354,299871,44983,150008480,1179.997697,,64.388,0x00,0x00,CURRENT,1,0,OK,0.3,0.3,45.0,150.01,,1180.01,,,1.0,13.0
2026-08-06 14:20:34.188,299830,44977,150008224,1179.994994,,65.222,0x00,0x00,CURRENT,1,0,OK,0.3,0.3,45.0,150.009,,1180.008,,,1.0,13.0
2026-08-06 14:20:35.003,299946,44994,150008368,1179.996515,,66.037,0x00,0x00,CURRENT,1,0,OK,0.3,0.3,45.0,150.009,,1180.008,,,1.0,13.0
2026-08-06 14:20:35.909,300070,45013,150007952,1179.992122,,66.943,0x00,0x00,CURRENT,1,0,OK,0.3,0.3,45.0,150.009,,1180.008,,,1.0,13.0
2026-08-06 14:20:37.224,300012,45004,150007776,1179.990263,,68.258,0x00,0x00,CURRENT,1,0,OK,0.3,0.3,45.0,150.009,,1180.008,,,1.0,13.0
2026-08-06 14:20:38.058,299954,44996,150008000,1179.992629,,69.092,0x00,0x00,CURRENT,1,0,OK,0.3,0.3,45.0,150.009,,1180.006,,,1.0,14.0
2026-08-06 14:20:38.873,299906,44988,150007584,1179.988236,,69.907,0x00,0x00,CURRENT,1,0,OK,0.3,0.3,45.0,150.009,,1180.006,,,1.0,14.0
2026-08-06 14:20:39.688,299860,44982,150008576,1179.998711,,70.722,0x00,0x00,CURRENT,1,0,OK,0.3,0.3,45.0,150.009,,1180.006,,,1.0,14.0
2026-08-06 14:20:40.522,299813,44975,150008976,1180.002935,,71.556,0x00,0x00,CURRENT,1,0,OK,0.3,0.3,45.0,150.01,,1180.009,,,1.0,13.0
2026-08-06 14:20:41.354,299932,44993,150009312,1180.006483,,72.388,0x00,0x00,CURRENT,1,0,OK,0.3,0.3,45.0,150.01,,1180.009,,,1.0,13.0
2026-08-06 14:20:42.188,300053,45011,150009152,1180.004793,,73.222,0x00,0x00,CURRENT,1,0,OK,0.3,0.3,45.0,150.01,,1180.011,,,1.0,13.0
2026-08-06 14:20:43.003,299993,45002,150008880,1180.001921,,74.037,0x00,0x00,CURRENT,1,0,OK,0.3,0.3,45.0,150.01,,1180.011,,,1.0,13.0
2026-08-06 14:20:43.909,299938,44994,150009488,1180.008341,,74.943,0x00,0x00,CURRENT,1,0,OK,0.3,0.3,45.0,150.01,,1180.016,,,1.0,14.0
2026-08-06 14:20:45.224,300067,45013,150008720,1180.000232,,76.258,0x00,0x00,CURRENT,1,0,OK,0.3,0.3,45.0,150.01,,1180.016,,,1.0,14.0
2026-08-06 14:20:46.058,300015,45005,150008544,1179.998373,,77.092,0x00,0x00,CURRENT,1,0,OK,0.3,0.3,45.0,150.01,,1180.01,,,1.0,14.0
2026-08-06 14:20:46.873,299956,44996,150008960,1180.002766,,77.907,0x00,0x00,CURRENT,1,0,OK,0.3,0.3,45.0,150.01,,1180.01,,,1.0,14.0
2026-08-06 14:20:47.688,299901,44988,150009408,1180.007497,,78.722,0x00,0x00,CURRENT,1,0,OK,0.3,0.3,45.0,150.01,,1180.01,,,1.0,14.0
2026-08-06 14:20:48.522,300025,45006,150009184,1180.005131,,79.556,0x00,0x00,CURRENT,1,0,OK,0.3,0.3,45.0,150.009,,1180.005,,,1.0,13.0
2026-08-06 14:20:49.354,300141,45024,150009568,1180.009186,,80.388,0x00,0x00,CURRENT,1,0,OK,0.3,0.3,45.0,150.009,,1180.005,,,1.0,13.0
2026-08-06 14:20:50.188,300077,45014,150009952,1180.013241,,81.222,0x00,0x00,CURRENT,1,0,OK,0.3,0.3,45.0,150.009,,1180.006,,,1.0,14.0
2026-08-06 14:20:51.003,300016,45005,150010128,1180.015100,,82.037,0x00,0x00,CURRENT,1,0,OK,0.3,0.3,45.0,150.009,,1180.006,,,1.0,14.0
2026-08-06 14:20:51.909,299950,44996,150009824,1180.011889,,82.943,0x00,0x00,CURRENT,1,0,OK,0.3,0.3,45.0,150.011,,1180.024,,,1.0,14.0
2026-08-06 14:20:53.224,300069,45013,150009712,1180.010707,,84.258,0x00,0x00,CURRENT,1,0,OK,0.3,0.3,45.0,150.011,,1180.024,,,1.0,14.0
2026-08-06 14:20:54.058,300182,45030,150010448,1180.018479,,85.091,0x00,0x00,CURRENT,1,0,OK,0.3,0.3,45.0,150.011,,1180.02,,,1.0,14.0
2026-08-06 14:20:54.873,300122,45021,150010208,1180.015944,,85.907,0x00,0x00,CURRENT,1,0,OK,0.3,0.3,45.0,150.011,,1180.02,,,1.0,14.0
2026-08-06 14:20:55.688,300059,45012,150010448,1180.018479,,86.722,0x00,0x00,CURRENT,1,0,OK,0.3,0.3,45.0,150.011,,1180.02,,,1.0,14.0
2026-08-06 14:20:56.522,299997,45003,150010832,1180.022534,,87.556,0x00,0x00,CURRENT,1,0,OK,0.3,0.3,45.0,150.011,,1180.026,,,1.0,14.0
2026-08-06 14:20:57.354,299931,44993,150011744,1180.032164,,88.387,0x00,0x00,CURRENT,1,0,OK,0.3,0.3,45.0,150.011,,1180.026,,,1.0,14.0
2026-08-06 14:20:58.188,300046,45010,150012176,1180.036726,,89.222,0x00,0x00,CURRENT,1,0,OK,0.3,0.3,45.0,150.012,,1180.033,,,1.0,13.0
2026-08-06 14:20:59.003,300152,45026,150012288,1180.037908,,90.037,0x00,0x00,CURRENT,1,0,OK,0.3,0.3,45.0,150.012,,1180.033,,,1.0,13.0
2026-08-06 14:20:59.909,300086,45017,150012032,1180.035205,,90.943,0x00,0x00,CURRENT,1,0,OK,0.3,0.3,45.0,150.012,,1180.033,,,1.0,14.0
2026-08-06 14:21:01.224,300021,45007,150011936,1180.034191,,92.257,0x00,0x00,CURRENT,1,0,OK,0.3,0.3,45.0,150.012,,1180.033,,,1.0,14.0
2026-08-06 14:21:02.058,299964,44998,150012000,1180.034867,,93.091,0x00,0x00,CURRENT,1,0,OK,0.3,0.3,45.0,150.011,,1180.024,,,1.0,13.0
2026-08-06 14:21:02.873,300087,45017,150012000,1180.034867,,93.907,0x00,0x00,CURRENT,1,0,OK,0.3,0.3,45.0,150.011,,1180.024,,,1.0,13.0
2026-08-06 14:21:03.688,300196,45033,150012160,1180.036557,,94.722,0x00,0x00,CURRENT,1,0,OK,0.3,0.3,45.0,150.011,,1180.024,,,1.0,13.0
2026-08-06 14:21:04.522,300128,45023,150012496,1180.040105,,95.556,0x00,0x00,CURRENT,1,0,OK,0.3,0.3,45.0,150.012,,1180.031,,,1.0,14.0
2026-08-06 14:21:05.353,300070,45014,150012416,1180.039260,,96.386,0x00,0x00,CURRENT,1,0,OK,0.3,0.3,45.0,150.012,,1180.031,,,1.0,14.0
2026-08-06 14:21:06.187,300011,45005,150012256,1180.037571,,97.220,0x00,0x00,CURRENT,1,0,OK,0.3,0.3,45.0,150.012,,1180.032,,,1.0,14.0
2026-08-06 14:21:07.002,299958,44998,150012928,1180.044667,,98.036,0x00,0x00,CURRENT,1,0,OK,0.3,0.3,45.0,150.012,,1180.032,,,1.0,14.0
2026-08-06 14:21:07.910,300075,45015,150012800,1180.043315,,98.944,0x00,0x00,CURRENT,1,0,OK,0.3,0.3,45.0,150.012,,1180.036,,,1.0,13.0
2026-08-06 14:21:09.225,300020,45007,150012976,1180.045173,,100.259,0x00,0x00,CURRENT,1,0,OK,0.3,0.3,45.0,150.012,,1180.036,,,1.0,13.0
2026-08-06 14:21:10.058,299970,44999,150012560,1180.040781,,101.092,0x00,0x00,CURRENT,1,0,OK,0.3,0.3,45.0,150.013,,1180.044,,,1.0,14.0
2026-08-06 14:21:10.874,299914,44991,150012400,1180.039091,,101.907,0x00,0x00,CURRENT,1,0,OK,0.3,0.3,45.0,150.013,,1180.044,,,1.0,14.0
2026-08-06 14:21:11.689,299865,44984,150012496,1180.040105,,102.723,0x00,0x00,CURRENT,1,0,OK,0.3,0.3,45.0,150.013,,1180.044,,,1.0,14.0
2026-08-06 14:21:12.523,299822,44977,150011984,1180.034698,,103.556,0x00,0x00,CURRENT,1,0,OK,0.3,0.3,45.0,150.012,,1180.04,,,1.0,13.0
2026-08-06 14:21:13.354,299942,44995,150012608,1180.041288,,104.388,0x00,0x00,CURRENT,1,0,OK,0.3,0.3,45.0,150.012,,1180.04,,,1.0,13.0
2026-08-06 14:21:14.188,300062,45013,150012352,1180.038584,,105.221,0x00,0x00,CURRENT,1,0,OK,0.3,0.3,45.0,150.013,,1180.048,,,1.0,13.0
2026-08-06 14:21:15.003,300169,45029,150011728,1180.031995,,106.036,0x00,0x00,CURRENT,1,0,OK,0.3,0.3,45.0,150.013,,1180.048,,,1.0,13.0
2026-08-06 14:21:15.909,300108,45020,150011360,1180.028109,,106.943,0x00,0x00,CURRENT,1,0,OK,0.3,0.3,45.0,150.013,,1180.049,,,1.0,14.0
2026-08-06 14:21:17.224,300049,45011,150011696,1180.031657,,108.257,0x00,0x00,CURRENT,1,0,OK,0.3,0.3,45.0,150.013,,1180.049,,,1.0,14.0
2026-08-06 14:21:18.058,299998,45003,150011600,1180.030643,,109.091,0x00,0x00,CURRENT,1,0,OK,0.3,0.3,45.0,150.014,,1180.051,,,1.0,14.0
2026-08-06 14:21:18.873,299940,44994,150011184,1180.026251,,109.906,0x00,0x00,CURRENT,1,0,OK,0.3,0.3,45.0,150.014,,1180.051,,,1.0,14.0
2026-08-06 14:21:19.688,299889,44987,150010720,1180.021351,,110.721,0x00,0x00,CURRENT,1,0,OK,0.3,0.3,45.0,150.014,,1180.051,,,1.0,14.0
2026-08-06 14:21:20.521,299840,44979,150011104,1180.025406,,111.555,0x00,0x00,CURRENT,1,0,OK,0.3,0.3,45.0,150.015,,1180.061,,,1.0,13.0
2026-08-06 14:21:21.355,299788,44972,150011280,1180.027264,,112.389,0x00,0x00,CURRENT,1,0,OK,0.3,0.3,45.0,150.015,,1180.061,,,1.0,13.0
2026-08-06 14:21:22.189,299912,44990,150011472,1180.029292,,113.222,0x00,0x00,CURRENT,1,0,OK,0.3,0.3,45.0,150.015,,1180.063,,,1.0,13.0
2026-08-06 14:21:23.004,300034,45009,150011440,1180.028954,,114.037,0x00,0x00,CURRENT,1,0,OK,0.3,0.3,45.0,150.015,,1180.063,,,1.0,13.0
2026-08-06 14:21:23.909,300143,45025,150010928,1180.023547,,114.943,0x00,0x00,CURRENT,1,0,OK,0.3,0.3,45.0,150.015,,1180.067,,,1.0,14.0
2026-08-06 14:21:25.225,300082,45015,150010560,1180.019661,,116.258,0x00,0x00,CURRENT,1,0,OK,0.3,0.3,45.0,150.015,,1180.067,,,1.0,14.0
2026-08-06 14:21:26.059,300025,45007,150011248,1180.026926,,117.092,0x00,0x00,CURRENT,1,0,OK,0.3,0.3,45.0,150.014,,1180.055,,,1.0,14.0
2026-08-06 14:21:26.873,299971,44999,150011360,1180.028109,,117.907,0x00,0x00,CURRENT,1,0,OK,0.3,0.3,45.0,150.014,,1180.055,,,1.0,14.0
2026-08-06 14:21:27.689,299920,44992,150012192,1180.036895,,118.722,0x00,0x00,CURRENT,1,0,OK,0.3,0.3,45.0,150.014,,1180.055,,,1.0,14.0
2026-08-06 14:21:28.523,299872,44984,150011936,1180.034191,,119.556,0x00,0x00,CURRENT,1,0,OK,0.3,0.3,45.0,150.014,,1180.053,,,1.0,14.0
2026-08-06 14:21:29.355,299831,44978,150012608,1180.041288,,120.388,0x00,0x00,CURRENT,1,0,OK,0.3,0.3,45.0,150.014,,1180.053,,,1.0,14.0
2026-08-06 14:21:30.188,299782,44971,150013248,1180.048046,,121.222,0x00,0x00,CURRENT,1,0,OK,0.3,0.3,45.0,150.014,,1180.052,,,1.0,13.0
2026-08-06 14:21:31.004,299737,44964,150012864,1180.043991,,122.038,0x00,0x00,CURRENT,1,0,OK,0.3,0.3,45.0,150.014,,1180.052,,,1.0,13.0
2026-08-06 14:21:31.909,299866,44984,150012224,1180.037233,,122.943,0x00,0x00,CURRENT,1,0,OK,0.3,0.3,45.0,150.015,,1180.063,,,1.0,13.0
2026-08-06 14:21:33.224,299993,45002,150011968,1180.034529,,124.258,0x00,0x00,CURRENT,1,0,OK,0.3,0.3,45.0,150.015,,1180.063,,,1.0,13.0
2026-08-06 14:21:34.058,300111,45020,150012016,1180.035036,,125.092,0x00,0x00,CURRENT,1,0,OK,0.3,0.3,45.0,150.014,,1180.06,,,1.0,14.0
2026-08-06 14:21:34.874,300057,45012,150012352,1180.038584,,125.907,0x00,0x00,CURRENT,1,0,OK,0.3,0.3,45.0,150.014,,1180.06,,,1.0,14.0
2026-08-06 14:21:35.689,300014,45006,150012048,1180.035374,,126.722,0x00,0x00,CURRENT,1,0,OK,0.3,0.3,45.0,150.014,,1180.06,,,1.0,14.0
2026-08-06 14:21:36.522,299972,44999,150012112,1180.036050,,127.556,0x00,0x00,CURRENT,1,0,OK,0.3,0.3,45.0,150.015,,1180.066,,,1.0,14.0
2026-08-06 14:21:37.355,299923,44992,150012400,1180.039091,,128.388,0x00,0x00,CURRENT,1,0,OK,0.3,0.3,45.0,150.015,,1180.066,,,1.0,14.0
2026-08-06 14:21:38.188,299881,44986,150013072,1180.046187,,129.222,0x00,0x00,CURRENT,1,0,OK,0.3,0.3,45.0,150.015,,1180.071,,,1.0,14.0
2026-08-06 14:21:39.003,299834,44979,150012944,1180.044836,,130.037,0x00,0x00,CURRENT,1,0,OK,0.3,0.3,45.0,150.015,,1180.071,,,1.0,14.0
2026-08-06 14:21:39.908,299793,44973,150012960,1180.045005,,130.942,0x00,0x00,CURRENT,1,0,OK,0.3,0.3,45.0,150.015,,1180.067,,,1.0,13.0
2026-08-06 14:21:41.223,299749,44966,150012352,1180.038584,,132.257,0x00,0x00,CURRENT,1,0,OK,0.3,0.3,45.0,150.015,,1180.067,,,1.0,13.0
2026-08-06 14:21:42.058,299705,44960,150012736,1180.042639,,133.092,0x00,0x00,CURRENT,1,0,OK,0.3,0.3,45.0,150.014,,1180.058,,,1.0,13.0
2026-08-06 14:21:42.873,299841,44980,150012656,1180.041794,,133.906,0x00,0x00,CURRENT,1,0,OK,0.3,0.3,45.0,150.014,,1180.058,,,1.0,13.0
2026-08-06 14:21:43.688,299962,44998,150013056,1180.046018,,134.721,0x00,0x00,CURRENT,1,0,OK,0.3,0.3,45.0,150.014,,1180.058,,,1.0,13.0
2026-08-06 14:21:44.521,300075,45015,150013936,1180.055311,,135.555,0x00,0x00,CURRENT,1,0,OK,0.3,0.3,45.0,150.014,,1180.059,,,1.0,14.0
2026-08-06 14:21:45.353,300191,45033,150013936,1180.055311,,136.387,0x00,0x00,CURRENT,1,0,OK,0.3,0.3,45.0,150.014,,1180.059,,,1.0,14.0
2026-08-06 14:21:46.187,300128,45023,150013872,1180.054635,,137.221,0x00,0x00,CURRENT,1,0,OK,0.3,0.3,45.0,150.015,,1180.063,,,1.0,14.0
2026-08-06 14:21:47.003,300067,45014,150014144,1180.057507,,138.036,0x00,0x00,CURRENT,1,0,OK,0.3,0.3,45.0,150.015,,1180.063,,,1.0,14.0
2026-08-06 14:21:47.908,300015,45006,150013792,1180.053790,,138.942,0x00,0x00,CURRENT,1,0,OK,0.3,0.3,45.0,150.016,,1180.074,,,1.0,14.0
2026-08-06 14:21:49.223,299959,44998,150013888,1180.054804,,140.257,0x00,0x00,CURRENT,1,0,OK,0.3,0.3,45.0,150.016,,1180.074,,,1.0,14.0
2026-08-06 14:21:50.057,299914,44991,150014144,1180.057507,,141.091,0x00,0x00,CURRENT,1,0,OK,0.3,0.3,45.0,150.015,,1180.067,,,1.0,13.0
2026-08-06 14:21:50.872,299864,44984,150014768,1180.064096,,141.906,0x00,0x00,CURRENT,1,0,OK,0.3,0.3,45.0,150.015,,1180.067,,,1.0,13.0
2026-08-06 14:21:51.687,299812,44976,150014848,1180.064941,,142.721,0x00,0x00,CURRENT,1,0,OK,0.3,0.3,45.0,150.015,,1180.067,,,1.0,13.0
2026-08-06 14:21:52.521,299931,44994,150014336,1180.059535,,143.555,0x00,0x00,CURRENT,1,0,OK,0.3,0.3,45.0,150.015,,1180.064,,,1.0,13.0
2026-08-06 14:21:53.353,300036,45010,150014544,1180.061731,,144.387,0x00,0x00,CURRENT,1,0,OK,0.3,0.3,45.0,150.015,,1180.064,,,1.0,13.0
2026-08-06 14:21:54.187,300139,45025,150014320,1180.059366,,145.221,0x00,0x00,CURRENT,1,0,OK,0.3,0.3,45.0,150.014,,1180.059,,,1.0,14.0
2026-08-06 14:21:55.002,300244,45041,150014112,1180.057169,,146.036,0x00,0x00,CURRENT,1,0,OK,0.3,0.3,45.0,150.014,,1180.059,,,1.0,14.0
2026-08-06 14:21:55.908,300175,45030,150014160,1180.057676,,146.942,0x00,0x00,CURRENT,1,0,OK,0.3,0.3,45.0,150.015,,1180.062,,,1.0,14.0
2026-08-06 14:21:57.223,300107,45021,150014864,1180.065110,,148.257,0x00,0x00,CURRENT,1,0,OK,0.3,0.3,45.0,150.015,,1180.062,,,1.0,14.0
2026-08-06 14:21:58.057,300045,45011,150014976,1180.066293,,149.091,0x00,0x00,CURRENT,1,0,OK,0.3,0.3,45.0,150.014,,1180.06,,,1.0,14.0
2026-08-06 14:21:58.872,299980,45002,150015360,1180.070348,,149.906,0x00,0x00,CURRENT,1,0,OK,0.3,0.3,45.0,150.014,,1180.06,,,1.0,14.0
2026-08-06 14:21:59.687,299924,44993,150014976,1180.066293,,150.721,0x00,0x00,CURRENT,1,0,OK,0.3,0.3,45.0,150.014,,1180.06,,,1.0,14.0
2026-08-06 14:22:00.521,299876,44986,150014496,1180.061224,,151.555,0x00,0x00,CURRENT,1,0,OK,0.3,0.3,45.0,150.015,,1180.066,,,1.0,13.0
2026-08-06 14:22:01.354,299995,45004,150014656,1180.062914,,152.388,0x00,0x00,CURRENT,1,0,OK,0.3,0.3,45.0,150.015,,1180.066,,,1.0,13.0
2026-08-06 14:22:02.188,300112,45021,150015024,1180.066800,,153.222,0x00,0x00,CURRENT,1,0,OK,0.3,0.3,45.0,150.016,,1180.072,,,1.0,13.0
2026-08-06 14:22:03.003,300220,45038,150015600,1180.072882,,154.037,0x00,0x00,CURRENT,1,0,OK,0.3,0.3,45.0,150.016,,1180.072,,,1.0,13.0
2026-08-06 14:22:03.910,300161,45029,150014864,1180.065110,,154.944,0x00,0x00,CURRENT,1,0,OK,0.3,0.3,45.0,150.016,,1180.079,,,1.0,14.0
2026-08-06 14:22:05.225,300105,45020,150014864,1180.065110,,156.259,0x00,0x00,CURRENT,1,0,OK,0.3,0.3,45.0,150.016,,1180.079,,,1.0,14.0
2026-08-06 14:22:06.059,300042,45011,150014768,1180.064096,,157.093,0x00,0x00,CURRENT,1,0,OK,0.3,0.3,45.0,150.015,,1180.071,,,1.0,14.0
2026-08-06 14:22:06.874,299976,45001,150015152,1180.068151,,157.908,0x00,0x00,CURRENT,1,0,OK,0.3,0.3,45.0,150.015,,1180.071,,,1.0,14.0
2026-08-06 14:22:07.689,299913,44992,150016176,1180.078964,,158.723,0x00,0x00,CURRENT,1,0,OK,0.3,0.3,45.0,150.015,,1180.071,,,1.0,14.0
2026-08-06 14:22:08.523,300028,45009,150016256,1180.079809,,159.557,0x00,0x00,CURRENT,1,0,OK,0.3,0.3,45.0,150.015,,1180.071,,,1.0,13.0
2026-08-06 14:22:09.354,300137,45025,150016528,1180.082681,,160.388,0x00,0x00,CURRENT,1,0,OK,0.3,0.3,45.0,150.015,,1180.071,,,1.0,13.0
2026-08-06 14:22:10.188,300238,45041,150016752,1180.085047,,161.222,0x00,0x00,CURRENT,1,0,OK,0.3,0.3,45.0,150.016,,1180.078,,,1.0,14.0
2026-08-06 14:22:11.003,300341,45056,150016912,1180.086736,,162.037,0x00,0x00,CURRENT,1,0,OK,0.3,0.3,45.0,150.016,,1180.078,,,1.0,14.0
2026-08-06 14:22:11.908,300264,45045,150016928,1180.086905,,162.942,0x00,0x00,CURRENT,1,0,OK,0.3,0.3,45.0,150.016,,1180.082,,,1.0,14.0
2026-08-06 14:22:13.223,300193,45034,150016592,1180.083357,,164.256,0x00,0x00,CURRENT,1,0,OK,0.3,0.3,45.0,150.016,,1180.082,,,1.0,14.0
2026-08-06 14:22:14.057,300119,45023,150017344,1180.091298,,165.091,0x00,0x00,CURRENT,1,0,OK,0.3,0.3,45.0,150.016,,1180.082,,,1.0,14.0
2026-08-06 14:22:14.872,300053,45013,150017456,1180.092481,,165.906,0x00,0x00,CURRENT,1,0,OK,0.3,0.3,45.0,150.016,,1180.082,,,1.0,14.0
2026-08-06 14:22:15.687,299986,45003,150017696,1180.095015,,166.721,0x00,0x00,CURRENT,1,0,OK,0.3,0.3,45.0,150.016,,1180.082,,,1.0,14.0
2026-08-06 14:22:16.521,299923,44994,150017616,1180.094170,,167.555,0x00,0x00,CURRENT,1,0,OK,0.3,0.3,45.0,150.016,,1180.081,,,1.0,13.0
2026-08-06 14:22:17.354,299867,44986,150018384,1180.102280,,168.388,0x00,0x00,CURRENT,1,0,OK,0.3,0.3,45.0,150.016,,1180.081,,,1.0,13.0
2026-08-06 14:22:18.188,299810,44977,150018736,1180.105997,,169.222,0x00,0x00,CURRENT,1,0,OK,0.3,0.3,45.0,150.017,,1180.084,,,1.0,13.0
2026-08-06 14:22:19.003,299931,44995,150018832,1180.107011,,170.036,0x00,0x00,CURRENT,1,0,OK,0.3,0.3,45.0,150.017,,1180.084,,,1.0,13.0
2026-08-06 14:22:19.914,300051,45013,150018512,1180.103632,,170.947,0x00,0x00,CURRENT,1,0,OK,0.3,0.3,45.0,150.017,,1180.087,,,1.0,13.0
2026-08-06 14:22:21.229,300159,45029,150017728,1180.095353,,172.263,0x00,0x00,CURRENT,1,0,OK,0.3,0.3,45.0,150.017,,1180.087,,,1.0,13.0
2026-08-06 14:22:22.063,300257,45044,150017280,1180.090622,,173.096,0x00,0x00,CURRENT,1,0,OK,0.3,0.3,45.0,150.016,,1180.077,,,1.0,14.0
2026-08-06 14:22:22.878,300179,45032,150017568,1180.093663,,173.912,0x00,0x00,CURRENT,1,0,OK,0.3,0.3,45.0,150.016,,1180.077,,,1.0,14.0
2026-08-06 14:22:23.693,300114,45022,150017888,1180.097043,,174.726,0x00,0x00,CURRENT,1,0,OK,0.3,0.3,45.0,150.016,,1180.077,,,1.0,14.0
2026-08-06 14:22:24.527,300053,45013,150018016,1180.098394,,175.561,0x00,0x00,CURRENT,1,0,OK,0.3,0.3,45.0,150.015,,1180.071,,,1.0,14.0
2026-08-06 14:22:25.354,299994,45004,150017920,1180.097380,,176.388,0x00,0x00,CURRENT,1,0,OK,0.3,0.3,45.0,150.015,,1180.071,,,1.0,14.0
2026-08-06 14:22:26.188,299934,44995,150017680,1180.094846,,177.222,0x00,0x00,CURRENT,1,0,OK,0.3,0.3,45.0,150.014,,1180.059,,,1.0,14.0
2026-08-06 14:22:27.003,299879,44987,150016928,1180.086905,,178.036,0x00,0x00,CURRENT,1,0,OK,0.3,0.3,45.0,150.014,,1180.059,,,1.0,14.0
2026-08-06 14:22:27.909,299829,44979,150016912,1180.086736,,178.943,0x00,0x00,CURRENT,1,0,OK,0.3,0.3,45.0,150.014,,1180.059,,,1.0,13.0
2026-08-06 14:22:29.224,299779,44972,150016496,1180.082344,,180.257,0x00,0x00,CURRENT,1,0,OK,0.3,0.3,45.0,150.014,,1180.059,,,1.0,13.0
2026-08-06 14:22:30.058,299900,44990,150016048,1180.077613,,181.091,0x00,0x00,CURRENT,1,0,OK,0.3,0.3,45.0,150.014,,1180.058,,,1.0,13.0
2026-08-06 14:22:30.873,300013,45007,150016256,1180.079809,,181.907,0x00,0x00,CURRENT,1,0,OK,0.3,0.3,45.0,150.014,,1180.058,,,1.0,13.0
2026-08-06 14:22:31.688,300119,45023,150016416,1180.081499,,182.722,0x00,0x00,CURRENT,1,0,OK,0.3,0.3,45.0,150.014,,1180.058,,,1.0,13.0
2026-08-06 14:22:32.522,300226,45039,150016720,1180.084709,,183.556,0x00,0x00,CURRENT,1,0,OK,0.3,0.3,45.0,150.015,,1180.069,,,1.0,14.0
2026-08-06 14:22:33.354,300163,45030,150016880,1180.086398,,184.387,0x00,0x00,CURRENT,1,0,OK,0.3,0.3,45.0,150.015,,1180.069,,,1.0,14.0
2026-08-06 14:22:34.188,300103,45021,150017104,1180.088764,,185.222,0x00,0x00,CURRENT,1,0,OK,0.3,0.3,45.0,150.016,,1180.076,,,1.0,14.0
2026-08-06 14:22:35.003,300052,45013,150017264,1180.090453,,186.036,0x00,0x00,CURRENT,1,0,OK,0.3,0.3,45.0,150.016,,1180.076,,,1.0,14.0
2026-08-06 14:22:35.914,300002,45006,150017856,1180.096705,,186.947,0x00,0x00,CURRENT,1,0,OK,0.3,0.3,45.0,150.016,,1180.077,,,1.0,14.0
2026-08-06 14:22:37.229,299950,44998,150018240,1180.100760,,188.262,0x00,0x00,CURRENT,1,0,OK,0.3,0.3,45.0,150.016,,1180.077,,,1.0,14.0
2026-08-06 14:22:38.063,299897,44990,150017952,1180.097718,,189.096,0x00,0x00,CURRENT,1,0,OK,0.3,0.3,45.0,150.016,,1180.076,,,1.0,13.0
2026-08-06 14:22:38.878,300021,45009,150018016,1180.098394,,189.911,0x00,0x00,CURRENT,1,0,OK,0.3,0.3,45.0,150.016,,1180.076,,,1.0,13.0
2026-08-06 14:22:39.693,300138,45026,150018064,1180.098901,,190.726,0x00,0x00,CURRENT,1,0,OK,0.3,0.3,45.0,150.016,,1180.076,,,1.0,13.0
2026-08-06 14:22:40.527,300251,45043,150017728,1180.095353,,191.560,0x00,0x00,CURRENT,1,0,OK,0.3,0.3,45.0,150.016,,1180.08,,,1.0,14.0
2026-08-06 14:22:41.354,300191,45034,150017680,1180.094846,,192.387,0x00,0x00,CURRENT,1,0,OK,0.3,0.3,45.0,150.016,,1180.08,,,1.0,14.0
2026-08-06 14:22:42.187,300132,45025,150017632,1180.094339,,193.221,0x00,0x00,CURRENT,1,0,OK,0.3,0.3,45.0,150.016,,1180.074,,,1.0,14.0
2026-08-06 14:22:43.002,300066,45015,150018144,1180.099746,,194.036,0x00,0x00,CURRENT,1,0,OK,0.3,0.3,45.0,150.016,,1180.074,,,1.0,14.0
2026-08-06 14:22:44.317,300010,45007,150017952,1180.097718,,195.351,0x00,0x00,CURRENT,1,0,OK,0.3,0.3,45.0,150.016,,1180.076,,,1.0,14.0
2026-08-06 14:22:45.132,299957,44999,150017616,1180.094170,,196.166,0x00,0x00,CURRENT,1,0,OK,0.3,0.3,45.0,150.016,,1180.076,,,1.0,14.0
2026-08-06 14:22:45.966,299907,44991,150017392,1180.091805,,196.999,0x00,0x00,CURRENT,1,0,OK,0.3,0.3,45.0,150.015,,1180.072,,,1.0,13.0
2026-08-06 14:22:46.854,300028,45009,150016512,1180.082512,,197.887,0x00,0x00,CURRENT,1,0,OK,0.3,0.3,45.0,150.015,,1180.072,,,1.0,13.0
2026-08-06 14:22:47.669,300139,45026,150016656,1180.084033,,198.703,0x00,0x00,CURRENT,1,0,OK,0.3,0.3,45.0,150.015,,1180.072,,,1.0,13.0
2026-08-06 14:22:48.502,300250,45043,150017072,1180.088426,,199.536,0x00,0x00,CURRENT,1,0,OK,0.3,0.3,45.0,150.016,,1180.076,,,1.0,14.0
2026-08-06 14:22:49.354,300190,45034,150017328,1180.091129,,200.387,0x00,0x00,CURRENT,1,0,OK,0.3,0.3,45.0,150.016,,1180.076,,,1.0,14.0
2026-08-06 14:22:50.188,300130,45025,150017408,1180.091974,,201.221,0x00,0x00,CURRENT,1,0,OK,0.3,0.3,45.0,150.016,,1180.076,,,1.0,14.0
2026-08-06 14:22:51.003,300078,45017,150017408,1180.091974,,202.036,0x00,0x00,CURRENT,1,0,OK,0.3,0.3,45.0,150.016,,1180.076,,,1.0,14.0
2026-08-06 14:22:51.914,300029,45010,150017088,1180.088595,,202.947,0x00,0x00,CURRENT,1,0,OK,0.3,0.3,45.0,150.016,,1180.081,,,1.0,14.0
2026-08-06 14:22:53.229,299979,45002,150016912,1180.086736,,204.262,0x00,0x00,CURRENT,1,0,OK,0.3,0.3,45.0,150.016,,1180.081,,,1.0,14.0
2026-08-06 14:22:54.062,300096,45019,150016624,1180.083695,,205.096,0x00,0x00,CURRENT,1,0,OK,0.3,0.3,45.0,150.016,,1180.075,,,1.0,13.0
2026-08-06 14:22:54.878,300204,45036,150016656,1180.084033,,205.911,0x00,0x00,CURRENT,1,0,OK,0.3,0.3,45.0,150.016,,1180.075,,,1.0,13.0
2026-08-06 14:22:55.693,300138,45026,150016816,1180.085723,,206.726,0x00,0x00,CURRENT,1,0,OK,0.3,0.3,45.0,150.016,,1180.075,,,1.0,13.0
2026-08-06 14:22:56.527,300078,45017,150016848,1180.086061,,207.560,0x00,0x00,CURRENT,1,0,OK,0.3,0.3,45.0,150.016,,1180.073,,,1.0,14.0
2026-08-06 14:22:57.354,300017,45008,150017424,1180.092143,,208.388,0x00,0x00,CURRENT,1,0,OK,0.3,0.3,45.0,150.016,,1180.073,,,1.0,14.0
2026-08-06 14:22:58.188,300127,45024,150016992,1180.087581,,209.222,0x00,0x00,CURRENT,1,0,OK,0.3,0.3,45.0,150.015,,1180.067,,,1.0,13.0
2026-08-06 14:22:59.003,300070,45016,150017280,1180.090622,,210.037,0x00,0x00,CURRENT,1,0,OK,0.3,0.3,45.0,150.015,,1180.067,,,1.0,13.0
2026-08-06 14:22:59.914,300179,45032,150016944,1180.087074,,210.948,0x00,0x00,CURRENT,1,0,OK,0.3,0.3,45.0,150.016,,1180.076,,,1.0,13.0
2026-08-06 14:23:01.229,300118,45023,150016336,1180.080654,,212.263,0x00,0x00,CURRENT,1,0,OK,0.3,0.3,45.0,150.016,,1180.076,,,1.0,13.0
2026-08-06 14:23:02.063,300054,45013,150016640,1180.083864,,213.097,0x00,0x00,CURRENT,1,0,OK,0.3,0.3,45.0,150.015,,1180.069,,,1.0,14.0
2026-08-06 14:23:02.878,299995,45004,150016640,1180.083864,,213.912,0x00,0x00,CURRENT,1,0,OK,0.3,0.3,45.0,150.015,,1180.069,,,1.0,14.0
2026-08-06 14:23:03.693,300108,45021,150017104,1180.088764,,214.727,0x00,0x00,CURRENT,1,0,OK,0.3,0.3,45.0,150.015,,1180.069,,,1.0,14.0
2026-08-06 14:23:04.527,300218,45038,150016976,1180.087412,,215.561,0x00,0x00,CURRENT,1,0,OK,0.3,0.3,45.0,150.016,,1180.076,,,1.0,14.0
2026-08-06 14:23:05.354,300158,45029,150017296,1180.090791,,216.388,0x00,0x00,CURRENT,1,0,OK,0.3,0.3,45.0,150.016,,1180.076,,,1.0,14.0
2026-08-06 14:23:06.188,300098,45020,150017872,1180.096874,,217.222,0x00,0x00,CURRENT,1,0,OK,0.3,0.3,45.0,150.016,,1180.078,,,1.0,14.0
2026-08-06 14:23:07.003,300044,45012,150017536,1180.093326,,218.037,0x00,0x00,CURRENT,1,0,OK,0.3,0.3,45.0,150.016,,1180.078,,,1.0,14.0
2026-08-06 14:23:07.915,299990,45004,150018224,1180.100591,,218.949,0x00,0x00,CURRENT,1,0,OK,0.3,0.3,45.0,150.016,,1180.08,,,1.0,13.0
2026-08-06 14:23:09.230,300110,45022,150018000,1180.098225,,220.264,0x00,0x00,CURRENT,1,0,OK,0.3,0.3,45.0,150.016,,1180.08,,,1.0,13.0
2026-08-06 14:23:10.064,300224,45039,150017664,1180.094677,,221.098,0x00,0x00,CURRENT,1,0,OK,0.3,0.3,45.0,150.016,,1180.079,,,1.0,14.0
2026-08-06 14:23:10.879,300331,45055,150017344,1180.091298,,221.913,0x00,0x00,CURRENT,1,0,OK,0.3,0.3,45.0,150.016,,1180.079,,,1.0,14.0
2026-08-06 14:23:11.694,300263,45045,150017552,1180.093495,,222.728,0x00,0x00,CURRENT,1,0,OK,0.3,0.3,45.0,150.016,,1180.079,,,1.0,14.0
2026-08-06 14:23:12.528,300202,45036,150018048,1180.098732,,223.562,0x00,0x00,CURRENT,1,0,OK,0.3,0.3,45.0,150.016,,1180.082,,,1.0,14.0
2026-08-06 14:23:13.353,300151,45028,150017552,1180.093495,,224.387,0x00,0x00,CURRENT,1,0,OK,0.3,0.3,45.0,150.016,,1180.082,,,1.0,14.0
2026-08-06 14:23:14.187,300095,45019,150017056,1180.088257,,225.221,0x00,0x00,CURRENT,1,0,OK,0.3,0.3,45.0,150.017,,1180.084,,,1.0,14.0
2026-08-06 14:23:15.002,300041,45011,150017024,1180.087919,,226.036,0x00,0x00,CURRENT,1,0,OK,0.3,0.3,45.0,150.017,,1180.084,,,1.0,14.0
2026-08-06 14:23:15.908,299990,45004,150016752,1180.085047,,226.942,0x00,0x00,CURRENT,1,0,OK,0.3,0.3,45.0,150.016,,1180.082,,,1.0,13.0
2026-08-06 14:23:17.223,299946,44997,150016336,1180.080654,,228.257,0x00,0x00,CURRENT,1,0,OK,0.3,0.3,45.0,150.016,,1180.082,,,1.0,13.0
2026-08-06 14:23:18.057,299896,44989,150016608,1180.083526,,229.091,0x00,0x00,CURRENT,1,0,OK,0.3,0.3,45.0,150.016,,1180.076,,,1.0,13.0
2026-08-06 14:23:18.872,300021,45008,150016752,1180.085047,,229.906,0x00,0x00,CURRENT,1,0,OK,0.3,0.3,45.0,150.016,,1180.076,,,1.0,13.0
2026-08-06 14:23:19.687,300137,45026,150016912,1180.086736,,230.721,0x00,0x00,CURRENT,1,0,OK,0.3,0.3,45.0,150.016,,1180.076,,,1.0,13.0
2026-08-06 14:23:20.521,300248,45042,150017024,1180.087919,,231.555,0x00,0x00,CURRENT,1,0,OK,0.3,0.3,45.0,150.016,,1180.076,,,1.0,14.0
2026-08-06 14:23:21.354,300348,45057,150017088,1180.088595,,232.388,0x00,0x00,CURRENT,1,0,OK,0.3,0.3,45.0,150.016,,1180.076,,,1.0,14.0
2026-08-06 14:23:22.188,300275,45047,150017712,1180.095184,,233.222,0x00,0x00,CURRENT,1,0,OK,0.3,0.3,45.0,150.016,,1180.08,,,1.0,14.0
2026-08-06 14:23:23.003,300216,45038,150017456,1180.092481,,234.037,0x00,0x00,CURRENT,1,0,OK,0.3,0.3,45.0,150.016,,1180.08,,,1.0,14.0
2026-08-06 14:23:23.915,300156,45029,150016944,1180.087074,,234.949,0x00,0x00,CURRENT,1,0,OK,0.3,0.3,45.0,150.016,,1180.081,,,1.0,14.0
2026-08-06 14:23:25.230,300095,45019,150016464,1180.082006,,236.264,0x00,0x00,CURRENT,1,0,OK,0.3,0.3,45.0,150.016,,1180.081,,,1.0,14.0
2026-08-06 14:23:26.064,300043,45011,150015952,1180.076599,,237.098,0x00,0x00,CURRENT,1,0,OK,0.3,0.3,45.0,150.015,,1180.071,,,1.0,13.0
2026-08-06 14:23:26.879,299993,45004,150015504,1180.071868,,237.913,0x00,0x00,CURRENT,1,0,OK,0.3,0.3,45.0,150.015,,1180.071,,,1.0,13.0
2026-08-06 14:23:27.694,299943,44996,150015568,1180.072544,,238.728,0x00,0x00,CURRENT,1,0,OK,0.3,0.3,45.0,150.015,,1180.071,,,1.0,13.0
2026-08-06 14:23:28.528,299899,44990,150015520,1180.072037,,239.562,0x00,0x00,CURRENT,1,0,OK,0.3,0.3,45.0,150.016,,1180.073,,,1.0,13.0
2026-08-06 14:23:29.353,299857,44983,150015296,1180.069672,,240.387,0x00,0x00,CURRENT,1,0,OK,0.3,0.3,45.0,150.016,,1180.073,,,1.0,13.0
2026-08-06 14:23:30.187,299983,45002,150015152,1180.068151,,241.221,0x00,0x00,CURRENT,1,0,OK,0.3,0.3,45.0,150.016,,1180.08,,,1.0,13.0
2026-08-06 14:23:31.002,300106,45021,150015552,1180.072375,,242.036,0x00,0x00,CURRENT,1,0,OK,0.3,0.3,45.0,150.016,,1180.08,,,1.0,13.0
2026-08-06 14:23:32.316,300220,45038,150015568,1180.072544,,243.350,0x00,0x00,CURRENT,1,0,OK,0.3,0.3,45.0,150.017,,1180.084,,,1.0,14.0
2026-08-06 14:23:33.131,300164,45029,150015808,1180.075078,,244.165,0x00,0x00,CURRENT,1,0,OK,0.3,0.3,45.0,150.017,,1180.084,,,1.0,14.0
2026-08-06 14:23:33.965,300108,45021,150015680,1180.073727,,244.999,0x00,0x00,CURRENT,1,0,OK,0.3,0.3,45.0,150.017,,1180.091,,,1.0,14.0
2026-08-06 14:23:34.855,300057,45013,150016016,1180.077275,,245.888,0x00,0x00,CURRENT,1,0,OK,0.3,0.3,45.0,150.017,,1180.091,,,1.0,14.0
2026-08-06 14:23:35.670,300004,45005,150016192,1180.079133,,246.704,0x00,0x00,CURRENT,1,0,OK,0.3,0.3,45.0,150.017,,1180.091,,,1.0,14.0
2026-08-06 14:23:36.504,299952,44998,150015920,1180.076261,,247.538,0x00,0x00,CURRENT,1,0,OK,0.3,0.3,45.0,150.016,,1180.078,,,1.0,14.0
2026-08-06 14:23:37.354,299906,44991,150016432,1180.081668,,248.388,0x00,0x00,CURRENT,1,0,OK,0.3,0.3,45.0,150.016,,1180.078,,,1.0,14.0
2026-08-06 14:23:38.188,299859,44984,150016320,1180.080485,,249.222,0x00,0x00,CURRENT,1,0,OK,0.3,0.3,45.0,150.016,,1180.079,,,1.0,13.0
2026-08-06 14:23:39.003,299812,44977,150016928,1180.086905,,250.037,0x00,0x00,CURRENT,1,0,OK,0.3,0.3,45.0,150.016,,1180.079,,,1.0,13.0
2026-08-06 14:23:40.317,299767,44970,150016352,1180.080823,,251.351,0x00,0x00,CURRENT,1,0,OK,0.3,0.3,45.0,150.016,,1180.082,,,1.0,13.0
2026-08-06 14:23:41.132,299899,44990,150016096,1180.078120,,252.166,0x00,0x00,CURRENT,1,0,OK,0.3,0.3,45.0,150.016,,1180.082,,,1.0,13.0
2026-08-06 14:23:41.966,300022,45008,150015840,1180.075416,,253.000,0x00,0x00,CURRENT,1,0,OK,0.3,0.3,45.0,150.015,,1180.071,,,1.0,13.0
2026-08-06 14:23:42.854,300145,45026,150015552,1180.072375,,253.888,0x00,0x00,CURRENT,1,0,OK,0.3,0.3,45.0,150.015,,1180.071,,,1.0,13.0
2026-08-06 14:23:43.669,300261,45044,150015808,1180.075078,,254.702,0x00,0x00,CURRENT,1,0,OK,0.3,0.3,45.0,150.015,,1180.071,,,1.0,13.0
2026-08-06 14:23:44.503,300200,45035,150015248,1180.069165,,255.537,0x00,0x00,CURRENT,1,0,OK,0.3,0.3,45.0,150.015,,1180.071,,,1.0,14.0
2026-08-06 14:23:45.355,300141,45026,150015152,1180.068151,,256.389,0x00,0x00,CURRENT,1,0,OK,0.3,0.3,45.0,150.015,,1180.071,,,1.0,14.0
2026-08-06 14:23:46.189,300077,45016,150015296,1180.069672,,257.223,0x00,0x00,CURRENT,1,0,OK,0.3,0.3,45.0,150.015,,1180.069,,,1.0,14.0
2026-08-06 14:23:47.004,300018,45007,150015296,1180.069672,,258.038,0x00,0x00,CURRENT,1,0,OK,0.3,0.3,45.0,150.015,,1180.069,,,1.0,14.0
2026-08-06 14:23:48.318,299963,44999,150015136,1180.067982,,259.352,0x00,0x00,CURRENT,1,0,OK,0.3,0.3,45.0,150.015,,1180.065,,,1.0,14.0
2026-08-06 14:23:49.133,299920,44992,150014752,1180.063927,,260.167,0x00,0x00,CURRENT,1,0,OK,0.3,0.3,45.0,150.015,,1180.065,,,1.0,14.0
2026-08-06 14:23:49.967,299871,44985,150014784,1180.064265,,261.001,0x00,0x00,CURRENT,1,0,OK,0.3,0.3,45.0,150.015,,1180.064,,,1.0,13.0
2026-08-06 14:23:50.854,299830,44979,150014688,1180.063252,,261.888,0x00,0x00,CURRENT,1,0,OK,0.3,0.3,45.0,150.015,,1180.064,,,1.0,13.0
2026-08-06 14:23:51.669,299957,44998,150014672,1180.063083,,262.703,0x00,0x00,CURRENT,1,0,OK,0.3,0.3,45.0,150.015,,1180.064,,,1.0,13.0
2026-08-06 14:23:52.503,300075,45016,150014320,1180.059366,,263.537,0x00,0x00,CURRENT,1,0,OK,0.3,0.3,45.0,150.014,,1180.058,,,1.0,13.0
2026-08-06 14:23:53.355,300181,45031,150014112,1180.057169,,264.388,0x00,0x00,CURRENT,1,0,OK,0.3,0.3,45.0,150.014,,1180.058,,,1.0,13.0
2026-08-06 14:23:54.189,300287,45047,150013920,1180.055142,,265.222,0x00,0x00,CURRENT,1,0,OK,0.3,0.3,45.0,150.015,,1180.065,,,1.0,14.0
2026-08-06 14:23:55.004,300224,45038,150013808,1180.053959,,266.038,0x00,0x00,CURRENT,1,0,OK,0.3,0.3,45.0,150.015,,1180.065,,,1.0,14.0
2026-08-06 14:23:55.916,300158,45028,150013488,1180.050580,,266.949,0x00,0x00,CURRENT,1,0,OK,0.3,0.3,45.0,150.015,,1180.066,,,1.0,14.0
2026-08-06 14:23:57.231,300099,45019,150013136,1180.046863,,268.265,0x00,0x00,CURRENT,1,0,OK,0.3,0.3,45.0,150.015,,1180.066,,,1.0,14.0
2026-08-06 14:23:58.065,300041,45010,150013184,1180.047370,,269.099,0x00,0x00,CURRENT,1,0,OK,0.3,0.3,45.0,150.015,,1180.063,,,1.0,14.0
2026-08-06 14:23:58.880,299987,45002,150013712,1180.052945,,269.913,0x00,0x00,CURRENT,1,0,OK,0.3,0.3,45.0,150.015,,1180.063,,,1.0,14.0
2026-08-06 14:23:59.695,299937,44995,150013792,1180.053790,,270.729,0x00,0x00,CURRENT,1,0,OK,0.3,0.3,45.0,150.015,,1180.063,,,1.0,14.0
2026-08-06 14:24:00.529,299886,44987,150013744,1180.053283,,271.562,0x00,0x00,CURRENT,1,0,OK,0.3,0.3,45.0,150.015,,1180.068,,,1.0,13.0
2026-08-06 14:24:01.355,299838,44980,150014064,1180.056662,,272.388,0x00,0x00,CURRENT,1,0,OK,0.3,0.3,45.0,150.015,,1180.068,,,1.0,13.0
2026-08-06 14:24:02.189,299960,44998,150014512,1180.061393,,273.222,0x00,0x00,CURRENT,1,0,OK,0.3,0.3,45.0,150.015,,1180.069,,,1.0,13.0
2026-08-06 14:24:03.003,300082,45017,150014608,1180.062407,,274.037,0x00,0x00,CURRENT,1,0,OK,0.3,0.3,45.0,150.015,,1180.069,,,1.0,13.0
2026-08-06 14:24:03.915,300193,45033,150014608,1180.062407,,274.948,0x00,0x00,CURRENT,1,0,OK,0.3,0.3,45.0,150.015,,1180.07,,,1.0,14.0
2026-08-06 14:24:05.230,300130,45024,150014272,1180.058859,,276.263,0x00,0x00,CURRENT,1,0,OK,0.3,0.3,45.0,150.015,,1180.07,,,1.0,14.0
2026-08-06 14:24:06.064,300075,45016,150014560,1180.061900,,277.097,0x00,0x00,CURRENT,1,0,OK,0.3,0.3,45.0,150.015,,1180.063,,,1.0,14.0
2026-08-06 14:24:06.879,300026,45008,150014240,1180.058521,,277.912,0x00,0x00,CURRENT,1,0,OK,0.3,0.3,45.0,150.015,,1180.063,,,1.0,14.0
2026-08-06 14:24:07.694,299969,45000,150014160,1180.057676,,278.727,0x00,0x00,CURRENT,1,0,OK,0.3,0.3,45.0,150.015,,1180.063,,,1.0,14.0
2026-08-06 14:24:08.528,299919,44992,150013584,1180.051594,,279.561,0x00,0x00,CURRENT,1,0,OK,0.3,0.3,45.0,150.014,,1180.057,,,1.0,13.0
2026-08-06 14:24:09.355,300041,45010,150013904,1180.054973,,280.388,0x00,0x00,CURRENT,1,0,OK,0.3,0.3,45.0,150.014,,1180.057,,,1.0,13.0
2026-08-06 14:24:10.188,300166,45029,150013600,1180.051763,,281.222,0x00,0x00,CURRENT,1,0,OK,0.3,0.3,45.0,150.015,,1180.062,,,1.0,13.0
2026-08-06 14:24:11.003,300116,45021,150013712,1180.052945,,282.037,0x00,0x00,CURRENT,1,0,OK,0.3,0.3,45.0,150.015,,1180.062,,,1.0,13.0
2026-08-06 14:24:12.317,300065,45014,150013360,1180.049228,,283.351,0x00,0x00,CURRENT,1,0,OK,0.3,0.3,45.0,150.015,,1180.066,,,1.0,14.0
2026-08-06 14:24:13.133,300013,45006,150013504,1180.050749,,284.166,0x00,0x00,CURRENT,1,0,OK,0.3,0.3,45.0,150.015,,1180.066,,,1.0,14.0
2026-08-06 14:24:13.967,300133,45024,150013856,1180.054466,,285.000,0x00,0x00,CURRENT,1,0,OK,0.3,0.3,45.0,150.015,,1180.063,,,1.0,13.0
2026-08-06 14:24:14.854,300086,45017,150013664,1180.052439,,285.887,0x00,0x00,CURRENT,1,0,OK,0.3,0.3,45.0,150.015,,1180.063,,,1.0,13.0
2026-08-06 14:24:15.669,300035,45009,150014048,1180.056493,,286.702,0x00,0x00,CURRENT,1,0,OK,0.3,0.3,45.0,150.015,,1180.063,,,1.0,13.0
2026-08-06 14:24:16.503,300158,45028,150013632,1180.052101,,287.536,0x00,0x00,CURRENT,1,0,OK,0.3,0.3,45.0,150.015,,1180.067,,,1.0,13.0
2026-08-06 14:24:17.353,300102,45019,150013776,1180.053621,,288.387,0x00,0x00,CURRENT,1,0,OK,0.3,0.3,45.0,150.015,,1180.067,,,1.0,13.0
2026-08-06 14:24:18.188,300048,45011,150014080,1180.056831,,289.222,0x00,0x00,CURRENT,1,0,OK,0.3,0.3,45.0,150.015,,1180.069,,,1.0,14.0
2026-08-06 14:24:19.003,299999,45004,150013920,1180.055142,,290.036,0x00,0x00,CURRENT,1,0,OK,0.3,0.3,45.0,150.015,,1180.069,,,1.0,14.0
2026-08-06 14:24:20.317,299950,44997,150013664,1180.052439,,291.350,0x00,0x00,CURRENT,1,0,OK,0.3,0.3,45.0,150.015,,1180.068,,,1.0,13.0
2026-08-06 14:24:21.131,299903,44990,150013536,1180.051087,,292.165,0x00,0x00,CURRENT,1,0,OK,0.3,0.3,45.0,150.015,,1180.068,,,1.0,13.0
2026-08-06 14:24:21.965,299856,44982,150013424,1180.049904,,292.999,0x00,0x00,CURRENT,1,0,OK,0.3,0.3,45.0,150.015,,1180.067,,,1.0,13.0
2026-08-06 14:24:22.855,299985,45002,150013216,1180.047708,,293.888,0x00,0x00,CURRENT,1,0,OK,0.3,0.3,45.0,150.015,,1180.067,,,1.0,13.0
2026-08-06 14:24:23.670,299935,44994,150013472,1180.050411,,294.703,0x00,0x00,CURRENT,1,0,OK,0.3,0.3,45.0,150.015,,1180.067,,,1.0,13.0
2026-08-06 14:24:24.503,299891,44988,150013552,1180.051256,,295.537,0x00,0x00,CURRENT,1,0,OK,0.3,0.3,45.0,150.015,,1180.066,,,1.0,14.0
2026-08-06 14:24:25.354,300015,45006,150013584,1180.051594,,296.388,0x00,0x00,CURRENT,1,0,OK,0.3,0.3,45.0,150.015,,1180.066,,,1.0,14.0
2026-08-06 14:24:26.188,299964,44999,150013376,1180.049397,,297.222,0x00,0x00,CURRENT,1,0,OK,0.3,0.3,45.0,150.016,,1180.073,,,1.0,14.0
2026-08-06 14:24:27.003,299915,44991,150013712,1180.052945,,298.037,0x00,0x00,CURRENT,1,0,OK,0.3,0.3,45.0,150.016,,1180.073,,,1.0,14.0
2026-08-06 14:24:28.317,299859,44983,150013920,1180.055142,,299.351,0x00,0x00,CURRENT,1,0,OK,0.3,0.3,45.0,150.015,,1180.071,,,1.0,13.0
2026-08-06 14:24:29.132,299817,44977,150013648,1180.052270,,300.166,0x00,0x00,CURRENT,1,0,OK,0.3,0.3,45.0,150.015,,1180.071,,,1.0,13.0
2026-08-06 14:24:29.966,299939,44995,150013616,1180.051932,,301.000,0x00,0x00,CURRENT,1,0,OK,0.3,0.3,45.0,150.015,,1180.067,,,1.0,13.0
2026-08-06 14:24:30.854,299894,44988,150013424,1180.049904,,301.888,0x00,0x00,CURRENT,1,0,OK,0.3,0.3,45.0,150.015,,1180.067,,,1.0,13.0
2026-08-06 14:24:31.669,299844,44981,150013360,1180.049228,,302.703,0x00,0x00,CURRENT,1,0,OK,0.3,0.3,45.0,150.015,,1180.067,,,1.0,13.0
2026-08-06 14:24:32.503,299796,44973,150013136,1180.046863,,303.537,0x00,0x00,CURRENT,1,0,OK,0.3,0.3,45.0,150.015,,1180.067,,,1.0,13.0
2026-08-06 14:24:33.354,299912,44991,150013184,1180.047370,,304.388,0x00,0x00,CURRENT,1,0,OK,0.3,0.3,45.0,150.015,,1180.067,,,1.0,13.0
2026-08-06 14:24:34.188,300027,45008,150013680,1180.052607,,305.222,0x00,0x00,CURRENT,1,0,OK,0.3,0.3,45.0,150.015,,1180.072,,,1.0,14.0
2026-08-06 14:24:35.003,299974,45000,150014112,1180.057169,,306.037,0x00,0x00,CURRENT,1,0,OK,0.3,0.3,45.0,150.015,,1180.072,,,1.0,14.0
2026-08-06 14:24:36.317,299923,44993,150014000,1180.055987,,307.351,0x00,0x00,CURRENT,1,0,OK,0.3,0.3,45.0,150.016,,1180.075,,,1.0,14.0
2026-08-06 14:24:37.132,299869,44985,150014080,1180.056831,,308.166,0x00,0x00,CURRENT,1,0,OK,0.3,0.3,45.0,150.016,,1180.075,,,1.0,14.0
2026-08-06 14:24:37.966,299822,44977,150013712,1180.052945,,309.000,0x00,0x00,CURRENT,1,0,OK,0.3,0.3,45.0,150.016,,1180.075,,,1.0,13.0
2026-08-06 14:24:38.854,299942,44995,150013728,1180.053114,,309.888,0x00,0x00,CURRENT,1,0,OK,0.3,0.3,45.0,150.016,,1180.075,,,1.0,13.0
2026-08-06 14:24:39.669,300061,45013,150013488,1180.050580,,310.703,0x00,0x00,CURRENT,1,0,OK,0.3,0.3,45.0,150.016,,1180.075,,,1.0,13.0
2026-08-06 14:24:40.503,300179,45031,150013872,1180.054635,,311.537,0x00,0x00,CURRENT,1,0,OK,0.3,0.3,45.0,150.015,,1180.071,,,1.0,14.0
2026-08-06 14:24:41.354,300119,45022,150013520,1180.050918,,312.388,0x00,0x00,CURRENT,1,0,OK,0.3,0.3,45.0,150.015,,1180.071,,,1.0,14.0
2026-08-06 14:24:42.188,300065,45014,150013936,1180.055311,,313.222,0x00,0x00,CURRENT,1,0,OK,0.3,0.3,45.0,150.015,,1180.071,,,1.0,14.0
2026-08-06 14:24:43.003,300013,45006,150014000,1180.055987,,314.037,0x00,0x00,CURRENT,1,0,OK,0.3,0.3,45.0,150.015,,1180.071,,,1.0,14.0
2026-08-06 14:24:44.317,299953,44997,150014032,1180.056324,,315.351,0x00,0x00,CURRENT,1,0,OK,0.3,0.3,45.0,150.015,,1180.069,,,1.0,14.0
2026-08-06 14:24:45.132,299901,44989,150013632,1180.052101,,316.166,0x00,0x00,CURRENT,1,0,OK,0.3,0.3,45.0,150.015,,1180.069,,,1.0,14.0
2026-08-06 14:24:45.966,299850,44982,150013776,1180.053621,,317.000,0x00,0x00,CURRENT,1,0,OK,0.3,0.3,45.0,150.015,,1180.071,,,1.0,13.0
2026-08-06 14:24:46.854,299810,44976,150013408,1180.049735,,317.888,0x00,0x00,CURRENT,1,0,OK,0.3,0.3,45.0,150.015,,1180.071,,,1.0,13.0
2026-08-06 14:24:47.669,299936,44995,150014000,1180.055987,,318.703,0x00,0x00,CURRENT,1,0,OK,0.3,0.3,45.0,150.015,,1180.071,,,1.0,13.0
2026-08-06 14:24:48.503,300054,45012,150014368,1180.059873,,319.537,0x00,0x00,CURRENT,1,0,OK,0.3,0.3,45.0,150.015,,1180.069,,,1.0,13.0
2026-08-06 14:24:49.353,300171,45030,150014304,1180.059197,,320.387,0x00,0x00,CURRENT,1,0,OK,0.3,0.3,45.0,150.015,,1180.069,,,1.0,13.0
2026-08-06 14:24:50.187,300280,45046,150013856,1180.054466,,321.221,0x00,0x00,CURRENT,1,0,OK,0.3,0.3,45.0,150.015,,1180.068,,,1.0,14.0
2026-08-06 14:24:51.002,300217,45037,150014416,1180.060379,,322.036,0x00,0x00,CURRENT,1,0,OK,0.3,0.3,45.0,150.015,,1180.068,,,1.0,14.0
2026-08-06 14:24:52.316,300159,45028,150014592,1180.062238,,323.350,0x00,0x00,CURRENT,1,0,OK,0.3,0.3,45.0,150.015,,1180.071,,,1.0,14.0
2026-08-06 14:24:53.131,300102,45020,150014864,1180.065110,,324.165,0x00,0x00,CURRENT,1,0,OK,0.3,0.3,45.0,150.015,,1180.071,,,1.0,14.0
2026-08-06 14:24:53.965,300040,45010,150014960,1180.066124,,324.999,0x00,0x00,CURRENT,1,0,OK,0.3,0.3,45.0,150.015,,1180.062,,,1.0,14.0
2026-08-06 14:24:54.854,299988,45003,150014656,1180.062914,,325.888,0x00,0x00,CURRENT,1,0,OK,0.3,0.3,45.0,150.015,,1180.062,,,1.0,14.0
2026-08-06 14:24:55.669,299935,44995,150014352,1180.059704,,326.703,0x00,0x00,CURRENT,1,0,OK,0.3,0.3,45.0,150.015,,1180.062,,,1.0,14.0
2026-08-06 14:24:56.503,299897,44989,150014432,1180.060548,,327.537,0x00,0x00,CURRENT,1,0,OK,0.3,0.3,45.0,150.015,,1180.068,,,1.0,13.0
2026-08-06 14:24:57.355,299846,44981,150014432,1180.060548,,328.389,0x00,0x00,CURRENT,1,0,OK,0.3,0.3,45.0,150.015,,1180.068,,,1.0,13.0
2026-08-06 14:24:58.189,299795,44974,150014448,1180.060717,,329.223,0x00,0x00,CURRENT,1,0,OK,0.3,0.3,45.0,150.015,,1180.066,,,1.0,13.0
2026-08-06 14:24:59.004,299922,44993,150014464,1180.060886,,330.038,0x00,0x00,CURRENT,1,0,OK,0.3,0.3,45.0,150.015,,1180.066,,,1.0,13.0
2026-08-06 14:25:00.318,300043,45011,150014304,1180.059197,,331.352,0x00,0x00,CURRENT,1,0,OK,0.3,0.3,45.0,150.015,,1180.065,,,1.0,13.0
2026-08-06 14:25:01.133,300156,45028,150014512,1180.061393,,332.167,0x00,0x00,CURRENT,1,0,OK,0.3,0.3,45.0,150.015,,1180.065,,,1.0,13.0
2026-08-06 14:25:01.967,300096,45019,150014160,1180.057676,,333.001,0x00,0x00,CURRENT,1,0,OK,0.3,0.3,45.0,150.015,,1180.065,,,1.0,14.0
2026-08-06 14:25:02.854,300039,45010,150014352,1180.059704,,333.887,0x00,0x00,CURRENT,1,0,OK,0.3,0.3,45.0,150.015,,1180.065,,,1.0,14.0
2026-08-06 14:25:03.669,299993,45003,150014896,1180.065448,,334.703,0x00,0x00,CURRENT,1,0,OK,0.3,0.3,45.0,150.015,,1180.065,,,1.0,14.0
2026-08-06 14:25:04.503,299941,44996,150014608,1180.062407,,335.537,0x00,0x00,CURRENT,1,0,OK,0.3,0.3,45.0,150.015,,1180.072,,,1.0,14.0
2026-08-06 14:25:05.355,299891,44988,150014080,1180.056831,,336.389,0x00,0x00,CURRENT,1,0,OK,0.3,0.3,45.0,150.015,,1180.072,,,1.0,14.0
2026-08-06 14:25:06.189,299841,44980,150013504,1180.050749,,337.223,0x00,0x00,CURRENT,1,0,OK,0.3,0.3,45.0,150.015,,1180.071,,,1.0,13.0
2026-08-06 14:25:07.004,299794,44973,150013520,1180.050918,,338.037,0x00,0x00,CURRENT,1,0,OK,0.3,0.3,45.0,150.015,,1180.071,,,1.0,13.0
2026-08-06 14:25:08.318,299756,44968,150013680,1180.052607,,339.352,0x00,0x00,CURRENT,1,0,OK,0.3,0.3,45.0,150.015,,1180.066,,,1.0,13.0
2026-08-06 14:25:09.133,299890,44988,150014320,1180.059366,,340.167,0x00,0x00,CURRENT,1,0,OK,0.3,0.3,45.0,150.015,,1180.066,,,1.0,13.0
2026-08-06 14:25:09.967,300011,45006,150014576,1180.062069,,341.001,0x00,0x00,CURRENT,1,0,OK,0.3,0.3,45.0,150.015,,1180.067,,,1.0,13.0
2026-08-06 14:25:10.854,300133,45024,150014928,1180.065786,,341.888,0x00,0x00,CURRENT,1,0,OK,0.3,0.3,45.0,150.015,,1180.067,,,1.0,13.0
2026-08-06 14:25:11.669,300243,45041,150014640,1180.062745,,342.703,0x00,0x00,CURRENT,1,0,OK,0.3,0.3,45.0,150.015,,1180.067,,,1.0,13.0
2026-08-06 14:25:12.503,300179,45031,150015008,1180.066631,,343.537,0x00,0x00,CURRENT,1,0,OK,0.3,0.3,45.0,150.015,,1180.07,,,1.0,14.0
2026-08-06 14:25:13.354,300113,45022,150015376,1180.070517,,344.388,0x00,0x00,CURRENT,1,0,OK,0.3,0.3,45.0,150.015,,1180.07,,,1.0,14.0
2026-08-06 14:25:14.188,300051,45012,150015472,1180.071530,,345.222,0x00,0x00,CURRENT,1,0,OK,0.3,0.3,45.0,150.015,,1180.069,,,1.0,14.0
2026-08-06 14:25:15.003,299994,45004,150015472,1180.071530,,346.036,0x00,0x00,CURRENT,1,0,OK,0.3,0.3,45.0,150.015,,1180.069,,,1.0,14.0
2026-08-06 14:25:16.317,299936,44995,150015776,1180.074741,,347.350,0x00,0x00,CURRENT,1,0,OK,0.3,0.3,45.0,150.016,,1180.075,,,1.0,14.0
2026-08-06 14:25:17.132,299885,44988,150016064,1180.077782,,348.166,0x00,0x00,CURRENT,1,0,OK,0.3,0.3,45.0,150.016,,1180.075,,,1.0,14.0
2026-08-06 14:25:17.966,299844,44982,150016544,1180.082850,,349.000,0x00,0x00,CURRENT,1,0,OK,0.3,0.3,45.0,150.017,,1180.088,,,1.0,13.0
2026-08-06 14:25:18.854,299804,44975,150016400,1180.081330,,349.888,0x00,0x00,CURRENT,1,0,OK,0.3,0.3,45.0,150.017,,1180.088,,,1.0,13.0
2026-08-06 14:25:19.669,299929,44994,150016800,1180.085554,,350.702,0x00,0x00,CURRENT,1,0,OK,0.3,0.3,45.0,150.017,,1180.088,,,1.0,13.0
2026-08-06 14:25:20.503,300049,45012,150016784,1180.085385,,351.536,0x00,0x00,CURRENT,1,0,OK,0.3,0.3,45.0,150.018,,1180.094,,,1.0,13.0
2026-08-06 14:25:21.354,300163,45030,150017040,1180.088088,,352.387,0x00,0x00,CURRENT,1,0,OK,0.3,0.3,45.0,150.018,,1180.094,,,1.0,13.0
2026-08-06 14:25:22.188,300100,45020,150017088,1180.088595,,353.222,0x00,0x00,CURRENT,1,0,OK,0.3,0.3,45.0,150.018,,1180.095,,,1.0,14.0
2026-08-06 14:25:23.003,300039,45011,150017200,1180.089778,,354.036,0x00,0x00,CURRENT,1,0,OK,0.3,0.3,45.0,150.018,,1180.095,,,1.0,14.0
2026-08-06 14:25:24.317,299980,45002,150016816,1180.085723,,355.350,0x00,0x00,CURRENT,1,0,OK,0.3,0.3,45.0,150.017,,1180.088,,,1.0,14.0
2026-08-06 14:25:25.132,300105,45021,150016656,1180.084033,,356.165,0x00,0x00,CURRENT,1,0,OK,0.3,0.3,45.0,150.017,,1180.088,,,1.0,14.0
2026-08-06 14:25:25.966,300060,45014,150016608,1180.083526,,356.999,0x00,0x00,CURRENT,1,0,OK,0.3,0.3,45.0,150.017,,1180.087,,,1.0,14.0
2026-08-06 14:25:26.855,300010,45006,150016144,1180.078627,,357.888,0x00,0x00,CURRENT,1,0,OK,0.3,0.3,45.0,150.017,,1180.087,,,1.0,14.0
2026-08-06 14:25:27.670,300130,45024,150016176,1180.078964,,358.703,0x00,0x00,CURRENT,1,0,OK,0.3,0.3,45.0,150.017,,1180.087,,,1.0,14.0
2026-08-06 14:25:28.504,300082,45017,150016304,1180.080316,,359.537,0x00,0x00,CURRENT,1,0,OK,0.3,0.3,45.0,150.016,,1180.081,,,1.0,14.0
2026-08-06 14:25:29.355,300027,45009,150016352,1180.080823,,360.388,0x00,0x00,CURRENT,1,0,OK,0.3,0.3,45.0,150.016,,1180.081,,,1.0,14.0
2026-08-06 14:25:30.189,299971,45000,150015856,1180.075585,,361.223,0x00,0x00,CURRENT,1,0,OK,0.3,0.3,45.0,150.017,,1180.083,,,1.0,13.0
2026-08-06 14:25:31.004,300094,45019,150015632,1180.073220,,362.038,0x00,0x00,CURRENT,1,0,OK,0.3,0.3,45.0,150.017,,1180.083,,,1.0,13.0
2026-08-06 14:25:32.318,300040,45011,150015344,1180.070179,,363.351,0x00,0x00,CURRENT,1,0,OK,0.3,0.3,45.0,150.017,,1180.088,,,1.0,14.0
2026-08-06 14:25:33.133,299989,45003,150014928,1180.065786,,364.166,0x00,0x00,CURRENT,1,0,OK,0.3,0.3,45.0,150.017,,1180.088,,,1.0,14.0
2026-08-06 14:25:33.967,299948,44997,150015872,1180.075754,,365.000,0x00,0x00,CURRENT,1,0,OK,0.3,0.3,45.0,150.016,,1180.078,,,1.0,14.0
2026-08-06 14:25:34.854,299904,44990,150015488,1180.071699,,365.888,0x00,0x00,CURRENT,1,0,OK,0.3,0.3,45.0,150.016,,1180.078,,,1.0,14.0
2026-08-06 14:25:35.670,299861,44984,150015232,1180.068996,,366.703,0x00,0x00,CURRENT,1,0,OK,0.3,0.3,45.0,150.016,,1180.078,,,1.0,14.0
2026-08-06 14:25:36.503,299823,44978,150015552,1180.072375,,367.537,0x00,0x00,CURRENT,1,0,OK,0.3,0.3,45.0,150.017,,1180.09,,,1.0,13.0
2026-08-06 14:25:37.354,299784,44972,150015568,1180.072544,,368.388,0x00,0x00,CURRENT,1,0,OK,0.3,0.3,45.0,150.017,,1180.09,,,1.0,13.0
2026-08-06 14:25:38.188,299919,44993,150015728,1180.074234,,369.222,0x00,0x00,CURRENT,1,0,OK,0.3,0.3,45.0,150.018,,1180.095,,,1.0,13.0
2026-08-06 14:25:39.004,300052,45012,150015472,1180.071530,,370.037,0x00,0x00,CURRENT,1,0,OK,0.3,0.3,45.0,150.018,,1180.095,,,1.0,13.0
2026-08-06 14:25:40.317,300002,45005,150015536,1180.072206,,371.351,0x00,0x00,CURRENT,1,0,OK,0.3,0.3,45.0,150.018,,1180.102,,,1.0,14.0
2026-08-06 14:25:41.132,299951,44997,150015888,1180.075923,,372.166,0x00,0x00,CURRENT,1,0,OK,0.3,0.3,45.0,150.018,,1180.102,,,1.0,14.0
2026-08-06 14:25:41.967,299910,44991,150015360,1180.070348,,373.000,0x00,0x00,CURRENT,1,0,OK,0.3,0.3,45.0,150.019,,1180.104,,,1.0,14.0
2026-08-06 14:25:42.855,299865,44984,150014896,1180.065448,,373.888,0x00,0x00,CURRENT,1,0,OK,0.3,0.3,45.0,150.019,,1180.104,,,1.0,14.0
2026-08-06 14:25:43.670,299822,44978,150015296,1180.069672,,374.704,0x00,0x00,CURRENT,1,0,OK,0.3,0.3,45.0,150.019,,1180.104,,,1.0,14.0
2026-08-06 14:25:44.503,299776,44971,150014992,1180.066462,,375.537,0x00,0x00,CURRENT,1,0,OK,0.3,0.3,45.0,150.019,,1180.104,,,1.0,13.0
2026-08-06 14:25:45.355,299904,44990,150015184,1180.068489,,376.388,0x00,0x00,CURRENT,1,0,OK,0.3,0.3,45.0,150.019,,1180.104,,,1.0,13.0
2026-08-06 14:25:46.188,300028,45009,150015440,1180.071193,,377.222,0x00,0x00,CURRENT,1,0,OK,0.3,0.3,45.0,150.018,,1180.101,,,1.0,14.0
2026-08-06 14:25:47.004,299977,45001,150015744,1180.074403,,378.037,0x00,0x00,CURRENT,1,0,OK,0.3,0.3,45.0,150.018,,1180.101,,,1.0,14.0
2026-08-06 14:25:48.317,299933,44995,150015488,1180.071699,,379.351,0x00,0x00,CURRENT,1,0,OK,0.3,0.3,45.0,150.018,,1180.096,,,1.0,14.0
2026-08-06 14:25:49.132,299885,44987,150015872,1180.075754,,380.166,0x00,0x00,CURRENT,1,0,OK,0.3,0.3,45.0,150.018,,1180.096,,,1.0,14.0
2026-08-06 14:25:49.966,300012,45007,150016256,1180.079809,,381.000,0x00,0x00,CURRENT,1,0,OK,0.3,0.3,45.0,150.018,,1180.094,,,1.0,13.0
2026-08-06 14:25:50.854,300132,45025,150015968,1180.076768,,381.888,0x00,0x00,CURRENT,1,0,OK,0.3,0.3,45.0,150.018,,1180.094,,,1.0,13.0
2026-08-06 14:25:51.669,300082,45017,150015920,1180.076261,,382.703,0x00,0x00,CURRENT,1,0,OK,0.3,0.3,45.0,150.018,,1180.094,,,1.0,13.0
2026-08-06 14:25:52.503,300033,45010,150016256,1180.079809,,383.537,0x00,0x00,CURRENT,1,0,OK,0.3,0.3,45.0,150.017,,1180.091,,,1.0,14.0
2026-08-06 14:25:53.354,299994,45004,150016128,1180.078458,,384.388,0x00,0x00,CURRENT,1,0,OK,0.3,0.3,45.0,150.017,,1180.091,,,1.0,14.0
2026-08-06 14:25:54.188,299958,44998,150015696,1180.073896,,385.222,0x00,0x00,CURRENT,1,0,OK,0.3,0.3,45.0,150.017,,1180.091,,,1.0,14.0
2026-08-06 14:25:55.003,299910,44991,150015968,1180.076768,,386.037,0x00,0x00,CURRENT,1,0,OK,0.3,0.3,45.0,150.017,,1180.091,,,1.0,14.0
2026-08-06 14:25:56.317,299864,44984,150015472,1180.071530,,387.351,0x00,0x00,CURRENT,1,0,OK,0.3,0.3,45.0,150.018,,1180.093,,,1.0,13.0
2026-08-06 14:25:57.132,299985,45003,150016192,1180.079133,,388.166,0x00,0x00,CURRENT,1,0,OK,0.3,0.3,45.0,150.018,,1180.093,,,1.0,13.0
2026-08-06 14:25:57.966,300106,45021,150016352,1180.080823,,389.000,0x00,0x00,CURRENT,1,0,OK,0.3,0.3,45.0,150.017,,1180.084,,,1.0,13.0
2026-08-06 14:25:58.854,300225,45039,150016272,1180.079978,,389.888,0x00,0x00,CURRENT,1,0,OK,0.3,0.3,45.0,150.017,,1180.084,,,1.0,13.0
2026-08-06 14:25:59.669,300166,45030,150016640,1180.083864,,390.703,0x00,0x00,CURRENT,1,0,OK,0.3,0.3,45.0,150.017,,1180.084,,,1.0,13.0
2026-08-06 14:26:00.503,300104,45021,150016752,1180.085047,,391.537,0x00,0x00,CURRENT,1,0,OK,0.3,0.3,45.0,150.016,,1180.08,,,1.0,14.0
2026-08-06 14:26:01.353,300047,45012,150016992,1180.087581,,392.387,0x00,0x00,CURRENT,1,0,OK,0.3,0.3,45.0,150.016,,1180.08,,,1.0,14.0
2026-08-06 14:26:02.187,299994,45004,150017040,1180.088088,,393.221,0x00,0x00,CURRENT,1,0,OK,0.3,0.3,45.0,150.016,,1180.08,,,1.0,14.0
2026-08-06 14:26:03.002,299945,44997,150017136,1180.089102,,394.036,0x00,0x00,CURRENT,1,0,OK,0.3,0.3,45.0,150.016,,1180.08,,,1.0,14.0
2026-08-06 14:26:04.316,299897,44990,150017344,1180.091298,,395.350,0x00,0x00,CURRENT,1,0,OK,0.3,0.3,45.0,150.017,,1180.084,,,1.0,13.0
2026-08-06 14:26:05.131,300018,45008,150017296,1180.090791,,396.165,0x00,0x00,CURRENT,1,0,OK,0.3,0.3,45.0,150.017,,1180.084,,,1.0,13.0
2026-08-06 14:26:05.965,300136,45026,150017472,1180.092650,,396.999,0x00,0x00,CURRENT,1,0,OK,0.3,0.3,45.0,150.015,,1180.071,,,1.0,13.0
2026-08-06 14:26:06.855,300251,45043,150017536,1180.093326,,397.889,0x00,0x00,CURRENT,1,0,OK,0.3,0.3,45.0,150.015,,1180.071,,,1.0,13.0
2026-08-06 14:26:07.670,300200,45035,150017488,1180.092819,,398.704,0x00,0x00,CURRENT,1,0,OK,0.3,0.3,45.0,150.015,,1180.071,,,1.0,13.0
2026-08-06 14:26:08.504,300145,45027,150017392,1180.091805,,399.538,0x00,0x00,CURRENT,1,0,OK,0.3,0.3,45.0,150.016,,1180.076,,,1.0,14.0
2026-08-06 14:26:09.354,300097,45020,150017152,1180.089271,,400.388,0x00,0x00,CURRENT,1,0,OK,0.3,0.3,45.0,150.016,,1180.076,,,1.0,14.0
2026-08-06 14:26:10.188,300054,45013,150016960,1180.087243,,401.222,0x00,0x00,CURRENT,1,0,OK,0.3,0.3,45.0,150.015,,1180.067,,,1.0,14.0
2026-08-06 14:26:11.003,300006,45006,150017360,1180.091467,,402.037,0x00,0x00,CURRENT,1,0,OK,0.3,0.3,45.0,150.015,,1180.067,,,1.0,14.0
2026-08-06 14:26:12.317,299973,45001,150017088,1180.088595,,403.351,0x00,0x00,CURRENT,1,0,OK,0.3,0.3,45.0,150.015,,1180.066,,,1.0,13.0
2026-08-06 14:26:13.132,299929,44995,150017648,1180.094508,,404.166,0x00,0x00,CURRENT,1,0,OK,0.3,0.3,45.0,150.015,,1180.066,,,1.0,13.0
2026-08-06 14:26:13.966,299886,44988,150017776,1180.095860,,405.000,0x00,0x00,CURRENT,1,0,OK,0.3,0.3,45.0,150.014,,1180.059,,,1.0,13.0
2026-08-06 14:26:14.854,300014,45007,150017648,1180.094508,,405.888,0x00,0x00,CURRENT,1,0,OK,0.3,0.3,45.0,150.014,,1180.059,,,1.0,13.0
2026-08-06 14:26:15.669,300140,45026,150017808,1180.096198,,406.702,0x00,0x00,CURRENT,1,0,OK,0.3,0.3,45.0,150.014,,1180.059,,,1.0,13.0
2026-08-06 14:26:16.503,300253,45043,150017952,1180.097718,,407.537,0x00,0x00,CURRENT,1,0,OK,0.3,0.3,45.0,150.015,,1180.066,,,1.0,14.0
2026-08-06 14:26:17.354,300190,45034,150018160,1180.099915,,408.388,0x00,0x00,CURRENT,1,0,OK,0.3,0.3,45.0,150.015,,1180.066,,,1.0,14.0
2026-08-06 14:26:18.188,300132,45025,150017904,1180.097212,,409.222,0x00,0x00,CURRENT,1,0,OK,0.3,0.3,45.0,150.015,,1180.069,,,1.0,14.0
2026-08-06 14:26:19.003,300074,45016,150017904,1180.097212,,410.037,0x00,0x00,CURRENT,1,0,OK,0.3,0.3,45.0,150.015,,1180.069,,,1.0,14.0
2026-08-06 14:26:20.317,300020,45008,150017808,1180.096198,,411.351,0x00,0x00,CURRENT,1,0,OK,0.3,0.3,45.0,150.016,,1180.077,,,1.0,14.0
2026-08-06 14:26:21.132,299966,45000,150017584,1180.093832,,412.166,0x00,0x00,CURRENT,1,0,OK,0.3,0.3,45.0,150.016,,1180.077,,,1.0,14.0
2026-08-06 14:26:21.966,300084,45018,150017216,1180.089946,,413.000,0x00,0x00,CURRENT,1,0,OK,0.3,0.3,45.0,150.015,,1180.068,,,1.0,13.0
2026-08-06 14:26:22.854,300194,45034,150016656,1180.084033,,413.888,0x00,0x00,CURRENT,1,0,OK,0.3,0.3,45.0,150.015,,1180.068,,,1.0,13.0
2026-08-06 14:26:23.669,300292,45049,150017008,1180.087750,,414.703,0x00,0x00,CURRENT,1,0,OK,0.3,0.3,45.0,150.015,,1180.068,,,1.0,13.0
2026-08-06 14:26:24.503,300219,45038,150016528,1180.082681,,415.536,0x00,0x00,CURRENT,1,0,OK,0.3,0.3,45.0,150.015,,1180.067,,,1.0,14.0
2026-08-06 14:26:25.354,300155,45028,150016496,1180.082344,,416.388,0x00,0x00,CURRENT,1,0,OK,0.3,0.3,45.0,150.015,,1180.067,,,1.0,14.0
2026-08-06 14:26:26.188,300091,45019,150016464,1180.082006,,417.222,0x00,0x00,CURRENT,1,0,OK,0.3,0.3,45.0,150.016,,1180.075,,,1.0,14.0
2026-08-06 14:26:27.003,300035,45010,150016800,1180.085554,,418.037,0x00,0x00,CURRENT,1,0,OK,0.3,0.3,45.0,150.016,,1180.075,,,1.0,14.0
2026-08-06 14:26:28.317,299978,45002,150016720,1180.084709,,419.351,0x00,0x00,CURRENT,1,0,OK,0.3,0.3,45.0,150.017,,1180.084,,,1.0,13.0
2026-08-06 14:26:29.132,299932,44995,150016688,1180.084371,,420.166,0x00,0x00,CURRENT,1,0,OK,0.3,0.3,45.0,150.017,,1180.084,,,1.0,13.0
2026-08-06 14:26:29.966,300053,45013,150016512,1180.082512,,421.000,0x00,0x00,CURRENT,1,0,OK,0.3,0.3,45.0,150.017,,1180.085,,,1.0,13.0
2026-08-06 14:26:30.854,300165,45030,150016240,1180.079640,,421.888,0x00,0x00,CURRENT,1,0,OK,0.3,0.3,45.0,150.017,,1180.085,,,1.0,13.0
2026-08-06 14:26:31.669,300270,45045,150016592,1180.083357,,422.703,0x00,0x00,CURRENT,1,0,OK,0.3,0.3,45.0,150.017,,1180.085,,,1.0,13.0
2026-08-06 14:26:32.503,300208,45036,150016384,1180.081161,,423.537,0x00,0x00,CURRENT,1,0,OK,0.3,0.3,45.0,150.016,,1180.081,,,1.0,14.0
2026-08-06 14:26:33.355,300145,45027,150015952,1180.076599,,424.388,0x00,0x00,CURRENT,1,0,OK,0.3,0.3,45.0,150.016,,1180.081,,,1.0,14.0
2026-08-06 14:26:34.189,300087,45018,150015728,1180.074234,,425.222,0x00,0x00,CURRENT,1,0,OK,0.3,0.3,45.0,150.016,,1180.079,,,1.0,14.0
2026-08-06 14:26:35.004,300041,45011,150015664,1180.073558,,426.038,0x00,0x00,CURRENT,1,0,OK,0.3,0.3,45.0,150.016,,1180.079,,,1.0,14.0
2026-08-06 14:26:36.318,299995,45004,150015024,1180.066800,,427.351,0x00,0x00,CURRENT,1,0,OK,0.3,0.3,45.0,150.016,,1180.079,,,1.0,13.0
2026-08-06 14:26:37.133,299944,44996,150014736,1180.063758,,428.166,0x00,0x00,CURRENT,1,0,OK,0.3,0.3,45.0,150.016,,1180.079,,,1.0,13.0
2026-08-06 14:26:37.966,300066,45014,150014864,1180.065110,,429.000,0x00,0x00,CURRENT,1,0,OK,0.3,0.3,45.0,150.017,,1180.084,,,1.0,13.0
2026-08-06 14:26:38.855,300178,45031,150014448,1180.060717,,429.888,0x00,0x00,CURRENT,1,0,OK,0.3,0.3,45.0,150.017,,1180.084,,,1.0,13.0
2026-08-06 14:26:39.670,300290,45048,150014992,1180.066462,,430.703,0x00,0x00,CURRENT,1,0,OK,0.3,0.3,45.0,150.017,,1180.084,,,1.0,13.0
2026-08-06 14:26:40.504,300229,45039,150015312,1180.069841,,431.537,0x00,0x00,CURRENT,1,0,OK,0.3,0.3,45.0,150.016,,1180.074,,,1.0,14.0
2026-08-06 14:26:41.355,300168,45030,150015152,1180.068151,,432.389,0x00,0x00,CURRENT,1,0,OK,0.3,0.3,45.0,150.016,,1180.074,,,1.0,14.0
2026-08-06 14:26:42.189,300112,45022,150015808,1180.075078,,433.222,0x00,0x00,CURRENT,1,0,OK,0.3,0.3,45.0,150.016,,1180.081,,,1.0,14.0
2026-08-06 14:26:43.004,300067,45015,150015264,1180.069334,,434.037,0x00,0x00,CURRENT,1,0,OK,0.3,0.3,45.0,150.016,,1180.081,,,1.0,14.0
2026-08-06 14:26:44.318,300013,45007,150015232,1180.068996,,435.351,0x00,0x00,CURRENT,1,0,OK,0.3,0.3,45.0,150.017,,1180.084,,,1.0,13.0
2026-08-06 14:26:45.133,299959,44998,150015552,1180.072375,,436.167,0x00,0x00,CURRENT,1,0,OK,0.3,0.3,45.0,150.017,,1180.084,,,1.0,13.0
2026-08-06 14:26:45.966,300080,45017,150015648,1180.073389,,437.000,0x00,0x00,CURRENT,1,0,OK,0.3,0.3,45.0,150.016,,1180.077,,,1.0,13.0
2026-08-06 14:26:46.855,300190,45033,150015328,1180.070010,,437.888,0x00,0x00,CURRENT,1,0,OK,0.3,0.3,45.0,150.016,,1180.077,,,1.0,13.0
2026-08-06 14:26:47.670,300128,45024,150015104,1180.067644,,438.703,0x00,0x00,CURRENT,1,0,OK,0.3,0.3,45.0,150.016,,1180.077,,,1.0,13.0
2026-08-06 14:26:48.504,300070,45015,150014864,1180.065110,,439.537,0x00,0x00,CURRENT,1,0,OK,0.3,0.3,45.0,150.016,,1180.077,,,1.0,14.0
2026-08-06 14:26:49.355,300006,45005,150014960,1180.066124,,440.388,0x00,0x00,CURRENT,1,0,OK,0.3,0.3,45.0,150.016,,1180.077,,,1.0,14.0
2026-08-06 14:26:50.189,300123,45023,150015120,1180.067813,,441.222,0x00,0x00,CURRENT,1,0,OK,0.3,0.3,45.0,150.016,,1180.08,,,1.0,13.0
2026-08-06 14:26:51.003,300229,45039,150015328,1180.070010,,442.037,0x00,0x00,CURRENT,1,0,OK,0.3,0.3,45.0,150.016,,1180.08,,,1.0,13.0
2026-08-06 14:26:52.317,300165,45029,150014976,1180.066293,,443.351,0x00,0x00,CURRENT,1,0,OK,0.3,0.3,45.0,150.017,,1180.085,,,1.0,14.0
2026-08-06 14:26:53.133,300105,45020,150015120,1180.067813,,444.166,0x00,0x00,CURRENT,1,0,OK,0.3,0.3,45.0,150.017,,1180.085,,,1.0,14.0
2026-08-06 14:26:53.966,300056,45013,150015056,1180.067138,,445.000,0x00,0x00,CURRENT,1,0,OK,0.3,0.3,45.0,150.017,,1180.087,,,1.0,14.0
2026-08-06 14:26:54.853,300000,45004,150015088,1180.067476,,445.887,0x00,0x00,CURRENT,1,0,OK,0.3,0.3,45.0,150.017,,1180.087,,,1.0,14.0
2026-08-06 14:26:55.668,299944,44996,150015248,1180.069165,,446.702,0x00,0x00,CURRENT,1,0,OK,0.3,0.3,45.0,150.017,,1180.087,,,1.0,14.0
2026-08-06 14:26:56.502,300061,45014,150015472,1180.071530,,447.536,0x00,0x00,CURRENT,1,0,OK,0.3,0.3,45.0,150.017,,1180.09,,,1.0,13.0
2026-08-06 14:26:57.353,300169,45030,150015744,1180.074403,,448.387,0x00,0x00,CURRENT,1,0,OK,0.3,0.3,45.0,150.017,,1180.09,,,1.0,13.0
2026-08-06 14:26:58.187,300107,45021,150015600,1180.072882,,449.221,0x00,0x00,CURRENT,1,0,OK,0.3,0.3,45.0,150.017,,1180.092,,,1.0,14.0
2026-08-06 14:26:59.003,300049,45012,150015600,1180.072882,,450.036,0x00,0x00,CURRENT,1,0,OK,0.3,0.3,45.0,150.017,,1180.092,,,1.0,14.0
2026-08-06 14:27:00.316,300157,45028,150015200,1180.068658,,451.350,0x00,0x00,CURRENT,1,0,OK,0.3,0.3,45.0,150.017,,1180.09,,,1.0,13.0
2026-08-06 14:27:01.131,300096,45019,150015056,1180.067138,,452.165,0x00,0x00,CURRENT,1,0,OK,0.3,0.3,45.0,150.017,,1180.09,,,1.0,13.0
2026-08-06 14:27:01.965,300043,45011,150015200,1180.068658,,452.999,0x00,0x00,CURRENT,1,0,OK,0.3,0.3,45.0,150.017,,1180.086,,,1.0,14.0
2026-08-06 14:27:02.854,300162,45029,150014848,1180.064941,,453.888,0x00,0x00,CURRENT,1,0,OK,0.3,0.3,45.0,150.017,,1180.086,,,1.0,14.0
2026-08-06 14:27:03.669,300096,45019,150015232,1180.068996,,454.703,0x00,0x00,CURRENT,1,0,OK,0.3,0.3,45.0,150.017,,1180.086,,,1.0,14.0
2026-08-06 14:27:04.503,300042,45011,150015424,1180.071024,,455.537,0x00,0x00,CURRENT,1,0,OK,0.3,0.3,45.0,150.018,,1180.093,,,1.0,14.0
2026-08-06 14:27:05.354,300161,45029,150015264,1180.069334,,456.388,0x00,0x00,CURRENT,1,0,OK,0.3,0.3,45.0,150.018,,1180.093,,,1.0,14.0
2026-08-06 14:27:06.188,300112,45021,150015568,1180.072544,,457.222,0x00,0x00,CURRENT,1,0,OK,0.3,0.3,45.0,150.018,,1180.098,,,1.0,14.0
2026-08-06 14:27:07.003,300058,45013,150015280,1180.069503,,458.037,0x00,0x00,CURRENT,1,0,OK,0.3,0.3,45.0,150.018,,1180.098,,,1.0,14.0
2026-08-06 14:27:08.317,300000,45005,150015696,1180.073896,,459.351,0x00,0x00,CURRENT,1,0,OK,0.3,0.3,45.0,150.018,,1180.094,,,1.0,14.0
2026-08-06 14:27:09.132,300115,45022,150015648,1180.073389,,460.166,0x00,0x00,CURRENT,1,0,OK,0.3,0.3,45.0,150.018,,1180.094,,,1.0,14.0
2026-08-06 14:27:09.966,300222,45038,150016144,1180.078627,,461.000,0x00,0x00,CURRENT,1,0,OK,0.3,0.3,45.0,150.017,,1180.089,,,1.0,14.0
2026-08-06 14:27:10.854,300156,45028,150015984,1180.076937,,461.888,0x00,0x00,CURRENT,1,0,OK,0.3,0.3,45.0,150.017,,1180.089,,,1.0,14.0
2026-08-06 14:27:11.669,300091,45019,150016320,1180.080485,,462.703,0x00,0x00,CURRENT,1,0,OK,0.3,0.3,45.0,150.017,,1180.089,,,1.0,14.0
2026-08-06 14:27:12.503,300033,45010,150016560,1180.083019,,463.537,0x00,0x00,CURRENT,1,0,OK,0.3,0.3,45.0,150.017,,1180.087,,,1.0,14.0
2026-08-06 14:27:13.354,299974,45001,150016160,1180.078795,,464.388,0x00,0x00,CURRENT,1,0,OK,0.3,0.3,45.0,150.017,,1180.087,,,1.0,14.0
2026-08-06 14:27:14.188,300087,45018,150016576,1180.083188,,465.222,0x00,0x00,CURRENT,1,0,OK,0.3,0.3,45.0,150.016,,1180.082,,,1.0,13.0
2026-08-06 14:27:15.003,300202,45035,150016960,1180.087243,,466.037,0x00,0x00,CURRENT,1,0,OK,0.3,0.3,45.0,150.016,,1180.082,,,1.0,13.0
2026-08-06 14:27:16.317,300149,45028,150017280,1180.090622,,467.351,0x00,0x00,CURRENT,1,0,OK,0.3,0.3,45.0,150.016,,1180.082,,,1.0,14.0
2026-08-06 14:27:17.132,300101,45020,150017024,1180.087919,,468.166,0x00,0x00,CURRENT,1,0,OK,0.3,0.3,45.0,150.016,,1180.082,,,1.0,14.0
2026-08-06 14:27:17.966,300046,45012,150017376,1180.091636,,469.000,0x00,0x00,CURRENT,1,0,OK,0.3,0.3,45.0,150.017,,1180.091,,,1.0,14.0
2026-08-06 14:27:18.854,299996,45005,150017520,1180.093157,,469.888,0x00,0x00,CURRENT,1,0,OK,0.3,0.3,45.0,150.017,,1180.091,,,1.0,14.0
2026-08-06 14:27:19.670,299945,44997,150017328,1180.091129,,470.703,0x00,0x00,CURRENT,1,0,OK,0.3,0.3,45.0,150.017,,1180.091,,,1.0,14.0
2026-08-06 14:27:20.504,300072,45016,150016832,1180.085892,,471.537,0x00,0x00,CURRENT,1,0,OK,0.3,0.3,45.0,150.016,,1180.081,,,1.0,13.0
2026-08-06 14:27:21.354,300199,45035,150016576,1180.083188,,472.388,0x00,0x00,CURRENT,1,0,OK,0.3,0.3,45.0,150.016,,1180.081,,,1.0,13.0
2026-08-06 14:27:22.188,300152,45028,150016656,1180.084033,,473.222,0x00,0x00,CURRENT,1,0,OK,0.3,0.3,45.0,150.017,,1180.084,,,1.0,14.0
2026-08-06 14:27:23.003,300100,45020,150017472,1180.092650,,474.037,0x00,0x00,CURRENT,1,0,OK,0.3,0.3,45.0,150.017,,1180.084,,,1.0,14.0
2026-08-06 14:27:24.317,300054,45013,150017248,1180.090284,,475.351,0x00,0x00,CURRENT,1,0,OK,0.3,0.3,45.0,150.017,,1180.09,,,1.0,14.0
2026-08-06 14:27:25.132,300006,45006,150017168,1180.089440,,476.166,0x00,0x00,CURRENT,1,0,OK,0.3,0.3,45.0,150.017,,1180.09,,,1.0,14.0
2026-08-06 14:27:25.966,300127,45024,150017632,1180.094339,,477.000,0x00,0x00,CURRENT,1,0,OK,0.3,0.3,45.0,150.017,,1180.084,,,1.0,13.0
2026-08-06 14:27:26.854,300246,45042,150017680,1180.094846,,477.888,0x00,0x00,CURRENT,1,0,OK,0.3,0.3,45.0,150.017,,1180.084,,,1.0,13.0
2026-08-06 14:27:27.669,300187,45033,150017632,1180.094339,,478.703,0x00,0x00,CURRENT,1,0,OK,0.3,0.3,45.0,150.017,,1180.084,,,1.0,13.0
2026-08-06 14:27:28.503,300127,45024,150017328,1180.091129,,479.537,0x00,0x00,CURRENT,1,0,OK,0.3,0.3,45.0,150.016,,1180.081,,,1.0,14.0
2026-08-06 14:27:29.354,300067,45015,150017552,1180.093495,,480.388,0x00,0x00,CURRENT,1,0,OK,0.3,0.3,45.0,150.016,,1180.081,,,1.0,14.0
2026-08-06 14:27:30.188,300012,45007,150017104,1180.088764,,481.222,0x00,0x00,CURRENT,1,0,OK,0.3,0.3,45.0,150.017,,1180.088,,,1.0,14.0
2026-08-06 14:27:31.003,299963,45000,150017328,1180.091129,,482.037,0x00,0x00,CURRENT,1,0,OK,0.3,0.3,45.0,150.017,,1180.088,,,1.0,14.0
2026-08-06 14:27:32.317,299914,44992,150017264,1180.090453,,483.351,0x00,0x00,CURRENT,1,0,OK,0.3,0.3,45.0,150.017,,1180.089,,,1.0,13.0
2026-08-06 14:27:33.132,300041,45011,150017344,1180.091298,,484.166,0x00,0x00,CURRENT,1,0,OK,0.3,0.3,45.0,150.017,,1180.089,,,1.0,13.0
2026-08-06 14:27:33.966,300151,45028,150017200,1180.089778,,485.000,0x00,0x00,CURRENT,1,0,OK,0.3,0.3,45.0,150.018,,1180.097,,,1.0,13.0
2026-08-06 14:27:34.853,300266,45045,150016624,1180.083695,,485.887,0x00,0x00,CURRENT,1,0,OK,0.3,0.3,45.0,150.018,,1180.097,,,1.0,13.0
2026-08-06 14:27:35.668,300375,45061,150016400,1180.081330,,486.702,0x00,0x00,CURRENT,1,0,OK,0.3,0.3,45.0,150.018,,1180.097,,,1.0,13.0
2026-08-06 14:27:36.502,300311,45052,150016688,1180.084371,,487.536,0x00,0x00,CURRENT,1,0,OK,0.3,0.3,45.0,150.018,,1180.095,,,1.0,14.0
2026-08-06 14:27:37.354,300250,45043,150016928,1180.086905,,488.388,0x00,0x00,CURRENT,1,0,OK,0.3,0.3,45.0,150.018,,1180.095,,,1.0,14.0
2026-08-06 14:27:38.188,300188,45033,150017136,1180.089102,,489.222,0x00,0x00,CURRENT,1,0,OK,0.3,0.3,45.0,150.018,,1180.102,,,1.0,14.0
2026-08-06 14:27:39.003,300119,45023,150017600,1180.094001,,490.037,0x00,0x00,CURRENT,1,0,OK,0.3,0.3,45.0,150.018,,1180.102,,,1.0,14.0
2026-08-06 14:27:40.317,300064,45015,150017440,1180.092312,,491.351,0x00,0x00,CURRENT,1,0,OK,0.3,0.3,45.0,150.019,,1180.106,,,1.0,14.0
2026-08-06 14:27:41.132,300007,45006,150017760,1180.095691,,492.166,0x00,0x00,CURRENT,1,0,OK,0.3,0.3,45.0,150.019,,1180.106,,,1.0,14.0
2026-08-06 14:27:41.966,299948,44998,150017616,1180.094170,,493.000,0x00,0x00,CURRENT,1,0,OK,0.3,0.3,45.0,150.018,,1180.102,,,1.0,13.0
2026-08-06 14:27:42.853,299889,44989,150017376,1180.091636,,493.887,0x00,0x00,CURRENT,1,0,OK,0.3,0.3,45.0,150.018,,1180.102,,,1.0,13.0
2026-08-06 14:27:43.668,299844,44982,150018032,1180.098563,,494.702,0x00,0x00,CURRENT,1,0,OK,0.3,0.3,45.0,150.018,,1180.102,,,1.0,13.0
2026-08-06 14:27:44.502,299965,45000,150018480,1180.103294,,495.536,0x00,0x00,CURRENT,1,0,OK,0.3,0.3,45.0,150.019,,1180.104,,,1.0,13.0
2026-08-06 14:27:45.354,300078,45017,150018672,1180.105321,,496.387,0x00,0x00,CURRENT,1,0,OK,0.3,0.3,45.0,150.019,,1180.104,,,1.0,13.0
2026-08-06 14:27:46.188,300186,45034,150018704,1180.105659,,497.222,0x00,0x00,CURRENT,1,0,OK,0.3,0.3,45.0,150.018,,1180.103,,,1.0,14.0
2026-08-06 14:27:47.003,300290,45049,150019248,1180.111404,,498.037,0x00,0x00,CURRENT,1,0,OK,0.3,0.3,45.0,150.018,,1180.103,,,1.0,14.0
2026-08-06 14:27:48.317,300225,45040,150019280,1180.111742,,499.351,0x00,0x00,CURRENT,1,0,OK,0.3,0.3,45.0,150.02,,1180.115,,,1.0,14.0
2026-08-06 14:27:49.132,300160,45030,150019536,1180.114445,,500.166,0x00,0x00,CURRENT,1,0,OK,0.3,0.3,45.0,150.02,,1180.115,,,1.0,14.0
2026-08-06 14:27:49.966,300105,45022,150019664,1180.115797,,501.000,0x00,0x00,CURRENT,1,0,OK,0.3,0.3,45.0,150.019,,1180.107,,,1.0,14.0
2026-08-06 14:27:50.854,300049,45013,150019520,1180.114276,,501.888,0x00,0x00,CURRENT,1,0,OK,0.3,0.3,45.0,150.019,,1180.107,,,1.0,14.0
2026-08-06 14:27:51.669,299991,45004,150019456,1180.113600,,502.703,0x00,0x00,CURRENT,1,0,OK,0.3,0.3,45.0,150.019,,1180.107,,,1.0,14.0
2026-08-06 14:27:52.503,299938,44997,150019808,1180.117317,,503.536,0x00,0x00,CURRENT,1,0,OK,0.3,0.3,45.0,150.019,,1180.11,,,1.0,13.0
2026-08-06 14:27:53.354,300066,45016,150019856,1180.117824,,504.387,0x00,0x00,CURRENT,1,0,OK,0.3,0.3,45.0,150.019,,1180.11,,,1.0,13.0
2026-08-06 14:27:54.188,300183,45033,150019728,1180.116472,,505.222,0x00,0x00,CURRENT,1,0,OK,0.3,0.3,45.0,150.019,,1180.107,,,1.0,13.0
2026-08-06 14:27:55.003,300293,45050,150019872,1180.117993,,506.037,0x00,0x00,CURRENT,1,0,OK,0.3,0.3,45.0,150.019,,1180.107,,,1.0,13.0
2026-08-06 14:27:56.317,300237,45041,150019136,1180.110221,,507.351,0x00,0x00,CURRENT,1,0,OK,0.3,0.3,45.0,150.019,,1180.112,,,1.0,14.0
2026-08-06 14:27:57.132,300182,45033,150018832,1180.107011,,508.166,0x00,0x00,CURRENT,1,0,OK,0.3,0.3,45.0,150.019,,1180.112,,,1.0,14.0
2026-08-06 14:27:57.966,300131,45025,150018688,1180.105490,,509.000,0x00,0x00,CURRENT,1,0,OK,0.3,0.3,45.0,150.02,,1180.115,,,1.0,14.0
2026-08-06 14:27:58.854,300082,45018,150018816,1180.106842,,509.888,0x00,0x00,CURRENT,1,0,OK,0.3,0.3,45.0,150.02,,1180.115,,,1.0,14.0
2026-08-06 14:27:59.669,300033,45011,150018608,1180.104646,,510.702,0x00,0x00,CURRENT,1,0,OK,0.3,0.3,45.0,150.02,,1180.115,,,1.0,14.0
2026-08-06 14:28:00.503,299982,45003,150019056,1180.109376,,511.537,0x00,0x00,CURRENT,1,0,OK,0.3,0.3,45.0,150.019,,1180.108,,,1.0,13.0
2026-08-06 14:28:01.354,299937,44996,150018688,1180.105490,,512.387,0x00,0x00,CURRENT,1,0,OK,0.3,0.3,45.0,150.019,,1180.108,,,1.0,13.0
2026-08-06 14:28:02.188,300061,45015,150019104,1180.109883,,513.221,0x00,0x00,CURRENT,1,0,OK,0.3,0.3,45.0,150.019,,1180.11,,,1.0,13.0
2026-08-06 14:28:03.003,300181,45033,150018480,1180.103294,,514.036,0x00,0x00,CURRENT,1,0,OK,0.3,0.3,45.0,150.019,,1180.11,,,1.0,13.0
2026-08-06 14:28:04.317,300123,45024,150018256,1180.100929,,515.350,0x00,0x00,CURRENT,1,0,OK,0.3,0.3,45.0,150.019,,1180.111,,,1.0,14.0
2026-08-06 14:28:05.132,300070,45016,150018192,1180.100253,,516.165,0x00,0x00,CURRENT,1,0,OK,0.3,0.3,45.0,150.019,,1180.111,,,1.0,14.0
2026-08-06 14:28:05.966,300023,45009,150017584,1180.093832,,517.000,0x00,0x00,CURRENT,1,0,OK,0.3,0.3,45.0,150.019,,1180.108,,,1.0,14.0
2026-08-06 14:28:06.854,299982,45002,150017376,1180.091636,,517.887,0x00,0x00,CURRENT,1,0,OK,0.3,0.3,45.0,150.019,,1180.108,,,1.0,14.0
2026-08-06 14:28:07.668,299937,44996,150017280,1180.090622,,518.702,0x00,0x00,CURRENT,1,0,OK,0.3,0.3,45.0,150.019,,1180.108,,,1.0,14.0
2026-08-06 14:28:08.503,299893,44989,150017312,1180.090960,,519.536,0x00,0x00,CURRENT,1,0,OK,0.3,0.3,45.0,150.02,,1180.115,,,1.0,13.0
2026-08-06 14:28:09.355,299850,44983,150017600,1180.094001,,520.388,0x00,0x00,CURRENT,1,0,OK,0.3,0.3,45.0,150.02,,1180.115,,,1.0,13.0
2026-08-06 14:28:10.189,299814,44978,150018192,1180.100253,,521.222,0x00,0x00,CURRENT,1,0,OK,0.3,0.3,45.0,150.02,,1180.118,,,1.0,13.0
2026-08-06 14:28:11.004,299955,44999,150017952,1180.097718,,522.038,0x00,0x00,CURRENT,1,0,OK,0.3,0.3,45.0,150.02,,1180.118,,,1.0,13.0
2026-08-06 14:28:12.318,300089,45018,150017264,1180.090453,,523.351,0x00,0x00,CURRENT,1,0,OK,0.3,0.3,45.0,150.02,,1180.116,,,1.0,13.0
2026-08-06 14:28:13.133,300045,45012,150017056,1180.088257,,524.166,0x00,0x00,CURRENT,1,0,OK,0.3,0.3,45.0,150.02,,1180.116,,,1.0,13.0
2026-08-06 14:28:13.967,300007,45006,150016960,1180.087243,,525.001,0x00,0x00,CURRENT,1,0,OK,0.3,0.3,45.0,150.019,,1180.104,,,1.0,14.0
2026-08-06 14:28:14.854,299960,44999,150016656,1180.084033,,525.887,0x00,0x00,CURRENT,1,0,OK,0.3,0.3,45.0,150.019,,1180.104,,,1.0,14.0
2026-08-06 14:28:15.668,299917,44993,150016736,1180.084878,,526.702,0x00,0x00,CURRENT,1,0,OK,0.3,0.3,45.0,150.019,,1180.104,,,1.0,14.0
2026-08-06 14:28:16.503,299875,44986,150016416,1180.081499,,527.536,0x00,0x00,CURRENT,1,0,OK,0.3,0.3,45.0,150.018,,1180.102,,,1.0,14.0
2026-08-06 14:28:17.354,299838,44981,150016528,1180.082681,,528.387,0x00,0x00,CURRENT,1,0,OK,0.3,0.3,45.0,150.018,,1180.102,,,1.0,14.0
2026-08-06 14:28:18.188,299805,44976,150016656,1180.084033,,529.222,0x00,0x00,CURRENT,1,0,OK,0.3,0.3,45.0,150.018,,1180.099,,,1.0,13.0
2026-08-06 14:28:19.003,299772,44971,150016608,1180.083526,,530.036,0x00,0x00,CURRENT,1,0,OK,0.3,0.3,45.0,150.018,,1180.099,,,1.0,13.0
2026-08-06 14:28:20.317,299914,44992,150016672,1180.084202,,531.350,0x00,0x00,CURRENT,1,0,OK,0.3,0.3,45.0,150.018,,1180.098,,,1.0,13.0
2026-08-06 14:28:21.132,300045,45012,150016704,1180.084540,,532.165,0x00,0x00,CURRENT,1,0,OK,0.3,0.3,45.0,150.018,,1180.098,,,1.0,13.0
2026-08-06 14:28:21.966,300170,45030,150016672,1180.084202,,532.999,0x00,0x00,CURRENT,1,0,OK,0.3,0.3,45.0,150.018,,1180.096,,,1.0,14.0
2026-08-06 14:28:22.855,300116,45022,150016496,1180.082344,,533.888,0x00,0x00,CURRENT,1,0,OK,0.3,0.3,45.0,150.018,,1180.096,,,1.0,14.0
2026-08-06 14:28:23.670,300066,45015,150016480,1180.082175,,534.703,0x00,0x00,CURRENT,1,0,OK,0.3,0.3,45.0,150.018,,1180.096,,,1.0,14.0
2026-08-06 14:28:24.503,300021,45008,150016672,1180.084202,,535.537,0x00,0x00,CURRENT,1,0,OK,0.3,0.3,45.0,150.018,,1180.102,,,1.0,14.0
2026-08-06 14:28:25.354,299974,45001,150016624,1180.083695,,536.388,0x00,0x00,CURRENT,1,0,OK,0.3,0.3,45.0,150.018,,1180.102,,,1.0,14.0
2026-08-06 14:28:26.188,299931,44995,150016688,1180.084371,,537.222,0x00,0x00,CURRENT,1,0,OK,0.3,0.3,45.0,150.018,,1180.103,,,1.0,14.0
2026-08-06 14:28:27.004,299889,44988,150016352,1180.080823,,538.037,0x00,0x00,CURRENT,1,0,OK,0.3,0.3,45.0,150.018,,1180.103,,,1.0,14.0
2026-08-06 14:28:28.317,299858,44984,150016272,1180.079978,,539.351,0x00,0x00,CURRENT,1,0,OK,0.3,0.3,45.0,150.019,,1180.107,,,1.0,13.0
2026-08-06 14:28:29.132,299823,44978,150016336,1180.080654,,540.166,0x00,0x00,CURRENT,1,0,OK,0.3,0.3,45.0,150.019,,1180.107,,,1.0,13.0
2026-08-06 14:28:29.966,299962,44999,150016528,1180.082681,,541.000,0x00,0x00,CURRENT,1,0,OK,0.3,0.3,45.0,150.019,,1180.105,,,1.0,13.0
2026-08-06 14:28:30.854,300087,45018,150016688,1180.084371,,541.888,0x00,0x00,CURRENT,1,0,OK,0.3,0.3,45.0,150.019,,1180.105,,,1.0,13.0
2026-08-06 14:28:31.669,300209,45036,150016576,1180.083188,,542.703,0x00,0x00,CURRENT,1,0,OK,0.3,0.3,45.0,150.019,,1180.105,,,1.0,13.0
2026-08-06 14:28:32.503,300156,45028,150016640,1180.083864,,543.537,0x00,0x00,CURRENT,1,0,OK,0.3,0.3,45.0,150.018,,1180.103,,,1.0,14.0
2026-08-06 14:28:33.354,300100,45020,150016592,1180.083357,,544.388,0x00,0x00,CURRENT,1,0,OK,0.3,0.3,45.0,150.018,,1180.103,,,1.0,14.0
2026-08-06 14:28:34.188,300049,45012,150016992,1180.087581,,545.222,0x00,0x00,CURRENT,1,0,OK,0.3,0.3,45.0,150.018,,1180.103,,,1.0,14.0
2026-08-06 14:28:35.003,300001,45005,150017232,1180.090115,,546.037,0x00,0x00,CURRENT,1,0,OK,0.3,0.3,45.0,150.018,,1180.103,,,1.0,14.0
2026-08-06 14:28:36.317,299957,44999,150016672,1180.084202,,547.351,0x00,0x00,CURRENT,1,0,OK,0.3,0.3,45.0,150.018,,1180.101,,,1.0,14.0
2026-08-06 14:28:37.132,299922,44993,150016336,1180.080654,,548.166,0x00,0x00,CURRENT,1,0,OK,0.3,0.3,45.0,150.018,,1180.101,,,1.0,14.0
2026-08-06 14:28:37.966,299892,44989,150016000,1180.077106,,549.000,0x00,0x00,CURRENT,1,0,OK,0.3,0.3,45.0,150.018,,1180.094,,,1.0,13.0
2026-08-06 14:28:38.853,300029,45009,150015792,1180.074910,,549.887,0x00,0x00,CURRENT,1,0,OK,0.3,0.3,45.0,150.018,,1180.094,,,1.0,13.0
2026-08-06 14:28:39.668,300158,45028,150015344,1180.070179,,550.702,0x00,0x00,CURRENT,1,0,OK,0.3,0.3,45.0,150.018,,1180.094,,,1.0,13.0
2026-08-06 14:28:40.502,300275,45046,150015456,1180.071361,,551.536,0x00,0x00,CURRENT,1,0,OK,0.3,0.3,45.0,150.017,,1180.086,,,1.0,14.0
2026-08-06 14:28:41.353,300222,45038,150015152,1180.068151,,552.387,0x00,0x00,CURRENT,1,0,OK,0.3,0.3,45.0,150.017,,1180.086,,,1.0,14.0
2026-08-06 14:28:42.187,300165,45029,150015504,1180.071868,,553.221,0x00,0x00,CURRENT,1,0,OK,0.3,0.3,45.0,150.016,,1180.081,,,1.0,14.0
2026-08-06 14:28:43.002,300112,45021,150015216,1180.068827,,554.036,0x00,0x00,CURRENT,1,0,OK,0.3,0.3,45.0,150.016,,1180.081,,,1.0,14.0
2026-08-06 14:28:44.316,300053,45013,150015232,1180.068996,,555.350,0x00,0x00,CURRENT,1,0,OK,0.3,0.3,45.0,150.016,,1180.081,,,1.0,14.0
2026-08-06 14:28:45.131,300009,45006,150015488,1180.071699,,556.165,0x00,0x00,CURRENT,1,0,OK,0.3,0.3,45.0,150.016,,1180.081,,,1.0,14.0
2026-08-06 14:28:45.965,299967,44999,150014768,1180.064096,,556.999,0x00,0x00,CURRENT,1,0,OK,0.3,0.3,45.0,150.016,,1180.081,,,1.0,13.0
2026-08-06 14:28:46.854,299923,44993,150015408,1180.070855,,557.888,0x00,0x00,CURRENT,1,0,OK,0.3,0.3,45.0,150.016,,1180.081,,,1.0,13.0
2026-08-06 14:28:47.669,299881,44987,150015472,1180.071530,,558.703,0x00,0x00,CURRENT,1,0,OK,0.3,0.3,45.0,150.016,,1180.081,,,1.0,13.0
2026-08-06 14:28:48.503,300008,45006,150015376,1180.070517,,559.537,0x00,0x00,CURRENT,1,0,OK,0.3,0.3,45.0,150.016,,1180.079,,,1.0,13.0
2026-08-06 14:28:49.354,300129,45024,150015568,1180.072544,,560.388,0x00,0x00,CURRENT,1,0,OK,0.3,0.3,45.0,150.016,,1180.079,,,1.0,13.0
2026-08-06 14:28:50.188,300246,45042,150015856,1180.075585,,561.222,0x00,0x00,CURRENT,1,0,OK,0.3,0.3,45.0,150.017,,1180.084,,,1.0,14.0
2026-08-06 14:28:51.003,300360,45059,150016064,1180.077782,,562.037,0x00,0x00,CURRENT,1,0,OK,0.3,0.3,45.0,150.017,,1180.084,,,1.0,14.0
2026-08-06 14:28:52.317,300298,45049,150015616,1180.073051,,563.351,0x00,0x00,CURRENT,1,0,OK,0.3,0.3,45.0,150.016,,1180.08,,,1.0,14.0
2026-08-06 14:28:53.132,300241,45041,150015568,1180.072544,,564.166,0x00,0x00,CURRENT,1,0,OK,0.3,0.3,45.0,150.016,,1180.08,,,1.0,14.0
2026-08-06 14:28:53.966,300192,45033,150015072,1180.067307,,565.000,0x00,0x00,CURRENT,1,0,OK,0.3,0.3,45.0,150.016,,1180.076,,,1.0,14.0
2026-08-06 14:28:54.854,300140,45026,150015152,1180.068151,,565.888,0x00,0x00,CURRENT,1,0,OK,0.3,0.3,45.0,150.016,,1180.076,,,1.0,14.0
2026-08-06 14:28:55.669,300086,45017,150015200,1180.068658,,566.703,0x00,0x00,CURRENT,1,0,OK,0.3,0.3,45.0,150.016,,1180.076,,,1.0,14.0
2026-08-06 14:28:56.503,300049,45012,150014864,1180.065110,,567.537,0x00,0x00,CURRENT,1,0,OK,0.3,0.3,45.0,150.016,,1180.081,,,1.0,14.0
2026-08-06 14:28:57.355,300007,45005,150014800,1180.064434,,568.389,0x00,0x00,CURRENT,1,0,OK,0.3,0.3,45.0,150.016,,1180.081,,,1.0,14.0
2026-08-06 14:28:58.189,299961,44999,150015728,1180.074234,,569.223,0x00,0x00,CURRENT,1,0,OK,0.3,0.3,45.0,150.017,,1180.086,,,1.0,13.0
2026-08-06 14:28:59.004,299913,44992,150015792,1180.074910,,570.038,0x00,0x00,CURRENT,1,0,OK,0.3,0.3,45.0,150.017,,1180.086,,,1.0,13.0
2026-08-06 14:29:00.318,299867,44985,150015616,1180.073051,,571.352,0x00,0x00,CURRENT,1,0,OK,0.3,0.3,45.0,150.017,,1180.089,,,1.0,13.0
2026-08-06 14:29:01.133,299829,44979,150015312,1180.069841,,572.167,0x00,0x00,CURRENT,1,0,OK,0.3,0.3,45.0,150.017,,1180.089,,,1.0,13.0
2026-08-06 14:29:01.967,299954,44998,150015648,1180.073389,,573.001,0x00,0x00,CURRENT,1,0,OK,0.3,0.3,45.0,150.018,,1180.095,,,1.0,13.0
2026-08-06 14:29:02.855,300077,45016,150015056,1180.067138,,573.889,0x00,0x00,CURRENT,1,0,OK,0.3,0.3,45.0,150.018,,1180.095,,,1.0,13.0
2026-08-06 14:29:03.670,300193,45034,150014960,1180.066124,,574.704,0x00,0x00,CURRENT,1,0,OK,0.3,0.3,45.0,150.018,,1180.095,,,1.0,13.0
2026-08-06 14:29:04.504,300309,45051,150014784,1180.064265,,575.538,0x00,0x00,CURRENT,1,0,OK,0.3,0.3,45.0,150.018,,1180.097,,,1.0,14.0
2026-08-06 14:29:05.353,300254,45043,150015008,1180.066631,,576.387,0x00,0x00,CURRENT,1,0,OK,0.3,0.3,45.0,150.018,,1180.097,,,1.0,14.0
2026-08-06 14:29:06.187,300202,45035,150014880,1180.065279,,577.220,0x00,0x00,CURRENT,1,0,OK,0.3,0.3,45.0,150.018,,1180.093,,,1.0,14.0
2026-08-06 14:29:07.002,300147,45026,150014896,1180.065448,,578.036,0x00,0x00,CURRENT,1,0,OK,0.3,0.3,45.0,150.018,,1180.093,,,1.0,14.0
2026-08-06 14:29:08.316,300096,45019,150015072,1180.067307,,579.350,0x00,0x00,CURRENT,1,0,OK,0.3,0.3,45.0,150.017,,1180.091,,,1.0,14.0
2026-08-06 14:29:09.131,300044,45011,150014656,1180.062914,,580.165,0x00,0x00,CURRENT,1,0,OK,0.3,0.3,45.0,150.017,,1180.091,,,1.0,14.0
2026-08-06 14:29:09.965,299993,45003,150014384,1180.060041,,580.998,0x00,0x00,CURRENT,1,0,OK,0.3,0.3,45.0,150.016,,1180.078,,,1.0,13.0
2026-08-06 14:29:10.855,299941,44995,150014608,1180.062407,,581.889,0x00,0x00,CURRENT,1,0,OK,0.3,0.3,45.0,150.016,,1180.078,,,1.0,13.0
2026-08-06 14:29:11.670,299896,44989,150014704,1180.063421,,582.704,0x00,0x00,CURRENT,1,0,OK,0.3,0.3,45.0,150.016,,1180.078,,,1.0,13.0
2026-08-06 14:29:12.504,300019,45007,150015424,1180.071024,,583.538,0x00,0x00,CURRENT,1,0,OK,0.3,0.3,45.0,150.016,,1180.079,,,1.0,13.0
2026-08-06 14:29:13.354,300134,45025,150015152,1180.068151,,584.388,0x00,0x00,CURRENT,1,0,OK,0.3,0.3,45.0,150.016,,1180.079,,,1.0,13.0
2026-08-06 14:29:14.188,300242,45041,150015072,1180.067307,,585.222,0x00,0x00,CURRENT,1,0,OK,0.3,0.3,45.0,150.016,,1180.08,,,1.0,14.0
2026-08-06 14:29:15.003,300178,45031,150015680,1180.073727,,586.037,0x00,0x00,CURRENT,1,0,OK,0.3,0.3,45.0,150.016,,1180.08,,,1.0,14.0
2026-08-06 14:29:16.316,300123,45023,150015440,1180.071193,,587.350,0x00,0x00,CURRENT,1,0,OK,0.3,0.3,45.0,150.017,,1180.085,,,1.0,14.0
2026-08-06 14:29:17.132,300070,45015,150015408,1180.070855,,588.166,0x00,0x00,CURRENT,1,0,OK,0.3,0.3,45.0,150.017,,1180.085,,,1.0,14.0
2026-08-06 14:29:17.966,300025,45009,150015680,1180.073727,,589.000,0x00,0x00,CURRENT,1,0,OK,0.3,0.3,45.0,150.016,,1180.082,,,1.0,13.0
2026-08-06 14:29:18.855,299980,45002,150015168,1180.068320,,589.889,0x00,0x00,CURRENT,1,0,OK,0.3,0.3,45.0,150.016,,1180.082,,,1.0,13.0
2026-08-06 14:29:19.670,300102,45020,150015440,1180.071193,,590.704,0x00,0x00,CURRENT,1,0,OK,0.3,0.3,45.0,150.016,,1180.082,,,1.0,13.0
2026-08-06 14:29:20.504,300217,45037,150015568,1180.072544,,591.538,0x00,0x00,CURRENT,1,0,OK,0.3,0.3,45.0,150.016,,1180.075,,,1.0,14.0
2026-08-06 14:29:21.354,300152,45027,150015504,1180.071868,,592.388,0x00,0x00,CURRENT,1,0,OK,0.3,0.3,45.0,150.016,,1180.075,,,1.0,14.0
2026-08-06 14:29:22.188,300094,45019,150015888,1180.075923,,593.221,0x00,0x00,CURRENT,1,0,OK,0.3,0.3,45.0,150.016,,1180.081,,,1.0,14.0
2026-08-06 14:29:23.003,300042,45011,150016480,1180.082175,,594.036,0x00,0x00,CURRENT,1,0,OK,0.3,0.3,45.0,150.016,,1180.081,,,1.0,14.0
2026-08-06 14:29:24.317,300156,45028,150016560,1180.083019,,595.350,0x00,0x00,CURRENT,1,0,OK,0.3,0.3,45.0,150.017,,1180.089,,,1.0,13.0
2026-08-06 14:29:25.132,300273,45046,150016432,1180.081668,,596.165,0x00,0x00,CURRENT,1,0,OK,0.3,0.3,45.0,150.017,,1180.089,,,1.0,13.0
2026-08-06 14:29:25.966,300207,45036,150016336,1180.080654,,596.999,0x00,0x00,CURRENT,1,0,OK,0.3,0.3,45.0,150.018,,1180.095,,,1.0,14.0
2026-08-06 14:29:26.855,300143,45026,150015904,1180.076092,,597.888,0x00,0x00,CURRENT,1,0,OK,0.3,0.3,45.0,150.018,,1180.095,,,1.0,14.0
2026-08-06 14:29:27.670,300080,45017,150016320,1180.080485,,598.703,0x00,0x00,CURRENT,1,0,OK,0.3,0.3,45.0,150.018,,1180.095,,,1.0,14.0
2026-08-06 14:29:28.504,300023,45008,150016512,1180.082512,,599.537,0x00,0x00,CURRENT,1,0,OK,0.3,0.3,45.0,150.018,,1180.103,,,1.0,13.0
2026-08-06 14:29:29.354,299967,45000,150016832,1180.085892,,600.388,0x00,0x00,CURRENT,1,0,OK,0.3,0.3,45.0,150.018,,1180.103,,,1.0,13.0
2026-08-06 14:29:30.188,299913,44992,150017616,1180.094170,,601.222,0x00,0x00,CURRENT,1,0,OK,0.3,0.3,45.0,150.018,,1180.101,,,1.0,13.0
2026-08-06 14:29:31.004,300033,45010,150017888,1180.097043,,602.037,0x00,0x00,CURRENT,1,0,OK,0.3,0.3,45.0,150.018,,1180.101,,,1.0,13.0
2026-08-06 14:29:32.318,300142,45027,150018016,1180.098394,,603.351,0x00,0x00,CURRENT,1,0,OK,0.3,0.3,45.0,150.018,,1180.101,,,1.0,13.0
2026-08-06 14:29:33.133,300081,45017,150017792,1180.096029,,604.166,0x00,0x00,CURRENT,1,0,OK,0.3,0.3,45.0,150.018,,1180.101,,,1.0,13.0
2026-08-06 14:29:33.966,300022,45009,150017792,1180.096029,,605.000,0x00,0x00,CURRENT,1,0,OK,0.3,0.3,45.0,150.017,,1180.09,,,1.0,14.0
2026-08-06 14:29:34.854,299970,45001,150017136,1180.089102,,605.887,0x00,0x00,CURRENT,1,0,OK,0.3,0.3,45.0,150.017,,1180.09,,,1.0,14.0
2026-08-06 14:29:35.668,299917,44993,150016720,1180.084709,,606.702,0x00,0x00,CURRENT,1,0,OK,0.3,0.3,45.0,150.017,,1180.09,,,1.0,14.0
2026-08-06 14:29:36.502,299884,44987,150016304,1180.080316,,607.536,0x00,0x00,CURRENT,1,0,OK,0.3,0.3,45.0,150.017,,1180.09,,,1.0,13.0
2026-08-06 14:29:37.354,299839,44981,150015696,1180.073896,,608.388,0x00,0x00,CURRENT,1,0,OK,0.3,0.3,45.0,150.017,,1180.09,,,1.0,13.0
2026-08-06 14:29:38.188,299964,44999,150015696,1180.073896,,609.222,0x00,0x00,CURRENT,1,0,OK,0.3,0.3,45.0,150.017,,1180.086,,,1.0,13.0
2026-08-06 14:29:39.003,300087,45018,150016080,1180.077951,,610.037,0x00,0x00,CURRENT,1,0,OK,0.3,0.3,45.0,150.017,,1180.086,,,1.0,13.0
2026-08-06 14:29:40.317,300038,45010,150015536,1180.072206,,611.351,0x00,0x00,CURRENT,1,0,OK,0.3,0.3,45.0,150.017,,1180.086,,,1.0,14.0
2026-08-06 14:29:41.133,299986,45002,150015520,1180.072037,,612.166,0x00,0x00,CURRENT,1,0,OK,0.3,0.3,45.0,150.017,,1180.086,,,1.0,14.0
2026-08-06 14:29:41.966,299934,44995,150015616,1180.073051,,613.000,0x00,0x00,CURRENT,1,0,OK,0.3,0.3,45.0,150.018,,1180.098,,,1.0,13.0
2026-08-06 14:29:42.854,300054,45013,150015584,1180.072713,,613.888,0x00,0x00,CURRENT,1,0,OK,0.3,0.3,45.0,150.018,,1180.098,,,1.0,13.0
2026-08-06 14:29:43.669,300174,45031,150015008,1180.066631,,614.703,0x00,0x00,CURRENT,1,0,OK,0.3,0.3,45.0,150.018,,1180.098,,,1.0,13.0
2026-08-06 14:29:44.503,300115,45022,150015312,1180.069841,,615.537,0x00,0x00,CURRENT,1,0,OK,0.3,0.3,45.0,150.017,,1180.087,,,1.0,14.0
2026-08-06 14:29:45.354,300048,45012,150014976,1180.066293,,616.388,0x00,0x00,CURRENT,1,0,OK,0.3,0.3,45.0,150.017,,1180.087,,,1.0,14.0
2026-08-06 14:29:46.189,299990,45003,150015952,1180.076599,,617.222,0x00,0x00,CURRENT,1,0,OK,0.3,0.3,45.0,150.017,,1180.089,,,1.0,14.0
2026-08-06 14:29:47.003,299945,44997,150016192,1180.079133,,618.037,0x00,0x00,CURRENT,1,0,OK,0.3,0.3,45.0,150.017,,1180.089,,,1.0,14.0
2026-08-06 14:29:48.318,300069,45015,150016016,1180.077275,,619.351,0x00,0x00,CURRENT,1,0,OK,0.3,0.3,45.0,150.017,,1180.092,,,1.0,13.0
2026-08-06 14:29:49.133,300189,45033,150015952,1180.076599,,620.166,0x00,0x00,CURRENT,1,0,OK,0.3,0.3,45.0,150.017,,1180.092,,,1.0,13.0
2026-08-06 14:29:49.966,300135,45025,150016048,1180.077613,,621.000,0x00,0x00,CURRENT,1,0,OK,0.3,0.3,45.0,150.016,,1180.082,,,1.0,14.0
2026-08-06 14:29:50.855,300075,45016,150016048,1180.077613,,621.888,0x00,0x00,CURRENT,1,0,OK,0.3,0.3,45.0,150.016,,1180.082,,,1.0,14.0
2026-08-06 14:29:51.670,300026,45009,150015840,1180.075416,,622.703,0x00,0x00,CURRENT,1,0,OK,0.3,0.3,45.0,150.016,,1180.082,,,1.0,14.0
2026-08-06 14:29:52.504,299982,45002,150015536,1180.072206,,623.537,0x00,0x00,CURRENT,1,0,OK,0.3,0.3,45.0,150.016,,1180.082,,,1.0,14.0
2026-08-06 14:29:53.353,299933,44995,150015472,1180.071530,,624.387,0x00,0x00,CURRENT,1,0,OK,0.3,0.3,45.0,150.016,,1180.082,,,1.0,14.0
2026-08-06 14:29:54.188,299892,44988,150015248,1180.069165,,625.221,0x00,0x00,CURRENT,1,0,OK,0.3,0.3,45.0,150.016,,1180.077,,,1.0,13.0
2026-08-06 14:29:55.002,300013,45007,150015632,1180.073220,,626.036,0x00,0x00,CURRENT,1,0,OK,0.3,0.3,45.0,150.016,,1180.077,,,1.0,13.0
2026-08-06 14:29:56.316,300130,45024,150016288,1180.080147,,627.350,0x00,0x00,CURRENT,1,0,OK,0.3,0.3,45.0,150.017,,1180.085,,,1.0,13.0
2026-08-06 14:29:57.131,300080,45017,150016640,1180.083864,,628.165,0x00,0x00,CURRENT,1,0,OK,0.3,0.3,45.0,150.017,,1180.085,,,1.0,13.0
2026-08-06 14:29:57.965,300031,45010,150016800,1180.085554,,628.999,0x00,0x00,CURRENT,1,0,OK,0.3,0.3,45.0,150.017,,1180.089,,,1.0,14.0
2026-08-06 14:29:58.854,299985,45003,150016688,1180.084371,,629.888,0x00,0x00,CURRENT,1,0,OK,0.3,0.3,45.0,150.017,,1180.089,,,1.0,14.0
2026-08-06 14:29:59.669,299937,44996,150016432,1180.081668,,630.703,0x00,0x00,CURRENT,1,0,OK,0.3,0.3,45.0,150.017,,1180.089,,,1.0,14.0
2026-08-06 14:30:00.503,299897,44989,150016128,1180.078458,,631.537,0x00,0x00,CURRENT,1,0,OK,0.3,0.3,45.0,150.017,,1180.088,,,1.0,14.0
2026-08-06 14:30:01.354,299862,44984,150016320,1180.080485,,632.388,0x00,0x00,CURRENT,1,0,OK,0.3,0.3,45.0,150.017,,1180.088,,,1.0,14.0
2026-08-06 14:30:02.188,299826,44979,150016384,1180.081161,,633.222,0x00,0x00,CURRENT,1,0,OK,0.3,0.3,45.0,150.017,,1180.089,,,1.0,13.0
2026-08-06 14:30:03.003,299790,44973,150016416,1180.081499,,634.037,0x00,0x00,CURRENT,1,0,OK,0.3,0.3,45.0,150.017,,1180.089,,,1.0,13.0
2026-08-06 14:30:04.317,299916,44992,150016528,1180.082681,,635.351,0x00,0x00,CURRENT,1,0,OK,0.3,0.3,45.0,150.017,,1180.09,,,1.0,13.0
2026-08-06 14:30:05.132,300039,45011,150016464,1180.082006,,636.166,0x00,0x00,CURRENT,1,0,OK,0.3,0.3,45.0,150.017,,1180.09,,,1.0,13.0
2026-08-06 14:30:05.966,300153,45028,150016480,1180.082175,,637.000,0x00,0x00,CURRENT,1,0,OK,0.3,0.3,45.0,150.017,,1180.085,,,1.0,14.0
2026-08-06 14:30:06.854,300099,45020,150016112,1180.078289,,637.888,0x00,0x00,CURRENT,1,0,OK,0.3,0.3,45.0,150.017,,1180.085,,,1.0,14.0
2026-08-06 14:30:07.669,300053,45013,150015920,1180.076261,,638.703,0x00,0x00,CURRENT,1,0,OK,0.3,0.3,45.0,150.017,,1180.085,,,1.0,14.0
2026-08-06 14:30:08.503,299999,45005,150016080,1180.077951,,639.537,0x00,0x00,CURRENT,1,0,OK,0.3,0.3,45.0,150.017,,1180.088,,,1.0,14.0
2026-08-06 14:30:09.354,299949,44997,150015792,1180.074910,,640.388,0x00,0x00,CURRENT,1,0,OK,0.3,0.3,45.0,150.017,,1180.088,,,1.0,14.0
2026-08-06 14:30:10.188,299907,44991,150015600,1180.072882,,641.222,0x00,0x00,CURRENT,1,0,OK,0.3,0.3,45.0,150.017,,1180.091,,,1.0,13.0
2026-08-06 14:30:11.003,299862,44984,150015904,1180.076092,,642.037,0x00,0x00,CURRENT,1,0,OK,0.3,0.3,45.0,150.017,,1180.091,,,1.0,13.0
2026-08-06 14:30:12.317,299991,45003,150015760,1180.074572,,643.351,0x00,0x00,CURRENT,1,0,OK,0.3,0.3,45.0,150.017,,1180.089,,,1.0,13.0
2026-08-06 14:30:13.132,299948,44997,150016176,1180.078964,,644.166,0x00,0x00,CURRENT,1,0,OK,0.3,0.3,45.0,150.017,,1180.089,,,1.0,13.0
2026-08-06 14:30:13.966,299905,44991,150016080,1180.077951,,645.000,0x00,0x00,CURRENT,1,0,OK,0.3,0.3,45.0,150.017,,1180.087,,,1.0,14.0
2026-08-06 14:30:14.854,299860,44984,150015760,1180.074572,,645.888,0x00,0x00,CURRENT,1,0,OK,0.3,0.3,45.0,150.017,,1180.087,,,1.0,14.0
2026-08-06 14:30:15.669,299814,44977,150016016,1180.077275,,646.703,0x00,0x00,CURRENT,1,0,OK,0.3,0.3,45.0,150.017,,1180.087,,,1.0,14.0
2026-08-06 14:30:16.503,299779,44972,150015968,1180.076768,,647.537,0x00,0x00,CURRENT,1,0,OK,0.3,0.3,45.0,150.017,,1180.087,,,1.0,13.0
2026-08-06 14:30:17.354,299913,44992,150015936,1180.076430,,648.388,0x00,0x00,CURRENT,1,0,OK,0.3,0.3,45.0,150.017,,1180.087,,,1.0,13.0
2026-08-06 14:30:18.188,300034,45010,150015552,1180.072375,,649.222,0x00,0x00,CURRENT,1,0,OK,0.3,0.3,45.0,150.017,,1180.091,,,1.0,14.0
2026-08-06 14:30:19.003,299988,45003,150015472,1180.071530,,650.037,0x00,0x00,CURRENT,1,0,OK,0.3,0.3,45.0,150.017,,1180.091,,,1.0,14.0
2026-08-06 14:30:20.317,299942,44996,150015664,1180.073558,,651.351,0x00,0x00,CURRENT,1,0,OK,0.3,0.3,45.0,150.017,,1180.088,,,1.0,14.0
2026-08-06 14:30:21.132,299900,44990,150015520,1180.072037,,652.166,0x00,0x00,CURRENT,1,0,OK,0.3,0.3,45.0,150.017,,1180.088,,,1.0,14.0
2026-08-06 14:30:21.966,299856,44983,150015632,1180.073220,,653.000,0x00,0x00,CURRENT,1,0,OK,0.3,0.3,45.0,150.016,,1180.08,,,1.0,13.0
2026-08-06 14:30:22.854,299817,44977,150015744,1180.074403,,653.888,0x00,0x00,CURRENT,1,0,OK,0.3,0.3,45.0,150.016,,1180.08,,,1.0,13.0
2026-08-06 14:30:23.669,299955,44998,150015664,1180.073558,,654.703,0x00,0x00,CURRENT,1,0,OK,0.3,0.3,45.0,150.016,,1180.08,,,1.0,13.0
2026-08-06 14:30:24.503,300082,45017,150016400,1180.081330,,655.537,0x00,0x00,CURRENT,1,0,OK,0.3,0.3,45.0,150.017,,1180.084,,,1.0,14.0
2026-08-06 14:30:25.354,300040,45011,150017616,1180.094170,,656.388,0x00,0x00,CURRENT,1,0,OK,0.3,0.3,45.0,150.017,,1180.084,,,1.0,14.0
2026-08-06 14:30:26.188,299992,45004,150017776,1180.095860,,657.222,0x00,0x00,CURRENT,1,0,OK,0.3,0.3,45.0,150.017,,1180.086,,,1.0,14.0
2026-08-06 14:30:27.003,299950,44998,150017920,1180.097380,,658.037,0x00,0x00,CURRENT,1,0,OK,0.3,0.3,45.0,150.017,,1180.086,,,1.0,14.0
2026-08-06 14:30:28.317,299911,44992,150017744,1180.095522,,659.351,0x00,0x00,CURRENT,1,0,OK,0.3,0.3,45.0,150.017,,1180.086,,,1.0,14.0
2026-08-06 14:30:29.132,299876,44987,150017536,1180.093326,,660.166,0x00,0x00,CURRENT,1,0,OK,0.3,0.3,45.0,150.017,,1180.086,,,1.0,14.0
2026-08-06 14:30:29.966,300010,45007,150018096,1180.099239,,661.000,0x00,0x00,CURRENT,1,0,OK,0.3,0.3,45.0,150.017,,1180.09,,,1.0,13.0
2026-08-06 14:30:30.854,300133,45025,150017680,1180.094846,,661.888,0x00,0x00,CURRENT,1,0,OK,0.3,0.3,45.0,150.017,,1180.09,,,1.0,13.0
2026-08-06 14:30:31.669,300081,45017,150017472,1180.092650,,662.703,0x00,0x00,CURRENT,1,0,OK,0.3,0.3,45.0,150.017,,1180.09,,,1.0,13.0
2026-08-06 14:30:32.503,300032,45010,150017408,1180.091974,,663.537,0x00,0x00,CURRENT,1,0,OK,0.3,0.3,45.0,150.017,,1180.085,,,1.0,14.0
2026-08-06 14:30:33.354,299984,45003,150017600,1180.094001,,664.388,0x00,0x00,CURRENT,1,0,OK,0.3,0.3,45.0,150.017,,1180.085,,,1.0,14.0
2026-08-06 14:30:34.188,299932,44995,150017776,1180.095860,,665.221,0x00,0x00,CURRENT,1,0,OK,0.3,0.3,45.0,150.017,,1180.088,,,1.0,14.0
2026-08-06 14:30:35.003,299889,44989,150018208,1180.100422,,666.037,0x00,0x00,CURRENT,1,0,OK,0.3,0.3,45.0,150.017,,1180.088,,,1.0,14.0
2026-08-06 14:30:36.317,299849,44983,150017920,1180.097380,,667.351,0x00,0x00,CURRENT,1,0,OK,0.3,0.3,45.0,150.018,,1180.098,,,1.0,13.0
2026-08-06 14:30:37.132,299980,45002,150017712,1180.095184,,668.166,0x00,0x00,CURRENT,1,0,OK,0.3,0.3,45.0,150.018,,1180.098,,,1.0,13.0
2026-08-06 14:30:37.966,300097,45020,150018048,1180.098732,,669.000,0x00,0x00,CURRENT,1,0,OK,0.3,0.3,45.0,150.018,,1180.097,,,1.0,13.0
2026-08-06 14:30:38.855,300215,45038,150017696,1180.095015,,669.889,0x00,0x00,CURRENT,1,0,OK,0.3,0.3,45.0,150.018,,1180.097,,,1.0,13.0
2026-08-06 14:30:39.670,300158,45029,150017488,1180.092819,,670.704,0x00,0x00,CURRENT,1,0,OK,0.3,0.3,45.0,150.018,,1180.097,,,1.0,13.0
2026-08-06 14:30:40.504,300111,45022,150017168,1180.089440,,671.537,0x00,0x00,CURRENT,1,0,OK,0.3,0.3,45.0,150.018,,1180.093,,,1.0,14.0
2026-08-06 14:30:41.354,300067,45015,150016656,1180.084033,,672.387,0x00,0x00,CURRENT,1,0,OK,0.3,0.3,45.0,150.018,,1180.093,,,1.0,14.0
2026-08-06 14:30:42.188,300021,45008,150017072,1180.088426,,673.221,0x00,0x00,CURRENT,1,0,OK,0.3,0.3,45.0,150.017,,1180.085,,,1.0,14.0
2026-08-06 14:30:43.003,299980,45002,150017248,1180.090284,,674.036,0x00,0x00,CURRENT,1,0,OK,0.3,0.3,45.0,150.017,,1180.085,,,1.0,14.0
2026-08-06 14:30:44.317,299934,44995,150016944,1180.087074,,675.351,0x00,0x00,CURRENT,1,0,OK,0.3,0.3,45.0,150.017,,1180.088,,,1.0,13.0
2026-08-06 14:30:45.132,299894,44989,150016720,1180.084709,,676.165,0x00,0x00,CURRENT,1,0,OK,0.3,0.3,45.0,150.017,,1180.088,,,1.0,13.0
2026-08-06 14:30:45.966,299860,44984,150017088,1180.088595,,676.999,0x00,0x00,CURRENT,1,0,OK,0.3,0.3,45.0,150.017,,1180.086,,,1.0,13.0
2026-08-06 14:30:46.855,299993,45004,150016880,1180.086398,,677.888,0x00,0x00,CURRENT,1,0,OK,0.3,0.3,45.0,150.017,,1180.086,,,1.0,13.0
2026-08-06 14:30:47.670,300110,45022,150016752,1180.085047,,678.704,0x00,0x00,CURRENT,1,0,OK,0.3,0.3,45.0,150.017,,1180.086,,,1.0,13.0
2026-08-06 14:30:48.504,300233,45040,150017296,1180.090791,,679.538,0x00,0x00,CURRENT,1,0,OK,0.3,0.3,45.0,150.017,,1180.087,,,1.0,14.0
2026-08-06 14:30:49.355,300179,45032,150016768,1180.085216,,680.389,0x00,0x00,CURRENT,1,0,OK,0.3,0.3,45.0,150.017,,1180.087,,,1.0,14.0
2026-08-06 14:30:50.189,300129,45024,150016752,1180.085047,,681.222,0x00,0x00,CURRENT,1,0,OK,0.3,0.3,45.0,150.017,,1180.09,,,1.0,14.0
2026-08-06 14:30:51.004,300081,45017,150016864,1180.086229,,682.038,0x00,0x00,CURRENT,1,0,OK,0.3,0.3,45.0,150.017,,1180.09,,,1.0,14.0
2026-08-06 14:30:52.318,300029,45009,150016816,1180.085723,,683.352,0x00,0x00,CURRENT,1,0,OK,0.3,0.3,45.0,150.017,,1180.091,,,1.0,14.0
2026-08-06 14:30:53.132,299990,45003,150016512,1180.082512,,684.166,0x00,0x00,CURRENT,1,0,OK,0.3,0.3,45.0,150.017,,1180.091,,,1.0,14.0
2026-08-06 14:30:53.967,299951,44998,150016672,1180.084202,,685.000,0x00,0x00,CURRENT,1,0,OK,0.3,0.3,45.0,150.017,,1180.088,,,1.0,13.0
2026-08-06 14:30:54.854,299916,44992,150016384,1180.081161,,685.887,0x00,0x00,CURRENT,1,0,OK,0.3,0.3,45.0,150.017,,1180.088,,,1.0,13.0
2026-08-06 14:30:55.669,300036,45010,150016608,1180.083526,,686.702,0x00,0x00,CURRENT,1,0,OK,0.3,0.3,45.0,150.017,,1180.088,,,1.0,13.0
2026-08-06 14:30:56.503,300153,45028,150016688,1180.084371,,687.536,0x00,0x00,CURRENT,1,0,OK,0.3,0.3,45.0,150.017,,1180.09,,,1.0,13.0
2026-08-06 14:30:57.354,300266,45045,150017344,1180.091298,,688.387,0x00,0x00,CURRENT,1,0,OK,0.3,0.3,45.0,150.017,,1180.09,,,1.0,13.0
2026-08-06 14:30:58.188,300206,45036,150017296,1180.090791,,689.221,0x00,0x00,CURRENT,1,0,OK,0.3,0.3,45.0,150.017,,1180.091,,,1.0,14.0
2026-08-06 14:30:59.003,300148,45027,150017376,1180.091636,,690.036,0x00,0x00,CURRENT,1,0,OK,0.3,0.3,45.0,150.017,,1180.091,,,1.0,14.0
2026-08-06 14:31:00.317,300096,45019,150016944,1180.087074,,691.350,0x00,0x00,CURRENT,1,0,OK,0.3,0.3,45.0,150.018,,1180.093,,,1.0,14.0
2026-08-06 14:31:01.131,300049,45012,150017152,1180.089271,,692.165,0x00,0x00,CURRENT,1,0,OK,0.3,0.3,45.0,150.018,,1180.093,,,1.0,14.0
2026-08-06 14:31:01.965,300004,45006,150017280,1180.090622,,692.999,0x00,0x00,CURRENT,1,0,OK,0.3,0.3,45.0,150.017,,1180.087,,,1.0,13.0
2026-08-06 14:31:02.854,299960,44999,150016816,1180.085723,,693.887,0x00,0x00,CURRENT,1,0,OK,0.3,0.3,45.0,150.017,,1180.087,,,1.0,13.0
2026-08-06 14:31:03.669,299919,44993,150017168,1180.089440,,694.702,0x00,0x00,CURRENT,1,0,OK,0.3,0.3,45.0,150.017,,1180.087,,,1.0,13.0
2026-08-06 14:31:04.502,300051,45013,150017344,1180.091298,,695.536,0x00,0x00,CURRENT,1,0,OK,0.3,0.3,45.0,150.017,,1180.091,,,1.0,13.0
2026-08-06 14:31:05.354,300183,45033,150017312,1180.090960,,696.387,0x00,0x00,CURRENT,1,0,OK,0.3,0.3,45.0,150.017,,1180.091,,,1.0,13.0
2026-08-06 14:31:06.187,300137,45026,150017184,1180.089609,,697.221,0x00,0x00,CURRENT,1,0,OK,0.3,0.3,45.0,150.017,,1180.086,,,1.0,14.0
2026-08-06 14:31:07.002,300089,45018,150016976,1180.087412,,698.036,0x00,0x00,CURRENT,1,0,OK,0.3,0.3,45.0,150.017,,1180.086,,,1.0,14.0
2026-08-06 14:31:08.316,300037,45011,150017552,1180.093495,,699.350,0x00,0x00,CURRENT,1,0,OK,0.3,0.3,45.0,150.018,,1180.103,,,1.0,14.0
2026-08-06 14:31:09.132,299984,45003,150017904,1180.097212,,700.165,0x00,0x00,CURRENT,1,0,OK,0.3,0.3,45.0,150.018,,1180.103,,,1.0,14.0
2026-08-06 14:31:09.965,300107,45022,150018704,1180.105659,,700.999,0x00,0x00,CURRENT,1,0,OK,0.3,0.3,45.0,150.018,,1180.101,,,1.0,13.0
2026-08-06 14:31:10.854,300222,45039,150018192,1180.100253,,701.888,0x00,0x00,CURRENT,1,0,OK,0.3,0.3,45.0,150.018,,1180.101,,,1.0,13.0
2026-08-06 14:31:11.669,300163,45030,150018352,1180.101942,,702.703,0x00,0x00,CURRENT,1,0,OK,0.3,0.3,45.0,150.018,,1180.101,,,1.0,13.0
2026-08-06 14:31:12.503,300103,45021,150018656,1180.105152,,703.537,0x00,0x00,CURRENT,1,0,OK,0.3,0.3,45.0,150.018,,1180.098,,,1.0,14.0
2026-08-06 14:31:13.354,300045,45012,150018672,1180.105321,,704.388,0x00,0x00,CURRENT,1,0,OK,0.3,0.3,45.0,150.018,,1180.098,,,1.0,14.0
2026-08-06 14:31:14.188,299992,45004,150018688,1180.105490,,705.222,0x00,0x00,CURRENT,1,0,OK,0.3,0.3,45.0,150.019,,1180.108,,,1.0,13.0
2026-08-06 14:31:15.003,299948,44998,150018784,1180.106504,,706.037,0x00,0x00,CURRENT,1,0,OK,0.3,0.3,45.0,150.019,,1180.108,,,1.0,13.0
2026-08-06 14:31:16.317,300070,45016,150019088,1180.109714,,707.351,0x00,0x00,CURRENT,1,0,OK,0.3,0.3,45.0,150.018,,1180.103,,,1.0,13.0
2026-08-06 14:31:17.132,300020,45009,150018784,1180.106504,,708.166,0x00,0x00,CURRENT,1,0,OK,0.3,0.3,45.0,150.018,,1180.103,,,1.0,13.0
2026-08-06 14:31:17.966,299975,45002,150018944,1180.108194,,709.000,0x00,0x00,CURRENT,1,0,OK,0.3,0.3,45.0,150.018,,1180.103,,,1.0,14.0
2026-08-06 14:31:18.854,299930,44995,150018720,1180.105828,,709.888,0x00,0x00,CURRENT,1,0,OK,0.3,0.3,45.0,150.018,,1180.103,,,1.0,14.0
2026-08-06 14:31:19.669,299895,44990,150018112,1180.099408,,710.703,0x00,0x00,CURRENT,1,0,OK,0.3,0.3,45.0,150.018,,1180.103,,,1.0,14.0
2026-08-06 14:31:20.504,299858,44984,150018416,1180.102618,,711.537,0x00,0x00,CURRENT,1,0,OK,0.3,0.3,45.0,150.019,,1180.107,,,1.0,13.0
2026-08-06 14:31:21.354,299989,45004,150018048,1180.098732,,712.388,0x00,0x00,CURRENT,1,0,OK,0.3,0.3,45.0,150.019,,1180.107,,,1.0,13.0
2026-08-06 14:31:22.188,299945,44997,150018560,1180.104139,,713.222,0x00,0x00,CURRENT,1,0,OK,0.3,0.3,45.0,150.019,,1180.106,,,1.0,14.0
2026-08-06 14:31:23.003,300074,45017,150018656,1180.105152,,714.037,0x00,0x00,CURRENT,1,0,OK,0.3,0.3,45.0,150.019,,1180.106,,,1.0,14.0
2026-08-06 14:31:24.317,300028,45010,150018384,1180.102280,,715.351,0x00,0x00,CURRENT,1,0,OK,0.3,0.3,45.0,150.019,,1180.109,,,1.0,14.0
2026-08-06 14:31:25.133,299986,45003,150017888,1180.097043,,716.166,0x00,0x00,CURRENT,1,0,OK,0.3,0.3,45.0,150.019,,1180.109,,,1.0,14.0
2026-08-06 14:31:25.966,299943,44997,150017472,1180.092650,,717.000,0x00,0x00,CURRENT,1,0,OK,0.3,0.3,45.0,150.018,,1180.103,,,1.0,13.0
2026-08-06 14:31:26.854,299910,44992,150016976,1180.087412,,717.888,0x00,0x00,CURRENT,1,0,OK,0.3,0.3,45.0,150.018,,1180.103,,,1.0,13.0
2026-08-06 14:31:27.669,300043,45011,150016784,1180.085385,,718.703,0x00,0x00,CURRENT,1,0,OK,0.3,0.3,45.0,150.018,,1180.103,,,1.0,13.0
2026-08-06 14:31:28.503,299991,45004,150016512,1180.082512,,719.537,0x00,0x00,CURRENT,1,0,OK,0.3,0.3,45.0,150.019,,1180.109,,,1.0,14.0
2026-08-06 14:31:29.353,300112,45022,150016720,1180.084709,,720.387,0x00,0x00,CURRENT,1,0,OK,0.3,0.3,45.0,150.019,,1180.109,,,1.0,14.0
2026-08-06 14:31:30.187,300062,45014,150016544,1180.082850,,721.221,0x00,0x00,CURRENT,1,0,OK,0.3,0.3,45.0,150.019,,1180.112,,,1.0,14.0
2026-08-06 14:31:31.002,300018,45008,150016576,1180.083188,,722.036,0x00,0x00,CURRENT,1,0,OK,0.3,0.3,45.0,150.019,,1180.112,,,1.0,14.0
2026-08-06 14:31:32.316,299975,45001,150017264,1180.090453,,723.350,0x00,0x00,CURRENT,1,0,OK,0.3,0.3,45.0,150.019,,1180.107,,,1.0,14.0
2026-08-06 14:31:33.131,299937,44996,150017616,1180.094170,,724.165,0x00,0x00,CURRENT,1,0,OK,0.3,0.3,45.0,150.019,,1180.107,,,1.0,14.0
2026-08-06 14:31:33.965,300067,45015,150017504,1180.092988,,724.999,0x00,0x00,CURRENT,1,0,OK,0.3,0.3,45.0,150.018,,1180.103,,,1.0,13.0
2026-08-06 14:31:34.855,300190,45034,150017088,1180.088595,,725.889,0x00,0x00,CURRENT,1,0,OK,0.3,0.3,45.0,150.018,,1180.103,,,1.0,13.0
2026-08-06 14:31:35.670,300132,45025,150016896,1180.086567,,726.704,0x00,0x00,CURRENT,1,0,OK,0.3,0.3,45.0,150.018,,1180.103,,,1.0,13.0
2026-08-06 14:31:36.504,300080,45017,150017024,1180.087919,,727.538,0x00,0x00,CURRENT,1,0,OK,0.3,0.3,45.0,150.019,,1180.108,,,1.0,14.0
2026-08-06 14:31:37.353,300034,45010,150016928,1180.086905,,728.387,0x00,0x00,CURRENT,1,0,OK,0.3,0.3,45.0,150.019,,1180.108,,,1.0,14.0
2026-08-06 14:31:38.187,299990,45003,150016416,1180.081499,,729.221,0x00,0x00,CURRENT,1,0,OK,0.3,0.3,45.0,150.019,,1180.105,,,1.0,14.0
2026-08-06 14:31:39.002,299948,44997,150016048,1180.077613,,730.036,0x00,0x00,CURRENT,1,0,OK,0.3,0.3,45.0,150.019,,1180.105,,,1.0,14.0
2026-08-06 14:31:40.316,300077,45016,150016080,1180.077951,,731.350,0x00,0x00,CURRENT,1,0,OK,0.3,0.3,45.0,150.018,,1180.102,,,1.0,13.0
2026-08-06 14:31:41.131,300030,45010,150016448,1180.081837,,732.165,0x00,0x00,CURRENT,1,0,OK,0.3,0.3,45.0,150.018,,1180.102,,,1.0,13.0
2026-08-06 14:31:41.965,299992,45004,150016608,1180.083526,,732.999,0x00,0x00,CURRENT,1,0,OK,0.3,0.3,45.0,150.017,,1180.093,,,1.0,14.0
2026-08-06 14:31:42.854,299951,44998,150016656,1180.084033,,733.888,0x00,0x00,CURRENT,1,0,OK,0.3,0.3,45.0,150.017,,1180.093,,,1.0,14.0
2026-08-06 14:31:43.669,299907,44991,150016624,1180.083695,,734.703,0x00,0x00,CURRENT,1,0,OK,0.3,0.3,45.0,150.017,,1180.093,,,1.0,14.0
2026-08-06 14:31:44.503,299872,44986,150016816,1180.085723,,735.537,0x00,0x00,CURRENT,1,0,OK,0.3,0.3,45.0,150.017,,1180.09,,,1.0,13.0
2026-08-06 14:31:45.354,299835,44980,150017088,1180.088595,,736.388,0x00,0x00,CURRENT,1,0,OK,0.3,0.3,45.0,150.017,,1180.09,,,1.0,13.0
2026-08-06 14:31:46.188,299796,44975,150017552,1180.093495,,737.222,0x00,0x00,CURRENT,1,0,OK,0.3,0.3,45.0,150.018,,1180.095,,,1.0,13.0
2026-08-06 14:31:47.003,299932,44995,150017120,1180.088933,,738.037,0x00,0x00,CURRENT,1,0,OK,0.3,0.3,45.0,150.018,,1180.095,,,1.0,13.0
2026-08-06 14:31:48.317,300062,45014,150016576,1180.083188,,739.351,0x00,0x00,CURRENT,1,0,OK,0.3,0.3,45.0,150.018,,1180.096,,,1.0,13.0
2026-08-06 14:31:49.132,300014,45007,150016784,1180.085385,,740.166,0x00,0x00,CURRENT,1,0,OK,0.3,0.3,45.0,150.018,,1180.096,,,1.0,13.0
2026-08-06 14:31:49.966,299966,45000,150016896,1180.086567,,741.000,0x00,0x00,CURRENT,1,0,OK,0.3,0.3,45.0,150.017,,1180.091,,,1.0,14.0
2026-08-06 14:31:50.854,299925,44994,150017120,1180.088933,,741.888,0x00,0x00,CURRENT,1,0,OK,0.3,0.3,45.0,150.017,,1180.091,,,1.0,14.0
2026-08-06 14:31:51.669,299883,44988,150016960,1180.087243,,742.703,0x00,0x00,CURRENT,1,0,OK,0.3,0.3,45.0,150.017,,1180.091,,,1.0,14.0
2026-08-06 14:31:52.503,299852,44983,150016848,1180.086061,,743.537,0x00,0x00,CURRENT,1,0,OK,0.3,0.3,45.0,150.017,,1180.092,,,1.0,14.0
2026-08-06 14:31:53.354,299819,44978,150016560,1180.083019,,744.388,0x00,0x00,CURRENT,1,0,OK,0.3,0.3,45.0,150.017,,1180.092,,,1.0,14.0
2026-08-06 14:31:54.188,299790,44973,150016288,1180.080147,,745.222,0x00,0x00,CURRENT,1,0,OK,0.3,0.3,45.0,150.018,,1180.097,,,1.0,13.0
2026-08-06 14:31:55.003,299761,44969,150016704,1180.084540,,746.037,0x00,0x00,CURRENT,1,0,OK,0.3,0.3,45.0,150.018,,1180.097,,,1.0,13.0
2026-08-06 14:31:56.317,299728,44964,150016304,1180.080316,,747.351,0x00,0x00,CURRENT,1,0,OK,0.3,0.3,45.0,150.018,,1180.097,,,1.0,13.0
2026-08-06 14:31:57.132,299875,44986,150016384,1180.081161,,748.166,0x00,0x00,CURRENT,1,0,OK,0.3,0.3,45.0,150.018,,1180.097,,,1.0,13.0
2026-08-06 14:31:57.966,300009,45006,150016384,1180.081161,,748.999,0x00,0x00,CURRENT,1,0,OK,0.3,0.3,45.0,150.018,,1180.094,,,1.0,13.0
2026-08-06 14:31:58.854,300133,45025,150016512,1180.082512,,749.888,0x00,0x00,CURRENT,1,0,OK,0.3,0.3,45.0,150.018,,1180.094,,,1.0,13.0
2026-08-06 14:31:59.669,300090,45018,150016320,1180.080485,,750.703,0x00,0x00,CURRENT,1,0,OK,0.3,0.3,45.0,150.018,,1180.094,,,1.0,13.0
2026-08-06 14:32:00.503,300050,45012,150016368,1180.080992,,751.537,0x00,0x00,CURRENT,1,0,OK,0.3,0.3,45.0,150.017,,1180.086,,,1.0,14.0
2026-08-06 14:32:01.354,300010,45006,150016144,1180.078627,,752.388,0x00,0x00,CURRENT,1,0,OK,0.3,0.3,45.0,150.017,,1180.086,,,1.0,14.0
2026-08-06 14:32:02.188,299969,45000,150016384,1180.081161,,753.222,0x00,0x00,CURRENT,1,0,OK,0.3,0.3,45.0,150.017,,1180.087,,,1.0,14.0
2026-08-06 14:32:03.003,299934,44995,150016480,1180.082175,,754.037,0x00,0x00,CURRENT,1,0,OK,0.3,0.3,45.0,150.017,,1180.087,,,1.0,14.0
2026-08-06 14:32:04.317,299897,44989,150016256,1180.079809,,755.351,0x00,0x00,CURRENT,1,0,OK,0.3,0.3,45.0,150.017,,1180.087,,,1.0,14.0
2026-08-06 14:32:05.132,299863,44984,150015744,1180.074403,,756.166,0x00,0x00,CURRENT,1,0,OK,0.3,0.3,45.0,150.017,,1180.087,,,1.0,14.0
2026-08-06 14:32:05.966,299835,44980,150015568,1180.072544,,757.000,0x00,0x00,CURRENT,1,0,OK,0.3,0.3,45.0,150.016,,1180.077,,,1.0,13.0
2026-08-06 14:32:06.854,299805,44975,150015376,1180.070517,,757.887,0x00,0x00,CURRENT,1,0,OK,0.3,0.3,45.0,150.016,,1180.077,,,1.0,13.0
2026-08-06 14:32:07.669,299943,44996,150014704,1180.063421,,758.702,0x00,0x00,CURRENT,1,0,OK,0.3,0.3,45.0,150.016,,1180.077,,,1.0,13.0
2026-08-06 14:32:08.503,300076,45016,150014112,1180.057169,,759.536,0x00,0x00,CURRENT,1,0,OK,0.3,0.3,45.0,150.015,,1180.068,,,1.0,13.0
2026-08-06 14:32:09.355,300200,45034,150013792,1180.053790,,760.389,0x00,0x00,CURRENT,1,0,OK,0.3,0.3,45.0,150.015,,1180.068,,,1.0,13.0
2026-08-06 14:32:10.189,300156,45028,150013936,1180.055311,,761.223,0x00,0x00,CURRENT,1,0,OK,0.3,0.3,45.0,150.016,,1180.077,,,1.0,14.0
2026-08-06 14:32:11.004,300114,45021,150013840,1180.054297,,762.037,0x00,0x00,CURRENT,1,0,OK,0.3,0.3,45.0,150.016,,1180.077,,,1.0,14.0
2026-08-06 14:32:12.318,300074,45015,150013520,1180.050918,,763.351,0x00,0x00,CURRENT,1,0,OK,0.3,0.3,45.0,150.016,,1180.073,,,1.0,14.0
2026-08-06 14:32:13.133,300026,45008,150013904,1180.054973,,764.167,0x00,0x00,CURRENT,1,0,OK,0.3,0.3,45.0,150.016,,1180.073,,,1.0,14.0
2026-08-06 14:32:13.967,299988,45003,150014480,1180.061055,,765.000,0x00,0x00,CURRENT,1,0,OK,0.3,0.3,45.0,150.015,,1180.071,,,1.0,14.0
2026-08-06 14:32:14.853,299960,44998,150014288,1180.059028,,765.887,0x00,0x00,CURRENT,1,0,OK,0.3,0.3,45.0,150.015,,1180.071,,,1.0,14.0
2026-08-06 14:32:15.669,299941,44995,150014512,1180.061393,,766.702,0x00,0x00,CURRENT,1,0,OK,0.3,0.3,45.0,150.015,,1180.071,,,1.0,14.0
2026-08-06 14:32:16.503,299914,44991,150014240,1180.058521,,767.536,0x00,0x00,CURRENT,1,0,OK,0.3,0.3,45.0,150.014,,1180.056,,,1.0,13.0
2026-08-06 14:32:17.354,299891,44988,150013696,1180.052776,,768.387,0x00,0x00,CURRENT,1,0,OK,0.3,0.3,45.0,150.014,,1180.056,,,1.0,13.0
2026-08-06 14:32:18.188,299864,44984,150013408,1180.049735,,769.221,0x00,0x00,CURRENT,1,0,OK,0.3,0.3,45.0,150.013,,1180.049,,,1.0,13.0
2026-08-06 14:32:19.003,300007,45005,150013472,1180.050411,,770.036,0x00,0x00,CURRENT,1,0,OK,0.3,0.3,45.0,150.013,,1180.049,,,1.0,13.0
2026-08-06 14:32:20.316,300148,45026,150014032,1180.056324,,771.350,0x00,0x00,CURRENT,1,0,OK,0.3,0.3,45.0,150.013,,1180.047,,,1.0,14.0
2026-08-06 14:32:21.132,300112,45021,150013360,1180.049228,,772.166,0x00,0x00,CURRENT,1,0,OK,0.3,0.3,45.0,150.013,,1180.047,,,1.0,14.0
2026-08-06 14:32:21.966,300072,45015,150013680,1180.052607,,772.999,0x00,0x00,CURRENT,1,0,OK,0.3,0.3,45.0,150.013,,1180.043,,,1.0,14.0
2026-08-06 14:32:22.855,300028,45008,150013456,1180.050242,,773.889,0x00,0x00,CURRENT,1,0,OK,0.3,0.3,45.0,150.013,,1180.043,,,1.0,14.0
2026-08-06 14:32:23.670,299984,45002,150013424,1180.049904,,774.703,0x00,0x00,CURRENT,1,0,OK,0.3,0.3,45.0,150.013,,1180.043,,,1.0,14.0
2026-08-06 14:32:24.504,299941,44995,150013632,1180.052101,,775.538,0x00,0x00,CURRENT,1,0,OK,0.3,0.3,45.0,150.013,,1180.041,,,1.0,14.0
2026-08-06 14:32:25.354,299905,44990,150013296,1180.048553,,776.387,0x00,0x00,CURRENT,1,0,OK,0.3,0.3,45.0,150.013,,1180.041,,,1.0,14.0
2026-08-06 14:32:26.187,299879,44986,150012944,1180.044836,,777.221,0x00,0x00,CURRENT,1,0,OK,0.3,0.3,45.0,150.013,,1180.041,,,1.0,13.0
2026-08-06 14:32:27.002,299853,44982,150013104,1180.046525,,778.036,0x00,0x00,CURRENT,1,0,OK,0.3,0.3,45.0,150.013,,1180.041,,,1.0,13.0
2026-08-06 14:32:28.316,299827,44978,150013264,1180.048215,,779.350,0x00,0x00,CURRENT,1,0,OK,0.3,0.3,45.0,150.013,,1180.044,,,1.0,13.0
2026-08-06 14:32:29.132,299800,44974,150013632,1180.052101,,780.165,0x00,0x00,CURRENT,1,0,OK,0.3,0.3,45.0,150.013,,1180.044,,,1.0,13.0
2026-08-06 14:32:29.965,299776,44970,150013568,1180.051425,,780.999,0x00,0x00,CURRENT,1,0,OK,0.3,0.3,45.0,150.013,,1180.043,,,1.0,13.0
2026-08-06 14:32:30.854,299753,44967,150013344,1180.049059,,781.888,0x00,0x00,CURRENT,1,0,OK,0.3,0.3,45.0,150.013,,1180.043,,,1.0,13.0
2026-08-06 14:32:31.670,299893,44988,150013216,1180.047708,,782.703,0x00,0x00,CURRENT,1,0,OK,0.3,0.3,45.0,150.013,,1180.043,,,1.0,13.0
2026-08-06 14:32:32.503,300026,45008,150013120,1180.046694,,783.537,0x00,0x00,CURRENT,1,0,OK,0.3,0.3,45.0,150.013,,1180.046,,,1.0,13.0
2026-08-06 14:32:33.353,300158,45028,150013184,1180.047370,,784.387,0x00,0x00,CURRENT,1,0,OK,0.3,0.3,45.0,150.013,,1180.046,,,1.0,13.0
2026-08-06 14:32:34.188,300112,45021,150012992,1180.045342,,785.221,0x00,0x00,CURRENT,1,0,OK,0.3,0.3,45.0,150.013,,1180.046,,,1.0,14.0
2026-08-06 14:32:35.003,300074,45015,150013152,1180.047032,,786.036,0x00,0x00,CURRENT,1,0,OK,0.3,0.3,45.0,150.013,,1180.046,,,1.0,14.0
2026-08-06 14:32:36.316,300032,45009,150012480,1180.039936,,787.350,0x00,0x00,CURRENT,1,0,OK,0.3,0.3,45.0,150.014,,1180.054,,,1.0,14.0
2026-08-06 14:32:37.131,299989,45002,150012720,1180.042470,,788.165,0x00,0x00,CURRENT,1,0,OK,0.3,0.3,45.0,150.014,,1180.054,,,1.0,14.0
2026-08-06 14:32:37.965,299958,44997,150012672,1180.041963,,788.999,0x00,0x00,CURRENT,1,0,OK,0.3,0.3,45.0,150.013,,1180.048,,,1.0,13.0
2026-08-06 14:32:38.854,299911,44991,150013136,1180.046863,,789.888,0x00,0x00,CURRENT,1,0,OK,0.3,0.3,45.0,150.013,,1180.048,,,1.0,13.0
2026-08-06 14:32:39.669,299879,44986,150013216,1180.047708,,790.703,0x00,0x00,CURRENT,1,0,OK,0.3,0.3,45.0,150.013,,1180.048,,,1.0,13.0
2026-08-06 14:32:40.503,300019,45007,150013152,1180.047032,,791.537,0x00,0x00,CURRENT,1,0,OK,0.3,0.3,45.0,150.014,,1180.052,,,1.0,13.0
2026-08-06 14:32:41.353,300147,45026,150013120,1180.046694,,792.387,0x00,0x00,CURRENT,1,0,OK,0.3,0.3,45.0,150.014,,1180.052,,,1.0,13.0
2026-08-06 14:32:42.187,300104,45020,150013568,1180.051425,,793.221,0x00,0x00,CURRENT,1,0,OK,0.3,0.3,45.0,150.013,,1180.045,,,1.0,14.0
2026-08-06 14:32:43.002,300059,45013,150013904,1180.054973,,794.036,0x00,0x00,CURRENT,1,0,OK,0.3,0.3,45.0,150.013,,1180.045,,,1.0,14.0
2026-08-06 14:32:44.316,300021,45007,150013008,1180.045511,,795.350,0x00,0x00,CURRENT,1,0,OK,0.3,0.3,45.0,150.013,,1180.041,,,1.0,14.0
2026-08-06 14:32:45.131,299982,45001,150012688,1180.042132,,796.165,0x00,0x00,CURRENT,1,0,OK,0.3,0.3,45.0,150.013,,1180.041,,,1.0,14.0
2026-08-06 14:32:45.965,299941,44995,150012816,1180.043484,,796.999,0x00,0x00,CURRENT,1,0,OK,0.3,0.3,45.0,150.013,,1180.046,,,1.0,13.0
2026-08-06 14:32:46.854,300074,45015,150012304,1180.038077,,797.888,0x00,0x00,CURRENT,1,0,OK,0.3,0.3,45.0,150.013,,1180.046,,,1.0,13.0
2026-08-06 14:32:47.669,300199,45034,150012496,1180.040105,,798.703,0x00,0x00,CURRENT,1,0,OK,0.3,0.3,45.0,150.013,,1180.046,,,1.0,13.0
2026-08-06 14:32:48.503,300147,45026,150012544,1180.040612,,799.537,0x00,0x00,CURRENT,1,0,OK,0.3,0.3,45.0,150.013,,1180.05,,,1.0,14.0
2026-08-06 14:32:49.354,300097,45018,150012720,1180.042470,,800.388,0x00,0x00,CURRENT,1,0,OK,0.3,0.3,45.0,150.013,,1180.05,,,1.0,14.0
2026-08-06 14:32:50.188,300053,45012,150013072,1180.046187,,801.222,0x00,0x00,CURRENT,1,0,OK,0.3,0.3,45.0,150.014,,1180.056,,,1.0,14.0
2026-08-06 14:32:51.003,300005,45005,150013184,1180.047370,,802.037,0x00,0x00,CURRENT,1,0,OK,0.3,0.3,45.0,150.014,,1180.056,,,1.0,14.0
2026-08-06 14:32:52.317,299962,44998,150012720,1180.042470,,803.351,0x00,0x00,CURRENT,1,0,OK,0.3,0.3,45.0,150.014,,1180.052,,,1.0,13.0
2026-08-06 14:32:53.132,300088,45017,150012640,1180.041625,,804.166,0x00,0x00,CURRENT,1,0,OK,0.3,0.3,45.0,150.014,,1180.052,,,1.0,13.0
2026-08-06 14:32:53.966,300214,45036,150013168,1180.047201,,805.000,0x00,0x00,CURRENT,1,0,OK,0.3,0.3,45.0,150.013,,1180.047,,,1.0,14.0
2026-08-06 14:32:54.854,300163,45028,150012528,1180.040443,,805.888,0x00,0x00,CURRENT,1,0,OK,0.3,0.3,45.0,150.013,,1180.047,,,1.0,14.0
2026-08-06 14:32:55.669,300118,45022,150012624,1180.041456,,806.703,0x00,0x00,CURRENT,1,0,OK,0.3,0.3,45.0,150.013,,1180.047,,,1.0,14.0
2026-08-06 14:32:56.503,300082,45016,150012192,1180.036895,,807.537,0x00,0x00,CURRENT,1,0,OK,0.3,0.3,45.0,150.013,,1180.05,,,1.0,14.0
2026-08-06 14:32:57.354,300042,45010,150012352,1180.038584,,808.388,0x00,0x00,CURRENT,1,0,OK,0.3,0.3,45.0,150.013,,1180.05,,,1.0,14.0
2026-08-06 14:32:58.188,299996,45003,150012880,1180.044160,,809.222,0x00,0x00,CURRENT,1,0,OK,0.3,0.3,45.0,150.013,,1180.049,,,1.0,13.0
2026-08-06 14:32:59.003,299957,44997,150012560,1180.040781,,810.037,0x00,0x00,CURRENT,1,0,OK,0.3,0.3,45.0,150.013,,1180.049,,,1.0,13.0
2026-08-06 14:33:00.317,300088,45017,150012704,1180.042301,,811.351,0x00,0x00,CURRENT,1,0,OK,0.3,0.3,45.0,150.013,,1180.047,,,1.0,13.0
2026-08-06 14:33:01.132,300220,45037,150012832,1180.043653,,812.166,0x00,0x00,CURRENT,1,0,OK,0.3,0.3,45.0,150.013,,1180.047,,,1.0,13.0
2026-08-06 14:33:01.966,300169,45029,150013536,1180.051087,,813.000,0x00,0x00,CURRENT,1,0,OK,0.3,0.3,45.0,150.013,,1180.043,,,1.0,14.0
2026-08-06 14:33:02.854,300117,45022,150013424,1180.049904,,813.888,0x00,0x00,CURRENT,1,0,OK,0.3,0.3,45.0,150.013,,1180.043,,,1.0,14.0
2026-08-06 14:33:03.669,300063,45014,150013632,1180.052101,,814.703,0x00,0x00,CURRENT,1,0,OK,0.3,0.3,45.0,150.013,,1180.043,,,1.0,14.0
2026-08-06 14:33:04.503,300015,45006,150014000,1180.055987,,815.537,0x00,0x00,CURRENT,1,0,OK,0.3,0.3,45.0,150.012,,1180.04,,,1.0,14.0
2026-08-06 14:33:05.354,299973,45000,150013424,1180.049904,,816.388,0x00,0x00,CURRENT,1,0,OK,0.3,0.3,45.0,150.012,,1180.04,,,1.0,14.0
2026-08-06 14:33:06.188,299933,44994,150013040,1180.045849,,817.222,0x00,0x00,CURRENT,1,0,OK,0.3,0.3,45.0,150.013,,1180.042,,,1.0,13.0
2026-08-06 14:33:07.003,300058,45013,150013088,1180.046356,,818.037,0x00,0x00,CURRENT,1,0,OK,0.3,0.3,45.0,150.013,,1180.042,,,1.0,13.0
2026-08-06 14:33:08.317,300176,45030,150012912,1180.044498,,819.351,0x00,0x00,CURRENT,1,0,OK,0.3,0.3,45.0,150.012,,1180.037,,,1.0,14.0
2026-08-06 14:33:09.132,300127,45023,150013488,1180.050580,,820.166,0x00,0x00,CURRENT,1,0,OK,0.3,0.3,45.0,150.012,,1180.037,,,1.0,14.0
2026-08-06 14:33:09.966,300080,45016,150013248,1180.048046,,821.000,0x00,0x00,CURRENT,1,0,OK,0.3,0.3,45.0,150.013,,1180.041,,,1.0,14.0
2026-08-06 14:33:10.853,300033,45009,150013200,1180.047539,,821.887,0x00,0x00,CURRENT,1,0,OK,0.3,0.3,45.0,150.013,,1180.041,,,1.0,14.0
2026-08-06 14:33:11.668,299983,45001,150013344,1180.049059,,822.702,0x00,0x00,CURRENT,1,0,OK,0.3,0.3,45.0,150.013,,1180.041,,,1.0,14.0
2026-08-06 14:33:12.502,299940,44995,150012432,1180.039429,,823.536,0x00,0x00,CURRENT,1,0,OK,0.3,0.3,45.0,150.012,,1180.038,,,1.0,13.0
2026-08-06 14:33:13.354,300067,45014,150012688,1180.042132,,824.388,0x00,0x00,CURRENT,1,0,OK,0.3,0.3,45.0,150.012,,1180.038,,,1.0,13.0
2026-08-06 14:33:14.188,300194,45033,150012768,1180.042977,,825.222,0x00,0x00,CURRENT,1,0,OK,0.3,0.3,45.0,150.013,,1180.041,,,1.0,14.0
2026-08-06 14:33:15.003,300142,45025,150012672,1180.041963,,826.037,0x00,0x00,CURRENT,1,0,OK,0.3,0.3,45.0,150.013,,1180.041,,,1.0,14.0
2026-08-06 14:33:16.317,300096,45018,150012352,1180.038584,,827.351,0x00,0x00,CURRENT,1,0,OK,0.3,0.3,45.0,150.013,,1180.046,,,1.0,14.0
2026-08-06 14:33:17.132,300050,45011,150012304,1180.038077,,828.166,0x00,0x00,CURRENT,1,0,OK,0.3,0.3,45.0,150.013,,1180.046,,,1.0,14.0
2026-08-06 14:33:17.966,300012,45005,150012352,1180.038584,,829.000,0x00,0x00,CURRENT,1,0,OK,0.3,0.3,45.0,150.013,,1180.048,,,1.0,13.0
2026-08-06 14:33:18.855,299969,44999,150012480,1180.039936,,829.889,0x00,0x00,CURRENT,1,0,OK,0.3,0.3,45.0,150.013,,1180.048,,,1.0,13.0
2026-08-06 14:33:19.670,299934,44994,150012304,1180.038077,,830.704,0x00,0x00,CURRENT,1,0,OK,0.3,0.3,45.0,150.013,,1180.048,,,1.0,13.0
2026-08-06 14:33:20.504,299901,44989,150012208,1180.037064,,831.538,0x00,0x00,CURRENT,1,0,OK,0.3,0.3,45.0,150.014,,1180.061,,,1.0,13.0
2026-08-06 14:33:21.354,300037,45009,150012368,1180.038753,,832.388,0x00,0x00,CURRENT,1,0,OK,0.3,0.3,45.0,150.014,,1180.061,,,1.0,13.0
2026-08-06 14:33:22.188,300169,45029,150012624,1180.041456,,833.221,0x00,0x00,CURRENT,1,0,OK,0.3,0.3,45.0,150.014,,1180.056,,,1.0,14.0
2026-08-06 14:33:23.003,300125,45023,150012752,1180.042808,,834.037,0x00,0x00,CURRENT,1,0,OK,0.3,0.3,45.0,150.014,,1180.056,,,1.0,14.0
2026-08-06 14:33:24.317,300074,45015,150012608,1180.041288,,835.351,0x00,0x00,CURRENT,1,0,OK,0.3,0.3,45.0,150.014,,1180.06,,,1.0,14.0
2026-08-06 14:33:25.132,300030,45008,150012304,1180.038077,,836.166,0x00,0x00,CURRENT,1,0,OK,0.3,0.3,45.0,150.014,,1180.06,,,1.0,14.0
2026-08-06 14:33:25.966,299985,45002,150013088,1180.046356,,837.000,0x00,0x00,CURRENT,1,0,OK,0.3,0.3,45.0,150.015,,1180.064,,,1.0,13.0
2026-08-06 14:33:26.855,300121,45022,150013344,1180.049059,,837.889,0x00,0x00,CURRENT,1,0,OK,0.3,0.3,45.0,150.015,,1180.064,,,1.0,13.0
2026-08-06 14:33:27.670,300084,45017,150013296,1180.048553,,838.704,0x00,0x00,CURRENT,1,0,OK,0.3,0.3,45.0,150.015,,1180.064,,,1.0,13.0
2026-08-06 14:33:28.503,300051,45012,150013680,1180.052607,,839.537,0x00,0x00,CURRENT,1,0,OK,0.3,0.3,45.0,150.015,,1180.064,,,1.0,14.0
2026-08-06 14:33:29.355,300016,45006,150013744,1180.053283,,840.388,0x00,0x00,CURRENT,1,0,OK,0.3,0.3,45.0,150.015,,1180.064,,,1.0,14.0
2026-08-06 14:33:30.189,299983,45002,150013808,1180.053959,,841.222,0x00,0x00,CURRENT,1,0,OK,0.3,0.3,45.0,150.014,,1180.061,,,1.0,13.0
2026-08-06 14:33:31.004,300117,45022,150014064,1180.056662,,842.037,0x00,0x00,CURRENT,1,0,OK,0.3,0.3,45.0,150.014,,1180.061,,,1.0,13.0
2026-08-06 14:33:31.916,300078,45016,150013568,1180.051425,,842.949,0x00,0x00,CURRENT,1,0,OK,0.3,0.3,45.0,150.015,,1180.063,,,1.0,14.0
2026-08-06 14:33:33.230,300036,45009,150013328,1180.048890,,844.264,0x00,0x00,CURRENT,1,0,OK,0.3,0.3,45.0,150.015,,1180.063,,,1.0,14.0
2026-08-06 14:33:34.065,300000,45004,150013328,1180.048890,,845.098,0x00,0x00,CURRENT,1,0,OK,0.3,0.3,45.0,150.015,,1180.062,,,1.0,13.0
2026-08-06 14:33:34.880,300141,45025,150013328,1180.048890,,845.913,0x00,0x00,CURRENT,1,0,OK,0.3,0.3,45.0,150.015,,1180.062,,,1.0,13.0
2026-08-06 14:33:35.695,300113,45021,150013632,1180.052101,,846.728,0x00,0x00,CURRENT,1,0,OK,0.3,0.3,45.0,150.015,,1180.062,,,1.0,13.0
2026-08-06 14:33:36.529,300077,45016,150013216,1180.047708,,847.563,0x00,0x00,CURRENT,1,0,OK,0.3,0.3,45.0,150.016,,1180.072,,,1.0,14.0
2026-08-06 14:33:37.354,300038,45010,150013296,1180.048553,,848.388,0x00,0x00,CURRENT,1,0,OK,0.3,0.3,45.0,150.016,,1180.072,,,1.0,14.0
2026-08-06 14:33:38.188,300001,45004,150013392,1180.049566,,849.221,0x00,0x00,CURRENT,1,0,OK,0.3,0.3,45.0,150.015,,1180.067,,,1.0,13.0
2026-08-06 14:33:39.003,299959,44998,150013824,1180.054128,,850.036,0x00,0x00,CURRENT,1,0,OK,0.3,0.3,45.0,150.015,,1180.067,,,1.0,13.0
2026-08-06 14:33:40.317,299925,44993,150014000,1180.055987,,851.350,0x00,0x00,CURRENT,1,0,OK,0.3,0.3,45.0,150.015,,1180.067,,,1.0,13.0
2026-08-06 14:33:41.132,299895,44988,150013760,1180.053452,,852.165,0x00,0x00,CURRENT,1,0,OK,0.3,0.3,45.0,150.015,,1180.067,,,1.0,13.0
2026-08-06 14:33:41.965,299862,44983,150013808,1180.053959,,852.999,0x00,0x00,CURRENT,1,0,OK,0.3,0.3,45.0,150.015,,1180.069,,,1.0,13.0
2026-08-06 14:33:42.854,300004,45005,150013504,1180.050749,,853.887,0x00,0x00,CURRENT,1,0,OK,0.3,0.3,45.0,150.015,,1180.069,,,1.0,13.0
2026-08-06 14:33:43.668,299965,44999,150013520,1180.050918,,854.702,0x00,0x00,CURRENT,1,0,OK,0.3,0.3,45.0,150.015,,1180.069,,,1.0,13.0
2026-08-06 14:33:44.502,299923,44992,150013184,1180.047370,,855.536,0x00,0x00,CURRENT,1,0,OK,0.3,0.3,45.0,150.015,,1180.064,,,1.0,14.0
2026-08-06 14:33:45.355,299891,44988,150013344,1180.049059,,856.388,0x00,0x00,CURRENT,1,0,OK,0.3,0.3,45.0,150.015,,1180.064,,,1.0,14.0
2026-08-06 14:33:46.189,299861,44983,150013648,1180.052270,,857.222,0x00,0x00,CURRENT,1,0,OK,0.3,0.3,45.0,150.014,,1180.061,,,1.0,13.0
2026-08-06 14:33:47.004,299829,44978,150013472,1180.050411,,858.037,0x00,0x00,CURRENT,1,0,OK,0.3,0.3,45.0,150.014,,1180.061,,,1.0,13.0
2026-08-06 14:33:48.318,299970,45000,150013504,1180.050749,,859.351,0x00,0x00,CURRENT,1,0,OK,0.3,0.3,45.0,150.014,,1180.053,,,1.0,13.0
2026-08-06 14:33:49.133,299939,44995,150014432,1180.060548,,860.166,0x00,0x00,CURRENT,1,0,OK,0.3,0.3,45.0,150.014,,1180.053,,,1.0,13.0
2026-08-06 14:33:49.967,299905,44990,150014672,1180.063083,,861.000,0x00,0x00,CURRENT,1,0,OK,0.3,0.3,45.0,150.014,,1180.058,,,1.0,14.0
2026-08-06 14:33:50.854,299872,44985,150014544,1180.061731,,861.887,0x00,0x00,CURRENT,1,0,OK,0.3,0.3,45.0,150.014,,1180.058,,,1.0,14.0
2026-08-06 14:33:51.669,299840,44980,150014656,1180.062914,,862.702,0x00,0x00,CURRENT,1,0,OK,0.3,0.3,45.0,150.014,,1180.058,,,1.0,14.0
2026-08-06 14:33:52.503,299819,44977,150014928,1180.065786,,863.536,0x00,0x00,CURRENT,1,0,OK,0.3,0.3,45.0,150.015,,1180.061,,,1.0,14.0
2026-08-06 14:33:53.354,299798,44974,150014352,1180.059704,,864.388,0x00,0x00,CURRENT,1,0,OK,0.3,0.3,45.0,150.015,,1180.061,,,1.0,14.0
2026-08-06 14:33:54.189,299774,44970,150014096,1180.057000,,865.222,0x00,0x00,CURRENT,1,0,OK,0.3,0.3,45.0,150.016,,1180.078,,,1.0,13.0
2026-08-06 14:33:55.004,299753,44967,150014704,1180.063421,,866.037,0x00,0x00,CURRENT,1,0,OK,0.3,0.3,45.0,150.016,,1180.078,,,1.0,13.0
2026-08-06 14:33:56.318,299737,44965,150014208,1180.058183,,867.351,0x00,0x00,CURRENT,1,0,OK,0.3,0.3,45.0,150.016,,1180.081,,,1.0,13.0
2026-08-06 14:33:57.133,299717,44962,150014112,1180.057169,,868.166,0x00,0x00,CURRENT,1,0,OK,0.3,0.3,45.0,150.016,,1180.081,,,1.0,13.0
2026-08-06 14:33:57.967,299864,44984,150014288,1180.059028,,869.000,0x00,0x00,CURRENT,1,0,OK,0.3,0.3,45.0,150.016,,1180.08,,,1.0,13.0
2026-08-06 14:33:58.854,300009,45006,150014800,1180.064434,,869.888,0x00,0x00,CURRENT,1,0,OK,0.3,0.3,45.0,150.016,,1180.08,,,1.0,13.0
2026-08-06 14:33:59.669,300140,45025,150014752,1180.063927,,870.703,0x00,0x00,CURRENT,1,0,OK,0.3,0.3,45.0,150.016,,1180.08,,,1.0,13.0
2026-08-06 14:34:00.503,300104,45020,150014576,1180.062069,,871.537,0x00,0x00,CURRENT,1,0,OK,0.3,0.3,45.0,150.016,,1180.08,,,1.0,14.0
2026-08-06 14:34:01.354,300067,45014,150014256,1180.058690,,872.388,0x00,0x00,CURRENT,1,0,OK,0.3,0.3,45.0,150.016,,1180.08,,,1.0,14.0
2026-08-06 14:34:02.188,300025,45008,150013904,1180.054973,,873.222,0x00,0x00,CURRENT,1,0,OK,0.3,0.3,45.0,150.016,,1180.078,,,1.0,14.0
2026-08-06 14:34:03.003,299984,45002,150014000,1180.055987,,874.037,0x00,0x00,CURRENT,1,0,OK,0.3,0.3,45.0,150.016,,1180.078,,,1.0,14.0
2026-08-06 14:34:04.317,299944,44996,150014224,1180.058352,,875.351,0x00,0x00,CURRENT,1,0,OK,0.3,0.3,45.0,150.016,,1180.076,,,1.0,14.0
2026-08-06 14:34:05.132,299904,44990,150014400,1180.060210,,876.166,0x00,0x00,CURRENT,1,0,OK,0.3,0.3,45.0,150.016,,1180.076,,,1.0,14.0
2026-08-06 14:34:05.966,299870,44985,150014400,1180.060210,,877.000,0x00,0x00,CURRENT,1,0,OK,0.3,0.3,45.0,150.014,,1180.059,,,1.0,13.0
2026-08-06 14:34:06.854,299834,44979,150014224,1180.058352,,877.888,0x00,0x00,CURRENT,1,0,OK,0.3,0.3,45.0,150.014,,1180.059,,,1.0,13.0
2026-08-06 14:34:07.669,299799,44974,150013984,1180.055818,,878.703,0x00,0x00,CURRENT,1,0,OK,0.3,0.3,45.0,150.014,,1180.059,,,1.0,13.0
2026-08-06 14:34:08.503,299761,44968,150013904,1180.054973,,879.537,0x00,0x00,CURRENT,1,0,OK,0.3,0.3,45.0,150.015,,1180.065,,,1.0,13.0
2026-08-06 14:34:09.353,299897,44989,150013616,1180.051932,,880.387,0x00,0x00,CURRENT,1,0,OK,0.3,0.3,45.0,150.015,,1180.065,,,1.0,13.0
2026-08-06 14:34:10.187,300027,45008,150014000,1180.055987,,881.221,0x00,0x00,CURRENT,1,0,OK,0.3,0.3,45.0,150.015,,1180.062,,,1.0,13.0
2026-08-06 14:34:11.002,300144,45026,150014544,1180.061731,,882.036,0x00,0x00,CURRENT,1,0,OK,0.3,0.3,45.0,150.015,,1180.062,,,1.0,13.0
2026-08-06 14:34:12.316,300090,45018,150014352,1180.059704,,883.350,0x00,0x00,CURRENT,1,0,OK,0.3,0.3,45.0,150.015,,1180.067,,,1.0,14.0
2026-08-06 14:34:13.131,300043,45011,150014304,1180.059197,,884.165,0x00,0x00,CURRENT,1,0,OK,0.3,0.3,45.0,150.015,,1180.067,,,1.0,14.0
2026-08-06 14:34:13.965,299996,45004,150014064,1180.056662,,884.999,0x00,0x00,CURRENT,1,0,OK,0.3,0.3,45.0,150.014,,1180.057,,,1.0,14.0
2026-08-06 14:34:14.854,299957,44998,150013920,1180.055142,,885.888,0x00,0x00,CURRENT,1,0,OK,0.3,0.3,45.0,150.014,,1180.057,,,1.0,14.0
2026-08-06 14:34:15.669,299911,44991,150013456,1180.050242,,886.703,0x00,0x00,CURRENT,1,0,OK,0.3,0.3,45.0,150.014,,1180.057,,,1.0,14.0
2026-08-06 14:34:16.503,299868,44984,150013568,1180.051425,,887.537,0x00,0x00,CURRENT,1,0,OK,0.3,0.3,45.0,150.013,,1180.048,,,1.0,13.0
2026-08-06 14:34:17.353,299999,45004,150013376,1180.049397,,888.387,0x00,0x00,CURRENT,1,0,OK,0.3,0.3,45.0,150.013,,1180.048,,,1.0,13.0
2026-08-06 14:34:18.187,300125,45023,150012880,1180.044160,,889.221,0x00,0x00,CURRENT,1,0,OK,0.3,0.3,45.0,150.014,,1180.051,,,1.0,14.0
2026-08-06 14:34:19.002,300080,45016,150013184,1180.047370,,890.036,0x00,0x00,CURRENT,1,0,OK,0.3,0.3,45.0,150.014,,1180.051,,,1.0,14.0
2026-08-06 14:34:20.316,300037,45009,150012704,1180.042301,,891.350,0x00,0x00,CURRENT,1,0,OK,0.3,0.3,45.0,150.014,,1180.056,,,1.0,14.0
2026-08-06 14:34:21.131,299996,45003,150012736,1180.042639,,892.165,0x00,0x00,CURRENT,1,0,OK,0.3,0.3,45.0,150.014,,1180.056,,,1.0,14.0
2026-08-06 14:34:21.965,299948,44996,150013136,1180.046863,,892.999,0x00,0x00,CURRENT,1,0,OK,0.3,0.3,45.0,150.014,,1180.054,,,1.0,13.0
2026-08-06 14:34:22.853,299901,44989,150013360,1180.049228,,893.887,0x00,0x00,CURRENT,1,0,OK,0.3,0.3,45.0,150.014,,1180.054,,,1.0,13.0
2026-08-06 14:34:23.668,300034,45009,150013168,1180.047201,,894.702,0x00,0x00,CURRENT,1,0,OK,0.3,0.3,45.0,150.014,,1180.054,,,1.0,13.0
2026-08-06 14:34:24.502,300155,45027,150012640,1180.041625,,895.536,0x00,0x00,CURRENT,1,0,OK,0.3,0.3,45.0,150.014,,1180.059,,,1.0,14.0
2026-08-06 14:34:25.355,300105,45020,150012768,1180.042977,,896.389,0x00,0x00,CURRENT,1,0,OK,0.3,0.3,45.0,150.014,,1180.059,,,1.0,14.0
2026-08-06 14:34:26.189,300057,45013,150013040,1180.045849,,897.223,0x00,0x00,CURRENT,1,0,OK,0.3,0.3,45.0,150.014,,1180.055,,,1.0,14.0
2026-08-06 14:34:27.004,300014,45006,150012944,1180.044836,,898.038,0x00,0x00,CURRENT,1,0,OK,0.3,0.3,45.0,150.014,,1180.055,,,1.0,14.0
2026-08-06 14:34:28.318,299968,44999,150012848,1180.043822,,899.352,0x00,0x00,CURRENT,1,0,OK,0.3,0.3,45.0,150.014,,1180.055,,,1.0,14.0
2026-08-06 14:34:29.133,299920,44992,150013328,1180.048890,,900.167,0x00,0x00,CURRENT,1,0,OK,0.3,0.3,45.0,150.014,,1180.055,,,1.0,14.0
2026-08-06 14:34:29.967,300053,45012,150013568,1180.051425,,901.001,0x00,0x00,CURRENT,1,0,OK,0.3,0.3,45.0,150.015,,1180.065,,,1.0,13.0
2026-08-06 14:34:30.854,300015,45006,150013136,1180.046863,,901.888,0x00,0x00,CURRENT,1,0,OK,0.3,0.3,45.0,150.015,,1180.065,,,1.0,13.0
2026-08-06 14:34:31.669,299979,45001,150013088,1180.046356,,902.703,0x00,0x00,CURRENT,1,0,OK,0.3,0.3,45.0,150.015,,1180.065,,,1.0,13.0
2026-08-06 14:34:32.503,300113,45021,150013008,1180.045511,,903.537,0x00,0x00,CURRENT,1,0,OK,0.3,0.3,45.0,150.014,,1180.06,,,1.0,13.0
2026-08-06 14:34:33.355,300067,45014,150013456,1180.050242,,904.389,0x00,0x00,CURRENT,1,0,OK,0.3,0.3,45.0,150.014,,1180.06,,,1.0,13.0
2026-08-06 14:34:34.189,300025,45008,150013264,1180.048215,,905.223,0x00,0x00,CURRENT,1,0,OK,0.3,0.3,45.0,150.014,,1180.061,,,1.0,14.0
2026-08-06 14:34:35.004,299985,45002,150013280,1180.048384,,906.038,0x00,0x00,CURRENT,1,0,OK,0.3,0.3,45.0,150.014,,1180.061,,,1.0,14.0
2026-08-06 14:34:36.318,299941,44995,150013120,1180.046694,,907.352,0x00,0x00,CURRENT,1,0,OK,0.3,0.3,45.0,150.015,,1180.063,,,1.0,13.0
2026-08-06 14:34:37.133,299900,44989,150012544,1180.040612,,908.167,0x00,0x00,CURRENT,1,0,OK,0.3,0.3,45.0,150.015,,1180.063,,,1.0,13.0
2026-08-06 14:34:37.967,299852,44982,150012640,1180.041625,,909.001,0x00,0x00,CURRENT,1,0,OK,0.3,0.3,45.0,150.015,,1180.063,,,1.0,13.0
2026-08-06 14:34:38.853,299984,45002,150012928,1180.044667,,909.887,0x00,0x00,CURRENT,1,0,OK,0.3,0.3,45.0,150.015,,1180.063,,,1.0,13.0
2026-08-06 14:34:39.669,299944,44995,150012768,1180.042977,,910.702,0x00,0x00,CURRENT,1,0,OK,0.3,0.3,45.0,150.015,,1180.063,,,1.0,13.0
2026-08-06 14:34:40.503,299899,44989,150012928,1180.044667,,911.537,0x00,0x00,CURRENT,1,0,OK,0.3,0.3,45.0,150.014,,1180.061,,,1.0,14.0
2026-08-06 14:34:41.354,299856,44982,150013168,1180.047201,,912.388,0x00,0x00,CURRENT,1,0,OK,0.3,0.3,45.0,150.014,,1180.061,,,1.0,14.0
2026-08-06 14:34:42.188,299816,44976,150013440,1180.050073,,913.222,0x00,0x00,CURRENT,1,0,OK,0.3,0.3,45.0,150.014,,1180.057,,,1.0,13.0
2026-08-06 14:34:43.003,299951,44997,150013312,1180.048722,,914.036,0x00,0x00,CURRENT,1,0,OK,0.3,0.3,45.0,150.014,,1180.057,,,1.0,13.0
2026-08-06 14:34:44.317,299911,44991,150013696,1180.052776,,915.350,0x00,0x00,CURRENT,1,0,OK,0.3,0.3,45.0,150.015,,1180.063,,,1.0,14.0
2026-08-06 14:34:45.132,299872,44985,150013408,1180.049735,,916.166,0x00,0x00,CURRENT,1,0,OK,0.3,0.3,45.0,150.015,,1180.063,,,1.0,14.0
2026-08-06 14:34:45.966,299833,44979,150013648,1180.052270,,917.000,0x00,0x00,CURRENT,1,0,OK,0.3,0.3,45.0,150.015,,1180.066,,,1.0,14.0
2026-08-06 14:34:46.854,299802,44974,150013776,1180.053621,,917.888,0x00,0x00,CURRENT,1,0,OK,0.3,0.3,45.0,150.015,,1180.066,,,1.0,14.0
2026-08-06 14:34:47.669,299774,44970,150013584,1180.051594,,918.702,0x00,0x00,CURRENT,1,0,OK,0.3,0.3,45.0,150.015,,1180.066,,,1.0,14.0
2026-08-06 14:34:48.503,299754,44967,150013808,1180.053959,,919.537,0x00,0x00,CURRENT,1,0,OK,0.3,0.3,45.0,150.015,,1180.065,,,1.0,13.0
2026-08-06 14:34:49.354,299723,44963,150013856,1180.054466,,920.388,0x00,0x00,CURRENT,1,0,OK,0.3,0.3,45.0,150.015,,1180.065,,,1.0,13.0
2026-08-06 14:34:50.188,299865,44984,150013808,1180.053959,,921.222,0x00,0x00,CURRENT,1,0,OK,0.3,0.3,45.0,150.015,,1180.067,,,1.0,13.0
2026-08-06 14:34:51.003,299999,45004,150014176,1180.057845,,922.037,0x00,0x00,CURRENT,1,0,OK,0.3,0.3,45.0,150.015,,1180.067,,,1.0,13.0
2026-08-06 14:34:52.317,299955,44997,150013968,1180.055649,,923.351,0x00,0x00,CURRENT,1,0,OK,0.3,0.3,45.0,150.015,,1180.068,,,1.0,14.0
2026-08-06 14:34:53.132,299918,44992,150014512,1180.061393,,924.166,0x00,0x00,CURRENT,1,0,OK,0.3,0.3,45.0,150.015,,1180.068,,,1.0,14.0
2026-08-06 14:34:53.966,299883,44987,150014656,1180.062914,,925.000,0x00,0x00,CURRENT,1,0,OK,0.3,0.3,45.0,150.014,,1180.061,,,1.0,14.0
2026-08-06 14:34:54.854,299854,44982,150014352,1180.059704,,925.887,0x00,0x00,CURRENT,1,0,OK,0.3,0.3,45.0,150.014,,1180.061,,,1.0,14.0
2026-08-06 14:34:55.669,299823,44978,150014512,1180.061393,,926.703,0x00,0x00,CURRENT,1,0,OK,0.3,0.3,45.0,150.014,,1180.061,,,1.0,14.0
2026-08-06 14:34:56.503,299785,44972,150015184,1180.068489,,927.537,0x00,0x00,CURRENT,1,0,OK,0.3,0.3,45.0,150.014,,1180.061,,,1.0,13.0
2026-08-06 14:34:57.354,299923,44993,150014976,1180.066293,,928.388,0x00,0x00,CURRENT,1,0,OK,0.3,0.3,45.0,150.014,,1180.061,,,1.0,13.0
2026-08-06 14:34:58.188,300049,45012,150014512,1180.061393,,929.222,0x00,0x00,CURRENT,1,0,OK,0.3,0.3,45.0,150.015,,1180.062,,,1.0,14.0
2026-08-06 14:34:59.003,300001,45005,150014640,1180.062745,,930.036,0x00,0x00,CURRENT,1,0,OK,0.3,0.3,45.0,150.015,,1180.062,,,1.0,14.0
2026-08-06 14:35:00.317,299951,44997,150013952,1180.055480,,931.350,0x00,0x00,CURRENT,1,0,OK,0.3,0.3,45.0,150.016,,1180.073,,,1.0,14.0
2026-08-06 14:35:01.132,299907,44990,150014000,1180.055987,,932.165,0x00,0x00,CURRENT,1,0,OK,0.3,0.3,45.0,150.016,,1180.073,,,1.0,14.0
2026-08-06 14:35:01.966,300022,45008,150013952,1180.055480,,932.999,0x00,0x00,CURRENT,1,0,OK,0.3,0.3,45.0,150.015,,1180.062,,,1.0,13.0
2026-08-06 14:35:02.855,299980,45001,150013744,1180.053283,,933.888,0x00,0x00,CURRENT,1,0,OK,0.3,0.3,45.0,150.015,,1180.062,,,1.0,13.0
2026-08-06 14:35:03.670,299933,44994,150014000,1180.055987,,934.703,0x00,0x00,CURRENT,1,0,OK,0.3,0.3,45.0,150.015,,1180.062,,,1.0,13.0
2026-08-06 14:35:04.504,300050,45012,150014608,1180.062407,,935.537,0x00,0x00,CURRENT,1,0,OK,0.3,0.3,45.0,150.015,,1180.062,,,1.0,13.0
2026-08-06 14:35:05.354,300168,45030,150014736,1180.063758,,936.387,0x00,0x00,CURRENT,1,0,OK,0.3,0.3,45.0,150.015,,1180.062,,,1.0,13.0
2026-08-06 14:35:06.187,300116,45022,150014912,1180.065617,,937.221,0x00,0x00,CURRENT,1,0,OK,0.3,0.3,45.0,150.015,,1180.068,,,1.0,14.0
2026-08-06 14:35:07.003,300062,45014,150015264,1180.069334,,938.036,0x00,0x00,CURRENT,1,0,OK,0.3,0.3,45.0,150.015,,1180.068,,,1.0,14.0
2026-08-06 14:35:08.317,300009,45006,150016176,1180.078964,,939.350,0x00,0x00,CURRENT,1,0,OK,0.3,0.3,45.0,150.015,,1180.07,,,1.0,14.0
2026-08-06 14:35:09.132,299957,44999,150016512,1180.082512,,940.165,0x00,0x00,CURRENT,1,0,OK,0.3,0.3,45.0,150.015,,1180.07,,,1.0,14.0
2026-08-06 14:35:09.966,299909,44991,150016528,1180.082681,,940.999,0x00,0x00,CURRENT,1,0,OK,0.3,0.3,45.0,150.015,,1180.064,,,1.0,13.0
2026-08-06 14:35:10.855,299867,44985,150016288,1180.080147,,941.888,0x00,0x00,CURRENT,1,0,OK,0.3,0.3,45.0,150.015,,1180.064,,,1.0,13.0
2026-08-06 14:35:11.670,299991,45003,150016224,1180.079471,,942.703,0x00,0x00,CURRENT,1,0,OK,0.3,0.3,45.0,150.015,,1180.064,,,1.0,13.0
2026-08-06 14:35:12.504,300104,45021,150016736,1180.084878,,943.537,0x00,0x00,CURRENT,1,0,OK,0.3,0.3,45.0,150.015,,1180.066,,,1.0,13.0
2026-08-06 14:35:13.355,300047,45012,150016608,1180.083526,,944.388,0x00,0x00,CURRENT,1,0,OK,0.3,0.3,45.0,150.015,,1180.066,,,1.0,13.0
2026-08-06 14:35:14.188,299997,45005,150016512,1180.082512,,945.222,0x00,0x00,CURRENT,1,0,OK,0.3,0.3,45.0,150.015,,1180.071,,,1.0,14.0
2026-08-06 14:35:15.003,299947,44997,150016368,1180.080992,,946.037,0x00,0x00,CURRENT,1,0,OK,0.3,0.3,45.0,150.015,,1180.071,,,1.0,14.0
2026-08-06 14:35:16.318,300074,45016,150016256,1180.079809,,947.351,0x00,0x00,CURRENT,1,0,OK,0.3,0.3,45.0,150.016,,1180.074,,,1.0,13.0
2026-08-06 14:35:17.133,300028,45009,150016272,1180.079978,,948.166,0x00,0x00,CURRENT,1,0,OK,0.3,0.3,45.0,150.016,,1180.074,,,1.0,13.0
2026-08-06 14:35:17.966,299984,45002,150016160,1180.078795,,949.000,0x00,0x00,CURRENT,1,0,OK,0.3,0.3,45.0,150.016,,1180.078,,,1.0,14.0
2026-08-06 14:35:18.854,299933,44995,150016144,1180.078627,,949.888,0x00,0x00,CURRENT,1,0,OK,0.3,0.3,45.0,150.016,,1180.078,,,1.0,14.0
2026-08-06 14:35:19.669,299887,44988,150016576,1180.083188,,950.703,0x00,0x00,CURRENT,1,0,OK,0.3,0.3,45.0,150.016,,1180.078,,,1.0,14.0
2026-08-06 14:35:20.504,299842,44981,150016448,1180.081837,,951.537,0x00,0x00,CURRENT,1,0,OK,0.3,0.3,45.0,150.015,,1180.071,,,1.0,13.0
2026-08-06 14:35:21.355,299797,44974,150016240,1180.079640,,952.388,0x00,0x00,CURRENT,1,0,OK,0.3,0.3,45.0,150.015,,1180.071,,,1.0,13.0
2026-08-06 14:35:22.189,299756,44968,150015792,1180.074910,,953.222,0x00,0x00,CURRENT,1,0,OK,0.3,0.3,45.0,150.015,,1180.071,,,1.0,13.0
2026-08-06 14:35:23.003,299880,44987,150016112,1180.078289,,954.037,0x00,0x00,CURRENT,1,0,OK,0.3,0.3,45.0,150.015,,1180.071,,,1.0,13.0
2026-08-06 14:35:24.317,300002,45005,150016464,1180.082006,,955.351,0x00,0x00,CURRENT,1,0,OK,0.3,0.3,45.0,150.015,,1180.069,,,1.0,13.0
2026-08-06 14:35:25.133,299946,44997,150017024,1180.087919,,956.166,0x00,0x00,CURRENT,1,0,OK,0.3,0.3,45.0,150.015,,1180.069,,,1.0,13.0
2026-08-06 14:35:25.966,299901,44990,150016784,1180.085385,,957.000,0x00,0x00,CURRENT,1,0,OK,0.3,0.3,45.0,150.015,,1180.07,,,1.0,14.0
2026-08-06 14:35:26.855,299853,44983,150016928,1180.086905,,957.888,0x00,0x00,CURRENT,1,0,OK,0.3,0.3,45.0,150.015,,1180.07,,,1.0,14.0
2026-08-06 14:35:27.670,299810,44976,150016416,1180.081499,,958.703,0x00,0x00,CURRENT,1,0,OK,0.3,0.3,45.0,150.015,,1180.07,,,1.0,14.0
2026-08-06 14:35:28.503,299769,44970,150016080,1180.077951,,959.537,0x00,0x00,CURRENT,1,0,OK,0.3,0.3,45.0,150.016,,1180.072,,,1.0,13.0
2026-08-06 14:35:29.354,299736,44965,150015968,1180.076768,,960.388,0x00,0x00,CURRENT,1,0,OK,0.3,0.3,45.0,150.016,,1180.072,,,1.0,13.0
2026-08-06 14:35:30.188,299862,44984,150015936,1180.076430,,961.222,0x00,0x00,CURRENT,1,0,OK,0.3,0.3,45.0,150.016,,1180.074,,,1.0,13.0
2026-08-06 14:35:31.004,299988,45003,150015696,1180.073896,,962.037,0x00,0x00,CURRENT,1,0,OK,0.3,0.3,45.0,150.016,,1180.074,,,1.0,13.0
2026-08-06 14:35:32.317,299937,44995,150015456,1180.071361,,963.351,0x00,0x00,CURRENT,1,0,OK,0.3,0.3,45.0,150.016,,1180.076,,,1.0,14.0
2026-08-06 14:35:33.132,299885,44987,150015120,1180.067813,,964.166,0x00,0x00,CURRENT,1,0,OK,0.3,0.3,45.0,150.016,,1180.076,,,1.0,14.0
2026-08-06 14:35:33.966,299836,44980,150014656,1180.062914,,965.000,0x00,0x00,CURRENT,1,0,OK,0.3,0.3,45.0,150.016,,1180.081,,,1.0,14.0
2026-08-06 14:35:34.854,299796,44974,150014480,1180.061055,,965.888,0x00,0x00,CURRENT,1,0,OK,0.3,0.3,45.0,150.016,,1180.081,,,1.0,14.0
2026-08-06 14:35:35.669,299751,44967,150014736,1180.063758,,966.703,0x00,0x00,CURRENT,1,0,OK,0.3,0.3,45.0,150.016,,1180.081,,,1.0,14.0
2026-08-06 14:35:36.503,299707,44961,150015376,1180.070517,,967.537,0x00,0x00,CURRENT,1,0,OK,0.3,0.3,45.0,150.016,,1180.079,,,1.0,13.0
2026-08-06 14:35:37.353,299668,44955,150015008,1180.066631,,968.387,0x00,0x00,CURRENT,1,0,OK,0.3,0.3,45.0,150.016,,1180.079,,,1.0,13.0
2026-08-06 14:35:38.187,299631,44949,150015488,1180.071699,,969.221,0x00,0x00,CURRENT,1,0,OK,0.3,0.3,45.0,150.016,,1180.076,,,1.0,13.0
2026-08-06 14:35:39.002,299763,44969,150015392,1180.070686,,970.036,0x00,0x00,CURRENT,1,0,OK,0.3,0.3,45.0,150.016,,1180.076,,,1.0,13.0
2026-08-06 14:35:40.316,299889,44988,150014928,1180.065786,,971.350,0x00,0x00,CURRENT,1,0,OK,0.3,0.3,45.0,150.016,,1180.078,,,1.0,13.0
2026-08-06 14:35:41.131,300012,45006,150014320,1180.059366,,972.165,0x00,0x00,CURRENT,1,0,OK,0.3,0.3,45.0,150.016,,1180.078,,,1.0,13.0
2026-08-06 14:35:41.965,299951,44997,150014784,1180.064265,,972.999,0x00,0x00,CURRENT,1,0,OK,0.3,0.3,45.0,150.016,,1180.077,,,1.0,14.0
2026-08-06 14:35:42.853,299896,44989,150015040,1180.066969,,973.887,0x00,0x00,CURRENT,1,0,OK,0.3,0.3,45.0,150.016,,1180.077,,,1.0,14.0
2026-08-06 14:35:43.668,299846,44981,150015312,1180.069841,,974.702,0x00,0x00,CURRENT,1,0,OK,0.3,0.3,45.0,150.016,,1180.077,,,1.0,14.0
2026-08-06 14:35:44.502,299805,44975,150015264,1180.069334,,975.536,0x00,0x00,CURRENT,1,0,OK,0.3,0.3,45.0,150.016,,1180.078,,,1.0,14.0
2026-08-06 14:35:45.354,299764,44969,150015520,1180.072037,,976.388,0x00,0x00,CURRENT,1,0,OK,0.3,0.3,45.0,150.016,,1180.078,,,1.0,14.0
2026-08-06 14:35:46.188,299717,44962,150015376,1180.070517,,977.222,0x00,0x00,CURRENT,1,0,OK,0.3,0.3,45.0,150.016,,1180.082,,,1.0,13.0
2026-08-06 14:35:47.003,299684,44957,150015856,1180.075585,,978.037,0x00,0x00,CURRENT,1,0,OK,0.3,0.3,45.0,150.016,,1180.082,,,1.0,13.0
2026-08-06 14:35:48.317,299813,44977,150015536,1180.072206,,979.351,0x00,0x00,CURRENT,1,0,OK,0.3,0.3,45.0,150.017,,1180.091,,,1.0,13.0
2026-08-06 14:35:49.132,299943,44996,150015344,1180.070179,,980.166,0x00,0x00,CURRENT,1,0,OK,0.3,0.3,45.0,150.017,,1180.091,,,1.0,13.0
2026-08-06 14:35:49.966,300068,45015,150016000,1180.077106,,981.000,0x00,0x00,CURRENT,1,0,OK,0.3,0.3,45.0,150.017,,1180.086,,,1.0,14.0
2026-08-06 14:35:50.854,300019,45008,150015968,1180.076768,,981.888,0x00,0x00,CURRENT,1,0,OK,0.3,0.3,45.0,150.017,,1180.086,,,1.0,14.0
2026-08-06 14:35:51.669,299965,45000,150016304,1180.080316,,982.703,0x00,0x00,CURRENT,1,0,OK,0.3,0.3,45.0,150.017,,1180.086,,,1.0,14.0
2026-08-06 14:35:52.503,299915,44992,150016032,1180.077444,,983.537,0x00,0x00,CURRENT,1,0,OK,0.3,0.3,45.0,150.017,,1180.093,,,1.0,14.0
2026-08-06 14:35:53.354,299860,44984,150015312,1180.069841,,984.388,0x00,0x00,CURRENT,1,0,OK,0.3,0.3,45.0,150.017,,1180.093,,,1.0,14.0
2026-08-06 14:35:54.188,299808,44976,150015392,1180.070686,,985.222,0x00,0x00,CURRENT,1,0,OK,0.3,0.3,45.0,150.017,,1180.088,,,1.0,13.0
2026-08-06 14:35:55.003,299762,44969,150015376,1180.070517,,986.037,0x00,0x00,CURRENT,1,0,OK,0.3,0.3,45.0,150.017,,1180.088,,,1.0,13.0
2026-08-06 14:35:56.317,299888,44988,150014624,1180.062576,,987.351,0x00,0x00,CURRENT,1,0,OK,0.3,0.3,45.0,150.018,,1180.095,,,1.0,13.0
2026-08-06 14:35:57.132,300003,45005,150014736,1180.063758,,988.166,0x00,0x00,CURRENT,1,0,OK,0.3,0.3,45.0,150.018,,1180.095,,,1.0,13.0
2026-08-06 14:35:57.966,300112,45021,150015216,1180.068827,,989.000,0x00,0x00,CURRENT,1,0,OK,0.3,0.3,45.0,150.017,,1180.091,,,1.0,14.0
2026-08-06 14:35:58.853,300219,45037,150015200,1180.068658,,989.887,0x00,0x00,CURRENT,1,0,OK,0.3,0.3,45.0,150.017,,1180.091,,,1.0,14.0
2026-08-06 14:35:59.668,300157,45028,150015200,1180.068658,,990.702,0x00,0x00,CURRENT,1,0,OK,0.3,0.3,45.0,150.017,,1180.091,,,1.0,14.0
2026-08-06 14:36:00.502,300102,45020,150015664,1180.073558,,991.536,0x00,0x00,CURRENT,1,0,OK,0.3,0.3,45.0,150.017,,1180.093,,,1.0,14.0
2026-08-06 14:36:01.355,300050,45012,150015648,1180.073389,,992.389,0x00,0x00,CURRENT,1,0,OK,0.3,0.3,45.0,150.017,,1180.093,,,1.0,14.0
2026-08-06 14:36:02.189,299996,45004,150016000,1180.077106,,993.223,0x00,0x00,CURRENT,1,0,OK,0.3,0.3,45.0,150.017,,1180.087,,,1.0,14.0
2026-08-06 14:36:03.004,299947,44997,150016464,1180.082006,,994.038,0x00,0x00,CURRENT,1,0,OK,0.3,0.3,45.0,150.017,,1180.087,,,1.0,14.0
2026-08-06 14:36:04.318,299900,44990,150016384,1180.081161,,995.352,0x00,0x00,CURRENT,1,0,OK,0.3,0.3,45.0,150.017,,1180.092,,,1.0,13.0
2026-08-06 14:36:05.133,299854,44983,150016800,1180.085554,,996.167,0x00,0x00,CURRENT,1,0,OK,0.3,0.3,45.0,150.017,,1180.092,,,1.0,13.0
2026-08-06 14:36:05.967,299817,44978,150016784,1180.085385,,997.001,0x00,0x00,CURRENT,1,0,OK,0.3,0.3,45.0,150.017,,1180.083,,,1.0,13.0
2026-08-06 14:36:06.854,299942,44996,150016832,1180.085892,,997.888,0x00,0x00,CURRENT,1,0,OK,0.3,0.3,45.0,150.017,,1180.083,,,1.0,13.0
2026-08-06 14:36:07.669,300059,45014,150016784,1180.085385,,998.703,0x00,0x00,CURRENT,1,0,OK,0.3,0.3,45.0,150.017,,1180.083,,,1.0,13.0
2026-08-06 14:36:08.503,300168,45030,150017072,1180.088426,,999.537,0x00,0x00,CURRENT,1,0,OK,0.3,0.3,45.0,150.017,,1180.093,,,1.0,14.0
2026-08-06 14:36:09.354,300115,45022,150017008,1180.087750,,1000.388,0x00,0x00,CURRENT,1,0,OK,0.3,0.3,45.0,150.017,,1180.093,,,1.0,14.0
2026-08-06 14:36:10.188,300059,45014,150017248,1180.090284,,1001.222,0x00,0x00,CURRENT,1,0,OK,0.3,0.3,45.0,150.017,,1180.093,,,1.0,14.0
2026-08-06 14:36:11.003,300007,45006,150016416,1180.081499,,1002.037,0x00,0x00,CURRENT,1,0,OK,0.3,0.3,45.0,150.017,,1180.093,,,1.0,14.0
2026-08-06 14:36:12.317,299952,44998,150016544,1180.082850,,1003.350,0x00,0x00,CURRENT,1,0,OK,0.3,0.3,45.0,150.018,,1180.093,,,1.0,14.0
2026-08-06 14:36:13.132,300079,45017,150016608,1180.083526,,1004.166,0x00,0x00,CURRENT,1,0,OK,0.3,0.3,45.0,150.018,,1180.093,,,1.0,14.0
2026-08-06 14:36:13.966,300030,45009,150016096,1180.078120,,1005.000,0x00,0x00,CURRENT,1,0,OK,0.3,0.3,45.0,150.018,,1180.097,,,1.0,14.0
2026-08-06 14:36:14.855,300149,45027,150015744,1180.074403,,1005.888,0x00,0x00,CURRENT,1,0,OK,0.3,0.3,45.0,150.018,,1180.097,,,1.0,14.0
2026-08-06 14:36:15.670,300092,45018,150015136,1180.067982,,1006.703,0x00,0x00,CURRENT,1,0,OK,0.3,0.3,45.0,150.018,,1180.097,,,1.0,14.0
2026-08-06 14:36:16.504,300036,45010,150015104,1180.067644,,1007.537,0x00,0x00,CURRENT,1,0,OK,0.3,0.3,45.0,150.017,,1180.092,,,1.0,14.0
2026-08-06 14:36:17.354,299977,45001,150015456,1180.071361,,1008.388,0x00,0x00,CURRENT,1,0,OK,0.3,0.3,45.0,150.017,,1180.092,,,1.0,14.0
2026-08-06 14:36:18.188,300090,45018,150015040,1180.066969,,1009.221,0x00,0x00,CURRENT,1,0,OK,0.3,0.3,45.0,150.018,,1180.095,,,1.0,13.0
2026-08-06 14:36:19.003,300033,45009,150014912,1180.065617,,1010.036,0x00,0x00,CURRENT,1,0,OK,0.3,0.3,45.0,150.018,,1180.095,,,1.0,13.0
2026-08-06 14:36:20.317,300141,45026,150015104,1180.067644,,1011.351,0x00,0x00,CURRENT,1,0,OK,0.3,0.3,45.0,150.018,,1180.099,,,1.0,14.0
2026-08-06 14:36:21.132,300085,45017,150014960,1180.066124,,1012.166,0x00,0x00,CURRENT,1,0,OK,0.3,0.3,45.0,150.018,,1180.099,,,1.0,14.0
2026-08-06 14:36:21.966,300031,45009,150014928,1180.065786,,1012.999,0x00,0x00,CURRENT,1,0,OK,0.3,0.3,45.0,150.018,,1180.095,,,1.0,14.0
2026-08-06 14:36:22.855,300143,45026,150014480,1180.061055,,1013.888,0x00,0x00,CURRENT,1,0,OK,0.3,0.3,45.0,150.018,,1180.095,,,1.0,14.0
2026-08-06 14:36:23.670,300086,45017,150014352,1180.059704,,1014.703,0x00,0x00,CURRENT,1,0,OK,0.3,0.3,45.0,150.018,,1180.095,,,1.0,14.0
2026-08-06 14:36:24.504,300027,45008,150014096,1180.057000,,1015.537,0x00,0x00,CURRENT,1,0,OK,0.3,0.3,45.0,150.017,,1180.085,,,1.0,14.0
2026-08-06 14:36:25.354,299979,45001,150014288,1180.059028,,1016.388,0x00,0x00,CURRENT,1,0,OK,0.3,0.3,45.0,150.017,,1180.085,,,1.0,14.0
2026-08-06 14:36:26.187,300100,45019,150014000,1180.055987,,1017.221,0x00,0x00,CURRENT,1,0,OK,0.3,0.3,45.0,150.016,,1180.076,,,1.0,13.0
2026-08-06 14:36:27.003,300214,45036,150013872,1180.054635,,1018.037,0x00,0x00,CURRENT,1,0,OK,0.3,0.3,45.0,150.016,,1180.076,,,1.0,13.0
2026-08-06 14:36:28.317,300146,45026,150013696,1180.052776,,1019.351,0x00,0x00,CURRENT,1,0,OK,0.3,0.3,45.0,150.016,,1180.079,,,1.0,14.0
2026-08-06 14:36:29.132,300090,45018,150014032,1180.056324,,1020.166,0x00,0x00,CURRENT,1,0,OK,0.3,0.3,45.0,150.016,,1180.079,,,1.0,14.0
2026-08-06 14:36:29.966,300037,45010,150014544,1180.061731,,1020.999,0x00,0x00,CURRENT,1,0,OK,0.3,0.3,45.0,150.016,,1180.079,,,1.0,14.0
2026-08-06 14:36:30.854,299982,45002,150014640,1180.062745,,1021.887,0x00,0x00,CURRENT,1,0,OK,0.3,0.3,45.0,150.016,,1180.079,,,1.0,14.0
2026-08-06 14:36:31.669,299937,44995,150014432,1180.060548,,1022.702,0x00,0x00,CURRENT,1,0,OK,0.3,0.3,45.0,150.016,,1180.079,,,1.0,14.0
2026-08-06 14:36:32.503,300063,45014,150014640,1180.062745,,1023.537,0x00,0x00,CURRENT,1,0,OK,0.3,0.3,45.0,150.016,,1180.079,,,1.0,13.0
2026-08-06 14:36:33.354,300175,45031,150014752,1180.063927,,1024.387,0x00,0x00,CURRENT,1,0,OK,0.3,0.3,45.0,150.016,,1180.079,,,1.0,13.0
2026-08-06 14:36:34.188,300115,45022,150015376,1180.070517,,1025.221,0x00,0x00,CURRENT,1,0,OK,0.3,0.3,45.0,150.016,,1180.081,,,1.0,14.0
2026-08-06 14:36:35.002,300062,45014,150015216,1180.068827,,1026.036,0x00,0x00,CURRENT,1,0,OK,0.3,0.3,45.0,150.016,,1180.081,,,1.0,14.0
2026-08-06 14:36:36.317,300177,45031,150015152,1180.068151,,1027.350,0x00,0x00,CURRENT,1,0,OK,0.3,0.3,45.0,150.017,,1180.085,,,1.0,13.0
2026-08-06 14:36:37.132,300126,45024,150015312,1180.069841,,1028.165,0x00,0x00,CURRENT,1,0,OK,0.3,0.3,45.0,150.017,,1180.085,,,1.0,13.0
2026-08-06 14:36:37.966,300233,45039,150014960,1180.066124,,1028.999,0x00,0x00,CURRENT,1,0,OK,0.3,0.3,45.0,150.016,,1180.073,,,1.0,14.0
2026-08-06 14:36:38.854,300166,45030,150015136,1180.067982,,1029.888,0x00,0x00,CURRENT,1,0,OK,0.3,0.3,45.0,150.016,,1180.073,,,1.0,14.0
2026-08-06 14:36:39.670,300106,45020,150015280,1180.069503,,1030.703,0x00,0x00,CURRENT,1,0,OK,0.3,0.3,45.0,150.016,,1180.073,,,1.0,14.0
2026-08-06 14:36:40.504,300053,45013,150015328,1180.070010,,1031.537,0x00,0x00,CURRENT,1,0,OK,0.3,0.3,45.0,150.016,,1180.076,,,1.0,14.0
2026-08-06 14:36:41.355,300000,45004,150014992,1180.066462,,1032.388,0x00,0x00,CURRENT,1,0,OK,0.3,0.3,45.0,150.016,,1180.076,,,1.0,14.0
2026-08-06 14:36:42.188,299942,44996,150015424,1180.071024,,1033.222,0x00,0x00,CURRENT,1,0,OK,0.3,0.3,45.0,150.016,,1180.073,,,1.0,13.0
2026-08-06 14:36:43.003,300062,45014,150015280,1180.069503,,1034.037,0x00,0x00,CURRENT,1,0,OK,0.3,0.3,45.0,150.016,,1180.073,,,1.0,13.0
2026-08-06 14:36:44.317,300173,45031,150015200,1180.068658,,1035.351,0x00,0x00,CURRENT,1,0,OK,0.3,0.3,45.0,150.015,,1180.069,,,1.0,13.0
2026-08-06 14:36:45.132,300102,45020,150014720,1180.063590,,1036.166,0x00,0x00,CURRENT,1,0,OK,0.3,0.3,45.0,150.015,,1180.069,,,1.0,13.0
2026-08-06 14:36:45.966,300034,45010,150014944,1180.065955,,1037.000,0x00,0x00,CURRENT,1,0,OK,0.3,0.3,45.0,150.015,,1180.066,,,1.0,14.0
2026-08-06 14:36:46.854,299974,45001,150014992,1180.066462,,1037.888,0x00,0x00,CURRENT,1,0,OK,0.3,0.3,45.0,150.015,,1180.066,,,1.0,14.0
2026-08-06 14:36:47.669,299919,44992,150015040,1180.066969,,1038.703,0x00,0x00,CURRENT,1,0,OK,0.3,0.3,45.0,150.015,,1180.066,,,1.0,14.0
2026-08-06 14:36:48.503,299857,44983,150015312,1180.069841,,1039.537,0x00,0x00,CURRENT,1,0,OK,0.3,0.3,45.0,150.015,,1180.064,,,1.0,13.0
2026-08-06 14:36:49.354,299806,44975,150015232,1180.068996,,1040.388,0x00,0x00,CURRENT,1,0,OK,0.3,0.3,45.0,150.015,,1180.064,,,1.0,13.0
2026-08-06 14:36:50.188,299923,44993,150015056,1180.067138,,1041.222,0x00,0x00,CURRENT,1,0,OK,0.3,0.3,45.0,150.015,,1180.066,,,1.0,13.0
2026-08-06 14:36:51.003,300034,45010,150014912,1180.065617,,1042.037,0x00,0x00,CURRENT,1,0,OK,0.3,0.3,45.0,150.015,,1180.066,,,1.0,13.0
2026-08-06 14:36:52.317,299973,45001,150015312,1180.069841,,1043.351,0x00,0x00,CURRENT,1,0,OK,0.3,0.3,45.0,150.015,,1180.07,,,1.0,14.0
2026-08-06 14:36:53.132,299914,44992,150015344,1180.070179,,1044.166,0x00,0x00,CURRENT,1,0,OK,0.3,0.3,45.0,150.015,,1180.07,,,1.0,14.0
2026-08-06 14:36:53.966,299858,44983,150015024,1180.066800,,1045.000,0x00,0x00,CURRENT,1,0,OK,0.3,0.3,45.0,150.014,,1180.06,,,1.0,14.0
2026-08-06 14:36:54.854,299802,44975,150014720,1180.063590,,1045.888,0x00,0x00,CURRENT,1,0,OK,0.3,0.3,45.0,150.014,,1180.06,,,1.0,14.0
2026-08-06 14:36:55.669,299761,44969,150014672,1180.063083,,1046.703,0x00,0x00,CURRENT,1,0,OK,0.3,0.3,45.0,150.014,,1180.06,,,1.0,14.0
2026-08-06 14:36:56.504,299883,44987,150014656,1180.062914,,1047.537,0x00,0x00,CURRENT,1,0,OK,0.3,0.3,45.0,150.014,,1180.061,,,1.0,13.0
2026-08-06 14:36:57.355,300003,45005,150014304,1180.059197,,1048.389,0x00,0x00,CURRENT,1,0,OK,0.3,0.3,45.0,150.014,,1180.061,,,1.0,13.0
2026-08-06 14:36:58.189,300107,45020,150014480,1180.061055,,1049.223,0x00,0x00,CURRENT,1,0,OK,0.3,0.3,45.0,150.014,,1180.06,,,1.0,14.0
2026-08-06 14:36:59.004,300037,45010,150014656,1180.062914,,1050.038,0x00,0x00,CURRENT,1,0,OK,0.3,0.3,45.0,150.014,,1180.06,,,1.0,14.0
2026-08-06 14:37:00.319,299970,45000,150014432,1180.060548,,1051.352,0x00,0x00,CURRENT,1,0,OK,0.3,0.3,45.0,150.015,,1180.065,,,1.0,14.0
2026-08-06 14:37:01.133,299906,44990,150014032,1180.056324,,1052.167,0x00,0x00,CURRENT,1,0,OK,0.3,0.3,45.0,150.015,,1180.065,,,1.0,14.0
2026-08-06 14:37:01.967,299851,44982,150014064,1180.056662,,1053.001,0x00,0x00,CURRENT,1,0,OK,0.3,0.3,45.0,150.015,,1180.063,,,1.0,13.0
2026-08-06 14:37:02.855,299797,44974,150013968,1180.055649,,1053.889,0x00,0x00,CURRENT,1,0,OK,0.3,0.3,45.0,150.015,,1180.063,,,1.0,13.0
2026-08-06 14:37:03.670,299920,44992,150013568,1180.051425,,1054.704,0x00,0x00,CURRENT,1,0,OK,0.3,0.3,45.0,150.015,,1180.063,,,1.0,13.0
2026-08-06 14:37:04.504,300038,45010,150014160,1180.057676,,1055.538,0x00,0x00,CURRENT,1,0,OK,0.3,0.3,45.0,150.015,,1180.07,,,1.0,13.0
2026-08-06 14:37:05.354,300148,45026,150014352,1180.059704,,1056.388,0x00,0x00,CURRENT,1,0,OK,0.3,0.3,45.0,150.015,,1180.07,,,1.0,13.0
2026-08-06 14:37:06.188,300256,45043,150013792,1180.053790,,1057.222,0x00,0x00,CURRENT,1,0,OK,0.3,0.3,45.0,150.015,,1180.065,,,1.0,14.0
2026-08-06 14:37:07.003,300197,45034,150013632,1180.052101,,1058.037,0x00,0x00,CURRENT,1,0,OK,0.3,0.3,45.0,150.015,,1180.065,,,1.0,14.0
2026-08-06 14:37:08.317,300137,45024,150013088,1180.046356,,1059.351,0x00,0x00,CURRENT,1,0,OK,0.3,0.3,45.0,150.015,,1180.068,,,1.0,14.0
2026-08-06 14:37:09.132,300069,45014,150013280,1180.048384,,1060.166,0x00,0x00,CURRENT,1,0,OK,0.3,0.3,45.0,150.015,,1180.068,,,1.0,14.0
2026-08-06 14:37:09.966,300005,45005,150013280,1180.048384,,1061.000,0x00,0x00,CURRENT,1,0,OK,0.3,0.3,45.0,150.015,,1180.069,,,1.0,14.0
2026-08-06 14:37:10.854,299942,44995,150012912,1180.044498,,1061.888,0x00,0x00,CURRENT,1,0,OK,0.3,0.3,45.0,150.015,,1180.069,,,1.0,14.0
2026-08-06 14:37:11.669,299885,44987,150012720,1180.042470,,1062.703,0x00,0x00,CURRENT,1,0,OK,0.3,0.3,45.0,150.015,,1180.069,,,1.0,14.0
2026-08-06 14:37:12.503,299835,44979,150012976,1180.045173,,1063.537,0x00,0x00,CURRENT,1,0,OK,0.3,0.3,45.0,150.015,,1180.069,,,1.0,13.0
2026-08-06 14:37:13.354,299952,44997,150013360,1180.049228,,1064.388,0x00,0x00,CURRENT,1,0,OK,0.3,0.3,45.0,150.015,,1180.069,,,1.0,13.0
2026-08-06 14:37:14.188,300066,45014,150013600,1180.051763,,1065.222,0x00,0x00,CURRENT,1,0,OK,0.3,0.3,45.0,150.016,,1180.072,,,1.0,13.0
2026-08-06 14:37:15.003,300172,45030,150013648,1180.052270,,1066.037,0x00,0x00,CURRENT,1,0,OK,0.3,0.3,45.0,150.016,,1180.072,,,1.0,13.0
2026-08-06 14:37:16.317,300103,45020,150013936,1180.055311,,1067.351,0x00,0x00,CURRENT,1,0,OK,0.3,0.3,45.0,150.016,,1180.072,,,1.0,14.0
2026-08-06 14:37:17.132,300046,45011,150014176,1180.057845,,1068.166,0x00,0x00,CURRENT,1,0,OK,0.3,0.3,45.0,150.016,,1180.072,,,1.0,14.0
2026-08-06 14:37:17.966,299990,45003,150014336,1180.059535,,1069.000,0x00,0x00,CURRENT,1,0,OK,0.3,0.3,45.0,150.016,,1180.075,,,1.0,14.0
2026-08-06 14:37:18.853,299936,44995,150014288,1180.059028,,1069.887,0x00,0x00,CURRENT,1,0,OK,0.3,0.3,45.0,150.016,,1180.075,,,1.0,14.0
2026-08-06 14:37:19.668,299888,44987,150014352,1180.059704,,1070.701,0x00,0x00,CURRENT,1,0,OK,0.3,0.3,45.0,150.016,,1180.075,,,1.0,14.0
2026-08-06 14:37:20.502,299839,44980,150014672,1180.063083,,1071.536,0x00,0x00,CURRENT,1,0,OK,0.3,0.3,45.0,150.016,,1180.078,,,1.0,13.0
2026-08-06 14:37:21.355,299792,44973,150015136,1180.067982,,1072.388,0x00,0x00,CURRENT,1,0,OK,0.3,0.3,45.0,150.016,,1180.078,,,1.0,13.0
2026-08-06 14:37:22.189,299918,44992,150015024,1180.066800,,1073.223,0x00,0x00,CURRENT,1,0,OK,0.3,0.3,45.0,150.016,,1180.075,,,1.0,13.0
2026-08-06 14:37:23.004,300037,45010,150014944,1180.065955,,1074.038,0x00,0x00,CURRENT,1,0,OK,0.3,0.3,45.0,150.016,,1180.075,,,1.0,13.0
2026-08-06 14:37:24.318,299975,45001,150014192,1180.058014,,1075.352,0x00,0x00,CURRENT,1,0,OK,0.3,0.3,45.0,150.015,,1180.071,,,1.0,14.0
2026-08-06 14:37:25.133,300091,45018,150014544,1180.061731,,1076.167,0x00,0x00,CURRENT,1,0,OK,0.3,0.3,45.0,150.015,,1180.071,,,1.0,14.0
2026-08-06 14:37:25.967,300036,45010,150014736,1180.063758,,1077.001,0x00,0x00,CURRENT,1,0,OK,0.3,0.3,45.0,150.015,,1180.067,,,1.0,14.0
2026-08-06 14:37:26.854,299987,45003,150014928,1180.065786,,1077.888,0x00,0x00,CURRENT,1,0,OK,0.3,0.3,45.0,150.015,,1180.067,,,1.0,14.0
2026-08-06 14:37:27.669,299942,44996,150014960,1180.066124,,1078.703,0x00,0x00,CURRENT,1,0,OK,0.3,0.3,45.0,150.015,,1180.067,,,1.0,14.0
2026-08-06 14:37:28.503,300061,45013,150014272,1180.058859,,1079.537,0x00,0x00,CURRENT,1,0,OK,0.3,0.3,45.0,150.015,,1180.062,,,1.0,13.0
2026-08-06 14:37:29.354,300005,45005,150014112,1180.057169,,1080.388,0x00,0x00,CURRENT,1,0,OK,0.3,0.3,45.0,150.015,,1180.062,,,1.0,13.0
2026-08-06 14:37:30.188,299956,44998,150014000,1180.055987,,1081.222,0x00,0x00,CURRENT,1,0,OK,0.3,0.3,45.0,150.015,,1180.062,,,1.0,14.0
2026-08-06 14:37:31.003,300074,45015,150014144,1180.057507,,1082.036,0x00,0x00,CURRENT,1,0,OK,0.3,0.3,45.0,150.015,,1180.062,,,1.0,14.0
2026-08-06 14:37:32.317,300017,45007,150013488,1180.050580,,1083.351,0x00,0x00,CURRENT,1,0,OK,0.3,0.3,45.0,150.015,,1180.063,,,1.0,14.0
2026-08-06 14:37:33.132,299961,44998,150013392,1180.049566,,1084.165,0x00,0x00,CURRENT,1,0,OK,0.3,0.3,45.0,150.015,,1180.063,,,1.0,14.0
2026-08-06 14:37:33.966,300078,45016,150014160,1180.057676,,1085.000,0x00,0x00,CURRENT,1,0,OK,0.3,0.3,45.0,150.015,,1180.067,,,1.0,13.0
2026-08-06 14:37:34.854,300192,45033,150013600,1180.051763,,1085.888,0x00,0x00,CURRENT,1,0,OK,0.3,0.3,45.0,150.015,,1180.067,,,1.0,13.0
2026-08-06 14:37:35.669,300131,45024,150013632,1180.052101,,1086.703,0x00,0x00,CURRENT,1,0,OK,0.3,0.3,45.0,150.015,,1180.067,,,1.0,13.0
2026-08-06 14:37:36.503,300076,45016,150014032,1180.056324,,1087.536,0x00,0x00,CURRENT,1,0,OK,0.3,0.3,45.0,150.014,,1180.052,,,1.0,14.0
2026-08-06 14:37:37.355,300021,45007,150014224,1180.058352,,1088.388,0x00,0x00,CURRENT,1,0,OK,0.3,0.3,45.0,150.014,,1180.052,,,1.0,14.0
2026-08-06 14:37:38.189,299972,45000,150013776,1180.053621,,1089.222,0x00,0x00,CURRENT,1,0,OK,0.3,0.3,45.0,150.014,,1180.059,,,1.0,14.0
2026-08-06 14:37:39.004,299925,44993,150013904,1180.054973,,1090.038,0x00,0x00,CURRENT,1,0,OK,0.3,0.3,45.0,150.014,,1180.059,,,1.0,14.0
2026-08-06 14:37:40.318,299877,44986,150013872,1180.054635,,1091.352,0x00,0x00,CURRENT,1,0,OK,0.3,0.3,45.0,150.014,,1180.061,,,1.0,13.0
2026-08-06 14:37:41.133,300000,45004,150014048,1180.056493,,1092.167,0x00,0x00,CURRENT,1,0,OK,0.3,0.3,45.0,150.014,,1180.061,,,1.0,13.0
2026-08-06 14:37:41.967,300111,45021,150014000,1180.055987,,1093.000,0x00,0x00,CURRENT,1,0,OK,0.3,0.3,45.0,150.015,,1180.064,,,1.0,13.0
2026-08-06 14:37:42.854,300217,45037,150014000,1180.055987,,1093.887,0x00,0x00,CURRENT,1,0,OK,0.3,0.3,45.0,150.015,,1180.064,,,1.0,13.0
2026-08-06 14:37:43.669,300319,45052,150013888,1180.054804,,1094.702,0x00,0x00,CURRENT,1,0,OK,0.3,0.3,45.0,150.015,,1180.064,,,1.0,13.0
2026-08-06 14:37:44.503,300246,45041,150014304,1180.059197,,1095.536,0x00,0x00,CURRENT,1,0,OK,0.3,0.3,45.0,150.016,,1180.076,,,1.0,14.0
2026-08-06 14:37:45.354,300173,45030,150014064,1180.056662,,1096.387,0x00,0x00,CURRENT,1,0,OK,0.3,0.3,45.0,150.016,,1180.076,,,1.0,14.0
2026-08-06 14:37:46.188,300110,45021,150013872,1180.054635,,1097.221,0x00,0x00,CURRENT,1,0,OK,0.3,0.3,45.0,150.016,,1180.078,,,1.0,14.0
2026-08-06 14:37:47.002,300058,45013,150013824,1180.054128,,1098.036,0x00,0x00,CURRENT,1,0,OK,0.3,0.3,45.0,150.016,,1180.078,,,1.0,14.0
2026-08-06 14:37:48.316,300002,45004,150013392,1180.049566,,1099.350,0x00,0x00,CURRENT,1,0,OK,0.3,0.3,45.0,150.017,,1180.085,,,1.0,14.0
2026-08-06 14:37:49.132,299954,44997,150013056,1180.046018,,1100.165,0x00,0x00,CURRENT,1,0,OK,0.3,0.3,45.0,150.017,,1180.085,,,1.0,14.0
2026-08-06 14:37:49.966,299909,44990,150012960,1180.045005,,1100.999,0x00,0x00,CURRENT,1,0,OK,0.3,0.3,45.0,150.016,,1180.08,,,1.0,13.0
2026-08-06 14:37:50.854,299862,44983,150012976,1180.045173,,1101.888,0x00,0x00,CURRENT,1,0,OK,0.3,0.3,45.0,150.016,,1180.08,,,1.0,13.0
2026-08-06 14:37:51.669,299816,44976,150012944,1180.044836,,1102.703,0x00,0x00,CURRENT,1,0,OK,0.3,0.3,45.0,150.016,,1180.08,,,1.0,13.0
2026-08-06 14:37:52.504,299945,44996,150013904,1180.054973,,1103.537,0x00,0x00,CURRENT,1,0,OK,0.3,0.3,45.0,150.016,,1180.08,,,1.0,13.0
2026-08-06 14:37:53.354,300069,45014,150013584,1180.051594,,1104.387,0x00,0x00,CURRENT,1,0,OK,0.3,0.3,45.0,150.016,,1180.08,,,1.0,13.0
2026-08-06 14:37:54.188,300186,45032,150013344,1180.049059,,1105.221,0x00,0x00,CURRENT,1,0,OK,0.3,0.3,45.0,150.017,,1180.089,,,1.0,14.0
2026-08-06 14:37:55.003,300293,45048,150013648,1180.052270,,1106.036,0x00,0x00,CURRENT,1,0,OK,0.3,0.3,45.0,150.017,,1180.089,,,1.0,14.0
2026-08-06 14:37:56.316,300230,45038,150013152,1180.047032,,1107.350,0x00,0x00,CURRENT,1,0,OK,0.3,0.3,45.0,150.017,,1180.085,,,1.0,14.0
2026-08-06 14:37:57.131,300172,45030,150013472,1180.050411,,1108.165,0x00,0x00,CURRENT,1,0,OK,0.3,0.3,45.0,150.017,,1180.085,,,1.0,14.0
2026-08-06 14:37:57.965,300119,45022,150013792,1180.053790,,1108.999,0x00,0x00,CURRENT,1,0,OK,0.3,0.3,45.0,150.015,,1180.07,,,1.0,14.0
2026-08-06 14:37:58.854,300061,45013,150013920,1180.055142,,1109.887,0x00,0x00,CURRENT,1,0,OK,0.3,0.3,45.0,150.015,,1180.07,,,1.0,14.0
2026-08-06 14:37:59.668,300003,45005,150014224,1180.058352,,1110.702,0x00,0x00,CURRENT,1,0,OK,0.3,0.3,45.0,150.015,,1180.07,,,1.0,14.0
2026-08-06 14:38:00.503,299948,44996,150014256,1180.058690,,1111.537,0x00,0x00,CURRENT,1,0,OK,0.3,0.3,45.0,150.015,,1180.064,,,1.0,13.0
2026-08-06 14:38:01.355,299902,44990,150014128,1180.057338,,1112.388,0x00,0x00,CURRENT,1,0,OK,0.3,0.3,45.0,150.015,,1180.064,,,1.0,13.0
2026-08-06 14:38:02.188,299859,44983,150014368,1180.059873,,1113.222,0x00,0x00,CURRENT,1,0,OK,0.3,0.3,45.0,150.015,,1180.064,,,1.0,13.0
2026-08-06 14:38:03.004,299994,45003,150014208,1180.058183,,1114.038,0x00,0x00,CURRENT,1,0,OK,0.3,0.3,45.0,150.015,,1180.064,,,1.0,13.0
2026-08-06 14:38:03.915,300117,45022,150014064,1180.056662,,1114.949,0x00,0x00,CURRENT,1,0,OK,0.3,0.3,45.0,150.015,,1180.067,,,1.0,13.0
2026-08-06 14:38:05.230,300229,45039,150013664,1180.052439,,1116.264,0x00,0x00,CURRENT,1,0,OK,0.3,0.3,45.0,150.015,,1180.067,,,1.0,13.0
2026-08-06 14:38:06.064,300169,45029,150013488,1180.050580,,1117.098,0x00,0x00,CURRENT,1,0,OK,0.3,0.3,45.0,150.015,,1180.062,,,1.0,14.0
2026-08-06 14:38:06.879,300107,45020,150013792,1180.053790,,1117.913,0x00,0x00,CURRENT,1,0,OK,0.3,0.3,45.0,150.015,,1180.062,,,1.0,14.0
2026-08-06 14:38:07.694,300055,45012,150013360,1180.049228,,1118.728,0x00,0x00,CURRENT,1,0,OK,0.3,0.3,45.0,150.015,,1180.062,,,1.0,14.0
2026-08-06 14:38:08.528,299996,45004,150013760,1180.053452,,1119.562,0x00,0x00,CURRENT,1,0,OK,0.3,0.3,45.0,150.015,,1180.07,,,1.0,14.0
2026-08-06 14:38:09.354,299942,44996,150014336,1180.059535,,1120.388,0x00,0x00,CURRENT,1,0,OK,0.3,0.3,45.0,150.015,,1180.07,,,1.0,14.0
2026-08-06 14:38:10.188,299886,44987,150014800,1180.064434,,1121.222,0x00,0x00,CURRENT,1,0,OK,0.3,0.3,45.0,150.015,,1180.071,,,1.0,13.0
2026-08-06 14:38:11.003,299841,44981,150015184,1180.068489,,1122.037,0x00,0x00,CURRENT,1,0,OK,0.3,0.3,45.0,150.015,,1180.071,,,1.0,13.0
2026-08-06 14:38:12.318,299802,44975,150015456,1180.071361,,1123.351,0x00,0x00,CURRENT,1,0,OK,0.3,0.3,45.0,150.015,,1180.067,,,1.0,13.0
2026-08-06 14:38:13.132,299936,44995,150015392,1180.070686,,1124.166,0x00,0x00,CURRENT,1,0,OK,0.3,0.3,45.0,150.015,,1180.067,,,1.0,13.0
2026-08-06 14:38:13.966,300055,45013,150015456,1180.071361,,1125.000,0x00,0x00,CURRENT,1,0,OK,0.3,0.3,45.0,150.014,,1180.06,,,1.0,13.0
2026-08-06 14:38:14.853,300176,45031,150015200,1180.068658,,1125.887,0x00,0x00,CURRENT,1,0,OK,0.3,0.3,45.0,150.014,,1180.06,,,1.0,13.0
2026-08-06 14:38:15.668,300119,45022,150015472,1180.071530,,1126.702,0x00,0x00,CURRENT,1,0,OK,0.3,0.3,45.0,150.014,,1180.06,,,1.0,13.0
2026-08-06 14:38:16.502,300069,45015,150015312,1180.069841,,1127.536,0x00,0x00,CURRENT,1,0,OK,0.3,0.3,45.0,150.013,,1180.05,,,1.0,14.0
2026-08-06 14:38:17.354,300025,45008,150015008,1180.066631,,1128.388,0x00,0x00,CURRENT,1,0,OK,0.3,0.3,45.0,150.013,,1180.05,,,1.0,14.0
2026-08-06 14:38:18.188,299977,45001,150014656,1180.062914,,1129.222,0x00,0x00,CURRENT,1,0,OK,0.3,0.3,45.0,150.013,,1180.049,,,1.0,14.0
2026-08-06 14:38:19.003,299927,44993,150014384,1180.060041,,1130.037,0x00,0x00,CURRENT,1,0,OK,0.3,0.3,45.0,150.013,,1180.049,,,1.0,14.0
2026-08-06 14:38:20.317,300054,45012,150014176,1180.057845,,1131.351,0x00,0x00,CURRENT,1,0,OK,0.3,0.3,45.0,150.014,,1180.054,,,1.0,13.0
2026-08-06 14:38:21.132,300174,45030,150013664,1180.052439,,1132.166,0x00,0x00,CURRENT,1,0,OK,0.3,0.3,45.0,150.014,,1180.054,,,1.0,13.0
2026-08-06 14:38:21.966,300125,45023,150013712,1180.052945,,1133.000,0x00,0x00,CURRENT,1,0,OK,0.3,0.3,45.0,150.013,,1180.05,,,1.0,14.0
2026-08-06 14:38:22.854,300077,45016,150013552,1180.051256,,1133.888,0x00,0x00,CURRENT,1,0,OK,0.3,0.3,45.0,150.013,,1180.05,,,1.0,14.0
2026-08-06 14:38:23.669,300025,45008,150013696,1180.052776,,1134.703,0x00,0x00,CURRENT,1,0,OK,0.3,0.3,45.0,150.013,,1180.05,,,1.0,14.0
2026-08-06 14:38:24.503,299977,45001,150013776,1180.053621,,1135.537,0x00,0x00,CURRENT,1,0,OK,0.3,0.3,45.0,150.014,,1180.051,,,1.0,13.0
2026-08-06 14:38:25.354,299926,44993,150014000,1180.055987,,1136.388,0x00,0x00,CURRENT,1,0,OK,0.3,0.3,45.0,150.014,,1180.051,,,1.0,13.0
2026-08-06 14:38:26.188,300049,45012,150013792,1180.053790,,1137.222,0x00,0x00,CURRENT,1,0,OK,0.3,0.3,45.0,150.014,,1180.055,,,1.0,13.0
2026-08-06 14:38:27.003,299998,45004,150014080,1180.056831,,1138.037,0x00,0x00,CURRENT,1,0,OK,0.3,0.3,45.0,150.014,,1180.055,,,1.0,13.0
2026-08-06 14:38:28.317,299945,44996,150013744,1180.053283,,1139.351,0x00,0x00,CURRENT,1,0,OK,0.3,0.3,45.0,150.014,,1180.053,,,1.0,13.0
2026-08-06 14:38:29.132,299897,44989,150014128,1180.057338,,1140.166,0x00,0x00,CURRENT,1,0,OK,0.3,0.3,45.0,150.014,,1180.053,,,1.0,13.0
2026-08-06 14:38:29.966,299848,44981,150013984,1180.055818,,1141.000,0x00,0x00,CURRENT,1,0,OK,0.3,0.3,45.0,150.013,,1180.044,,,1.0,14.0
2026-08-06 14:38:30.854,299813,44976,150013488,1180.050580,,1141.888,0x00,0x00,CURRENT,1,0,OK,0.3,0.3,45.0,150.013,,1180.044,,,1.0,14.0
2026-08-06 14:38:31.669,299945,44996,150013088,1180.046356,,1142.703,0x00,0x00,CURRENT,1,0,OK,0.3,0.3,45.0,150.013,,1180.044,,,1.0,14.0
2026-08-06 14:38:32.503,300069,45014,150013216,1180.047708,,1143.537,0x00,0x00,CURRENT,1,0,OK,0.3,0.3,45.0,150.013,,1180.048,,,1.0,14.0
2026-08-06 14:38:33.354,300017,45007,150013248,1180.048046,,1144.388,0x00,0x00,CURRENT,1,0,OK,0.3,0.3,45.0,150.013,,1180.048,,,1.0,14.0
2026-08-06 14:38:34.188,299973,45000,150013072,1180.046187,,1145.222,0x00,0x00,CURRENT,1,0,OK,0.3,0.3,45.0,150.014,,1180.057,,,1.0,14.0
2026-08-06 14:38:35.003,299933,44994,150012640,1180.041625,,1146.037,0x00,0x00,CURRENT,1,0,OK,0.3,0.3,45.0,150.014,,1180.057,,,1.0,14.0
2026-08-06 14:38:36.317,299894,44988,150012368,1180.038753,,1147.351,0x00,0x00,CURRENT,1,0,OK,0.3,0.3,45.0,150.014,,1180.055,,,1.0,14.0
2026-08-06 14:38:37.132,299853,44982,150011952,1180.034360,,1148.166,0x00,0x00,CURRENT,1,0,OK,0.3,0.3,45.0,150.014,,1180.055,,,1.0,14.0
2026-08-06 14:38:37.966,299978,45000,150012400,1180.039091,,1149.000,0x00,0x00,CURRENT,1,0,OK,0.3,0.3,45.0,150.013,,1180.048,,,1.0,13.0
2026-08-06 14:38:38.854,300097,45018,150012704,1180.042301,,1149.888,0x00,0x00,CURRENT,1,0,OK,0.3,0.3,45.0,150.013,,1180.048,,,1.0,13.0
2026-08-06 14:38:39.669,300044,45011,150013312,1180.048722,,1150.703,0x00,0x00,CURRENT,1,0,OK,0.3,0.3,45.0,150.013,,1180.048,,,1.0,13.0
2026-08-06 14:38:40.503,299987,45002,150013584,1180.051594,,1151.537,0x00,0x00,CURRENT,1,0,OK,0.3,0.3,45.0,150.014,,1180.052,,,1.0,14.0
2026-08-06 14:38:41.354,299944,44996,150013536,1180.051087,,1152.388,0x00,0x00,CURRENT,1,0,OK,0.3,0.3,45.0,150.014,,1180.052,,,1.0,14.0
2026-08-06 14:38:42.188,299899,44989,150013008,1180.045511,,1153.222,0x00,0x00,CURRENT,1,0,OK,0.3,0.3,45.0,150.013,,1180.047,,,1.0,13.0
2026-08-06 14:38:43.003,299852,44982,150013216,1180.047708,,1154.037,0x00,0x00,CURRENT,1,0,OK,0.3,0.3,45.0,150.013,,1180.047,,,1.0,13.0
2026-08-06 14:38:44.317,299975,45000,150013744,1180.053283,,1155.350,0x00,0x00,CURRENT,1,0,OK,0.3,0.3,45.0,150.013,,1180.049,,,1.0,13.0
2026-08-06 14:38:45.132,299923,44993,150013584,1180.051594,,1156.165,0x00,0x00,CURRENT,1,0,OK,0.3,0.3,45.0,150.013,,1180.049,,,1.0,13.0
2026-08-06 14:38:45.966,299877,44986,150013808,1180.053959,,1156.999,0x00,0x00,CURRENT,1,0,OK,0.3,0.3,45.0,150.013,,1180.049,,,1.0,14.0
2026-08-06 14:38:46.854,299832,44979,150013616,1180.051932,,1157.888,0x00,0x00,CURRENT,1,0,OK,0.3,0.3,45.0,150.013,,1180.049,,,1.0,14.0
2026-08-06 14:38:47.669,299954,44997,150013696,1180.052776,,1158.703,0x00,0x00,CURRENT,1,0,OK,0.3,0.3,45.0,150.013,,1180.049,,,1.0,14.0
2026-08-06 14:38:48.503,299907,44990,150013168,1180.047201,,1159.536,0x00,0x00,CURRENT,1,0,OK,0.3,0.3,45.0,150.014,,1180.057,,,1.0,14.0
2026-08-06 14:38:49.354,299864,44984,150013360,1180.049228,,1160.388,0x00,0x00,CURRENT,1,0,OK,0.3,0.3,45.0,150.014,,1180.057,,,1.0,14.0
2026-08-06 14:38:50.188,299819,44977,150012768,1180.042977,,1161.222,0x00,0x00,CURRENT,1,0,OK,0.3,0.3,45.0,150.014,,1180.052,,,1.0,13.0
2026-08-06 14:38:51.003,299945,44996,150013440,1180.050073,,1162.036,0x00,0x00,CURRENT,1,0,OK,0.3,0.3,45.0,150.014,,1180.052,,,1.0,13.0
2026-08-06 14:38:52.317,299898,44988,150012576,1180.040950,,1163.351,0x00,0x00,CURRENT,1,0,OK,0.3,0.3,45.0,150.014,,1180.052,,,1.0,14.0
2026-08-06 14:38:53.132,299857,44982,150012592,1180.041119,,1164.166,0x00,0x00,CURRENT,1,0,OK,0.3,0.3,45.0,150.014,,1180.052,,,1.0,14.0
2026-08-06 14:38:53.966,299810,44975,150012544,1180.040612,,1165.000,0x00,0x00,CURRENT,1,0,OK,0.3,0.3,45.0,150.013,,1180.05,,,1.0,14.0
2026-08-06 14:38:54.853,299765,44968,150012048,1180.035374,,1165.887,0x00,0x00,CURRENT,1,0,OK,0.3,0.3,45.0,150.013,,1180.05,,,1.0,14.0
2026-08-06 14:38:55.669,299721,44962,150012208,1180.037064,,1166.702,0x00,0x00,CURRENT,1,0,OK,0.3,0.3,45.0,150.013,,1180.05,,,1.0,14.0
2026-08-06 14:38:56.503,299681,44956,150012048,1180.035374,,1167.537,0x00,0x00,CURRENT,1,0,OK,0.3,0.3,45.0,150.014,,1180.052,,,1.0,13.0
2026-08-06 14:38:57.354,299809,44975,150012080,1180.035712,,1168.388,0x00,0x00,CURRENT,1,0,OK,0.3,0.3,45.0,150.014,,1180.052,,,1.0,13.0
2026-08-06 14:38:58.188,299944,44995,150011920,1180.034022,,1169.221,0x00,0x00,CURRENT,1,0,OK,0.3,0.3,45.0,150.014,,1180.057,,,1.0,13.0
2026-08-06 14:38:59.003,300072,45014,150011328,1180.027771,,1170.037,0x00,0x00,CURRENT,1,0,OK,0.3,0.3,45.0,150.014,,1180.057,,,1.0,13.0
2026-08-06 14:39:00.317,300008,45005,150011360,1180.028109,,1171.351,0x00,0x00,CURRENT,1,0,OK,0.3,0.3,45.0,150.014,,1180.054,,,1.0,14.0
2026-08-06 14:39:01.132,299946,44995,150011648,1180.031150,,1172.166,0x00,0x00,CURRENT,1,0,OK,0.3,0.3,45.0,150.014,,1180.054,,,1.0,14.0
2026-08-06 14:39:01.966,299899,44988,150011808,1180.032840,,1173.000,0x00,0x00,CURRENT,1,0,OK,0.3,0.3,45.0,150.013,,1180.045,,,1.0,14.0
2026-08-06 14:39:02.854,299849,44981,150012128,1180.036219,,1173.887,0x00,0x00,CURRENT,1,0,OK,0.3,0.3,45.0,150.013,,1180.045,,,1.0,14.0
2026-08-06 14:39:03.669,299799,44974,150012336,1180.038415,,1174.702,0x00,0x00,CURRENT,1,0,OK,0.3,0.3,45.0,150.013,,1180.045,,,1.0,14.0
2026-08-06 14:39:04.503,299926,44993,150012512,1180.040274,,1175.536,0x00,0x00,CURRENT,1,0,OK,0.3,0.3,45.0,150.013,,1180.048,,,1.0,13.0
2026-08-06 14:39:05.354,300050,45011,150012960,1180.045005,,1176.387,0x00,0x00,CURRENT,1,0,OK,0.3,0.3,45.0,150.013,,1180.048,,,1.0,13.0
2026-08-06 14:39:06.187,299998,45004,150012832,1180.043653,,1177.221,0x00,0x00,CURRENT,1,0,OK,0.3,0.3,45.0,150.014,,1180.053,,,1.0,14.0
2026-08-06 14:39:07.003,299944,44995,150012512,1180.040274,,1178.036,0x00,0x00,CURRENT,1,0,OK,0.3,0.3,45.0,150.014,,1180.053,,,1.0,14.0
2026-08-06 14:39:08.317,300063,45013,150012512,1180.040274,,1179.350,0x00,0x00,CURRENT,1,0,OK,0.3,0.3,45.0,150.013,,1180.048,,,1.0,13.0
2026-08-06 14:39:09.132,300175,45030,150012320,1180.038246,,1180.165,0x00,0x00,CURRENT,1,0,OK,0.3,0.3,45.0,150.013,,1180.048,,,1.0,13.0
2026-08-06 14:39:09.966,300116,45021,150012128,1180.036219,,1180.999,0x00,0x00,CURRENT,1,0,OK,0.3,0.3,45.0,150.012,,1180.039,,,1.0,14.0
2026-08-06 14:39:10.854,300054,45012,150012352,1180.038584,,1181.888,0x00,0x00,CURRENT,1,0,OK,0.3,0.3,45.0,150.012,,1180.039,,,1.0,14.0
2026-08-06 14:39:11.668,299993,45003,150012896,1180.044329,,1182.702,0x00,0x00,CURRENT,1,0,OK,0.3,0.3,45.0,150.012,,1180.039,,,1.0,14.0
2026-08-06 14:39:12.503,299946,44996,150012864,1180.043991,,1183.536,0x00,0x00,CURRENT,1,0,OK,0.3,0.3,45.0,150.012,,1180.034,,,1.0,13.0
2026-08-06 14:39:13.354,299890,44987,150012864,1180.043991,,1184.387,0x00,0x00,CURRENT,1,0,OK,0.3,0.3,45.0,150.012,,1180.034,,,1.0,13.0
2026-08-06 14:39:14.188,300012,45006,150012624,1180.041456,,1185.222,0x00,0x00,CURRENT,1,0,OK,0.3,0.3,45.0,150.013,,1180.042,,,1.0,13.0
2026-08-06 14:39:15.003,300127,45023,150012480,1180.039936,,1186.036,0x00,0x00,CURRENT,1,0,OK,0.3,0.3,45.0,150.013,,1180.042,,,1.0,13.0
2026-08-06 14:39:16.317,300066,45014,150012416,1180.039260,,1187.350,0x00,0x00,CURRENT,1,0,OK,0.3,0.3,45.0,150.013,,1180.046,,,1.0,14.0
2026-08-06 14:39:17.131,300016,45006,150012896,1180.044329,,1188.165,0x00,0x00,CURRENT,1,0,OK,0.3,0.3,45.0,150.013,,1180.046,,,1.0,14.0
2026-08-06 14:39:17.966,300133,45024,150012960,1180.045005,,1188.999,0x00,0x00,CURRENT,1,0,OK,0.3,0.3,45.0,150.013,,1180.05,,,1.0,13.0
2026-08-06 14:39:18.854,300071,45015,150012784,1180.043146,,1189.887,0x00,0x00,CURRENT,1,0,OK,0.3,0.3,45.0,150.013,,1180.05,,,1.0,13.0
2026-08-06 14:39:19.669,300177,45031,150013408,1180.049735,,1190.702,0x00,0x00,CURRENT,1,0,OK,0.3,0.3,45.0,150.013,,1180.05,,,1.0,13.0
2026-08-06 14:39:20.503,300114,45021,150013248,1180.048046,,1191.536,0x00,0x00,CURRENT,1,0,OK,0.3,0.3,45.0,150.013,,1180.048,,,1.0,14.0
2026-08-06 14:39:21.353,300054,45012,150013696,1180.052776,,1192.387,0x00,0x00,CURRENT,1,0,OK,0.3,0.3,45.0,150.013,,1180.048,,,1.0,14.0
2026-08-06 14:39:22.188,299994,45003,150014320,1180.059366,,1193.221,0x00,0x00,CURRENT,1,0,OK,0.3,0.3,45.0,150.014,,1180.055,,,1.0,13.0
2026-08-06 14:39:23.002,299949,44996,150013696,1180.052776,,1194.036,0x00,0x00,CURRENT,1,0,OK,0.3,0.3,45.0,150.014,,1180.055,,,1.0,13.0
2026-08-06 14:39:24.316,300068,45014,150014064,1180.056662,,1195.350,0x00,0x00,CURRENT,1,0,OK,0.3,0.3,45.0,150.014,,1180.06,,,1.0,13.0
2026-08-06 14:39:25.132,300011,45006,150014304,1180.059197,,1196.165,0x00,0x00,CURRENT,1,0,OK,0.3,0.3,45.0,150.014,,1180.06,,,1.0,13.0
2026-08-06 14:39:25.965,299954,44998,150014768,1180.064096,,1196.999,0x00,0x00,CURRENT,1,0,OK,0.3,0.3,45.0,150.015,,1180.064,,,1.0,14.0
2026-08-06 14:39:26.854,299900,44989,150014704,1180.063421,,1197.888,0x00,0x00,CURRENT,1,0,OK,0.3,0.3,45.0,150.015,,1180.064,,,1.0,14.0
2026-08-06 14:39:27.670,299853,44983,150014992,1180.066462,,1198.703,0x00,0x00,CURRENT,1,0,OK,0.3,0.3,45.0,150.015,,1180.064,,,1.0,14.0
2026-08-06 14:39:28.503,299809,44976,150015136,1180.067982,,1199.537,0x00,0x00,CURRENT,1,0,OK,0.3,0.3,45.0,150.014,,1180.054,,,1.0,13.0
2026-08-06 14:39:29.354,299936,44995,150014864,1180.065110,,1200.388,0x00,0x00,CURRENT,1,0,OK,0.3,0.3,45.0,150.014,,1180.054,,,1.0,13.0
2026-08-06 14:39:30.188,300054,45013,150014976,1180.066293,,1201.222,0x00,0x00,CURRENT,1,0,OK,0.3,0.3,45.0,150.014,,1180.055,,,1.0,13.0
2026-08-06 14:39:31.003,300158,45028,150014896,1180.065448,,1202.037,0x00,0x00,CURRENT,1,0,OK,0.3,0.3,45.0,150.014,,1180.055,,,1.0,13.0
2026-08-06 14:39:32.317,300093,45018,150014032,1180.056324,,1203.351,0x00,0x00,CURRENT,1,0,OK,0.3,0.3,45.0,150.014,,1180.061,,,1.0,14.0
2026-08-06 14:39:33.133,300029,45009,150013792,1180.053790,,1204.166,0x00,0x00,CURRENT,1,0,OK,0.3,0.3,45.0,150.014,,1180.061,,,1.0,14.0
2026-08-06 14:39:33.966,299974,45000,150013680,1180.052607,,1205.000,0x00,0x00,CURRENT,1,0,OK,0.3,0.3,45.0,150.015,,1180.063,,,1.0,14.0
2026-08-06 14:39:34.854,299923,44993,150013584,1180.051594,,1205.888,0x00,0x00,CURRENT,1,0,OK,0.3,0.3,45.0,150.015,,1180.063,,,1.0,14.0
2026-08-06 14:39:35.669,299872,44985,150013904,1180.054973,,1206.703,0x00,0x00,CURRENT,1,0,OK,0.3,0.3,45.0,150.015,,1180.063,,,1.0,14.0
2026-08-06 14:39:36.503,299993,45003,150014336,1180.059535,,1207.537,0x00,0x00,CURRENT,1,0,OK,0.3,0.3,45.0,150.015,,1180.064,,,1.0,13.0
2026-08-06 14:39:37.353,300105,45020,150014832,1180.064772,,1208.387,0x00,0x00,CURRENT,1,0,OK,0.3,0.3,45.0,150.015,,1180.064,,,1.0,13.0
2026-08-06 14:39:38.187,300218,45037,150014864,1180.065110,,1209.221,0x00,0x00,CURRENT,1,0,OK,0.3,0.3,45.0,150.016,,1180.079,,,1.0,14.0
2026-08-06 14:39:39.002,300158,45028,150014784,1180.064265,,1210.036,0x00,0x00,CURRENT,1,0,OK,0.3,0.3,45.0,150.016,,1180.079,,,1.0,14.0
2026-08-06 14:39:40.316,300095,45019,150014320,1180.059366,,1211.350,0x00,0x00,CURRENT,1,0,OK,0.3,0.3,45.0,150.016,,1180.079,,,1.0,14.0
2026-08-06 14:39:41.131,300030,45009,150014528,1180.061562,,1212.165,0x00,0x00,CURRENT,1,0,OK,0.3,0.3,45.0,150.016,,1180.079,,,1.0,14.0
2026-08-06 14:39:41.965,299979,45001,150014480,1180.061055,,1212.999,0x00,0x00,CURRENT,1,0,OK,0.3,0.3,45.0,150.016,,1180.079,,,1.0,13.0
2026-08-06 14:39:42.854,299925,44993,150013984,1180.055818,,1213.888,0x00,0x00,CURRENT,1,0,OK,0.3,0.3,45.0,150.016,,1180.079,,,1.0,13.0
2026-08-06 14:39:43.669,299869,44985,150014176,1180.057845,,1214.703,0x00,0x00,CURRENT,1,0,OK,0.3,0.3,45.0,150.016,,1180.079,,,1.0,13.0
2026-08-06 14:39:44.503,299987,45002,150014512,1180.061393,,1215.537,0x00,0x00,CURRENT,1,0,OK,0.3,0.3,45.0,150.016,,1180.082,,,1.0,13.0
2026-08-06 14:39:45.354,300108,45021,150014656,1180.062914,,1216.388,0x00,0x00,CURRENT,1,0,OK,0.3,0.3,45.0,150.016,,1180.082,,,1.0,13.0
2026-08-06 14:39:46.188,300226,45038,150014400,1180.060210,,1217.222,0x00,0x00,CURRENT,1,0,OK,0.3,0.3,45.0,150.016,,1180.079,,,1.0,14.0
2026-08-06 14:39:47.003,300163,45029,150014576,1180.062069,,1218.037,0x00,0x00,CURRENT,1,0,OK,0.3,0.3,45.0,150.016,,1180.079,,,1.0,14.0
2026-08-06 14:39:48.317,300104,45020,150014464,1180.060886,,1219.351,0x00,0x00,CURRENT,1,0,OK,0.3,0.3,45.0,150.017,,1180.088,,,1.0,14.0
2026-08-06 14:39:49.132,300056,45013,150014416,1180.060379,,1220.166,0x00,0x00,CURRENT,1,0,OK,0.3,0.3,45.0,150.017,,1180.088,,,1.0,14.0
2026-08-06 14:39:49.966,300009,45006,150014896,1180.065448,,1221.000,0x00,0x00,CURRENT,1,0,OK,0.3,0.3,45.0,150.018,,1180.095,,,1.0,13.0
2026-08-06 14:39:50.854,299964,44999,150014672,1180.063083,,1221.888,0x00,0x00,CURRENT,1,0,OK,0.3,0.3,45.0,150.018,,1180.095,,,1.0,13.0
2026-08-06 14:39:51.669,299919,44992,150014480,1180.061055,,1222.703,0x00,0x00,CURRENT,1,0,OK,0.3,0.3,45.0,150.018,,1180.095,,,1.0,13.0
2026-08-06 14:39:52.503,300038,45010,150013888,1180.054804,,1223.537,0x00,0x00,CURRENT,1,0,OK,0.3,0.3,45.0,150.018,,1180.095,,,1.0,13.0
2026-08-06 14:39:53.353,300155,45027,150014304,1180.059197,,1224.387,0x00,0x00,CURRENT,1,0,OK,0.3,0.3,45.0,150.018,,1180.095,,,1.0,13.0
2026-08-06 14:39:54.187,300258,45043,150014128,1180.057338,,1225.221,0x00,0x00,CURRENT,1,0,OK,0.3,0.3,45.0,150.017,,1180.093,,,1.0,14.0
2026-08-06 14:39:55.002,300193,45033,150013936,1180.055311,,1226.035,0x00,0x00,CURRENT,1,0,OK,0.3,0.3,45.0,150.017,,1180.093,,,1.0,14.0
2026-08-06 14:39:56.316,300137,45025,150014448,1180.060717,,1227.350,0x00,0x00,CURRENT,1,0,OK,0.3,0.3,45.0,150.017,,1180.087,,,1.0,14.0
2026-08-06 14:39:57.131,300079,45016,150014256,1180.058690,,1228.165,0x00,0x00,CURRENT,1,0,OK,0.3,0.3,45.0,150.017,,1180.087,,,1.0,14.0
2026-08-06 14:39:57.965,300018,45007,150014000,1180.055987,,1228.999,0x00,0x00,CURRENT,1,0,OK,0.3,0.3,45.0,150.017,,1180.083,,,1.0,13.0
2026-08-06 14:39:58.855,299966,44999,150013888,1180.054804,,1229.889,0x00,0x00,CURRENT,1,0,OK,0.3,0.3,45.0,150.017,,1180.083,,,1.0,13.0
2026-08-06 14:39:59.670,299918,44992,150014400,1180.060210,,1230.704,0x00,0x00,CURRENT,1,0,OK,0.3,0.3,45.0,150.017,,1180.083,,,1.0,13.0
2026-08-06 14:40:00.504,299868,44984,150014048,1180.056493,,1231.538,0x00,0x00,CURRENT,1,0,OK,0.3,0.3,45.0,150.017,,1180.083,,,1.0,13.0
2026-08-06 14:40:01.354,299989,45003,150014640,1180.062745,,1232.388,0x00,0x00,CURRENT,1,0,OK,0.3,0.3,45.0,150.017,,1180.083,,,1.0,13.0
2026-08-06 14:40:02.188,300105,45020,150015136,1180.067982,,1233.222,0x00,0x00,CURRENT,1,0,OK,0.3,0.3,45.0,150.016,,1180.082,,,1.0,13.0
2026-08-06 14:40:03.003,300218,45037,150015536,1180.072206,,1234.037,0x00,0x00,CURRENT,1,0,OK,0.3,0.3,45.0,150.016,,1180.082,,,1.0,13.0
2026-08-06 14:40:04.317,300153,45028,150015168,1180.068320,,1235.351,0x00,0x00,CURRENT,1,0,OK,0.3,0.3,45.0,150.016,,1180.076,,,1.0,14.0
2026-08-06 14:40:05.132,300096,45019,150015312,1180.069841,,1236.166,0x00,0x00,CURRENT,1,0,OK,0.3,0.3,45.0,150.016,,1180.076,,,1.0,14.0
2026-08-06 14:40:05.966,300043,45011,150015520,1180.072037,,1237.000,0x00,0x00,CURRENT,1,0,OK,0.3,0.3,45.0,150.016,,1180.072,,,1.0,14.0
2026-08-06 14:40:06.854,299991,45003,150014992,1180.066462,,1237.888,0x00,0x00,CURRENT,1,0,OK,0.3,0.3,45.0,150.016,,1180.072,,,1.0,14.0
2026-08-06 14:40:07.669,299943,44996,150015024,1180.066800,,1238.703,0x00,0x00,CURRENT,1,0,OK,0.3,0.3,45.0,150.016,,1180.072,,,1.0,14.0
2026-08-06 14:40:08.503,300061,45014,150015808,1180.075078,,1239.537,0x00,0x00,CURRENT,1,0,OK,0.3,0.3,45.0,150.016,,1180.074,,,1.0,13.0
2026-08-06 14:40:09.354,300171,45030,150015984,1180.076937,,1240.388,0x00,0x00,CURRENT,1,0,OK,0.3,0.3,45.0,150.016,,1180.074,,,1.0,13.0
2026-08-06 14:40:10.188,300291,45048,150015968,1180.076768,,1241.221,0x00,0x00,CURRENT,1,0,OK,0.3,0.3,45.0,150.016,,1180.076,,,1.0,14.0
2026-08-06 14:40:11.003,300238,45040,150015744,1180.074403,,1242.037,0x00,0x00,CURRENT,1,0,OK,0.3,0.3,45.0,150.016,,1180.076,,,1.0,14.0
2026-08-06 14:40:12.317,300178,45031,150015312,1180.069841,,1243.351,0x00,0x00,CURRENT,1,0,OK,0.3,0.3,45.0,150.016,,1180.073,,,1.0,14.0
2026-08-06 14:40:13.132,300118,45022,150014816,1180.064603,,1244.165,0x00,0x00,CURRENT,1,0,OK,0.3,0.3,45.0,150.016,,1180.073,,,1.0,14.0
2026-08-06 14:40:13.966,300060,45013,150014960,1180.066124,,1245.000,0x00,0x00,CURRENT,1,0,OK,0.3,0.3,45.0,150.015,,1180.064,,,1.0,14.0
2026-08-06 14:40:14.853,300011,45006,150014736,1180.063758,,1245.887,0x00,0x00,CURRENT,1,0,OK,0.3,0.3,45.0,150.015,,1180.064,,,1.0,14.0
2026-08-06 14:40:15.668,299966,44999,150014816,1180.064603,,1246.702,0x00,0x00,CURRENT,1,0,OK,0.3,0.3,45.0,150.015,,1180.064,,,1.0,14.0
2026-08-06 14:40:16.502,299911,44991,150014608,1180.062407,,1247.536,0x00,0x00,CURRENT,1,0,OK,0.3,0.3,45.0,150.014,,1180.053,,,1.0,13.0
2026-08-06 14:40:17.353,299856,44983,150015296,1180.069672,,1248.387,0x00,0x00,CURRENT,1,0,OK,0.3,0.3,45.0,150.014,,1180.053,,,1.0,13.0
2026-08-06 14:40:18.187,299980,45001,150015088,1180.067476,,1249.220,0x00,0x00,CURRENT,1,0,OK,0.3,0.3,45.0,150.015,,1180.062,,,1.0,13.0
2026-08-06 14:40:19.002,300098,45019,150015152,1180.068151,,1250.036,0x00,0x00,CURRENT,1,0,OK,0.3,0.3,45.0,150.015,,1180.062,,,1.0,13.0
2026-08-06 14:40:20.316,300210,45036,150015552,1180.072375,,1251.349,0x00,0x00,CURRENT,1,0,OK,0.3,0.3,45.0,150.015,,1180.067,,,1.0,14.0
2026-08-06 14:40:21.131,300152,45027,150015344,1180.070179,,1252.165,0x00,0x00,CURRENT,1,0,OK,0.3,0.3,45.0,150.015,,1180.067,,,1.0,14.0
2026-08-06 14:40:21.965,300094,45019,150014928,1180.065786,,1252.999,0x00,0x00,CURRENT,1,0,OK,0.3,0.3,45.0,150.015,,1180.07,,,1.0,14.0
2026-08-06 14:40:22.854,300041,45011,150014656,1180.062914,,1253.887,0x00,0x00,CURRENT,1,0,OK,0.3,0.3,45.0,150.015,,1180.07,,,1.0,14.0
2026-08-06 14:40:23.669,299980,45001,150014448,1180.060717,,1254.702,0x00,0x00,CURRENT,1,0,OK,0.3,0.3,45.0,150.015,,1180.07,,,1.0,14.0
2026-08-06 14:40:24.503,299922,44993,150014352,1180.059704,,1255.536,0x00,0x00,CURRENT,1,0,OK,0.3,0.3,45.0,150.014,,1180.06,,,1.0,14.0
2026-08-06 14:40:25.354,299876,44986,150014160,1180.057676,,1256.387,0x00,0x00,CURRENT,1,0,OK,0.3,0.3,45.0,150.014,,1180.06,,,1.0,14.0
2026-08-06 14:40:26.188,299832,44979,150013552,1180.051256,,1257.221,0x00,0x00,CURRENT,1,0,OK,0.3,0.3,45.0,150.014,,1180.055,,,1.0,13.0
2026-08-06 14:40:27.002,299785,44972,150013472,1180.050411,,1258.036,0x00,0x00,CURRENT,1,0,OK,0.3,0.3,45.0,150.014,,1180.055,,,1.0,13.0
2026-08-06 14:40:28.317,299908,44990,150013664,1180.052439,,1259.350,0x00,0x00,CURRENT,1,0,OK,0.3,0.3,45.0,150.014,,1180.061,,,1.0,13.0
2026-08-06 14:40:29.132,300030,45008,150013344,1180.049059,,1260.165,0x00,0x00,CURRENT,1,0,OK,0.3,0.3,45.0,150.014,,1180.061,,,1.0,13.0
2026-08-06 14:40:29.965,300147,45026,150013872,1180.054635,,1260.999,0x00,0x00,CURRENT,1,0,OK,0.3,0.3,45.0,150.014,,1180.058,,,1.0,14.0
2026-08-06 14:40:30.854,300246,45041,150013616,1180.051932,,1261.888,0x00,0x00,CURRENT,1,0,OK,0.3,0.3,45.0,150.014,,1180.058,,,1.0,14.0
2026-08-06 14:40:31.669,300177,45031,150013664,1180.052439,,1262.703,0x00,0x00,CURRENT,1,0,OK,0.3,0.3,45.0,150.014,,1180.058,,,1.0,14.0
2026-08-06 14:40:32.503,300114,45021,150013744,1180.053283,,1263.536,0x00,0x00,CURRENT,1,0,OK,0.3,0.3,45.0,150.014,,1180.061,,,1.0,14.0
2026-08-06 14:40:33.353,300054,45012,150013840,1180.054297,,1264.387,0x00,0x00,CURRENT,1,0,OK,0.3,0.3,45.0,150.014,,1180.061,,,1.0,14.0
2026-08-06 14:40:34.188,299999,45004,150013808,1180.053959,,1265.222,0x00,0x00,CURRENT,1,0,OK,0.3,0.3,45.0,150.015,,1180.064,,,1.0,14.0
2026-08-06 14:40:35.002,299946,44996,150013824,1180.054128,,1266.036,0x00,0x00,CURRENT,1,0,OK,0.3,0.3,45.0,150.015,,1180.064,,,1.0,14.0
2026-08-06 14:40:36.317,299898,44989,150014016,1180.056156,,1267.350,0x00,0x00,CURRENT,1,0,OK,0.3,0.3,45.0,150.015,,1180.07,,,1.0,13.0
2026-08-06 14:40:37.131,300018,45007,150014160,1180.057676,,1268.165,0x00,0x00,CURRENT,1,0,OK,0.3,0.3,45.0,150.015,,1180.07,,,1.0,13.0
2026-08-06 14:40:37.966,300125,45023,150013984,1180.055818,,1268.999,0x00,0x00,CURRENT,1,0,OK,0.3,0.3,45.0,150.015,,1180.07,,,1.0,13.0
2026-08-06 14:40:38.854,300231,45039,150014288,1180.059028,,1269.888,0x00,0x00,CURRENT,1,0,OK,0.3,0.3,45.0,150.015,,1180.07,,,1.0,13.0
2026-08-06 14:40:39.670,300161,45028,150014192,1180.058014,,1270.703,0x00,0x00,CURRENT,1,0,OK,0.3,0.3,45.0,150.015,,1180.07,,,1.0,13.0
2026-08-06 14:40:40.504,300108,45020,150013888,1180.054804,,1271.537,0x00,0x00,CURRENT,1,0,OK,0.3,0.3,45.0,150.016,,1180.073,,,1.0,14.0
2026-08-06 14:40:41.355,300046,45011,150014736,1180.063758,,1272.388,0x00,0x00,CURRENT,1,0,OK,0.3,0.3,45.0,150.016,,1180.073,,,1.0,14.0
2026-08-06 14:40:42.189,299985,45002,150014960,1180.066124,,1273.222,0x00,0x00,CURRENT,1,0,OK,0.3,0.3,45.0,150.016,,1180.081,,,1.0,13.0
2026-08-06 14:40:43.004,299930,44994,150014096,1180.057000,,1274.037,0x00,0x00,CURRENT,1,0,OK,0.3,0.3,45.0,150.016,,1180.081,,,1.0,13.0
2026-08-06 14:40:44.318,300051,45012,150014064,1180.056662,,1275.351,0x00,0x00,CURRENT,1,0,OK,0.3,0.3,45.0,150.017,,1180.083,,,1.0,13.0
2026-08-06 14:40:45.132,300164,45029,150014656,1180.062914,,1276.166,0x00,0x00,CURRENT,1,0,OK,0.3,0.3,45.0,150.017,,1180.083,,,1.0,13.0
2026-08-06 14:40:45.966,300269,45045,150015216,1180.068827,,1277.000,0x00,0x00,CURRENT,1,0,OK,0.3,0.3,45.0,150.017,,1180.09,,,1.0,14.0
2026-08-06 14:40:46.854,300194,45034,150015840,1180.075416,,1277.887,0x00,0x00,CURRENT,1,0,OK,0.3,0.3,45.0,150.017,,1180.09,,,1.0,14.0
2026-08-06 14:40:47.669,300133,45025,150016304,1180.080316,,1278.702,0x00,0x00,CURRENT,1,0,OK,0.3,0.3,45.0,150.017,,1180.09,,,1.0,14.0
2026-08-06 14:40:48.502,300073,45016,150016192,1180.079133,,1279.536,0x00,0x00,CURRENT,1,0,OK,0.3,0.3,45.0,150.017,,1180.086,,,1.0,14.0
2026-08-06 14:40:49.354,300011,45006,150016032,1180.077444,,1280.388,0x00,0x00,CURRENT,1,0,OK,0.3,0.3,45.0,150.017,,1180.086,,,1.0,14.0
2026-08-06 14:40:50.188,299958,44999,150015968,1180.076768,,1281.222,0x00,0x00,CURRENT,1,0,OK,0.3,0.3,45.0,150.017,,1180.091,,,1.0,13.0
2026-08-06 14:40:51.003,299905,44991,150016656,1180.084033,,1282.037,0x00,0x00,CURRENT,1,0,OK,0.3,0.3,45.0,150.017,,1180.091,,,1.0,13.0
2026-08-06 14:40:52.317,300027,45009,150016624,1180.083695,,1283.351,0x00,0x00,CURRENT,1,0,OK,0.3,0.3,45.0,150.017,,1180.093,,,1.0,13.0
2026-08-06 14:40:53.132,300152,45028,150016112,1180.078289,,1284.166,0x00,0x00,CURRENT,1,0,OK,0.3,0.3,45.0,150.017,,1180.093,,,1.0,13.0
2026-08-06 14:40:53.966,300268,45045,150016304,1180.080316,,1285.000,0x00,0x00,CURRENT,1,0,OK,0.3,0.3,45.0,150.017,,1180.086,,,1.0,14.0
2026-08-06 14:40:54.854,300209,45036,150015952,1180.076599,,1285.888,0x00,0x00,CURRENT,1,0,OK,0.3,0.3,45.0,150.017,,1180.086,,,1.0,14.0
2026-08-06 14:40:55.669,300155,45028,150015728,1180.074234,,1286.703,0x00,0x00,CURRENT,1,0,OK,0.3,0.3,45.0,150.017,,1180.086,,,1.0,14.0
2026-08-06 14:40:56.503,300106,45020,150015344,1180.070179,,1287.537,0x00,0x00,CURRENT,1,0,OK,0.3,0.3,45.0,150.017,,1180.086,,,1.0,14.0
2026-08-06 14:40:57.354,300055,45013,150015648,1180.073389,,1288.388,0x00,0x00,CURRENT,1,0,OK,0.3,0.3,45.0,150.017,,1180.086,,,1.0,14.0
2026-08-06 14:40:58.188,300004,45005,150015952,1180.076599,,1289.222,0x00,0x00,CURRENT,1,0,OK,0.3,0.3,45.0,150.017,,1180.086,,,1.0,14.0
2026-08-06 14:40:59.003,299949,44997,150015888,1180.075923,,1290.037,0x00,0x00,CURRENT,1,0,OK,0.3,0.3,45.0,150.017,,1180.086,,,1.0,14.0
2026-08-06 14:41:00.318,299904,44990,150015968,1180.076768,,1291.351,0x00,0x00,CURRENT,1,0,OK,0.3,0.3,45.0,150.017,,1180.092,,,1.0,13.0
2026-08-06 14:41:01.132,300035,45010,150015552,1180.072375,,1292.166,0x00,0x00,CURRENT,1,0,OK,0.3,0.3,45.0,150.017,,1180.092,,,1.0,13.0
2026-08-06 14:41:01.966,300159,45028,150015136,1180.067982,,1293.000,0x00,0x00,CURRENT,1,0,OK,0.3,0.3,45.0,150.018,,1180.097,,,1.0,13.0
2026-08-06 14:41:02.854,300277,45046,150015664,1180.073558,,1293.888,0x00,0x00,CURRENT,1,0,OK,0.3,0.3,45.0,150.018,,1180.097,,,1.0,13.0
2026-08-06 14:41:03.670,300210,45036,150015792,1180.074910,,1294.703,0x00,0x00,CURRENT,1,0,OK,0.3,0.3,45.0,150.018,,1180.097,,,1.0,13.0
2026-08-06 14:41:04.503,300150,45027,150016304,1180.080316,,1295.537,0x00,0x00,CURRENT,1,0,OK,0.3,0.3,45.0,150.017,,1180.086,,,1.0,14.0
2026-08-06 14:41:05.354,300099,45020,150016096,1180.078120,,1296.388,0x00,0x00,CURRENT,1,0,OK,0.3,0.3,45.0,150.017,,1180.086,,,1.0,14.0
2026-08-06 14:41:06.188,300046,45012,150016176,1180.078964,,1297.222,0x00,0x00,CURRENT,1,0,OK,0.3,0.3,45.0,150.017,,1180.09,,,1.0,14.0
2026-08-06 14:41:07.003,299993,45004,150016400,1180.081330,,1298.037,0x00,0x00,CURRENT,1,0,OK,0.3,0.3,45.0,150.017,,1180.09,,,1.0,14.0
2026-08-06 14:41:08.317,299941,44996,150016192,1180.079133,,1299.351,0x00,0x00,CURRENT,1,0,OK,0.3,0.3,45.0,150.017,,1180.091,,,1.0,13.0
2026-08-06 14:41:09.132,300057,45013,150016208,1180.079302,,1300.166,0x00,0x00,CURRENT,1,0,OK,0.3,0.3,45.0,150.017,,1180.091,,,1.0,13.0
2026-08-06 14:41:09.966,300171,45030,150015840,1180.075416,,1301.000,0x00,0x00,CURRENT,1,0,OK,0.3,0.3,45.0,150.018,,1180.097,,,1.0,13.0
2026-08-06 14:41:10.854,300284,45047,150015680,1180.073727,,1301.888,0x00,0x00,CURRENT,1,0,OK,0.3,0.3,45.0,150.018,,1180.097,,,1.0,13.0
2026-08-06 14:41:11.669,300221,45038,150015648,1180.073389,,1302.703,0x00,0x00,CURRENT,1,0,OK,0.3,0.3,45.0,150.018,,1180.097,,,1.0,13.0
2026-08-06 14:41:12.503,300162,45029,150015344,1180.070179,,1303.537,0x00,0x00,CURRENT,1,0,OK,0.3,0.3,45.0,150.018,,1180.094,,,1.0,14.0
2026-08-06 14:41:13.354,300106,45020,150015088,1180.067476,,1304.388,0x00,0x00,CURRENT,1,0,OK,0.3,0.3,45.0,150.018,,1180.094,,,1.0,14.0
2026-08-06 14:41:14.188,300054,45013,150014832,1180.064772,,1305.222,0x00,0x00,CURRENT,1,0,OK,0.3,0.3,45.0,150.017,,1180.089,,,1.0,14.0
2026-08-06 14:41:15.003,300002,45005,150014544,1180.061731,,1306.037,0x00,0x00,CURRENT,1,0,OK,0.3,0.3,45.0,150.017,,1180.089,,,1.0,14.0
2026-08-06 14:41:16.317,299951,44997,150015296,1180.069672,,1307.351,0x00,0x00,CURRENT,1,0,OK,0.3,0.3,45.0,150.017,,1180.086,,,1.0,13.0
2026-08-06 14:41:17.132,299905,44990,150015440,1180.071193,,1308.166,0x00,0x00,CURRENT,1,0,OK,0.3,0.3,45.0,150.017,,1180.086,,,1.0,13.0
2026-08-06 14:41:17.966,300032,45009,150015344,1180.070179,,1309.000,0x00,0x00,CURRENT,1,0,OK,0.3,0.3,45.0,150.016,,1180.082,,,1.0,13.0
2026-08-06 14:41:18.854,300153,45027,150015136,1180.067982,,1309.888,0x00,0x00,CURRENT,1,0,OK,0.3,0.3,45.0,150.016,,1180.082,,,1.0,13.0
2026-08-06 14:41:19.669,300275,45046,150015472,1180.071530,,1310.703,0x00,0x00,CURRENT,1,0,OK,0.3,0.3,45.0,150.016,,1180.082,,,1.0,13.0
2026-08-06 14:41:20.503,300220,45038,150015424,1180.071024,,1311.537,0x00,0x00,CURRENT,1,0,OK,0.3,0.3,45.0,150.016,,1180.075,,,1.0,14.0
2026-08-06 14:41:21.354,300166,45030,150015760,1180.074572,,1312.388,0x00,0x00,CURRENT,1,0,OK,0.3,0.3,45.0,150.016,,1180.075,,,1.0,14.0
2026-08-06 14:41:22.188,300115,45022,150016320,1180.080485,,1313.222,0x00,0x00,CURRENT,1,0,OK,0.3,0.3,45.0,150.016,,1180.078,,,1.0,14.0
2026-08-06 14:41:23.003,300074,45016,150016192,1180.079133,,1314.037,0x00,0x00,CURRENT,1,0,OK,0.3,0.3,45.0,150.016,,1180.078,,,1.0,14.0
2026-08-06 14:41:24.317,300022,45008,150016448,1180.081837,,1315.351,0x00,0x00,CURRENT,1,0,OK,0.3,0.3,45.0,150.016,,1180.082,,,1.0,14.0
2026-08-06 14:41:25.132,299974,45001,150016368,1180.080992,,1316.166,0x00,0x00,CURRENT,1,0,OK,0.3,0.3,45.0,150.016,,1180.082,,,1.0,14.0
2026-08-06 14:41:25.966,299928,44994,150016528,1180.082681,,1317.000,0x00,0x00,CURRENT,1,0,OK,0.3,0.3,45.0,150.016,,1180.078,,,1.0,13.0
2026-08-06 14:41:26.854,300047,45012,150016464,1180.082006,,1317.888,0x00,0x00,CURRENT,1,0,OK,0.3,0.3,45.0,150.016,,1180.078,,,1.0,13.0
2026-08-06 14:41:27.669,300161,45029,150016848,1180.086061,,1318.703,0x00,0x00,CURRENT,1,0,OK,0.3,0.3,45.0,150.016,,1180.078,,,1.0,13.0
2026-08-06 14:41:28.503,300279,45047,150016512,1180.082512,,1319.537,0x00,0x00,CURRENT,1,0,OK,0.3,0.3,45.0,150.016,,1180.074,,,1.0,14.0
2026-08-06 14:41:29.354,300224,45038,150016192,1180.079133,,1320.388,0x00,0x00,CURRENT,1,0,OK,0.3,0.3,45.0,150.016,,1180.074,,,1.0,14.0
2026-08-06 14:41:30.188,300166,45030,150016176,1180.078964,,1321.222,0x00,0x00,CURRENT,1,0,OK,0.3,0.3,45.0,150.016,,1180.074,,,1.0,14.0
2026-08-06 14:41:31.003,300116,45022,150016448,1180.081837,,1322.037,0x00,0x00,CURRENT,1,0,OK,0.3,0.3,45.0,150.016,,1180.074,,,1.0,14.0
2026-08-06 14:41:32.317,300055,45013,150016464,1180.082006,,1323.350,0x00,0x00,CURRENT,1,0,OK,0.3,0.3,45.0,150.015,,1180.064,,,1.0,14.0
2026-08-06 14:41:33.132,300003,45005,150016512,1180.082512,,1324.166,0x00,0x00,CURRENT,1,0,OK,0.3,0.3,45.0,150.015,,1180.064,,,1.0,14.0
2026-08-06 14:41:33.966,299956,44998,150016448,1180.081837,,1324.999,0x00,0x00,CURRENT,1,0,OK,0.3,0.3,45.0,150.015,,1180.071,,,1.0,13.0
2026-08-06 14:41:34.855,299906,44991,150016464,1180.082006,,1325.889,0x00,0x00,CURRENT,1,0,OK,0.3,0.3,45.0,150.015,,1180.071,,,1.0,13.0
2026-08-06 14:41:35.670,300029,45009,150016144,1180.078627,,1326.704,0x00,0x00,CURRENT,1,0,OK,0.3,0.3,45.0,150.015,,1180.071,,,1.0,13.0
2026-08-06 14:41:36.504,300145,45027,150016272,1180.079978,,1327.538,0x00,0x00,CURRENT,1,0,OK,0.3,0.3,45.0,150.016,,1180.073,,,1.0,13.0
2026-08-06 14:41:37.354,300259,45044,150016240,1180.079640,,1328.388,0x00,0x00,CURRENT,1,0,OK,0.3,0.3,45.0,150.016,,1180.073,,,1.0,13.0
2026-08-06 14:41:38.188,300201,45035,150016208,1180.079302,,1329.222,0x00,0x00,CURRENT,1,0,OK,0.3,0.3,45.0,150.015,,1180.068,,,1.0,14.0
2026-08-06 14:41:39.003,300137,45025,150016368,1180.080992,,1330.037,0x00,0x00,CURRENT,1,0,OK,0.3,0.3,45.0,150.015,,1180.068,,,1.0,14.0
2026-08-06 14:41:40.317,300081,45017,150016112,1180.078289,,1331.351,0x00,0x00,CURRENT,1,0,OK,0.3,0.3,45.0,150.016,,1180.076,,,1.0,14.0
2026-08-06 14:41:41.132,300027,45009,150016128,1180.078458,,1332.165,0x00,0x00,CURRENT,1,0,OK,0.3,0.3,45.0,150.016,,1180.076,,,1.0,14.0
2026-08-06 14:41:41.966,299980,45002,150016176,1180.078964,,1333.000,0x00,0x00,CURRENT,1,0,OK,0.3,0.3,45.0,150.015,,1180.066,,,1.0,13.0
2026-08-06 14:41:42.854,299937,44995,150016240,1180.079640,,1333.887,0x00,0x00,CURRENT,1,0,OK,0.3,0.3,45.0,150.015,,1180.066,,,1.0,13.0
2026-08-06 14:41:43.669,300070,45015,150016400,1180.081330,,1334.702,0x00,0x00,CURRENT,1,0,OK,0.3,0.3,45.0,150.015,,1180.066,,,1.0,13.0
2026-08-06 14:41:44.503,300195,45034,150016736,1180.084878,,1335.536,0x00,0x00,CURRENT,1,0,OK,0.3,0.3,45.0,150.016,,1180.073,,,1.0,13.0
2026-08-06 14:41:45.354,300135,45025,150017424,1180.092143,,1336.387,0x00,0x00,CURRENT,1,0,OK,0.3,0.3,45.0,150.016,,1180.073,,,1.0,13.0
2026-08-06 14:41:46.188,300083,45017,150016720,1180.084709,,1337.221,0x00,0x00,CURRENT,1,0,OK,0.3,0.3,45.0,150.016,,1180.075,,,1.0,14.0
2026-08-06 14:41:47.003,300026,45009,150017088,1180.088595,,1338.036,0x00,0x00,CURRENT,1,0,OK,0.3,0.3,45.0,150.016,,1180.075,,,1.0,14.0
2026-08-06 14:41:48.317,299976,45001,150016656,1180.084033,,1339.350,0x00,0x00,CURRENT,1,0,OK,0.3,0.3,45.0,150.016,,1180.078,,,1.0,13.0
2026-08-06 14:41:49.132,300095,45019,150016768,1180.085216,,1340.165,0x00,0x00,CURRENT,1,0,OK,0.3,0.3,45.0,150.016,,1180.078,,,1.0,13.0
2026-08-06 14:41:49.966,300220,45038,150017040,1180.088088,,1340.999,0x00,0x00,CURRENT,1,0,OK,0.3,0.3,45.0,150.016,,1180.077,,,1.0,14.0
2026-08-06 14:41:50.854,300336,45055,150016992,1180.087581,,1341.887,0x00,0x00,CURRENT,1,0,OK,0.3,0.3,45.0,150.016,,1180.077,,,1.0,14.0
2026-08-06 14:41:51.668,300268,45045,150017296,1180.090791,,1342.702,0x00,0x00,CURRENT,1,0,OK,0.3,0.3,45.0,150.016,,1180.077,,,1.0,14.0
2026-08-06 14:41:52.503,300213,45037,150017024,1180.087919,,1343.536,0x00,0x00,CURRENT,1,0,OK,0.3,0.3,45.0,150.017,,1180.09,,,1.0,14.0
2026-08-06 14:41:53.355,300162,45029,150016720,1180.084709,,1344.388,0x00,0x00,CURRENT,1,0,OK,0.3,0.3,45.0,150.017,,1180.09,,,1.0,14.0
2026-08-06 14:41:54.189,300104,45021,150017152,1180.089271,,1345.222,0x00,0x00,CURRENT,1,0,OK,0.3,0.3,45.0,150.018,,1180.095,,,1.0,14.0
2026-08-06 14:41:55.004,300051,45013,150016880,1180.086398,,1346.037,0x00,0x00,CURRENT,1,0,OK,0.3,0.3,45.0,150.018,,1180.095,,,1.0,14.0
2026-08-06 14:41:56.318,299999,45005,150017184,1180.089609,,1347.351,0x00,0x00,CURRENT,1,0,OK,0.3,0.3,45.0,150.018,,1180.095,,,1.0,13.0
2026-08-06 14:41:57.133,299947,44997,150017360,1180.091467,,1348.166,0x00,0x00,CURRENT,1,0,OK,0.3,0.3,45.0,150.018,,1180.095,,,1.0,13.0
2026-08-06 14:41:57.967,299908,44991,150017504,1180.092988,,1349.000,0x00,0x00,CURRENT,1,0,OK,0.3,0.3,45.0,150.017,,1180.086,,,1.0,13.0
2026-08-06 14:41:58.855,299865,44985,150017344,1180.091298,,1349.889,0x00,0x00,CURRENT,1,0,OK,0.3,0.3,45.0,150.017,,1180.086,,,1.0,13.0
2026-08-06 14:41:59.670,299994,45004,150017120,1180.088933,,1350.703,0x00,0x00,CURRENT,1,0,OK,0.3,0.3,45.0,150.017,,1180.086,,,1.0,13.0
2026-08-06 14:42:00.504,300117,45023,150017344,1180.091298,,1351.537,0x00,0x00,CURRENT,1,0,OK,0.3,0.3,45.0,150.016,,1180.079,,,1.0,13.0
2026-08-06 14:42:01.353,300233,45040,150017216,1180.089946,,1352.387,0x00,0x00,CURRENT,1,0,OK,0.3,0.3,45.0,150.016,,1180.079,,,1.0,13.0
2026-08-06 14:42:02.188,300343,45057,150017760,1180.095691,,1353.221,0x00,0x00,CURRENT,1,0,OK,0.3,0.3,45.0,150.017,,1180.083,,,1.0,14.0
2026-08-06 14:42:03.002,300281,45047,150017728,1180.095353,,1354.036,0x00,0x00,CURRENT,1,0,OK,0.3,0.3,45.0,150.017,,1180.083,,,1.0,14.0
2026-08-06 14:42:04.316,300226,45039,150017376,1180.091636,,1355.350,0x00,0x00,CURRENT,1,0,OK,0.3,0.3,45.0,150.017,,1180.088,,,1.0,14.0
2026-08-06 14:42:05.131,300175,45031,150017296,1180.090791,,1356.165,0x00,0x00,CURRENT,1,0,OK,0.3,0.3,45.0,150.017,,1180.088,,,1.0,14.0
2026-08-06 14:42:05.966,300112,45022,150017616,1180.094170,,1356.999,0x00,0x00,CURRENT,1,0,OK,0.3,0.3,45.0,150.018,,1180.094,,,1.0,14.0
2026-08-06 14:42:06.854,300061,45014,150017232,1180.090115,,1357.888,0x00,0x00,CURRENT,1,0,OK,0.3,0.3,45.0,150.018,,1180.094,,,1.0,14.0
2026-08-06 14:42:07.670,300001,45006,150017984,1180.098056,,1358.703,0x00,0x00,CURRENT,1,0,OK,0.3,0.3,45.0,150.018,,1180.094,,,1.0,14.0
2026-08-06 14:42:08.503,299949,44998,150018320,1180.101604,,1359.537,0x00,0x00,CURRENT,1,0,OK,0.3,0.3,45.0,150.018,,1180.096,,,1.0,13.0
2026-08-06 14:42:09.353,299896,44990,150017936,1180.097549,,1360.387,0x00,0x00,CURRENT,1,0,OK,0.3,0.3,45.0,150.018,,1180.096,,,1.0,13.0
2026-08-06 14:42:10.187,299842,44982,150017584,1180.093832,,1361.221,0x00,0x00,CURRENT,1,0,OK,0.3,0.3,45.0,150.018,,1180.101,,,1.0,13.0
2026-08-06 14:42:11.002,299786,44973,150017552,1180.093495,,1362.036,0x00,0x00,CURRENT,1,0,OK,0.3,0.3,45.0,150.018,,1180.101,,,1.0,13.0
2026-08-06 14:42:12.316,299911,44992,150017616,1180.094170,,1363.350,0x00,0x00,CURRENT,1,0,OK,0.3,0.3,45.0,150.018,,1180.101,,,1.0,13.0
2026-08-06 14:42:13.131,300028,45010,150017648,1180.094508,,1364.165,0x00,0x00,CURRENT,1,0,OK,0.3,0.3,45.0,150.018,,1180.101,,,1.0,13.0
2026-08-06 14:42:13.965,300134,45026,150017952,1180.097718,,1364.999,0x00,0x00,CURRENT,1,0,OK,0.3,0.3,45.0,150.018,,1180.098,,,1.0,14.0
2026-08-06 14:42:14.854,300243,45042,150017840,1180.096536,,1365.888,0x00,0x00,CURRENT,1,0,OK,0.3,0.3,45.0,150.018,,1180.098,,,1.0,14.0
2026-08-06 14:42:15.669,300181,45033,150018096,1180.099239,,1366.703,0x00,0x00,CURRENT,1,0,OK,0.3,0.3,45.0,150.018,,1180.098,,,1.0,14.0
2026-08-06 14:42:16.503,300113,45023,150018608,1180.104646,,1367.537,0x00,0x00,CURRENT,1,0,OK,0.3,0.3,45.0,150.018,,1180.096,,,1.0,14.0
2026-08-06 14:42:17.353,300054,45014,150018480,1180.103294,,1368.387,0x00,0x00,CURRENT,1,0,OK,0.3,0.3,45.0,150.018,,1180.096,,,1.0,14.0
2026-08-06 14:42:18.188,299996,45005,150018608,1180.104646,,1369.221,0x00,0x00,CURRENT,1,0,OK,0.3,0.3,45.0,150.018,,1180.098,,,1.0,14.0
2026-08-06 14:42:19.002,299939,44997,150018816,1180.106842,,1370.036,0x00,0x00,CURRENT,1,0,OK,0.3,0.3,45.0,150.018,,1180.098,,,1.0,14.0
2026-08-06 14:42:20.316,299894,44990,150018976,1180.108532,,1371.350,0x00,0x00,CURRENT,1,0,OK,0.3,0.3,45.0,150.018,,1180.098,,,1.0,13.0
2026-08-06 14:42:21.131,299851,44983,150019008,1180.108869,,1372.165,0x00,0x00,CURRENT,1,0,OK,0.3,0.3,45.0,150.018,,1180.098,,,1.0,13.0
2026-08-06 14:42:21.965,299806,44977,150018944,1180.108194,,1372.999,0x00,0x00,CURRENT,1,0,OK,0.3,0.3,45.0,150.018,,1180.097,,,1.0,13.0
2026-08-06 14:42:22.853,299935,44996,150018848,1180.107180,,1373.887,0x00,0x00,CURRENT,1,0,OK,0.3,0.3,45.0,150.018,,1180.097,,,1.0,13.0
2026-08-06 14:42:23.668,300058,45014,150018560,1180.104139,,1374.702,0x00,0x00,CURRENT,1,0,OK,0.3,0.3,45.0,150.018,,1180.097,,,1.0,13.0
2026-08-06 14:42:24.502,300174,45032,150018416,1180.102618,,1375.536,0x00,0x00,CURRENT,1,0,OK,0.3,0.3,45.0,150.018,,1180.1,,,1.0,14.0
2026-08-06 14:42:25.354,300115,45023,150018208,1180.100422,,1376.388,0x00,0x00,CURRENT,1,0,OK,0.3,0.3,45.0,150.018,,1180.1,,,1.0,14.0
2026-08-06 14:42:26.188,300064,45015,150017824,1180.096367,,1377.222,0x00,0x00,CURRENT,1,0,OK,0.3,0.3,45.0,150.018,,1180.098,,,1.0,14.0
2026-08-06 14:42:27.003,300010,45007,150018032,1180.098563,,1378.037,0x00,0x00,CURRENT,1,0,OK,0.3,0.3,45.0,150.018,,1180.098,,,1.0,14.0
2026-08-06 14:42:28.317,299959,44999,150017504,1180.092988,,1379.351,0x00,0x00,CURRENT,1,0,OK,0.3,0.3,45.0,150.017,,1180.088,,,1.0,14.0
2026-08-06 14:42:29.132,299914,44992,150017408,1180.091974,,1380.166,0x00,0x00,CURRENT,1,0,OK,0.3,0.3,45.0,150.017,,1180.088,,,1.0,14.0
2026-08-06 14:42:29.966,300041,45012,150017984,1180.098056,,1381.000,0x00,0x00,CURRENT,1,0,OK,0.3,0.3,45.0,150.016,,1180.079,,,1.0,13.0
2026-08-06 14:42:30.854,300157,45029,150017792,1180.096029,,1381.888,0x00,0x00,CURRENT,1,0,OK,0.3,0.3,45.0,150.016,,1180.079,,,1.0,13.0
2026-08-06 14:42:31.669,300101,45021,150018224,1180.100591,,1382.703,0x00,0x00,CURRENT,1,0,OK,0.3,0.3,45.0,150.016,,1180.079,,,1.0,13.0
2026-08-06 14:42:32.503,300039,45011,150018208,1180.100422,,1383.537,0x00,0x00,CURRENT,1,0,OK,0.3,0.3,45.0,150.017,,1180.084,,,1.0,14.0
2026-08-06 14:42:33.354,299982,45003,150018144,1180.099746,,1384.388,0x00,0x00,CURRENT,1,0,OK,0.3,0.3,45.0,150.017,,1180.084,,,1.0,14.0
2026-08-06 14:42:34.188,299930,44995,150018272,1180.101097,,1385.222,0x00,0x00,CURRENT,1,0,OK,0.3,0.3,45.0,150.017,,1180.087,,,1.0,13.0
2026-08-06 14:42:35.003,299877,44987,150018416,1180.102618,,1386.037,0x00,0x00,CURRENT,1,0,OK,0.3,0.3,45.0,150.017,,1180.087,,,1.0,13.0
2026-08-06 14:42:36.317,300000,45006,150018608,1180.104646,,1387.351,0x00,0x00,CURRENT,1,0,OK,0.3,0.3,45.0,150.017,,1180.085,,,1.0,13.0
2026-08-06 14:42:37.132,300113,45022,150018480,1180.103294,,1388.166,0x00,0x00,CURRENT,1,0,OK,0.3,0.3,45.0,150.017,,1180.085,,,1.0,13.0
2026-08-06 14:42:37.967,300051,45013,150018720,1180.105828,,1389.000,0x00,0x00,CURRENT,1,0,OK,0.3,0.3,45.0,150.017,,1180.083,,,1.0,14.0
2026-08-06 14:42:38.854,299985,45003,150018864,1180.107349,,1389.888,0x00,0x00,CURRENT,1,0,OK,0.3,0.3,45.0,150.017,,1180.083,,,1.0,14.0
2026-08-06 14:42:39.669,299929,44995,150018528,1180.103801,,1390.703,0x00,0x00,CURRENT,1,0,OK,0.3,0.3,45.0,150.017,,1180.083,,,1.0,14.0
2026-08-06 14:42:40.503,299870,44986,150018544,1180.103970,,1391.537,0x00,0x00,CURRENT,1,0,OK,0.3,0.3,45.0,150.016,,1180.078,,,1.0,14.0
2026-08-06 14:42:41.354,299821,44979,150018672,1180.105321,,1392.388,0x00,0x00,CURRENT,1,0,OK,0.3,0.3,45.0,150.016,,1180.078,,,1.0,14.0
2026-08-06 14:42:42.188,299776,44972,150018560,1180.104139,,1393.222,0x00,0x00,CURRENT,1,0,OK,0.3,0.3,45.0,150.016,,1180.08,,,1.0,13.0
2026-08-06 14:42:43.003,299728,44965,150018944,1180.108194,,1394.037,0x00,0x00,CURRENT,1,0,OK,0.3,0.3,45.0,150.016,,1180.08,,,1.0,13.0
2026-08-06 14:42:44.317,299853,44984,150018864,1180.107349,,1395.351,0x00,0x00,CURRENT,1,0,OK,0.3,0.3,45.0,150.016,,1180.079,,,1.0,13.0
2026-08-06 14:42:45.132,299975,45002,150019008,1180.108869,,1396.166,0x00,0x00,CURRENT,1,0,OK,0.3,0.3,45.0,150.016,,1180.079,,,1.0,13.0
2026-08-06 14:42:45.966,299916,44993,150019088,1180.109714,,1397.000,0x00,0x00,CURRENT,1,0,OK,0.3,0.3,45.0,150.016,,1180.076,,,1.0,14.0
2026-08-06 14:42:46.854,299863,44985,150018992,1180.108700,,1397.888,0x00,0x00,CURRENT,1,0,OK,0.3,0.3,45.0,150.016,,1180.076,,,1.0,14.0
2026-08-06 14:42:47.669,299819,44978,150018416,1180.102618,,1398.702,0x00,0x00,CURRENT,1,0,OK,0.3,0.3,45.0,150.016,,1180.076,,,1.0,14.0
2026-08-06 14:42:48.503,299773,44971,150018288,1180.101266,,1399.537,0x00,0x00,CURRENT,1,0,OK,0.3,0.3,45.0,150.016,,1180.073,,,1.0,13.0
2026-08-06 14:42:49.354,299730,44965,150018464,1180.103125,,1400.388,0x00,0x00,CURRENT,1,0,OK,0.3,0.3,45.0,150.016,,1180.073,,,1.0,13.0
2026-08-06 14:42:50.188,299857,44984,150018592,1180.104477,,1401.222,0x00,0x00,CURRENT,1,0,OK,0.3,0.3,45.0,150.016,,1180.079,,,1.0,13.0
2026-08-06 14:42:51.003,299979,45002,150018096,1180.099239,,1402.037,0x00,0x00,CURRENT,1,0,OK,0.3,0.3,45.0,150.016,,1180.079,,,1.0,13.0
2026-08-06 14:42:52.317,299929,44995,150018048,1180.098732,,1403.351,0x00,0x00,CURRENT,1,0,OK,0.3,0.3,45.0,150.015,,1180.07,,,1.0,14.0
2026-08-06 14:42:53.132,299884,44988,150018480,1180.103294,,1404.166,0x00,0x00,CURRENT,1,0,OK,0.3,0.3,45.0,150.015,,1180.07,,,1.0,14.0
2026-08-06 14:42:53.966,299837,44981,150018592,1180.104477,,1405.000,0x00,0x00,CURRENT,1,0,OK,0.3,0.3,45.0,150.015,,1180.069,,,1.0,13.0
2026-08-06 14:42:54.854,299792,44974,150017952,1180.097718,,1405.888,0x00,0x00,CURRENT,1,0,OK,0.3,0.3,45.0,150.015,,1180.069,,,1.0,13.0
2026-08-06 14:42:55.669,299918,44993,150018368,1180.102111,,1406.703,0x00,0x00,CURRENT,1,0,OK,0.3,0.3,45.0,150.015,,1180.069,,,1.0,13.0
2026-08-06 14:42:56.503,300039,45011,150018144,1180.099746,,1407.537,0x00,0x00,CURRENT,1,0,OK,0.3,0.3,45.0,150.016,,1180.076,,,1.0,14.0
2026-08-06 14:42:57.354,300153,45028,150018320,1180.101604,,1408.388,0x00,0x00,CURRENT,1,0,OK,0.3,0.3,45.0,150.016,,1180.076,,,1.0,14.0
2026-08-06 14:42:58.188,300095,45020,150018336,1180.101773,,1409.222,0x00,0x00,CURRENT,1,0,OK,0.3,0.3,45.0,150.017,,1180.085,,,1.0,14.0
2026-08-06 14:42:59.003,300034,45010,150017856,1180.096705,,1410.037,0x00,0x00,CURRENT,1,0,OK,0.3,0.3,45.0,150.017,,1180.085,,,1.0,14.0
2026-08-06 14:43:00.317,299972,45001,150017616,1180.094170,,1411.350,0x00,0x00,CURRENT,1,0,OK,0.3,0.3,45.0,150.017,,1180.083,,,1.0,14.0
2026-08-06 14:43:01.132,299918,44993,150017616,1180.094170,,1412.166,0x00,0x00,CURRENT,1,0,OK,0.3,0.3,45.0,150.017,,1180.083,,,1.0,14.0
2026-08-06 14:43:01.966,299870,44986,150016992,1180.087581,,1413.000,0x00,0x00,CURRENT,1,0,OK,0.3,0.3,45.0,150.016,,1180.076,,,1.0,13.0
2026-08-06 14:43:02.855,299813,44977,150017168,1180.089440,,1413.889,0x00,0x00,CURRENT,1,0,OK,0.3,0.3,45.0,150.016,,1180.076,,,1.0,13.0
2026-08-06 14:43:03.670,299937,44996,150017680,1180.094846,,1414.704,0x00,0x00,CURRENT,1,0,OK,0.3,0.3,45.0,150.016,,1180.076,,,1.0,13.0
2026-08-06 14:43:04.504,300055,45014,150017520,1180.093157,,1415.538,0x00,0x00,CURRENT,1,0,OK,0.3,0.3,45.0,150.016,,1180.075,,,1.0,13.0
2026-08-06 14:43:05.354,300167,45030,150017584,1180.093832,,1416.388,0x00,0x00,CURRENT,1,0,OK,0.3,0.3,45.0,150.016,,1180.075,,,1.0,13.0
2026-08-06 14:43:06.188,300102,45021,150017792,1180.096029,,1417.222,0x00,0x00,CURRENT,1,0,OK,0.3,0.3,45.0,150.016,,1180.073,,,1.0,14.0
2026-08-06 14:43:07.003,300046,45012,150017712,1180.095184,,1418.037,0x00,0x00,CURRENT,1,0,OK,0.3,0.3,45.0,150.016,,1180.073,,,1.0,14.0
2026-08-06 14:43:08.317,299987,45003,150017184,1180.089609,,1419.350,0x00,0x00,CURRENT,1,0,OK,0.3,0.3,45.0,150.016,,1180.076,,,1.0,14.0
2026-08-06 14:43:09.132,299940,44996,150017088,1180.088595,,1420.165,0x00,0x00,CURRENT,1,0,OK,0.3,0.3,45.0,150.016,,1180.076,,,1.0,14.0
2026-08-06 14:43:09.966,300056,45014,150017248,1180.090284,,1420.999,0x00,0x00,CURRENT,1,0,OK,0.3,0.3,45.0,150.016,,1180.08,,,1.0,13.0
2026-08-06 14:43:10.855,300170,45030,150016592,1180.083357,,1421.889,0x00,0x00,CURRENT,1,0,OK,0.3,0.3,45.0,150.016,,1180.08,,,1.0,13.0
2026-08-06 14:43:11.670,300108,45021,150016800,1180.085554,,1422.703,0x00,0x00,CURRENT,1,0,OK,0.3,0.3,45.0,150.016,,1180.08,,,1.0,13.0
2026-08-06 14:43:12.504,300049,45012,150017120,1180.088933,,1423.537,0x00,0x00,CURRENT,1,0,OK,0.3,0.3,45.0,150.017,,1180.082,,,1.0,14.0
2026-08-06 14:43:13.355,299996,45004,150016688,1180.084371,,1424.388,0x00,0x00,CURRENT,1,0,OK,0.3,0.3,45.0,150.017,,1180.082,,,1.0,14.0
2026-08-06 14:43:14.189,299939,44996,150017280,1180.090622,,1425.222,0x00,0x00,CURRENT,1,0,OK,0.3,0.3,45.0,150.016,,1180.081,,,1.0,13.0
2026-08-06 14:43:15.004,300056,45014,150017616,1180.094170,,1426.037,0x00,0x00,CURRENT,1,0,OK,0.3,0.3,45.0,150.016,,1180.081,,,1.0,13.0
2026-08-06 14:43:16.318,299994,45004,150017280,1180.090622,,1427.351,0x00,0x00,CURRENT,1,0,OK,0.3,0.3,45.0,150.017,,1180.09,,,1.0,14.0
2026-08-06 14:43:17.133,299936,44996,150017360,1180.091467,,1428.166,0x00,0x00,CURRENT,1,0,OK,0.3,0.3,45.0,150.017,,1180.09,,,1.0,14.0
2026-08-06 14:43:17.967,299887,44988,150016704,1180.084540,,1429.000,0x00,0x00,CURRENT,1,0,OK,0.3,0.3,45.0,150.017,,1180.082,,,1.0,14.0
2026-08-06 14:43:18.854,299835,44980,150016464,1180.082006,,1429.887,0x00,0x00,CURRENT,1,0,OK,0.3,0.3,45.0,150.017,,1180.082,,,1.0,14.0
2026-08-06 14:43:19.669,299950,44997,150016256,1180.079809,,1430.702,0x00,0x00,CURRENT,1,0,OK,0.3,0.3,45.0,150.017,,1180.082,,,1.0,14.0
2026-08-06 14:43:20.502,300059,45014,150016144,1180.078627,,1431.536,0x00,0x00,CURRENT,1,0,OK,0.3,0.3,45.0,150.016,,1180.08,,,1.0,14.0
2026-08-06 14:43:21.353,299994,45004,150016256,1180.079809,,1432.387,0x00,0x00,CURRENT,1,0,OK,0.3,0.3,45.0,150.016,,1180.08,,,1.0,14.0
2026-08-06 14:43:22.188,299940,44996,150016528,1180.082681,,1433.221,0x00,0x00,CURRENT,1,0,OK,0.3,0.3,45.0,150.016,,1180.082,,,1.0,14.0
2026-08-06 14:43:23.003,299882,44987,150016912,1180.086736,,1434.036,0x00,0x00,CURRENT,1,0,OK,0.3,0.3,45.0,150.016,,1180.082,,,1.0,14.0
2026-08-06 14:43:24.316,299997,45005,150016544,1180.082850,,1435.350,0x00,0x00,CURRENT,1,0,OK,0.3,0.3,45.0,150.016,,1180.072,,,1.0,13.0
2026-08-06 14:43:25.132,300100,45020,150016752,1180.085047,,1436.165,0x00,0x00,CURRENT,1,0,OK,0.3,0.3,45.0,150.016,,1180.072,,,1.0,13.0
2026-08-06 14:43:25.965,300039,45011,150016736,1180.084878,,1436.999,0x00,0x00,CURRENT,1,0,OK,0.3,0.3,45.0,150.015,,1180.067,,,1.0,14.0
2026-08-06 14:43:26.854,299986,45003,150016976,1180.087412,,1437.888,0x00,0x00,CURRENT,1,0,OK,0.3,0.3,45.0,150.015,,1180.067,,,1.0,14.0
2026-08-06 14:43:27.669,299931,44995,150017200,1180.089778,,1438.703,0x00,0x00,CURRENT,1,0,OK,0.3,0.3,45.0,150.015,,1180.067,,,1.0,14.0
2026-08-06 14:43:28.504,299878,44987,150017072,1180.088426,,1439.537,0x00,0x00,CURRENT,1,0,OK,0.3,0.3,45.0,150.016,,1180.072,,,1.0,13.0
2026-08-06 14:43:29.355,299998,45005,150016704,1180.084540,,1440.388,0x00,0x00,CURRENT,1,0,OK,0.3,0.3,45.0,150.016,,1180.072,,,1.0,13.0
2026-08-06 14:43:30.188,300112,45022,150016336,1180.080654,,1441.222,0x00,0x00,CURRENT,1,0,OK,0.3,0.3,45.0,150.015,,1180.067,,,1.0,14.0
2026-08-06 14:43:31.003,300052,45013,150015968,1180.076768,,1442.037,0x00,0x00,CURRENT,1,0,OK,0.3,0.3,45.0,150.015,,1180.067,,,1.0,14.0
2026-08-06 14:43:32.318,299997,45004,150015632,1180.073220,,1443.351,0x00,0x00,CURRENT,1,0,OK,0.3,0.3,45.0,150.015,,1180.069,,,1.0,14.0
2026-08-06 14:43:33.133,299940,44996,150015488,1180.071699,,1444.166,0x00,0x00,CURRENT,1,0,OK,0.3,0.3,45.0,150.015,,1180.069,,,1.0,14.0
2026-08-06 14:43:33.967,300054,45013,150015344,1180.070179,,1445.000,0x00,0x00,CURRENT,1,0,OK,0.3,0.3,45.0,150.016,,1180.073,,,1.0,13.0
2026-08-06 14:43:34.855,300162,45029,150015088,1180.067476,,1445.888,0x00,0x00,CURRENT,1,0,OK,0.3,0.3,45.0,150.016,,1180.073,,,1.0,13.0
2026-08-06 14:43:35.669,300099,45019,150015312,1180.069841,,1446.703,0x00,0x00,CURRENT,1,0,OK,0.3,0.3,45.0,150.016,,1180.073,,,1.0,13.0
2026-08-06 14:43:36.503,300040,45011,150015456,1180.071361,,1447.537,0x00,0x00,CURRENT,1,0,OK,0.3,0.3,45.0,150.015,,1180.069,,,1.0,14.0
2026-08-06 14:43:37.354,299988,45003,150015072,1180.067307,,1448.388,0x00,0x00,CURRENT,1,0,OK,0.3,0.3,45.0,150.015,,1180.069,,,1.0,14.0
2026-08-06 14:43:38.188,299941,44996,150015056,1180.067138,,1449.222,0x00,0x00,CURRENT,1,0,OK,0.3,0.3,45.0,150.015,,1180.067,,,1.0,13.0
2026-08-06 14:43:39.003,300059,45013,150015440,1180.071193,,1450.037,0x00,0x00,CURRENT,1,0,OK,0.3,0.3,45.0,150.015,,1180.067,,,1.0,13.0
2026-08-06 14:43:40.317,300003,45005,150015936,1180.076430,,1451.351,0x00,0x00,CURRENT,1,0,OK,0.3,0.3,45.0,150.015,,1180.072,,,1.0,14.0
2026-08-06 14:43:41.132,299948,44997,150016128,1180.078458,,1452.166,0x00,0x00,CURRENT,1,0,OK,0.3,0.3,45.0,150.015,,1180.072,,,1.0,14.0
2026-08-06 14:43:41.966,299898,44990,150016352,1180.080823,,1453.000,0x00,0x00,CURRENT,1,0,OK,0.3,0.3,45.0,150.015,,1180.068,,,1.0,14.0
2026-08-06 14:43:42.853,299850,44982,150015648,1180.073389,,1453.887,0x00,0x00,CURRENT,1,0,OK,0.3,0.3,45.0,150.015,,1180.068,,,1.0,14.0
2026-08-06 14:43:43.668,299966,44999,150015200,1180.068658,,1454.702,0x00,0x00,CURRENT,1,0,OK,0.3,0.3,45.0,150.015,,1180.068,,,1.0,14.0
2026-08-06 14:43:44.502,300079,45016,150015536,1180.072206,,1455.536,0x00,0x00,CURRENT,1,0,OK,0.3,0.3,45.0,150.015,,1180.066,,,1.0,14.0
2026-08-06 14:43:45.353,300020,45008,150015952,1180.076599,,1456.387,0x00,0x00,CURRENT,1,0,OK,0.3,0.3,45.0,150.015,,1180.066,,,1.0,14.0
2026-08-06 14:43:46.187,299966,45000,150015632,1180.073220,,1457.221,0x00,0x00,CURRENT,1,0,OK,0.3,0.3,45.0,150.015,,1180.068,,,1.0,14.0
2026-08-06 14:43:47.002,299919,44993,150016400,1180.081330,,1458.036,0x00,0x00,CURRENT,1,0,OK,0.3,0.3,45.0,150.015,,1180.068,,,1.0,14.0
2026-08-06 14:43:48.316,300034,45010,150015904,1180.076092,,1459.350,0x00,0x00,CURRENT,1,0,OK,0.3,0.3,45.0,150.015,,1180.07,,,1.0,13.0
2026-08-06 14:43:49.131,300150,45027,150016080,1180.077951,,1460.165,0x00,0x00,CURRENT,1,0,OK,0.3,0.3,45.0,150.015,,1180.07,,,1.0,13.0
2026-08-06 14:43:49.965,300082,45017,150016096,1180.078120,,1460.999,0x00,0x00,CURRENT,1,0,OK,0.3,0.3,45.0,150.016,,1180.074,,,1.0,14.0
2026-08-06 14:43:50.854,300015,45007,150016272,1180.079978,,1461.888,0x00,0x00,CURRENT,1,0,OK,0.3,0.3,45.0,150.016,,1180.074,,,1.0,14.0
2026-08-06 14:43:51.669,299952,44998,150016432,1180.081668,,1462.703,0x00,0x00,CURRENT,1,0,OK,0.3,0.3,45.0,150.016,,1180.074,,,1.0,14.0
2026-08-06 14:43:52.503,299893,44989,150016320,1180.080485,,1463.537,0x00,0x00,CURRENT,1,0,OK,0.3,0.3,45.0,150.016,,1180.079,,,1.0,13.0
2026-08-06 14:43:53.354,300008,45006,150016016,1180.077275,,1464.388,0x00,0x00,CURRENT,1,0,OK,0.3,0.3,45.0,150.016,,1180.079,,,1.0,13.0
2026-08-06 14:43:54.188,300116,45022,150015456,1180.071361,,1465.222,0x00,0x00,CURRENT,1,0,OK,0.3,0.3,45.0,150.016,,1180.081,,,1.0,14.0
2026-08-06 14:43:55.003,300050,45012,150015472,1180.071530,,1466.037,0x00,0x00,CURRENT,1,0,OK,0.3,0.3,45.0,150.016,,1180.081,,,1.0,14.0
2026-08-06 14:43:56.317,299991,45003,150015040,1180.066969,,1467.351,0x00,0x00,CURRENT,1,0,OK,0.3,0.3,45.0,150.016,,1180.075,,,1.0,14.0
2026-08-06 14:43:57.132,299934,44994,150014784,1180.064265,,1468.166,0x00,0x00,CURRENT,1,0,OK,0.3,0.3,45.0,150.016,,1180.075,,,1.0,14.0
2026-08-06 14:43:57.966,300045,45011,150015152,1180.068151,,1469.000,0x00,0x00,CURRENT,1,0,OK,0.3,0.3,45.0,150.016,,1180.081,,,1.0,13.0
2026-08-06 14:43:58.854,300154,45028,150014832,1180.064772,,1469.888,0x00,0x00,CURRENT,1,0,OK,0.3,0.3,45.0,150.016,,1180.081,,,1.0,13.0
2026-08-06 14:43:59.669,300086,45017,150014912,1180.065617,,1470.703,0x00,0x00,CURRENT,1,0,OK,0.3,0.3,45.0,150.016,,1180.081,,,1.0,13.0
2026-08-06 14:44:00.503,300025,45008,150015488,1180.071699,,1471.537,0x00,0x00,CURRENT,1,0,OK,0.3,0.3,45.0,150.016,,1180.078,,,1.0,14.0
2026-08-06 14:44:01.354,299972,45001,150015808,1180.075078,,1472.388,0x00,0x00,CURRENT,1,0,OK,0.3,0.3,45.0,150.016,,1180.078,,,1.0,14.0
2026-08-06 14:44:02.188,300090,45018,150015088,1180.067476,,1473.222,0x00,0x00,CURRENT,1,0,OK,0.3,0.3,45.0,150.016,,1180.073,,,1.0,13.0
2026-08-06 14:44:03.003,300191,45033,150015520,1180.072037,,1474.037,0x00,0x00,CURRENT,1,0,OK,0.3,0.3,45.0,150.016,,1180.073,,,1.0,13.0
2026-08-06 14:44:04.317,300123,45023,150015776,1180.074741,,1475.351,0x00,0x00,CURRENT,1,0,OK,0.3,0.3,45.0,150.015,,1180.07,,,1.0,14.0
2026-08-06 14:44:05.132,300057,45013,150014912,1180.065617,,1476.166,0x00,0x00,CURRENT,1,0,OK,0.3,0.3,45.0,150.015,,1180.07,,,1.0,14.0
2026-08-06 14:44:05.966,299998,45004,150015008,1180.066631,,1477.000,0x00,0x00,CURRENT,1,0,OK,0.3,0.3,45.0,150.015,,1180.063,,,1.0,13.0
2026-08-06 14:44:06.854,299936,44995,150014736,1180.063758,,1477.888,0x00,0x00,CURRENT,1,0,OK,0.3,0.3,45.0,150.015,,1180.063,,,1.0,13.0
2026-08-06 14:44:07.669,300038,45010,150014832,1180.064772,,1478.703,0x00,0x00,CURRENT,1,0,OK,0.3,0.3,45.0,150.015,,1180.063,,,1.0,13.0
2026-08-06 14:44:08.503,300139,45025,150014992,1180.066462,,1479.537,0x00,0x00,CURRENT,1,0,OK,0.3,0.3,45.0,150.014,,1180.059,,,1.0,13.0
2026-08-06 14:44:09.354,300241,45041,150014800,1180.064434,,1480.388,0x00,0x00,CURRENT,1,0,OK,0.3,0.3,45.0,150.014,,1180.059,,,1.0,13.0
2026-08-06 14:44:10.188,300168,45029,150014064,1180.056662,,1481.222,0x00,0x00,CURRENT,1,0,OK,0.3,0.3,45.0,150.014,,1180.059,,,1.0,14.0
2026-08-06 14:44:11.003,300096,45019,150014048,1180.056493,,1482.037,0x00,0x00,CURRENT,1,0,OK,0.3,0.3,45.0,150.014,,1180.059,,,1.0,14.0
2026-08-06 14:44:12.317,300035,45010,150014336,1180.059535,,1483.351,0x00,0x00,CURRENT,1,0,OK,0.3,0.3,45.0,150.014,,1180.053,,,1.0,14.0
2026-08-06 14:44:13.132,299977,45001,150013840,1180.054297,,1484.166,0x00,0x00,CURRENT,1,0,OK,0.3,0.3,45.0,150.014,,1180.053,,,1.0,14.0
2026-08-06 14:44:13.966,300089,45017,150013008,1180.045511,,1485.000,0x00,0x00,CURRENT,1,0,OK,0.3,0.3,45.0,150.014,,1180.054,,,1.0,13.0
2026-08-06 14:44:14.854,300195,45033,150013056,1180.046018,,1485.888,0x00,0x00,CURRENT,1,0,OK,0.3,0.3,45.0,150.014,,1180.054,,,1.0,13.0
2026-08-06 14:44:15.669,300124,45023,150013088,1180.046356,,1486.703,0x00,0x00,CURRENT,1,0,OK,0.3,0.3,45.0,150.014,,1180.054,,,1.0,13.0
2026-08-06 14:44:16.503,300058,45013,150013008,1180.045511,,1487.537,0x00,0x00,CURRENT,1,0,OK,0.3,0.3,45.0,150.013,,1180.047,,,1.0,14.0
2026-08-06 14:44:17.353,299997,45003,150012832,1180.043653,,1488.386,0x00,0x00,CURRENT,1,0,OK,0.3,0.3,45.0,150.013,,1180.047,,,1.0,14.0
2026-08-06 14:44:18.187,300099,45019,150013088,1180.046356,,1489.220,0x00,0x00,CURRENT,1,0,OK,0.3,0.3,45.0,150.013,,1180.049,,,1.0,13.0
2026-08-06 14:44:19.002,300204,45035,150013344,1180.049059,,1490.035,0x00,0x00,CURRENT,1,0,OK,0.3,0.3,45.0,150.013,,1180.049,,,1.0,13.0
2026-08-06 14:44:20.316,300137,45025,150013232,1180.047877,,1491.350,0x00,0x00,CURRENT,1,0,OK,0.3,0.3,45.0,150.014,,1180.056,,,1.0,14.0
2026-08-06 14:44:21.131,300077,45016,150013232,1180.047877,,1492.165,0x00,0x00,CURRENT,1,0,OK,0.3,0.3,45.0,150.014,,1180.056,,,1.0,14.0
2026-08-06 14:44:21.965,300019,45007,150012272,1180.037739,,1492.999,0x00,0x00,CURRENT,1,0,OK,0.3,0.3,45.0,150.013,,1180.051,,,1.0,13.0
2026-08-06 14:44:22.855,300131,45023,150012160,1180.036557,,1493.889,0x00,0x00,CURRENT,1,0,OK,0.3,0.3,45.0,150.013,,1180.051,,,1.0,13.0
2026-08-06 14:44:23.670,300236,45039,150012416,1180.039260,,1494.704,0x00,0x00,CURRENT,1,0,OK,0.3,0.3,45.0,150.013,,1180.051,,,1.0,13.0
2026-08-06 14:44:24.504,300161,45028,150011920,1180.034022,,1495.537,0x00,0x00,CURRENT,1,0,OK,0.3,0.3,45.0,150.013,,1180.05,,,1.0,14.0
2026-08-06 14:44:25.354,300084,45016,150012096,1180.035881,,1496.388,0x00,0x00,CURRENT,1,0,OK,0.3,0.3,45.0,150.013,,1180.05,,,1.0,14.0
2026-08-06 14:44:26.188,300019,45007,150012048,1180.035374,,1497.221,0x00,0x00,CURRENT,1,0,OK,0.3,0.3,45.0,150.013,,1180.047,,,1.0,13.0
2026-08-06 14:44:27.003,299955,44997,150012416,1180.039260,,1498.037,0x00,0x00,CURRENT,1,0,OK,0.3,0.3,45.0,150.013,,1180.047,,,1.0,13.0
2026-08-06 14:44:28.317,300074,45015,150012528,1180.040443,,1499.350,0x00,0x00,CURRENT,1,0,OK,0.3,0.3,45.0,150.013,,1180.05,,,1.0,13.0
2026-08-06 14:44:29.132,300185,45032,150012944,1180.044836,,1500.166,0x00,0x00,CURRENT,1,0,OK,0.3,0.3,45.0,150.013,,1180.05,,,1.0,13.0
2026-08-06 14:44:29.966,300121,45022,150013344,1180.049059,,1501.000,0x00,0x00,CURRENT,1,0,OK,0.3,0.3,45.0,150.013,,1180.049,,,1.0,14.0
2026-08-06 14:44:30.854,300056,45012,150012752,1180.042808,,1501.888,0x00,0x00,CURRENT,1,0,OK,0.3,0.3,45.0,150.013,,1180.049,,,1.0,14.0
2026-08-06 14:44:31.669,299999,45004,150012704,1180.042301,,1502.703,0x00,0x00,CURRENT,1,0,OK,0.3,0.3,45.0,150.013,,1180.049,,,1.0,14.0
2026-08-06 14:44:32.503,299946,44996,150013104,1180.046525,,1503.536,0x00,0x00,CURRENT,1,0,OK,0.3,0.3,45.0,150.014,,1180.059,,,1.0,14.0
2026-08-06 14:44:33.354,299894,44988,150012624,1180.041456,,1504.388,0x00,0x00,CURRENT,1,0,OK,0.3,0.3,45.0,150.014,,1180.059,,,1.0,14.0
2026-08-06 14:44:34.188,299852,44982,150012912,1180.044498,,1505.222,0x00,0x00,CURRENT,1,0,OK,0.3,0.3,45.0,150.015,,1180.062,,,1.0,13.0
2026-08-06 14:44:35.003,299813,44976,150013216,1180.047708,,1506.037,0x00,0x00,CURRENT,1,0,OK,0.3,0.3,45.0,150.015,,1180.062,,,1.0,13.0
2026-08-06 14:44:36.316,299934,44994,150012976,1180.045173,,1507.350,0x00,0x00,CURRENT,1,0,OK,0.3,0.3,45.0,150.015,,1180.064,,,1.0,13.0
2026-08-06 14:44:37.132,300052,45012,150013104,1180.046525,,1508.166,0x00,0x00,CURRENT,1,0,OK,0.3,0.3,45.0,150.015,,1180.064,,,1.0,13.0
2026-08-06 14:44:37.966,299994,45003,150013520,1180.050918,,1509.000,0x00,0x00,CURRENT,1,0,OK,0.3,0.3,45.0,150.015,,1180.068,,,1.0,14.0
2026-08-06 14:44:38.855,299947,44996,150013056,1180.046018,,1509.888,0x00,0x00,CURRENT,1,0,OK,0.3,0.3,45.0,150.015,,1180.068,,,1.0,14.0
2026-08-06 14:44:39.670,299904,44989,150012608,1180.041288,,1510.703,0x00,0x00,CURRENT,1,0,OK,0.3,0.3,45.0,150.015,,1180.068,,,1.0,14.0
2026-08-06 14:44:40.503,299859,44983,150012864,1180.043991,,1511.537,0x00,0x00,CURRENT,1,0,OK,0.3,0.3,45.0,150.016,,1180.075,,,1.0,14.0
2026-08-06 14:44:41.355,299816,44976,150012944,1180.044836,,1512.388,0x00,0x00,CURRENT,1,0,OK,0.3,0.3,45.0,150.016,,1180.075,,,1.0,14.0
2026-08-06 14:44:42.189,299782,44971,150012608,1180.041288,,1513.222,0x00,0x00,CURRENT,1,0,OK,0.3,0.3,45.0,150.017,,1180.084,,,1.0,13.0
2026-08-06 14:44:43.003,299743,44965,150012880,1180.044160,,1514.037,0x00,0x00,CURRENT,1,0,OK,0.3,0.3,45.0,150.017,,1180.084,,,1.0,13.0
2026-08-06 14:44:44.317,299878,44986,150013472,1180.050411,,1515.351,0x00,0x00,CURRENT,1,0,OK,0.3,0.3,45.0,150.017,,1180.084,,,1.0,13.0
2026-08-06 14:44:45.143,300008,45005,150013296,1180.048553,,1516.177,0x00,0x00,CURRENT,1,0,OK,0.3,0.3,45.0,150.017,,1180.084,,,1.0,13.0
2026-08-06 14:44:45.966,299956,44997,150013184,1180.047370,,1517.000,0x00,0x00,CURRENT,1,0,OK,0.3,0.3,45.0,150.017,,1180.088,,,1.0,14.0
2026-08-06 14:44:46.853,299903,44989,150013376,1180.049397,,1517.887,0x00,0x00,CURRENT,1,0,OK,0.3,0.3,45.0,150.017,,1180.088,,,1.0,14.0
2026-08-06 14:44:47.669,299854,44982,150013488,1180.050580,,1518.703,0x00,0x00,CURRENT,1,0,OK,0.3,0.3,45.0,150.017,,1180.088,,,1.0,14.0
2026-08-06 14:44:48.503,299811,44976,150013584,1180.051594,,1519.536,0x00,0x00,CURRENT,1,0,OK,0.3,0.3,45.0,150.017,,1180.088,,,1.0,14.0
2026-08-06 14:44:49.354,299772,44970,150013552,1180.051256,,1520.388,0x00,0x00,CURRENT,1,0,OK,0.3,0.3,45.0,150.017,,1180.088,,,1.0,14.0
2026-08-06 14:44:50.188,299739,44965,150014512,1180.061393,,1521.222,0x00,0x00,CURRENT,1,0,OK,0.3,0.3,45.0,150.017,,1180.086,,,1.0,13.0
2026-08-06 14:44:51.003,299711,44961,150014736,1180.063758,,1522.037,0x00,0x00,CURRENT,1,0,OK,0.3,0.3,45.0,150.017,,1180.086,,,1.0,13.0
2026-08-06 14:44:52.317,299847,44982,150014976,1180.066293,,1523.351,0x00,0x00,CURRENT,1,0,OK,0.3,0.3,45.0,150.017,,1180.093,,,1.0,13.0
2026-08-06 14:44:53.132,299974,45001,150015392,1180.070686,,1524.166,0x00,0x00,CURRENT,1,0,OK,0.3,0.3,45.0,150.017,,1180.093,,,1.0,13.0
2026-08-06 14:44:53.966,300096,45019,150016064,1180.077782,,1525.000,0x00,0x00,CURRENT,1,0,OK,0.3,0.3,45.0,150.018,,1180.1,,,1.0,14.0
2026-08-06 14:44:54.853,300042,45011,150015568,1180.072544,,1525.887,0x00,0x00,CURRENT,1,0,OK,0.3,0.3,45.0,150.018,,1180.1,,,1.0,14.0
2026-08-06 14:44:55.669,299987,45003,150015056,1180.067138,,1526.702,0x00,0x00,CURRENT,1,0,OK,0.3,0.3,45.0,150.018,,1180.1,,,1.0,14.0
2026-08-06 14:44:56.503,299941,44996,150015072,1180.067307,,1527.536,0x00,0x00,CURRENT,1,0,OK,0.3,0.3,45.0,150.018,,1180.1,,,1.0,14.0
2026-08-06 14:44:57.353,299901,44990,150015184,1180.068489,,1528.387,0x00,0x00,CURRENT,1,0,OK,0.3,0.3,45.0,150.018,,1180.1,,,1.0,14.0
2026-08-06 14:44:58.187,299864,44984,150015776,1180.074741,,1529.221,0x00,0x00,CURRENT,1,0,OK,0.3,0.3,45.0,150.018,,1180.097,,,1.0,13.0
2026-08-06 14:44:59.002,299822,44978,150015584,1180.072713,,1530.036,0x00,0x00,CURRENT,1,0,OK,0.3,0.3,45.0,150.018,,1180.097,,,1.0,13.0
2026-08-06 14:45:00.316,299957,44998,150015120,1180.067813,,1531.350,0x00,0x00,CURRENT,1,0,OK,0.3,0.3,45.0,150.018,,1180.096,,,1.0,13.0
2026-08-06 14:45:01.131,299910,44991,150015264,1180.069334,,1532.165,0x00,0x00,CURRENT,1,0,OK,0.3,0.3,45.0,150.018,,1180.096,,,1.0,13.0
2026-08-06 14:45:01.965,299868,44985,150015872,1180.075754,,1532.999,0x00,0x00,CURRENT,1,0,OK,0.3,0.3,45.0,150.017,,1180.089,,,1.0,14.0
2026-08-06 14:45:02.854,299824,44978,150015680,1180.073727,,1533.888,0x00,0x00,CURRENT,1,0,OK,0.3,0.3,45.0,150.017,,1180.089,,,1.0,14.0
2026-08-06 14:45:03.669,299784,44972,150015360,1180.070348,,1534.703,0x00,0x00,CURRENT,1,0,OK,0.3,0.3,45.0,150.017,,1180.089,,,1.0,14.0
2026-08-06 14:45:04.503,299748,44967,150015648,1180.073389,,1535.537,0x00,0x00,CURRENT,1,0,OK,0.3,0.3,45.0,150.016,,1180.081,,,1.0,13.0
2026-08-06 14:45:05.354,299875,44986,150015712,1180.074065,,1536.388,0x00,0x00,CURRENT,1,0,OK,0.3,0.3,45.0,150.016,,1180.081,,,1.0,13.0
2026-08-06 14:45:06.188,300001,45005,150015424,1180.071024,,1537.222,0x00,0x00,CURRENT,1,0,OK,0.3,0.3,45.0,150.016,,1180.075,,,1.0,14.0
2026-08-06 14:45:07.003,299952,44997,150015216,1180.068827,,1538.037,0x00,0x00,CURRENT,1,0,OK,0.3,0.3,45.0,150.016,,1180.075,,,1.0,14.0
2026-08-06 14:45:08.319,299906,44990,150014928,1180.065786,,1539.353,0x00,0x00,CURRENT,1,0,OK,0.3,0.3,45.0,150.016,,1180.082,,,1.0,14.0
2026-08-06 14:45:09.135,299865,44984,150014592,1180.062238,,1540.168,0x00,0x00,CURRENT,1,0,OK,0.3,0.3,45.0,150.016,,1180.082,,,1.0,14.0
2026-08-06 14:45:09.968,299821,44977,150013888,1180.054804,,1541.002,0x00,0x00,CURRENT,1,0,OK,0.3,0.3,45.0,150.016,,1180.079,,,1.0,13.0
2026-08-06 14:45:10.853,299948,44996,150013920,1180.055142,,1541.887,0x00,0x00,CURRENT,1,0,OK,0.3,0.3,45.0,150.016,,1180.079,,,1.0,13.0
2026-08-06 14:45:11.668,300067,45014,150014000,1180.055987,,1542.702,0x00,0x00,CURRENT,1,0,OK,0.3,0.3,45.0,150.016,,1180.079,,,1.0,13.0
2026-08-06 14:45:12.502,300013,45006,150014208,1180.058183,,1543.536,0x00,0x00,CURRENT,1,0,OK,0.3,0.3,45.0,150.018,,1180.093,,,1.0,14.0
2026-08-06 14:45:13.354,299968,44999,150014256,1180.058690,,1544.388,0x00,0x00,CURRENT,1,0,OK,0.3,0.3,45.0,150.018,,1180.093,,,1.0,14.0
2026-08-06 14:45:14.188,299920,44992,150014384,1180.060041,,1545.222,0x00,0x00,CURRENT,1,0,OK,0.3,0.3,45.0,150.017,,1180.092,,,1.0,14.0
2026-08-06 14:45:15.003,299879,44986,150014240,1180.058521,,1546.037,0x00,0x00,CURRENT,1,0,OK,0.3,0.3,45.0,150.017,,1180.092,,,1.0,14.0
2026-08-06 14:45:16.317,300004,45005,150014832,1180.064772,,1547.351,0x00,0x00,CURRENT,1,0,OK,0.3,0.3,45.0,150.018,,1180.095,,,1.0,13.0
2026-08-06 14:45:17.132,300127,45024,150015392,1180.070686,,1548.166,0x00,0x00,CURRENT,1,0,OK,0.3,0.3,45.0,150.018,,1180.095,,,1.0,13.0
2026-08-06 14:45:17.966,300068,45015,150015088,1180.067476,,1549.000,0x00,0x00,CURRENT,1,0,OK,0.3,0.3,45.0,150.018,,1180.094,,,1.0,14.0
2026-08-06 14:45:18.854,300010,45006,150015216,1180.068827,,1549.888,0x00,0x00,CURRENT,1,0,OK,0.3,0.3,45.0,150.018,,1180.094,,,1.0,14.0
2026-08-06 14:45:19.669,299956,44998,150015488,1180.071699,,1550.703,0x00,0x00,CURRENT,1,0,OK,0.3,0.3,45.0,150.018,,1180.094,,,1.0,14.0
2026-08-06 14:45:20.503,299908,44991,150015312,1180.069841,,1551.537,0x00,0x00,CURRENT,1,0,OK,0.3,0.3,45.0,150.018,,1180.093,,,1.0,13.0
2026-08-06 14:45:21.353,299864,44984,150015680,1180.073727,,1552.387,0x00,0x00,CURRENT,1,0,OK,0.3,0.3,45.0,150.018,,1180.093,,,1.0,13.0
2026-08-06 14:45:22.187,299996,45004,150015392,1180.070686,,1553.221,0x00,0x00,CURRENT,1,0,OK,0.3,0.3,45.0,150.017,,1180.091,,,1.0,13.0
2026-08-06 14:45:23.002,300122,45023,150015312,1180.069841,,1554.036,0x00,0x00,CURRENT,1,0,OK,0.3,0.3,45.0,150.017,,1180.091,,,1.0,13.0
2026-08-06 14:45:24.316,300063,45014,150015424,1180.071024,,1555.350,0x00,0x00,CURRENT,1,0,OK,0.3,0.3,45.0,150.018,,1180.098,,,1.0,14.0
2026-08-06 14:45:25.131,300014,45007,150015456,1180.071361,,1556.165,0x00,0x00,CURRENT,1,0,OK,0.3,0.3,45.0,150.018,,1180.098,,,1.0,14.0
2026-08-06 14:45:25.965,299969,45000,150015888,1180.075923,,1556.999,0x00,0x00,CURRENT,1,0,OK,0.3,0.3,45.0,150.017,,1180.083,,,1.0,13.0
2026-08-06 14:45:26.854,299928,44994,150015968,1180.076768,,1557.888,0x00,0x00,CURRENT,1,0,OK,0.3,0.3,45.0,150.017,,1180.083,,,1.0,13.0
2026-08-06 14:45:27.669,300053,45013,150015712,1180.074065,,1558.703,0x00,0x00,CURRENT,1,0,OK,0.3,0.3,45.0,150.017,,1180.083,,,1.0,13.0
2026-08-06 14:45:28.503,300012,45006,150015520,1180.072037,,1559.537,0x00,0x00,CURRENT,1,0,OK,0.3,0.3,45.0,150.016,,1180.081,,,1.0,14.0
2026-08-06 14:45:29.354,299970,45000,150015296,1180.069672,,1560.388,0x00,0x00,CURRENT,1,0,OK,0.3,0.3,45.0,150.016,,1180.081,,,1.0,14.0
2026-08-06 14:45:30.188,300096,45019,150015056,1180.067138,,1561.222,0x00,0x00,CURRENT,1,0,OK,0.3,0.3,45.0,150.016,,1180.075,,,1.0,13.0
2026-08-06 14:45:31.003,300043,45011,150015200,1180.068658,,1562.037,0x00,0x00,CURRENT,1,0,OK,0.3,0.3,45.0,150.016,,1180.075,,,1.0,13.0
2026-08-06 14:45:32.317,300003,45005,150015312,1180.069841,,1563.351,0x00,0x00,CURRENT,1,0,OK,0.3,0.3,45.0,150.016,,1180.073,,,1.0,14.0
2026-08-06 14:45:33.132,300126,45023,150014976,1180.066293,,1564.166,0x00,0x00,CURRENT,1,0,OK,0.3,0.3,45.0,150.016,,1180.073,,,1.0,14.0
2026-08-06 14:45:33.966,300070,45015,150014928,1180.065786,,1565.000,0x00,0x00,CURRENT,1,0,OK,0.3,0.3,45.0,150.016,,1180.081,,,1.0,14.0
2026-08-06 14:45:34.854,300019,45007,150014880,1180.065279,,1565.888,0x00,0x00,CURRENT,1,0,OK,0.3,0.3,45.0,150.016,,1180.081,,,1.0,14.0
2026-08-06 14:45:35.669,299971,45000,150014432,1180.060548,,1566.703,0x00,0x00,CURRENT,1,0,OK,0.3,0.3,45.0,150.016,,1180.081,,,1.0,14.0
2026-08-06 14:45:36.503,299932,44994,150015040,1180.066969,,1567.537,0x00,0x00,CURRENT,1,0,OK,0.3,0.3,45.0,150.016,,1180.08,,,1.0,13.0
2026-08-06 14:45:37.355,300064,45014,150014448,1180.060717,,1568.388,0x00,0x00,CURRENT,1,0,OK,0.3,0.3,45.0,150.016,,1180.08,,,1.0,13.0
2026-08-06 14:45:38.189,300183,45032,150014736,1180.063758,,1569.223,0x00,0x00,CURRENT,1,0,OK,0.3,0.3,45.0,150.016,,1180.078,,,1.0,14.0
2026-08-06 14:45:39.004,300131,45024,150014160,1180.057676,,1570.038,0x00,0x00,CURRENT,1,0,OK,0.3,0.3,45.0,150.016,,1180.078,,,1.0,14.0
2026-08-06 14:45:39.915,300083,45017,150013568,1180.051425,,1570.949,0x00,0x00,CURRENT,1,0,OK,0.3,0.3,45.0,150.015,,1180.065,,,1.0,14.0
2026-08-06 14:45:41.230,300035,45009,150013536,1180.051087,,1572.264,0x00,0x00,CURRENT,1,0,OK,0.3,0.3,45.0,150.015,,1180.065,,,1.0,14.0
2026-08-06 14:45:42.064,299987,45002,150013296,1180.048553,,1573.098,0x00,0x00,CURRENT,1,0,OK,0.3,0.3,45.0,150.015,,1180.062,,,1.0,13.0
2026-08-06 14:45:42.879,299939,44995,150013648,1180.052270,,1573.913,0x00,0x00,CURRENT,1,0,OK,0.3,0.3,45.0,150.015,,1180.062,,,1.0,13.0
2026-08-06 14:45:43.694,299896,44989,150013888,1180.054804,,1574.728,0x00,0x00,CURRENT,1,0,OK,0.3,0.3,45.0,150.015,,1180.062,,,1.0,13.0
2026-08-06 14:45:44.528,300024,45008,150013600,1180.051763,,1575.561,0x00,0x00,CURRENT,1,0,OK,0.3,0.3,45.0,150.014,,1180.059,,,1.0,13.0
2026-08-06 14:45:45.354,300146,45026,150013856,1180.054466,,1576.387,0x00,0x00,CURRENT,1,0,OK,0.3,0.3,45.0,150.014,,1180.059,,,1.0,13.0
2026-08-06 14:45:46.188,300258,45043,150013664,1180.052439,,1577.221,0x00,0x00,CURRENT,1,0,OK,0.3,0.3,45.0,150.014,,1180.059,,,1.0,14.0
2026-08-06 14:45:47.003,300193,45033,150013632,1180.052101,,1578.037,0x00,0x00,CURRENT,1,0,OK,0.3,0.3,45.0,150.014,,1180.059,,,1.0,14.0
2026-08-06 14:45:48.317,300132,45024,150014064,1180.056662,,1579.351,0x00,0x00,CURRENT,1,0,OK,0.3,0.3,45.0,150.015,,1180.062,,,1.0,14.0
2026-08-06 14:45:49.132,300071,45015,150014384,1180.060041,,1580.165,0x00,0x00,CURRENT,1,0,OK,0.3,0.3,45.0,150.015,,1180.062,,,1.0,14.0
2026-08-06 14:45:49.966,300023,45008,150014656,1180.062914,,1580.999,0x00,0x00,CURRENT,1,0,OK,0.3,0.3,45.0,150.014,,1180.054,,,1.0,13.0
2026-08-06 14:45:50.855,299969,45000,150014368,1180.059873,,1581.888,0x00,0x00,CURRENT,1,0,OK,0.3,0.3,45.0,150.014,,1180.054,,,1.0,13.0
2026-08-06 14:45:51.670,299919,44992,150014448,1180.060717,,1582.704,0x00,0x00,CURRENT,1,0,OK,0.3,0.3,45.0,150.014,,1180.054,,,1.0,13.0
2026-08-06 14:45:52.504,299871,44985,150014416,1180.060379,,1583.538,0x00,0x00,CURRENT,1,0,OK,0.3,0.3,45.0,150.014,,1180.054,,,1.0,13.0
2026-08-06 14:45:53.355,300002,45004,150013744,1180.053283,,1584.388,0x00,0x00,CURRENT,1,0,OK,0.3,0.3,45.0,150.014,,1180.054,,,1.0,13.0
2026-08-06 14:45:54.189,300121,45022,150013440,1180.050073,,1585.222,0x00,0x00,CURRENT,1,0,OK,0.3,0.3,45.0,150.013,,1180.046,,,1.0,13.0
2026-08-06 14:45:55.004,300232,45039,150013792,1180.053790,,1586.038,0x00,0x00,CURRENT,1,0,OK,0.3,0.3,45.0,150.013,,1180.046,,,1.0,13.0
2026-08-06 14:45:56.318,300174,45030,150014224,1180.058352,,1587.351,0x00,0x00,CURRENT,1,0,OK,0.3,0.3,45.0,150.013,,1180.049,,,1.0,14.0
2026-08-06 14:45:57.133,300121,45023,150014672,1180.063083,,1588.166,0x00,0x00,CURRENT,1,0,OK,0.3,0.3,45.0,150.013,,1180.049,,,1.0,14.0
2026-08-06 14:45:57.966,300062,45014,150014592,1180.062238,,1589.000,0x00,0x00,CURRENT,1,0,OK,0.3,0.3,45.0,150.013,,1180.046,,,1.0,14.0
2026-08-06 14:45:58.855,300015,45007,150014560,1180.061900,,1589.888,0x00,0x00,CURRENT,1,0,OK,0.3,0.3,45.0,150.013,,1180.046,,,1.0,14.0
2026-08-06 14:45:59.670,299966,44999,150014656,1180.062914,,1590.703,0x00,0x00,CURRENT,1,0,OK,0.3,0.3,45.0,150.013,,1180.046,,,1.0,14.0
2026-08-06 14:46:00.504,300083,45017,150014608,1180.062407,,1591.537,0x00,0x00,CURRENT,1,0,OK,0.3,0.3,45.0,150.013,,1180.047,,,1.0,13.0
2026-08-06 14:46:01.354,300196,45034,150015008,1180.066631,,1592.387,0x00,0x00,CURRENT,1,0,OK,0.3,0.3,45.0,150.013,,1180.047,,,1.0,13.0
2026-08-06 14:46:02.188,300136,45025,150014912,1180.065617,,1593.222,0x00,0x00,CURRENT,1,0,OK,0.3,0.3,45.0,150.013,,1180.042,,,1.0,14.0
2026-08-06 14:46:03.003,300080,45017,150015072,1180.067307,,1594.036,0x00,0x00,CURRENT,1,0,OK,0.3,0.3,45.0,150.013,,1180.042,,,1.0,14.0
2026-08-06 14:46:04.317,300029,45009,150015232,1180.068996,,1595.351,0x00,0x00,CURRENT,1,0,OK,0.3,0.3,45.0,150.013,,1180.048,,,1.0,14.0
2026-08-06 14:46:05.131,300148,45026,150014336,1180.059535,,1596.165,0x00,0x00,CURRENT,1,0,OK,0.3,0.3,45.0,150.013,,1180.048,,,1.0,14.0
2026-08-06 14:46:05.966,300261,45043,150014144,1180.057507,,1597.000,0x00,0x00,CURRENT,1,0,OK,0.3,0.3,45.0,150.013,,1180.046,,,1.0,14.0
2026-08-06 14:46:06.854,300200,45034,150013568,1180.051425,,1597.887,0x00,0x00,CURRENT,1,0,OK,0.3,0.3,45.0,150.013,,1180.046,,,1.0,14.0
2026-08-06 14:46:07.669,300147,45026,150013616,1180.051932,,1598.702,0x00,0x00,CURRENT,1,0,OK,0.3,0.3,45.0,150.013,,1180.046,,,1.0,14.0
2026-08-06 14:46:08.502,300095,45018,150013792,1180.053790,,1599.536,0x00,0x00,CURRENT,1,0,OK,0.3,0.3,45.0,150.013,,1180.047,,,1.0,14.0
2026-08-06 14:46:09.354,300043,45011,150013664,1180.052439,,1600.388,0x00,0x00,CURRENT,1,0,OK,0.3,0.3,45.0,150.013,,1180.047,,,1.0,14.0
2026-08-06 14:46:10.188,299993,45003,150014048,1180.056493,,1601.222,0x00,0x00,CURRENT,1,0,OK,0.3,0.3,45.0,150.014,,1180.061,,,1.0,13.0
2026-08-06 14:46:11.003,300112,45021,150014288,1180.059028,,1602.037,0x00,0x00,CURRENT,1,0,OK,0.3,0.3,45.0,150.014,,1180.061,,,1.0,13.0
2026-08-06 14:46:12.317,300053,45012,150014240,1180.058521,,1603.351,0x00,0x00,CURRENT,1,0,OK,0.3,0.3,45.0,150.015,,1180.064,,,1.0,14.0
2026-08-06 14:46:13.132,300001,45004,150014000,1180.055987,,1604.166,0x00,0x00,CURRENT,1,0,OK,0.3,0.3,45.0,150.015,,1180.064,,,1.0,14.0
2026-08-06 14:46:13.966,299952,44997,150014480,1180.061055,,1605.000,0x00,0x00,CURRENT,1,0,OK,0.3,0.3,45.0,150.015,,1180.065,,,1.0,14.0
2026-08-06 14:46:14.853,299906,44990,150014192,1180.058014,,1605.887,0x00,0x00,CURRENT,1,0,OK,0.3,0.3,45.0,150.015,,1180.065,,,1.0,14.0
2026-08-06 14:46:15.668,299864,44984,150014160,1180.057676,,1606.702,0x00,0x00,CURRENT,1,0,OK,0.3,0.3,45.0,150.015,,1180.065,,,1.0,14.0
2026-08-06 14:46:16.503,299992,45003,150014416,1180.060379,,1607.536,0x00,0x00,CURRENT,1,0,OK,0.3,0.3,45.0,150.014,,1180.061,,,1.0,13.0
2026-08-06 14:46:17.353,300111,45021,150014016,1180.056156,,1608.387,0x00,0x00,CURRENT,1,0,OK,0.3,0.3,45.0,150.014,,1180.061,,,1.0,13.0
2026-08-06 14:46:18.187,300055,45012,150013872,1180.054635,,1609.221,0x00,0x00,CURRENT,1,0,OK,0.3,0.3,45.0,150.014,,1180.059,,,1.0,14.0
2026-08-06 14:46:19.002,299998,45004,150013888,1180.054804,,1610.036,0x00,0x00,CURRENT,1,0,OK,0.3,0.3,45.0,150.014,,1180.059,,,1.0,14.0
2026-08-06 14:46:20.317,299950,44996,150013472,1180.050411,,1611.350,0x00,0x00,CURRENT,1,0,OK,0.3,0.3,45.0,150.015,,1180.063,,,1.0,14.0
2026-08-06 14:46:21.132,300073,45015,150013408,1180.049735,,1612.165,0x00,0x00,CURRENT,1,0,OK,0.3,0.3,45.0,150.015,,1180.063,,,1.0,14.0
2026-08-06 14:46:21.965,300014,45006,150013904,1180.054973,,1612.999,0x00,0x00,CURRENT,1,0,OK,0.3,0.3,45.0,150.015,,1180.07,,,1.0,14.0
2026-08-06 14:46:22.853,300128,45023,150013680,1180.052607,,1613.887,0x00,0x00,CURRENT,1,0,OK,0.3,0.3,45.0,150.015,,1180.07,,,1.0,14.0
2026-08-06 14:46:23.668,300075,45015,150013680,1180.052607,,1614.702,0x00,0x00,CURRENT,1,0,OK,0.3,0.3,45.0,150.015,,1180.07,,,1.0,14.0
2026-08-06 14:46:24.502,300015,45006,150013936,1180.055311,,1615.536,0x00,0x00,CURRENT,1,0,OK,0.3,0.3,45.0,150.015,,1180.066,,,1.0,14.0
2026-08-06 14:46:25.354,299970,45000,150013952,1180.055480,,1616.388,0x00,0x00,CURRENT,1,0,OK,0.3,0.3,45.0,150.015,,1180.066,,,1.0,14.0
2026-08-06 14:46:26.188,299927,44993,150014064,1180.056662,,1617.222,0x00,0x00,CURRENT,1,0,OK,0.3,0.3,45.0,150.015,,1180.07,,,1.0,13.0
2026-08-06 14:46:27.003,300058,45013,150013920,1180.055142,,1618.037,0x00,0x00,CURRENT,1,0,OK,0.3,0.3,45.0,150.015,,1180.07,,,1.0,13.0
2026-08-06 14:46:28.317,300179,45031,150013808,1180.053959,,1619.351,0x00,0x00,CURRENT,1,0,OK,0.3,0.3,45.0,150.015,,1180.062,,,1.0,14.0
2026-08-06 14:46:29.132,300123,45023,150013888,1180.054804,,1620.166,0x00,0x00,CURRENT,1,0,OK,0.3,0.3,45.0,150.015,,1180.062,,,1.0,14.0
2026-08-06 14:46:29.966,300064,45014,150013648,1180.052270,,1621.000,0x00,0x00,CURRENT,1,0,OK,0.3,0.3,45.0,150.014,,1180.056,,,1.0,14.0
2026-08-06 14:46:30.854,300012,45006,150013648,1180.052270,,1621.888,0x00,0x00,CURRENT,1,0,OK,0.3,0.3,45.0,150.014,,1180.056,,,1.0,14.0
2026-08-06 14:46:31.669,299964,44999,150013584,1180.051594,,1622.703,0x00,0x00,CURRENT,1,0,OK,0.3,0.3,45.0,150.014,,1180.056,,,1.0,14.0
2026-08-06 14:46:32.503,300082,45016,150013744,1180.053283,,1623.537,0x00,0x00,CURRENT,1,0,OK,0.3,0.3,45.0,150.014,,1180.056,,,1.0,13.0
2026-08-06 14:46:33.354,300200,45034,150013984,1180.055818,,1624.388,0x00,0x00,CURRENT,1,0,OK,0.3,0.3,45.0,150.014,,1180.056,,,1.0,13.0
2026-08-06 14:46:34.188,300140,45025,150014080,1180.056831,,1625.222,0x00,0x00,CURRENT,1,0,OK,0.3,0.3,45.0,150.014,,1180.061,,,1.0,14.0
2026-08-06 14:46:35.003,300089,45018,150014480,1180.061055,,1626.037,0x00,0x00,CURRENT,1,0,OK,0.3,0.3,45.0,150.014,,1180.061,,,1.0,14.0
2026-08-06 14:46:36.317,300045,45011,150013696,1180.052776,,1627.351,0x00,0x00,CURRENT,1,0,OK,0.3,0.3,45.0,150.015,,1180.063,,,1.0,14.0
2026-08-06 14:46:37.132,299994,45003,150013536,1180.051087,,1628.166,0x00,0x00,CURRENT,1,0,OK,0.3,0.3,45.0,150.015,,1180.063,,,1.0,14.0
2026-08-06 14:46:37.966,300113,45021,150013488,1180.050580,,1629.000,0x00,0x00,CURRENT,1,0,OK,0.3,0.3,45.0,150.015,,1180.065,,,1.0,13.0
2026-08-06 14:46:38.853,300225,45038,150014304,1180.059197,,1629.887,0x00,0x00,CURRENT,1,0,OK,0.3,0.3,45.0,150.015,,1180.065,,,1.0,13.0
2026-08-06 14:46:39.668,300168,45029,150014208,1180.058183,,1630.702,0x00,0x00,CURRENT,1,0,OK,0.3,0.3,45.0,150.015,,1180.065,,,1.0,13.0
2026-08-06 14:46:40.502,300112,45021,150014320,1180.059366,,1631.536,0x00,0x00,CURRENT,1,0,OK,0.3,0.3,45.0,150.015,,1180.062,,,1.0,14.0
2026-08-06 14:46:41.353,300058,45013,150014128,1180.057338,,1632.387,0x00,0x00,CURRENT,1,0,OK,0.3,0.3,45.0,150.015,,1180.062,,,1.0,14.0
2026-08-06 14:46:42.187,300010,45006,150014128,1180.057338,,1633.221,0x00,0x00,CURRENT,1,0,OK,0.3,0.3,45.0,150.014,,1180.061,,,1.0,13.0
2026-08-06 14:46:43.002,299961,44998,150014464,1180.060886,,1634.036,0x00,0x00,CURRENT,1,0,OK,0.3,0.3,45.0,150.014,,1180.061,,,1.0,13.0
2026-08-06 14:46:44.316,300080,45016,150013984,1180.055818,,1635.350,0x00,0x00,CURRENT,1,0,OK,0.3,0.3,45.0,150.014,,1180.054,,,1.0,13.0
2026-08-06 14:46:45.131,300023,45008,150013840,1180.054297,,1636.165,0x00,0x00,CURRENT,1,0,OK,0.3,0.3,45.0,150.014,,1180.054,,,1.0,13.0
2026-08-06 14:46:45.965,299976,45001,150014560,1180.061900,,1636.999,0x00,0x00,CURRENT,1,0,OK,0.3,0.3,45.0,150.014,,1180.057,,,1.0,14.0
2026-08-06 14:46:46.854,299929,44994,150014368,1180.059873,,1637.888,0x00,0x00,CURRENT,1,0,OK,0.3,0.3,45.0,150.014,,1180.057,,,1.0,14.0
2026-08-06 14:46:47.669,299879,44986,150014032,1180.056324,,1638.703,0x00,0x00,CURRENT,1,0,OK,0.3,0.3,45.0,150.014,,1180.057,,,1.0,14.0
2026-08-06 14:46:48.503,299839,44980,150013552,1180.051256,,1639.537,0x00,0x00,CURRENT,1,0,OK,0.3,0.3,45.0,150.014,,1180.052,,,1.0,13.0
2026-08-06 14:46:49.353,299965,44999,150013408,1180.049735,,1640.387,0x00,0x00,CURRENT,1,0,OK,0.3,0.3,45.0,150.014,,1180.052,,,1.0,13.0
2026-08-06 14:46:50.187,300087,45017,150013376,1180.049397,,1641.221,0x00,0x00,CURRENT,1,0,OK,0.3,0.3,45.0,150.013,,1180.045,,,1.0,14.0
2026-08-06 14:46:51.002,300201,45034,150013600,1180.051763,,1642.036,0x00,0x00,CURRENT,1,0,OK,0.3,0.3,45.0,150.013,,1180.045,,,1.0,14.0
2026-08-06 14:46:52.316,300140,45025,150013136,1180.046863,,1643.350,0x00,0x00,CURRENT,1,0,OK,0.3,0.3,45.0,150.012,,1180.039,,,1.0,14.0
2026-08-06 14:46:53.131,300081,45016,150012816,1180.043484,,1644.164,0x00,0x00,CURRENT,1,0,OK,0.3,0.3,45.0,150.012,,1180.039,,,1.0,14.0
2026-08-06 14:46:53.965,300024,45007,150012880,1180.044160,,1644.999,0x00,0x00,CURRENT,1,0,OK,0.3,0.3,45.0,150.013,,1180.051,,,1.0,14.0
2026-08-06 14:46:54.855,299979,45001,150012672,1180.041963,,1645.889,0x00,0x00,CURRENT,1,0,OK,0.3,0.3,45.0,150.013,,1180.051,,,1.0,14.0
2026-08-06 14:46:55.670,299930,44993,150012896,1180.044329,,1646.704,0x00,0x00,CURRENT,1,0,OK,0.3,0.3,45.0,150.013,,1180.051,,,1.0,14.0
2026-08-06 14:46:56.504,299883,44986,150012672,1180.041963,,1647.538,0x00,0x00,CURRENT,1,0,OK,0.3,0.3,45.0,150.014,,1180.051,,,1.0,13.0
2026-08-06 14:46:57.355,299839,44980,150012688,1180.042132,,1648.389,0x00,0x00,CURRENT,1,0,OK,0.3,0.3,45.0,150.014,,1180.051,,,1.0,13.0
2026-08-06 14:46:58.189,299793,44973,150012544,1180.040612,,1649.223,0x00,0x00,CURRENT,1,0,OK,0.3,0.3,45.0,150.013,,1180.047,,,1.0,13.0
2026-08-06 14:46:59.004,299925,44993,150012880,1180.044160,,1650.038,0x00,0x00,CURRENT,1,0,OK,0.3,0.3,45.0,150.013,,1180.047,,,1.0,13.0
2026-08-06 14:47:00.318,300049,45011,150013120,1180.046694,,1651.352,0x00,0x00,CURRENT,1,0,OK,0.3,0.3,45.0,150.013,,1180.046,,,1.0,13.0
2026-08-06 14:47:01.133,300173,45030,150012944,1180.044836,,1652.166,0x00,0x00,CURRENT,1,0,OK,0.3,0.3,45.0,150.013,,1180.046,,,1.0,13.0
2026-08-06 14:47:01.967,300117,45022,150013424,1180.049904,,1653.001,0x00,0x00,CURRENT,1,0,OK,0.3,0.3,45.0,150.013,,1180.049,,,1.0,14.0
2026-08-06 14:47:02.854,300065,45014,150013184,1180.047370,,1653.888,0x00,0x00,CURRENT,1,0,OK,0.3,0.3,45.0,150.013,,1180.049,,,1.0,14.0
2026-08-06 14:47:03.669,300013,45006,150013056,1180.046018,,1654.703,0x00,0x00,CURRENT,1,0,OK,0.3,0.3,45.0,150.013,,1180.049,,,1.0,14.0
2026-08-06 14:47:04.503,299959,44998,150013504,1180.050749,,1655.537,0x00,0x00,CURRENT,1,0,OK,0.3,0.3,45.0,150.014,,1180.052,,,1.0,14.0
2026-08-06 14:47:05.354,299917,44992,150014112,1180.057169,,1656.388,0x00,0x00,CURRENT,1,0,OK,0.3,0.3,45.0,150.014,,1180.052,,,1.0,14.0
2026-08-06 14:47:06.188,299877,44986,150014400,1180.060210,,1657.222,0x00,0x00,CURRENT,1,0,OK,0.3,0.3,45.0,150.013,,1180.05,,,1.0,14.0
2026-08-06 14:47:07.003,299840,44980,150014288,1180.059028,,1658.036,0x00,0x00,CURRENT,1,0,OK,0.3,0.3,45.0,150.013,,1180.05,,,1.0,14.0
2026-08-06 14:47:08.317,299803,44975,150014176,1180.057845,,1659.351,0x00,0x00,CURRENT,1,0,OK,0.3,0.3,45.0,150.013,,1180.046,,,1.0,13.0
2026-08-06 14:47:09.132,299761,44968,150014496,1180.061224,,1660.166,0x00,0x00,CURRENT,1,0,OK,0.3,0.3,45.0,150.013,,1180.046,,,1.0,13.0
2026-08-06 14:47:09.966,299714,44961,150014320,1180.059366,,1660.999,0x00,0x00,CURRENT,1,0,OK,0.3,0.3,45.0,150.013,,1180.049,,,1.0,13.0
2026-08-06 14:47:10.854,299845,44981,150014480,1180.061055,,1661.888,0x00,0x00,CURRENT,1,0,OK,0.3,0.3,45.0,150.013,,1180.049,,,1.0,13.0
2026-08-06 14:47:11.669,299975,45001,150014528,1180.061562,,1662.703,0x00,0x00,CURRENT,1,0,OK,0.3,0.3,45.0,150.013,,1180.049,,,1.0,13.0
2026-08-06 14:47:12.503,300093,45018,150014368,1180.059873,,1663.536,0x00,0x00,CURRENT,1,0,OK,0.3,0.3,45.0,150.012,,1180.038,,,1.0,14.0
2026-08-06 14:47:13.354,300210,45036,150014560,1180.061900,,1664.388,0x00,0x00,CURRENT,1,0,OK,0.3,0.3,45.0,150.012,,1180.038,,,1.0,14.0
2026-08-06 14:47:14.188,300151,45027,150014688,1180.063252,,1665.221,0x00,0x00,CURRENT,1,0,OK,0.3,0.3,45.0,150.012,,1180.039,,,1.0,14.0
2026-08-06 14:47:15.003,300089,45018,150014784,1180.064265,,1666.037,0x00,0x00,CURRENT,1,0,OK,0.3,0.3,45.0,150.012,,1180.039,,,1.0,14.0
2026-08-06 14:47:16.317,300037,45010,150014240,1180.058521,,1667.350,0x00,0x00,CURRENT,1,0,OK,0.3,0.3,45.0,150.013,,1180.048,,,1.0,14.0
2026-08-06 14:47:17.131,299984,45002,150013936,1180.055311,,1668.165,0x00,0x00,CURRENT,1,0,OK,0.3,0.3,45.0,150.013,,1180.048,,,1.0,14.0
2026-08-06 14:47:17.966,299933,44994,150014224,1180.058352,,1668.999,0x00,0x00,CURRENT,1,0,OK,0.3,0.3,45.0,150.014,,1180.053,,,1.0,13.0
2026-08-06 14:47:18.853,299883,44987,150014320,1180.059366,,1669.887,0x00,0x00,CURRENT,1,0,OK,0.3,0.3,45.0,150.014,,1180.053,,,1.0,13.0
2026-08-06 14:47:19.669,299838,44980,150013904,1180.054973,,1670.702,0x00,0x00,CURRENT,1,0,OK,0.3,0.3,45.0,150.014,,1180.053,,,1.0,13.0
2026-08-06 14:47:20.503,299973,45000,150013840,1180.054297,,1671.536,0x00,0x00,CURRENT,1,0,OK,0.3,0.3,45.0,150.015,,1180.063,,,1.0,13.0
2026-08-06 14:47:21.353,300102,45019,150013776,1180.053621,,1672.387,0x00,0x00,CURRENT,1,0,OK,0.3,0.3,45.0,150.015,,1180.063,,,1.0,13.0
2026-08-06 14:47:22.188,300214,45036,150014192,1180.058014,,1673.221,0x00,0x00,CURRENT,1,0,OK,0.3,0.3,45.0,150.015,,1180.068,,,1.0,14.0
2026-08-06 14:47:23.003,300154,45027,150014448,1180.060717,,1674.036,0x00,0x00,CURRENT,1,0,OK,0.3,0.3,45.0,150.015,,1180.068,,,1.0,14.0
2026-08-06 14:47:24.317,300095,45019,150014928,1180.065786,,1675.350,0x00,0x00,CURRENT,1,0,OK,0.3,0.3,45.0,150.015,,1180.068,,,1.0,14.0
2026-08-06 14:47:25.131,300049,45012,150015440,1180.071193,,1676.165,0x00,0x00,CURRENT,1,0,OK,0.3,0.3,45.0,150.015,,1180.068,,,1.0,14.0
2026-08-06 14:47:25.966,299996,45004,150016016,1180.077275,,1676.999,0x00,0x00,CURRENT,1,0,OK,0.3,0.3,45.0,150.015,,1180.068,,,1.0,13.0
2026-08-06 14:47:26.854,299949,44997,150016128,1180.078458,,1677.887,0x00,0x00,CURRENT,1,0,OK,0.3,0.3,45.0,150.015,,1180.068,,,1.0,13.0
2026-08-06 14:47:27.669,299898,44990,150016496,1180.082344,,1678.702,0x00,0x00,CURRENT,1,0,OK,0.3,0.3,45.0,150.015,,1180.068,,,1.0,13.0
2026-08-06 14:47:28.502,300016,45007,150016352,1180.080823,,1679.536,0x00,0x00,CURRENT,1,0,OK,0.3,0.3,45.0,150.016,,1180.073,,,1.0,13.0
2026-08-06 14:47:29.354,300133,45025,150016656,1180.084033,,1680.388,0x00,0x00,CURRENT,1,0,OK,0.3,0.3,45.0,150.016,,1180.073,,,1.0,13.0
2026-08-06 14:47:30.189,300237,45041,150016816,1180.085723,,1681.222,0x00,0x00,CURRENT,1,0,OK,0.3,0.3,45.0,150.016,,1180.076,,,1.0,14.0
2026-08-06 14:47:31.003,300167,45030,150016864,1180.086229,,1682.037,0x00,0x00,CURRENT,1,0,OK,0.3,0.3,45.0,150.016,,1180.076,,,1.0,14.0
2026-08-06 14:47:32.317,300106,45021,150016992,1180.087581,,1683.351,0x00,0x00,CURRENT,1,0,OK,0.3,0.3,45.0,150.016,,1180.075,,,1.0,14.0
2026-08-06 14:47:33.133,300046,45012,150017168,1180.089440,,1684.166,0x00,0x00,CURRENT,1,0,OK,0.3,0.3,45.0,150.016,,1180.075,,,1.0,14.0
2026-08-06 14:47:33.967,299995,45004,150017264,1180.090453,,1685.000,0x00,0x00,CURRENT,1,0,OK,0.3,0.3,45.0,150.016,,1180.081,,,1.0,13.0
2026-08-06 14:47:34.855,299944,44997,150017552,1180.093495,,1685.888,0x00,0x00,CURRENT,1,0,OK,0.3,0.3,45.0,150.016,,1180.081,,,1.0,13.0
2026-08-06 14:47:35.669,299894,44989,150017296,1180.090791,,1686.703,0x00,0x00,CURRENT,1,0,OK,0.3,0.3,45.0,150.016,,1180.081,,,1.0,13.0
2026-08-06 14:47:36.504,300016,45007,150017088,1180.088595,,1687.537,0x00,0x00,CURRENT,1,0,OK,0.3,0.3,45.0,150.017,,1180.091,,,1.0,13.0
2026-08-06 14:47:37.353,300129,45025,150017296,1180.090791,,1688.387,0x00,0x00,CURRENT,1,0,OK,0.3,0.3,45.0,150.017,,1180.091,,,1.0,13.0
2026-08-06 14:47:38.187,300234,45040,150016864,1180.086229,,1689.221,0x00,0x00,CURRENT,1,0,OK,0.3,0.3,45.0,150.017,,1180.089,,,1.0,14.0
2026-08-06 14:47:39.003,300168,45030,150016656,1180.084033,,1690.036,0x00,0x00,CURRENT,1,0,OK,0.3,0.3,45.0,150.017,,1180.089,,,1.0,14.0
2026-08-06 14:47:40.317,300108,45021,150017200,1180.089778,,1691.350,0x00,0x00,CURRENT,1,0,OK,0.3,0.3,45.0,150.016,,1180.08,,,1.0,14.0
2026-08-06 14:47:41.131,300049,45013,150017232,1180.090115,,1692.165,0x00,0x00,CURRENT,1,0,OK,0.3,0.3,45.0,150.016,,1180.08,,,1.0,14.0
2026-08-06 14:47:41.965,299994,45004,150016832,1180.085892,,1692.999,0x00,0x00,CURRENT,1,0,OK,0.3,0.3,45.0,150.017,,1180.084,,,1.0,13.0
2026-08-06 14:47:42.854,299941,44996,150016288,1180.080147,,1693.888,0x00,0x00,CURRENT,1,0,OK,0.3,0.3,45.0,150.017,,1180.084,,,1.0,13.0
2026-08-06 14:47:43.669,300058,45013,150015808,1180.075078,,1694.703,0x00,0x00,CURRENT,1,0,OK,0.3,0.3,45.0,150.017,,1180.084,,,1.0,13.0
2026-08-06 14:47:44.503,300165,45030,150015968,1180.076768,,1695.537,0x00,0x00,CURRENT,1,0,OK,0.3,0.3,45.0,150.017,,1180.091,,,1.0,13.0
2026-08-06 14:47:45.354,300261,45044,150015616,1180.073051,,1696.388,0x00,0x00,CURRENT,1,0,OK,0.3,0.3,45.0,150.017,,1180.091,,,1.0,13.0
2026-08-06 14:47:46.188,300185,45032,150015744,1180.074403,,1697.222,0x00,0x00,CURRENT,1,0,OK,0.3,0.3,45.0,150.017,,1180.093,,,1.0,14.0
2026-08-06 14:47:47.003,300121,45023,150015648,1180.073389,,1698.037,0x00,0x00,CURRENT,1,0,OK,0.3,0.3,45.0,150.017,,1180.093,,,1.0,14.0
2026-08-06 14:47:48.317,300061,45014,150014720,1180.063590,,1699.351,0x00,0x00,CURRENT,1,0,OK,0.3,0.3,45.0,150.017,,1180.093,,,1.0,14.0
2026-08-06 14:47:49.132,300005,45005,150015248,1180.069165,,1700.166,0x00,0x00,CURRENT,1,0,OK,0.3,0.3,45.0,150.017,,1180.093,,,1.0,14.0
2026-08-06 14:47:49.966,299950,44997,150015584,1180.072713,,1701.000,0x00,0x00,CURRENT,1,0,OK,0.3,0.3,45.0,150.017,,1180.086,,,1.0,13.0
2026-08-06 14:47:50.855,300070,45015,150015376,1180.070517,,1701.889,0x00,0x00,CURRENT,1,0,OK,0.3,0.3,45.0,150.017,,1180.086,,,1.0,13.0
2026-08-06 14:47:51.670,300178,45031,150015776,1180.074741,,1702.704,0x00,0x00,CURRENT,1,0,OK,0.3,0.3,45.0,150.017,,1180.086,,,1.0,13.0
2026-08-06 14:47:52.504,300125,45023,150015408,1180.070855,,1703.538,0x00,0x00,CURRENT,1,0,OK,0.3,0.3,45.0,150.017,,1180.085,,,1.0,14.0
2026-08-06 14:47:53.355,300066,45014,150015440,1180.071193,,1704.389,0x00,0x00,CURRENT,1,0,OK,0.3,0.3,45.0,150.017,,1180.085,,,1.0,14.0
2026-08-06 14:47:54.189,300009,45006,150015056,1180.067138,,1705.223,0x00,0x00,CURRENT,1,0,OK,0.3,0.3,45.0,150.018,,1180.096,,,1.0,14.0
2026-08-06 14:47:55.004,299954,44998,150015632,1180.073220,,1706.038,0x00,0x00,CURRENT,1,0,OK,0.3,0.3,45.0,150.018,,1180.096,,,1.0,14.0
2026-08-06 14:47:56.318,300071,45015,150015264,1180.069334,,1707.352,0x00,0x00,CURRENT,1,0,OK,0.3,0.3,45.0,150.018,,1180.094,,,1.0,13.0
2026-08-06 14:47:57.133,300018,45007,150015472,1180.071530,,1708.167,0x00,0x00,CURRENT,1,0,OK,0.3,0.3,45.0,150.018,,1180.094,,,1.0,13.0
2026-08-06 14:47:57.967,299973,45001,150015584,1180.072713,,1709.001,0x00,0x00,CURRENT,1,0,OK,0.3,0.3,45.0,150.017,,1180.083,,,1.0,14.0
2026-08-06 14:47:58.854,299921,44993,150015056,1180.067138,,1709.888,0x00,0x00,CURRENT,1,0,OK,0.3,0.3,45.0,150.017,,1180.083,,,1.0,14.0
2026-08-06 14:47:59.669,299870,44985,150015456,1180.071361,,1710.703,0x00,0x00,CURRENT,1,0,OK,0.3,0.3,45.0,150.017,,1180.083,,,1.0,14.0
2026-08-06 14:48:00.503,299997,45004,150015328,1180.070010,,1711.537,0x00,0x00,CURRENT,1,0,OK,0.3,0.3,45.0,150.016,,1180.082,,,1.0,13.0
2026-08-06 14:48:01.354,300113,45021,150015056,1180.067138,,1712.388,0x00,0x00,CURRENT,1,0,OK,0.3,0.3,45.0,150.016,,1180.082,,,1.0,13.0
2026-08-06 14:48:02.188,300053,45012,150014336,1180.059535,,1713.222,0x00,0x00,CURRENT,1,0,OK,0.3,0.3,45.0,150.016,,1180.081,,,1.0,14.0
2026-08-06 14:48:03.003,299993,45003,150014272,1180.058859,,1714.037,0x00,0x00,CURRENT,1,0,OK,0.3,0.3,45.0,150.016,,1180.081,,,1.0,14.0
2026-08-06 14:48:04.317,299936,44995,150014016,1180.056156,,1715.351,0x00,0x00,CURRENT,1,0,OK,0.3,0.3,45.0,150.017,,1180.085,,,1.0,14.0
2026-08-06 14:48:05.132,299883,44987,150014032,1180.056324,,1716.166,0x00,0x00,CURRENT,1,0,OK,0.3,0.3,45.0,150.017,,1180.085,,,1.0,14.0
2026-08-06 14:48:05.966,300004,45005,150013920,1180.055142,,1717.000,0x00,0x00,CURRENT,1,0,OK,0.3,0.3,45.0,150.017,,1180.083,,,1.0,13.0
2026-08-06 14:48:06.853,300119,45022,150014048,1180.056493,,1717.887,0x00,0x00,CURRENT,1,0,OK,0.3,0.3,45.0,150.017,,1180.083,,,1.0,13.0
2026-08-06 14:48:07.668,300225,45038,150014144,1180.057507,,1718.702,0x00,0x00,CURRENT,1,0,OK,0.3,0.3,45.0,150.017,,1180.083,,,1.0,13.0
2026-08-06 14:48:08.502,300158,45028,150014480,1180.061055,,1719.536,0x00,0x00,CURRENT,1,0,OK,0.3,0.3,45.0,150.016,,1180.075,,,1.0,14.0
2026-08-06 14:48:09.354,300100,45019,150014288,1180.059028,,1720.388,0x00,0x00,CURRENT,1,0,OK,0.3,0.3,45.0,150.016,,1180.075,,,1.0,14.0
2026-08-06 14:48:10.188,300039,45010,150014208,1180.058183,,1721.222,0x00,0x00,CURRENT,1,0,OK,0.3,0.3,45.0,150.016,,1180.079,,,1.0,14.0
2026-08-06 14:48:11.003,299972,45000,150014912,1180.065617,,1722.037,0x00,0x00,CURRENT,1,0,OK,0.3,0.3,45.0,150.016,,1180.079,,,1.0,14.0
2026-08-06 14:48:12.317,299922,44993,150014672,1180.063083,,1723.351,0x00,0x00,CURRENT,1,0,OK,0.3,0.3,45.0,150.016,,1180.081,,,1.0,13.0
2026-08-06 14:48:13.132,300036,45010,150015008,1180.066631,,1724.166,0x00,0x00,CURRENT,1,0,OK,0.3,0.3,45.0,150.016,,1180.081,,,1.0,13.0
2026-08-06 14:48:13.966,300144,45026,150015280,1180.069503,,1725.000,0x00,0x00,CURRENT,1,0,OK,0.3,0.3,45.0,150.017,,1180.086,,,1.0,13.0
2026-08-06 14:48:14.854,300249,45042,150015056,1180.067138,,1725.888,0x00,0x00,CURRENT,1,0,OK,0.3,0.3,45.0,150.017,,1180.086,,,1.0,13.0
2026-08-06 14:48:15.669,300177,45031,150015232,1180.068996,,1726.703,0x00,0x00,CURRENT,1,0,OK,0.3,0.3,45.0,150.017,,1180.086,,,1.0,13.0
2026-08-06 14:48:16.503,300115,45022,150015296,1180.069672,,1727.537,0x00,0x00,CURRENT,1,0,OK,0.3,0.3,45.0,150.016,,1180.077,,,1.0,14.0
2026-08-06 14:48:17.354,300058,45013,150015456,1180.071361,,1728.388,0x00,0x00,CURRENT,1,0,OK,0.3,0.3,45.0,150.016,,1180.077,,,1.0,14.0
2026-08-06 14:48:18.188,299996,45004,150016304,1180.080316,,1729.222,0x00,0x00,CURRENT,1,0,OK,0.3,0.3,45.0,150.017,,1180.083,,,1.0,14.0
2026-08-06 14:48:19.003,299936,44995,150016640,1180.083864,,1730.037,0x00,0x00,CURRENT,1,0,OK,0.3,0.3,45.0,150.017,,1180.083,,,1.0,14.0
2026-08-06 14:48:20.317,300059,45014,150016208,1180.079302,,1731.351,0x00,0x00,CURRENT,1,0,OK,0.3,0.3,45.0,150.017,,1180.088,,,1.0,13.0
2026-08-06 14:48:21.132,300162,45029,150015872,1180.075754,,1732.166,0x00,0x00,CURRENT,1,0,OK,0.3,0.3,45.0,150.017,,1180.088,,,1.0,13.0
2026-08-06 14:48:21.966,300265,45045,150016112,1180.078289,,1733.000,0x00,0x00,CURRENT,1,0,OK,0.3,0.3,45.0,150.016,,1180.081,,,1.0,14.0
2026-08-06 14:48:22.854,300201,45035,150015744,1180.074403,,1733.888,0x00,0x00,CURRENT,1,0,OK,0.3,0.3,45.0,150.016,,1180.081,,,1.0,14.0
2026-08-06 14:48:23.669,300137,45025,150015696,1180.073896,,1734.703,0x00,0x00,CURRENT,1,0,OK,0.3,0.3,45.0,150.016,,1180.081,,,1.0,14.0
2026-08-06 14:48:24.503,300077,45016,150015440,1180.071193,,1735.536,0x00,0x00,CURRENT,1,0,OK,0.3,0.3,45.0,150.016,,1180.074,,,1.0,14.0
2026-08-06 14:48:25.355,300024,45008,150015472,1180.071530,,1736.389,0x00,0x00,CURRENT,1,0,OK,0.3,0.3,45.0,150.016,,1180.074,,,1.0,14.0
2026-08-06 14:48:26.189,299976,45001,150015488,1180.071699,,1737.223,0x00,0x00,CURRENT,1,0,OK,0.3,0.3,45.0,150.015,,1180.069,,,1.0,13.0
2026-08-06 14:48:27.004,299929,44994,150015376,1180.070517,,1738.038,0x00,0x00,CURRENT,1,0,OK,0.3,0.3,45.0,150.015,,1180.069,,,1.0,13.0
2026-08-06 14:48:28.318,300048,45012,150015072,1180.067307,,1739.351,0x00,0x00,CURRENT,1,0,OK,0.3,0.3,45.0,150.015,,1180.064,,,1.0,13.0
2026-08-06 14:48:29.133,299989,45003,150015200,1180.068658,,1740.166,0x00,0x00,CURRENT,1,0,OK,0.3,0.3,45.0,150.015,,1180.064,,,1.0,13.0
2026-08-06 14:48:29.967,299941,44996,150014608,1180.062407,,1741.001,0x00,0x00,CURRENT,1,0,OK,0.3,0.3,45.0,150.014,,1180.058,,,1.0,14.0
2026-08-06 14:48:30.854,299890,44988,150014752,1180.063927,,1741.888,0x00,0x00,CURRENT,1,0,OK,0.3,0.3,45.0,150.014,,1180.058,,,1.0,14.0
2026-08-06 14:48:31.669,300011,45006,150014656,1180.062914,,1742.702,0x00,0x00,CURRENT,1,0,OK,0.3,0.3,45.0,150.014,,1180.058,,,1.0,14.0
2026-08-06 14:48:32.503,300125,45023,150014768,1180.064096,,1743.536,0x00,0x00,CURRENT,1,0,OK,0.3,0.3,45.0,150.014,,1180.057,,,1.0,14.0
2026-08-06 14:48:33.354,300064,45014,150014976,1180.066293,,1744.387,0x00,0x00,CURRENT,1,0,OK,0.3,0.3,45.0,150.014,,1180.057,,,1.0,14.0
2026-08-06 14:48:34.188,300006,45005,150014384,1180.060041,,1745.221,0x00,0x00,CURRENT,1,0,OK,0.3,0.3,45.0,150.013,,1180.051,,,1.0,14.0
2026-08-06 14:48:35.003,299951,44997,150014528,1180.061562,,1746.037,0x00,0x00,CURRENT,1,0,OK,0.3,0.3,45.0,150.013,,1180.051,,,1.0,14.0
2026-08-06 14:48:36.317,299900,44989,150014176,1180.057845,,1747.351,0x00,0x00,CURRENT,1,0,OK,0.3,0.3,45.0,150.014,,1180.058,,,1.0,13.0
2026-08-06 14:48:37.132,299850,44982,150014432,1180.060548,,1748.166,0x00,0x00,CURRENT,1,0,OK,0.3,0.3,45.0,150.014,,1180.058,,,1.0,13.0
2026-08-06 14:48:37.966,299970,45000,150014432,1180.060548,,1749.000,0x00,0x00,CURRENT,1,0,OK,0.3,0.3,45.0,150.015,,1180.062,,,1.0,13.0
2026-08-06 14:48:38.855,300086,45017,150013744,1180.053283,,1749.889,0x00,0x00,CURRENT,1,0,OK,0.3,0.3,45.0,150.015,,1180.062,,,1.0,13.0
2026-08-06 14:48:39.670,300197,45034,150014384,1180.060041,,1750.704,0x00,0x00,CURRENT,1,0,OK,0.3,0.3,45.0,150.015,,1180.062,,,1.0,13.0
2026-08-06 14:48:40.504,300141,45025,150014544,1180.061731,,1751.538,0x00,0x00,CURRENT,1,0,OK,0.3,0.3,45.0,150.015,,1180.063,,,1.0,14.0
2026-08-06 14:48:41.354,300084,45017,150014432,1180.060548,,1752.388,0x00,0x00,CURRENT,1,0,OK,0.3,0.3,45.0,150.015,,1180.063,,,1.0,14.0
2026-08-06 14:48:42.188,300035,45010,150014576,1180.062069,,1753.221,0x00,0x00,CURRENT,1,0,OK,0.3,0.3,45.0,150.016,,1180.073,,,1.0,14.0
2026-08-06 14:48:43.003,299982,45002,150014624,1180.062576,,1754.036,0x00,0x00,CURRENT,1,0,OK,0.3,0.3,45.0,150.016,,1180.073,,,1.0,14.0
2026-08-06 14:48:44.317,299936,44995,150014432,1180.060548,,1755.350,0x00,0x00,CURRENT,1,0,OK,0.3,0.3,45.0,150.016,,1180.076,,,1.0,13.0
2026-08-06 14:48:45.132,300056,45013,150014144,1180.057507,,1756.165,0x00,0x00,CURRENT,1,0,OK,0.3,0.3,45.0,150.016,,1180.076,,,1.0,13.0
2026-08-06 14:48:45.965,300170,45030,150014928,1180.065786,,1756.999,0x00,0x00,CURRENT,1,0,OK,0.3,0.3,45.0,150.016,,1180.079,,,1.0,14.0
2026-08-06 14:48:46.855,300107,45020,150014512,1180.061393,,1757.889,0x00,0x00,CURRENT,1,0,OK,0.3,0.3,45.0,150.016,,1180.079,,,1.0,14.0
2026-08-06 14:48:47.670,300047,45011,150014608,1180.062407,,1758.703,0x00,0x00,CURRENT,1,0,OK,0.3,0.3,45.0,150.016,,1180.079,,,1.0,14.0
2026-08-06 14:48:48.504,299988,45003,150014880,1180.065279,,1759.537,0x00,0x00,CURRENT,1,0,OK,0.3,0.3,45.0,150.016,,1180.082,,,1.0,13.0
2026-08-06 14:48:49.355,300105,45020,150015456,1180.071361,,1760.388,0x00,0x00,CURRENT,1,0,OK,0.3,0.3,45.0,150.016,,1180.082,,,1.0,13.0
2026-08-06 14:48:50.189,300039,45011,150015968,1180.076768,,1761.222,0x00,0x00,CURRENT,1,0,OK,0.3,0.3,45.0,150.017,,1180.084,,,1.0,14.0
2026-08-06 14:48:51.003,299981,45002,150016240,1180.079640,,1762.037,0x00,0x00,CURRENT,1,0,OK,0.3,0.3,45.0,150.017,,1180.084,,,1.0,14.0
2026-08-06 14:48:52.317,300099,45020,150016368,1180.080992,,1763.351,0x00,0x00,CURRENT,1,0,OK,0.3,0.3,45.0,150.017,,1180.085,,,1.0,13.0
2026-08-06 14:48:53.132,300041,45011,150016832,1180.085892,,1764.166,0x00,0x00,CURRENT,1,0,OK,0.3,0.3,45.0,150.017,,1180.085,,,1.0,13.0
2026-08-06 14:48:53.966,299989,45003,150016496,1180.082344,,1765.000,0x00,0x00,CURRENT,1,0,OK,0.3,0.3,45.0,150.017,,1180.087,,,1.0,14.0
2026-08-06 14:48:54.855,299935,44995,150016480,1180.082175,,1765.888,0x00,0x00,CURRENT,1,0,OK,0.3,0.3,45.0,150.017,,1180.087,,,1.0,14.0
2026-08-06 14:48:55.669,299883,44987,150016192,1180.079133,,1766.703,0x00,0x00,CURRENT,1,0,OK,0.3,0.3,45.0,150.017,,1180.087,,,1.0,14.0
2026-08-06 14:48:56.503,299832,44980,150016720,1180.084709,,1767.537,0x00,0x00,CURRENT,1,0,OK,0.3,0.3,45.0,150.017,,1180.091,,,1.0,13.0
2026-08-06 14:48:57.353,299790,44973,150016496,1180.082344,,1768.387,0x00,0x00,CURRENT,1,0,OK,0.3,0.3,45.0,150.017,,1180.091,,,1.0,13.0
2026-08-06 14:48:58.187,299913,44992,150016880,1180.086398,,1769.221,0x00,0x00,CURRENT,1,0,OK,0.3,0.3,45.0,150.017,,1180.091,,,1.0,13.0
2026-08-06 14:48:59.002,300036,45011,150017584,1180.093832,,1770.036,0x00,0x00,CURRENT,1,0,OK,0.3,0.3,45.0,150.017,,1180.091,,,1.0,13.0
2026-08-06 14:49:00.316,299975,45001,150016960,1180.087243,,1771.350,0x00,0x00,CURRENT,1,0,OK,0.3,0.3,45.0,150.017,,1180.091,,,1.0,14.0
2026-08-06 14:49:01.131,299917,44993,150016576,1180.083188,,1772.165,0x00,0x00,CURRENT,1,0,OK,0.3,0.3,45.0,150.017,,1180.091,,,1.0,14.0
2026-08-06 14:49:01.965,299863,44984,150016544,1180.082850,,1772.999,0x00,0x00,CURRENT,1,0,OK,0.3,0.3,45.0,150.017,,1180.089,,,1.0,14.0
2026-08-06 14:49:02.854,299815,44977,150017024,1180.087919,,1773.888,0x00,0x00,CURRENT,1,0,OK,0.3,0.3,45.0,150.017,,1180.089,,,1.0,14.0
2026-08-06 14:49:03.669,299773,44971,150016992,1180.087581,,1774.703,0x00,0x00,CURRENT,1,0,OK,0.3,0.3,45.0,150.017,,1180.089,,,1.0,14.0
2026-08-06 14:49:04.503,299737,44966,150016960,1180.087243,,1775.537,0x00,0x00,CURRENT,1,0,OK,0.3,0.3,45.0,150.017,,1180.089,,,1.0,13.0
2026-08-06 14:49:05.354,299867,44985,150016608,1180.083526,,1776.388,0x00,0x00,CURRENT,1,0,OK,0.3,0.3,45.0,150.017,,1180.089,,,1.0,13.0
2026-08-06 14:49:06.188,299990,45003,150016304,1180.080316,,1777.222,0x00,0x00,CURRENT,1,0,OK,0.3,0.3,45.0,150.016,,1180.081,,,1.0,13.0
2026-08-06 14:49:07.004,300109,45021,150016704,1180.084540,,1778.037,0x00,0x00,CURRENT,1,0,OK,0.3,0.3,45.0,150.016,,1180.081,,,1.0,13.0
2026-08-06 14:49:08.318,300047,45012,150016192,1180.079133,,1779.351,0x00,0x00,CURRENT,1,0,OK,0.3,0.3,45.0,150.017,,1180.083,,,1.0,14.0
2026-08-06 14:49:09.133,299986,45003,150016224,1180.079471,,1780.166,0x00,0x00,CURRENT,1,0,OK,0.3,0.3,45.0,150.017,,1180.083,,,1.0,14.0
2026-08-06 14:49:09.966,299928,44994,150016176,1180.078964,,1781.000,0x00,0x00,CURRENT,1,0,OK,0.3,0.3,45.0,150.017,,1180.083,,,1.0,14.0
2026-08-06 14:49:10.854,299874,44986,150016112,1180.078289,,1781.888,0x00,0x00,CURRENT,1,0,OK,0.3,0.3,45.0,150.017,,1180.083,,,1.0,14.0
2026-08-06 14:49:11.669,299817,44977,150015536,1180.072206,,1782.703,0x00,0x00,CURRENT,1,0,OK,0.3,0.3,45.0,150.017,,1180.083,,,1.0,14.0
2026-08-06 14:49:12.503,299772,44971,150015792,1180.074910,,1783.537,0x00,0x00,CURRENT,1,0,OK,0.3,0.3,45.0,150.016,,1180.08,,,1.0,13.0
2026-08-06 14:49:13.354,299730,44964,150015856,1180.075585,,1784.388,0x00,0x00,CURRENT,1,0,OK,0.3,0.3,45.0,150.016,,1180.08,,,1.0,13.0
2026-08-06 14:49:14.188,299857,44983,150015984,1180.076937,,1785.222,0x00,0x00,CURRENT,1,0,OK,0.3,0.3,45.0,150.016,,1180.076,,,1.0,13.0
2026-08-06 14:49:15.003,299969,45000,150016464,1180.082006,,1786.037,0x00,0x00,CURRENT,1,0,OK,0.3,0.3,45.0,150.016,,1180.076,,,1.0,13.0
2026-08-06 14:49:16.317,300081,45017,150016384,1180.081161,,1787.351,0x00,0x00,CURRENT,1,0,OK,0.3,0.3,45.0,150.016,,1180.081,,,1.0,14.0
2026-08-06 14:49:17.132,300183,45032,150016000,1180.077106,,1788.166,0x00,0x00,CURRENT,1,0,OK,0.3,0.3,45.0,150.016,,1180.081,,,1.0,14.0
2026-08-06 14:49:17.966,300116,45022,150016272,1180.079978,,1789.000,0x00,0x00,CURRENT,1,0,OK,0.3,0.3,45.0,150.017,,1180.084,,,1.0,14.0
2026-08-06 14:49:18.853,300043,45011,150015984,1180.076937,,1789.887,0x00,0x00,CURRENT,1,0,OK,0.3,0.3,45.0,150.017,,1180.084,,,1.0,14.0
2026-08-06 14:49:19.668,299968,45000,150016240,1180.079640,,1790.702,0x00,0x00,CURRENT,1,0,OK,0.3,0.3,45.0,150.017,,1180.084,,,1.0,14.0
2026-08-06 14:49:20.502,299904,44990,150016400,1180.081330,,1791.536,0x00,0x00,CURRENT,1,0,OK,0.3,0.3,45.0,150.016,,1180.072,,,1.0,14.0
2026-08-06 14:49:21.354,299839,44981,150016688,1180.084371,,1792.388,0x00,0x00,CURRENT,1,0,OK,0.3,0.3,45.0,150.016,,1180.072,,,1.0,14.0
2026-08-06 14:49:22.188,299788,44973,150016656,1180.084033,,1793.222,0x00,0x00,CURRENT,1,0,OK,0.3,0.3,45.0,150.016,,1180.074,,,1.0,13.0
2026-08-06 14:49:23.003,299740,44966,150016880,1180.086398,,1794.037,0x00,0x00,CURRENT,1,0,OK,0.3,0.3,45.0,150.016,,1180.074,,,1.0,13.0
2026-08-06 14:49:24.317,299704,44961,150016848,1180.086061,,1795.351,0x00,0x00,CURRENT,1,0,OK,0.3,0.3,45.0,150.015,,1180.068,,,1.0,13.0
2026-08-06 14:49:25.132,299836,44981,150016848,1180.086061,,1796.166,0x00,0x00,CURRENT,1,0,OK,0.3,0.3,45.0,150.015,,1180.068,,,1.0,13.0
2026-08-06 14:49:25.966,299963,44999,150016800,1180.085554,,1797.000,0x00,0x00,CURRENT,1,0,OK,0.3,0.3,45.0,150.016,,1180.081,,,1.0,13.0
2026-08-06 14:49:26.854,300075,45016,150016640,1180.083864,,1797.888,0x00,0x00,CURRENT,1,0,OK,0.3,0.3,45.0,150.016,,1180.081,,,1.0,13.0
2026-08-06 14:49:27.669,300190,45033,150016288,1180.080147,,1798.703,0x00,0x00,CURRENT,1,0,OK,0.3,0.3,45.0,150.016,,1180.081,,,1.0,13.0
2026-08-06 14:49:28.503,300129,45024,150015904,1180.076092,,1799.537,0x00,0x00,CURRENT,1,0,OK,0.3,0.3,45.0,150.016,,1180.08,,,1.0,14.0
2026-08-06 14:49:29.354,300064,45014,150016032,1180.077444,,1800.388,0x00,0x00,CURRENT,1,0,OK,0.3,0.3,45.0,150.016,,1180.08,,,1.0,14.0
2026-08-06 14:49:30.188,299999,45005,150016048,1180.077613,,1801.222,0x00,0x00,CURRENT,1,0,OK,0.3,0.3,45.0,150.016,,1180.075,,,1.0,14.0
2026-08-06 14:49:31.003,299942,44996,150016304,1180.080316,,1802.037,0x00,0x00,CURRENT,1,0,OK,0.3,0.3,45.0,150.016,,1180.075,,,1.0,14.0
2026-08-06 14:49:32.317,299888,44988,150016272,1180.079978,,1803.351,0x00,0x00,CURRENT,1,0,OK,0.3,0.3,45.0,150.017,,1180.083,,,1.0,14.0
2026-08-06 14:49:33.132,299839,44981,150015888,1180.075923,,1804.166,0x00,0x00,CURRENT,1,0,OK,0.3,0.3,45.0,150.017,,1180.083,,,1.0,14.0
2026-08-06 14:49:33.966,299790,44973,150016576,1180.083188,,1805.000,0x00,0x00,CURRENT,1,0,OK,0.3,0.3,45.0,150.016,,1180.08,,,1.0,13.0
2026-08-06 14:49:34.855,299914,44992,150016480,1180.082175,,1805.889,0x00,0x00,CURRENT,1,0,OK,0.3,0.3,45.0,150.016,,1180.08,,,1.0,13.0
2026-08-06 14:49:35.670,300036,45010,150016544,1180.082850,,1806.704,0x00,0x00,CURRENT,1,0,OK,0.3,0.3,45.0,150.016,,1180.08,,,1.0,13.0
2026-08-06 14:49:36.504,300155,45028,150016704,1180.084540,,1807.538,0x00,0x00,CURRENT,1,0,OK,0.3,0.3,45.0,150.016,,1180.079,,,1.0,14.0
2026-08-06 14:49:37.354,300104,45021,150016416,1180.081499,,1808.388,0x00,0x00,CURRENT,1,0,OK,0.3,0.3,45.0,150.016,,1180.079,,,1.0,14.0
2026-08-06 14:49:38.188,300045,45012,150016384,1180.081161,,1809.221,0x00,0x00,CURRENT,1,0,OK,0.3,0.3,45.0,150.016,,1180.077,,,1.0,14.0
2026-08-06 14:49:39.003,299994,45004,150015792,1180.074910,,1810.037,0x00,0x00,CURRENT,1,0,OK,0.3,0.3,45.0,150.016,,1180.077,,,1.0,14.0
2026-08-06 14:49:40.317,299946,44996,150015392,1180.070686,,1811.351,0x00,0x00,CURRENT,1,0,OK,0.3,0.3,45.0,150.016,,1180.08,,,1.0,14.0
2026-08-06 14:49:41.132,299889,44988,150015632,1180.073220,,1812.165,0x00,0x00,CURRENT,1,0,OK,0.3,0.3,45.0,150.016,,1180.08,,,1.0,14.0
2026-08-06 14:49:41.966,300009,45006,150016288,1180.080147,,1813.000,0x00,0x00,CURRENT,1,0,OK,0.3,0.3,45.0,150.016,,1180.079,,,1.0,13.0
2026-08-06 14:49:42.854,300126,45024,150015952,1180.076599,,1813.888,0x00,0x00,CURRENT,1,0,OK,0.3,0.3,45.0,150.016,,1180.079,,,1.0,13.0
2026-08-06 14:49:43.669,300239,45041,150016000,1180.077106,,1814.703,0x00,0x00,CURRENT,1,0,OK,0.3,0.3,45.0,150.016,,1180.079,,,1.0,13.0
2026-08-06 14:49:44.503,300177,45031,150016208,1180.079302,,1815.537,0x00,0x00,CURRENT,1,0,OK,0.3,0.3,45.0,150.016,,1180.078,,,1.0,14.0
2026-08-06 14:49:45.354,300125,45024,150016416,1180.081499,,1816.388,0x00,0x00,CURRENT,1,0,OK,0.3,0.3,45.0,150.016,,1180.078,,,1.0,14.0
2026-08-06 14:49:46.188,300066,45015,150016336,1180.080654,,1817.222,0x00,0x00,CURRENT,1,0,OK,0.3,0.3,45.0,150.016,,1180.079,,,1.0,14.0
2026-08-06 14:49:47.003,300006,45006,150016928,1180.086905,,1818.037,0x00,0x00,CURRENT,1,0,OK,0.3,0.3,45.0,150.016,,1180.079,,,1.0,14.0
2026-08-06 14:49:48.317,299954,44998,150016944,1180.087074,,1819.351,0x00,0x00,CURRENT,1,0,OK,0.3,0.3,45.0,150.017,,1180.083,,,1.0,13.0
2026-08-06 14:49:49.132,299903,44991,150017504,1180.092988,,1820.165,0x00,0x00,CURRENT,1,0,OK,0.3,0.3,45.0,150.017,,1180.083,,,1.0,13.0
2026-08-06 14:49:49.966,300027,45009,150016960,1180.087243,,1821.000,0x00,0x00,CURRENT,1,0,OK,0.3,0.3,45.0,150.016,,1180.08,,,1.0,13.0
2026-08-06 14:49:50.854,300146,45027,150016608,1180.083526,,1821.887,0x00,0x00,CURRENT,1,0,OK,0.3,0.3,45.0,150.016,,1180.08,,,1.0,13.0
2026-08-06 14:49:51.669,300259,45044,150016784,1180.085385,,1822.702,0x00,0x00,CURRENT,1,0,OK,0.3,0.3,45.0,150.016,,1180.08,,,1.0,13.0
2026-08-06 14:49:52.503,300197,45035,150016816,1180.085723,,1823.537,0x00,0x00,CURRENT,1,0,OK,0.3,0.3,45.0,150.017,,1180.084,,,1.0,14.0
2026-08-06 14:49:53.354,300131,45025,150016768,1180.085216,,1824.387,0x00,0x00,CURRENT,1,0,OK,0.3,0.3,45.0,150.017,,1180.084,,,1.0,14.0
2026-08-06 14:49:54.188,300075,45016,150016464,1180.082006,,1825.221,0x00,0x00,CURRENT,1,0,OK,0.3,0.3,45.0,150.017,,1180.087,,,1.0,14.0
2026-08-06 14:49:55.003,300024,45009,150016624,1180.083695,,1826.036,0x00,0x00,CURRENT,1,0,OK,0.3,0.3,45.0,150.017,,1180.087,,,1.0,14.0
2026-08-06 14:49:56.317,299968,45000,150016144,1180.078627,,1827.350,0x00,0x00,CURRENT,1,0,OK,0.3,0.3,45.0,150.017,,1180.086,,,1.0,13.0
2026-08-06 14:49:57.132,299921,44993,150016352,1180.080823,,1828.165,0x00,0x00,CURRENT,1,0,OK,0.3,0.3,45.0,150.017,,1180.086,,,1.0,13.0
2026-08-06 14:49:57.965,300039,45011,150016048,1180.077613,,1828.999,0x00,0x00,CURRENT,1,0,OK,0.3,0.3,45.0,150.016,,1180.082,,,1.0,13.0
2026-08-06 14:49:58.855,300148,45027,150015904,1180.076092,,1829.889,0x00,0x00,CURRENT,1,0,OK,0.3,0.3,45.0,150.016,,1180.082,,,1.0,13.0
2026-08-06 14:49:59.670,300255,45043,150015952,1180.076599,,1830.704,0x00,0x00,CURRENT,1,0,OK,0.3,0.3,45.0,150.016,,1180.082,,,1.0,13.0
2026-08-06 14:50:00.504,300190,45033,150015728,1180.074234,,1831.537,0x00,0x00,CURRENT,1,0,OK,0.3,0.3,45.0,150.017,,1180.083,,,1.0,14.0
2026-08-06 14:50:01.354,300121,45023,150015280,1180.069503,,1832.387,0x00,0x00,CURRENT,1,0,OK,0.3,0.3,45.0,150.017,,1180.083,,,1.0,14.0
2026-08-06 14:50:02.188,300057,45013,150015360,1180.070348,,1833.221,0x00,0x00,CURRENT,1,0,OK,0.3,0.3,45.0,150.017,,1180.091,,,1.0,14.0
2026-08-06 14:50:03.003,299999,45005,150015728,1180.074234,,1834.036,0x00,0x00,CURRENT,1,0,OK,0.3,0.3,45.0,150.017,,1180.091,,,1.0,14.0
2026-08-06 14:50:04.317,299944,44996,150015312,1180.069841,,1835.350,0x00,0x00,CURRENT,1,0,OK,0.3,0.3,45.0,150.017,,1180.088,,,1.0,13.0
2026-08-06 14:50:05.132,300058,45013,150015232,1180.068996,,1836.165,0x00,0x00,CURRENT,1,0,OK,0.3,0.3,45.0,150.017,,1180.088,,,1.0,13.0
2026-08-06 14:50:05.966,300160,45029,150015440,1180.071193,,1836.999,0x00,0x00,CURRENT,1,0,OK,0.3,0.3,45.0,150.017,,1180.084,,,1.0,13.0
2026-08-06 14:50:06.855,300267,45045,150015552,1180.072375,,1837.888,0x00,0x00,CURRENT,1,0,OK,0.3,0.3,45.0,150.017,,1180.084,,,1.0,13.0
2026-08-06 14:50:07.670,300198,45034,150015648,1180.073389,,1838.704,0x00,0x00,CURRENT,1,0,OK,0.3,0.3,45.0,150.017,,1180.084,,,1.0,13.0
2026-08-06 14:50:08.504,300133,45025,150015776,1180.074741,,1839.538,0x00,0x00,CURRENT,1,0,OK,0.3,0.3,45.0,150.017,,1180.09,,,1.0,14.0
2026-08-06 14:50:09.355,300074,45016,150015936,1180.076430,,1840.389,0x00,0x00,CURRENT,1,0,OK,0.3,0.3,45.0,150.017,,1180.09,,,1.0,14.0
2026-08-06 14:50:10.189,300016,45007,150015664,1180.073558,,1841.222,0x00,0x00,CURRENT,1,0,OK,0.3,0.3,45.0,150.017,,1180.085,,,1.0,14.0
2026-08-06 14:50:11.004,299955,44998,150015744,1180.074403,,1842.037,0x00,0x00,CURRENT,1,0,OK,0.3,0.3,45.0,150.017,,1180.085,,,1.0,14.0
2026-08-06 14:50:12.318,300066,45015,150015776,1180.074741,,1843.352,0x00,0x00,CURRENT,1,0,OK,0.3,0.3,45.0,150.016,,1180.082,,,1.0,13.0
2026-08-06 14:50:13.133,300169,45030,150015904,1180.076092,,1844.166,0x00,0x00,CURRENT,1,0,OK,0.3,0.3,45.0,150.016,,1180.082,,,1.0,13.0
2026-08-06 14:50:13.967,300272,45046,150016016,1180.077275,,1845.000,0x00,0x00,CURRENT,1,0,OK,0.3,0.3,45.0,150.017,,1180.086,,,1.0,14.0
2026-08-06 14:50:14.854,300204,45035,150015808,1180.075078,,1845.887,0x00,0x00,CURRENT,1,0,OK,0.3,0.3,45.0,150.017,,1180.086,,,1.0,14.0
2026-08-06 14:50:15.668,300143,45026,150015488,1180.071699,,1846.702,0x00,0x00,CURRENT,1,0,OK,0.3,0.3,45.0,150.017,,1180.086,,,1.0,14.0
2026-08-06 14:50:16.503,300081,45017,150015808,1180.075078,,1847.536,0x00,0x00,CURRENT,1,0,OK,0.3,0.3,45.0,150.016,,1180.081,,,1.0,14.0
2026-08-06 14:50:17.355,300019,45008,150015664,1180.073558,,1848.388,0x00,0x00,CURRENT,1,0,OK,0.3,0.3,45.0,150.016,,1180.081,,,1.0,14.0
2026-08-06 14:50:18.189,299969,45000,150015776,1180.074741,,1849.222,0x00,0x00,CURRENT,1,0,OK,0.3,0.3,45.0,150.016,,1180.079,,,1.0,13.0
2026-08-06 14:50:19.003,299908,44991,150015744,1180.074403,,1850.037,0x00,0x00,CURRENT,1,0,OK,0.3,0.3,45.0,150.016,,1180.079,,,1.0,13.0
2026-08-06 14:50:20.317,300024,45008,150016192,1180.079133,,1851.351,0x00,0x00,CURRENT,1,0,OK,0.3,0.3,45.0,150.016,,1180.082,,,1.0,13.0
2026-08-06 14:50:21.132,300136,45025,150015808,1180.075078,,1852.166,0x00,0x00,CURRENT,1,0,OK,0.3,0.3,45.0,150.016,,1180.082,,,1.0,13.0
2026-08-06 14:50:21.966,300068,45015,150015552,1180.072375,,1853.000,0x00,0x00,CURRENT,1,0,OK,0.3,0.3,45.0,150.016,,1180.081,,,1.0,14.0
2026-08-06 14:50:22.854,300003,45005,150015968,1180.076768,,1853.887,0x00,0x00,CURRENT,1,0,OK,0.3,0.3,45.0,150.016,,1180.081,,,1.0,14.0
2026-08-06 14:50:23.668,299946,44997,150015888,1180.075923,,1854.702,0x00,0x00,CURRENT,1,0,OK,0.3,0.3,45.0,150.016,,1180.081,,,1.0,14.0
2026-08-06 14:50:24.503,299887,44988,150016032,1180.077444,,1855.536,0x00,0x00,CURRENT,1,0,OK,0.3,0.3,45.0,150.016,,1180.081,,,1.0,14.0
2026-08-06 14:50:25.353,299841,44981,150016048,1180.077613,,1856.387,0x00,0x00,CURRENT,1,0,OK,0.3,0.3,45.0,150.016,,1180.081,,,1.0,14.0
2026-08-06 14:50:26.187,299786,44973,150016288,1180.080147,,1857.221,0x00,0x00,CURRENT,1,0,OK,0.3,0.3,45.0,150.017,,1180.083,,,1.0,13.0
2026-08-06 14:50:27.002,299903,44990,150016000,1180.077106,,1858.036,0x00,0x00,CURRENT,1,0,OK,0.3,0.3,45.0,150.017,,1180.083,,,1.0,13.0
2026-08-06 14:50:28.316,300023,45008,150015168,1180.068320,,1859.350,0x00,0x00,CURRENT,1,0,OK,0.3,0.3,45.0,150.016,,1180.082,,,1.0,13.0
2026-08-06 14:50:29.131,299964,44999,150015280,1180.069503,,1860.165,0x00,0x00,CURRENT,1,0,OK,0.3,0.3,45.0,150.016,,1180.082,,,1.0,13.0
2026-08-06 14:50:29.965,299903,44990,150015424,1180.071024,,1860.999,0x00,0x00,CURRENT,1,0,OK,0.3,0.3,45.0,150.017,,1180.089,,,1.0,14.0
2026-08-06 14:50:30.854,299850,44982,150015488,1180.071699,,1861.888,0x00,0x00,CURRENT,1,0,OK,0.3,0.3,45.0,150.017,,1180.089,,,1.0,14.0
2026-08-06 14:50:31.669,299792,44974,150015744,1180.074403,,1862.703,0x00,0x00,CURRENT,1,0,OK,0.3,0.3,45.0,150.017,,1180.089,,,1.0,14.0
2026-08-06 14:50:32.503,299740,44966,150015536,1180.072206,,1863.537,0x00,0x00,CURRENT,1,0,OK,0.3,0.3,45.0,150.017,,1180.089,,,1.0,13.0
2026-08-06 14:50:33.354,299860,44983,150014992,1180.066462,,1864.388,0x00,0x00,CURRENT,1,0,OK,0.3,0.3,45.0,150.017,,1180.089,,,1.0,13.0
2026-08-06 14:50:34.188,299974,45000,150014480,1180.061055,,1865.222,0x00,0x00,CURRENT,1,0,OK,0.3,0.3,45.0,150.017,,1180.089,,,1.0,13.0
2026-08-06 14:50:35.003,299922,44993,150014176,1180.057845,,1866.037,0x00,0x00,CURRENT,1,0,OK,0.3,0.3,45.0,150.017,,1180.089,,,1.0,13.0
2026-08-06 14:50:36.317,299866,44984,150014032,1180.056324,,1867.351,0x00,0x00,CURRENT,1,0,OK,0.3,0.3,45.0,150.016,,1180.081,,,1.0,14.0
2026-08-06 14:50:37.132,299814,44976,150014336,1180.059535,,1868.166,0x00,0x00,CURRENT,1,0,OK,0.3,0.3,45.0,150.016,,1180.081,,,1.0,14.0
2026-08-06 14:50:37.966,299934,44994,150013968,1180.055649,,1869.000,0x00,0x00,CURRENT,1,0,OK,0.3,0.3,45.0,150.016,,1180.082,,,1.0,13.0
2026-08-06 14:50:38.853,300056,45012,150013792,1180.053790,,1869.887,0x00,0x00,CURRENT,1,0,OK,0.3,0.3,45.0,150.016,,1180.082,,,1.0,13.0
2026-08-06 14:50:39.668,300158,45028,150014336,1180.059535,,1870.702,0x00,0x00,CURRENT,1,0,OK,0.3,0.3,45.0,150.016,,1180.082,,,1.0,13.0
2026-08-06 14:50:40.502,300095,45018,150013904,1180.054973,,1871.536,0x00,0x00,CURRENT,1,0,OK,0.3,0.3,45.0,150.015,,1180.071,,,1.0,14.0
2026-08-06 14:50:41.355,300031,45009,150013776,1180.053621,,1872.389,0x00,0x00,CURRENT,1,0,OK,0.3,0.3,45.0,150.015,,1180.071,,,1.0,14.0
2026-08-06 14:50:42.189,299969,45000,150014240,1180.058521,,1873.223,0x00,0x00,CURRENT,1,0,OK,0.3,0.3,45.0,150.016,,1180.076,,,1.0,14.0
2026-08-06 14:50:43.005,299917,44992,150013584,1180.051594,,1874.038,0x00,0x00,CURRENT,1,0,OK,0.3,0.3,45.0,150.016,,1180.076,,,1.0,14.0
2026-08-06 14:50:44.318,299864,44984,150013728,1180.053114,,1875.352,0x00,0x00,CURRENT,1,0,OK,0.3,0.3,45.0,150.016,,1180.075,,,1.0,13.0
2026-08-06 14:50:45.133,299816,44976,150013488,1180.050580,,1876.167,0x00,0x00,CURRENT,1,0,OK,0.3,0.3,45.0,150.016,,1180.075,,,1.0,13.0
2026-08-06 14:50:45.967,299933,44994,150013376,1180.049397,,1877.001,0x00,0x00,CURRENT,1,0,OK,0.3,0.3,45.0,150.016,,1180.074,,,1.0,13.0
2026-08-06 14:50:46.855,300045,45011,150013408,1180.049735,,1877.889,0x00,0x00,CURRENT,1,0,OK,0.3,0.3,45.0,150.016,,1180.074,,,1.0,13.0
2026-08-06 14:50:47.670,300158,45028,150013488,1180.050580,,1878.704,0x00,0x00,CURRENT,1,0,OK,0.3,0.3,45.0,150.016,,1180.074,,,1.0,13.0
2026-08-06 14:50:48.504,300100,45019,150013008,1180.045511,,1879.538,0x00,0x00,CURRENT,1,0,OK,0.3,0.3,45.0,150.015,,1180.069,,,1.0,14.0
2026-08-06 14:50:49.354,300040,45010,150013792,1180.053790,,1880.388,0x00,0x00,CURRENT,1,0,OK,0.3,0.3,45.0,150.015,,1180.069,,,1.0,14.0
2026-08-06 14:50:50.188,299976,45001,150013696,1180.052776,,1881.222,0x00,0x00,CURRENT,1,0,OK,0.3,0.3,45.0,150.016,,1180.072,,,1.0,14.0
2026-08-06 14:50:51.003,299920,44992,150013472,1180.050411,,1882.037,0x00,0x00,CURRENT,1,0,OK,0.3,0.3,45.0,150.016,,1180.072,,,1.0,14.0
2026-08-06 14:50:52.317,300039,45010,150013424,1180.049904,,1883.351,0x00,0x00,CURRENT,1,0,OK,0.3,0.3,45.0,150.015,,1180.071,,,1.0,13.0
2026-08-06 14:50:53.132,300151,45027,150013296,1180.048553,,1884.166,0x00,0x00,CURRENT,1,0,OK,0.3,0.3,45.0,150.015,,1180.071,,,1.0,13.0
2026-08-06 14:50:53.966,300092,45018,150014496,1180.061224,,1885.000,0x00,0x00,CURRENT,1,0,OK,0.3,0.3,45.0,150.016,,1180.073,,,1.0,14.0
2026-08-06 14:50:54.854,300035,45010,150014944,1180.065955,,1885.888,0x00,0x00,CURRENT,1,0,OK,0.3,0.3,45.0,150.016,,1180.073,,,1.0,14.0
2026-08-06 14:50:55.669,299978,45001,150015536,1180.072206,,1886.703,0x00,0x00,CURRENT,1,0,OK,0.3,0.3,45.0,150.016,,1180.073,,,1.0,14.0
2026-08-06 14:50:56.503,299919,44992,150015376,1180.070517,,1887.537,0x00,0x00,CURRENT,1,0,OK,0.3,0.3,45.0,150.016,,1180.078,,,1.0,13.0
2026-08-06 14:50:57.354,300030,45009,150014944,1180.065955,,1888.388,0x00,0x00,CURRENT,1,0,OK,0.3,0.3,45.0,150.016,,1180.078,,,1.0,13.0
2026-08-06 14:50:58.188,300140,45026,150015040,1180.066969,,1889.222,0x00,0x00,CURRENT,1,0,OK,0.3,0.3,45.0,150.016,,1180.08,,,1.0,14.0
2026-08-06 14:50:59.003,300071,45015,150014992,1180.066462,,1890.037,0x00,0x00,CURRENT,1,0,OK,0.3,0.3,45.0,150.016,,1180.08,,,1.0,14.0
2026-08-06 14:51:00.317,300019,45007,150014704,1180.063421,,1891.351,0x00,0x00,CURRENT,1,0,OK,0.3,0.3,45.0,150.017,,1180.089,,,1.0,14.0
2026-08-06 14:51:01.132,299967,44999,150014784,1180.064265,,1892.165,0x00,0x00,CURRENT,1,0,OK,0.3,0.3,45.0,150.017,,1180.089,,,1.0,14.0
2026-08-06 14:51:01.966,300086,45017,150014512,1180.061393,,1892.999,0x00,0x00,CURRENT,1,0,OK,0.3,0.3,45.0,150.016,,1180.078,,,1.0,13.0
2026-08-06 14:51:02.854,300209,45036,150014336,1180.059535,,1893.888,0x00,0x00,CURRENT,1,0,OK,0.3,0.3,45.0,150.016,,1180.078,,,1.0,13.0
2026-08-06 14:51:03.669,300147,45026,150014960,1180.066124,,1894.703,0x00,0x00,CURRENT,1,0,OK,0.3,0.3,45.0,150.016,,1180.078,,,1.0,13.0
2026-08-06 14:51:04.503,300089,45018,150015568,1180.072544,,1895.537,0x00,0x00,CURRENT,1,0,OK,0.3,0.3,45.0,150.016,,1180.077,,,1.0,14.0
2026-08-06 14:51:05.354,300031,45010,150016288,1180.080147,,1896.388,0x00,0x00,CURRENT,1,0,OK,0.3,0.3,45.0,150.016,,1180.077,,,1.0,14.0
2026-08-06 14:51:06.188,299977,45001,150015648,1180.073389,,1897.222,0x00,0x00,CURRENT,1,0,OK,0.3,0.3,45.0,150.016,,1180.079,,,1.0,14.0
2026-08-06 14:51:07.003,299924,44993,150015536,1180.072206,,1898.037,0x00,0x00,CURRENT,1,0,OK,0.3,0.3,45.0,150.016,,1180.079,,,1.0,14.0
2026-08-06 14:51:08.317,300038,45010,150015712,1180.074065,,1899.351,0x00,0x00,CURRENT,1,0,OK,0.3,0.3,45.0,150.017,,1180.086,,,1.0,13.0
2026-08-06 14:51:09.132,300149,45027,150015664,1180.073558,,1900.166,0x00,0x00,CURRENT,1,0,OK,0.3,0.3,45.0,150.017,,1180.086,,,1.0,13.0
2026-08-06 14:51:09.966,300253,45043,150015888,1180.075923,,1901.000,0x00,0x00,CURRENT,1,0,OK,0.3,0.3,45.0,150.017,,1180.084,,,1.0,14.0
2026-08-06 14:51:10.854,300178,45032,150016432,1180.081668,,1901.888,0x00,0x00,CURRENT,1,0,OK,0.3,0.3,45.0,150.017,,1180.084,,,1.0,14.0
2026-08-06 14:51:11.669,300104,45021,150017008,1180.087750,,1902.703,0x00,0x00,CURRENT,1,0,OK,0.3,0.3,45.0,150.017,,1180.084,,,1.0,14.0
2026-08-06 14:51:12.503,300040,45011,150017024,1180.087919,,1903.537,0x00,0x00,CURRENT,1,0,OK,0.3,0.3,45.0,150.017,,1180.086,,,1.0,14.0
2026-08-06 14:51:13.354,299982,45003,150017584,1180.093832,,1904.387,0x00,0x00,CURRENT,1,0,OK,0.3,0.3,45.0,150.017,,1180.086,,,1.0,14.0
2026-08-06 14:51:14.188,299930,44995,150018144,1180.099746,,1905.222,0x00,0x00,CURRENT,1,0,OK,0.3,0.3,45.0,150.017,,1180.093,,,1.0,13.0
2026-08-06 14:51:15.003,299880,44987,150018176,1180.100084,,1906.037,0x00,0x00,CURRENT,1,0,OK,0.3,0.3,45.0,150.017,,1180.093,,,1.0,13.0
2026-08-06 14:51:16.316,299995,45005,150018144,1180.099746,,1907.350,0x00,0x00,CURRENT,1,0,OK,0.3,0.3,45.0,150.017,,1180.091,,,1.0,13.0
2026-08-06 14:51:17.132,300110,45022,150018304,1180.101435,,1908.165,0x00,0x00,CURRENT,1,0,OK,0.3,0.3,45.0,150.017,,1180.091,,,1.0,13.0
2026-08-06 14:51:17.965,300053,45013,150017824,1180.096367,,1908.999,0x00,0x00,CURRENT,1,0,OK,0.3,0.3,45.0,150.017,,1180.084,,,1.0,14.0
2026-08-06 14:51:18.855,300002,45005,150017440,1180.092312,,1909.888,0x00,0x00,CURRENT,1,0,OK,0.3,0.3,45.0,150.017,,1180.084,,,1.0,14.0
2026-08-06 14:51:19.670,299946,44997,150017680,1180.094846,,1910.703,0x00,0x00,CURRENT,1,0,OK,0.3,0.3,45.0,150.017,,1180.084,,,1.0,14.0
2026-08-06 14:51:20.503,299896,44990,150017072,1180.088426,,1911.537,0x00,0x00,CURRENT,1,0,OK,0.3,0.3,45.0,150.018,,1180.095,,,1.0,14.0
2026-08-06 14:51:21.353,299848,44982,150016384,1180.081161,,1912.387,0x00,0x00,CURRENT,1,0,OK,0.3,0.3,45.0,150.018,,1180.095,,,1.0,14.0
2026-08-06 14:51:22.187,299800,44975,150016416,1180.081499,,1913.221,0x00,0x00,CURRENT,1,0,OK,0.3,0.3,45.0,150.018,,1180.097,,,1.0,13.0
2026-08-06 14:51:23.002,299918,44993,150016336,1180.080654,,1914.036,0x00,0x00,CURRENT,1,0,OK,0.3,0.3,45.0,150.018,,1180.097,,,1.0,13.0
2026-08-06 14:51:24.316,300034,45010,150016368,1180.080992,,1915.350,0x00,0x00,CURRENT,1,0,OK,0.3,0.3,45.0,150.018,,1180.102,,,1.0,13.0
2026-08-06 14:51:25.131,299976,45001,150016832,1180.085892,,1916.165,0x00,0x00,CURRENT,1,0,OK,0.3,0.3,45.0,150.018,,1180.102,,,1.0,13.0
2026-08-06 14:51:25.965,299922,44993,150016656,1180.084033,,1916.999,0x00,0x00,CURRENT,1,0,OK,0.3,0.3,45.0,150.018,,1180.097,,,1.0,14.0
2026-08-06 14:51:26.853,299869,44985,150016544,1180.082850,,1917.887,0x00,0x00,CURRENT,1,0,OK,0.3,0.3,45.0,150.018,,1180.097,,,1.0,14.0
2026-08-06 14:51:27.668,299810,44977,150016928,1180.086905,,1918.702,0x00,0x00,CURRENT,1,0,OK,0.3,0.3,45.0,150.018,,1180.097,,,1.0,14.0
2026-08-06 14:51:28.502,299760,44969,150016576,1180.083188,,1919.536,0x00,0x00,CURRENT,1,0,OK,0.3,0.3,45.0,150.018,,1180.099,,,1.0,13.0
2026-08-06 14:51:29.353,299719,44963,150016608,1180.083526,,1920.387,0x00,0x00,CURRENT,1,0,OK,0.3,0.3,45.0,150.018,,1180.099,,,1.0,13.0
2026-08-06 14:51:30.187,299851,44983,150016544,1180.082850,,1921.221,0x00,0x00,CURRENT,1,0,OK,0.3,0.3,45.0,150.018,,1180.096,,,1.0,13.0
2026-08-06 14:51:31.002,299977,45002,150016928,1180.086905,,1922.036,0x00,0x00,CURRENT,1,0,OK,0.3,0.3,45.0,150.018,,1180.096,,,1.0,13.0
2026-08-06 14:51:32.316,299927,44994,150017024,1180.087919,,1923.350,0x00,0x00,CURRENT,1,0,OK,0.3,0.3,45.0,150.017,,1180.092,,,1.0,14.0
2026-08-06 14:51:33.131,299882,44987,150016816,1180.085723,,1924.165,0x00,0x00,CURRENT,1,0,OK,0.3,0.3,45.0,150.017,,1180.092,,,1.0,14.0
2026-08-06 14:51:33.965,300003,45005,150016736,1180.084878,,1924.999,0x00,0x00,CURRENT,1,0,OK,0.3,0.3,45.0,150.017,,1180.083,,,1.0,13.0
2026-08-06 14:51:34.854,300126,45024,150016224,1180.079471,,1925.887,0x00,0x00,CURRENT,1,0,OK,0.3,0.3,45.0,150.017,,1180.083,,,1.0,13.0
2026-08-06 14:51:35.668,300072,45016,150016144,1180.078627,,1926.702,0x00,0x00,CURRENT,1,0,OK,0.3,0.3,45.0,150.017,,1180.083,,,1.0,13.0
2026-08-06 14:51:36.502,300021,45008,150015856,1180.075585,,1927.536,0x00,0x00,CURRENT,1,0,OK,0.3,0.3,45.0,150.016,,1180.081,,,1.0,14.0
2026-08-06 14:51:37.353,299973,45001,150016576,1180.083188,,1928.387,0x00,0x00,CURRENT,1,0,OK,0.3,0.3,45.0,150.016,,1180.081,,,1.0,14.0
2026-08-06 14:51:38.187,299928,44994,150016176,1180.078964,,1929.221,0x00,0x00,CURRENT,1,0,OK,0.3,0.3,45.0,150.016,,1180.078,,,1.0,14.0
2026-08-06 14:51:39.002,299887,44988,150016256,1180.079809,,1930.036,0x00,0x00,CURRENT,1,0,OK,0.3,0.3,45.0,150.016,,1180.078,,,1.0,14.0
2026-08-06 14:51:40.316,299840,44981,150016464,1180.082006,,1931.350,0x00,0x00,CURRENT,1,0,OK,0.3,0.3,45.0,150.017,,1180.084,,,1.0,13.0
2026-08-06 14:51:41.131,299963,44999,150016352,1180.080823,,1932.165,0x00,0x00,CURRENT,1,0,OK,0.3,0.3,45.0,150.017,,1180.084,,,1.0,13.0
2026-08-06 14:51:41.965,300088,45018,150016464,1180.082006,,1932.999,0x00,0x00,CURRENT,1,0,OK,0.3,0.3,45.0,150.016,,1180.082,,,1.0,13.0
2026-08-06 14:51:42.854,300193,45034,150016944,1180.087074,,1933.888,0x00,0x00,CURRENT,1,0,OK,0.3,0.3,45.0,150.016,,1180.082,,,1.0,13.0
2026-08-06 14:51:43.669,300134,45025,150016672,1180.084202,,1934.703,0x00,0x00,CURRENT,1,0,OK,0.3,0.3,45.0,150.016,,1180.082,,,1.0,13.0
2026-08-06 14:51:44.503,300074,45016,150016464,1180.082006,,1935.537,0x00,0x00,CURRENT,1,0,OK,0.3,0.3,45.0,150.017,,1180.084,,,1.0,14.0
2026-08-06 14:51:45.354,300015,45007,150017200,1180.089778,,1936.388,0x00,0x00,CURRENT,1,0,OK,0.3,0.3,45.0,150.017,,1180.084,,,1.0,14.0
2026-08-06 14:51:46.188,299949,44997,150017184,1180.089609,,1937.222,0x00,0x00,CURRENT,1,0,OK,0.3,0.3,45.0,150.017,,1180.089,,,1.0,14.0
2026-08-06 14:51:47.003,299891,44989,150017360,1180.091467,,1938.037,0x00,0x00,CURRENT,1,0,OK,0.3,0.3,45.0,150.017,,1180.089,,,1.0,14.0
2026-08-06 14:51:48.317,299838,44981,150017216,1180.089946,,1939.351,0x00,0x00,CURRENT,1,0,OK,0.3,0.3,45.0,150.018,,1180.095,,,1.0,13.0
2026-08-06 14:51:49.132,299960,44999,150016896,1180.086567,,1940.166,0x00,0x00,CURRENT,1,0,OK,0.3,0.3,45.0,150.018,,1180.095,,,1.0,13.0
2026-08-06 14:51:49.966,300074,45016,150017248,1180.090284,,1941.000,0x00,0x00,CURRENT,1,0,OK,0.3,0.3,45.0,150.017,,1180.089,,,1.0,13.0
2026-08-06 14:51:50.854,300184,45033,150017232,1180.090115,,1941.888,0x00,0x00,CURRENT,1,0,OK,0.3,0.3,45.0,150.017,,1180.089,,,1.0,13.0
2026-08-06 14:51:51.669,300287,45048,150017024,1180.087919,,1942.703,0x00,0x00,CURRENT,1,0,OK,0.3,0.3,45.0,150.017,,1180.089,,,1.0,13.0
2026-08-06 14:51:52.503,300222,45038,150016848,1180.086061,,1943.537,0x00,0x00,CURRENT,1,0,OK,0.3,0.3,45.0,150.016,,1180.078,,,1.0,14.0
2026-08-06 14:51:53.354,300161,45029,150016784,1180.085385,,1944.388,0x00,0x00,CURRENT,1,0,OK,0.3,0.3,45.0,150.016,,1180.078,,,1.0,14.0
2026-08-06 14:51:54.188,300100,45020,150016368,1180.080992,,1945.222,0x00,0x00,CURRENT,1,0,OK,0.3,0.3,45.0,150.015,,1180.069,,,1.0,14.0
2026-08-06 14:51:55.003,300042,45011,150016496,1180.082344,,1946.037,0x00,0x00,CURRENT,1,0,OK,0.3,0.3,45.0,150.015,,1180.069,,,1.0,14.0
2026-08-06 14:51:56.317,299987,45003,150016560,1180.083019,,1947.351,0x00,0x00,CURRENT,1,0,OK,0.3,0.3,45.0,150.016,,1180.075,,,1.0,14.0
2026-08-06 14:51:57.132,299934,44995,150016784,1180.085385,,1948.166,0x00,0x00,CURRENT,1,0,OK,0.3,0.3,45.0,150.016,,1180.075,,,1.0,14.0
2026-08-06 14:51:57.966,299877,44987,150017184,1180.089609,,1949.000,0x00,0x00,CURRENT,1,0,OK,0.3,0.3,45.0,150.016,,1180.077,,,1.0,13.0
2026-08-06 14:51:58.854,299828,44979,150017152,1180.089271,,1949.888,0x00,0x00,CURRENT,1,0,OK,0.3,0.3,45.0,150.016,,1180.077,,,1.0,13.0
2026-08-06 14:51:59.669,299955,44998,150017008,1180.087750,,1950.703,0x00,0x00,CURRENT,1,0,OK,0.3,0.3,45.0,150.016,,1180.077,,,1.0,13.0
2026-08-06 14:52:00.503,300080,45017,150016496,1180.082344,,1951.537,0x00,0x00,CURRENT,1,0,OK,0.3,0.3,45.0,150.016,,1180.074,,,1.0,13.0
2026-08-06 14:52:01.353,300196,45034,150016592,1180.083357,,1952.387,0x00,0x00,CURRENT,1,0,OK,0.3,0.3,45.0,150.016,,1180.074,,,1.0,13.0
2026-08-06 14:52:02.187,300302,45050,150016880,1180.086398,,1953.221,0x00,0x00,CURRENT,1,0,OK,0.3,0.3,45.0,150.016,,1180.077,,,1.0,14.0
2026-08-06 14:52:03.002,300241,45041,150016576,1180.083188,,1954.036,0x00,0x00,CURRENT,1,0,OK,0.3,0.3,45.0,150.016,,1180.077,,,1.0,14.0
2026-08-06 14:52:04.316,300182,45032,150016528,1180.082681,,1955.350,0x00,0x00,CURRENT,1,0,OK,0.3,0.3,45.0,150.016,,1180.076,,,1.0,14.0
2026-08-06 14:52:05.131,300124,45024,150016800,1180.085554,,1956.165,0x00,0x00,CURRENT,1,0,OK,0.3,0.3,45.0,150.016,,1180.076,,,1.0,14.0
2026-08-06 14:52:05.965,300070,45015,150016832,1180.085892,,1956.999,0x00,0x00,CURRENT,1,0,OK,0.3,0.3,45.0,150.016,,1180.08,,,1.0,14.0
2026-08-06 14:52:06.854,300016,45008,150016896,1180.086567,,1957.888,0x00,0x00,CURRENT,1,0,OK,0.3,0.3,45.0,150.016,,1180.08,,,1.0,14.0
2026-08-06 14:52:07.669,299963,44999,150016624,1180.083695,,1958.703,0x00,0x00,CURRENT,1,0,OK,0.3,0.3,45.0,150.016,,1180.08,,,1.0,14.0
2026-08-06 14:52:08.503,299912,44992,150016528,1180.082681,,1959.537,0x00,0x00,CURRENT,1,0,OK,0.3,0.3,45.0,150.017,,1180.086,,,1.0,13.0
2026-08-06 14:52:09.354,299861,44984,150016640,1180.083864,,1960.388,0x00,0x00,CURRENT,1,0,OK,0.3,0.3,45.0,150.017,,1180.086,,,1.0,13.0
2026-08-06 14:52:10.188,299979,45002,150016192,1180.079133,,1961.222,0x00,0x00,CURRENT,1,0,OK,0.3,0.3,45.0,150.017,,1180.083,,,1.0,13.0
2026-08-06 14:52:11.003,300099,45020,150016704,1180.084540,,1962.036,0x00,0x00,CURRENT,1,0,OK,0.3,0.3,45.0,150.017,,1180.083,,,1.0,13.0
2026-08-06 14:52:12.317,300037,45011,150016608,1180.083526,,1963.351,0x00,0x00,CURRENT,1,0,OK,0.3,0.3,45.0,150.017,,1180.086,,,1.0,14.0
2026-08-06 14:52:13.132,299977,45002,150016896,1180.086567,,1964.166,0x00,0x00,CURRENT,1,0,OK,0.3,0.3,45.0,150.017,,1180.086,,,1.0,14.0
2026-08-06 14:52:13.965,299930,44995,150016832,1180.085892,,1964.999,0x00,0x00,CURRENT,1,0,OK,0.3,0.3,45.0,150.017,,1180.087,,,1.0,14.0
2026-08-06 14:52:14.854,299881,44987,150017088,1180.088595,,1965.887,0x00,0x00,CURRENT,1,0,OK,0.3,0.3,45.0,150.017,,1180.087,,,1.0,14.0
2026-08-06 14:52:15.669,299835,44980,150016960,1180.087243,,1966.703,0x00,0x00,CURRENT,1,0,OK,0.3,0.3,45.0,150.017,,1180.087,,,1.0,14.0
2026-08-06 14:52:16.503,299961,44999,150017760,1180.095691,,1967.536,0x00,0x00,CURRENT,1,0,OK,0.3,0.3,45.0,150.017,,1180.083,,,1.0,13.0
2026-08-06 14:52:17.353,300083,45018,150017424,1180.092143,,1968.386,0x00,0x00,CURRENT,1,0,OK,0.3,0.3,45.0,150.017,,1180.083,,,1.0,13.0
2026-08-06 14:52:18.187,300021,45008,150017776,1180.095860,,1969.220,0x00,0x00,CURRENT,1,0,OK,0.3,0.3,45.0,150.017,,1180.085,,,1.0,14.0
2026-08-06 14:52:19.002,299969,45001,150017648,1180.094508,,1970.035,0x00,0x00,CURRENT,1,0,OK,0.3,0.3,45.0,150.017,,1180.085,,,1.0,14.0
2026-08-06 14:52:20.316,299915,44993,150018176,1180.100084,,1971.349,0x00,0x00,CURRENT,1,0,OK,0.3,0.3,45.0,150.017,,1180.084,,,1.0,14.0
2026-08-06 14:52:21.131,299865,44985,150017776,1180.095860,,1972.164,0x00,0x00,CURRENT,1,0,OK,0.3,0.3,45.0,150.017,,1180.084,,,1.0,14.0
2026-08-06 14:52:21.965,299985,45003,150017680,1180.094846,,1972.998,0x00,0x00,CURRENT,1,0,OK,0.3,0.3,45.0,150.016,,1180.078,,,1.0,13.0
2026-08-06 14:52:22.854,300102,45020,150017120,1180.088933,,1973.887,0x00,0x00,CURRENT,1,0,OK,0.3,0.3,45.0,150.016,,1180.078,,,1.0,13.0
2026-08-06 14:52:23.669,300219,45038,150017200,1180.089778,,1974.702,0x00,0x00,CURRENT,1,0,OK,0.3,0.3,45.0,150.016,,1180.078,,,1.0,13.0
2026-08-06 14:52:24.503,300156,45028,150017184,1180.089609,,1975.536,0x00,0x00,CURRENT,1,0,OK,0.3,0.3,45.0,150.017,,1180.091,,,1.0,14.0
2026-08-06 14:52:25.354,300100,45020,150016896,1180.086567,,1976.387,0x00,0x00,CURRENT,1,0,OK,0.3,0.3,45.0,150.017,,1180.091,,,1.0,14.0
2026-08-06 14:52:26.188,300047,45012,150016832,1180.085892,,1977.221,0x00,0x00,CURRENT,1,0,OK,0.3,0.3,45.0,150.018,,1180.095,,,1.0,14.0
2026-08-06 14:52:27.003,299985,45003,150016976,1180.087412,,1978.036,0x00,0x00,CURRENT,1,0,OK,0.3,0.3,45.0,150.018,,1180.095,,,1.0,14.0
2026-08-06 14:52:28.316,299940,44996,150017392,1180.091805,,1979.350,0x00,0x00,CURRENT,1,0,OK,0.3,0.3,45.0,150.017,,1180.091,,,1.0,13.0
2026-08-06 14:52:29.132,299894,44989,150017040,1180.088088,,1980.165,0x00,0x00,CURRENT,1,0,OK,0.3,0.3,45.0,150.017,,1180.091,,,1.0,13.0
2026-08-06 14:52:29.966,299848,44982,150017040,1180.088088,,1980.999,0x00,0x00,CURRENT,1,0,OK,0.3,0.3,45.0,150.017,,1180.089,,,1.0,13.0
2026-08-06 14:52:30.853,299978,45002,150017200,1180.089778,,1981.886,0x00,0x00,CURRENT,1,0,OK,0.3,0.3,45.0,150.017,,1180.089,,,1.0,13.0
2026-08-06 14:52:31.667,300098,45020,150017184,1180.089609,,1982.701,0x00,0x00,CURRENT,1,0,OK,0.3,0.3,45.0,150.017,,1180.089,,,1.0,13.0
2026-08-06 14:52:32.502,300216,45038,150017680,1180.094846,,1983.535,0x00,0x00,CURRENT,1,0,OK,0.3,0.3,45.0,150.016,,1180.081,,,1.0,14.0
2026-08-06 14:52:33.353,300157,45029,150017888,1180.097043,,1984.387,0x00,0x00,CURRENT,1,0,OK,0.3,0.3,45.0,150.016,,1180.081,,,1.0,14.0
2026-08-06 14:52:34.187,300092,45019,150017952,1180.097718,,1985.221,0x00,0x00,CURRENT,1,0,OK,0.3,0.3,45.0,150.017,,1180.087,,,1.0,14.0
2026-08-06 14:52:35.002,300028,45009,150017584,1180.093832,,1986.036,0x00,0x00,CURRENT,1,0,OK,0.3,0.3,45.0,150.017,,1180.087,,,1.0,14.0
2026-08-06 14:52:36.317,299968,45000,150017232,1180.090115,,1987.350,0x00,0x00,CURRENT,1,0,OK,0.3,0.3,45.0,150.017,,1180.085,,,1.0,14.0
2026-08-06 14:52:37.131,299916,44993,150017408,1180.091974,,1988.165,0x00,0x00,CURRENT,1,0,OK,0.3,0.3,45.0,150.017,,1180.085,,,1.0,14.0
2026-08-06 14:52:37.965,300029,45010,150017536,1180.093326,,1988.999,0x00,0x00,CURRENT,1,0,OK,0.3,0.3,45.0,150.016,,1180.081,,,1.0,13.0
2026-08-06 14:52:38.855,300140,45026,150017424,1180.092143,,1989.888,0x00,0x00,CURRENT,1,0,OK,0.3,0.3,45.0,150.016,,1180.081,,,1.0,13.0
2026-08-06 14:52:39.669,300241,45041,150017344,1180.091298,,1990.703,0x00,0x00,CURRENT,1,0,OK,0.3,0.3,45.0,150.016,,1180.081,,,1.0,13.0
2026-08-06 14:52:40.504,300170,45031,150016944,1180.087074,,1991.537,0x00,0x00,CURRENT,1,0,OK,0.3,0.3,45.0,150.015,,1180.071,,,1.0,14.0
2026-08-06 14:52:41.353,300109,45021,150016800,1180.085554,,1992.387,0x00,0x00,CURRENT,1,0,OK,0.3,0.3,45.0,150.015,,1180.071,,,1.0,14.0
2026-08-06 14:52:42.187,300047,45012,150017536,1180.093326,,1993.221,0x00,0x00,CURRENT,1,0,OK,0.3,0.3,45.0,150.016,,1180.081,,,1.0,14.0
2026-08-06 14:52:43.002,299979,45002,150018176,1180.100084,,1994.036,0x00,0x00,CURRENT,1,0,OK,0.3,0.3,45.0,150.016,,1180.081,,,1.0,14.0
2026-08-06 14:52:44.317,299931,44995,150017232,1180.090115,,1995.350,0x00,0x00,CURRENT,1,0,OK,0.3,0.3,45.0,150.016,,1180.082,,,1.0,13.0
2026-08-06 14:52:45.132,300055,45013,150017136,1180.089102,,1996.165,0x00,0x00,CURRENT,1,0,OK,0.3,0.3,45.0,150.016,,1180.082,,,1.0,13.0
2026-08-06 14:52:45.965,300169,45030,150016960,1180.087243,,1996.999,0x00,0x00,CURRENT,1,0,OK,0.3,0.3,45.0,150.016,,1180.08,,,1.0,13.0
2026-08-06 14:52:46.853,300273,45046,150016832,1180.085892,,1997.887,0x00,0x00,CURRENT,1,0,OK,0.3,0.3,45.0,150.016,,1180.08,,,1.0,13.0
2026-08-06 14:52:47.668,300212,45037,150016576,1180.083188,,1998.702,0x00,0x00,CURRENT,1,0,OK,0.3,0.3,45.0,150.016,,1180.08,,,1.0,13.0
2026-08-06 14:52:48.502,300153,45028,150016640,1180.083864,,1999.536,0x00,0x00,CURRENT,1,0,OK,0.3,0.3,45.0,150.016,,1180.077,,,1.0,14.0
2026-08-06 14:52:49.353,300092,45019,150016976,1180.087412,,2000.387,0x00,0x00,CURRENT,1,0,OK,0.3,0.3,45.0,150.016,,1180.077,,,1.0,14.0
2026-08-06 14:52:50.188,300027,45009,150017568,1180.093663,,2001.221,0x00,0x00,CURRENT,1,0,OK,0.3,0.3,45.0,150.015,,1180.071,,,1.0,14.0
2026-08-06 14:52:51.002,299967,45000,150017456,1180.092481,,2002.036,0x00,0x00,CURRENT,1,0,OK,0.3,0.3,45.0,150.015,,1180.071,,,1.0,14.0
2026-08-06 14:52:52.317,299923,44994,150017616,1180.094170,,2003.350,0x00,0x00,CURRENT,1,0,OK,0.3,0.3,45.0,150.015,,1180.068,,,1.0,13.0
2026-08-06 14:52:53.131,300046,45012,150017408,1180.091974,,2004.165,0x00,0x00,CURRENT,1,0,OK,0.3,0.3,45.0,150.015,,1180.068,,,1.0,13.0
2026-08-06 14:52:53.965,300171,45031,150017328,1180.091129,,2004.999,0x00,0x00,CURRENT,1,0,OK,0.3,0.3,45.0,150.015,,1180.068,,,1.0,13.0
2026-08-06 14:52:54.853,300281,45047,150017152,1180.089271,,2005.887,0x00,0x00,CURRENT,1,0,OK,0.3,0.3,45.0,150.015,,1180.068,,,1.0,13.0
2026-08-06 14:52:55.668,300227,45039,150016624,1180.083695,,2006.702,0x00,0x00,CURRENT,1,0,OK,0.3,0.3,45.0,150.015,,1180.068,,,1.0,13.0
2026-08-06 14:52:56.502,300173,45031,150016112,1180.078289,,2007.536,0x00,0x00,CURRENT,1,0,OK,0.3,0.3,45.0,150.015,,1180.065,,,1.0,14.0
2026-08-06 14:52:57.353,300111,45021,150015760,1180.074572,,2008.387,0x00,0x00,CURRENT,1,0,OK,0.3,0.3,45.0,150.015,,1180.065,,,1.0,14.0
2026-08-06 14:52:58.187,300060,45014,150015712,1180.074065,,2009.221,0x00,0x00,CURRENT,1,0,OK,0.3,0.3,45.0,150.016,,1180.072,,,1.0,14.0
2026-08-06 14:52:59.002,300005,45005,150015696,1180.073896,,2010.036,0x00,0x00,CURRENT,1,0,OK,0.3,0.3,45.0,150.016,,1180.072,,,1.0,14.0
2026-08-06 14:53:00.316,299953,44998,150015552,1180.072375,,2011.350,0x00,0x00,CURRENT,1,0,OK,0.3,0.3,45.0,150.016,,1180.077,,,1.0,13.0
2026-08-06 14:53:01.131,300065,45015,150015984,1180.076937,,2012.165,0x00,0x00,CURRENT,1,0,OK,0.3,0.3,45.0,150.016,,1180.077,,,1.0,13.0
2026-08-06 14:53:01.965,300174,45031,150015824,1180.075247,,2012.999,0x00,0x00,CURRENT,1,0,OK,0.3,0.3,45.0,150.016,,1180.075,,,1.0,13.0
2026-08-06 14:53:02.854,300288,45048,150015536,1180.072206,,2013.888,0x00,0x00,CURRENT,1,0,OK,0.3,0.3,45.0,150.016,,1180.075,,,1.0,13.0
2026-08-06 14:53:03.669,300219,45038,150015904,1180.076092,,2014.703,0x00,0x00,CURRENT,1,0,OK,0.3,0.3,45.0,150.016,,1180.075,,,1.0,13.0
2026-08-06 14:53:04.503,300156,45028,150016064,1180.077782,,2015.537,0x00,0x00,CURRENT,1,0,OK,0.3,0.3,45.0,150.015,,1180.071,,,1.0,14.0
2026-08-06 14:53:05.353,300100,45020,150016400,1180.081330,,2016.387,0x00,0x00,CURRENT,1,0,OK,0.3,0.3,45.0,150.015,,1180.071,,,1.0,14.0
2026-08-06 14:53:06.187,300052,45013,150016496,1180.082344,,2017.221,0x00,0x00,CURRENT,1,0,OK,0.3,0.3,45.0,150.016,,1180.076,,,1.0,14.0
2026-08-06 14:53:07.002,300013,45007,150016928,1180.086905,,2018.036,0x00,0x00,CURRENT,1,0,OK,0.3,0.3,45.0,150.016,,1180.076,,,1.0,14.0
2026-08-06 14:53:08.316,299970,45000,150016288,1180.080147,,2019.350,0x00,0x00,CURRENT,1,0,OK,0.3,0.3,45.0,150.015,,1180.071,,,1.0,13.0
2026-08-06 14:53:09.131,300095,45019,150015792,1180.074910,,2020.165,0x00,0x00,CURRENT,1,0,OK,0.3,0.3,45.0,150.015,,1180.071,,,1.0,13.0
2026-08-06 14:53:09.965,300222,45038,150016144,1180.078627,,2020.999,0x00,0x00,CURRENT,1,0,OK,0.3,0.3,45.0,150.016,,1180.074,,,1.0,13.0
2026-08-06 14:53:10.854,300169,45030,150015968,1180.076768,,2021.888,0x00,0x00,CURRENT,1,0,OK,0.3,0.3,45.0,150.016,,1180.074,,,1.0,13.0
2026-08-06 14:53:11.669,300114,45022,150016384,1180.081161,,2022.703,0x00,0x00,CURRENT,1,0,OK,0.3,0.3,45.0,150.016,,1180.074,,,1.0,13.0
2026-08-06 14:53:12.503,300069,45015,150016896,1180.086567,,2023.537,0x00,0x00,CURRENT,1,0,OK,0.3,0.3,45.0,150.015,,1180.064,,,1.0,14.0
2026-08-06 14:53:13.354,300021,45008,150016576,1180.083188,,2024.388,0x00,0x00,CURRENT,1,0,OK,0.3,0.3,45.0,150.015,,1180.064,,,1.0,14.0
2026-08-06 14:53:14.188,300138,45026,150016272,1180.079978,,2025.222,0x00,0x00,CURRENT,1,0,OK,0.3,0.3,45.0,150.015,,1180.061,,,1.0,13.0
2026-08-06 14:53:15.003,300077,45017,150016416,1180.081499,,2026.037,0x00,0x00,CURRENT,1,0,OK,0.3,0.3,45.0,150.015,,1180.061,,,1.0,13.0
2026-08-06 14:53:16.317,300019,45008,150016512,1180.082512,,2027.351,0x00,0x00,CURRENT,1,0,OK,0.3,0.3,45.0,150.015,,1180.066,,,1.0,14.0
2026-08-06 14:53:17.132,299975,45001,150016128,1180.078458,,2028.165,0x00,0x00,CURRENT,1,0,OK,0.3,0.3,45.0,150.015,,1180.066,,,1.0,14.0
2026-08-06 14:53:17.966,299929,44994,150016112,1180.078289,,2029.000,0x00,0x00,CURRENT,1,0,OK,0.3,0.3,45.0,150.015,,1180.069,,,1.0,14.0
2026-08-06 14:53:18.853,299884,44988,150016528,1180.082681,,2029.887,0x00,0x00,CURRENT,1,0,OK,0.3,0.3,45.0,150.015,,1180.069,,,1.0,14.0
2026-08-06 14:53:19.668,299840,44981,150016176,1180.078964,,2030.702,0x00,0x00,CURRENT,1,0,OK,0.3,0.3,45.0,150.015,,1180.069,,,1.0,14.0
2026-08-06 14:53:20.502,299970,45000,150016112,1180.078289,,2031.536,0x00,0x00,CURRENT,1,0,OK,0.3,0.3,45.0,150.016,,1180.077,,,1.0,13.0
2026-08-06 14:53:21.354,300083,45017,150016272,1180.079978,,2032.388,0x00,0x00,CURRENT,1,0,OK,0.3,0.3,45.0,150.016,,1180.077,,,1.0,13.0
2026-08-06 14:53:22.188,300030,45009,150016128,1180.078458,,2033.222,0x00,0x00,CURRENT,1,0,OK,0.3,0.3,45.0,150.016,,1180.073,,,1.0,14.0
2026-08-06 14:53:23.003,299985,45002,150015728,1180.074234,,2034.037,0x00,0x00,CURRENT,1,0,OK,0.3,0.3,45.0,150.016,,1180.073,,,1.0,14.0
2026-08-06 14:53:24.317,299937,44995,150015840,1180.075416,,2035.351,0x00,0x00,CURRENT,1,0,OK,0.3,0.3,45.0,150.016,,1180.076,,,1.0,14.0
2026-08-06 14:53:25.132,299886,44988,150015968,1180.076768,,2036.165,0x00,0x00,CURRENT,1,0,OK,0.3,0.3,45.0,150.016,,1180.076,,,1.0,14.0
2026-08-06 14:53:25.966,300016,45007,150015408,1180.070855,,2036.999,0x00,0x00,CURRENT,1,0,OK,0.3,0.3,45.0,150.016,,1180.076,,,1.0,13.0
2026-08-06 14:53:26.854,300138,45025,150015136,1180.067982,,2037.888,0x00,0x00,CURRENT,1,0,OK,0.3,0.3,45.0,150.016,,1180.076,,,1.0,13.0
2026-08-06 14:53:27.669,300081,45017,150015504,1180.071868,,2038.703,0x00,0x00,CURRENT,1,0,OK,0.3,0.3,45.0,150.016,,1180.076,,,1.0,13.0
2026-08-06 14:53:28.503,300029,45009,150015776,1180.074741,,2039.536,0x00,0x00,CURRENT,1,0,OK,0.3,0.3,45.0,150.016,,1180.08,,,1.0,14.0
2026-08-06 14:53:29.354,299981,45002,150015280,1180.069503,,2040.388,0x00,0x00,CURRENT,1,0,OK,0.3,0.3,45.0,150.016,,1180.08,,,1.0,14.0
2026-08-06 14:53:30.188,299943,44996,150015184,1180.068489,,2041.222,0x00,0x00,CURRENT,1,0,OK,0.3,0.3,45.0,150.017,,1180.083,,,1.0,13.0
2026-08-06 14:53:31.003,299904,44990,150015376,1180.070517,,2042.037,0x00,0x00,CURRENT,1,0,OK,0.3,0.3,45.0,150.017,,1180.083,,,1.0,13.0
2026-08-06 14:53:32.317,300030,45009,150014992,1180.066462,,2043.351,0x00,0x00,CURRENT,1,0,OK,0.3,0.3,45.0,150.017,,1180.089,,,1.0,13.0
2026-08-06 14:53:33.132,300143,45026,150015312,1180.069841,,2044.165,0x00,0x00,CURRENT,1,0,OK,0.3,0.3,45.0,150.017,,1180.089,,,1.0,13.0
2026-08-06 14:53:33.966,300243,45041,150015280,1180.069503,,2044.999,0x00,0x00,CURRENT,1,0,OK,0.3,0.3,45.0,150.017,,1180.09,,,1.0,14.0
2026-08-06 14:53:34.854,300183,45032,150015072,1180.067307,,2045.887,0x00,0x00,CURRENT,1,0,OK,0.3,0.3,45.0,150.017,,1180.09,,,1.0,14.0
2026-08-06 14:53:35.669,300122,45023,150015360,1180.070348,,2046.703,0x00,0x00,CURRENT,1,0,OK,0.3,0.3,45.0,150.017,,1180.09,,,1.0,14.0
2026-08-06 14:53:36.503,300070,45015,150015376,1180.070517,,2047.536,0x00,0x00,CURRENT,1,0,OK,0.3,0.3,45.0,150.017,,1180.091,,,1.0,14.0
2026-08-06 14:53:37.353,300018,45007,150015232,1180.068996,,2048.386,0x00,0x00,CURRENT,1,0,OK,0.3,0.3,45.0,150.017,,1180.091,,,1.0,14.0
2026-08-06 14:53:38.187,299966,45000,150015648,1180.073389,,2049.220,0x00,0x00,CURRENT,1,0,OK,0.3,0.3,45.0,150.018,,1180.095,,,1.0,14.0
2026-08-06 14:53:39.002,299913,44992,150015824,1180.075247,,2050.035,0x00,0x00,CURRENT,1,0,OK,0.3,0.3,45.0,150.018,,1180.095,,,1.0,14.0
2026-08-06 14:53:40.316,299866,44985,150016032,1180.077444,,2051.349,0x00,0x00,CURRENT,1,0,OK,0.3,0.3,45.0,150.018,,1180.103,,,1.0,13.0
2026-08-06 14:53:41.130,299991,45003,150016016,1180.077275,,2052.164,0x00,0x00,CURRENT,1,0,OK,0.3,0.3,45.0,150.018,,1180.103,,,1.0,13.0
2026-08-06 14:53:41.964,300115,45022,150015856,1180.075585,,2052.998,0x00,0x00,CURRENT,1,0,OK,0.3,0.3,45.0,150.018,,1180.101,,,1.0,13.0
2026-08-06 14:53:42.854,300229,45039,150015808,1180.075078,,2053.887,0x00,0x00,CURRENT,1,0,OK,0.3,0.3,45.0,150.018,,1180.101,,,1.0,13.0
2026-08-06 14:53:43.669,300177,45031,150016272,1180.079978,,2054.703,0x00,0x00,CURRENT,1,0,OK,0.3,0.3,45.0,150.018,,1180.101,,,1.0,13.0
2026-08-06 14:53:44.502,300123,45023,150016064,1180.077782,,2055.536,0x00,0x00,CURRENT,1,0,OK,0.3,0.3,45.0,150.018,,1180.097,,,1.0,14.0
2026-08-06 14:53:45.354,300076,45016,150016128,1180.078458,,2056.387,0x00,0x00,CURRENT,1,0,OK,0.3,0.3,45.0,150.018,,1180.097,,,1.0,14.0
2026-08-06 14:53:46.187,300032,45010,150016496,1180.082344,,2057.221,0x00,0x00,CURRENT,1,0,OK,0.3,0.3,45.0,150.018,,1180.095,,,1.0,14.0
2026-08-06 14:53:47.002,299981,45002,150016784,1180.085385,,2058.036,0x00,0x00,CURRENT,1,0,OK,0.3,0.3,45.0,150.018,,1180.095,,,1.0,14.0
2026-08-06 14:53:48.317,299940,44996,150016496,1180.082344,,2059.350,0x00,0x00,CURRENT,1,0,OK,0.3,0.3,45.0,150.018,,1180.097,,,1.0,13.0
2026-08-06 14:53:49.132,300062,45014,150015968,1180.076768,,2060.165,0x00,0x00,CURRENT,1,0,OK,0.3,0.3,45.0,150.018,,1180.097,,,1.0,13.0
2026-08-06 14:53:49.965,300169,45030,150016176,1180.078964,,2060.999,0x00,0x00,CURRENT,1,0,OK,0.3,0.3,45.0,150.018,,1180.097,,,1.0,13.0
2026-08-06 14:53:50.853,300285,45047,150015696,1180.073896,,2061.887,0x00,0x00,CURRENT,1,0,OK,0.3,0.3,45.0,150.018,,1180.097,,,1.0,13.0
2026-08-06 14:53:51.669,300222,45038,150015920,1180.076261,,2062.702,0x00,0x00,CURRENT,1,0,OK,0.3,0.3,45.0,150.018,,1180.097,,,1.0,13.0
2026-08-06 14:53:52.502,300165,45030,150016032,1180.077444,,2063.536,0x00,0x00,CURRENT,1,0,OK,0.3,0.3,45.0,150.018,,1180.095,,,1.0,14.0
2026-08-06 14:53:53.354,300106,45021,150016240,1180.079640,,2064.388,0x00,0x00,CURRENT,1,0,OK,0.3,0.3,45.0,150.018,,1180.095,,,1.0,14.0
2026-08-06 14:53:54.188,300048,45012,150016048,1180.077613,,2065.222,0x00,0x00,CURRENT,1,0,OK,0.3,0.3,45.0,150.017,,1180.088,,,1.0,14.0
2026-08-06 14:53:55.003,300004,45005,150016096,1180.078120,,2066.037,0x00,0x00,CURRENT,1,0,OK,0.3,0.3,45.0,150.017,,1180.088,,,1.0,14.0
2026-08-06 14:53:56.317,299955,44998,150015952,1180.076599,,2067.351,0x00,0x00,CURRENT,1,0,OK,0.3,0.3,45.0,150.016,,1180.082,,,1.0,13.0
2026-08-06 14:53:57.132,300075,45016,150016304,1180.080316,,2068.166,0x00,0x00,CURRENT,1,0,OK,0.3,0.3,45.0,150.016,,1180.082,,,1.0,13.0
2026-08-06 14:53:57.966,300191,45034,150016640,1180.083864,,2069.000,0x00,0x00,CURRENT,1,0,OK,0.3,0.3,45.0,150.016,,1180.082,,,1.0,13.0
2026-08-06 14:53:58.854,300133,45025,150016928,1180.086905,,2069.888,0x00,0x00,CURRENT,1,0,OK,0.3,0.3,45.0,150.016,,1180.082,,,1.0,13.0
2026-08-06 14:53:59.669,300080,45017,150016704,1180.084540,,2070.703,0x00,0x00,CURRENT,1,0,OK,0.3,0.3,45.0,150.016,,1180.082,,,1.0,13.0
2026-08-06 14:54:00.503,300030,45009,150016384,1180.081161,,2071.537,0x00,0x00,CURRENT,1,0,OK,0.3,0.3,45.0,150.016,,1180.08,,,1.0,14.0
2026-08-06 14:54:01.353,299979,45002,150016160,1180.078795,,2072.387,0x00,0x00,CURRENT,1,0,OK,0.3,0.3,45.0,150.016,,1180.08,,,1.0,14.0
2026-08-06 14:54:02.188,300104,45020,150016000,1180.077106,,2073.221,0x00,0x00,CURRENT,1,0,OK,0.3,0.3,45.0,150.017,,1180.083,,,1.0,13.0
2026-08-06 14:54:03.002,300229,45039,150015776,1180.074741,,2074.036,0x00,0x00,CURRENT,1,0,OK,0.3,0.3,45.0,150.017,,1180.083,,,1.0,13.0
2026-08-06 14:54:04.316,300184,45032,150015568,1180.072544,,2075.350,0x00,0x00,CURRENT,1,0,OK,0.3,0.3,45.0,150.016,,1180.073,,,1.0,14.0
2026-08-06 14:54:05.131,300118,45022,150015616,1180.073051,,2076.165,0x00,0x00,CURRENT,1,0,OK,0.3,0.3,45.0,150.016,,1180.073,,,1.0,14.0
2026-08-06 14:54:05.965,300066,45015,150015712,1180.074065,,2076.999,0x00,0x00,CURRENT,1,0,OK,0.3,0.3,45.0,150.015,,1180.071,,,1.0,14.0
2026-08-06 14:54:06.853,300019,45007,150014720,1180.063590,,2077.887,0x00,0x00,CURRENT,1,0,OK,0.3,0.3,45.0,150.015,,1180.071,,,1.0,14.0
2026-08-06 14:54:07.668,299973,45000,150014128,1180.057338,,2078.702,0x00,0x00,CURRENT,1,0,OK,0.3,0.3,45.0,150.015,,1180.071,,,1.0,14.0
2026-08-06 14:54:08.502,299923,44993,150014336,1180.059535,,2079.536,0x00,0x00,CURRENT,1,0,OK,0.3,0.3,45.0,150.016,,1180.078,,,1.0,13.0
2026-08-06 14:54:09.354,300046,45011,150014464,1180.060886,,2080.388,0x00,0x00,CURRENT,1,0,OK,0.3,0.3,45.0,150.016,,1180.078,,,1.0,13.0
2026-08-06 14:54:10.188,300163,45029,150014016,1180.056156,,2081.222,0x00,0x00,CURRENT,1,0,OK,0.3,0.3,45.0,150.016,,1180.079,,,1.0,13.0
2026-08-06 14:54:11.003,300274,45045,150014112,1180.057169,,2082.037,0x00,0x00,CURRENT,1,0,OK,0.3,0.3,45.0,150.016,,1180.079,,,1.0,13.0
2026-08-06 14:54:12.317,300210,45036,150014400,1180.060210,,2083.351,0x00,0x00,CURRENT,1,0,OK,0.3,0.3,45.0,150.016,,1180.079,,,1.0,14.0
2026-08-06 14:54:13.132,300149,45027,150014208,1180.058183,,2084.166,0x00,0x00,CURRENT,1,0,OK,0.3,0.3,45.0,150.016,,1180.079,,,1.0,14.0
2026-08-06 14:54:13.966,300089,45018,150014016,1180.056156,,2085.000,0x00,0x00,CURRENT,1,0,OK,0.3,0.3,45.0,150.015,,1180.068,,,1.0,14.0
2026-08-06 14:54:14.853,300034,45009,150013536,1180.051087,,2085.887,0x00,0x00,CURRENT,1,0,OK,0.3,0.3,45.0,150.015,,1180.068,,,1.0,14.0
2026-08-06 14:54:15.668,299982,45001,150013008,1180.045511,,2086.702,0x00,0x00,CURRENT,1,0,OK,0.3,0.3,45.0,150.015,,1180.068,,,1.0,14.0
2026-08-06 14:54:16.502,299943,44995,150012992,1180.045342,,2087.536,0x00,0x00,CURRENT,1,0,OK,0.3,0.3,45.0,150.015,,1180.066,,,1.0,13.0
2026-08-06 14:54:17.354,300067,45014,150012288,1180.037908,,2088.388,0x00,0x00,CURRENT,1,0,OK,0.3,0.3,45.0,150.015,,1180.066,,,1.0,13.0
2026-08-06 14:54:18.188,300185,45031,150012240,1180.037402,,2089.222,0x00,0x00,CURRENT,1,0,OK,0.3,0.3,45.0,150.015,,1180.067,,,1.0,13.0
2026-08-06 14:54:19.003,300306,45050,150012880,1180.044160,,2090.037,0x00,0x00,CURRENT,1,0,OK,0.3,0.3,45.0,150.015,,1180.067,,,1.0,13.0
2026-08-06 14:54:20.317,300246,45041,150012560,1180.040781,,2091.351,0x00,0x00,CURRENT,1,0,OK,0.3,0.3,45.0,150.015,,1180.063,,,1.0,14.0
2026-08-06 14:54:21.132,300189,45032,150012480,1180.039936,,2092.166,0x00,0x00,CURRENT,1,0,OK,0.3,0.3,45.0,150.015,,1180.063,,,1.0,14.0
2026-08-06 14:54:21.966,300131,45023,150012480,1180.039936,,2093.000,0x00,0x00,CURRENT,1,0,OK,0.3,0.3,45.0,150.014,,1180.057,,,1.0,14.0
2026-08-06 14:54:22.853,300073,45015,150012576,1180.040950,,2093.887,0x00,0x00,CURRENT,1,0,OK,0.3,0.3,45.0,150.014,,1180.057,,,1.0,14.0
2026-08-06 14:54:23.668,300015,45006,150012752,1180.042808,,2094.702,0x00,0x00,CURRENT,1,0,OK,0.3,0.3,45.0,150.014,,1180.057,,,1.0,14.0
2026-08-06 14:54:24.502,299961,44998,150013088,1180.046356,,2095.536,0x00,0x00,CURRENT,1,0,OK,0.3,0.3,45.0,150.015,,1180.067,,,1.0,13.0
2026-08-06 14:54:25.354,299914,44991,150013104,1180.046525,,2096.388,0x00,0x00,CURRENT,1,0,OK,0.3,0.3,45.0,150.015,,1180.067,,,1.0,13.0
2026-08-06 14:54:26.188,300041,45010,150013072,1180.046187,,2097.222,0x00,0x00,CURRENT,1,0,OK,0.3,0.3,45.0,150.015,,1180.069,,,1.0,13.0
2026-08-06 14:54:27.003,300156,45027,150013376,1180.049397,,2098.037,0x00,0x00,CURRENT,1,0,OK,0.3,0.3,45.0,150.015,,1180.069,,,1.0,13.0
2026-08-06 14:54:28.317,300095,45018,150013568,1180.051425,,2099.351,0x00,0x00,CURRENT,1,0,OK,0.3,0.3,45.0,150.016,,1180.073,,,1.0,14.0
2026-08-06 14:54:29.132,300033,45009,150013888,1180.054804,,2100.166,0x00,0x00,CURRENT,1,0,OK,0.3,0.3,45.0,150.016,,1180.073,,,1.0,14.0
2026-08-06 14:54:29.966,300144,45026,150014064,1180.056662,,2101.000,0x00,0x00,CURRENT,1,0,OK,0.3,0.3,45.0,150.016,,1180.073,,,1.0,13.0
2026-08-06 14:54:30.854,300247,45041,150013392,1180.049566,,2101.888,0x00,0x00,CURRENT,1,0,OK,0.3,0.3,45.0,150.016,,1180.073,,,1.0,13.0
2026-08-06 14:54:31.669,300181,45031,150013024,1180.045680,,2102.703,0x00,0x00,CURRENT,1,0,OK,0.3,0.3,45.0,150.016,,1180.073,,,1.0,13.0
2026-08-06 14:54:32.503,300123,45022,150013424,1180.049904,,2103.537,0x00,0x00,CURRENT,1,0,OK,0.3,0.3,45.0,150.015,,1180.068,,,1.0,14.0
2026-08-06 14:54:33.354,300059,45013,150013808,1180.053959,,2104.388,0x00,0x00,CURRENT,1,0,OK,0.3,0.3,45.0,150.015,,1180.068,,,1.0,14.0
2026-08-06 14:54:34.188,299998,45004,150013600,1180.051763,,2105.222,0x00,0x00,CURRENT,1,0,OK,0.3,0.3,45.0,150.016,,1180.073,,,1.0,13.0
2026-08-06 14:54:35.003,299941,44995,150013552,1180.051256,,2106.037,0x00,0x00,CURRENT,1,0,OK,0.3,0.3,45.0,150.016,,1180.073,,,1.0,13.0
2026-08-06 14:54:36.317,300054,45012,150012896,1180.044329,,2107.351,0x00,0x00,CURRENT,1,0,OK,0.3,0.3,45.0,150.016,,1180.076,,,1.0,13.0
2026-08-06 14:54:37.132,299998,45003,150012576,1180.040950,,2108.166,0x00,0x00,CURRENT,1,0,OK,0.3,0.3,45.0,150.016,,1180.076,,,1.0,13.0
2026-08-06 14:54:37.966,299942,44995,150012752,1180.042808,,2109.000,0x00,0x00,CURRENT,1,0,OK,0.3,0.3,45.0,150.016,,1180.078,,,1.0,14.0
2026-08-06 14:54:38.854,299887,44987,150012624,1180.041456,,2109.888,0x00,0x00,CURRENT,1,0,OK,0.3,0.3,45.0,150.016,,1180.078,,,1.0,14.0
2026-08-06 14:54:39.669,300008,45005,150013008,1180.045511,,2110.702,0x00,0x00,CURRENT,1,0,OK,0.3,0.3,45.0,150.016,,1180.078,,,1.0,14.0
2026-08-06 14:54:40.503,299955,44997,150013280,1180.048384,,2111.537,0x00,0x00,CURRENT,1,0,OK,0.3,0.3,45.0,150.016,,1180.078,,,1.0,14.0
2026-08-06 14:54:41.354,300065,45014,150012944,1180.044836,,2112.387,0x00,0x00,CURRENT,1,0,OK,0.3,0.3,45.0,150.016,,1180.078,,,1.0,14.0
2026-08-06 14:54:42.188,299999,45004,150013408,1180.049735,,2113.221,0x00,0x00,CURRENT,1,0,OK,0.3,0.3,45.0,150.016,,1180.079,,,1.0,14.0
2026-08-06 14:54:43.003,299941,44995,150013584,1180.051594,,2114.037,0x00,0x00,CURRENT,1,0,OK,0.3,0.3,45.0,150.016,,1180.079,,,1.0,14.0
2026-08-06 14:54:44.317,300054,45012,150013568,1180.051425,,2115.351,0x00,0x00,CURRENT,1,0,OK,0.3,0.3,45.0,150.016,,1180.078,,,1.0,13.0
2026-08-06 14:54:45.132,299994,45003,150013408,1180.049735,,2116.165,0x00,0x00,CURRENT,1,0,OK,0.3,0.3,45.0,150.016,,1180.078,,,1.0,13.0
2026-08-06 14:54:45.966,300110,45021,150013568,1180.051425,,2117.000,0x00,0x00,CURRENT,1,0,OK,0.3,0.3,45.0,150.017,,1180.087,,,1.0,14.0
2026-08-06 14:54:46.854,300041,45010,150013792,1180.053790,,2117.888,0x00,0x00,CURRENT,1,0,OK,0.3,0.3,45.0,150.017,,1180.087,,,1.0,14.0
2026-08-06 14:54:47.669,299976,45001,150013600,1180.051763,,2118.702,0x00,0x00,CURRENT,1,0,OK,0.3,0.3,45.0,150.017,,1180.087,,,1.0,14.0
2026-08-06 14:54:48.503,299923,44993,150013344,1180.049059,,2119.536,0x00,0x00,CURRENT,1,0,OK,0.3,0.3,45.0,150.016,,1180.081,,,1.0,13.0
2026-08-06 14:54:49.353,299872,44985,150013280,1180.048384,,2120.387,0x00,0x00,CURRENT,1,0,OK,0.3,0.3,45.0,150.016,,1180.081,,,1.0,13.0
2026-08-06 14:54:50.188,299990,45002,150013184,1180.047370,,2121.221,0x00,0x00,CURRENT,1,0,OK,0.3,0.3,45.0,150.016,,1180.081,,,1.0,13.0
2026-08-06 14:54:51.002,300102,45019,150012912,1180.044498,,2122.036,0x00,0x00,CURRENT,1,0,OK,0.3,0.3,45.0,150.016,,1180.081,,,1.0,13.0
2026-08-06 14:54:52.316,300040,45010,150012240,1180.037402,,2123.350,0x00,0x00,CURRENT,1,0,OK,0.3,0.3,45.0,150.016,,1180.076,,,1.0,14.0
2026-08-06 14:54:53.131,299983,45001,150012800,1180.043315,,2124.165,0x00,0x00,CURRENT,1,0,OK,0.3,0.3,45.0,150.016,,1180.076,,,1.0,14.0
2026-08-06 14:54:53.966,299934,44994,150012800,1180.043315,,2124.999,0x00,0x00,CURRENT,1,0,OK,0.3,0.3,45.0,150.017,,1180.083,,,1.0,13.0
2026-08-06 14:54:54.854,300052,45012,150012496,1180.040105,,2125.887,0x00,0x00,CURRENT,1,0,OK,0.3,0.3,45.0,150.017,,1180.083,,,1.0,13.0
2026-08-06 14:54:55.668,300166,45029,150012800,1180.043315,,2126.702,0x00,0x00,CURRENT,1,0,OK,0.3,0.3,45.0,150.017,,1180.083,,,1.0,13.0
2026-08-06 14:54:56.502,300102,45019,150012576,1180.040950,,2127.536,0x00,0x00,CURRENT,1,0,OK,0.3,0.3,45.0,150.016,,1180.076,,,1.0,14.0
2026-08-06 14:54:57.354,300047,45011,150012176,1180.036726,,2128.388,0x00,0x00,CURRENT,1,0,OK,0.3,0.3,45.0,150.016,,1180.076,,,1.0,14.0
2026-08-06 14:54:58.189,299991,45003,150013200,1180.047539,,2129.222,0x00,0x00,CURRENT,1,0,OK,0.3,0.3,45.0,150.016,,1180.081,,,1.0,14.0
2026-08-06 14:54:59.003,299937,44995,150013776,1180.053621,,2130.037,0x00,0x00,CURRENT,1,0,OK,0.3,0.3,45.0,150.016,,1180.081,,,1.0,14.0
2026-08-06 14:55:00.318,300063,45013,150013312,1180.048722,,2131.351,0x00,0x00,CURRENT,1,0,OK,0.3,0.3,45.0,150.017,,1180.084,,,1.0,13.0
2026-08-06 14:55:01.133,300008,45005,150013408,1180.049735,,2132.166,0x00,0x00,CURRENT,1,0,OK,0.3,0.3,45.0,150.017,,1180.084,,,1.0,13.0
2026-08-06 14:55:01.966,299958,44998,150013136,1180.046863,,2133.000,0x00,0x00,CURRENT,1,0,OK,0.3,0.3,45.0,150.016,,1180.074,,,1.0,14.0
2026-08-06 14:55:02.853,299916,44991,150013040,1180.045849,,2133.887,0x00,0x00,CURRENT,1,0,OK,0.3,0.3,45.0,150.016,,1180.074,,,1.0,14.0
2026-08-06 14:55:03.668,299866,44984,150013248,1180.048046,,2134.702,0x00,0x00,CURRENT,1,0,OK,0.3,0.3,45.0,150.016,,1180.074,,,1.0,14.0
2026-08-06 14:55:04.502,299816,44977,150014080,1180.056831,,2135.536,0x00,0x00,CURRENT,1,0,OK,0.3,0.3,45.0,150.015,,1180.071,,,1.0,13.0
2026-08-06 14:55:05.354,299778,44971,150013840,1180.054297,,2136.387,0x00,0x00,CURRENT,1,0,OK,0.3,0.3,45.0,150.015,,1180.071,,,1.0,13.0
2026-08-06 14:55:06.187,299745,44966,150014048,1180.056493,,2137.221,0x00,0x00,CURRENT,1,0,OK,0.3,0.3,45.0,150.016,,1180.075,,,1.0,13.0
2026-08-06 14:55:07.002,299876,44986,150014720,1180.063590,,2138.036,0x00,0x00,CURRENT,1,0,OK,0.3,0.3,45.0,150.016,,1180.075,,,1.0,13.0
2026-08-06 14:55:08.316,300014,45006,150014432,1180.060548,,2139.350,0x00,0x00,CURRENT,1,0,OK,0.3,0.3,45.0,150.016,,1180.076,,,1.0,13.0
2026-08-06 14:55:09.131,299967,44999,150013904,1180.054973,,2140.165,0x00,0x00,CURRENT,1,0,OK,0.3,0.3,45.0,150.016,,1180.076,,,1.0,13.0
2026-08-06 14:55:09.965,299919,44992,150014416,1180.060379,,2140.999,0x00,0x00,CURRENT,1,0,OK,0.3,0.3,45.0,150.017,,1180.085,,,1.0,14.0
2026-08-06 14:55:10.854,299881,44987,150014768,1180.064096,,2141.888,0x00,0x00,CURRENT,1,0,OK,0.3,0.3,45.0,150.017,,1180.085,,,1.0,14.0
2026-08-06 14:55:11.669,299839,44980,150014848,1180.064941,,2142.703,0x00,0x00,CURRENT,1,0,OK,0.3,0.3,45.0,150.017,,1180.085,,,1.0,14.0
2026-08-06 14:55:12.503,299805,44975,150014656,1180.062914,,2143.537,0x00,0x00,CURRENT,1,0,OK,0.3,0.3,45.0,150.016,,1180.079,,,1.0,14.0
2026-08-06 14:55:13.353,299772,44970,150014976,1180.066293,,2144.387,0x00,0x00,CURRENT,1,0,OK,0.3,0.3,45.0,150.016,,1180.079,,,1.0,14.0
2026-08-06 14:55:14.188,299743,44966,150014848,1180.064941,,2145.221,0x00,0x00,CURRENT,1,0,OK,0.3,0.3,45.0,150.016,,1180.078,,,1.0,13.0
2026-08-06 14:55:15.002,299712,44961,150015168,1180.068320,,2146.036,0x00,0x00,CURRENT,1,0,OK,0.3,0.3,45.0,150.016,,1180.078,,,1.0,13.0
2026-08-06 14:55:16.316,299848,44982,150015360,1180.070348,,2147.350,0x00,0x00,CURRENT,1,0,OK,0.3,0.3,45.0,150.017,,1180.09,,,1.0,13.0
2026-08-06 14:55:17.131,299807,44976,150015856,1180.075585,,2148.165,0x00,0x00,CURRENT,1,0,OK,0.3,0.3,45.0,150.017,,1180.09,,,1.0,13.0
2026-08-06 14:55:17.965,299767,44970,150015520,1180.072037,,2148.999,0x00,0x00,CURRENT,1,0,OK,0.3,0.3,45.0,150.017,,1180.088,,,1.0,14.0
2026-08-06 14:55:18.853,299726,44964,150015728,1180.074234,,2149.887,0x00,0x00,CURRENT,1,0,OK,0.3,0.3,45.0,150.017,,1180.088,,,1.0,14.0
2026-08-06 14:55:19.668,299856,44983,150016400,1180.081330,,2150.702,0x00,0x00,CURRENT,1,0,OK,0.3,0.3,45.0,150.017,,1180.088,,,1.0,14.0
2026-08-06 14:55:20.502,299805,44976,150016480,1180.082175,,2151.536,0x00,0x00,CURRENT,1,0,OK,0.3,0.3,45.0,150.017,,1180.087,,,1.0,14.0
2026-08-06 14:55:21.353,299932,44995,150016352,1180.080823,,2152.387,0x00,0x00,CURRENT,1,0,OK,0.3,0.3,45.0,150.017,,1180.087,,,1.0,14.0
2026-08-06 14:55:22.187,299889,44988,150015744,1180.074403,,2153.221,0x00,0x00,CURRENT,1,0,OK,0.3,0.3,45.0,150.017,,1180.092,,,1.0,14.0
2026-08-06 14:55:23.002,299843,44981,150015824,1180.075247,,2154.036,0x00,0x00,CURRENT,1,0,OK,0.3,0.3,45.0,150.017,,1180.092,,,1.0,14.0
2026-08-06 14:55:24.316,299803,44975,150015520,1180.072037,,2155.350,0x00,0x00,CURRENT,1,0,OK,0.3,0.3,45.0,150.017,,1180.087,,,1.0,14.0
2026-08-06 14:55:25.131,299927,44994,150014992,1180.066462,,2156.165,0x00,0x00,CURRENT,1,0,OK,0.3,0.3,45.0,150.017,,1180.087,,,1.0,14.0
2026-08-06 14:55:25.965,300055,45013,150014992,1180.066462,,2156.999,0x00,0x00,CURRENT,1,0,OK,0.3,0.3,45.0,150.018,,1180.093,,,1.0,14.0
2026-08-06 14:55:26.853,300006,45005,150015008,1180.066631,,2157.887,0x00,0x00,CURRENT,1,0,OK,0.3,0.3,45.0,150.018,,1180.093,,,1.0,14.0
2026-08-06 14:55:27.668,299961,44999,150014656,1180.062914,,2158.702,0x00,0x00,CURRENT,1,0,OK,0.3,0.3,45.0,150.018,,1180.093,,,1.0,14.0
2026-08-06 14:55:28.502,299920,44993,150015024,1180.066800,,2159.536,0x00,0x00,CURRENT,1,0,OK,0.3,0.3,45.0,150.017,,1180.084,,,1.0,14.0
2026-08-06 14:55:29.354,299884,44987,150015296,1180.069672,,2160.388,0x00,0x00,CURRENT,1,0,OK,0.3,0.3,45.0,150.017,,1180.084,,,1.0,14.0
2026-08-06 14:55:30.188,299846,44982,150015440,1180.071193,,2161.222,0x00,0x00,CURRENT,1,0,OK,0.3,0.3,45.0,150.016,,1180.077,,,1.0,13.0
2026-08-06 14:55:31.003,299808,44976,150015424,1180.071024,,2162.037,0x00,0x00,CURRENT,1,0,OK,0.3,0.3,45.0,150.016,,1180.077,,,1.0,13.0
2026-08-06 14:55:32.317,299945,44997,150015744,1180.074403,,2163.351,0x00,0x00,CURRENT,1,0,OK,0.3,0.3,45.0,150.016,,1180.079,,,1.0,13.0
2026-08-06 14:55:33.132,299904,44990,150015472,1180.071530,,2164.166,0x00,0x00,CURRENT,1,0,OK,0.3,0.3,45.0,150.016,,1180.079,,,1.0,13.0
2026-08-06 14:55:33.966,299873,44986,150015472,1180.071530,,2165.000,0x00,0x00,CURRENT,1,0,OK,0.3,0.3,45.0,150.017,,1180.083,,,1.0,14.0
2026-08-06 14:55:34.853,299837,44980,150014912,1180.065617,,2165.887,0x00,0x00,CURRENT,1,0,OK,0.3,0.3,45.0,150.017,,1180.083,,,1.0,14.0
2026-08-06 14:55:35.668,299803,44975,150014528,1180.061562,,2166.702,0x00,0x00,CURRENT,1,0,OK,0.3,0.3,45.0,150.017,,1180.083,,,1.0,14.0
2026-08-06 14:55:36.502,299768,44970,150014656,1180.062914,,2167.536,0x00,0x00,CURRENT,1,0,OK,0.3,0.3,45.0,150.017,,1180.083,,,1.0,13.0
2026-08-06 14:55:37.354,299731,44964,150015104,1180.067644,,2168.388,0x00,0x00,CURRENT,1,0,OK,0.3,0.3,45.0,150.017,,1180.083,,,1.0,13.0
2026-08-06 14:55:38.188,299872,44985,150015152,1180.068151,,2169.222,0x00,0x00,CURRENT,1,0,OK,0.3,0.3,45.0,150.016,,1180.072,,,1.0,13.0
2026-08-06 14:55:39.003,300002,45005,150015152,1180.068151,,2170.037,0x00,0x00,CURRENT,1,0,OK,0.3,0.3,45.0,150.016,,1180.072,,,1.0,13.0
2026-08-06 14:55:40.317,299959,44998,150015392,1180.070686,,2171.351,0x00,0x00,CURRENT,1,0,OK,0.3,0.3,45.0,150.016,,1180.076,,,1.0,14.0
2026-08-06 14:55:41.132,299917,44992,150015184,1180.068489,,2172.166,0x00,0x00,CURRENT,1,0,OK,0.3,0.3,45.0,150.016,,1180.076,,,1.0,14.0
2026-08-06 14:55:41.966,299874,44986,150015488,1180.071699,,2173.000,0x00,0x00,CURRENT,1,0,OK,0.3,0.3,45.0,150.016,,1180.074,,,1.0,14.0
2026-08-06 14:55:42.854,299833,44980,150015456,1180.071361,,2173.888,0x00,0x00,CURRENT,1,0,OK,0.3,0.3,45.0,150.016,,1180.074,,,1.0,14.0
2026-08-06 14:55:43.669,299963,44999,150015248,1180.069165,,2174.703,0x00,0x00,CURRENT,1,0,OK,0.3,0.3,45.0,150.016,,1180.074,,,1.0,14.0
2026-08-06 14:55:44.503,299921,44993,150015264,1180.069334,,2175.536,0x00,0x00,CURRENT,1,0,OK,0.3,0.3,45.0,150.016,,1180.073,,,1.0,14.0
2026-08-06 14:55:45.354,300049,45012,150015376,1180.070517,,2176.388,0x00,0x00,CURRENT,1,0,OK,0.3,0.3,45.0,150.016,,1180.073,,,1.0,14.0
2026-08-06 14:55:46.188,299998,45004,150015392,1180.070686,,2177.222,0x00,0x00,CURRENT,1,0,OK,0.3,0.3,45.0,150.016,,1180.077,,,1.0,14.0
2026-08-06 14:55:47.003,299943,44996,150014832,1180.064772,,2178.036,0x00,0x00,CURRENT,1,0,OK,0.3,0.3,45.0,150.016,,1180.077,,,1.0,14.0
2026-08-06 14:55:48.317,299896,44989,150014864,1180.065110,,2179.350,0x00,0x00,CURRENT,1,0,OK,0.3,0.3,45.0,150.016,,1180.079,,,1.0,14.0
2026-08-06 14:55:49.132,300026,45008,150014960,1180.066124,,2180.165,0x00,0x00,CURRENT,1,0,OK,0.3,0.3,45.0,150.016,,1180.079,,,1.0,14.0
2026-08-06 14:55:49.966,299981,45002,150015456,1180.071361,,2181.000,0x00,0x00,CURRENT,1,0,OK,0.3,0.3,45.0,150.017,,1180.087,,,1.0,14.0
2026-08-06 14:55:50.854,299939,44995,150015360,1180.070348,,2181.887,0x00,0x00,CURRENT,1,0,OK,0.3,0.3,45.0,150.017,,1180.087,,,1.0,14.0
2026-08-06 14:55:51.669,300075,45016,150015648,1180.073389,,2182.703,0x00,0x00,CURRENT,1,0,OK,0.3,0.3,45.0,150.017,,1180.087,,,1.0,14.0
2026-08-06 14:55:52.503,300038,45010,150015632,1180.073220,,2183.536,0x00,0x00,CURRENT,1,0,OK,0.3,0.3,45.0,150.017,,1180.085,,,1.0,14.0
2026-08-06 14:55:53.354,299994,45004,150015584,1180.072713,,2184.388,0x00,0x00,CURRENT,1,0,OK,0.3,0.3,45.0,150.017,,1180.085,,,1.0,14.0
2026-08-06 14:55:54.188,299949,44997,150015216,1180.068827,,2185.221,0x00,0x00,CURRENT,1,0,OK,0.3,0.3,45.0,150.016,,1180.081,,,1.0,14.0
2026-08-06 14:55:55.002,299904,44990,150014816,1180.064603,,2186.036,0x00,0x00,CURRENT,1,0,OK,0.3,0.3,45.0,150.016,,1180.081,,,1.0,14.0
2026-08-06 14:55:56.317,300033,45009,150014976,1180.066293,,2187.350,0x00,0x00,CURRENT,1,0,OK,0.3,0.3,45.0,150.017,,1180.09,,,1.0,13.0
2026-08-06 14:55:57.132,299986,45002,150015008,1180.066631,,2188.165,0x00,0x00,CURRENT,1,0,OK,0.3,0.3,45.0,150.017,,1180.09,,,1.0,13.0
2026-08-06 14:55:57.966,299940,44996,150015312,1180.069841,,2189.000,0x00,0x00,CURRENT,1,0,OK,0.3,0.3,45.0,150.016,,1180.079,,,1.0,14.0
2026-08-06 14:55:58.855,299898,44989,150015136,1180.067982,,2189.888,0x00,0x00,CURRENT,1,0,OK,0.3,0.3,45.0,150.016,,1180.079,,,1.0,14.0
2026-08-06 14:55:59.670,299861,44984,150015200,1180.068658,,2190.704,0x00,0x00,CURRENT,1,0,OK,0.3,0.3,45.0,150.016,,1180.079,,,1.0,14.0
2026-08-06 14:56:00.504,299823,44978,150015872,1180.075754,,2191.537,0x00,0x00,CURRENT,1,0,OK,0.3,0.3,45.0,150.015,,1180.07,,,1.0,13.0
2026-08-06 14:56:01.354,299788,44973,150015648,1180.073389,,2192.387,0x00,0x00,CURRENT,1,0,OK,0.3,0.3,45.0,150.015,,1180.07,,,1.0,13.0
2026-08-06 14:56:02.187,299746,44967,150016032,1180.077444,,2193.221,0x00,0x00,CURRENT,1,0,OK,0.3,0.3,45.0,150.015,,1180.068,,,1.0,13.0
2026-08-06 14:56:03.003,299883,44987,150016256,1180.079809,,2194.036,0x00,0x00,CURRENT,1,0,OK,0.3,0.3,45.0,150.015,,1180.068,,,1.0,13.0
2026-08-06 14:56:04.317,300016,45007,150016096,1180.078120,,2195.350,0x00,0x00,CURRENT,1,0,OK,0.3,0.3,45.0,150.015,,1180.063,,,1.0,13.0
2026-08-06 14:56:05.131,299976,45001,150015616,1180.073051,,2196.165,0x00,0x00,CURRENT,1,0,OK,0.3,0.3,45.0,150.015,,1180.063,,,1.0,13.0
2026-08-06 14:56:05.965,299941,44996,150015200,1180.068658,,2196.999,0x00,0x00,CURRENT,1,0,OK,0.3,0.3,45.0,150.014,,1180.061,,,1.0,14.0
2026-08-06 14:56:06.853,299900,44989,150014720,1180.063590,,2197.887,0x00,0x00,CURRENT,1,0,OK,0.3,0.3,45.0,150.014,,1180.061,,,1.0,14.0
2026-08-06 14:56:07.668,299867,44984,150014320,1180.059366,,2198.702,0x00,0x00,CURRENT,1,0,OK,0.3,0.3,45.0,150.014,,1180.061,,,1.0,14.0
2026-08-06 14:56:08.502,299829,44979,150014352,1180.059704,,2199.536,0x00,0x00,CURRENT,1,0,OK,0.3,0.3,45.0,150.015,,1180.063,,,1.0,14.0
2026-08-06 14:56:09.355,299790,44973,150014624,1180.062576,,2200.388,0x00,0x00,CURRENT,1,0,OK,0.3,0.3,45.0,150.015,,1180.063,,,1.0,14.0
2026-08-06 14:56:10.188,299750,44967,150014656,1180.062914,,2201.222,0x00,0x00,CURRENT,1,0,OK,0.3,0.3,45.0,150.015,,1180.067,,,1.0,13.0
2026-08-06 14:56:11.003,299709,44961,150014576,1180.062069,,2202.037,0x00,0x00,CURRENT,1,0,OK,0.3,0.3,45.0,150.015,,1180.067,,,1.0,13.0
2026-08-06 14:56:12.317,299835,44980,150014544,1180.061731,,2203.351,0x00,0x00,CURRENT,1,0,OK,0.3,0.3,45.0,150.015,,1180.067,,,1.0,13.0
2026-08-06 14:56:13.132,299961,44998,150014464,1180.060886,,2204.166,0x00,0x00,CURRENT,1,0,OK,0.3,0.3,45.0,150.015,,1180.067,,,1.0,13.0
2026-08-06 14:56:13.966,300077,45016,150014560,1180.061900,,2205.000,0x00,0x00,CURRENT,1,0,OK,0.3,0.3,45.0,150.015,,1180.067,,,1.0,14.0
2026-08-06 14:56:14.854,300015,45007,150014608,1180.062407,,2205.888,0x00,0x00,CURRENT,1,0,OK,0.3,0.3,45.0,150.015,,1180.067,,,1.0,14.0
2026-08-06 14:56:15.669,299963,44999,150014608,1180.062407,,2206.703,0x00,0x00,CURRENT,1,0,OK,0.3,0.3,45.0,150.015,,1180.067,,,1.0,14.0
2026-08-06 14:56:16.503,299909,44991,150014736,1180.063758,,2207.537,0x00,0x00,CURRENT,1,0,OK,0.3,0.3,45.0,150.016,,1180.08,,,1.0,14.0
2026-08-06 14:56:17.354,299849,44982,150015328,1180.070010,,2208.388,0x00,0x00,CURRENT,1,0,OK,0.3,0.3,45.0,150.016,,1180.08,,,1.0,14.0
2026-08-06 14:56:18.188,299797,44974,150014848,1180.064941,,2209.222,0x00,0x00,CURRENT,1,0,OK,0.3,0.3,45.0,150.017,,1180.083,,,1.0,13.0
2026-08-06 14:56:19.003,299926,44993,150015184,1180.068489,,2210.037,0x00,0x00,CURRENT,1,0,OK,0.3,0.3,45.0,150.017,,1180.083,,,1.0,13.0
2026-08-06 14:56:20.317,299877,44986,150014912,1180.065617,,2211.351,0x00,0x00,CURRENT,1,0,OK,0.3,0.3,45.0,150.017,,1180.084,,,1.0,14.0
2026-08-06 14:56:21.132,299829,44979,150015312,1180.069841,,2212.166,0x00,0x00,CURRENT,1,0,OK,0.3,0.3,45.0,150.017,,1180.084,,,1.0,14.0
2026-08-06 14:56:21.967,299781,44972,150015216,1180.068827,,2213.000,0x00,0x00,CURRENT,1,0,OK,0.3,0.3,45.0,150.016,,1180.077,,,1.0,14.0
2026-08-06 14:56:22.853,299738,44965,150015152,1180.068151,,2213.887,0x00,0x00,CURRENT,1,0,OK,0.3,0.3,45.0,150.016,,1180.077,,,1.0,14.0
2026-08-06 14:56:23.668,299864,44984,150015824,1180.075247,,2214.702,0x00,0x00,CURRENT,1,0,OK,0.3,0.3,45.0,150.016,,1180.077,,,1.0,14.0
2026-08-06 14:56:24.502,299991,45003,150015728,1180.074234,,2215.536,0x00,0x00,CURRENT,1,0,OK,0.3,0.3,45.0,150.016,,1180.075,,,1.0,14.0
2026-08-06 14:56:25.354,299944,44996,150015472,1180.071530,,2216.388,0x00,0x00,CURRENT,1,0,OK,0.3,0.3,45.0,150.016,,1180.075,,,1.0,14.0
2026-08-06 14:56:26.188,299898,44990,150016208,1180.079302,,2217.222,0x00,0x00,CURRENT,1,0,OK,0.3,0.3,45.0,150.016,,1180.074,,,1.0,14.0
2026-08-06 14:56:27.003,299854,44983,150015792,1180.074910,,2218.037,0x00,0x00,CURRENT,1,0,OK,0.3,0.3,45.0,150.016,,1180.074,,,1.0,14.0
2026-08-06 14:56:28.317,299803,44975,150015456,1180.071361,,2219.351,0x00,0x00,CURRENT,1,0,OK,0.3,0.3,45.0,150.016,,1180.074,,,1.0,13.0
2026-08-06 14:56:29.132,299762,44969,150015312,1180.069841,,2220.166,0x00,0x00,CURRENT,1,0,OK,0.3,0.3,45.0,150.016,,1180.074,,,1.0,13.0
2026-08-06 14:56:29.966,299893,44988,150015072,1180.067307,,2221.000,0x00,0x00,CURRENT,1,0,OK,0.3,0.3,45.0,150.016,,1180.074,,,1.0,13.0
2026-08-06 14:56:30.854,300018,45007,150014976,1180.066293,,2221.888,0x00,0x00,CURRENT,1,0,OK,0.3,0.3,45.0,150.016,,1180.074,,,1.0,13.0
2026-08-06 14:56:31.669,300129,45024,150015312,1180.069841,,2222.703,0x00,0x00,CURRENT,1,0,OK,0.3,0.3,45.0,150.016,,1180.074,,,1.0,13.0
2026-08-06 14:56:32.503,300072,45015,150015424,1180.071024,,2223.537,0x00,0x00,CURRENT,1,0,OK,0.3,0.3,45.0,150.016,,1180.081,,,1.0,14.0
2026-08-06 14:56:33.354,300016,45007,150015424,1180.071024,,2224.388,0x00,0x00,CURRENT,1,0,OK,0.3,0.3,45.0,150.016,,1180.081,,,1.0,14.0
2026-08-06 14:56:34.188,299966,44999,150015520,1180.072037,,2225.222,0x00,0x00,CURRENT,1,0,OK,0.3,0.3,45.0,150.016,,1180.08,,,1.0,14.0
2026-08-06 14:56:35.003,299924,44993,150015408,1180.070855,,2226.037,0x00,0x00,CURRENT,1,0,OK,0.3,0.3,45.0,150.016,,1180.08,,,1.0,14.0
2026-08-06 14:56:36.317,299880,44987,150015648,1180.073389,,2227.351,0x00,0x00,CURRENT,1,0,OK,0.3,0.3,45.0,150.016,,1180.075,,,1.0,13.0
2026-08-06 14:56:37.132,299839,44981,150015744,1180.074403,,2228.166,0x00,0x00,CURRENT,1,0,OK,0.3,0.3,45.0,150.016,,1180.075,,,1.0,13.0
2026-08-06 14:56:37.966,299972,45001,150016160,1180.078795,,2229.000,0x00,0x00,CURRENT,1,0,OK,0.3,0.3,45.0,150.016,,1180.079,,,1.0,13.0
2026-08-06 14:56:38.853,300094,45019,150015472,1180.071530,,2229.887,0x00,0x00,CURRENT,1,0,OK,0.3,0.3,45.0,150.016,,1180.079,,,1.0,13.0
2026-08-06 14:56:39.668,300040,45011,150015200,1180.068658,,2230.702,0x00,0x00,CURRENT,1,0,OK,0.3,0.3,45.0,150.016,,1180.079,,,1.0,13.0
2026-08-06 14:56:40.502,299993,45003,150014672,1180.063083,,2231.536,0x00,0x00,CURRENT,1,0,OK,0.3,0.3,45.0,150.016,,1180.079,,,1.0,14.0
2026-08-06 14:56:41.354,299953,44997,150014752,1180.063927,,2232.388,0x00,0x00,CURRENT,1,0,OK,0.3,0.3,45.0,150.016,,1180.079,,,1.0,14.0
2026-08-06 14:56:42.188,300075,45016,150014864,1180.065110,,2233.222,0x00,0x00,CURRENT,1,0,OK,0.3,0.3,45.0,150.017,,1180.084,,,1.0,13.0
2026-08-06 14:56:43.003,300025,45008,150015408,1180.070855,,2234.037,0x00,0x00,CURRENT,1,0,OK,0.3,0.3,45.0,150.017,,1180.084,,,1.0,13.0
2026-08-06 14:56:44.317,299980,45002,150015360,1180.070348,,2235.350,0x00,0x00,CURRENT,1,0,OK,0.3,0.3,45.0,150.016,,1180.082,,,1.0,14.0
2026-08-06 14:56:45.132,300103,45020,150014304,1180.059197,,2236.166,0x00,0x00,CURRENT,1,0,OK,0.3,0.3,45.0,150.016,,1180.082,,,1.0,14.0
2026-08-06 14:56:45.966,300217,45037,150014000,1180.055987,,2237.000,0x00,0x00,CURRENT,1,0,OK,0.3,0.3,45.0,150.017,,1180.09,,,1.0,14.0
2026-08-06 14:56:46.854,300158,45028,150013936,1180.055311,,2237.887,0x00,0x00,CURRENT,1,0,OK,0.3,0.3,45.0,150.017,,1180.09,,,1.0,14.0
2026-08-06 14:56:47.669,300102,45020,150014208,1180.058183,,2238.703,0x00,0x00,CURRENT,1,0,OK,0.3,0.3,45.0,150.017,,1180.09,,,1.0,14.0
2026-08-06 14:56:48.503,300049,45012,150014432,1180.060548,,2239.537,0x00,0x00,CURRENT,1,0,OK,0.3,0.3,45.0,150.017,,1180.088,,,1.0,14.0
2026-08-06 14:56:49.353,299995,45003,150014256,1180.058690,,2240.387,0x00,0x00,CURRENT,1,0,OK,0.3,0.3,45.0,150.017,,1180.088,,,1.0,14.0
2026-08-06 14:56:50.187,299948,44997,150014544,1180.061731,,2241.221,0x00,0x00,CURRENT,1,0,OK,0.3,0.3,45.0,150.017,,1180.09,,,1.0,13.0
2026-08-06 14:56:51.002,299906,44990,150014928,1180.065786,,2242.035,0x00,0x00,CURRENT,1,0,OK,0.3,0.3,45.0,150.017,,1180.09,,,1.0,13.0
2026-08-06 14:56:52.316,300037,45010,150014656,1180.062914,,2243.349,0x00,0x00,CURRENT,1,0,OK,0.3,0.3,45.0,150.018,,1180.095,,,1.0,13.0
2026-08-06 14:56:53.131,300155,45028,150014656,1180.062914,,2244.165,0x00,0x00,CURRENT,1,0,OK,0.3,0.3,45.0,150.018,,1180.095,,,1.0,13.0
2026-08-06 14:56:53.965,300274,45045,150014624,1180.062576,,2244.999,0x00,0x00,CURRENT,1,0,OK,0.3,0.3,45.0,150.017,,1180.089,,,1.0,14.0
2026-08-06 14:56:54.854,300211,45036,150015216,1180.068827,,2245.888,0x00,0x00,CURRENT,1,0,OK,0.3,0.3,45.0,150.017,,1180.089,,,1.0,14.0
2026-08-06 14:56:55.669,300164,45029,150015680,1180.073727,,2246.703,0x00,0x00,CURRENT,1,0,OK,0.3,0.3,45.0,150.017,,1180.089,,,1.0,14.0
2026-08-06 14:56:56.503,300116,45022,150016032,1180.077444,,2247.536,0x00,0x00,CURRENT,1,0,OK,0.3,0.3,45.0,150.017,,1180.091,,,1.0,14.0
2026-08-06 14:56:57.353,300066,45015,150016352,1180.080823,,2248.387,0x00,0x00,CURRENT,1,0,OK,0.3,0.3,45.0,150.017,,1180.091,,,1.0,14.0
2026-08-06 14:56:58.188,300019,45008,150016336,1180.080654,,2249.221,0x00,0x00,CURRENT,1,0,OK,0.3,0.3,45.0,150.017,,1180.088,,,1.0,14.0
2026-08-06 14:56:59.003,299974,45001,150016544,1180.082850,,2250.037,0x00,0x00,CURRENT,1,0,OK,0.3,0.3,45.0,150.017,,1180.088,,,1.0,14.0
2026-08-06 14:57:00.317,299927,44994,150017120,1180.088933,,2251.350,0x00,0x00,CURRENT,1,0,OK,0.3,0.3,45.0,150.017,,1180.092,,,1.0,13.0
2026-08-06 14:57:01.132,299884,44988,150017600,1180.094001,,2252.165,0x00,0x00,CURRENT,1,0,OK,0.3,0.3,45.0,150.017,,1180.092,,,1.0,13.0
2026-08-06 14:57:01.966,300011,45007,150017824,1180.096367,,2252.999,0x00,0x00,CURRENT,1,0,OK,0.3,0.3,45.0,150.018,,1180.093,,,1.0,13.0
2026-08-06 14:57:02.854,300129,45025,150017728,1180.095353,,2253.887,0x00,0x00,CURRENT,1,0,OK,0.3,0.3,45.0,150.018,,1180.093,,,1.0,13.0
2026-08-06 14:57:03.669,300238,45041,150017680,1180.094846,,2254.703,0x00,0x00,CURRENT,1,0,OK,0.3,0.3,45.0,150.018,,1180.093,,,1.0,13.0
2026-08-06 14:57:04.503,300175,45032,150017840,1180.096536,,2255.536,0x00,0x00,CURRENT,1,0,OK,0.3,0.3,45.0,150.017,,1180.085,,,1.0,14.0
2026-08-06 14:57:05.353,300120,45023,150017664,1180.094677,,2256.386,0x00,0x00,CURRENT,1,0,OK,0.3,0.3,45.0,150.017,,1180.085,,,1.0,14.0
2026-08-06 14:57:06.187,300065,45015,150017840,1180.096536,,2257.220,0x00,0x00,CURRENT,1,0,OK,0.3,0.3,45.0,150.016,,1180.081,,,1.0,14.0
2026-08-06 14:57:07.002,300018,45008,150018352,1180.101942,,2258.035,0x00,0x00,CURRENT,1,0,OK,0.3,0.3,45.0,150.016,,1180.081,,,1.0,14.0
2026-08-06 14:57:08.316,299980,45002,150018064,1180.098901,,2259.349,0x00,0x00,CURRENT,1,0,OK,0.3,0.3,45.0,150.017,,1180.086,,,1.0,13.0
2026-08-06 14:57:09.131,299940,44997,150018608,1180.104646,,2260.164,0x00,0x00,CURRENT,1,0,OK,0.3,0.3,45.0,150.017,,1180.086,,,1.0,13.0
2026-08-06 14:57:09.965,300067,45016,150018704,1180.105659,,2260.998,0x00,0x00,CURRENT,1,0,OK,0.3,0.3,45.0,150.017,,1180.092,,,1.0,13.0
2026-08-06 14:57:10.855,300194,45035,150018288,1180.101266,,2261.888,0x00,0x00,CURRENT,1,0,OK,0.3,0.3,45.0,150.017,,1180.092,,,1.0,13.0
2026-08-06 14:57:11.669,300145,45027,150018560,1180.104139,,2262.703,0x00,0x00,CURRENT,1,0,OK,0.3,0.3,45.0,150.017,,1180.092,,,1.0,13.0
2026-08-06 14:57:12.503,300096,45020,150019280,1180.111742,,2263.537,0x00,0x00,CURRENT,1,0,OK,0.3,0.3,45.0,150.017,,1180.091,,,1.0,14.0
2026-08-06 14:57:13.354,300052,45014,150019264,1180.111573,,2264.387,0x00,0x00,CURRENT,1,0,OK,0.3,0.3,45.0,150.017,,1180.091,,,1.0,14.0
2026-08-06 14:57:14.188,300020,45009,150019088,1180.109714,,2265.221,0x00,0x00,CURRENT,1,0,OK,0.3,0.3,45.0,150.018,,1180.1,,,1.0,14.0
2026-08-06 14:57:15.003,299981,45003,150019008,1180.108869,,2266.036,0x00,0x00,CURRENT,1,0,OK,0.3,0.3,45.0,150.018,,1180.1,,,1.0,14.0
2026-08-06 14:57:16.317,300108,45022,150018864,1180.107349,,2267.350,0x00,0x00,CURRENT,1,0,OK,0.3,0.3,45.0,150.018,,1180.102,,,1.0,13.0
2026-08-06 14:57:17.132,300231,45040,150018864,1180.107349,,2268.165,0x00,0x00,CURRENT,1,0,OK,0.3,0.3,45.0,150.018,,1180.102,,,1.0,13.0
2026-08-06 14:57:17.966,300177,45032,150019040,1180.109207,,2268.999,0x00,0x00,CURRENT,1,0,OK,0.3,0.3,45.0,150.018,,1180.099,,,1.0,14.0
2026-08-06 14:57:18.853,300128,45025,150019024,1180.109038,,2269.887,0x00,0x00,CURRENT,1,0,OK,0.3,0.3,45.0,150.018,,1180.099,,,1.0,14.0
2026-08-06 14:57:19.668,300087,45019,150019456,1180.113600,,2270.702,0x00,0x00,CURRENT,1,0,OK,0.3,0.3,45.0,150.018,,1180.099,,,1.0,14.0
2026-08-06 14:57:20.503,300044,45012,150019488,1180.113938,,2271.536,0x00,0x00,CURRENT,1,0,OK,0.3,0.3,45.0,150.018,,1180.102,,,1.0,14.0
2026-08-06 14:57:21.353,300001,45006,150019296,1180.111911,,2272.387,0x00,0x00,CURRENT,1,0,OK,0.3,0.3,45.0,150.018,,1180.102,,,1.0,14.0
2026-08-06 14:57:22.188,299952,44999,150020208,1180.121541,,2273.221,0x00,0x00,CURRENT,1,0,OK,0.3,0.3,45.0,150.019,,1180.11,,,1.0,13.0
2026-08-06 14:57:23.002,299918,44994,150019872,1180.117993,,2274.036,0x00,0x00,CURRENT,1,0,OK,0.3,0.3,45.0,150.019,,1180.11,,,1.0,13.0
2026-08-06 14:57:24.316,300052,45014,150019920,1180.118500,,2275.350,0x00,0x00,CURRENT,1,0,OK,0.3,0.3,45.0,150.019,,1180.11,,,1.0,13.0
2026-08-06 14:57:25.131,300174,45032,150019792,1180.117148,,2276.165,0x00,0x00,CURRENT,1,0,OK,0.3,0.3,45.0,150.019,,1180.11,,,1.0,13.0
2026-08-06 14:57:25.965,300297,45050,150019376,1180.112755,,2276.999,0x00,0x00,CURRENT,1,0,OK,0.3,0.3,45.0,150.019,,1180.112,,,1.0,14.0
2026-08-06 14:57:26.853,300243,45042,150019152,1180.110390,,2277.887,0x00,0x00,CURRENT,1,0,OK,0.3,0.3,45.0,150.019,,1180.112,,,1.0,14.0
2026-08-06 14:57:27.668,300188,45034,150019616,1180.115290,,2278.702,0x00,0x00,CURRENT,1,0,OK,0.3,0.3,45.0,150.019,,1180.112,,,1.0,14.0
2026-08-06 14:57:28.503,300139,45027,150019824,1180.117486,,2279.536,0x00,0x00,CURRENT,1,0,OK,0.3,0.3,45.0,150.019,,1180.109,,,1.0,14.0
2026-08-06 14:57:29.353,300088,45019,150019728,1180.116472,,2280.387,0x00,0x00,CURRENT,1,0,OK,0.3,0.3,45.0,150.019,,1180.109,,,1.0,14.0
2026-08-06 14:57:30.187,300038,45012,150019712,1180.116303,,2281.221,0x00,0x00,CURRENT,1,0,OK,0.3,0.3,45.0,150.019,,1180.113,,,1.0,14.0
2026-08-06 14:57:31.002,299993,45005,150020064,1180.120020,,2282.036,0x00,0x00,CURRENT,1,0,OK,0.3,0.3,45.0,150.019,,1180.113,,,1.0,14.0
2026-08-06 14:57:32.316,299945,44998,150020464,1180.124244,,2283.350,0x00,0x00,CURRENT,1,0,OK,0.3,0.3,45.0,150.019,,1180.107,,,1.0,13.0
2026-08-06 14:57:33.131,299899,44991,150020544,1180.125089,,2284.165,0x00,0x00,CURRENT,1,0,OK,0.3,0.3,45.0,150.019,,1180.107,,,1.0,13.0
2026-08-06 14:57:33.965,299860,44985,150020880,1180.128637,,2284.999,0x00,0x00,CURRENT,1,0,OK,0.3,0.3,45.0,150.018,,1180.099,,,1.0,13.0
2026-08-06 14:57:34.854,299818,44979,150020720,1180.126948,,2285.888,0x00,0x00,CURRENT,1,0,OK,0.3,0.3,45.0,150.018,,1180.099,,,1.0,13.0
2026-08-06 14:57:35.669,299945,44998,150020592,1180.125596,,2286.703,0x00,0x00,CURRENT,1,0,OK,0.3,0.3,45.0,150.018,,1180.099,,,1.0,13.0
2026-08-06 14:57:36.503,300069,45016,150020640,1180.126103,,2287.537,0x00,0x00,CURRENT,1,0,OK,0.3,0.3,45.0,150.019,,1180.107,,,1.0,13.0
2026-08-06 14:57:37.354,300188,45034,150020688,1180.126610,,2288.388,0x00,0x00,CURRENT,1,0,OK,0.3,0.3,45.0,150.019,,1180.107,,,1.0,13.0
2026-08-06 14:57:38.188,300291,45050,150020176,1180.121203,,2289.222,0x00,0x00,CURRENT,1,0,OK,0.3,0.3,45.0,150.019,,1180.106,,,1.0,14.0
2026-08-06 14:57:39.003,300220,45039,150020464,1180.124244,,2290.037,0x00,0x00,CURRENT,1,0,OK,0.3,0.3,45.0,150.019,,1180.106,,,1.0,14.0
2026-08-06 14:57:40.317,300160,45030,150020336,1180.122893,,2291.351,0x00,0x00,CURRENT,1,0,OK,0.3,0.3,45.0,150.019,,1180.104,,,1.0,14.0
2026-08-06 14:57:41.132,300104,45022,150020240,1180.121879,,2292.166,0x00,0x00,CURRENT,1,0,OK,0.3,0.3,45.0,150.019,,1180.104,,,1.0,14.0
2026-08-06 14:57:41.966,300050,45013,150019488,1180.113938,,2293.000,0x00,0x00,CURRENT,1,0,OK,0.3,0.3,45.0,150.018,,1180.097,,,1.0,14.0
2026-08-06 14:57:42.854,299993,45005,150018960,1180.108363,,2293.888,0x00,0x00,CURRENT,1,0,OK,0.3,0.3,45.0,150.018,,1180.097,,,1.0,14.0
2026-08-06 14:57:43.669,299936,44996,150019248,1180.111404,,2294.703,0x00,0x00,CURRENT,1,0,OK,0.3,0.3,45.0,150.018,,1180.097,,,1.0,14.0
2026-08-06 14:57:44.503,299887,44989,150019056,1180.109376,,2295.537,0x00,0x00,CURRENT,1,0,OK,0.3,0.3,45.0,150.018,,1180.103,,,1.0,13.0
2026-08-06 14:57:45.353,299848,44983,150018752,1180.106166,,2296.387,0x00,0x00,CURRENT,1,0,OK,0.3,0.3,45.0,150.018,,1180.103,,,1.0,13.0
2026-08-06 14:57:46.187,299981,45003,150018832,1180.107011,,2297.220,0x00,0x00,CURRENT,1,0,OK,0.3,0.3,45.0,150.02,,1180.116,,,1.0,13.0
2026-08-06 14:57:47.002,300108,45022,150018624,1180.104814,,2298.036,0x00,0x00,CURRENT,1,0,OK,0.3,0.3,45.0,150.02,,1180.116,,,1.0,13.0
2026-08-06 14:57:48.316,300222,45039,150018480,1180.103294,,2299.350,0x00,0x00,CURRENT,1,0,OK,0.3,0.3,45.0,150.019,,1180.11,,,1.0,14.0
2026-08-06 14:57:49.131,300167,45030,150017888,1180.097043,,2300.165,0x00,0x00,CURRENT,1,0,OK,0.3,0.3,45.0,150.019,,1180.11,,,1.0,14.0
2026-08-06 14:57:49.965,300117,45023,150017952,1180.097718,,2300.999,0x00,0x00,CURRENT,1,0,OK,0.3,0.3,45.0,150.02,,1180.117,,,1.0,14.0
2026-08-06 14:57:50.854,300066,45015,150017696,1180.095015,,2301.887,0x00,0x00,CURRENT,1,0,OK,0.3,0.3,45.0,150.02,,1180.117,,,1.0,14.0
2026-08-06 14:57:51.669,300025,45009,150017472,1180.092650,,2302.703,0x00,0x00,CURRENT,1,0,OK,0.3,0.3,45.0,150.02,,1180.117,,,1.0,14.0
2026-08-06 14:57:52.503,299982,45002,150017328,1180.091129,,2303.537,0x00,0x00,CURRENT,1,0,OK,0.3,0.3,45.0,150.019,,1180.111,,,1.0,14.0
2026-08-06 14:57:53.354,299938,44996,150016864,1180.086229,,2304.387,0x00,0x00,CURRENT,1,0,OK,0.3,0.3,45.0,150.019,,1180.111,,,1.0,14.0
2026-08-06 14:57:54.188,299900,44990,150016352,1180.080823,,2305.221,0x00,0x00,CURRENT,1,0,OK,0.3,0.3,45.0,150.019,,1180.113,,,1.0,13.0
2026-08-06 14:57:55.003,299852,44983,150016592,1180.083357,,2306.037,0x00,0x00,CURRENT,1,0,OK,0.3,0.3,45.0,150.019,,1180.113,,,1.0,13.0
2026-08-06 14:57:56.317,299815,44977,150016688,1180.084371,,2307.350,0x00,0x00,CURRENT,1,0,OK,0.3,0.3,45.0,150.019,,1180.106,,,1.0,13.0
2026-08-06 14:57:57.132,299946,44997,150017184,1180.089609,,2308.166,0x00,0x00,CURRENT,1,0,OK,0.3,0.3,45.0,150.019,,1180.106,,,1.0,13.0
2026-08-06 14:57:57.966,300070,45016,150017584,1180.093832,,2309.000,0x00,0x00,CURRENT,1,0,OK,0.3,0.3,45.0,150.018,,1180.099,,,1.0,13.0
2026-08-06 14:57:58.854,300187,45033,150017776,1180.095860,,2309.888,0x00,0x00,CURRENT,1,0,OK,0.3,0.3,45.0,150.018,,1180.099,,,1.0,13.0
2026-08-06 14:57:59.669,300298,45050,150018416,1180.102618,,2310.703,0x00,0x00,CURRENT,1,0,OK,0.3,0.3,45.0,150.018,,1180.099,,,1.0,13.0
2026-08-06 14:58:00.503,300241,45042,150019008,1180.108869,,2311.537,0x00,0x00,CURRENT,1,0,OK,0.3,0.3,45.0,150.019,,1180.104,,,1.0,14.0
2026-08-06 14:58:01.354,300184,45033,150019072,1180.109545,,2312.388,0x00,0x00,CURRENT,1,0,OK,0.3,0.3,45.0,150.019,,1180.104,,,1.0,14.0
2026-08-06 14:58:02.188,300137,45026,150018656,1180.105152,,2313.222,0x00,0x00,CURRENT,1,0,OK,0.3,0.3,45.0,150.019,,1180.106,,,1.0,14.0
2026-08-06 14:58:03.003,300096,45020,150018592,1180.104477,,2314.036,0x00,0x00,CURRENT,1,0,OK,0.3,0.3,45.0,150.019,,1180.106,,,1.0,14.0
2026-08-06 14:58:04.317,300037,45011,150018288,1180.101266,,2315.350,0x00,0x00,CURRENT,1,0,OK,0.3,0.3,45.0,150.018,,1180.099,,,1.0,14.0
2026-08-06 14:58:05.132,299988,45004,150018448,1180.102956,,2316.165,0x00,0x00,CURRENT,1,0,OK,0.3,0.3,45.0,150.018,,1180.099,,,1.0,14.0
2026-08-06 14:58:05.966,299939,44996,150017952,1180.097718,,2316.999,0x00,0x00,CURRENT,1,0,OK,0.3,0.3,45.0,150.019,,1180.109,,,1.0,13.0
2026-08-06 14:58:06.854,299900,44990,150017936,1180.097549,,2317.887,0x00,0x00,CURRENT,1,0,OK,0.3,0.3,45.0,150.019,,1180.109,,,1.0,13.0
2026-08-06 14:58:07.669,299864,44985,150017616,1180.094170,,2318.703,0x00,0x00,CURRENT,1,0,OK,0.3,0.3,45.0,150.019,,1180.109,,,1.0,13.0
2026-08-06 14:58:08.502,299829,44980,150017504,1180.092988,,2319.536,0x00,0x00,CURRENT,1,0,OK,0.3,0.3,45.0,150.018,,1180.101,,,1.0,13.0
2026-08-06 14:58:09.354,299955,44998,150017216,1180.089946,,2320.387,0x00,0x00,CURRENT,1,0,OK,0.3,0.3,45.0,150.018,,1180.101,,,1.0,13.0
2026-08-06 14:58:10.188,300076,45016,150016912,1180.086736,,2321.221,0x00,0x00,CURRENT,1,0,OK,0.3,0.3,45.0,150.018,,1180.096,,,1.0,13.0
2026-08-06 14:58:11.003,300198,45035,150017296,1180.090791,,2322.036,0x00,0x00,CURRENT,1,0,OK,0.3,0.3,45.0,150.018,,1180.096,,,1.0,13.0
2026-08-06 14:58:12.316,300141,45026,150017520,1180.093157,,2323.350,0x00,0x00,CURRENT,1,0,OK,0.3,0.3,45.0,150.018,,1180.093,,,1.0,14.0
2026-08-06 14:58:13.132,300087,45018,150017952,1180.097718,,2324.165,0x00,0x00,CURRENT,1,0,OK,0.3,0.3,45.0,150.018,,1180.093,,,1.0,14.0
2026-08-06 14:58:13.966,300039,45011,150017728,1180.095353,,2324.999,0x00,0x00,CURRENT,1,0,OK,0.3,0.3,45.0,150.016,,1180.082,,,1.0,14.0
2026-08-06 14:58:14.855,299991,45004,150017728,1180.095353,,2325.888,0x00,0x00,CURRENT,1,0,OK,0.3,0.3,45.0,150.016,,1180.082,,,1.0,14.0
2026-08-06 14:58:15.670,300115,45023,150017808,1180.096198,,2326.703,0x00,0x00,CURRENT,1,0,OK,0.3,0.3,45.0,150.016,,1180.082,,,1.0,14.0
2026-08-06 14:58:16.503,300068,45016,150017952,1180.097718,,2327.537,0x00,0x00,CURRENT,1,0,OK,0.3,0.3,45.0,150.016,,1180.08,,,1.0,14.0
2026-08-06 14:58:17.355,300188,45034,150018368,1180.102111,,2328.388,0x00,0x00,CURRENT,1,0,OK,0.3,0.3,45.0,150.016,,1180.08,,,1.0,14.0
2026-08-06 14:58:18.188,300128,45025,150018128,1180.099577,,2329.222,0x00,0x00,CURRENT,1,0,OK,0.3,0.3,45.0,150.016,,1180.077,,,1.0,14.0
2026-08-06 14:58:19.004,300068,45016,150018144,1180.099746,,2330.037,0x00,0x00,CURRENT,1,0,OK,0.3,0.3,45.0,150.016,,1180.077,,,1.0,14.0
2026-08-06 14:58:20.317,300012,45007,150017936,1180.097549,,2331.351,0x00,0x00,CURRENT,1,0,OK,0.3,0.3,45.0,150.016,,1180.079,,,1.0,14.0
2026-08-06 14:58:21.132,300125,45024,150017952,1180.097718,,2332.166,0x00,0x00,CURRENT,1,0,OK,0.3,0.3,45.0,150.016,,1180.079,,,1.0,14.0
2026-08-06 14:58:21.966,300230,45040,150017984,1180.098056,,2333.000,0x00,0x00,CURRENT,1,0,OK,0.3,0.3,45.0,150.016,,1180.077,,,1.0,14.0
2026-08-06 14:58:22.853,300164,45030,150017824,1180.096367,,2333.887,0x00,0x00,CURRENT,1,0,OK,0.3,0.3,45.0,150.016,,1180.077,,,1.0,14.0
2026-08-06 14:58:23.668,300107,45021,150017248,1180.090284,,2334.702,0x00,0x00,CURRENT,1,0,OK,0.3,0.3,45.0,150.016,,1180.077,,,1.0,14.0
2026-08-06 14:58:24.502,300053,45013,150017136,1180.089102,,2335.536,0x00,0x00,CURRENT,1,0,OK,0.3,0.3,45.0,150.016,,1180.076,,,1.0,14.0
2026-08-06 14:58:25.352,300004,45006,150016560,1180.083019,,2336.386,0x00,0x00,CURRENT,1,0,OK,0.3,0.3,45.0,150.016,,1180.076,,,1.0,14.0
2026-08-06 14:58:26.186,300118,45023,150016256,1180.079809,,2337.220,0x00,0x00,CURRENT,1,0,OK,0.3,0.3,45.0,150.017,,1180.083,,,1.0,13.0
2026-08-06 14:58:27.001,300056,45013,150016192,1180.079133,,2338.035,0x00,0x00,CURRENT,1,0,OK,0.3,0.3,45.0,150.017,,1180.083,,,1.0,13.0
2026-08-06 14:58:28.315,300161,45029,150015504,1180.071868,,2339.349,0x00,0x00,CURRENT,1,0,OK,0.3,0.3,45.0,150.017,,1180.087,,,1.0,13.0
2026-08-06 14:58:29.130,300267,45045,150015440,1180.071193,,2340.164,0x00,0x00,CURRENT,1,0,OK,0.3,0.3,45.0,150.017,,1180.087,,,1.0,13.0
2026-08-06 14:58:29.964,300196,45034,150015712,1180.074065,,2340.998,0x00,0x00,CURRENT,1,0,OK,0.3,0.3,45.0,150.017,,1180.083,,,1.0,14.0
2026-08-06 14:58:30.854,300142,45026,150015440,1180.071193,,2341.888,0x00,0x00,CURRENT,1,0,OK,0.3,0.3,45.0,150.017,,1180.083,,,1.0,14.0
2026-08-06 14:58:31.669,300086,45017,150015200,1180.068658,,2342.703,0x00,0x00,CURRENT,1,0,OK,0.3,0.3,45.0,150.017,,1180.083,,,1.0,14.0
2026-08-06 14:58:32.503,300023,45008,150015184,1180.068489,,2343.537,0x00,0x00,CURRENT,1,0,OK,0.3,0.3,45.0,150.017,,1180.086,,,1.0,14.0
2026-08-06 14:58:33.354,299966,44999,150015184,1180.068489,,2344.388,0x00,0x00,CURRENT,1,0,OK,0.3,0.3,45.0,150.017,,1180.086,,,1.0,14.0
2026-08-06 14:58:34.188,299912,44991,150015504,1180.071868,,2345.222,0x00,0x00,CURRENT,1,0,OK,0.3,0.3,45.0,150.016,,1180.079,,,1.0,13.0
2026-08-06 14:58:35.003,300029,45009,150015424,1180.071024,,2346.037,0x00,0x00,CURRENT,1,0,OK,0.3,0.3,45.0,150.016,,1180.079,,,1.0,13.0
2026-08-06 14:58:36.317,300154,45028,150014976,1180.066293,,2347.351,0x00,0x00,CURRENT,1,0,OK,0.3,0.3,45.0,150.016,,1180.075,,,1.0,13.0
2026-08-06 14:58:37.132,300095,45019,150015312,1180.069841,,2348.166,0x00,0x00,CURRENT,1,0,OK,0.3,0.3,45.0,150.016,,1180.075,,,1.0,13.0
2026-08-06 14:58:37.966,300047,45012,150015584,1180.072713,,2349.000,0x00,0x00,CURRENT,1,0,OK,0.3,0.3,45.0,150.016,,1180.074,,,1.0,14.0
2026-08-06 14:58:38.854,299996,45004,150015136,1180.067982,,2349.888,0x00,0x00,CURRENT,1,0,OK,0.3,0.3,45.0,150.016,,1180.074,,,1.0,14.0
2026-08-06 14:58:39.669,299951,44997,150015408,1180.070855,,2350.703,0x00,0x00,CURRENT,1,0,OK,0.3,0.3,45.0,150.016,,1180.074,,,1.0,14.0
2026-08-06 14:58:40.503,299912,44991,150015168,1180.068320,,2351.537,0x00,0x00,CURRENT,1,0,OK,0.3,0.3,45.0,150.015,,1180.07,,,1.0,14.0
2026-08-06 14:58:41.353,299876,44986,150015008,1180.066631,,2352.387,0x00,0x00,CURRENT,1,0,OK,0.3,0.3,45.0,150.015,,1180.07,,,1.0,14.0
2026-08-06 14:58:42.187,299843,44981,150015264,1180.069334,,2353.221,0x00,0x00,CURRENT,1,0,OK,0.3,0.3,45.0,150.016,,1180.074,,,1.0,13.0
2026-08-06 14:58:43.002,299808,44976,150015232,1180.068996,,2354.036,0x00,0x00,CURRENT,1,0,OK,0.3,0.3,45.0,150.016,,1180.074,,,1.0,13.0
2026-08-06 14:58:44.316,299943,44996,150014928,1180.065786,,2355.350,0x00,0x00,CURRENT,1,0,OK,0.3,0.3,45.0,150.014,,1180.061,,,1.0,13.0
2026-08-06 14:58:45.131,300063,45014,150015552,1180.072375,,2356.165,0x00,0x00,CURRENT,1,0,OK,0.3,0.3,45.0,150.014,,1180.061,,,1.0,13.0
2026-08-06 14:58:45.965,300010,45006,150014832,1180.064772,,2356.999,0x00,0x00,CURRENT,1,0,OK,0.3,0.3,45.0,150.015,,1180.063,,,1.0,14.0
2026-08-06 14:58:46.854,299956,44998,150014976,1180.066293,,2357.888,0x00,0x00,CURRENT,1,0,OK,0.3,0.3,45.0,150.015,,1180.063,,,1.0,14.0
2026-08-06 14:58:47.669,299907,44990,150014736,1180.063758,,2358.703,0x00,0x00,CURRENT,1,0,OK,0.3,0.3,45.0,150.015,,1180.063,,,1.0,14.0
2026-08-06 14:58:48.503,299861,44983,150014672,1180.063083,,2359.537,0x00,0x00,CURRENT,1,0,OK,0.3,0.3,45.0,150.016,,1180.075,,,1.0,14.0
2026-08-06 14:58:49.353,299817,44977,150014976,1180.066293,,2360.387,0x00,0x00,CURRENT,1,0,OK,0.3,0.3,45.0,150.016,,1180.075,,,1.0,14.0
2026-08-06 14:58:50.187,299780,44972,150015072,1180.067307,,2361.221,0x00,0x00,CURRENT,1,0,OK,0.3,0.3,45.0,150.016,,1180.081,,,1.0,13.0
2026-08-06 14:58:51.002,299739,44965,150015264,1180.069334,,2362.036,0x00,0x00,CURRENT,1,0,OK,0.3,0.3,45.0,150.016,,1180.081,,,1.0,13.0
2026-08-06 14:58:52.316,299873,44986,150015424,1180.071024,,2363.350,0x00,0x00,CURRENT,1,0,OK,0.3,0.3,45.0,150.017,,1180.083,,,1.0,13.0
2026-08-06 14:58:53.131,299830,44979,150015952,1180.076599,,2364.165,0x00,0x00,CURRENT,1,0,OK,0.3,0.3,45.0,150.017,,1180.083,,,1.0,13.0
2026-08-06 14:58:53.965,299782,44972,150016288,1180.080147,,2364.999,0x00,0x00,CURRENT,1,0,OK,0.3,0.3,45.0,150.016,,1180.08,,,1.0,14.0
2026-08-06 14:58:54.854,299739,44966,150015856,1180.075585,,2365.888,0x00,0x00,CURRENT,1,0,OK,0.3,0.3,45.0,150.016,,1180.08,,,1.0,14.0
2026-08-06 14:58:55.669,299870,44985,150015984,1180.076937,,2366.703,0x00,0x00,CURRENT,1,0,OK,0.3,0.3,45.0,150.016,,1180.08,,,1.0,14.0
2026-08-06 14:58:56.503,299831,44979,150015760,1180.074572,,2367.536,0x00,0x00,CURRENT,1,0,OK,0.3,0.3,45.0,150.016,,1180.078,,,1.0,14.0
2026-08-06 14:58:57.354,299790,44973,150016384,1180.081161,,2368.388,0x00,0x00,CURRENT,1,0,OK,0.3,0.3,45.0,150.016,,1180.078,,,1.0,14.0
2026-08-06 14:58:58.188,299917,44992,150016512,1180.082512,,2369.222,0x00,0x00,CURRENT,1,0,OK,0.3,0.3,45.0,150.016,,1180.08,,,1.0,13.0
2026-08-06 14:58:59.003,299871,44986,150016352,1180.080823,,2370.037,0x00,0x00,CURRENT,1,0,OK,0.3,0.3,45.0,150.016,,1180.08,,,1.0,13.0
2026-08-06 14:59:00.317,299821,44978,150015760,1180.074572,,2371.351,0x00,0x00,CURRENT,1,0,OK,0.3,0.3,45.0,150.016,,1180.077,,,1.0,14.0
2026-08-06 14:59:01.132,299947,44997,150016048,1180.077613,,2372.166,0x00,0x00,CURRENT,1,0,OK,0.3,0.3,45.0,150.016,,1180.077,,,1.0,14.0
2026-08-06 14:59:01.966,299894,44989,150016480,1180.082175,,2372.999,0x00,0x00,CURRENT,1,0,OK,0.3,0.3,45.0,150.016,,1180.074,,,1.0,14.0
2026-08-06 14:59:02.854,299849,44982,150016592,1180.083357,,2373.887,0x00,0x00,CURRENT,1,0,OK,0.3,0.3,45.0,150.016,,1180.074,,,1.0,14.0
2026-08-06 14:59:03.669,299972,45001,150016896,1180.086567,,2374.702,0x00,0x00,CURRENT,1,0,OK,0.3,0.3,45.0,150.016,,1180.074,,,1.0,14.0
2026-08-06 14:59:04.503,299919,44993,150017248,1180.090284,,2375.536,0x00,0x00,CURRENT,1,0,OK,0.3,0.3,45.0,150.015,,1180.069,,,1.0,14.0
2026-08-06 14:59:05.353,299871,44986,150017104,1180.088764,,2376.386,0x00,0x00,CURRENT,1,0,OK,0.3,0.3,45.0,150.015,,1180.069,,,1.0,14.0
2026-08-06 14:59:06.187,299993,45004,150016880,1180.086398,,2377.220,0x00,0x00,CURRENT,1,0,OK,0.3,0.3,45.0,150.015,,1180.07,,,1.0,13.0
2026-08-06 14:59:07.002,299938,44996,150016912,1180.086736,,2378.035,0x00,0x00,CURRENT,1,0,OK,0.3,0.3,45.0,150.015,,1180.07,,,1.0,13.0
2026-08-06 14:59:08.316,300047,45012,150017456,1180.092481,,2379.350,0x00,0x00,CURRENT,1,0,OK,0.3,0.3,45.0,150.016,,1180.081,,,1.0,14.0
2026-08-06 14:59:09.131,299985,45003,150017440,1180.092312,,2380.165,0x00,0x00,CURRENT,1,0,OK,0.3,0.3,45.0,150.016,,1180.081,,,1.0,14.0
2026-08-06 14:59:09.965,299935,44995,150017120,1180.088933,,2380.998,0x00,0x00,CURRENT,1,0,OK,0.3,0.3,45.0,150.017,,1180.087,,,1.0,14.0
2026-08-06 14:59:10.853,300058,45014,150016352,1180.080823,,2381.886,0x00,0x00,CURRENT,1,0,OK,0.3,0.3,45.0,150.017,,1180.087,,,1.0,14.0
2026-08-06 14:59:11.668,300006,45006,150016768,1180.085216,,2382.701,0x00,0x00,CURRENT,1,0,OK,0.3,0.3,45.0,150.017,,1180.087,,,1.0,14.0
2026-08-06 14:59:12.501,299961,44999,150016864,1180.086229,,2383.535,0x00,0x00,CURRENT,1,0,OK,0.3,0.3,45.0,150.017,,1180.084,,,1.0,14.0
2026-08-06 14:59:13.353,300081,45017,150016848,1180.086061,,2384.387,0x00,0x00,CURRENT,1,0,OK,0.3,0.3,45.0,150.017,,1180.084,,,1.0,14.0
2026-08-06 14:59:14.187,300027,45009,150016832,1180.085892,,2385.221,0x00,0x00,CURRENT,1,0,OK,0.3,0.3,45.0,150.016,,1180.081,,,1.0,14.0
2026-08-06 14:59:15.002,299979,45002,150016976,1180.087412,,2386.036,0x00,0x00,CURRENT,1,0,OK,0.3,0.3,45.0,150.016,,1180.081,,,1.0,14.0
2026-08-06 14:59:16.316,300104,45021,150016848,1180.086061,,2387.350,0x00,0x00,CURRENT,1,0,OK,0.3,0.3,45.0,150.016,,1180.081,,,1.0,13.0
2026-08-06 14:59:17.132,300055,45013,150017104,1180.088764,,2388.165,0x00,0x00,CURRENT,1,0,OK,0.3,0.3,45.0,150.016,,1180.081,,,1.0,13.0
2026-08-06 14:59:17.965,300004,45006,150017488,1180.092819,,2388.999,0x00,0x00,CURRENT,1,0,OK,0.3,0.3,45.0,150.017,,1180.086,,,1.0,14.0
2026-08-06 14:59:18.853,300119,45023,150017360,1180.091467,,2389.887,0x00,0x00,CURRENT,1,0,OK,0.3,0.3,45.0,150.017,,1180.086,,,1.0,14.0
2026-08-06 14:59:19.668,300061,45014,150017504,1180.092988,,2390.702,0x00,0x00,CURRENT,1,0,OK,0.3,0.3,45.0,150.017,,1180.086,,,1.0,14.0
2026-08-06 14:59:20.502,300015,45007,150017136,1180.089102,,2391.536,0x00,0x00,CURRENT,1,0,OK,0.3,0.3,45.0,150.017,,1180.088,,,1.0,14.0
2026-08-06 14:59:21.354,299970,45001,150017584,1180.093832,,2392.388,0x00,0x00,CURRENT,1,0,OK,0.3,0.3,45.0,150.017,,1180.088,,,1.0,14.0
2026-08-06 14:59:22.188,300094,45019,150017568,1180.093663,,2393.222,0x00,0x00,CURRENT,1,0,OK,0.3,0.3,45.0,150.017,,1180.091,,,1.0,13.0
2026-08-06 14:59:23.004,300039,45011,150017568,1180.093663,,2394.037,0x00,0x00,CURRENT,1,0,OK,0.3,0.3,45.0,150.017,,1180.091,,,1.0,13.0
2026-08-06 14:59:24.317,300147,45027,150017232,1180.090115,,2395.351,0x00,0x00,CURRENT,1,0,OK,0.3,0.3,45.0,150.018,,1180.094,,,1.0,14.0
2026-08-06 14:59:25.132,300092,45019,150017232,1180.090115,,2396.166,0x00,0x00,CURRENT,1,0,OK,0.3,0.3,45.0,150.018,,1180.094,,,1.0,14.0
2026-08-06 14:59:25.966,300032,45010,150016880,1180.086398,,2397.000,0x00,0x00,CURRENT,1,0,OK,0.3,0.3,45.0,150.018,,1180.097,,,1.0,14.0
2026-08-06 14:59:26.854,299976,45002,150017184,1180.089609,,2397.887,0x00,0x00,CURRENT,1,0,OK,0.3,0.3,45.0,150.018,,1180.097,,,1.0,14.0
2026-08-06 14:59:27.668,300096,45020,150017392,1180.091805,,2398.702,0x00,0x00,CURRENT,1,0,OK,0.3,0.3,45.0,150.018,,1180.097,,,1.0,14.0
2026-08-06 14:59:28.502,300204,45036,150016816,1180.085723,,2399.536,0x00,0x00,CURRENT,1,0,OK,0.3,0.3,45.0,150.017,,1180.089,,,1.0,14.0
2026-08-06 14:59:29.352,300135,45025,150017232,1180.090115,,2400.386,0x00,0x00,CURRENT,1,0,OK,0.3,0.3,45.0,150.017,,1180.089,,,1.0,14.0
2026-08-06 14:59:30.186,300082,45017,150017296,1180.090791,,2401.220,0x00,0x00,CURRENT,1,0,OK,0.3,0.3,45.0,150.017,,1180.089,,,1.0,14.0
2026-08-06 14:59:31.001,300025,45009,150017408,1180.091974,,2402.035,0x00,0x00,CURRENT,1,0,OK,0.3,0.3,45.0,150.017,,1180.089,,,1.0,14.0
2026-08-06 14:59:32.315,299971,45001,150017744,1180.095522,,2403.349,0x00,0x00,CURRENT,1,0,OK,0.3,0.3,45.0,150.017,,1180.091,,,1.0,13.0
2026-08-06 14:59:33.130,299920,44994,150018256,1180.100929,,2404.164,0x00,0x00,CURRENT,1,0,OK,0.3,0.3,45.0,150.017,,1180.091,,,1.0,13.0
2026-08-06 14:59:33.964,300036,45011,150018416,1180.102618,,2404.998,0x00,0x00,CURRENT,1,0,OK,0.3,0.3,45.0,150.017,,1180.086,,,1.0,13.0
2026-08-06 14:59:34.854,300164,45030,150018032,1180.098563,,2405.888,0x00,0x00,CURRENT,1,0,OK,0.3,0.3,45.0,150.017,,1180.086,,,1.0,13.0
2026-08-06 14:59:35.669,300279,45047,150017744,1180.095522,,2406.703,0x00,0x00,CURRENT,1,0,OK,0.3,0.3,45.0,150.017,,1180.086,,,1.0,13.0
2026-08-06 14:59:36.503,300213,45037,150017632,1180.094339,,2407.537,0x00,0x00,CURRENT,1,0,OK,0.3,0.3,45.0,150.016,,1180.081,,,1.0,14.0
2026-08-06 14:59:37.354,300152,45028,150017168,1180.089440,,2408.388,0x00,0x00,CURRENT,1,0,OK,0.3,0.3,45.0,150.016,,1180.081,,,1.0,14.0
2026-08-06 14:59:38.188,300099,45020,150017232,1180.090115,,2409.222,0x00,0x00,CURRENT,1,0,OK,0.3,0.3,45.0,150.017,,1180.088,,,1.0,14.0
2026-08-06 14:59:39.003,300044,45012,150017792,1180.096029,,2410.037,0x00,0x00,CURRENT,1,0,OK,0.3,0.3,45.0,150.017,,1180.088,,,1.0,14.0
2026-08-06 14:59:40.317,299994,45005,150018560,1180.104139,,2411.351,0x00,0x00,CURRENT,1,0,OK,0.3,0.3,45.0,150.017,,1180.09,,,1.0,14.0
2026-08-06 14:59:41.132,299948,44997,150017872,1180.096874,,2412.166,0x00,0x00,CURRENT,1,0,OK,0.3,0.3,45.0,150.017,,1180.09,,,1.0,14.0
2026-08-06 14:59:41.966,300072,45016,150017744,1180.095522,,2413.000,0x00,0x00,CURRENT,1,0,OK,0.3,0.3,45.0,150.017,,1180.089,,,1.0,13.0
2026-08-06 14:59:42.853,300193,45034,150017200,1180.089778,,2413.887,0x00,0x00,CURRENT,1,0,OK,0.3,0.3,45.0,150.017,,1180.089,,,1.0,13.0
2026-08-06 14:59:43.668,300137,45026,150017168,1180.089440,,2414.702,0x00,0x00,CURRENT,1,0,OK,0.3,0.3,45.0,150.017,,1180.089,,,1.0,13.0
2026-08-06 14:59:44.502,300086,45018,150017184,1180.089609,,2415.536,0x00,0x00,CURRENT,1,0,OK,0.3,0.3,45.0,150.017,,1180.09,,,1.0,14.0
2026-08-06 14:59:45.354,300035,45010,150016896,1180.086567,,2416.388,0x00,0x00,CURRENT,1,0,OK,0.3,0.3,45.0,150.017,,1180.09,,,1.0,14.0
2026-08-06 14:59:46.188,299986,45003,150016512,1180.082512,,2417.222,0x00,0x00,CURRENT,1,0,OK,0.3,0.3,45.0,150.018,,1180.097,,,1.0,13.0
2026-08-06 14:59:47.003,300102,45020,150016336,1180.080654,,2418.037,0x00,0x00,CURRENT,1,0,OK,0.3,0.3,45.0,150.018,,1180.097,,,1.0,13.0
2026-08-06 14:59:48.317,300046,45012,150016416,1180.081499,,2419.351,0x00,0x00,CURRENT,1,0,OK,0.3,0.3,45.0,150.018,,1180.097,,,1.0,14.0
2026-08-06 14:59:49.132,299990,45003,150016512,1180.082512,,2420.166,0x00,0x00,CURRENT,1,0,OK,0.3,0.3,45.0,150.018,,1180.097,,,1.0,14.0
2026-08-06 14:59:49.966,299930,44994,150016288,1180.080147,,2421.000,0x00,0x00,CURRENT,1,0,OK,0.3,0.3,45.0,150.017,,1180.09,,,1.0,14.0
2026-08-06 14:59:50.853,299878,44986,150015840,1180.075416,,2421.887,0x00,0x00,CURRENT,1,0,OK,0.3,0.3,45.0,150.017,,1180.09,,,1.0,14.0
2026-08-06 14:59:51.668,299998,45004,150015776,1180.074741,,2422.702,0x00,0x00,CURRENT,1,0,OK,0.3,0.3,45.0,150.017,,1180.09,,,1.0,14.0
2026-08-06 14:59:52.502,299947,44997,150015968,1180.076768,,2423.536,0x00,0x00,CURRENT,1,0,OK,0.3,0.3,45.0,150.017,,1180.092,,,1.0,14.0
2026-08-06 14:59:53.353,299899,44990,150016096,1180.078120,,2424.387,0x00,0x00,CURRENT,1,0,OK,0.3,0.3,45.0,150.017,,1180.092,,,1.0,14.0
2026-08-06 14:59:54.187,300026,45009,150016224,1180.079471,,2425.221,0x00,0x00,CURRENT,1,0,OK,0.3,0.3,45.0,150.016,,1180.08,,,1.0,13.0
2026-08-06 14:59:55.002,299980,45002,150016256,1180.079809,,2426.036,0x00,0x00,CURRENT,1,0,OK,0.3,0.3,45.0,150.016,,1180.08,,,1.0,13.0
2026-08-06 14:59:56.316,300106,45020,150015488,1180.071699,,2427.350,0x00,0x00,CURRENT,1,0,OK,0.3,0.3,45.0,150.017,,1180.085,,,1.0,14.0
2026-08-06 14:59:57.131,300052,45012,150015472,1180.071530,,2428.165,0x00,0x00,CURRENT,1,0,OK,0.3,0.3,45.0,150.017,,1180.085,,,1.0,14.0
2026-08-06 14:59:57.965,299993,45004,150015584,1180.072713,,2428.999,0x00,0x00,CURRENT,1,0,OK,0.3,0.3,45.0,150.016,,1180.079,,,1.0,14.0
2026-08-06 14:59:58.853,299947,44997,150015232,1180.068996,,2429.887,0x00,0x00,CURRENT,1,0,OK,0.3,0.3,45.0,150.016,,1180.079,,,1.0,14.0
2026-08-06 14:59:59.668,299903,44990,150015232,1180.068996,,2430.702,0x00,0x00,CURRENT,1,0,OK,0.3,0.3,45.0,150.016,,1180.079,,,1.0,14.0
2026-08-06 15:00:00.502,300043,45011,150015616,1180.073051,,2431.536,0x00,0x00,CURRENT,1,0,OK,0.3,0.3,45.0,150.016,,1180.08,,,1.0,13.0
2026-08-06 15:00:01.354,300166,45029,150014848,1180.064941,,2432.387,0x00,0x00,CURRENT,1,0,OK,0.3,0.3,45.0,150.016,,1180.08,,,1.0,13.0
2026-08-06 15:00:02.188,300111,45021,150015328,1180.070010,,2433.221,0x00,0x00,CURRENT,1,0,OK,0.3,0.3,45.0,150.017,,1180.085,,,1.0,14.0
2026-08-06 15:00:03.003,300057,45013,150015568,1180.072544,,2434.037,0x00,0x00,CURRENT,1,0,OK,0.3,0.3,45.0,150.017,,1180.085,,,1.0,14.0
2026-08-06 15:00:04.317,300002,45005,150015792,1180.074910,,2435.350,0x00,0x00,CURRENT,1,0,OK,0.3,0.3,45.0,150.017,,1180.088,,,1.0,14.0
2026-08-06 15:00:05.132,299961,44999,150016304,1180.080316,,2436.166,0x00,0x00,CURRENT,1,0,OK,0.3,0.3,45.0,150.017,,1180.088,,,1.0,14.0
2026-08-06 15:00:05.966,299915,44992,150016224,1180.079471,,2436.999,0x00,0x00,CURRENT,1,0,OK,0.3,0.3,45.0,150.017,,1180.088,,,1.0,13.0
2026-08-06 15:00:06.854,300040,45011,150015824,1180.075247,,2437.887,0x00,0x00,CURRENT,1,0,OK,0.3,0.3,45.0,150.017,,1180.088,,,1.0,13.0
2026-08-06 15:00:07.669,300166,45030,150015936,1180.076430,,2438.703,0x00,0x00,CURRENT,1,0,OK,0.3,0.3,45.0,150.017,,1180.088,,,1.0,13.0
2026-08-06 15:00:08.503,300287,45048,150016288,1180.080147,,2439.536,0x00,0x00,CURRENT,1,0,OK,0.3,0.3,45.0,150.018,,1180.094,,,1.0,14.0
2026-08-06 15:00:09.353,300226,45039,150015968,1180.076768,,2440.387,0x00,0x00,CURRENT,1,0,OK,0.3,0.3,45.0,150.018,,1180.094,,,1.0,14.0
2026-08-06 15:00:10.188,300167,45030,150016144,1180.078627,,2441.221,0x00,0x00,CURRENT,1,0,OK,0.3,0.3,45.0,150.017,,1180.092,,,1.0,14.0
2026-08-06 15:00:11.002,300113,45022,150016080,1180.077951,,2442.036,0x00,0x00,CURRENT,1,0,OK,0.3,0.3,45.0,150.017,,1180.092,,,1.0,14.0
2026-08-06 15:00:12.316,300060,45014,150015920,1180.076261,,2443.350,0x00,0x00,CURRENT,1,0,OK,0.3,0.3,45.0,150.017,,1180.093,,,1.0,14.0
2026-08-06 15:00:13.132,300016,45007,150015808,1180.075078,,2444.165,0x00,0x00,CURRENT,1,0,OK,0.3,0.3,45.0,150.017,,1180.093,,,1.0,14.0
2026-08-06 15:00:13.965,299971,45000,150015344,1180.070179,,2444.999,0x00,0x00,CURRENT,1,0,OK,0.3,0.3,45.0,150.017,,1180.087,,,1.0,13.0
2026-08-06 15:00:14.853,299934,44995,150015376,1180.070517,,2445.886,0x00,0x00,CURRENT,1,0,OK,0.3,0.3,45.0,150.017,,1180.087,,,1.0,13.0
2026-08-06 15:00:15.667,299888,44988,150015424,1180.071024,,2446.701,0x00,0x00,CURRENT,1,0,OK,0.3,0.3,45.0,150.017,,1180.087,,,1.0,13.0
2026-08-06 15:00:16.502,299844,44981,150016144,1180.078627,,2447.535,0x00,0x00,CURRENT,1,0,OK,0.3,0.3,45.0,150.018,,1180.101,,,1.0,13.0
2026-08-06 15:00:17.355,299975,45001,150015760,1180.074572,,2448.388,0x00,0x00,CURRENT,1,0,OK,0.3,0.3,45.0,150.018,,1180.101,,,1.0,13.0
2026-08-06 15:00:18.189,300103,45020,150015696,1180.073896,,2449.222,0x00,0x00,CURRENT,1,0,OK,0.3,0.3,45.0,150.018,,1180.098,,,1.0,13.0
2026-08-06 15:00:19.004,300220,45038,150015504,1180.071868,,2450.038,0x00,0x00,CURRENT,1,0,OK,0.3,0.3,45.0,150.018,,1180.098,,,1.0,13.0
2026-08-06 15:00:20.317,300150,45027,150015968,1180.076768,,2451.351,0x00,0x00,CURRENT,1,0,OK,0.3,0.3,45.0,150.018,,1180.095,,,1.0,14.0
2026-08-06 15:00:21.133,300092,45019,150016176,1180.078964,,2452.166,0x00,0x00,CURRENT,1,0,OK,0.3,0.3,45.0,150.018,,1180.095,,,1.0,14.0
2026-08-06 15:00:21.966,300042,45011,150015952,1180.076599,,2453.000,0x00,0x00,CURRENT,1,0,OK,0.3,0.3,45.0,150.017,,1180.087,,,1.0,14.0
2026-08-06 15:00:22.854,299993,45004,150015424,1180.071024,,2453.888,0x00,0x00,CURRENT,1,0,OK,0.3,0.3,45.0,150.017,,1180.087,,,1.0,14.0
2026-08-06 15:00:23.669,299948,44997,150015280,1180.069503,,2454.702,0x00,0x00,CURRENT,1,0,OK,0.3,0.3,45.0,150.017,,1180.087,,,1.0,14.0
2026-08-06 15:00:24.503,299904,44990,150015312,1180.069841,,2455.536,0x00,0x00,CURRENT,1,0,OK,0.3,0.3,45.0,150.017,,1180.086,,,1.0,14.0
2026-08-06 15:00:25.353,299866,44985,150015408,1180.070855,,2456.387,0x00,0x00,CURRENT,1,0,OK,0.3,0.3,45.0,150.017,,1180.086,,,1.0,14.0
2026-08-06 15:00:26.187,299834,44980,150015552,1180.072375,,2457.221,0x00,0x00,CURRENT,1,0,OK,0.3,0.3,45.0,150.016,,1180.082,,,1.0,13.0
2026-08-06 15:00:27.002,299791,44973,150015840,1180.075416,,2458.036,0x00,0x00,CURRENT,1,0,OK,0.3,0.3,45.0,150.016,,1180.082,,,1.0,13.0
2026-08-06 15:00:28.316,299761,44969,150015968,1180.076768,,2459.350,0x00,0x00,CURRENT,1,0,OK,0.3,0.3,45.0,150.016,,1180.081,,,1.0,13.0
2026-08-06 15:00:29.131,299902,44990,150015488,1180.071699,,2460.165,0x00,0x00,CURRENT,1,0,OK,0.3,0.3,45.0,150.016,,1180.081,,,1.0,13.0
2026-08-06 15:00:29.965,300032,45009,150015648,1180.073389,,2460.999,0x00,0x00,CURRENT,1,0,OK,0.3,0.3,45.0,150.016,,1180.076,,,1.0,13.0
2026-08-06 15:00:30.853,300160,45029,150015520,1180.072037,,2461.887,0x00,0x00,CURRENT,1,0,OK,0.3,0.3,45.0,150.016,,1180.076,,,1.0,13.0
2026-08-06 15:00:31.668,300102,45020,150015952,1180.076599,,2462.702,0x00,0x00,CURRENT,1,0,OK,0.3,0.3,45.0,150.016,,1180.076,,,1.0,13.0
2026-08-06 15:00:32.502,300054,45013,150016016,1180.077275,,2463.536,0x00,0x00,CURRENT,1,0,OK,0.3,0.3,45.0,150.015,,1180.064,,,1.0,14.0
2026-08-06 15:00:33.353,300010,45006,150015920,1180.076261,,2464.387,0x00,0x00,CURRENT,1,0,OK,0.3,0.3,45.0,150.015,,1180.064,,,1.0,14.0
2026-08-06 15:00:34.187,299964,44999,150015840,1180.075416,,2465.221,0x00,0x00,CURRENT,1,0,OK,0.3,0.3,45.0,150.015,,1180.062,,,1.0,14.0
2026-08-06 15:00:35.002,299921,44993,150015328,1180.070010,,2466.036,0x00,0x00,CURRENT,1,0,OK,0.3,0.3,45.0,150.015,,1180.062,,,1.0,14.0
2026-08-06 15:00:36.316,299887,44988,150015248,1180.069165,,2467.350,0x00,0x00,CURRENT,1,0,OK,0.3,0.3,45.0,150.015,,1180.07,,,1.0,13.0
2026-08-06 15:00:37.131,300026,45008,150015072,1180.067307,,2468.165,0x00,0x00,CURRENT,1,0,OK,0.3,0.3,45.0,150.015,,1180.07,,,1.0,13.0
2026-08-06 15:00:37.965,299983,45002,150015312,1180.069841,,2468.999,0x00,0x00,CURRENT,1,0,OK,0.3,0.3,45.0,150.016,,1180.073,,,1.0,14.0
2026-08-06 15:00:38.853,300112,45021,150015392,1180.070686,,2469.887,0x00,0x00,CURRENT,1,0,OK,0.3,0.3,45.0,150.016,,1180.073,,,1.0,14.0
2026-08-06 15:00:39.668,300061,45014,150015312,1180.069841,,2470.702,0x00,0x00,CURRENT,1,0,OK,0.3,0.3,45.0,150.016,,1180.073,,,1.0,14.0
2026-08-06 15:00:40.502,300016,45007,150015568,1180.072544,,2471.536,0x00,0x00,CURRENT,1,0,OK,0.3,0.3,45.0,150.015,,1180.068,,,1.0,14.0
2026-08-06 15:00:41.353,299972,45001,150015904,1180.076092,,2472.387,0x00,0x00,CURRENT,1,0,OK,0.3,0.3,45.0,150.015,,1180.068,,,1.0,14.0
2026-08-06 15:00:42.187,299931,44994,150016224,1180.079471,,2473.221,0x00,0x00,CURRENT,1,0,OK,0.3,0.3,45.0,150.016,,1180.08,,,1.0,13.0
2026-08-06 15:00:43.002,299894,44989,150016288,1180.080147,,2474.036,0x00,0x00,CURRENT,1,0,OK,0.3,0.3,45.0,150.016,,1180.08,,,1.0,13.0
2026-08-06 15:00:44.316,299863,44984,150016000,1180.077106,,2475.350,0x00,0x00,CURRENT,1,0,OK,0.3,0.3,45.0,150.017,,1180.084,,,1.0,13.0
2026-08-06 15:00:45.131,299828,44979,150015888,1180.075923,,2476.165,0x00,0x00,CURRENT,1,0,OK,0.3,0.3,45.0,150.017,,1180.084,,,1.0,13.0
2026-08-06 15:00:45.965,299957,44999,150017056,1180.088257,,2476.999,0x00,0x00,CURRENT,1,0,OK,0.3,0.3,45.0,150.017,,1180.086,,,1.0,13.0
2026-08-06 15:00:46.854,299916,44993,150016976,1180.087412,,2477.888,0x00,0x00,CURRENT,1,0,OK,0.3,0.3,45.0,150.017,,1180.086,,,1.0,13.0
2026-08-06 15:00:47.669,299880,44987,150017072,1180.088426,,2478.703,0x00,0x00,CURRENT,1,0,OK,0.3,0.3,45.0,150.017,,1180.086,,,1.0,13.0
2026-08-06 15:00:48.503,299842,44982,150017344,1180.091298,,2479.537,0x00,0x00,CURRENT,1,0,OK,0.3,0.3,45.0,150.018,,1180.094,,,1.0,14.0
2026-08-06 15:00:49.354,299978,45002,150017056,1180.088257,,2480.388,0x00,0x00,CURRENT,1,0,OK,0.3,0.3,45.0,150.018,,1180.094,,,1.0,14.0
2026-08-06 15:00:50.188,299942,44997,150017296,1180.090791,,2481.222,0x00,0x00,CURRENT,1,0,OK,0.3,0.3,45.0,150.017,,1180.091,,,1.0,14.0
2026-08-06 15:00:51.003,299907,44991,150017184,1180.089609,,2482.037,0x00,0x00,CURRENT,1,0,OK,0.3,0.3,45.0,150.017,,1180.091,,,1.0,14.0
2026-08-06 15:00:52.317,299874,44986,150016640,1180.083864,,2483.351,0x00,0x00,CURRENT,1,0,OK,0.3,0.3,45.0,150.017,,1180.09,,,1.0,14.0
2026-08-06 15:00:53.132,300010,45006,150015648,1180.073389,,2484.166,0x00,0x00,CURRENT,1,0,OK,0.3,0.3,45.0,150.017,,1180.09,,,1.0,14.0
2026-08-06 15:00:53.966,299968,45000,150015664,1180.073558,,2485.000,0x00,0x00,CURRENT,1,0,OK,0.3,0.3,45.0,150.017,,1180.089,,,1.0,14.0
2026-08-06 15:00:54.854,299925,44993,150015312,1180.069841,,2485.888,0x00,0x00,CURRENT,1,0,OK,0.3,0.3,45.0,150.017,,1180.089,,,1.0,14.0
2026-08-06 15:00:55.669,299881,44987,150015584,1180.072713,,2486.702,0x00,0x00,CURRENT,1,0,OK,0.3,0.3,45.0,150.017,,1180.089,,,1.0,14.0
2026-08-06 15:00:56.503,300011,45006,150015904,1180.076092,,2487.537,0x00,0x00,CURRENT,1,0,OK,0.3,0.3,45.0,150.017,,1180.087,,,1.0,13.0
2026-08-06 15:00:57.353,300131,45024,150015440,1180.071193,,2488.387,0x00,0x00,CURRENT,1,0,OK,0.3,0.3,45.0,150.017,,1180.087,,,1.0,13.0
2026-08-06 15:00:58.187,300078,45016,150015392,1180.070686,,2489.221,0x00,0x00,CURRENT,1,0,OK,0.3,0.3,45.0,150.017,,1180.087,,,1.0,14.0
2026-08-06 15:00:59.002,300024,45008,150015744,1180.074403,,2490.035,0x00,0x00,CURRENT,1,0,OK,0.3,0.3,45.0,150.017,,1180.087,,,1.0,14.0
2026-08-06 15:01:00.316,299984,45002,150015424,1180.071024,,2491.349,0x00,0x00,CURRENT,1,0,OK,0.3,0.3,45.0,150.017,,1180.087,,,1.0,14.0
2026-08-06 15:01:01.131,299940,44996,150015648,1180.073389,,2492.165,0x00,0x00,CURRENT,1,0,OK,0.3,0.3,45.0,150.017,,1180.087,,,1.0,14.0
2026-08-06 15:01:01.965,299900,44990,150015344,1180.070179,,2492.999,0x00,0x00,CURRENT,1,0,OK,0.3,0.3,45.0,150.017,,1180.083,,,1.0,13.0
2026-08-06 15:01:02.854,299859,44983,150014992,1180.066462,,2493.888,0x00,0x00,CURRENT,1,0,OK,0.3,0.3,45.0,150.017,,1180.083,,,1.0,13.0
2026-08-06 15:01:03.669,299987,45003,150015248,1180.069165,,2494.703,0x00,0x00,CURRENT,1,0,OK,0.3,0.3,45.0,150.017,,1180.083,,,1.0,13.0
2026-08-06 15:01:04.503,300111,45021,150014688,1180.063252,,2495.536,0x00,0x00,CURRENT,1,0,OK,0.3,0.3,45.0,150.017,,1180.089,,,1.0,13.0
2026-08-06 15:01:05.354,300232,45039,150014288,1180.059028,,2496.387,0x00,0x00,CURRENT,1,0,OK,0.3,0.3,45.0,150.017,,1180.089,,,1.0,13.0
2026-08-06 15:01:06.188,300174,45030,150014064,1180.056662,,2497.222,0x00,0x00,CURRENT,1,0,OK,0.3,0.3,45.0,150.017,,1180.093,,,1.0,14.0
2026-08-06 15:01:07.003,300125,45023,150014416,1180.060379,,2498.036,0x00,0x00,CURRENT,1,0,OK,0.3,0.3,45.0,150.017,,1180.093,,,1.0,14.0
2026-08-06 15:01:08.317,300083,45017,150014016,1180.056156,,2499.350,0x00,0x00,CURRENT,1,0,OK,0.3,0.3,45.0,150.017,,1180.09,,,1.0,14.0
2026-08-06 15:01:09.132,300040,45010,150014128,1180.057338,,2500.166,0x00,0x00,CURRENT,1,0,OK,0.3,0.3,45.0,150.017,,1180.09,,,1.0,14.0
2026-08-06 15:01:09.965,299994,45003,150014352,1180.059704,,2500.999,0x00,0x00,CURRENT,1,0,OK,0.3,0.3,45.0,150.017,,1180.087,,,1.0,14.0
2026-08-06 15:01:10.854,299949,44997,150014272,1180.058859,,2501.887,0x00,0x00,CURRENT,1,0,OK,0.3,0.3,45.0,150.017,,1180.087,,,1.0,14.0
2026-08-06 15:01:11.668,299913,44991,150013744,1180.053283,,2502.702,0x00,0x00,CURRENT,1,0,OK,0.3,0.3,45.0,150.017,,1180.087,,,1.0,14.0
2026-08-06 15:01:12.503,299875,44985,150013712,1180.052945,,2503.536,0x00,0x00,CURRENT,1,0,OK,0.3,0.3,45.0,150.017,,1180.087,,,1.0,13.0
2026-08-06 15:01:13.353,299844,44981,150013648,1180.052270,,2504.386,0x00,0x00,CURRENT,1,0,OK,0.3,0.3,45.0,150.017,,1180.087,,,1.0,13.0
2026-08-06 15:01:14.187,299980,45001,150013152,1180.047032,,2505.220,0x00,0x00,CURRENT,1,0,OK,0.3,0.3,45.0,150.017,,1180.085,,,1.0,13.0
2026-08-06 15:01:15.001,300093,45018,150013296,1180.048553,,2506.035,0x00,0x00,CURRENT,1,0,OK,0.3,0.3,45.0,150.017,,1180.085,,,1.0,13.0
2026-08-06 15:01:16.316,300043,45011,150013600,1180.051763,,2507.349,0x00,0x00,CURRENT,1,0,OK,0.3,0.3,45.0,150.017,,1180.084,,,1.0,14.0
2026-08-06 15:01:17.131,299997,45004,150014048,1180.056493,,2508.164,0x00,0x00,CURRENT,1,0,OK,0.3,0.3,45.0,150.017,,1180.084,,,1.0,14.0
2026-08-06 15:01:17.964,299952,44997,150014432,1180.060548,,2508.998,0x00,0x00,CURRENT,1,0,OK,0.3,0.3,45.0,150.016,,1180.081,,,1.0,14.0
2026-08-06 15:01:18.854,299915,44992,150014576,1180.062069,,2509.887,0x00,0x00,CURRENT,1,0,OK,0.3,0.3,45.0,150.016,,1180.081,,,1.0,14.0
2026-08-06 15:01:19.668,299879,44986,150014672,1180.063083,,2510.702,0x00,0x00,CURRENT,1,0,OK,0.3,0.3,45.0,150.016,,1180.081,,,1.0,14.0
2026-08-06 15:01:20.502,299832,44979,150014480,1180.061055,,2511.536,0x00,0x00,CURRENT,1,0,OK,0.3,0.3,45.0,150.015,,1180.07,,,1.0,13.0
2026-08-06 15:01:21.352,299793,44973,150014368,1180.059873,,2512.386,0x00,0x00,CURRENT,1,0,OK,0.3,0.3,45.0,150.015,,1180.07,,,1.0,13.0
2026-08-06 15:01:22.187,299754,44967,150014672,1180.063083,,2513.220,0x00,0x00,CURRENT,1,0,OK,0.3,0.3,45.0,150.015,,1180.069,,,1.0,13.0
2026-08-06 15:01:23.002,299879,44986,150014896,1180.065448,,2514.035,0x00,0x00,CURRENT,1,0,OK,0.3,0.3,45.0,150.015,,1180.069,,,1.0,13.0
2026-08-06 15:01:24.315,300009,45006,150014240,1180.058521,,2515.349,0x00,0x00,CURRENT,1,0,OK,0.3,0.3,45.0,150.015,,1180.063,,,1.0,13.0
2026-08-06 15:01:25.131,299959,44998,150014256,1180.058690,,2516.164,0x00,0x00,CURRENT,1,0,OK,0.3,0.3,45.0,150.015,,1180.063,,,1.0,13.0
2026-08-06 15:01:25.964,299916,44992,150014352,1180.059704,,2516.998,0x00,0x00,CURRENT,1,0,OK,0.3,0.3,45.0,150.015,,1180.069,,,1.0,14.0
2026-08-06 15:01:26.853,299874,44985,150014272,1180.058859,,2517.887,0x00,0x00,CURRENT,1,0,OK,0.3,0.3,45.0,150.015,,1180.069,,,1.0,14.0
2026-08-06 15:01:27.668,299835,44980,150014112,1180.057169,,2518.702,0x00,0x00,CURRENT,1,0,OK,0.3,0.3,45.0,150.015,,1180.069,,,1.0,14.0
2026-08-06 15:01:28.503,299805,44975,150014128,1180.057338,,2519.537,0x00,0x00,CURRENT,1,0,OK,0.3,0.3,45.0,150.015,,1180.065,,,1.0,14.0
2026-08-06 15:01:29.355,299775,44971,150014320,1180.059366,,2520.388,0x00,0x00,CURRENT,1,0,OK,0.3,0.3,45.0,150.015,,1180.065,,,1.0,14.0
2026-08-06 15:01:30.188,299747,44967,150014960,1180.066124,,2521.222,0x00,0x00,CURRENT,1,0,OK,0.3,0.3,45.0,150.015,,1180.065,,,1.0,13.0
2026-08-06 15:01:31.003,299713,44961,150014960,1180.066124,,2522.037,0x00,0x00,CURRENT,1,0,OK,0.3,0.3,45.0,150.015,,1180.065,,,1.0,13.0
2026-08-06 15:01:32.317,299845,44981,150014848,1180.064941,,2523.351,0x00,0x00,CURRENT,1,0,OK,0.3,0.3,45.0,150.016,,1180.075,,,1.0,13.0
2026-08-06 15:01:33.132,299976,45001,150015056,1180.067138,,2524.166,0x00,0x00,CURRENT,1,0,OK,0.3,0.3,45.0,150.016,,1180.075,,,1.0,13.0
2026-08-06 15:01:33.967,299933,44994,150015120,1180.067813,,2525.000,0x00,0x00,CURRENT,1,0,OK,0.3,0.3,45.0,150.016,,1180.074,,,1.0,14.0
2026-08-06 15:01:34.854,299893,44988,150014912,1180.065617,,2525.888,0x00,0x00,CURRENT,1,0,OK,0.3,0.3,45.0,150.016,,1180.074,,,1.0,14.0
2026-08-06 15:01:35.669,299849,44982,150015392,1180.070686,,2526.703,0x00,0x00,CURRENT,1,0,OK,0.3,0.3,45.0,150.016,,1180.074,,,1.0,14.0
2026-08-06 15:01:36.503,299816,44977,150014656,1180.062914,,2527.537,0x00,0x00,CURRENT,1,0,OK,0.3,0.3,45.0,150.015,,1180.07,,,1.0,14.0
2026-08-06 15:01:37.353,299780,44971,150014656,1180.062914,,2528.387,0x00,0x00,CURRENT,1,0,OK,0.3,0.3,45.0,150.015,,1180.07,,,1.0,14.0
2026-08-06 15:01:38.187,299750,44967,150014256,1180.058690,,2529.221,0x00,0x00,CURRENT,1,0,OK,0.3,0.3,45.0,150.016,,1180.072,,,1.0,13.0
2026-08-06 15:01:39.002,299715,44962,150014384,1180.060041,,2530.036,0x00,0x00,CURRENT,1,0,OK,0.3,0.3,45.0,150.016,,1180.072,,,1.0,13.0
2026-08-06 15:01:40.316,299847,44981,150014432,1180.060548,,2531.350,0x00,0x00,CURRENT,1,0,OK,0.3,0.3,45.0,150.016,,1180.076,,,1.0,13.0
2026-08-06 15:01:41.131,299976,45001,150014224,1180.058352,,2532.165,0x00,0x00,CURRENT,1,0,OK,0.3,0.3,45.0,150.016,,1180.076,,,1.0,13.0
2026-08-06 15:01:41.966,300108,45021,150015024,1180.066800,,2532.999,0x00,0x00,CURRENT,1,0,OK,0.3,0.3,45.0,150.016,,1180.077,,,1.0,14.0
2026-08-06 15:01:42.853,300051,45012,150015104,1180.067644,,2533.887,0x00,0x00,CURRENT,1,0,OK,0.3,0.3,45.0,150.016,,1180.077,,,1.0,14.0
2026-08-06 15:01:43.668,300006,45006,150015312,1180.069841,,2534.702,0x00,0x00,CURRENT,1,0,OK,0.3,0.3,45.0,150.016,,1180.077,,,1.0,14.0
2026-08-06 15:01:44.502,299957,44998,150015392,1180.070686,,2535.536,0x00,0x00,CURRENT,1,0,OK,0.3,0.3,45.0,150.015,,1180.07,,,1.0,14.0
2026-08-06 15:01:45.353,299916,44992,150015040,1180.066969,,2536.387,0x00,0x00,CURRENT,1,0,OK,0.3,0.3,45.0,150.015,,1180.07,,,1.0,14.0
2026-08-06 15:01:46.187,299875,44986,150015232,1180.068996,,2537.221,0x00,0x00,CURRENT,1,0,OK,0.3,0.3,45.0,150.015,,1180.07,,,1.0,13.0
2026-08-06 15:01:47.002,299838,44980,150015376,1180.070517,,2538.036,0x00,0x00,CURRENT,1,0,OK,0.3,0.3,45.0,150.015,,1180.07,,,1.0,13.0
2026-08-06 15:01:48.316,299972,45000,150015296,1180.069672,,2539.350,0x00,0x00,CURRENT,1,0,OK,0.3,0.3,45.0,150.015,,1180.071,,,1.0,13.0
2026-08-06 15:01:49.131,300103,45020,150015408,1180.070855,,2540.165,0x00,0x00,CURRENT,1,0,OK,0.3,0.3,45.0,150.015,,1180.071,,,1.0,13.0
2026-08-06 15:01:49.965,300058,45013,150015056,1180.067138,,2540.999,0x00,0x00,CURRENT,1,0,OK,0.3,0.3,45.0,150.015,,1180.066,,,1.0,14.0
2026-08-06 15:01:50.854,300009,45006,150015344,1180.070179,,2541.888,0x00,0x00,CURRENT,1,0,OK,0.3,0.3,45.0,150.015,,1180.066,,,1.0,14.0
2026-08-06 15:01:51.669,299966,45000,150015776,1180.074741,,2542.702,0x00,0x00,CURRENT,1,0,OK,0.3,0.3,45.0,150.015,,1180.066,,,1.0,14.0
2026-08-06 15:01:52.503,299927,44994,150015936,1180.076430,,2543.537,0x00,0x00,CURRENT,1,0,OK,0.3,0.3,45.0,150.016,,1180.077,,,1.0,13.0
2026-08-06 15:01:53.354,299897,44989,150015728,1180.074234,,2544.388,0x00,0x00,CURRENT,1,0,OK,0.3,0.3,45.0,150.016,,1180.077,,,1.0,13.0
2026-08-06 15:01:54.188,299857,44983,150015888,1180.075923,,2545.222,0x00,0x00,CURRENT,1,0,OK,0.3,0.3,45.0,150.016,,1180.073,,,1.0,13.0
2026-08-06 15:01:55.003,299994,45004,150016048,1180.077613,,2546.037,0x00,0x00,CURRENT,1,0,OK,0.3,0.3,45.0,150.016,,1180.073,,,1.0,13.0
2026-08-06 15:01:56.317,299959,44999,150015808,1180.075078,,2547.351,0x00,0x00,CURRENT,1,0,OK,0.3,0.3,45.0,150.016,,1180.072,,,1.0,14.0
2026-08-06 15:01:57.132,299921,44993,150016000,1180.077106,,2548.166,0x00,0x00,CURRENT,1,0,OK,0.3,0.3,45.0,150.016,,1180.072,,,1.0,14.0
2026-08-06 15:01:57.966,299893,44989,150016192,1180.079133,,2549.000,0x00,0x00,CURRENT,1,0,OK,0.3,0.3,45.0,150.016,,1180.077,,,1.0,14.0
